id,slug,name,name_original,description,metacritic,metacritic_platforms,released,tba,updated,background_image,background_image_additional,website,rating,rating_top,ratings,added,playtime,screenshots_count,movies_count,creators_count,achievements_count,parent_achievements_count,reddit_url,reddit_name,reddit_description,reddit_logo,reddit_count,twitch_count,youtube_count,reviews_text_count,ratings_count,suggestions_count,alternative_names,metacritic_url,parents_count,additions_count,game_series_count,user_game,reviews_count,saturated_color,dominant_color,parent_platforms,platforms,stores,developers,genres,tags,publishers,esrb_rating,clip,description_raw,added_by_status.yet,added_by_status.owned,added_by_status.beaten,added_by_status.toplay,added_by_status.dropped,added_by_status.playing,reactions.17,reactions.18,esrb_rating.id,esrb_rating.name,esrb_rating.slug,reactions,reactions.15,community_rating,reactions.13,reactions.7,reactions.6,added_by_status
28279,joust,Joust,Joust,"Description<br/>
<br/>
Solo development and the first game of the studio “Game Life” - “Joust” is an arcade simulator of knightly tournaments. Competition among players for the maximum passage of levels. PVP and PVE  tournaments for the title of ""Best Fighter.""<br/>
<br/>
Specifications:<br/>
<br/>
• Choose your character type<br/>
• Character development<br/>
• Receiving Various Weapons<br/>
• Various bosses<br/>
• Restriction on revival<br/>
• Unlimited levels<br/>
 <br/>
Each level gives you a chance to get a new weapon or revival point.<br/>
<br/>
Game development plans:<br/>
<br/>
1. Alfa - PVE arena battles, boss fights.<br/>
2. Beta - Open world (partially), PVE and the start of testing the PVP game mode.<br/>
3. Release - Fully open world, PVE and PVP game modes.",,[],1982-07-16,False,2023-10-29T01:02:59,https://media.rawg.io/media/screenshots/565/56504b28b184dbc630a7de118e39d822.jpg,https://media.rawg.io/media/screenshots/adb/adbcaa8e832c3857aa16048781ee692c.jpg,https://www.gamelifestudio.com,3.03,3,"[{'id': 3, 'title': 'meh', 'count': 14, 'percent': 48.28}, {'id': 4, 'title': 'recommended', 'count': 9, 'percent': 31.03}, {'id': 1, 'title': 'skip', 'count': 5, 'percent': 17.24}, {'id': 5, 'title': 'exceptional', 'count': 1, 'percent': 3.45}]",186,0,11,0,6,9,9,,,,,0,78,809610,0,29,188,[],,0,0,0,,29,0f0f0f,0f0f0f,"[{'platform': {'id': 1, 'name': 'PC', 'slug': 'pc'}}, {'platform': {'id': 3, 'name': 'Xbox', 'slug': 'xbox'}}, {'platform': {'id': 5, 'name': 'Apple Macintosh', 'slug': 'mac'}}, {'platform': {'id': 7, 'name': 'Nintendo', 'slug': 'nintendo'}}, {'platform': {'id': 9, 'name': 'Atari', 'slug': 'atari'}}]","[{'platform': {'id': 34, 'name': 'Atari ST', 'slug': 'atari-st', 'image': None, 'year_end': None, 'year_start': None, 'games_count': 836, 'image_background': 'https://media.rawg.io/media/games/637/637d7dc2f44d0f6ddd3ee2c0b1366962.jpg'}, 'released_at': '1982-07-16', 'requirements': {}}, {'platform': {'id': 55, 'name': 'Classic Macintosh', 'slug': 'macintosh', 'image': None, 'year_end': None, 'year_start': None, 'games_count': 675, 'image_background': 'https://media.rawg.io/media/games/38a/38af969459ad6e5de116ec8a4a84218c.jpg'}, 'released_at': '1982-07-16', 'requirements': {}}, {'platform': {'id': 31, 'name': 'Atari 5200', 'slug': 'atari-5200', 'image': None, 'year_end': None, 'year_start': None, 'games_count': 64, 'image_background': 'https://media.rawg.io/media/screenshots/678/6786598cba3939d48ed60cbd1a3723f4.jpg'}, 'released_at': '1982-07-16', 'requirements': {}}, {'platform': {'id': 41, 'name': 'Apple II', 'slug': 'apple-ii', 'image': None, 'year_end': None, 'year_start': None, 'games_count': 424, 'image_background': 'https://media.rawg.io/media/screenshots/3d2/3d2bb57b39e2efa39d1c385585b2ea8b.jpg'}, 'released_at': '1982-07-16', 'requirements': {}}, {'platform': {'id': 25, 'name': 'Atari 8-bit', 'slug': 'atari-8-bit', 'image': None, 'year_end': None, 'year_start': None, 'games_count': 308, 'image_background': 'https://media.rawg.io/media/screenshots/038/0385a47d3a43b218204268af5361a19e.jpg'}, 'released_at': '1982-07-16', 'requirements': {}}, {'platform': {'id': 26, 'name': 'Game Boy', 'slug': 'game-boy', 'image': None, 'year_end': None, 'year_start': None, 'games_count': 617, 'image_background': 'https://media.rawg.io/media/games/057/0573c1c9e1f2414c1f4acabe86ee9fd9.jpg'}, 'released_at': '1982-07-16', 'requirements': {}}, {'platform': {'id': 28, 'name': 'Atari 7800', 'slug': 'atari-7800', 'image': None, 'year_end': None, 'year_start': None, 'games_count': 64, 'image_background': 'https://media.rawg.io/media/screenshots/565/56504b28b184dbc630a7de118e39d822.jpg'}, 'released_at': '1982-07-16', 'requirements': {}}, {'platform': {'id': 49, 'name': 'NES', 'slug': 'nes', 'image': None, 'year_end': None, 'year_start': None, 'games_count': 1015, 'image_background': 'https://media.rawg.io/media/games/7c5/7c50dd0415eb0a57505c58d4e50e4d24.jpg'}, 'released_at': '1982-07-16', 'requirements': {}}, {'platform': {'id': 23, 'name': 'Atari 2600', 'slug': 'atari-2600', 'image': None, 'year_end': None, 'year_start': None, 'games_count': 294, 'image_background': 'https://media.rawg.io/media/screenshots/ff6/ff623993a854663931c1e78d72a16a5a.jpg'}, 'released_at': '1982-07-16', 'requirements': {}}, {'platform': {'id': 14, 'name': 'Xbox 360', 'slug': 'xbox360', 'image': None, 'year_end': None, 'year_start': None, 'games_count': 2805, 'image_background': 'https://media.rawg.io/media/games/4a0/4a0a1316102366260e6f38fd2a9cfdce.jpg'}, 'released_at': '2005-11-22', 'requirements': {}}, {'platform': {'id': 4, 'name': 'PC', 'slug': 'pc', 'image': None, 'year_end': None, 'year_start': None, 'games_count': 547196, 'image_background': 'https://media.rawg.io/media/games/6fc/6fcf4cd3b17c288821388e6085bb0fc9.jpg'}, 'released_at': '1983-01-01', 'requirements': {'minimum': 'Minimum:\nOS: Windows 7/Vista/8/10\nProcessor: 2.2 GHz\nMemory: 2 GB RAM\nGraphics: Intel HD Graphics 4000 / AMD Radeon 46XX / NVIDIA GeForce GT 520 (DirectX 10.1 level video card and drivers, The minimum supported resolution for the game is 720p)\nDirectX: Version 10\nNetwork: Broadband Internet connection\nStorage: 2 GB available space', 'recommended': 'Recommended:\nOS: Windows 7 64bit /Vista 64bit /8 64bit /10 64bit\nProcessor: Intel Core i5\nMemory: 4 GB RAM\nGraphics: NVIDIA GeForce GTX 650 or higher, AMD Radeon series 77XX or higher (DirectX 11 level video card and drivers)\nDirectX: Version 11\nNetwork: Broadband Internet connection\nStorage: 2 GB available space'}}]","[{'id': 33262, 'url': '', 'store': {'id': 7, 'name': 'Xbox 360 Store', 'slug': 'xbox360', 'domain': 'marketplace.xbox.com', 'games_count': 1915, 'image_background': 'https://media.rawg.io/media/games/7cf/7cfc9220b401b7a300e409e539c9afd5.jpg'}}, {'id': 274269, 'url': '', 'store': {'id': 1, 'name': 'Steam', 'slug': 'steam', 'domain': 'store.steampowered.com', 'games_count': 110181, 'image_background': 'https://media.rawg.io/media/games/7fa/7fa0b586293c5861ee32490e953a4996.jpg'}}]","[{'id': 4245, 'name': 'Digital Eclipse', 'slug': 'digital-eclipse', 'games_count': 68, 'image_background': 'https://media.rawg.io/media/screenshots/733/733e106391a2ffdbd338cfa83bbeec2c.jpg'}, {'id': 25942, 'name': 'WMS Industries', 'slug': 'wms-industries', 'games_count': 5, 'image_background': 'https://media.rawg.io/media/screenshots/565/56504b28b184dbc630a7de118e39d822.jpg'}, {'id': 15124, 'name': 'Williams Electronics', 'slug': 'williams-electronics', 'games_count': 4, 'image_background': 'https://media.rawg.io/media/screenshots/746/74611799f79eb84894560bece6215dfd.jpg'}, {'id': 110914, 'name': 'Game Life Studio', 'slug': 'game-life-studio', 'games_count': 1, 'image_background': 'https://media.rawg.io/media/screenshots/565/56504b28b184dbc630a7de118e39d822.jpg'}]","[{'id': 4, 'name': 'Action', 'slug': 'action', 'games_count': 186608, 'image_background': 'https://media.rawg.io/media/games/618/618c2031a07bbff6b4f611f10b6bcdbc.jpg'}, {'id': 3, 'name': 'Adventure', 'slug': 'adventure', 'games_count': 146481, 'image_background': 'https://media.rawg.io/media/games/b6b/b6b20bfc4b34e312dbc8aac53c95a348.jpg'}, {'id': 14, 'name': 'Simulation', 'slug': 'simulation', 'games_count': 73491, 'image_background': 'https://media.rawg.io/media/games/48c/48cb04ca483be865e3a83119c94e6097.jpg'}, {'id': 15, 'name': 'Sports', 'slug': 'sports', 'games_count': 22123, 'image_background': 'https://media.rawg.io/media/games/5eb/5eb49eb2fa0738fdb5bacea557b1bc57.jpg'}, {'id': 11, 'name': 'Arcade', 'slug': 'arcade', 'games_count': 22658, 'image_background': 'https://media.rawg.io/media/games/556/556157feed9ee1f55f2b12b2973e30a3.jpg'}, {'id': 40, 'name': 'Casual', 'slug': 'casual', 'games_count': 61303, 'image_background': 'https://media.rawg.io/media/games/e44/e445335e611b4ccf03af71fffcbd30a4.jpg'}, {'id': 59, 'name': 'Massively Multiplayer', 'slug': 'massively-multiplayer', 'games_count': 4024, 'image_background': 'https://media.rawg.io/media/games/f87/f87457e8347484033cb34cde6101d08d.jpg'}, {'id': 51, 'name': 'Indie', 'slug': 'indie', 'games_count': 76957, 'image_background': 'https://media.rawg.io/media/games/dd5/dd50d4266915d56dd5b63ae1bf72606a.jpg'}]","[{'id': 31, 'name': 'Singleplayer', 'slug': 'singleplayer', 'language': 'eng', 'games_count': 238404, 'image_background': 'https://media.rawg.io/media/games/26d/26d4437715bee60138dab4a7c8c59c92.jpg'}, {'id': 7, 'name': 'Multiplayer', 'slug': 'multiplayer', 'language': 'eng', 'games_count': 40505, 'image_background': 'https://media.rawg.io/media/games/021/021c4e21a1824d2526f925eff6324653.jpg'}, {'id': 36, 'name': 'Open World', 'slug': 'open-world', 'language': 'eng', 'games_count': 8493, 'image_background': 'https://media.rawg.io/media/games/5c0/5c0dd63002cb23f804aab327d40ef119.jpg'}, {'id': 411, 'name': 'cooperative', 'slug': 'cooperative', 'language': 'eng', 'games_count': 5855, 'image_background': 'https://media.rawg.io/media/games/1bd/1bd2657b81eb0c99338120ad444b24ff.jpg'}, {'id': 149, 'name': 'Third Person', 'slug': 'third-person', 'language': 'eng', 'games_count': 13253, 'image_background': 'https://media.rawg.io/media/games/00d/00d374f12a3ab5f96c500a2cfa901e15.jpg'}, {'id': 40845, 'name': 'Partial Controller Support', 'slug': 'partial-controller-support', 'language': 'eng', 'games_count': 12999, 'image_background': 'https://media.rawg.io/media/games/587/587588c64afbff80e6f444eb2e46f9da.jpg'}, {'id': 64, 'name': 'Fantasy', 'slug': 'fantasy', 'language': 'eng', 'games_count': 30627, 'image_background': 'https://media.rawg.io/media/games/6fc/6fcf4cd3b17c288821388e6085bb0fc9.jpg'}, {'id': 37, 'name': 'Sandbox', 'slug': 'sandbox', 'language': 'eng', 'games_count': 7746, 'image_background': 'https://media.rawg.io/media/games/d69/d69810315bd7e226ea2d21f9156af629.jpg'}, {'id': 1, 'name': 'Survival', 'slug': 'survival', 'language': 'eng', 'games_count': 9884, 'image_background': 'https://media.rawg.io/media/games/b54/b54598d1d5cc31899f4f0a7e3122a7b0.jpg'}, {'id': 397, 'name': 'Online multiplayer', 'slug': 'online-multiplayer', 'language': 'eng', 'games_count': 3804, 'image_background': 'https://media.rawg.io/media/games/21b/21babfc41e2a6972290833d1b860f13e.jpg'}, {'id': 14, 'name': 'Early Access', 'slug': 'early-access', 'language': 'eng', 'games_count': 17611, 'image_background': 'https://media.rawg.io/media/games/66e/66e90c9d7b9a17335b310ceb294e9365.jpg'}, {'id': 73, 'name': 'e-sports', 'slug': 'e-sports', 'language': 'eng', 'games_count': 80, 'image_background': 'https://media.rawg.io/media/games/cc7/cc77035eb972f179f5090ee2a0fabd99.jpg'}, {'id': 418, 'name': '2 players', 'slug': '2-players', 'language': 'eng', 'games_count': 1244, 'image_background': 'https://media.rawg.io/media/screenshots/f9a/f9ac59bb4af2ca2193ee9ffb979577cf.jpg'}]","[{'id': 11859, 'name': 'Atarisoft', 'slug': 'atarisoft', 'games_count': 7, 'image_background': 'https://media.rawg.io/media/screenshots/565/56504b28b184dbc630a7de118e39d822.jpg'}, {'id': 19413, 'name': 'Williams Electronics', 'slug': 'williams-electronics', 'games_count': 6, 'image_background': 'https://media.rawg.io/media/screenshots/d52/d52afddc37af47e86700b1e25b1c02fe.jpg'}, {'id': 30538, 'name': 'Game Life Studio', 'slug': 'game-life-studio', 'games_count': 1, 'image_background': 'https://media.rawg.io/media/screenshots/565/56504b28b184dbc630a7de118e39d822.jpg'}]",,,"Description
Solo development and the first game of the studio “Game Life” - “Joust” is an arcade simulator of knightly tournaments. Competition among players for the maximum passage of levels. PVP and PVE  tournaments for the title of ""Best Fighter.""
Specifications:
• Choose your character type
• Character development
• Receiving Various Weapons
• Various bosses
• Restriction on revival
• Unlimited levels

Each level gives you a chance to get a new weapon or revival point.
Game development plans:
1. Alfa - PVE arena battles, boss fights.
2. Beta - Open world (partially), PVE and the start of testing the PVP game mode.
3. Release - Fully open world, PVE and PVP game modes.",7.0,146.0,10.0,5.0,17.0,1.0,,,,,,,,,,,,
52513,donkey-kong-jr,Donkey Kong Jr.,Donkey Kong Jr.,"<p>Donkey Kong Jr. (ドンキーコングJR., Donkī Kongu Junia) is a 1982 arcade-style platform video game by Nintendo. It first appeared in arcades, and, over the course of the 1980s, was later released for a variety of platforms, most notably the Nintendo Entertainment System. The second installment in the Donkey Kong arcade series. The game&#39;s title is written out as Donkey Kong Junior in the North American arcade version and various ports to non-Nintendo systems. Its eponymous star, Donkey Kong Jr., also called simply Junior or abbreviated as DK Jr., is trying to rescue his father Donkey Kong, who has been imprisoned. Donkey Kong&#39;s cage is guarded by Mario, in his only appearance as an antagonist in a Nintendo video game. This game is the sequel to the video game Donkey Kong, which featured Mario as the hero and Junior&#39;s father as the villain.</p>",,[],1982-01-01,False,2025-02-28T16:26:47,https://media.rawg.io/media/screenshots/c0c/c0cbd6e03a304ba617afe3d3d593e55f.jpg,https://media.rawg.io/media/screenshots/adc/adca98bf8f7deaaf79ce2b0e2c655f23.jpg,,3.64,4,"[{'id': 4, 'title': 'recommended', 'count': 37, 'percent': 60.66}, {'id': 3, 'title': 'meh', 'count': 15, 'percent': 24.59}, {'id': 5, 'title': 'exceptional', 'count': 5, 'percent': 8.2}, {'id': 1, 'title': 'skip', 'count': 4, 'percent': 6.56}]",145,0,45,0,10,0,0,,,,,0,0,0,1,60,298,"['Donkey Kong Jr', 'Donkey Kong Jr.-e', 'Donkey Kong Junior', 'ドンキーコングJR.', 'ドンキーコングJR．']",,0,0,14,,61,0f0f0f,0f0f0f,"[{'platform': {'id': 7, 'name': 'Nintendo', 'slug': 'nintendo'}}, {'platform': {'id': 9, 'name': 'Atari', 'slug': 'atari'}}]","[{'platform': {'id': 8, 'name': 'Nintendo 3DS', 'slug': 'nintendo-3ds', 'image': None, 'year_end': None, 'year_start': None, 'games_count': 1682, 'image_background': 'https://media.rawg.io/media/screenshots/42d/42d770eb49f2ba01cd4045e0d92af7a9.jpg'}, 'released_at': '1982-01-01', 'requirements': {}}, {'platform': {'id': 11, 'name': 'Wii', 'slug': 'wii', 'image': None, 'year_end': None, 'year_start': None, 'games_count': 2209, 'image_background': 'https://media.rawg.io/media/games/9ca/9ca31615beee447f3ae1dc9b3b736dce.jpg'}, 'released_at': '1982-01-01', 'requirements': {}}, {'platform': {'id': 24, 'name': 'Game Boy Advance', 'slug': 'game-boy-advance', 'image': None, 'year_end': None, 'year_start': None, 'games_count': 950, 'image_background': 'https://media.rawg.io/media/games/98c/98c87b286cd2a2ba942167df384a9bd3.jpg'}, 'released_at': '1982-01-01', 'requirements': {}}, {'platform': {'id': 25, 'name': 'Atari 8-bit', 'slug': 'atari-8-bit', 'image': None, 'year_end': None, 'year_start': None, 'games_count': 308, 'image_background': 'https://media.rawg.io/media/screenshots/038/0385a47d3a43b218204268af5361a19e.jpg'}, 'released_at': '1982-01-01', 'requirements': {}}, {'platform': {'id': 28, 'name': 'Atari 7800', 'slug': 'atari-7800', 'image': None, 'year_end': None, 'year_start': None, 'games_count': 64, 'image_background': 'https://media.rawg.io/media/screenshots/565/56504b28b184dbc630a7de118e39d822.jpg'}, 'released_at': '1982-01-01', 'requirements': {}}, {'platform': {'id': 7, 'name': 'Nintendo Switch', 'slug': 'nintendo-switch', 'image': None, 'year_end': None, 'year_start': None, 'games_count': 5623, 'image_background': 'https://media.rawg.io/media/games/f99/f9979698c43fd84c3ab69280576dd3af.jpg'}, 'released_at': '1982-01-01', 'requirements': {}}, {'platform': {'id': 10, 'name': 'Wii U', 'slug': 'wii-u', 'image': None, 'year_end': None, 'year_start': None, 'games_count': 1114, 'image_background': 'https://media.rawg.io/media/games/85c/85c8ae70e7cdf0105f06ef6bdce63b8b.jpg'}, 'released_at': '1982-01-01', 'requirements': {}}, {'platform': {'id': 23, 'name': 'Atari 2600', 'slug': 'atari-2600', 'image': None, 'year_end': None, 'year_start': None, 'games_count': 294, 'image_background': 'https://media.rawg.io/media/screenshots/ff6/ff623993a854663931c1e78d72a16a5a.jpg'}, 'released_at': '1982-01-01', 'requirements': {}}, {'platform': {'id': 49, 'name': 'NES', 'slug': 'nes', 'image': None, 'year_end': None, 'year_start': None, 'games_count': 1015, 'image_background': 'https://media.rawg.io/media/games/7c5/7c50dd0415eb0a57505c58d4e50e4d24.jpg'}, 'released_at': '1982-01-01', 'requirements': {}}]","[{'id': 50221, 'url': '', 'store': {'id': 6, 'name': 'Nintendo Store', 'slug': 'nintendo', 'domain': 'nintendo.com', 'games_count': 9128, 'image_background': 'https://media.rawg.io/media/games/fc1/fc1307a2774506b5bd65d7e8424664a7.jpg'}}]","[{'id': 16257, 'name': 'Nintendo', 'slug': 'nintendo', 'games_count': 426, 'image_background': 'https://media.rawg.io/media/games/d9c/d9c8b7edc78391619566adfeb52b5a9a.jpg'}, {'id': 656, 'name': 'Atari', 'slug': 'atari', 'games_count': 137, 'image_background': 'https://media.rawg.io/media/games/0d2/0d2d6f345cd77639d65a235cb7dd0a21.jpg'}, {'id': 25974, 'name': 'Coleco', 'slug': 'coleco', 'games_count': 3, 'image_background': 'https://media.rawg.io/media/screenshots/716/716337c06f68bf15bbc619f8e293f83d.jpg'}]","[{'id': 4, 'name': 'Action', 'slug': 'action', 'games_count': 186608, 'image_background': 'https://media.rawg.io/media/games/618/618c2031a07bbff6b4f611f10b6bcdbc.jpg'}, {'id': 83, 'name': 'Platformer', 'slug': 'platformer', 'games_count': 100869, 'image_background': 'https://media.rawg.io/media/games/f8c/f8c6a262ead4c16b47e1219310210eb3.jpg'}]","[{'id': 31, 'name': 'Singleplayer', 'slug': 'singleplayer', 'language': 'eng', 'games_count': 238404, 'image_background': 'https://media.rawg.io/media/games/26d/26d4437715bee60138dab4a7c8c59c92.jpg'}, {'id': 7, 'name': 'Multiplayer', 'slug': 'multiplayer', 'language': 'eng', 'games_count': 40505, 'image_background': 'https://media.rawg.io/media/games/021/021c4e21a1824d2526f925eff6324653.jpg'}]","[{'id': 10681, 'name': 'Nintendo', 'slug': 'nintendo', 'games_count': 1235, 'image_background': 'https://media.rawg.io/media/games/dd1/dd167cf8753db3748a975d61cc926e54.jpg'}]",,,"Donkey Kong Jr. (ドンキーコングJR., Donkī Kongu Junia) is a 1982 arcade-style platform video game by Nintendo. It first appeared in arcades, and, over the course of the 1980s, was later released for a variety of platforms, most notably the Nintendo Entertainment System. The second installment in the Donkey Kong arcade series. The game's title is written out as Donkey Kong Junior in the North American arcade version and various ports to non-Nintendo systems. Its eponymous star, Donkey Kong Jr., also called simply Junior or abbreviated as DK Jr., is trying to rescue his father Donkey Kong, who has been imprisoned. Donkey Kong's cage is guarded by Mario, in his only appearance as an antagonist in a Nintendo video game. This game is the sequel to the video game Donkey Kong, which featured Mario as the hero and Junior's father as the villain.",11.0,39.0,55.0,13.0,26.0,1.0,1.0,,,,,,,,,,,
52418,dig-dug-1982,Dig Dug (1982),Dig Dug (1982),"<p>Dig Dug (ディグダグ, Digu Dagu) is an arcade game developed and published by Namco in Japan in 1982. It runs on Namco Galaga hardware, and was published outside Japan by Atari, Inc..<br />
Atari also obtained the license for home versions of Dig Dug, and released it for the Atari 2600, Atari 5200, Atari 7800, Intellivision, Apple II, Atari 8-bit family, VIC-20, Commodore 64, IBM PC and TI-99/4A. Namco ported Dig Dug to the Nintendo Family Computer in 1985.<br />
Gakken made a table top handheld game of Dig Dug in 1982. It was one of a series of 3 flip-top games with VFD screen and magnifying Fresnel lens.</p>",,[],1982-04-19,False,2025-04-11T17:52:36,https://media.rawg.io/media/games/941/94139518bc51a86b9e1b762e0b8b62c8.jpg,https://media.rawg.io/media/screenshots/d75/d758a1ec4069773620995cadda177243.jpg,,3.72,4,"[{'id': 4, 'title': 'recommended', 'count': 35, 'percent': 64.81}, {'id': 3, 'title': 'meh', 'count': 13, 'percent': 24.07}, {'id': 5, 'title': 'exceptional', 'count': 4, 'percent': 7.41}, {'id': 1, 'title': 'skip', 'count': 2, 'percent': 3.7}]",130,0,11,0,19,0,0,,,,,0,0,0,0,54,200,[],,0,0,0,,54,0f0f0f,0f0f0f,"[{'platform': {'id': 1, 'name': 'PC', 'slug': 'pc'}}, {'platform': {'id': 2, 'name': 'PlayStation', 'slug': 'playstation'}}, {'platform': {'id': 3, 'name': 'Xbox', 'slug': 'xbox'}}, {'platform': {'id': 5, 'name': 'Apple Macintosh', 'slug': 'mac'}}, {'platform': {'id': 7, 'name': 'Nintendo', 'slug': 'nintendo'}}, {'platform': {'id': 9, 'name': 'Atari', 'slug': 'atari'}}, {'platform': {'id': 10, 'name': 'Commodore / Amiga', 'slug': 'commodore-amiga'}}]","[{'platform': {'id': 14, 'name': 'Xbox 360', 'slug': 'xbox360', 'image': None, 'year_end': None, 'year_start': None, 'games_count': 2805, 'image_background': 'https://media.rawg.io/media/games/4a0/4a0a1316102366260e6f38fd2a9cfdce.jpg'}, 'released_at': '1982-04-19', 'requirements': {}}, {'platform': {'id': 1, 'name': 'Xbox One', 'slug': 'xbox-one', 'image': None, 'year_end': None, 'year_start': None, 'games_count': 5694, 'image_background': 'https://media.rawg.io/media/games/157/15742f2f67eacff546738e1ab5c19d20.jpg'}, 'released_at': '1982-04-19', 'requirements': {}}, {'platform': {'id': 4, 'name': 'PC', 'slug': 'pc', 'image': None, 'year_end': None, 'year_start': None, 'games_count': 547196, 'image_background': 'https://media.rawg.io/media/games/6fc/6fcf4cd3b17c288821388e6085bb0fc9.jpg'}, 'released_at': '1982-04-19', 'requirements': {}}, {'platform': {'id': 10, 'name': 'Wii U', 'slug': 'wii-u', 'image': None, 'year_end': None, 'year_start': None, 'games_count': 1114, 'image_background': 'https://media.rawg.io/media/games/85c/85c8ae70e7cdf0105f06ef6bdce63b8b.jpg'}, 'released_at': '1982-04-19', 'requirements': {}}, {'platform': {'id': 11, 'name': 'Wii', 'slug': 'wii', 'image': None, 'year_end': None, 'year_start': None, 'games_count': 2209, 'image_background': 'https://media.rawg.io/media/games/9ca/9ca31615beee447f3ae1dc9b3b736dce.jpg'}, 'released_at': '1982-04-19', 'requirements': {}}, {'platform': {'id': 8, 'name': 'Nintendo 3DS', 'slug': 'nintendo-3ds', 'image': None, 'year_end': None, 'year_start': None, 'games_count': 1682, 'image_background': 'https://media.rawg.io/media/screenshots/42d/42d770eb49f2ba01cd4045e0d92af7a9.jpg'}, 'released_at': '1982-04-19', 'requirements': {}}, {'platform': {'id': 18, 'name': 'PlayStation 4', 'slug': 'playstation4', 'image': None, 'year_end': None, 'year_start': None, 'games_count': 6916, 'image_background': 'https://media.rawg.io/media/games/f46/f466571d536f2e3ea9e815ad17177501.jpg'}, 'released_at': '1982-04-19', 'requirements': {}}, {'platform': {'id': 23, 'name': 'Atari 2600', 'slug': 'atari-2600', 'image': None, 'year_end': None, 'year_start': None, 'games_count': 294, 'image_background': 'https://media.rawg.io/media/screenshots/ff6/ff623993a854663931c1e78d72a16a5a.jpg'}, 'released_at': '1982-04-19', 'requirements': {}}, {'platform': {'id': 24, 'name': 'Game Boy Advance', 'slug': 'game-boy-advance', 'image': None, 'year_end': None, 'year_start': None, 'games_count': 950, 'image_background': 'https://media.rawg.io/media/games/98c/98c87b286cd2a2ba942167df384a9bd3.jpg'}, 'released_at': '1982-04-19', 'requirements': {}}, {'platform': {'id': 25, 'name': 'Atari 8-bit', 'slug': 'atari-8-bit', 'image': None, 'year_end': None, 'year_start': None, 'games_count': 308, 'image_background': 'https://media.rawg.io/media/screenshots/038/0385a47d3a43b218204268af5361a19e.jpg'}, 'released_at': '1982-04-19', 'requirements': {}}, {'platform': {'id': 26, 'name': 'Game Boy', 'slug': 'game-boy', 'image': None, 'year_end': None, 'year_start': None, 'games_count': 617, 'image_background': 'https://media.rawg.io/media/games/057/0573c1c9e1f2414c1f4acabe86ee9fd9.jpg'}, 'released_at': '1982-04-19', 'requirements': {}}, {'platform': {'id': 28, 'name': 'Atari 7800', 'slug': 'atari-7800', 'image': None, 'year_end': None, 'year_start': None, 'games_count': 64, 'image_background': 'https://media.rawg.io/media/screenshots/565/56504b28b184dbc630a7de118e39d822.jpg'}, 'released_at': '1982-04-19', 'requirements': {}}, {'platform': {'id': 31, 'name': 'Atari 5200', 'slug': 'atari-5200', 'image': None, 'year_end': None, 'year_start': None, 'games_count': 64, 'image_background': 'https://media.rawg.io/media/screenshots/678/6786598cba3939d48ed60cbd1a3723f4.jpg'}, 'released_at': '1982-04-19', 'requirements': {}}, {'platform': {'id': 41, 'name': 'Apple II', 'slug': 'apple-ii', 'image': None, 'year_end': None, 'year_start': None, 'games_count': 424, 'image_background': 'https://media.rawg.io/media/screenshots/3d2/3d2bb57b39e2efa39d1c385585b2ea8b.jpg'}, 'released_at': '1982-04-19', 'requirements': {}}, {'platform': {'id': 49, 'name': 'NES', 'slug': 'nes', 'image': None, 'year_end': None, 'year_start': None, 'games_count': 1015, 'image_background': 'https://media.rawg.io/media/games/7c5/7c50dd0415eb0a57505c58d4e50e4d24.jpg'}, 'released_at': '1982-04-19', 'requirements': {}}, {'platform': {'id': 166, 'name': 'Commodore / Amiga', 'slug': 'commodore-amiga', 'image': None, 'year_end': None, 'year_start': None, 'games_count': 2083, 'image_background': 'https://media.rawg.io/media/games/cce/cce8bebe861f295003f5a9fe5b11233f.jpg'}, 'released_at': '1982-04-19', 'requirements': {}}]",[],"[{'id': 10055, 'name': 'NAMCO', 'slug': 'namco', 'games_count': 127, 'image_background': 'https://media.rawg.io/media/games/2ff/2ff5b06428e4b016f3b79cf299bd6596.jpg'}]","[{'id': 4, 'name': 'Action', 'slug': 'action', 'games_count': 186608, 'image_background': 'https://media.rawg.io/media/games/618/618c2031a07bbff6b4f611f10b6bcdbc.jpg'}]","[{'id': 31, 'name': 'Singleplayer', 'slug': 'singleplayer', 'language': 'eng', 'games_count': 238404, 'image_background': 'https://media.rawg.io/media/games/26d/26d4437715bee60138dab4a7c8c59c92.jpg'}, {'id': 418, 'name': '2 players', 'slug': '2-players', 'language': 'eng', 'games_count': 1244, 'image_background': 'https://media.rawg.io/media/screenshots/f9a/f9ac59bb4af2ca2193ee9ffb979577cf.jpg'}]","[{'id': 10901, 'name': 'Namco', 'slug': 'namco', 'games_count': 215, 'image_background': 'https://media.rawg.io/media/games/fc5/fc503876ca1ca34e160e88671af86e88.jpg'}]",,,"Dig Dug (ディグダグ, Digu Dagu) is an arcade game developed and published by Namco in Japan in 1982. It runs on Namco Galaga hardware, and was published outside Japan by Atari, Inc..
Atari also obtained the license for home versions of Dig Dug, and released it for the Atari 2600, Atari 5200, Atari 7800, Intellivision, Apple II, Atari 8-bit family, VIC-20, Commodore 64, IBM PC and TI-99/4A. Namco ported Dig Dug to the Nintendo Family Computer in 1985.
Gakken made a table top handheld game of Dig Dug in 1982. It was one of a series of 3 flip-top games with VFD screen and magnifying Fresnel lens.",5.0,40.0,31.0,7.0,46.0,1.0,,,,,,,,,,,,
52567,popeye,Popeye,Popeye,"<p>Popeye (ポパイ, Popai) is a 1983 arcade platform game developed and released by Nintendo based on the Popeye characters licensed from King Features Syndicate strips and animated shorts. Unlike most platform games, the player cannot jump; the only button is &quot;punch.&quot; The game was licensed by Atari for exclusive release in the United Kingdom and Ireland, and featured in an Atari designed and manufactured cabinet. Some sources claim that Ikegami Tsushinki also did design work on Popeye.<br />
The Popeye characters were originally going to be used in the game that later became Donkey Kong. However at that time on the development of the game, Nintendo could not get the licenses to use the characters.<br />
Ben Falls holds the world record score of 3,023,060 earned on December 20, 2011, according to Twin Galaxies International Scoreboard.<br />
The Family Computer (Famicom) saw an educational sequel on November 22, 1983: Popeye no Eigo Asobi, an English teaching game akin to the later Donkey Kong Jr. Math.</p>",,[],1982-01-01,False,2025-04-11T17:51:34,https://media.rawg.io/media/games/53c/53cb8968c3f6b5e26ea843478971f6c3.jpg,https://media.rawg.io/media/screenshots/235/2350e350fac797a8396345b1571efad4.jpg,,3.76,4,"[{'id': 4, 'title': 'recommended', 'count': 43, 'percent': 69.35}, {'id': 3, 'title': 'meh', 'count': 13, 'percent': 20.97}, {'id': 5, 'title': 'exceptional', 'count': 4, 'percent': 6.45}, {'id': 1, 'title': 'skip', 'count': 2, 'percent': 3.23}]",128,4,22,0,2,0,0,,,,,0,0,0,1,61,219,"['Popai', 'Popeye no Eigo Asobi', 'ポパイ']",,0,0,5,,62,0f0f0f,0f0f0f,"[{'platform': {'id': 7, 'name': 'Nintendo', 'slug': 'nintendo'}}, {'platform': {'id': 9, 'name': 'Atari', 'slug': 'atari'}}, {'platform': {'id': 10, 'name': 'Commodore / Amiga', 'slug': 'commodore-amiga'}}]","[{'platform': {'id': 31, 'name': 'Atari 5200', 'slug': 'atari-5200', 'image': None, 'year_end': None, 'year_start': None, 'games_count': 64, 'image_background': 'https://media.rawg.io/media/screenshots/678/6786598cba3939d48ed60cbd1a3723f4.jpg'}, 'released_at': '1982-01-01', 'requirements': {}}, {'platform': {'id': 25, 'name': 'Atari 8-bit', 'slug': 'atari-8-bit', 'image': None, 'year_end': None, 'year_start': None, 'games_count': 308, 'image_background': 'https://media.rawg.io/media/screenshots/038/0385a47d3a43b218204268af5361a19e.jpg'}, 'released_at': '1982-01-01', 'requirements': {}}, {'platform': {'id': 26, 'name': 'Game Boy', 'slug': 'game-boy', 'image': None, 'year_end': None, 'year_start': None, 'games_count': 617, 'image_background': 'https://media.rawg.io/media/games/057/0573c1c9e1f2414c1f4acabe86ee9fd9.jpg'}, 'released_at': '1982-01-01', 'requirements': {}}, {'platform': {'id': 23, 'name': 'Atari 2600', 'slug': 'atari-2600', 'image': None, 'year_end': None, 'year_start': None, 'games_count': 294, 'image_background': 'https://media.rawg.io/media/screenshots/ff6/ff623993a854663931c1e78d72a16a5a.jpg'}, 'released_at': '1982-01-01', 'requirements': {}}, {'platform': {'id': 49, 'name': 'NES', 'slug': 'nes', 'image': None, 'year_end': None, 'year_start': None, 'games_count': 1015, 'image_background': 'https://media.rawg.io/media/games/7c5/7c50dd0415eb0a57505c58d4e50e4d24.jpg'}, 'released_at': '1982-01-01', 'requirements': {}}, {'platform': {'id': 166, 'name': 'Commodore / Amiga', 'slug': 'commodore-amiga', 'image': None, 'year_end': None, 'year_start': None, 'games_count': 2083, 'image_background': 'https://media.rawg.io/media/games/cce/cce8bebe861f295003f5a9fe5b11233f.jpg'}, 'released_at': '1982-01-01', 'requirements': {}}]",[],"[{'id': 16257, 'name': 'Nintendo', 'slug': 'nintendo', 'games_count': 426, 'image_background': 'https://media.rawg.io/media/games/d9c/d9c8b7edc78391619566adfeb52b5a9a.jpg'}, {'id': 27269, 'name': 'Sigma Enterprises', 'slug': 'sigma-enterprises', 'games_count': 2, 'image_background': 'https://media.rawg.io/media/games/c9e/c9e32aeeab3a330127586f9d08f62821.jpg'}]","[{'id': 4, 'name': 'Action', 'slug': 'action', 'games_count': 186608, 'image_background': 'https://media.rawg.io/media/games/618/618c2031a07bbff6b4f611f10b6bcdbc.jpg'}]","[{'id': 31, 'name': 'Singleplayer', 'slug': 'singleplayer', 'language': 'eng', 'games_count': 238404, 'image_background': 'https://media.rawg.io/media/games/26d/26d4437715bee60138dab4a7c8c59c92.jpg'}, {'id': 7, 'name': 'Multiplayer', 'slug': 'multiplayer', 'language': 'eng', 'games_count': 40505, 'image_background': 'https://media.rawg.io/media/games/021/021c4e21a1824d2526f925eff6324653.jpg'}]","[{'id': 10681, 'name': 'Nintendo', 'slug': 'nintendo', 'games_count': 1235, 'image_background': 'https://media.rawg.io/media/games/dd1/dd167cf8753db3748a975d61cc926e54.jpg'}, {'id': 20364, 'name': 'Sigma Enterprises', 'slug': 'sigma-enterprises', 'games_count': 3, 'image_background': 'https://media.rawg.io/media/screenshots/586/58691255f9e6414da397938a862e24ca.jpg'}]",,,"Popeye (ポパイ, Popai) is a 1983 arcade platform game developed and released by Nintendo based on the Popeye characters licensed from King Features Syndicate strips and animated shorts. Unlike most platform games, the player cannot jump; the only button is ""punch."" The game was licensed by Atari for exclusive release in the United Kingdom and Ireland, and featured in an Atari designed and manufactured cabinet. Some sources claim that Ikegami Tsushinki also did design work on Popeye.
The Popeye characters were originally going to be used in the game that later became Donkey Kong. However at that time on the development of the game, Nintendo could not get the licenses to use the characters.
Ben Falls holds the world record score of 3,023,060 earned on December 20, 2011, according to Twin Galaxies International Scoreboard.
The Family Computer (Famicom) saw an educational sequel on November 22, 1983: Popeye no Eigo Asobi, an English teaching game akin to the later Donkey Kong Jr. Math.",3.0,35.0,45.0,7.0,38.0,,,1.0,1.0,Everyone,everyone,,,,,,,
54508,robotron-2084,Robotron: 2084,Robotron: 2084,"<p>Robotron: 2084 (also referred to as Robotron) is an arcade video game developed by Eugene Jarvis and Larry DeMar of Vid Kidz and released by Williams Electronics (part of WMS Industries) in 1982. It is a shoot 'em up with two-dimensional graphics. The game is set in the year 2084 in a fictional world where robots have turned against humans in a cybernetic revolt. The aim is to defeat endless waves of robots, rescue surviving humans, and earn as many points as possible.</p>
<p>Robotron popularized the twin joystick control scheme, one that had previously been used in Taito's Space Dungeon.</p>
<p>Robotron: 2084 was critically and commercially successful. Praise among critics focused on the game's intense action and control scheme. The game is frequently listed as one of Jarvis's best contributions to the video game industry. Robotron: 2084 arcade cabinets have since become a sought-after collector's item. It was ported to numerous platforms.</p>",,[],1982-01-01,False,2019-09-17T12:01:45,https://media.rawg.io/media/screenshots/5fa/5faaa4749ac1d65d7b5dff9a47d48dff.jpg,https://media.rawg.io/media/screenshots/c6f/c6f2a5a53ec56cc61c03c251da0a9b63.jpg,,4.0,4,"[{'id': 4, 'title': 'recommended', 'count': 8, 'percent': 66.67}, {'id': 5, 'title': 'exceptional', 'count': 2, 'percent': 16.67}, {'id': 3, 'title': 'meh', 'count': 2, 'percent': 16.67}]",93,0,24,0,2,8,8,,,,,0,0,30007,0,11,199,[],,0,0,0,,12,0f0f0f,0f0f0f,"[{'platform': {'id': 3, 'name': 'Xbox', 'slug': 'xbox'}}, {'platform': {'id': 5, 'name': 'Apple Macintosh', 'slug': 'mac'}}, {'platform': {'id': 7, 'name': 'Nintendo', 'slug': 'nintendo'}}, {'platform': {'id': 9, 'name': 'Atari', 'slug': 'atari'}}, {'platform': {'id': 10, 'name': 'Commodore / Amiga', 'slug': 'commodore-amiga'}}]","[{'platform': {'id': 34, 'name': 'Atari ST', 'slug': 'atari-st', 'image': None, 'year_end': None, 'year_start': None, 'games_count': 836, 'image_background': 'https://media.rawg.io/media/games/637/637d7dc2f44d0f6ddd3ee2c0b1366962.jpg'}, 'released_at': '1982-01-01', 'requirements': {}}, {'platform': {'id': 83, 'name': 'Nintendo 64', 'slug': 'nintendo-64', 'image': None, 'year_end': None, 'year_start': None, 'games_count': 363, 'image_background': 'https://media.rawg.io/media/screenshots/c1f/c1fd8b15793743563367688b3dd5faa6.jpg'}, 'released_at': '1982-01-01', 'requirements': {}}, {'platform': {'id': 55, 'name': 'Classic Macintosh', 'slug': 'macintosh', 'image': None, 'year_end': None, 'year_start': None, 'games_count': 675, 'image_background': 'https://media.rawg.io/media/games/38a/38af969459ad6e5de116ec8a4a84218c.jpg'}, 'released_at': '1982-01-01', 'requirements': {}}, {'platform': {'id': 31, 'name': 'Atari 5200', 'slug': 'atari-5200', 'image': None, 'year_end': None, 'year_start': None, 'games_count': 64, 'image_background': 'https://media.rawg.io/media/screenshots/678/6786598cba3939d48ed60cbd1a3723f4.jpg'}, 'released_at': '1982-01-01', 'requirements': {}}, {'platform': {'id': 41, 'name': 'Apple II', 'slug': 'apple-ii', 'image': None, 'year_end': None, 'year_start': None, 'games_count': 424, 'image_background': 'https://media.rawg.io/media/screenshots/3d2/3d2bb57b39e2efa39d1c385585b2ea8b.jpg'}, 'released_at': '1982-01-01', 'requirements': {}}, {'platform': {'id': 25, 'name': 'Atari 8-bit', 'slug': 'atari-8-bit', 'image': None, 'year_end': None, 'year_start': None, 'games_count': 308, 'image_background': 'https://media.rawg.io/media/screenshots/038/0385a47d3a43b218204268af5361a19e.jpg'}, 'released_at': '1982-01-01', 'requirements': {}}, {'platform': {'id': 14, 'name': 'Xbox 360', 'slug': 'xbox360', 'image': None, 'year_end': None, 'year_start': None, 'games_count': 2805, 'image_background': 'https://media.rawg.io/media/games/4a0/4a0a1316102366260e6f38fd2a9cfdce.jpg'}, 'released_at': '1982-01-01', 'requirements': {}}, {'platform': {'id': 28, 'name': 'Atari 7800', 'slug': 'atari-7800', 'image': None, 'year_end': None, 'year_start': None, 'games_count': 64, 'image_background': 'https://media.rawg.io/media/screenshots/565/56504b28b184dbc630a7de118e39d822.jpg'}, 'released_at': '1982-01-01', 'requirements': {}}, {'platform': {'id': 166, 'name': 'Commodore / Amiga', 'slug': 'commodore-amiga', 'image': None, 'year_end': None, 'year_start': None, 'games_count': 2083, 'image_background': 'https://media.rawg.io/media/games/cce/cce8bebe861f295003f5a9fe5b11233f.jpg'}, 'released_at': '1982-01-01', 'requirements': {}}]",[],"[{'id': 25943, 'name': 'Vid Kidz', 'slug': 'vid-kidz', 'games_count': 2, 'image_background': 'https://media.rawg.io/media/screenshots/deb/deb952d6a84027fb3c6196693f05ab9e.jpg'}]",[],"[{'id': 31, 'name': 'Singleplayer', 'slug': 'singleplayer', 'language': 'eng', 'games_count': 238404, 'image_background': 'https://media.rawg.io/media/games/26d/26d4437715bee60138dab4a7c8c59c92.jpg'}, {'id': 7, 'name': 'Multiplayer', 'slug': 'multiplayer', 'language': 'eng', 'games_count': 40505, 'image_background': 'https://media.rawg.io/media/games/021/021c4e21a1824d2526f925eff6324653.jpg'}]","[{'id': 19417, 'name': 'WMS Industries', 'slug': 'wms-industries', 'games_count': 10, 'image_background': 'https://media.rawg.io/media/screenshots/746/74611799f79eb84894560bece6215dfd.jpg'}, {'id': 19413, 'name': 'Williams Electronics', 'slug': 'williams-electronics', 'games_count': 6, 'image_background': 'https://media.rawg.io/media/screenshots/d52/d52afddc37af47e86700b1e25b1c02fe.jpg'}]",,,"Robotron: 2084 (also referred to as Robotron) is an arcade video game developed by Eugene Jarvis and Larry DeMar of Vid Kidz and released by Williams Electronics (part of WMS Industries) in 1982. It is a shoot 'em up with two-dimensional graphics. The game is set in the year 2084 in a fictional world where robots have turned against humans in a cybernetic revolt. The aim is to defeat endless waves of robots, rescue surviving humans, and earn as many points as possible.
Robotron popularized the twin joystick control scheme, one that had previously been used in Taito's Space Dungeon.
Robotron: 2084 was critically and commercially successful. Praise among critics focused on the game's intense action and control scheme. The game is frequently listed as one of Jarvis's best contributions to the video game industry. Robotron: 2084 arcade cabinets have since become a sought-after collector's item. It was ported to numerous platforms.",2.0,73.0,7.0,7.0,3.0,1.0,,,,,,,,,,,,
52571,qbert,Q*bert,Q*bert,"<p>Q*bert  is an arcade game developed and published by Gottlieb in 1982. It is a 2D action game with puzzle elements that uses isometric graphics to create a pseudo-3D effect. The objective is to change the color of every cube in a pyramid by making the on-screen character hop on top of the cube while avoiding obstacles and enemies. Players use a joystick to control the character.</p>
<p>The game was conceived by Warren Davis and Jeff Lee. Lee designed the title character and original concept, which was then further developed and implemented by Davis. Q*bert was developed under the project name Cubes.</p>
<p>Q*bert was well received in arcades and among critics. The game was Gottlieb's most successful video game and among the most recognized brands from the golden age of arcade video games. It has been ported to numerous platforms. The success resulted in sequels and the use of the character's likeness in merchandising, such as appearances on lunch boxes, toys, and an animated television show. The character Q*bert became known for his ""swearing"", an incoherent phrase of synthesized speech generated by the sound chip and a speech balloon of nonsensical characters that appear when he collides with an enemy.</p>
<p>Because the game was developed during the period when Columbia Pictures owned Gottlieb, the intellectual rights to Q*bert remained with Columbia even after they divested themselves of Gottlieb's assets in 1984. Therefore, the rights have been owned by Sony Pictures Entertainment since its parent Sony acquired Columbia in 1989. Q*bert appeared in Disney's computer-animated film Wreck-It Ralph under license from Sony, and later appeared in Columbia's live-action film Pixels in 2015.</p>",,[],1982-12-31,False,2024-01-23T01:33:10,https://media.rawg.io/media/screenshots/038/0385a47d3a43b218204268af5361a19e.jpg,https://media.rawg.io/media/screenshots/cef/cef61e7ff302e20085d9a7a6f90353dc.jpg,,3.4,3,"[{'id': 3, 'title': 'meh', 'count': 9, 'percent': 60.0}, {'id': 4, 'title': 'recommended', 'count': 6, 'percent': 40.0}]",62,0,28,0,3,0,0,,,,,0,0,0,1,14,124,[],,0,0,0,,15,0f0f0f,0f0f0f,"[{'platform': {'id': 1, 'name': 'PC', 'slug': 'pc'}}, {'platform': {'id': 2, 'name': 'PlayStation', 'slug': 'playstation'}}, {'platform': {'id': 7, 'name': 'Nintendo', 'slug': 'nintendo'}}, {'platform': {'id': 9, 'name': 'Atari', 'slug': 'atari'}}, {'platform': {'id': 10, 'name': 'Commodore / Amiga', 'slug': 'commodore-amiga'}}]","[{'platform': {'id': 31, 'name': 'Atari 5200', 'slug': 'atari-5200', 'image': None, 'year_end': None, 'year_start': None, 'games_count': 64, 'image_background': 'https://media.rawg.io/media/screenshots/678/6786598cba3939d48ed60cbd1a3723f4.jpg'}, 'released_at': '1982-12-31', 'requirements': {}}, {'platform': {'id': 25, 'name': 'Atari 8-bit', 'slug': 'atari-8-bit', 'image': None, 'year_end': None, 'year_start': None, 'games_count': 308, 'image_background': 'https://media.rawg.io/media/screenshots/038/0385a47d3a43b218204268af5361a19e.jpg'}, 'released_at': '1982-12-31', 'requirements': {}}, {'platform': {'id': 26, 'name': 'Game Boy', 'slug': 'game-boy', 'image': None, 'year_end': None, 'year_start': None, 'games_count': 617, 'image_background': 'https://media.rawg.io/media/games/057/0573c1c9e1f2414c1f4acabe86ee9fd9.jpg'}, 'released_at': '1982-12-31', 'requirements': {}}, {'platform': {'id': 16, 'name': 'PlayStation 3', 'slug': 'playstation3', 'image': None, 'year_end': None, 'year_start': None, 'games_count': 3167, 'image_background': 'https://media.rawg.io/media/games/736/73619bd336c894d6941d926bfd563946.jpg'}, 'released_at': '1982-12-31', 'requirements': {}}, {'platform': {'id': 49, 'name': 'NES', 'slug': 'nes', 'image': None, 'year_end': None, 'year_start': None, 'games_count': 1015, 'image_background': 'https://media.rawg.io/media/games/7c5/7c50dd0415eb0a57505c58d4e50e4d24.jpg'}, 'released_at': '1982-12-31', 'requirements': {}}, {'platform': {'id': 4, 'name': 'PC', 'slug': 'pc', 'image': None, 'year_end': None, 'year_start': None, 'games_count': 547196, 'image_background': 'https://media.rawg.io/media/games/6fc/6fcf4cd3b17c288821388e6085bb0fc9.jpg'}, 'released_at': '1982-12-31', 'requirements': {}}, {'platform': {'id': 23, 'name': 'Atari 2600', 'slug': 'atari-2600', 'image': None, 'year_end': None, 'year_start': None, 'games_count': 294, 'image_background': 'https://media.rawg.io/media/screenshots/ff6/ff623993a854663931c1e78d72a16a5a.jpg'}, 'released_at': '1982-12-31', 'requirements': {}}, {'platform': {'id': 166, 'name': 'Commodore / Amiga', 'slug': 'commodore-amiga', 'image': None, 'year_end': None, 'year_start': None, 'games_count': 2083, 'image_background': 'https://media.rawg.io/media/games/cce/cce8bebe861f295003f5a9fe5b11233f.jpg'}, 'released_at': '1982-12-31', 'requirements': {}}]",[],"[{'id': 656, 'name': 'Atari', 'slug': 'atari', 'games_count': 137, 'image_background': 'https://media.rawg.io/media/games/0d2/0d2d6f345cd77639d65a235cb7dd0a21.jpg'}, {'id': 25993, 'name': 'Gottlieb', 'slug': 'gottlieb', 'games_count': 2, 'image_background': 'https://media.rawg.io/media/screenshots/bb6/bb6dee70b7fddf36ddb90185c3920c74.jpg'}]","[{'id': 4, 'name': 'Action', 'slug': 'action', 'games_count': 186608, 'image_background': 'https://media.rawg.io/media/games/618/618c2031a07bbff6b4f611f10b6bcdbc.jpg'}, {'id': 7, 'name': 'Puzzle', 'slug': 'puzzle', 'games_count': 97333, 'image_background': 'https://media.rawg.io/media/games/9f4/9f418898f5415668ca47b5f4ab1ecfeb.jpg'}]","[{'id': 418, 'name': '2 players', 'slug': '2-players', 'language': 'eng', 'games_count': 1244, 'image_background': 'https://media.rawg.io/media/screenshots/f9a/f9ac59bb4af2ca2193ee9ffb979577cf.jpg'}]","[{'id': 11687, 'name': 'Sony Interactive Entertainment', 'slug': 'sony-interactive-entertainment', 'games_count': 304, 'image_background': 'https://media.rawg.io/media/games/c5b/c5b3b6aa220050f7f504f4477cb51d3b.jpg'}, {'id': 19468, 'name': 'Ultra Games', 'slug': 'ultra-games', 'games_count': 18, 'image_background': 'https://media.rawg.io/media/screenshots/659/659ef245ceb79091fa5dd7035bcfdd77.jpg'}, {'id': 19460, 'name': 'Parker Brothers', 'slug': 'parker-brothers', 'games_count': 19, 'image_background': 'https://media.rawg.io/media/screenshots/c06/c06937e1c4e9a46874dcf2223de70593.jpg'}, {'id': 19481, 'name': 'Gottlieb', 'slug': 'gottlieb', 'games_count': 3, 'image_background': 'https://media.rawg.io/media/screenshots/b9f/b9f3c45ee168f8a4e03d9036c72aa7b6.jpg'}]",,,"Q*bert  is an arcade game developed and published by Gottlieb in 1982. It is a 2D action game with puzzle elements that uses isometric graphics to create a pseudo-3D effect. The objective is to change the color of every cube in a pyramid by making the on-screen character hop on top of the cube while avoiding obstacles and enemies. Players use a joystick to control the character.
The game was conceived by Warren Davis and Jeff Lee. Lee designed the title character and original concept, which was then further developed and implemented by Davis. Q*bert was developed under the project name Cubes.
Q*bert was well received in arcades and among critics. The game was Gottlieb's most successful video game and among the most recognized brands from the golden age of arcade video games. It has been ported to numerous platforms. The success resulted in sequels and the use of the character's likeness in merchandising, such as appearances on lunch boxes, toys, and an animated television show. The character Q*bert became known for his ""swearing"", an incoherent phrase of synthesized speech generated by the sound chip and a speech balloon of nonsensical characters that appear when he collides with an enemy.
Because the game was developed during the period when Columbia Pictures owned Gottlieb, the intellectual rights to Q*bert remained with Columbia even after they divested themselves of Gottlieb's assets in 1984. Therefore, the rights have been owned by Sony Pictures Entertainment since its parent Sony acquired Columbia in 1989. Q*bert appeared in Disney's computer-animated film Wreck-It Ralph under license from Sony, and later appeared in Columbia's live-action film Pixels in 2015.",2.0,27.0,7.0,9.0,17.0,,,,,,,,,,,,,
52563,pitfall-1982,Pitfall! (1982),Pitfall! (1982),"<p>Pitfall! is a video game designed by David Crane for the Atari 2600 and released by Activision in 1982. The player controls Pitfall Harry and is tasked with collecting all the treasures in a jungle within 20 minutes while avoiding obstacles and hazards.</p>
<p>Pitfall! received positive reviews upon release, and is one of the best-selling games on the Atari 2600, with over four million copies sold. It was the top video game on the Billboard charts for more than a year, and inspired numerous sequels and ports across a variety of gaming consoles, also being viewed as helping define the side-scrolling platformer game genre.</p>",,[],1982-04-20,False,2024-01-23T01:33:24,https://media.rawg.io/media/screenshots/518/5180f00f3d4626c94bdb0259a07a2903.jpg,https://media.rawg.io/media/screenshots/d15/d151a08cbdd5fa06ad2541faa8b79959.jpg,,3.72,4,"[{'id': 4, 'title': 'recommended', 'count': 16, 'percent': 64.0}, {'id': 3, 'title': 'meh', 'count': 6, 'percent': 24.0}, {'id': 5, 'title': 'exceptional', 'count': 2, 'percent': 8.0}, {'id': 1, 'title': 'skip', 'count': 1, 'percent': 4.0}]",60,0,14,0,1,0,0,,,,,0,0,0,0,24,121,[],,0,0,5,,25,0f0f0f,0f0f0f,"[{'platform': {'id': 9, 'name': 'Atari', 'slug': 'atari'}}, {'platform': {'id': 10, 'name': 'Commodore / Amiga', 'slug': 'commodore-amiga'}}]","[{'platform': {'id': 25, 'name': 'Atari 8-bit', 'slug': 'atari-8-bit', 'image': None, 'year_end': None, 'year_start': None, 'games_count': 308, 'image_background': 'https://media.rawg.io/media/screenshots/038/0385a47d3a43b218204268af5361a19e.jpg'}, 'released_at': '1982-04-20', 'requirements': {}}, {'platform': {'id': 22, 'name': 'Atari Flashback', 'slug': 'atari-flashback', 'image': None, 'year_end': None, 'year_start': None, 'games_count': 30, 'image_background': 'https://media.rawg.io/media/screenshots/2aa/2aa07f58491e14b0183333f8956bc802.jpg'}, 'released_at': '1982-04-20', 'requirements': {}}, {'platform': {'id': 23, 'name': 'Atari 2600', 'slug': 'atari-2600', 'image': None, 'year_end': None, 'year_start': None, 'games_count': 294, 'image_background': 'https://media.rawg.io/media/screenshots/ff6/ff623993a854663931c1e78d72a16a5a.jpg'}, 'released_at': '1982-04-20', 'requirements': {}}, {'platform': {'id': 31, 'name': 'Atari 5200', 'slug': 'atari-5200', 'image': None, 'year_end': None, 'year_start': None, 'games_count': 64, 'image_background': 'https://media.rawg.io/media/screenshots/678/6786598cba3939d48ed60cbd1a3723f4.jpg'}, 'released_at': '1982-04-20', 'requirements': {}}, {'platform': {'id': 166, 'name': 'Commodore / Amiga', 'slug': 'commodore-amiga', 'image': None, 'year_end': None, 'year_start': None, 'games_count': 2083, 'image_background': 'https://media.rawg.io/media/games/cce/cce8bebe861f295003f5a9fe5b11233f.jpg'}, 'released_at': '1982-04-20', 'requirements': {}}]",[],"[{'id': 11, 'name': 'Activision', 'slug': 'activision', 'games_count': 163, 'image_background': 'https://media.rawg.io/media/screenshots/d05/d0524e9b2e276dd9c8351881e897f7c9.jpg'}]",[],"[{'id': 31, 'name': 'Singleplayer', 'slug': 'singleplayer', 'language': 'eng', 'games_count': 238404, 'image_background': 'https://media.rawg.io/media/games/26d/26d4437715bee60138dab4a7c8c59c92.jpg'}]","[{'id': 10830, 'name': 'Activision Blizzard', 'slug': 'activision-blizzard', 'games_count': 691, 'image_background': 'https://media.rawg.io/media/games/445/44507fdd60a8ec02b1c3c64a293ca754.jpg'}]",,,"Pitfall! is a video game designed by David Crane for the Atari 2600 and released by Activision in 1982. The player controls Pitfall Harry and is tasked with collecting all the treasures in a jungle within 20 minutes while avoiding obstacles and hazards.
Pitfall! received positive reviews upon release, and is one of the best-selling games on the Atari 2600, with over four million copies sold. It was the top video game on the Billboard charts for more than a year, and inspired numerous sequels and ports across a variety of gaming consoles, also being viewed as helping define the side-scrolling platformer game genre.",3.0,16.0,13.0,7.0,20.0,1.0,,,,,,,,,,,,
55158,ultima-ii-the-revenge-of-the-enchantress,Ultima II: The Revenge of the Enchantress,Ultima II: The Revenge of the Enchantress,"<p>Ultima II: The Revenge of the Enchantress, released on August 24, 1982 for the Apple II (USCO# PA-317-502), is the second role-playing video game in the Ultima series, and the second installment in Ultima&#39;s &quot;Age of Darkness&quot; trilogy.<br />
It was also the only official Ultima game published by Sierra On-Line. Controversy with Sierra over royalties for the PC port of this game led the series creator Richard Garriott to start his own company, Origin Systems.<br />
The plot of Ultima II revolves around the evil enchantress Minax, taking over the world and exacting revenge on the player for the player&#39;s defeat of Mondain in Ultima. The player travels through time to acquire the means to defeat Minax and restore the world to peace. Ultima II has a larger game world than Ultima I, and hosts advances in graphics and in gameplay.</p>",,[],1982-08-24,False,2024-01-06T10:50:18,https://media.rawg.io/media/screenshots/a81/a811d1cbea6e777e77567b9fb4532310.jpg,https://media.rawg.io/media/screenshots/040/0401688807ac8388d1774b38d8d4bec2.jpg,,2.33,1,"[{'id': 1, 'title': 'skip', 'count': 7, 'percent': 46.67}, {'id': 4, 'title': 'recommended', 'count': 4, 'percent': 26.67}, {'id': 3, 'title': 'meh', 'count': 4, 'percent': 26.67}]",51,0,20,0,7,0,0,,,,,0,0,0,0,15,228,"['Ultima 2', 'Ultima II: The Revenge of the Enchantress...', 'ウルティマ2 女魔法使いの復讐']",,0,0,21,,15,0f0f0f,0f0f0f,"[{'platform': {'id': 1, 'name': 'PC', 'slug': 'pc'}}, {'platform': {'id': 5, 'name': 'Apple Macintosh', 'slug': 'mac'}}, {'platform': {'id': 9, 'name': 'Atari', 'slug': 'atari'}}, {'platform': {'id': 10, 'name': 'Commodore / Amiga', 'slug': 'commodore-amiga'}}]","[{'platform': {'id': 25, 'name': 'Atari 8-bit', 'slug': 'atari-8-bit', 'image': None, 'year_end': None, 'year_start': None, 'games_count': 308, 'image_background': 'https://media.rawg.io/media/screenshots/038/0385a47d3a43b218204268af5361a19e.jpg'}, 'released_at': '1982-08-24', 'requirements': {}}, {'platform': {'id': 4, 'name': 'PC', 'slug': 'pc', 'image': None, 'year_end': None, 'year_start': None, 'games_count': 547196, 'image_background': 'https://media.rawg.io/media/games/6fc/6fcf4cd3b17c288821388e6085bb0fc9.jpg'}, 'released_at': '1982-08-24', 'requirements': {}}, {'platform': {'id': 34, 'name': 'Atari ST', 'slug': 'atari-st', 'image': None, 'year_end': None, 'year_start': None, 'games_count': 836, 'image_background': 'https://media.rawg.io/media/games/637/637d7dc2f44d0f6ddd3ee2c0b1366962.jpg'}, 'released_at': '1982-08-24', 'requirements': {}}, {'platform': {'id': 41, 'name': 'Apple II', 'slug': 'apple-ii', 'image': None, 'year_end': None, 'year_start': None, 'games_count': 424, 'image_background': 'https://media.rawg.io/media/screenshots/3d2/3d2bb57b39e2efa39d1c385585b2ea8b.jpg'}, 'released_at': '1982-08-24', 'requirements': {}}, {'platform': {'id': 55, 'name': 'Classic Macintosh', 'slug': 'macintosh', 'image': None, 'year_end': None, 'year_start': None, 'games_count': 675, 'image_background': 'https://media.rawg.io/media/games/38a/38af969459ad6e5de116ec8a4a84218c.jpg'}, 'released_at': '1982-08-24', 'requirements': {}}, {'platform': {'id': 166, 'name': 'Commodore / Amiga', 'slug': 'commodore-amiga', 'image': None, 'year_end': None, 'year_start': None, 'games_count': 2083, 'image_background': 'https://media.rawg.io/media/games/cce/cce8bebe861f295003f5a9fe5b11233f.jpg'}, 'released_at': '1982-08-24', 'requirements': {}}]",[],"[{'id': 13178, 'name': 'Origin Systems', 'slug': 'origin-systems', 'games_count': 60, 'image_background': 'https://media.rawg.io/media/screenshots/ba4/ba456796ee5e190af9cfb2e78feac2ec.jpg'}, {'id': 26680, 'name': 'Richard Garriott', 'slug': 'richard-garriott', 'games_count': 3, 'image_background': 'https://media.rawg.io/media/screenshots/ba4/ba456796ee5e190af9cfb2e78feac2ec.jpg'}]","[{'id': 5, 'name': 'RPG', 'slug': 'role-playing-games-rpg', 'games_count': 59370, 'image_background': 'https://media.rawg.io/media/games/f6b/f6bed028b02369d4cab548f4f9337e81.jpg'}]","[{'id': 31, 'name': 'Singleplayer', 'slug': 'singleplayer', 'language': 'eng', 'games_count': 238404, 'image_background': 'https://media.rawg.io/media/games/26d/26d4437715bee60138dab4a7c8c59c92.jpg'}]","[{'id': 11434, 'name': 'Sierra On-Line', 'slug': 'sierra-on-line', 'games_count': 256, 'image_background': 'https://media.rawg.io/media/games/bc8/bc84784c2630f46ed2e675d0b4a59d62.jpg'}, {'id': 10887, 'name': 'Sierra Entertainment', 'slug': 'sierra-entertainment', 'games_count': 112, 'image_background': 'https://media.rawg.io/media/screenshots/058/058a71868ab884d1022023f21f2c6a47.jpg'}, {'id': 11776, 'name': 'Origin Systems', 'slug': 'origin-systems', 'games_count': 26, 'image_background': 'https://media.rawg.io/media/screenshots/773/7730495e8fc0fe7e1e747cb9449399ac.jpeg'}]",,,"Ultima II: The Revenge of the Enchantress, released on August 24, 1982 for the Apple II (USCO# PA-317-502), is the second role-playing video game in the Ultima series, and the second installment in Ultima's ""Age of Darkness"" trilogy.
It was also the only official Ultima game published by Sierra On-Line. Controversy with Sierra over royalties for the PC port of this game led the series creator Richard Garriott to start his own company, Origin Systems.
The plot of Ultima II revolves around the evil enchantress Minax, taking over the world and exacting revenge on the player for the player's defeat of Mondain in Ultima. The player travels through time to acquire the means to defeat Minax and restore the world to peace. Ultima II has a larger game world than Ultima I, and hosts advances in graphics and in gameplay.",14.0,14.0,8.0,8.0,6.0,1.0,,,,,,,,,,,,
52576,river-raid,River Raid,River Raid,"<p>River Raid is a vertically scrolling shooter designed and developed by Carol Shaw and published by Activision in 1982 for the Atari 2600 video game console. Over a million game cartridges were sold. Activision later ported the title to the Atari 5200, ColecoVision, and Intellivision consoles, as well as to the Commodore 64, IBM PCjr, MSX, ZX Spectrum, and Atari 8-bit family. Shaw did the Atari 8-bit and Atari 5200 ports herself.</p>
<p>Activision published the less successful River Raid II in 1988. This sequel, programmed by David Lubar, has similar gameplay, but with a different landscape and increased difficulty. In 1995 River Raid was published for Microsoft Windows as part of Activision's Atari 2600 Action Pack.</p>",,[],1982-01-01,False,2024-01-16T20:37:35,https://media.rawg.io/media/screenshots/cc0/cc0359b2cb5b9db1aa56d09bcb862bae.jpg,https://media.rawg.io/media/screenshots/077/0772055c8e11ca2eb983ac3b060ee69b.jpg,,4.08,5,"[{'id': 5, 'title': 'exceptional', 'count': 6, 'percent': 46.15}, {'id': 4, 'title': 'recommended', 'count': 4, 'percent': 30.77}, {'id': 3, 'title': 'meh', 'count': 2, 'percent': 15.38}, {'id': 1, 'title': 'skip', 'count': 1, 'percent': 7.69}]",46,0,17,0,2,0,0,,,,,0,0,0,0,13,165,[],,0,0,0,,13,0f0f0f,0f0f0f,"[{'platform': {'id': 9, 'name': 'Atari', 'slug': 'atari'}}, {'platform': {'id': 10, 'name': 'Commodore / Amiga', 'slug': 'commodore-amiga'}}]","[{'platform': {'id': 25, 'name': 'Atari 8-bit', 'slug': 'atari-8-bit', 'image': None, 'year_end': None, 'year_start': None, 'games_count': 308, 'image_background': 'https://media.rawg.io/media/screenshots/038/0385a47d3a43b218204268af5361a19e.jpg'}, 'released_at': '1982-01-01', 'requirements': {}}, {'platform': {'id': 22, 'name': 'Atari Flashback', 'slug': 'atari-flashback', 'image': None, 'year_end': None, 'year_start': None, 'games_count': 30, 'image_background': 'https://media.rawg.io/media/screenshots/2aa/2aa07f58491e14b0183333f8956bc802.jpg'}, 'released_at': '1982-01-01', 'requirements': {}}, {'platform': {'id': 23, 'name': 'Atari 2600', 'slug': 'atari-2600', 'image': None, 'year_end': None, 'year_start': None, 'games_count': 294, 'image_background': 'https://media.rawg.io/media/screenshots/ff6/ff623993a854663931c1e78d72a16a5a.jpg'}, 'released_at': '1982-01-01', 'requirements': {}}, {'platform': {'id': 31, 'name': 'Atari 5200', 'slug': 'atari-5200', 'image': None, 'year_end': None, 'year_start': None, 'games_count': 64, 'image_background': 'https://media.rawg.io/media/screenshots/678/6786598cba3939d48ed60cbd1a3723f4.jpg'}, 'released_at': '1982-01-01', 'requirements': {}}, {'platform': {'id': 166, 'name': 'Commodore / Amiga', 'slug': 'commodore-amiga', 'image': None, 'year_end': None, 'year_start': None, 'games_count': 2083, 'image_background': 'https://media.rawg.io/media/games/cce/cce8bebe861f295003f5a9fe5b11233f.jpg'}, 'released_at': '1982-01-01', 'requirements': {}}]",[],"[{'id': 11, 'name': 'Activision', 'slug': 'activision', 'games_count': 163, 'image_background': 'https://media.rawg.io/media/screenshots/d05/d0524e9b2e276dd9c8351881e897f7c9.jpg'}]",[],"[{'id': 31, 'name': 'Singleplayer', 'slug': 'singleplayer', 'language': 'eng', 'games_count': 238404, 'image_background': 'https://media.rawg.io/media/games/26d/26d4437715bee60138dab4a7c8c59c92.jpg'}]","[{'id': 10830, 'name': 'Activision Blizzard', 'slug': 'activision-blizzard', 'games_count': 691, 'image_background': 'https://media.rawg.io/media/games/445/44507fdd60a8ec02b1c3c64a293ca754.jpg'}]",,,"River Raid is a vertically scrolling shooter designed and developed by Carol Shaw and published by Activision in 1982 for the Atari 2600 video game console. Over a million game cartridges were sold. Activision later ported the title to the Atari 5200, ColecoVision, and Intellivision consoles, as well as to the Commodore 64, IBM PCjr, MSX, ZX Spectrum, and Atari 8-bit family. Shaw did the Atari 8-bit and Atari 5200 ports herself.
Activision published the less successful River Raid II in 1988. This sequel, programmed by David Lubar, has similar gameplay, but with a different landscape and increased difficulty. In 1995 River Raid was published for Microsoft Windows as part of Activision's Atari 2600 Action Pack.",3.0,17.0,6.0,8.0,12.0,,,,,,,,,,,,,
52591,spider-man-1982,Spider-Man (1982),Spider-Man (1982),"<p>Spider-Man is an action video game released in 1982 by Parker Brothers for the Atari 2600. It was the first video game to feature Spider-Man and also the first Marvel Comics based video game.<br />
In this exciting SPIDER-MAN adventure, the GREEN GOBLIN has set out to destroy New York City. Only you can save the bustling metropolis - because you&#39;re SPIDER-MAN! Quickly slip into your costume, check your web fluid cartridges, and get set to web-swing through this most dangerous mission!</p>",,[],1982-01-01,False,2025-02-27T18:25:10,https://media.rawg.io/media/games/60b/60ba7b4da3519215ca1a38c1bfe1d27a.jpg,https://media.rawg.io/media/screenshots/076/076985fc55246919eb7729a779ebe4c8.jpg,,3.15,4,"[{'id': 4, 'title': 'recommended', 'count': 6, 'percent': 46.15}, {'id': 3, 'title': 'meh', 'count': 5, 'percent': 38.46}, {'id': 1, 'title': 'skip', 'count': 2, 'percent': 15.38}]",45,0,8,0,6,0,0,,,,,0,0,0,0,13,56,[],,0,0,33,,13,0f0f0f,0f0f0f,"[{'platform': {'id': 9, 'name': 'Atari', 'slug': 'atari'}}]","[{'platform': {'id': 23, 'name': 'Atari 2600', 'slug': 'atari-2600', 'image': None, 'year_end': None, 'year_start': None, 'games_count': 294, 'image_background': 'https://media.rawg.io/media/screenshots/ff6/ff623993a854663931c1e78d72a16a5a.jpg'}, 'released_at': '1982-01-01', 'requirements': {}}]",[],"[{'id': 656, 'name': 'Atari', 'slug': 'atari', 'games_count': 137, 'image_background': 'https://media.rawg.io/media/games/0d2/0d2d6f345cd77639d65a235cb7dd0a21.jpg'}]","[{'id': 4, 'name': 'Action', 'slug': 'action', 'games_count': 186608, 'image_background': 'https://media.rawg.io/media/games/618/618c2031a07bbff6b4f611f10b6bcdbc.jpg'}, {'id': 11, 'name': 'Arcade', 'slug': 'arcade', 'games_count': 22658, 'image_background': 'https://media.rawg.io/media/games/556/556157feed9ee1f55f2b12b2973e30a3.jpg'}]","[{'id': 31, 'name': 'Singleplayer', 'slug': 'singleplayer', 'language': 'eng', 'games_count': 238404, 'image_background': 'https://media.rawg.io/media/games/26d/26d4437715bee60138dab4a7c8c59c92.jpg'}, {'id': 7, 'name': 'Multiplayer', 'slug': 'multiplayer', 'language': 'eng', 'games_count': 40505, 'image_background': 'https://media.rawg.io/media/games/021/021c4e21a1824d2526f925eff6324653.jpg'}, {'id': 351, 'name': 'Two-player', 'slug': 'two-player', 'language': 'eng', 'games_count': 272, 'image_background': 'https://media.rawg.io/media/screenshots/1c1/1c1c7ba1dc364dc71e522acd045aa428.jpg'}]","[{'id': 19460, 'name': 'Parker Brothers', 'slug': 'parker-brothers', 'games_count': 19, 'image_background': 'https://media.rawg.io/media/screenshots/c06/c06937e1c4e9a46874dcf2223de70593.jpg'}]",,,"Spider-Man is an action video game released in 1982 by Parker Brothers for the Atari 2600. It was the first video game to feature Spider-Man and also the first Marvel Comics based video game.
In this exciting SPIDER-MAN adventure, the GREEN GOBLIN has set out to destroy New York City. Only you can save the bustling metropolis - because you're SPIDER-MAN! Quickly slip into your costume, check your web fluid cartridges, and get set to web-swing through this most dangerous mission!",2.0,14.0,11.0,9.0,8.0,1.0,,,1.0,Everyone,everyone,,,,,,,
52496,burgertime-1982,BurgerTime (1982),BurgerTime (1982),"<p>BurgerTime (バーガータイム, Bāgātaimu) is a 1982 arcade game created by Data East initially for its DECO Cassette System. The player is chef Peter Pepper, who must walk over hamburger ingredients located across a maze of platforms while avoiding pursuing characters.<br />
In the United States, Data East USA licensed BurgerTime for distribution by Bally Midway as a standard dedicated arcade game. Data East also released its own version of BurgerTime in the United States through its DECO Cassette System. The Data East and Midway versions are distinguished by the manufacturer&#39;s name on the title screen and by the marquee and cabinet artworks, as the game itself is identical.<br />
The game&#39;s original Japanese title Hamburger (ハンバーガー) was changed outside of Japan to BurgerTime, reportedly to avoid potential trademark issues. In addition to all releases in the Western world, &quot;BurgerTime&quot; was also the name used on the Japanese ports and sequels.<br />
When Data East went bankrupt in 2003, G-Mode bought most of Data East&#39;s intellectual properties, including BurgerTime, BurgerTime Deluxe, Super BurgerTime, and Peter Pepper&#39;s Ice Cream Factory.</p>",,[],1982-01-01,False,2022-09-25T20:29:09,https://media.rawg.io/media/screenshots/6f9/6f995eef3b662262787ec5c544fed92d.jpg,https://media.rawg.io/media/screenshots/5ed/5edb7774082cb900d7b0a6fcdd32adf4.jpg,,3.64,4,"[{'id': 4, 'title': 'recommended', 'count': 5, 'percent': 45.45}, {'id': 3, 'title': 'meh', 'count': 5, 'percent': 45.45}, {'id': 5, 'title': 'exceptional', 'count': 1, 'percent': 9.09}]",39,0,24,0,4,0,0,,,,,0,0,0,0,10,237,"['Arcade Archives: Burger Time', 'Beef Drop', 'BurgerTime!', 'Hamburger', 'アーケードアーカイブス バーガータイム', 'ハンバーガー', 'バーガータイム', '汉堡时光', '버거 타임']",,0,0,0,,11,0f0f0f,0f0f0f,"[{'platform': {'id': 2, 'name': 'PlayStation', 'slug': 'playstation'}}, {'platform': {'id': 5, 'name': 'Apple Macintosh', 'slug': 'mac'}}, {'platform': {'id': 7, 'name': 'Nintendo', 'slug': 'nintendo'}}, {'platform': {'id': 9, 'name': 'Atari', 'slug': 'atari'}}, {'platform': {'id': 10, 'name': 'Commodore / Amiga', 'slug': 'commodore-amiga'}}]","[{'platform': {'id': 166, 'name': 'Commodore / Amiga', 'slug': 'commodore-amiga', 'image': None, 'year_end': None, 'year_start': None, 'games_count': 2083, 'image_background': 'https://media.rawg.io/media/games/cce/cce8bebe861f295003f5a9fe5b11233f.jpg'}, 'released_at': '1982-01-01', 'requirements': {}}, {'platform': {'id': 49, 'name': 'NES', 'slug': 'nes', 'image': None, 'year_end': None, 'year_start': None, 'games_count': 1015, 'image_background': 'https://media.rawg.io/media/games/7c5/7c50dd0415eb0a57505c58d4e50e4d24.jpg'}, 'released_at': '1982-01-01', 'requirements': {}}, {'platform': {'id': 41, 'name': 'Apple II', 'slug': 'apple-ii', 'image': None, 'year_end': None, 'year_start': None, 'games_count': 424, 'image_background': 'https://media.rawg.io/media/screenshots/3d2/3d2bb57b39e2efa39d1c385585b2ea8b.jpg'}, 'released_at': '1982-01-01', 'requirements': {}}, {'platform': {'id': 26, 'name': 'Game Boy', 'slug': 'game-boy', 'image': None, 'year_end': None, 'year_start': None, 'games_count': 617, 'image_background': 'https://media.rawg.io/media/games/057/0573c1c9e1f2414c1f4acabe86ee9fd9.jpg'}, 'released_at': '1982-01-01', 'requirements': {}}, {'platform': {'id': 23, 'name': 'Atari 2600', 'slug': 'atari-2600', 'image': None, 'year_end': None, 'year_start': None, 'games_count': 294, 'image_background': 'https://media.rawg.io/media/screenshots/ff6/ff623993a854663931c1e78d72a16a5a.jpg'}, 'released_at': '1982-01-01', 'requirements': {}}, {'platform': {'id': 18, 'name': 'PlayStation 4', 'slug': 'playstation4', 'image': None, 'year_end': None, 'year_start': None, 'games_count': 6916, 'image_background': 'https://media.rawg.io/media/games/f46/f466571d536f2e3ea9e815ad17177501.jpg'}, 'released_at': '1982-01-01', 'requirements': {}}, {'platform': {'id': 11, 'name': 'Wii', 'slug': 'wii', 'image': None, 'year_end': None, 'year_start': None, 'games_count': 2209, 'image_background': 'https://media.rawg.io/media/games/9ca/9ca31615beee447f3ae1dc9b3b736dce.jpg'}, 'released_at': '1982-01-01', 'requirements': {}}, {'platform': {'id': 7, 'name': 'Nintendo Switch', 'slug': 'nintendo-switch', 'image': None, 'year_end': None, 'year_start': None, 'games_count': 5623, 'image_background': 'https://media.rawg.io/media/games/f99/f9979698c43fd84c3ab69280576dd3af.jpg'}, 'released_at': '1982-01-01', 'requirements': {}}, {'platform': {'id': 28, 'name': 'Atari 7800', 'slug': 'atari-7800', 'image': None, 'year_end': None, 'year_start': None, 'games_count': 64, 'image_background': 'https://media.rawg.io/media/screenshots/565/56504b28b184dbc630a7de118e39d822.jpg'}, 'released_at': '1982-01-01', 'requirements': {}}]",[],"[{'id': 15837, 'name': 'Data East', 'slug': 'data-east', 'games_count': 71, 'image_background': 'https://media.rawg.io/media/games/3b9/3b98e6b2552b49a95f9505351ff4fba7.jpg'}]","[{'id': 4, 'name': 'Action', 'slug': 'action', 'games_count': 186608, 'image_background': 'https://media.rawg.io/media/games/618/618c2031a07bbff6b4f611f10b6bcdbc.jpg'}, {'id': 7, 'name': 'Puzzle', 'slug': 'puzzle', 'games_count': 97333, 'image_background': 'https://media.rawg.io/media/games/9f4/9f418898f5415668ca47b5f4ab1ecfeb.jpg'}, {'id': 83, 'name': 'Platformer', 'slug': 'platformer', 'games_count': 100869, 'image_background': 'https://media.rawg.io/media/games/f8c/f8c6a262ead4c16b47e1219310210eb3.jpg'}]","[{'id': 31, 'name': 'Singleplayer', 'slug': 'singleplayer', 'language': 'eng', 'games_count': 238404, 'image_background': 'https://media.rawg.io/media/games/26d/26d4437715bee60138dab4a7c8c59c92.jpg'}, {'id': 83, 'name': 'Puzzle-Platformer', 'slug': 'puzzle-platformer', 'language': 'eng', 'games_count': 9498, 'image_background': 'https://media.rawg.io/media/games/a91/a917f41bb87e4b9e7a762ac87d97a9dc.jpg'}, {'id': 1778, 'name': 'food', 'slug': 'food', 'language': 'eng', 'games_count': 4924, 'image_background': 'https://media.rawg.io/media/games/107/107181af0b03753dbfc16ec91b37bdd3.jpg'}, {'id': 418, 'name': '2 players', 'slug': '2-players', 'language': 'eng', 'games_count': 1244, 'image_background': 'https://media.rawg.io/media/screenshots/f9a/f9ac59bb4af2ca2193ee9ffb979577cf.jpg'}, {'id': 1534, 'name': 'atari', 'slug': 'atari', 'language': 'eng', 'games_count': 1158, 'image_background': 'https://media.rawg.io/media/screenshots/d10/d10fdd0fc764ad4a5d70fffa6aee1175.jpg'}, {'id': 14689, 'name': 'arcade-game', 'slug': 'arcade-game', 'language': 'eng', 'games_count': 40, 'image_background': 'https://media.rawg.io/media/screenshots/1ad/1adf4e1a40dd603997e4dcf77d1c40a9.jpg'}, {'id': 24108, 'name': 'platformer-game', 'slug': 'platformer-game', 'language': 'eng', 'games_count': 20, 'image_background': 'https://media.rawg.io/media/screenshots/bef/befa8b37f1a595bd9341bb2b423d3b51.jpg'}, {'id': 6928, 'name': 'burger', 'slug': 'burger', 'language': 'eng', 'games_count': 173, 'image_background': 'https://media.rawg.io/media/screenshots/4a9/4a9633ad0fd1e0b41f454f02b6de2ae1.jpg'}]","[{'id': 10879, 'name': 'Midway Games', 'slug': 'midway-games', 'games_count': 142, 'image_background': 'https://media.rawg.io/media/screenshots/3db/3dbec4b488796ef8e70a73389155a58f.jpg'}, {'id': 12214, 'name': 'Data East', 'slug': 'data-east', 'games_count': 64, 'image_background': 'https://media.rawg.io/media/screenshots/765/765f5b0640d1049558d0a8cc769ba227.jpg'}, {'id': 19419, 'name': 'Bally Midway', 'slug': 'bally-midway', 'games_count': 14, 'image_background': 'https://media.rawg.io/media/screenshots/a9d/a9d6ecfce2839af25e2e74ff8821094d.jpg'}]",,,"BurgerTime (バーガータイム, Bāgātaimu) is a 1982 arcade game created by Data East initially for its DECO Cassette System. The player is chef Peter Pepper, who must walk over hamburger ingredients located across a maze of platforms while avoiding pursuing characters.
In the United States, Data East USA licensed BurgerTime for distribution by Bally Midway as a standard dedicated arcade game. Data East also released its own version of BurgerTime in the United States through its DECO Cassette System. The Data East and Midway versions are distinguished by the manufacturer's name on the title screen and by the marquee and cabinet artworks, as the game itself is identical.
The game's original Japanese title Hamburger (ハンバーガー) was changed outside of Japan to BurgerTime, reportedly to avoid potential trademark issues. In addition to all releases in the Western world, ""BurgerTime"" was also the name used on the Japanese ports and sequels.
When Data East went bankrupt in 2003, G-Mode bought most of Data East's intellectual properties, including BurgerTime, BurgerTime Deluxe, Super BurgerTime, and Peter Pepper's Ice Cream Factory.",1.0,16.0,8.0,6.0,8.0,,,,,,,,,,,,,
52466,pole-position-1982,Pole Position (1982),Pole Position (1982),"<p>Pole Position (ポールポジション, Pōru Pojishon) is an arcade racing video game which was released by Namco in 1982 and licensed to Atari, Inc. for US manufacture and distribution, running on the Namco Pole Position arcade system board. The game was designed by Tōru Iwatani, who had also designed the Gee Bee games and Pac-Man. It was the most popular coin-operated arcade game of 1983, and is considered one of the most important titles from the video arcade's golden age. Pole Position was released in two configurations: a standard upright cabinet, and an environmental/cockpit cabinet. Both versions feature a steering wheel and a gear shifter for low and high gears, but the environmental/cockpit cabinet featured both an accelerator and a brake pedal, while the standard upright one only featured an accelerator pedal.</p>
<p>By 1983, it had become the highest-grossing arcade game that year in North America, where it had sold over 21,000 machines for $61 million ($155 million in 2018), in addition to earning $450 ($1141 in 2018) weekly revenues per machine. It was the most successful racing game of the classic era, spawning ports, sequels, and a Saturday morning cartoon, although the cartoon had nothing in common with the game. The game established the conventions of the racing game genre and its success inspired numerous imitators. Pole Position is regarded as one of the most influential video games of all time and ""arguably the most important racing game ever made.""</p>",,[],1982-09-01,False,2023-02-08T10:51:57,https://media.rawg.io/media/screenshots/86e/86e32f37568c6a56e77ef106f07e4c87.jpg,https://media.rawg.io/media/screenshots/6d5/6d5a95c846ef87e8ce663106a5688903.jpg,,3.0,4,"[{'id': 4, 'title': 'recommended', 'count': 4, 'percent': 40.0}, {'id': 3, 'title': 'meh', 'count': 4, 'percent': 40.0}, {'id': 1, 'title': 'skip', 'count': 2, 'percent': 20.0}]",32,0,24,0,2,0,0,,,,,0,0,0,0,10,195,[],,0,0,0,,10,0f0f0f,0f0f0f,"[{'platform': {'id': 1, 'name': 'PC', 'slug': 'pc'}}, {'platform': {'id': 9, 'name': 'Atari', 'slug': 'atari'}}, {'platform': {'id': 10, 'name': 'Commodore / Amiga', 'slug': 'commodore-amiga'}}]","[{'platform': {'id': 31, 'name': 'Atari 5200', 'slug': 'atari-5200', 'image': None, 'year_end': None, 'year_start': None, 'games_count': 64, 'image_background': 'https://media.rawg.io/media/screenshots/678/6786598cba3939d48ed60cbd1a3723f4.jpg'}, 'released_at': '1982-09-01', 'requirements': {}}, {'platform': {'id': 25, 'name': 'Atari 8-bit', 'slug': 'atari-8-bit', 'image': None, 'year_end': None, 'year_start': None, 'games_count': 308, 'image_background': 'https://media.rawg.io/media/screenshots/038/0385a47d3a43b218204268af5361a19e.jpg'}, 'released_at': '1982-09-01', 'requirements': {}}, {'platform': {'id': 23, 'name': 'Atari 2600', 'slug': 'atari-2600', 'image': None, 'year_end': None, 'year_start': None, 'games_count': 294, 'image_background': 'https://media.rawg.io/media/screenshots/ff6/ff623993a854663931c1e78d72a16a5a.jpg'}, 'released_at': '1982-09-01', 'requirements': {}}, {'platform': {'id': 4, 'name': 'PC', 'slug': 'pc', 'image': None, 'year_end': None, 'year_start': None, 'games_count': 547196, 'image_background': 'https://media.rawg.io/media/games/6fc/6fcf4cd3b17c288821388e6085bb0fc9.jpg'}, 'released_at': '1982-09-01', 'requirements': {}}, {'platform': {'id': 166, 'name': 'Commodore / Amiga', 'slug': 'commodore-amiga', 'image': None, 'year_end': None, 'year_start': None, 'games_count': 2083, 'image_background': 'https://media.rawg.io/media/games/cce/cce8bebe861f295003f5a9fe5b11233f.jpg'}, 'released_at': '1982-09-01', 'requirements': {}}]",[],"[{'id': 10055, 'name': 'NAMCO', 'slug': 'namco', 'games_count': 127, 'image_background': 'https://media.rawg.io/media/games/2ff/2ff5b06428e4b016f3b79cf299bd6596.jpg'}]","[{'id': 1, 'name': 'Racing', 'slug': 'racing', 'games_count': 25359, 'image_background': 'https://media.rawg.io/media/screenshots/69b/69bb243ea9896ddfc2e051b58e81624d.jpg'}]","[{'id': 31, 'name': 'Singleplayer', 'slug': 'singleplayer', 'language': 'eng', 'games_count': 238404, 'image_background': 'https://media.rawg.io/media/games/26d/26d4437715bee60138dab4a7c8c59c92.jpg'}]","[{'id': 1779, 'name': 'Atari', 'slug': 'atari', 'games_count': 507, 'image_background': 'https://media.rawg.io/media/games/d82/d82dbcf92ded452bf8c6fb1bbdd62e52.jpg'}, {'id': 10901, 'name': 'Namco', 'slug': 'namco', 'games_count': 215, 'image_background': 'https://media.rawg.io/media/games/fc5/fc503876ca1ca34e160e88671af86e88.jpg'}, {'id': 19434, 'name': 'JP/EU', 'slug': 'jpeu', 'games_count': 3, 'image_background': 'https://media.rawg.io/media/screenshots/86e/86e32f37568c6a56e77ef106f07e4c87.jpg'}]",,,"Pole Position (ポールポジション, Pōru Pojishon) is an arcade racing video game which was released by Namco in 1982 and licensed to Atari, Inc. for US manufacture and distribution, running on the Namco Pole Position arcade system board. The game was designed by Tōru Iwatani, who had also designed the Gee Bee games and Pac-Man. It was the most popular coin-operated arcade game of 1983, and is considered one of the most important titles from the video arcade's golden age. Pole Position was released in two configurations: a standard upright cabinet, and an environmental/cockpit cabinet. Both versions feature a steering wheel and a gear shifter for low and high gears, but the environmental/cockpit cabinet featured both an accelerator and a brake pedal, while the standard upright one only featured an accelerator pedal.
By 1983, it had become the highest-grossing arcade game that year in North America, where it had sold over 21,000 machines for $61 million ($155 million in 2018), in addition to earning $450 ($1141 in 2018) weekly revenues per machine. It was the most successful racing game of the classic era, spawning ports, sequels, and a Saturday morning cartoon, although the cartoon had nothing in common with the game. The game established the conventions of the racing game genre and its success inspired numerous imitators. Pole Position is regarded as one of the most influential video games of all time and ""arguably the most important racing game ever made.""",2.0,12.0,7.0,6.0,5.0,,,,,,,,,,,,,
53923,mule,M.U.L.E.,M.U.L.E.,"<p>M.U.L.E. is a seminal multiplayer video game originally written for the Atari 8-bit family by Ozark Softscape and published in 1983 by Electronic Arts. It was later ported to the Commodore 64, Nintendo Entertainment System, and IBM PCjr Japanese versions also exist for the PC-8801, the Sharp X1, and MSX 2 computers. While it plays like a strategy game, it incorporates aspects that simulate economics.</p>",,[],1982-12-31,False,2025-02-08T11:46:20,https://media.rawg.io/media/screenshots/fe1/fe17432ca7cfaaeee627119389f15259.jpg,https://media.rawg.io/media/screenshots/922/922c207e5f0d9524a4b2da6cb93918e1.jpg,,0.0,5,"[{'id': 5, 'title': 'exceptional', 'count': 2, 'percent': 40.0}, {'id': 3, 'title': 'meh', 'count': 2, 'percent': 40.0}, {'id': 4, 'title': 'recommended', 'count': 1, 'percent': 20.0}]",29,0,23,0,7,0,0,,,,,0,0,0,0,5,211,[],,0,0,0,,5,0f0f0f,0f0f0f,"[{'platform': {'id': 1, 'name': 'PC', 'slug': 'pc'}}, {'platform': {'id': 7, 'name': 'Nintendo', 'slug': 'nintendo'}}, {'platform': {'id': 9, 'name': 'Atari', 'slug': 'atari'}}, {'platform': {'id': 10, 'name': 'Commodore / Amiga', 'slug': 'commodore-amiga'}}]","[{'platform': {'id': 166, 'name': 'Commodore / Amiga', 'slug': 'commodore-amiga', 'image': None, 'year_end': None, 'year_start': None, 'games_count': 2083, 'image_background': 'https://media.rawg.io/media/games/cce/cce8bebe861f295003f5a9fe5b11233f.jpg'}, 'released_at': '1983-01-01', 'requirements': {}}, {'platform': {'id': 25, 'name': 'Atari 8-bit', 'slug': 'atari-8-bit', 'image': None, 'year_end': None, 'year_start': None, 'games_count': 308, 'image_background': 'https://media.rawg.io/media/screenshots/038/0385a47d3a43b218204268af5361a19e.jpg'}, 'released_at': '1983-01-01', 'requirements': {}}, {'platform': {'id': 49, 'name': 'NES', 'slug': 'nes', 'image': None, 'year_end': None, 'year_start': None, 'games_count': 1015, 'image_background': 'https://media.rawg.io/media/games/7c5/7c50dd0415eb0a57505c58d4e50e4d24.jpg'}, 'released_at': '1983-01-01', 'requirements': {}}, {'platform': {'id': 4, 'name': 'PC', 'slug': 'pc', 'image': None, 'year_end': None, 'year_start': None, 'games_count': 547196, 'image_background': 'https://media.rawg.io/media/games/6fc/6fcf4cd3b17c288821388e6085bb0fc9.jpg'}, 'released_at': '1982-12-31', 'requirements': {}}]","[{'id': 560150, 'url': '', 'store': {'id': 5, 'name': 'GOG', 'slug': 'gog', 'domain': 'gog.com', 'games_count': 6713, 'image_background': 'https://media.rawg.io/media/games/5c0/5c0dd63002cb23f804aab327d40ef119.jpg'}}]","[{'id': 26685, 'name': 'Eastridge Technology', 'slug': 'eastridge-technology', 'games_count': 5, 'image_background': 'https://media.rawg.io/media/screenshots/fe1/fe17432ca7cfaaeee627119389f15259.jpg'}, {'id': 11041, 'name': 'Ozark Softscape', 'slug': 'ozark-softscape', 'games_count': 9, 'image_background': 'https://media.rawg.io/media/screenshots/01f/01f4cb7a08fd6305894df55114d33533.jpg'}, {'id': 26617, 'name': 'Bullet Proof Software', 'slug': 'bullet-proof-software-2', 'games_count': 3, 'image_background': 'https://media.rawg.io/media/screenshots/fe1/fe17432ca7cfaaeee627119389f15259.jpg'}]",[],"[{'id': 31, 'name': 'Singleplayer', 'slug': 'singleplayer', 'language': 'eng', 'games_count': 238404, 'image_background': 'https://media.rawg.io/media/games/26d/26d4437715bee60138dab4a7c8c59c92.jpg'}, {'id': 7, 'name': 'Multiplayer', 'slug': 'multiplayer', 'language': 'eng', 'games_count': 40505, 'image_background': 'https://media.rawg.io/media/games/021/021c4e21a1824d2526f925eff6324653.jpg'}]","[{'id': 354, 'name': 'Electronic Arts', 'slug': 'electronic-arts', 'games_count': 1332, 'image_background': 'https://media.rawg.io/media/games/45b/45b57ed59de4b84effd8f6bc4b7bf515.jpg'}, {'id': 19708, 'name': 'Ariolasoft', 'slug': 'ariolasoft', 'games_count': 19, 'image_background': 'https://media.rawg.io/media/screenshots/f4b/f4b8e0b7e42013d1051cca8ce9c55df9.jpg'}, {'id': 19694, 'name': 'Bullet Proof Software', 'slug': 'bullet-proof-software-2', 'games_count': 2, 'image_background': 'https://media.rawg.io/media/screenshots/fe1/fe17432ca7cfaaeee627119389f15259.jpg'}, {'id': 47897, 'name': 'Ozark Softscape', 'slug': 'ozark-softscape', 'games_count': 1, 'image_background': 'https://media.rawg.io/media/screenshots/fe1/fe17432ca7cfaaeee627119389f15259.jpg'}]",,,"M.U.L.E. is a seminal multiplayer video game originally written for the Atari 8-bit family by Ozark Softscape and published in 1983 by Electronic Arts. It was later ported to the Commodore 64, Nintendo Entertainment System, and IBM PCjr Japanese versions also exist for the PC-8801, the Sharp X1, and MSX 2 computers. While it plays like a strategy game, it incorporates aspects that simulate economics.",2.0,17.0,5.0,3.0,1.0,1.0,,,,,,,,,,,,
52566,pooyan,Pooyan,Pooyan,"<p>Pooyan (プーヤン) is an arcade game released by Konami in Japan in 1982. It was manufactured in North America by Stern Electronics. The player controls ""Mama"", a pig whose babies have been kidnapped by a group of wolves.</p>",,[],1982-01-01,False,2023-03-23T20:38:07,https://media.rawg.io/media/screenshots/230/23015a54a2bd9fddd4d1a887cb29bbbf.jpg,https://media.rawg.io/media/screenshots/304/3041e4dda3bc40c4202bdc918413e9d1.jpg,,3.38,3,"[{'id': 3, 'title': 'meh', 'count': 5, 'percent': 62.5}, {'id': 4, 'title': 'recommended', 'count': 3, 'percent': 37.5}]",28,0,22,0,1,0,0,,,,,0,0,0,1,7,198,[],,0,0,0,,8,0f0f0f,0f0f0f,"[{'platform': {'id': 5, 'name': 'Apple Macintosh', 'slug': 'mac'}}, {'platform': {'id': 7, 'name': 'Nintendo', 'slug': 'nintendo'}}, {'platform': {'id': 9, 'name': 'Atari', 'slug': 'atari'}}, {'platform': {'id': 10, 'name': 'Commodore / Amiga', 'slug': 'commodore-amiga'}}]","[{'platform': {'id': 11, 'name': 'Wii', 'slug': 'wii', 'image': None, 'year_end': None, 'year_start': None, 'games_count': 2209, 'image_background': 'https://media.rawg.io/media/games/9ca/9ca31615beee447f3ae1dc9b3b736dce.jpg'}, 'released_at': '1982-01-01', 'requirements': {}}, {'platform': {'id': 41, 'name': 'Apple II', 'slug': 'apple-ii', 'image': None, 'year_end': None, 'year_start': None, 'games_count': 424, 'image_background': 'https://media.rawg.io/media/screenshots/3d2/3d2bb57b39e2efa39d1c385585b2ea8b.jpg'}, 'released_at': '1982-01-01', 'requirements': {}}, {'platform': {'id': 25, 'name': 'Atari 8-bit', 'slug': 'atari-8-bit', 'image': None, 'year_end': None, 'year_start': None, 'games_count': 308, 'image_background': 'https://media.rawg.io/media/screenshots/038/0385a47d3a43b218204268af5361a19e.jpg'}, 'released_at': '1982-01-01', 'requirements': {}}, {'platform': {'id': 10, 'name': 'Wii U', 'slug': 'wii-u', 'image': None, 'year_end': None, 'year_start': None, 'games_count': 1114, 'image_background': 'https://media.rawg.io/media/games/85c/85c8ae70e7cdf0105f06ef6bdce63b8b.jpg'}, 'released_at': '1982-01-01', 'requirements': {}}, {'platform': {'id': 49, 'name': 'NES', 'slug': 'nes', 'image': None, 'year_end': None, 'year_start': None, 'games_count': 1015, 'image_background': 'https://media.rawg.io/media/games/7c5/7c50dd0415eb0a57505c58d4e50e4d24.jpg'}, 'released_at': '1982-01-01', 'requirements': {}}, {'platform': {'id': 23, 'name': 'Atari 2600', 'slug': 'atari-2600', 'image': None, 'year_end': None, 'year_start': None, 'games_count': 294, 'image_background': 'https://media.rawg.io/media/screenshots/ff6/ff623993a854663931c1e78d72a16a5a.jpg'}, 'released_at': '1982-01-01', 'requirements': {}}, {'platform': {'id': 166, 'name': 'Commodore / Amiga', 'slug': 'commodore-amiga', 'image': None, 'year_end': None, 'year_start': None, 'games_count': 2083, 'image_background': 'https://media.rawg.io/media/games/cce/cce8bebe861f295003f5a9fe5b11233f.jpg'}, 'released_at': '1982-01-01', 'requirements': {}}]",[],"[{'id': 1971, 'name': 'Konami Digital Entertainment', 'slug': 'konami-digital-entertainment', 'games_count': 467, 'image_background': 'https://media.rawg.io/media/games/d56/d56412cd670313ef306da64669c381d8.jpg'}]",[],"[{'id': 31, 'name': 'Singleplayer', 'slug': 'singleplayer', 'language': 'eng', 'games_count': 238404, 'image_background': 'https://media.rawg.io/media/games/26d/26d4437715bee60138dab4a7c8c59c92.jpg'}, {'id': 418, 'name': '2 players', 'slug': '2-players', 'language': 'eng', 'games_count': 1244, 'image_background': 'https://media.rawg.io/media/screenshots/f9a/f9ac59bb4af2ca2193ee9ffb979577cf.jpg'}, {'id': 376, 'name': 'playing alternately', 'slug': 'playing-alternately', 'language': 'eng', 'games_count': 1, 'image_background': 'https://media.rawg.io/media/screenshots/230/23015a54a2bd9fddd4d1a887cb29bbbf.jpg'}]","[{'id': 10691, 'name': 'Konami', 'slug': 'konami', 'games_count': 788, 'image_background': 'https://media.rawg.io/media/games/85e/85e4c8a78cf9b82b5ed19262fe00c00f.jpg'}]",,,"Pooyan (プーヤン) is an arcade game released by Konami in Japan in 1982. It was manufactured in North America by Stern Electronics. The player controls ""Mama"", a pig whose babies have been kidnapped by a group of wolves.",,7.0,6.0,3.0,12.0,,,,,,,,1.0,,,,,
31393,hobbit-the-1987,The Hobbit (1982),The Hobbit (1982),"<p>The Hobbit (1982) is an action-adventure game developed by Melbourne House, Inevitable Entertainment and Midway Studios - Austin. It was originally released in 1982. It was published by Vivendi. The game is rated as ""Recommended"" on RAWG. <br>The Hobbit (1982) is available on PC, GameCube, Classic Macintosh and Game Boy Advance. <br>Gregg Barnett and Jaime Grieves produced the game. It was directed by Gregg Barnett. Dave Adams and Rod Abernethy scored the game. <br></p>",,[],1982-01-01,False,2023-02-08T10:51:56,https://media.rawg.io/media/screenshots/8ae/8ae4c17de6cc52c71d06a5bfae603a7d.jpg,https://media.rawg.io/media/screenshots/b01/b013e9ee9e68b377167dc9eae9f155f8.jpg,,0.0,0,"[{'id': 4, 'title': 'recommended', 'count': 1, 'percent': 33.33}, {'id': 3, 'title': 'meh', 'count': 1, 'percent': 33.33}, {'id': 1, 'title': 'skip', 'count': 1, 'percent': 33.33}]",26,0,25,0,13,0,0,,,,,0,0,0,0,3,265,[],,0,0,0,,3,0f0f0f,0f0f0f,"[{'platform': {'id': 1, 'name': 'PC', 'slug': 'pc'}}, {'platform': {'id': 5, 'name': 'Apple Macintosh', 'slug': 'mac'}}, {'platform': {'id': 7, 'name': 'Nintendo', 'slug': 'nintendo'}}, {'platform': {'id': 10, 'name': 'Commodore / Amiga', 'slug': 'commodore-amiga'}}]","[{'platform': {'id': 4, 'name': 'PC', 'slug': 'pc', 'image': None, 'year_end': None, 'year_start': None, 'games_count': 547196, 'image_background': 'https://media.rawg.io/media/games/6fc/6fcf4cd3b17c288821388e6085bb0fc9.jpg'}, 'released_at': '1987-01-01', 'requirements': {}}, {'platform': {'id': 105, 'name': 'GameCube', 'slug': 'gamecube', 'image': None, 'year_end': None, 'year_start': None, 'games_count': 634, 'image_background': 'https://media.rawg.io/media/games/45f/45f6d31b0fcefe029e33d258a7beb6a2.jpg'}, 'released_at': '2003-10-24', 'requirements': {}}, {'platform': {'id': 55, 'name': 'Classic Macintosh', 'slug': 'macintosh', 'image': None, 'year_end': None, 'year_start': None, 'games_count': 675, 'image_background': 'https://media.rawg.io/media/games/38a/38af969459ad6e5de116ec8a4a84218c.jpg'}, 'released_at': '2003-10-24', 'requirements': {}}, {'platform': {'id': 24, 'name': 'Game Boy Advance', 'slug': 'game-boy-advance', 'image': None, 'year_end': None, 'year_start': None, 'games_count': 950, 'image_background': 'https://media.rawg.io/media/games/98c/98c87b286cd2a2ba942167df384a9bd3.jpg'}, 'released_at': '2003-10-24', 'requirements': {}}, {'platform': {'id': 41, 'name': 'Apple II', 'slug': 'apple-ii', 'image': None, 'year_end': None, 'year_start': None, 'games_count': 424, 'image_background': 'https://media.rawg.io/media/screenshots/3d2/3d2bb57b39e2efa39d1c385585b2ea8b.jpg'}, 'released_at': '2003-10-24', 'requirements': {}}, {'platform': {'id': 166, 'name': 'Commodore / Amiga', 'slug': 'commodore-amiga', 'image': None, 'year_end': None, 'year_start': None, 'games_count': 2083, 'image_background': 'https://media.rawg.io/media/games/cce/cce8bebe861f295003f5a9fe5b11233f.jpg'}, 'released_at': '2003-10-24', 'requirements': {}}]",[],"[{'id': 14843, 'name': 'Melbourne House', 'slug': 'melbourne-house', 'games_count': 14, 'image_background': 'https://media.rawg.io/media/screenshots/1e5/1e509541cad9a5496dfdb9496556550f.jpg'}, {'id': 26362, 'name': 'Inevitable Entertainment', 'slug': 'inevitable-entertainment', 'games_count': 3, 'image_background': 'https://media.rawg.io/media/screenshots/835/83550dc9484bb81e0d5e89b0ee403025.jpg'}, {'id': 13916, 'name': 'Midway Studios - Austin', 'slug': 'midway-studios-austin', 'games_count': 1, 'image_background': 'https://media.rawg.io/media/screenshots/23b/23b432db6e27e42b7438f86d578fb6fe.jpg'}, {'id': 17007, 'name': 'The Fizz Factor', 'slug': 'the-fizz-factor', 'games_count': 3, 'image_background': 'https://media.rawg.io/media/screenshots/8ae/8ae4c17de6cc52c71d06a5bfae603a7d.jpg'}]","[{'id': 4, 'name': 'Action', 'slug': 'action', 'games_count': 186608, 'image_background': 'https://media.rawg.io/media/games/618/618c2031a07bbff6b4f611f10b6bcdbc.jpg'}, {'id': 3, 'name': 'Adventure', 'slug': 'adventure', 'games_count': 146481, 'image_background': 'https://media.rawg.io/media/games/b6b/b6b20bfc4b34e312dbc8aac53c95a348.jpg'}]","[{'id': 31, 'name': 'Singleplayer', 'slug': 'singleplayer', 'language': 'eng', 'games_count': 238404, 'image_background': 'https://media.rawg.io/media/games/26d/26d4437715bee60138dab4a7c8c59c92.jpg'}]","[{'id': 10887, 'name': 'Sierra Entertainment', 'slug': 'sierra-entertainment', 'games_count': 112, 'image_background': 'https://media.rawg.io/media/screenshots/058/058a71868ab884d1022023f21f2c6a47.jpg'}, {'id': 19761, 'name': 'Vivendi', 'slug': 'vivendi', 'games_count': 5, 'image_background': 'https://media.rawg.io/media/screenshots/72c/72c147582502fb5c4e5ba160840ebdd4.jpg'}, {'id': 11640, 'name': 'Melbourne House', 'slug': 'melbourne-house', 'games_count': 20, 'image_background': 'https://media.rawg.io/media/screenshots/4b5/4b5da9777256bee3ad67ce22db580604.jpg'}]",,,,2.0,9.0,5.0,8.0,2.0,,,,,,,,,0.0,,,,
52422,et-the-extra-terrestrial,E.T. the Extra-Terrestrial,E.T. the Extra-Terrestrial,"<p>E.T. the Extra-Terrestrial (also referred to simply as E.T.) is a 1982 adventure video game developed and published by Atari, Inc. for the Atari 2600 video game console. It is based on the film of the same name, and was designed by Howard Scott Warshaw. The objective of the game is to guide the eponymous character through various screens in a cubic world to collect three pieces of an interplanetary telephone that will allow him to contact his home planet.</p>
<p>Warshaw intended the game to be an innovative adaptation of the film, and Atari thought it would achieve high sales figures based on its connection with the film, which was extremely popular throughout the world. Negotiations to secure the rights to make the game ended in late July 1982, giving Warshaw only 5 and a half weeks to develop the game in time for the 1982 Christmas season. The final release was critically panned, with nearly every aspect of the game facing heavy criticism. E.T. is often cited as one of the worst video games of all time and one of the biggest commercial failures in video game history. It is considered to be one of the most significant titles in the history of video games, as it is cited as a major contributing factor to the video game industry crash of 1983, and has been frequently referenced and mocked in popular culture in the years since its release, often being used as a cautionary tale about the dangers of rushed game development and studio interference.</p>
<p>Reports from 1983 gave way to urban legend stating that as a result of overproduction and returns, millions of unsold cartridges were buried in an Alamogordo, New Mexico landfill. In 2013, plans were revealed to conduct an excavation to determine the accuracy of reports about the burial, and in April of the following year, the diggers confirmed that the Alamogordo burial did include E.T. cartridges among other titles. James Heller, the former Atari manager who was in charge of the original burial, was also on hand at the excavation and revealed to the Associated Press that 728,000 cartridges of various titles were buried.</p>",,[],1982-12-01,False,2025-01-18T00:33:37,https://media.rawg.io/media/screenshots/9a0/9a065d9004a6847570b50ac7f2d799ff.jpg,https://media.rawg.io/media/screenshots/fca/fcad7ae2ff3ade1a6650e88e0780398b.jpg,,1.73,1,"[{'id': 1, 'title': 'skip', 'count': 7, 'percent': 63.64}, {'id': 3, 'title': 'meh', 'count': 4, 'percent': 36.36}]",26,0,5,0,1,0,0,,,,,0,0,0,2,9,62,[],,0,2,4,,11,0f0f0f,0f0f0f,"[{'platform': {'id': 9, 'name': 'Atari', 'slug': 'atari'}}]","[{'platform': {'id': 23, 'name': 'Atari 2600', 'slug': 'atari-2600', 'image': None, 'year_end': None, 'year_start': None, 'games_count': 294, 'image_background': 'https://media.rawg.io/media/screenshots/ff6/ff623993a854663931c1e78d72a16a5a.jpg'}, 'released_at': '1982-12-01', 'requirements': {}}]",[],"[{'id': 656, 'name': 'Atari', 'slug': 'atari', 'games_count': 137, 'image_background': 'https://media.rawg.io/media/games/0d2/0d2d6f345cd77639d65a235cb7dd0a21.jpg'}]","[{'id': 3, 'name': 'Adventure', 'slug': 'adventure', 'games_count': 146481, 'image_background': 'https://media.rawg.io/media/games/b6b/b6b20bfc4b34e312dbc8aac53c95a348.jpg'}]","[{'id': 31, 'name': 'Singleplayer', 'slug': 'singleplayer', 'language': 'eng', 'games_count': 238404, 'image_background': 'https://media.rawg.io/media/games/26d/26d4437715bee60138dab4a7c8c59c92.jpg'}]","[{'id': 1779, 'name': 'Atari', 'slug': 'atari', 'games_count': 507, 'image_background': 'https://media.rawg.io/media/games/d82/d82dbcf92ded452bf8c6fb1bbdd62e52.jpg'}]",,,"E.T. the Extra-Terrestrial (also referred to simply as E.T.) is a 1982 adventure video game developed and published by Atari, Inc. for the Atari 2600 video game console. It is based on the film of the same name, and was designed by Howard Scott Warshaw. The objective of the game is to guide the eponymous character through various screens in a cubic world to collect three pieces of an interplanetary telephone that will allow him to contact his home planet.
Warshaw intended the game to be an innovative adaptation of the film, and Atari thought it would achieve high sales figures based on its connection with the film, which was extremely popular throughout the world. Negotiations to secure the rights to make the game ended in late July 1982, giving Warshaw only 5 and a half weeks to develop the game in time for the 1982 Christmas season. The final release was critically panned, with nearly every aspect of the game facing heavy criticism. E.T. is often cited as one of the worst video games of all time and one of the biggest commercial failures in video game history. It is considered to be one of the most significant titles in the history of video games, as it is cited as a major contributing factor to the video game industry crash of 1983, and has been frequently referenced and mocked in popular culture in the years since its release, often being used as a cautionary tale about the dangers of rushed game development and studio interference.
Reports from 1983 gave way to urban legend stating that as a result of overproduction and returns, millions of unsold cartridges were buried in an Alamogordo, New Mexico landfill. In 2013, plans were revealed to conduct an excavation to determine the accuracy of reports about the burial, and in April of the following year, the diggers confirmed that the Alamogordo burial did include E.T. cartridges among other titles. James Heller, the former Atari manager who was in charge of the original burial, was also on hand at the excavation and revealed to the Associated Press that 728,000 cartridges of various titles were buried.",1.0,10.0,6.0,4.0,5.0,,,,,,,,1.0,,1.0,,,
54596,super-pac-man,Super Pac-Man,Super Pac-Man,"<p>Super Pac-Man is the fourth title of the Pac-Man series of games, released in Japan on August 11, 1982 and North America on October 1, 1982 and it is the fourth starring Pac-Man himself. It is also the second game to be created by series originator Namco, as Ms. Pac-Man (the second in the series) and Pac-Man Plus (released a few months before Super Pac-Man) were created without Namco&#39;s involvement.</p>",,[],1982-05-17,False,2023-11-16T16:17:03,https://media.rawg.io/media/screenshots/a79/a79dd45912c3d5f54783ac4ff97ce8d6.jpg,https://media.rawg.io/media/screenshots/f7e/f7ee7058077d17a1caf9f2fa6db0f582.jpg,,3.71,4,"[{'id': 4, 'title': 'recommended', 'count': 5, 'percent': 71.43}, {'id': 3, 'title': 'meh', 'count': 2, 'percent': 28.57}]",25,0,10,0,2,0,0,,,,,0,0,0,0,7,200,[],,0,0,28,,7,0f0f0f,0f0f0f,"[{'platform': {'id': 1, 'name': 'PC', 'slug': 'pc'}}, {'platform': {'id': 9, 'name': 'Atari', 'slug': 'atari'}}, {'platform': {'id': 10, 'name': 'Commodore / Amiga', 'slug': 'commodore-amiga'}}]","[{'platform': {'id': 4, 'name': 'PC', 'slug': 'pc', 'image': None, 'year_end': None, 'year_start': None, 'games_count': 547196, 'image_background': 'https://media.rawg.io/media/games/6fc/6fcf4cd3b17c288821388e6085bb0fc9.jpg'}, 'released_at': '1982-05-17', 'requirements': {}}, {'platform': {'id': 28, 'name': 'Atari 7800', 'slug': 'atari-7800', 'image': None, 'year_end': None, 'year_start': None, 'games_count': 64, 'image_background': 'https://media.rawg.io/media/screenshots/565/56504b28b184dbc630a7de118e39d822.jpg'}, 'released_at': '1982-05-17', 'requirements': {}}, {'platform': {'id': 166, 'name': 'Commodore / Amiga', 'slug': 'commodore-amiga', 'image': None, 'year_end': None, 'year_start': None, 'games_count': 2083, 'image_background': 'https://media.rawg.io/media/games/cce/cce8bebe861f295003f5a9fe5b11233f.jpg'}, 'released_at': '1982-05-17', 'requirements': {}}]",[],"[{'id': 10055, 'name': 'NAMCO', 'slug': 'namco', 'games_count': 127, 'image_background': 'https://media.rawg.io/media/games/2ff/2ff5b06428e4b016f3b79cf299bd6596.jpg'}, {'id': 13227, 'name': 'Beam Software', 'slug': 'beam-software', 'games_count': 73, 'image_background': 'https://media.rawg.io/media/screenshots/27e/27e552bc7ab2c13154ea7bc1e75c8c97.jpg'}]",[],"[{'id': 31, 'name': 'Singleplayer', 'slug': 'singleplayer', 'language': 'eng', 'games_count': 238404, 'image_background': 'https://media.rawg.io/media/games/26d/26d4437715bee60138dab4a7c8c59c92.jpg'}, {'id': 418, 'name': '2 players', 'slug': '2-players', 'language': 'eng', 'games_count': 1244, 'image_background': 'https://media.rawg.io/media/screenshots/f9a/f9ac59bb4af2ca2193ee9ffb979577cf.jpg'}, {'id': 348, 'name': 'alternating turns', 'slug': 'alternating-turns', 'language': 'eng', 'games_count': 64, 'image_background': 'https://media.rawg.io/media/games/6f8/6f8fb1e98393f72b47f1f909d5b649d4.jpg'}]","[{'id': 10901, 'name': 'Namco', 'slug': 'namco', 'games_count': 215, 'image_background': 'https://media.rawg.io/media/games/fc5/fc503876ca1ca34e160e88671af86e88.jpg'}, {'id': 20106, 'name': 'Bally/Midway Manufacturing', 'slug': 'ballymidway-manufacturing', 'games_count': 1, 'image_background': 'https://media.rawg.io/media/screenshots/a79/a79dd45912c3d5f54783ac4ff97ce8d6.jpg'}]",,,"Super Pac-Man is the fourth title of the Pac-Man series of games, released in Japan on August 11, 1982 and North America on October 1, 1982 and it is the fourth starring Pac-Man himself. It is also the second game to be created by series originator Namco, as Ms. Pac-Man (the second in the series) and Pac-Man Plus (released a few months before Super Pac-Man) were created without Namco's involvement.",3.0,8.0,8.0,3.0,3.0,,,,,,,,,,,,,
30131,paratrooper,Paratrooper,Paratrooper,"<p>Paratrooper is a shooter-arcade game developed by Orion Software and Greg Kuperberg. It came out on 01-01-1982. It was published by Orion Software. The game is rated as ""Meh"" on RAWG. <br>Paratrooper is available on PC. </p>

<p></p>",,[],1982-01-01,False,2023-02-08T10:51:57,https://media.rawg.io/media/screenshots/21c/21c80aa0c726f0f3308c25912cef2912.jpg,,,2.5,3,"[{'id': 3, 'title': 'meh', 'count': 3, 'percent': 50.0}, {'id': 1, 'title': 'skip', 'count': 2, 'percent': 33.33}, {'id': 4, 'title': 'recommended', 'count': 1, 'percent': 16.67}]",25,0,1,0,0,0,0,,,,,0,0,0,0,6,15,[],,0,0,0,,6,0f0f0f,0f0f0f,"[{'platform': {'id': 1, 'name': 'PC', 'slug': 'pc'}}]","[{'platform': {'id': 4, 'name': 'PC', 'slug': 'pc', 'image': None, 'year_end': None, 'year_start': None, 'games_count': 547196, 'image_background': 'https://media.rawg.io/media/games/6fc/6fcf4cd3b17c288821388e6085bb0fc9.jpg'}, 'released_at': '1982-01-01', 'requirements': {}}]",[],"[{'id': 14865, 'name': 'Orion Software', 'slug': 'orion-software', 'games_count': 2, 'image_background': 'https://media.rawg.io/media/screenshots/647/647056c8bd259d323400d21967f9a4aa.jpg'}, {'id': 27876, 'name': 'Greg Kuperberg', 'slug': 'greg-kuperberg', 'games_count': 1, 'image_background': 'https://media.rawg.io/media/screenshots/21c/21c80aa0c726f0f3308c25912cef2912.jpg'}]","[{'id': 2, 'name': 'Shooter', 'slug': 'shooter', 'games_count': 59560, 'image_background': 'https://media.rawg.io/media/games/d58/d588947d4286e7b5e0e12e1bea7d9844.jpg'}, {'id': 11, 'name': 'Arcade', 'slug': 'arcade', 'games_count': 22658, 'image_background': 'https://media.rawg.io/media/games/556/556157feed9ee1f55f2b12b2973e30a3.jpg'}]","[{'id': 31, 'name': 'Singleplayer', 'slug': 'singleplayer', 'language': 'eng', 'games_count': 238404, 'image_background': 'https://media.rawg.io/media/games/26d/26d4437715bee60138dab4a7c8c59c92.jpg'}]","[{'id': 11722, 'name': 'Orion Software', 'slug': 'orion-software', 'games_count': 2, 'image_background': 'https://media.rawg.io/media/screenshots/21c/21c80aa0c726f0f3308c25912cef2912.jpg'}]",,,,1.0,9.0,6.0,3.0,5.0,1.0,,,,,,,,,,,,
54147,wizardry-ii-the-knight-of-diamonds,Wizardry II: The Knight of Diamonds,Wizardry II: The Knight of Diamonds,<p>Wizardry II: The Knight of Diamonds (originally known as Wizardry: Knight of Diamonds - The Second Scenario) is the second game in the Wizardry series of role-playing video games. It was published in 1982 by Sir-Tech.</p>,,[],1982-01-01,False,2024-01-06T10:50:45,https://media.rawg.io/media/screenshots/057/057adca4db598e00693de31296e6d7e4.jpg,https://media.rawg.io/media/screenshots/a33/a33f5268cf1f30e786e7bfa373eef3b6.jpg,,0.0,0,"[{'id': 3, 'title': 'meh', 'count': 2, 'percent': 66.67}, {'id': 1, 'title': 'skip', 'count': 1, 'percent': 33.33}]",22,0,12,0,2,0,0,,,,,0,0,0,0,3,269,[],,0,0,7,,3,0f0f0f,0f0f0f,"[{'platform': {'id': 1, 'name': 'PC', 'slug': 'pc'}}, {'platform': {'id': 5, 'name': 'Apple Macintosh', 'slug': 'mac'}}, {'platform': {'id': 7, 'name': 'Nintendo', 'slug': 'nintendo'}}, {'platform': {'id': 10, 'name': 'Commodore / Amiga', 'slug': 'commodore-amiga'}}]","[{'platform': {'id': 166, 'name': 'Commodore / Amiga', 'slug': 'commodore-amiga', 'image': None, 'year_end': None, 'year_start': None, 'games_count': 2083, 'image_background': 'https://media.rawg.io/media/games/cce/cce8bebe861f295003f5a9fe5b11233f.jpg'}, 'released_at': '1982-01-01', 'requirements': {}}, {'platform': {'id': 55, 'name': 'Classic Macintosh', 'slug': 'macintosh', 'image': None, 'year_end': None, 'year_start': None, 'games_count': 675, 'image_background': 'https://media.rawg.io/media/games/38a/38af969459ad6e5de116ec8a4a84218c.jpg'}, 'released_at': '1982-01-01', 'requirements': {}}, {'platform': {'id': 49, 'name': 'NES', 'slug': 'nes', 'image': None, 'year_end': None, 'year_start': None, 'games_count': 1015, 'image_background': 'https://media.rawg.io/media/games/7c5/7c50dd0415eb0a57505c58d4e50e4d24.jpg'}, 'released_at': '1982-01-01', 'requirements': {}}, {'platform': {'id': 43, 'name': 'Game Boy Color', 'slug': 'game-boy-color', 'image': None, 'year_end': None, 'year_start': None, 'games_count': 427, 'image_background': 'https://media.rawg.io/media/games/28b/28b088364ecab7870dffc3b710104734.jpg'}, 'released_at': '1982-01-01', 'requirements': {}}, {'platform': {'id': 4, 'name': 'PC', 'slug': 'pc', 'image': None, 'year_end': None, 'year_start': None, 'games_count': 547196, 'image_background': 'https://media.rawg.io/media/games/6fc/6fcf4cd3b17c288821388e6085bb0fc9.jpg'}, 'released_at': '1982-01-01', 'requirements': {}}, {'platform': {'id': 41, 'name': 'Apple II', 'slug': 'apple-ii', 'image': None, 'year_end': None, 'year_start': None, 'games_count': 424, 'image_background': 'https://media.rawg.io/media/screenshots/3d2/3d2bb57b39e2efa39d1c385585b2ea8b.jpg'}, 'released_at': '1982-01-01', 'requirements': {}}]",[],"[{'id': 7826, 'name': 'Sir-Tech', 'slug': 'sir-tech', 'games_count': 10, 'image_background': 'https://media.rawg.io/media/screenshots/189/18953e3b95307fc84611d35197c7a3cc.jpg'}]","[{'id': 5, 'name': 'RPG', 'slug': 'role-playing-games-rpg', 'games_count': 59370, 'image_background': 'https://media.rawg.io/media/games/f6b/f6bed028b02369d4cab548f4f9337e81.jpg'}]","[{'id': 31, 'name': 'Singleplayer', 'slug': 'singleplayer', 'language': 'eng', 'games_count': 238404, 'image_background': 'https://media.rawg.io/media/games/26d/26d4437715bee60138dab4a7c8c59c92.jpg'}]","[{'id': 19647, 'name': 'Sir-Tech', 'slug': 'sir-tech', 'games_count': 9, 'image_background': 'https://media.rawg.io/media/screenshots/c53/c53198668d7174dc0d94d4d2bf319bc3.jpg'}]",,,Wizardry II: The Knight of Diamonds (originally known as Wizardry: Knight of Diamonds - The Second Scenario) is the second game in the Wizardry series of role-playing video games. It was published in 1982 by Sir-Tech.,1.0,7.0,3.0,8.0,3.0,,,,,,,,,0.0,,,,
52603,star-wars-the-empire-strikes-back,Star Wars: The Empire Strikes Back,Star Wars: The Empire Strikes Back,<p>Star Wars: The Empire Strikes Back is a scrolling shooter video game written by Rex Bradford for the Atari 2600 and published by Parker Brothers in 1982. It was the first licensed Star Wars video game. The game was released in 1983 for the Intellivision.</p>,,[],1982-01-01,False,2023-04-16T20:27:33,https://media.rawg.io/media/screenshots/9f9/9f996355f08c246bee254db2510267e5.jpg,https://media.rawg.io/media/screenshots/4f8/4f811ce2866a765b3058e79db9bb065d.jpg,,0.0,4,"[{'id': 4, 'title': 'recommended', 'count': 2, 'percent': 40.0}, {'id': 3, 'title': 'meh', 'count': 2, 'percent': 40.0}, {'id': 5, 'title': 'exceptional', 'count': 1, 'percent': 20.0}]",22,0,6,0,1,0,0,,,,,0,0,0,1,4,51,['The Empire Strikes Back'],,0,0,57,,5,0f0f0f,0f0f0f,"[{'platform': {'id': 9, 'name': 'Atari', 'slug': 'atari'}}]","[{'platform': {'id': 23, 'name': 'Atari 2600', 'slug': 'atari-2600', 'image': None, 'year_end': None, 'year_start': None, 'games_count': 294, 'image_background': 'https://media.rawg.io/media/screenshots/ff6/ff623993a854663931c1e78d72a16a5a.jpg'}, 'released_at': '1982-01-01', 'requirements': {}}]",[],"[{'id': 25978, 'name': 'Parker Brothers', 'slug': 'parker-brothers', 'games_count': 7, 'image_background': 'https://media.rawg.io/media/screenshots/b4d/b4d6b718197121e14efa7dc796f532ac.jpg'}]","[{'id': 4, 'name': 'Action', 'slug': 'action', 'games_count': 186608, 'image_background': 'https://media.rawg.io/media/games/618/618c2031a07bbff6b4f611f10b6bcdbc.jpg'}, {'id': 2, 'name': 'Shooter', 'slug': 'shooter', 'games_count': 59560, 'image_background': 'https://media.rawg.io/media/games/d58/d588947d4286e7b5e0e12e1bea7d9844.jpg'}, {'id': 11, 'name': 'Arcade', 'slug': 'arcade', 'games_count': 22658, 'image_background': 'https://media.rawg.io/media/games/556/556157feed9ee1f55f2b12b2973e30a3.jpg'}]","[{'id': 31, 'name': 'Singleplayer', 'slug': 'singleplayer', 'language': 'eng', 'games_count': 238404, 'image_background': 'https://media.rawg.io/media/games/26d/26d4437715bee60138dab4a7c8c59c92.jpg'}, {'id': 7, 'name': 'Multiplayer', 'slug': 'multiplayer', 'language': 'eng', 'games_count': 40505, 'image_background': 'https://media.rawg.io/media/games/021/021c4e21a1824d2526f925eff6324653.jpg'}, {'id': 365, 'name': 'Two Players', 'slug': 'two-players', 'language': 'eng', 'games_count': 19, 'image_background': 'https://media.rawg.io/media/screenshots/a65/a6596e72e293821e2fcabaf1fa9871d2.jpg'}, {'id': 379, 'name': 'One', 'slug': 'one', 'language': 'eng', 'games_count': 38, 'image_background': 'https://media.rawg.io/media/screenshots/814/814ea074d6b0b31d5f8cbc68c4b280fd.jpg'}]","[{'id': 19460, 'name': 'Parker Brothers', 'slug': 'parker-brothers', 'games_count': 19, 'image_background': 'https://media.rawg.io/media/screenshots/c06/c06937e1c4e9a46874dcf2223de70593.jpg'}]",,,Star Wars: The Empire Strikes Back is a scrolling shooter video game written by Rex Bradford for the Atari 2600 and published by Parker Brothers in 1982. It was the first licensed Star Wars video game. The game was released in 1983 for the Intellivision.,2.0,8.0,6.0,5.0,1.0,,,,,,,,,,,1.0,,
52533,front-line,Front Line,Front Line,"<p>Front Line (フロントライン, Furonto Rain) is a military-themed run &amp; gun shooter game released by Taito for arcades in 1982. It was one of the first video games to feature a ground combat theme and grenades, a precursor to many similarly-themed games of the mid to late 1980s. The original arcade version of Front Line consists of a joystick, a single button, and a rotary dial that can be pushed in like a button. The single button is used to throw grenades and to enter and exit tanks, while the rotary dial controls and fires the player's gun.</p>
<p>The game was created by Tetsuya Sasaki. He was influenced by Space Invaders and Galaga. 1985's Ikari Warriors follows the conventions established by Front Line, including the vertically scrolling levels, entering/exiting tanks, and not dying when an occupied tank is destroyed.</p>",,[],1982-01-01,False,2025-03-01T06:02:13,https://media.rawg.io/media/screenshots/a8c/a8c02e3206a6d19cc18628ce19f4dc59.jpg,https://media.rawg.io/media/screenshots/d80/d80c6440ddeaa8cf92c3e911d4878e57.jpg,,0.0,3,"[{'id': 3, 'title': 'meh', 'count': 3, 'percent': 60.0}, {'id': 4, 'title': 'recommended', 'count': 2, 'percent': 40.0}]",22,0,12,0,1,0,0,,,,,0,0,0,0,5,219,[],,0,0,0,,5,0f0f0f,0f0f0f,"[{'platform': {'id': 2, 'name': 'PlayStation', 'slug': 'playstation'}}, {'platform': {'id': 7, 'name': 'Nintendo', 'slug': 'nintendo'}}, {'platform': {'id': 9, 'name': 'Atari', 'slug': 'atari'}}]","[{'platform': {'id': 8, 'name': 'Nintendo 3DS', 'slug': 'nintendo-3ds', 'image': None, 'year_end': None, 'year_start': None, 'games_count': 1682, 'image_background': 'https://media.rawg.io/media/screenshots/42d/42d770eb49f2ba01cd4045e0d92af7a9.jpg'}, 'released_at': '1982-01-01', 'requirements': {}}, {'platform': {'id': 18, 'name': 'PlayStation 4', 'slug': 'playstation4', 'image': None, 'year_end': None, 'year_start': None, 'games_count': 6916, 'image_background': 'https://media.rawg.io/media/games/f46/f466571d536f2e3ea9e815ad17177501.jpg'}, 'released_at': '1982-01-01', 'requirements': {}}, {'platform': {'id': 11, 'name': 'Wii', 'slug': 'wii', 'image': None, 'year_end': None, 'year_start': None, 'games_count': 2209, 'image_background': 'https://media.rawg.io/media/games/9ca/9ca31615beee447f3ae1dc9b3b736dce.jpg'}, 'released_at': '1982-01-01', 'requirements': {}}, {'platform': {'id': 22, 'name': 'Atari Flashback', 'slug': 'atari-flashback', 'image': None, 'year_end': None, 'year_start': None, 'games_count': 30, 'image_background': 'https://media.rawg.io/media/screenshots/2aa/2aa07f58491e14b0183333f8956bc802.jpg'}, 'released_at': '1982-01-01', 'requirements': {}}, {'platform': {'id': 10, 'name': 'Wii U', 'slug': 'wii-u', 'image': None, 'year_end': None, 'year_start': None, 'games_count': 1114, 'image_background': 'https://media.rawg.io/media/games/85c/85c8ae70e7cdf0105f06ef6bdce63b8b.jpg'}, 'released_at': '1982-01-01', 'requirements': {}}, {'platform': {'id': 49, 'name': 'NES', 'slug': 'nes', 'image': None, 'year_end': None, 'year_start': None, 'games_count': 1015, 'image_background': 'https://media.rawg.io/media/games/7c5/7c50dd0415eb0a57505c58d4e50e4d24.jpg'}, 'released_at': '1982-01-01', 'requirements': {}}, {'platform': {'id': 23, 'name': 'Atari 2600', 'slug': 'atari-2600', 'image': None, 'year_end': None, 'year_start': None, 'games_count': 294, 'image_background': 'https://media.rawg.io/media/screenshots/ff6/ff623993a854663931c1e78d72a16a5a.jpg'}, 'released_at': '1982-01-01', 'requirements': {}}]",[],"[{'id': 6586, 'name': 'Taito', 'slug': 'taito', 'games_count': 158, 'image_background': 'https://media.rawg.io/media/screenshots/89d/89d33b5f76431cbbc5c8a8f89c98825d.jpeg'}]",[],"[{'id': 31, 'name': 'Singleplayer', 'slug': 'singleplayer', 'language': 'eng', 'games_count': 238404, 'image_background': 'https://media.rawg.io/media/games/26d/26d4437715bee60138dab4a7c8c59c92.jpg'}, {'id': 7, 'name': 'Multiplayer', 'slug': 'multiplayer', 'language': 'eng', 'games_count': 40505, 'image_background': 'https://media.rawg.io/media/games/021/021c4e21a1824d2526f925eff6324653.jpg'}]","[{'id': 10867, 'name': 'Taito', 'slug': 'taito', 'games_count': 200, 'image_background': 'https://media.rawg.io/media/games/541/541de539db14b477a5ae9973f6ea8193.jpg'}]",,,"Front Line (フロントライン, Furonto Rain) is a military-themed run & gun shooter game released by Taito for arcades in 1982. It was one of the first video games to feature a ground combat theme and grenades, a precursor to many similarly-themed games of the mid to late 1980s. The original arcade version of Front Line consists of a joystick, a single button, and a rotary dial that can be pushed in like a button. The single button is used to throw grenades and to enter and exit tanks, while the rotary dial controls and fires the player's gun.
The game was created by Tetsuya Sasaki. He was influenced by Space Invaders and Galaga. 1985's Ikari Warriors follows the conventions established by Front Line, including the vertically scrolling levels, entering/exiting tanks, and not dying when an occupied tank is destroyed.",1.0,6.0,7.0,2.0,6.0,,,,,,,,,,,,,
55176,zork-iii,Zork III,Zork III,"<p>Zork III: The Dungeon Master is an interactive fiction video game written by Marc Blank, Dave Lebling, Bruce Daniels and Tim Anderson and published by Infocom in 1982. It was the third game in the popular Zork trilogy and was released for a wide range of computer systems. It is Infocom's fourth game.</p>",,[],1982-01-01,False,2023-02-08T10:51:55,https://media.rawg.io/media/screenshots/bc4/bc4b3b4fe85708c02ae41ec58010a84e.jpg,https://media.rawg.io/media/screenshots/e4f/e4f62ebc592116301e929781dac5eff2.jpg,,0.0,1,"[{'id': 1, 'title': 'skip', 'count': 2, 'percent': 40.0}, {'id': 5, 'title': 'exceptional', 'count': 1, 'percent': 20.0}, {'id': 4, 'title': 'recommended', 'count': 1, 'percent': 20.0}, {'id': 3, 'title': 'meh', 'count': 1, 'percent': 20.0}]",21,0,24,0,4,0,0,,,,,0,0,0,0,5,170,[],,0,0,0,,5,0f0f0f,0f0f0f,"[{'platform': {'id': 1, 'name': 'PC', 'slug': 'pc'}}, {'platform': {'id': 5, 'name': 'Apple Macintosh', 'slug': 'mac'}}, {'platform': {'id': 9, 'name': 'Atari', 'slug': 'atari'}}, {'platform': {'id': 10, 'name': 'Commodore / Amiga', 'slug': 'commodore-amiga'}}]","[{'platform': {'id': 34, 'name': 'Atari ST', 'slug': 'atari-st', 'image': None, 'year_end': None, 'year_start': None, 'games_count': 836, 'image_background': 'https://media.rawg.io/media/games/637/637d7dc2f44d0f6ddd3ee2c0b1366962.jpg'}, 'released_at': '1982-01-01', 'requirements': {}}, {'platform': {'id': 55, 'name': 'Classic Macintosh', 'slug': 'macintosh', 'image': None, 'year_end': None, 'year_start': None, 'games_count': 675, 'image_background': 'https://media.rawg.io/media/games/38a/38af969459ad6e5de116ec8a4a84218c.jpg'}, 'released_at': '1982-01-01', 'requirements': {}}, {'platform': {'id': 41, 'name': 'Apple II', 'slug': 'apple-ii', 'image': None, 'year_end': None, 'year_start': None, 'games_count': 424, 'image_background': 'https://media.rawg.io/media/screenshots/3d2/3d2bb57b39e2efa39d1c385585b2ea8b.jpg'}, 'released_at': '1982-01-01', 'requirements': {}}, {'platform': {'id': 25, 'name': 'Atari 8-bit', 'slug': 'atari-8-bit', 'image': None, 'year_end': None, 'year_start': None, 'games_count': 308, 'image_background': 'https://media.rawg.io/media/screenshots/038/0385a47d3a43b218204268af5361a19e.jpg'}, 'released_at': '1982-01-01', 'requirements': {}}, {'platform': {'id': 166, 'name': 'Commodore / Amiga', 'slug': 'commodore-amiga', 'image': None, 'year_end': None, 'year_start': None, 'games_count': 2083, 'image_background': 'https://media.rawg.io/media/games/cce/cce8bebe861f295003f5a9fe5b11233f.jpg'}, 'released_at': '1982-01-01', 'requirements': {}}, {'platform': {'id': 4, 'name': 'PC', 'slug': 'pc', 'image': None, 'year_end': None, 'year_start': None, 'games_count': 547196, 'image_background': 'https://media.rawg.io/media/games/6fc/6fcf4cd3b17c288821388e6085bb0fc9.jpg'}, 'released_at': '1982-01-01', 'requirements': {}}]",[],"[{'id': 12929, 'name': 'Infocom', 'slug': 'infocom', 'games_count': 48, 'image_background': 'https://media.rawg.io/media/screenshots/782/7822ae77e839fa2db05cd53d08225dd8.jpg'}]",[],"[{'id': 31, 'name': 'Singleplayer', 'slug': 'singleplayer', 'language': 'eng', 'games_count': 238404, 'image_background': 'https://media.rawg.io/media/games/26d/26d4437715bee60138dab4a7c8c59c92.jpg'}]","[{'id': 20264, 'name': 'Personal Software', 'slug': 'personal-software', 'games_count': 4, 'image_background': 'https://media.rawg.io/media/screenshots/7c6/7c6d04869e4fb95a84e12318e2f7788f.jpg'}]",,,"Zork III: The Dungeon Master is an interactive fiction video game written by Marc Blank, Dave Lebling, Bruce Daniels and Tim Anderson and published by Infocom in 1982. It was the third game in the popular Zork trilogy and was released for a wide range of computer systems. It is Infocom's fourth game.",2.0,9.0,4.0,4.0,2.0,,,,,,,,,,,,,
52495,bump-n-jump,Bump 'n' Jump,Bump 'n' Jump,"<p>Bump &#39;n&#39; Jump, known in Japan as Burnin&#39; Rubber (バーニンラバー, Bānin Rabā), is a 1982 Japanese arcade game created by Data East Corporation, released as both a dedicated board and as part of their DECO Cassette System. The game was published in North America by Bally Midway.<br />
In Bump &#39;n&#39; Jump the goal is to drive from the beginning of a level to the end while bumping enemy vehicles into obstacles and jumping over various large obstacles such as bodies of water.</p>",,[],1982-01-01,False,2024-01-24T09:46:52,https://media.rawg.io/media/games/3b9/3b98e6b2552b49a95f9505351ff4fba7.jpg,https://media.rawg.io/media/screenshots/fa1/fa1ce6a833d7942089c19ee265b93be6.jpg,,3.86,4,"[{'id': 4, 'title': 'recommended', 'count': 4, 'percent': 57.14}, {'id': 3, 'title': 'meh', 'count': 2, 'percent': 28.57}, {'id': 5, 'title': 'exceptional', 'count': 1, 'percent': 14.29}]",21,0,14,0,3,0,0,,,,,0,0,0,0,6,340,"['Buggy Popper ', ""Burnin' Rubber"", 'Bānin Rabā', 'バーニンラバー']",,0,0,0,,7,0f0f0f,0f0f0f,"[{'platform': {'id': 2, 'name': 'PlayStation', 'slug': 'playstation'}}, {'platform': {'id': 7, 'name': 'Nintendo', 'slug': 'nintendo'}}, {'platform': {'id': 9, 'name': 'Atari', 'slug': 'atari'}}, {'platform': {'id': 10, 'name': 'Commodore / Amiga', 'slug': 'commodore-amiga'}}]","[{'platform': {'id': 49, 'name': 'NES', 'slug': 'nes', 'image': None, 'year_end': None, 'year_start': None, 'games_count': 1015, 'image_background': 'https://media.rawg.io/media/games/7c5/7c50dd0415eb0a57505c58d4e50e4d24.jpg'}, 'released_at': '1982-01-01', 'requirements': {}}, {'platform': {'id': 23, 'name': 'Atari 2600', 'slug': 'atari-2600', 'image': None, 'year_end': None, 'year_start': None, 'games_count': 294, 'image_background': 'https://media.rawg.io/media/screenshots/ff6/ff623993a854663931c1e78d72a16a5a.jpg'}, 'released_at': '1982-01-01', 'requirements': {}}, {'platform': {'id': 7, 'name': 'Nintendo Switch', 'slug': 'nintendo-switch', 'image': None, 'year_end': None, 'year_start': None, 'games_count': 5623, 'image_background': 'https://media.rawg.io/media/games/f99/f9979698c43fd84c3ab69280576dd3af.jpg'}, 'released_at': '1982-01-01', 'requirements': {}}, {'platform': {'id': 18, 'name': 'PlayStation 4', 'slug': 'playstation4', 'image': None, 'year_end': None, 'year_start': None, 'games_count': 6916, 'image_background': 'https://media.rawg.io/media/games/f46/f466571d536f2e3ea9e815ad17177501.jpg'}, 'released_at': '1982-01-01', 'requirements': {}}, {'platform': {'id': 166, 'name': 'Commodore / Amiga', 'slug': 'commodore-amiga', 'image': None, 'year_end': None, 'year_start': None, 'games_count': 2083, 'image_background': 'https://media.rawg.io/media/games/cce/cce8bebe861f295003f5a9fe5b11233f.jpg'}, 'released_at': '1982-01-01', 'requirements': {}}, {'platform': {'id': 17, 'name': 'PSP', 'slug': 'psp', 'image': None, 'year_end': None, 'year_start': None, 'games_count': 1374, 'image_background': 'https://media.rawg.io/media/games/9ca/9ca31615beee447f3ae1dc9b3b736dce.jpg'}, 'released_at': '1982-01-01', 'requirements': {}}]",[],"[{'id': 15837, 'name': 'Data East', 'slug': 'data-east', 'games_count': 71, 'image_background': 'https://media.rawg.io/media/games/3b9/3b98e6b2552b49a95f9505351ff4fba7.jpg'}, {'id': 25967, 'name': 'Sakata SAS', 'slug': 'sakata-sas', 'games_count': 6, 'image_background': 'https://media.rawg.io/media/screenshots/471/4718ee3ee8f6fbe5738ea7f4fc547e12.jpg'}]","[{'id': 1, 'name': 'Racing', 'slug': 'racing', 'games_count': 25359, 'image_background': 'https://media.rawg.io/media/screenshots/69b/69bb243ea9896ddfc2e051b58e81624d.jpg'}, {'id': 11, 'name': 'Arcade', 'slug': 'arcade', 'games_count': 22658, 'image_background': 'https://media.rawg.io/media/games/556/556157feed9ee1f55f2b12b2973e30a3.jpg'}]","[{'id': 31, 'name': 'Singleplayer', 'slug': 'singleplayer', 'language': 'eng', 'games_count': 238404, 'image_background': 'https://media.rawg.io/media/games/26d/26d4437715bee60138dab4a7c8c59c92.jpg'}, {'id': 7, 'name': 'Multiplayer', 'slug': 'multiplayer', 'language': 'eng', 'games_count': 40505, 'image_background': 'https://media.rawg.io/media/games/021/021c4e21a1824d2526f925eff6324653.jpg'}]","[{'id': 12214, 'name': 'Data East', 'slug': 'data-east', 'games_count': 64, 'image_background': 'https://media.rawg.io/media/screenshots/765/765f5b0640d1049558d0a8cc769ba227.jpg'}, {'id': 19419, 'name': 'Bally Midway', 'slug': 'bally-midway', 'games_count': 14, 'image_background': 'https://media.rawg.io/media/screenshots/a9d/a9d6ecfce2839af25e2e74ff8821094d.jpg'}]",,,"Bump 'n' Jump, known in Japan as Burnin' Rubber (バーニンラバー, Bānin Rabā), is a 1982 Japanese arcade game created by Data East Corporation, released as both a dedicated board and as part of their DECO Cassette System. The game was published in North America by Bally Midway.
In Bump 'n' Jump the goal is to drive from the beginning of a level to the end while bumping enemy vehicles into obstacles and jumping over various large obstacles such as bodies of water.",1.0,8.0,5.0,3.0,4.0,,,,1.0,Everyone,everyone,,,,,,,
52474,yars-revenge-2,Yars' Revenge,Yars' Revenge,<p>Yars' Revenge is a video game released for the Atari 2600 in 1982. It was created by Howard Scott Warshaw. Yars' Revenge was Atari's best-selling original title for the 2600.</p>,,[],1982-05-01,False,2019-08-28T22:26:31,https://media.rawg.io/media/screenshots/c54/c54935c4ae4ab456891b22f6c466c070.jpg,https://media.rawg.io/media/screenshots/1b6/1b637cc26bc115ff46861bccdcf43801.jpg,,0.0,0,"[{'id': 3, 'title': 'meh', 'count': 2, 'percent': 66.67}, {'id': 4, 'title': 'recommended', 'count': 1, 'percent': 33.33}]",21,0,8,0,2,0,0,,,,,0,0,0,0,3,139,[],,0,0,0,,3,0f0f0f,0f0f0f,"[{'platform': {'id': 7, 'name': 'Nintendo', 'slug': 'nintendo'}}, {'platform': {'id': 9, 'name': 'Atari', 'slug': 'atari'}}]","[{'platform': {'id': 24, 'name': 'Game Boy Advance', 'slug': 'game-boy-advance', 'image': None, 'year_end': None, 'year_start': None, 'games_count': 950, 'image_background': 'https://media.rawg.io/media/games/98c/98c87b286cd2a2ba942167df384a9bd3.jpg'}, 'released_at': '1982-05-01', 'requirements': {}}, {'platform': {'id': 22, 'name': 'Atari Flashback', 'slug': 'atari-flashback', 'image': None, 'year_end': None, 'year_start': None, 'games_count': 30, 'image_background': 'https://media.rawg.io/media/screenshots/2aa/2aa07f58491e14b0183333f8956bc802.jpg'}, 'released_at': '1982-05-01', 'requirements': {}}, {'platform': {'id': 43, 'name': 'Game Boy Color', 'slug': 'game-boy-color', 'image': None, 'year_end': None, 'year_start': None, 'games_count': 427, 'image_background': 'https://media.rawg.io/media/games/28b/28b088364ecab7870dffc3b710104734.jpg'}, 'released_at': '1982-05-01', 'requirements': {}}, {'platform': {'id': 23, 'name': 'Atari 2600', 'slug': 'atari-2600', 'image': None, 'year_end': None, 'year_start': None, 'games_count': 294, 'image_background': 'https://media.rawg.io/media/screenshots/ff6/ff623993a854663931c1e78d72a16a5a.jpg'}, 'released_at': '1982-05-01', 'requirements': {}}]",[],"[{'id': 656, 'name': 'Atari', 'slug': 'atari', 'games_count': 137, 'image_background': 'https://media.rawg.io/media/games/0d2/0d2d6f345cd77639d65a235cb7dd0a21.jpg'}]",[],"[{'id': 31, 'name': 'Singleplayer', 'slug': 'singleplayer', 'language': 'eng', 'games_count': 238404, 'image_background': 'https://media.rawg.io/media/games/26d/26d4437715bee60138dab4a7c8c59c92.jpg'}]","[{'id': 1779, 'name': 'Atari', 'slug': 'atari', 'games_count': 507, 'image_background': 'https://media.rawg.io/media/games/d82/d82dbcf92ded452bf8c6fb1bbdd62e52.jpg'}]",,,Yars' Revenge is a video game released for the Atari 2600 in 1982. It was created by Howard Scott Warshaw. Yars' Revenge was Atari's best-selling original title for the 2600.,1.0,9.0,7.0,2.0,2.0,,,,,,,,,0.0,,,,
52437,moon-patrol,Moon Patrol,Moon Patrol,"<p>Moon Patrol (ムーンパトロール, Mūn Patorōru) is an arcade game by Irem released in 1982. It was licensed to Williams for distribution in North America. Moon Patrol is widely credited for the introduction of parallax scrolling in side-scrolling video games. Taito's Jungle Hunt side-scroller, released the same year as Moon Patrol, also features parallax scrolling.</p>",,[],1982-01-01,False,2019-01-09T12:41:06,https://media.rawg.io/media/screenshots/5ac/5acc7b914088562d89bd14d1a13acb40.jpg,https://media.rawg.io/media/screenshots/367/3672d1d040003dd44d25d8dafb8f2083.jpg,,3.43,4,"[{'id': 4, 'title': 'recommended', 'count': 5, 'percent': 71.43}, {'id': 3, 'title': 'meh', 'count': 1, 'percent': 14.29}, {'id': 1, 'title': 'skip', 'count': 1, 'percent': 14.29}]",21,0,24,0,1,0,0,,,,,0,0,0,0,7,266,[],,0,0,0,,7,0f0f0f,0f0f0f,"[{'platform': {'id': 5, 'name': 'Apple Macintosh', 'slug': 'mac'}}, {'platform': {'id': 9, 'name': 'Atari', 'slug': 'atari'}}, {'platform': {'id': 10, 'name': 'Commodore / Amiga', 'slug': 'commodore-amiga'}}]","[{'platform': {'id': 34, 'name': 'Atari ST', 'slug': 'atari-st', 'image': None, 'year_end': None, 'year_start': None, 'games_count': 836, 'image_background': 'https://media.rawg.io/media/games/637/637d7dc2f44d0f6ddd3ee2c0b1366962.jpg'}, 'released_at': '1982-01-01', 'requirements': {}}, {'platform': {'id': 31, 'name': 'Atari 5200', 'slug': 'atari-5200', 'image': None, 'year_end': None, 'year_start': None, 'games_count': 64, 'image_background': 'https://media.rawg.io/media/screenshots/678/6786598cba3939d48ed60cbd1a3723f4.jpg'}, 'released_at': '1982-01-01', 'requirements': {}}, {'platform': {'id': 41, 'name': 'Apple II', 'slug': 'apple-ii', 'image': None, 'year_end': None, 'year_start': None, 'games_count': 424, 'image_background': 'https://media.rawg.io/media/screenshots/3d2/3d2bb57b39e2efa39d1c385585b2ea8b.jpg'}, 'released_at': '1982-01-01', 'requirements': {}}, {'platform': {'id': 25, 'name': 'Atari 8-bit', 'slug': 'atari-8-bit', 'image': None, 'year_end': None, 'year_start': None, 'games_count': 308, 'image_background': 'https://media.rawg.io/media/screenshots/038/0385a47d3a43b218204268af5361a19e.jpg'}, 'released_at': '1982-01-01', 'requirements': {}}, {'platform': {'id': 23, 'name': 'Atari 2600', 'slug': 'atari-2600', 'image': None, 'year_end': None, 'year_start': None, 'games_count': 294, 'image_background': 'https://media.rawg.io/media/screenshots/ff6/ff623993a854663931c1e78d72a16a5a.jpg'}, 'released_at': '1982-01-01', 'requirements': {}}, {'platform': {'id': 166, 'name': 'Commodore / Amiga', 'slug': 'commodore-amiga', 'image': None, 'year_end': None, 'year_start': None, 'games_count': 2083, 'image_background': 'https://media.rawg.io/media/games/cce/cce8bebe861f295003f5a9fe5b11233f.jpg'}, 'released_at': '1982-01-01', 'requirements': {}}]",[],"[{'id': 19513, 'name': 'Irem', 'slug': 'irem', 'games_count': 45, 'image_background': 'https://media.rawg.io/media/screenshots/40d/40d10bba809775a9a58fb4dfffa4a956.jpg'}]",[],"[{'id': 418, 'name': '2 players', 'slug': '2-players', 'language': 'eng', 'games_count': 1244, 'image_background': 'https://media.rawg.io/media/screenshots/f9a/f9ac59bb4af2ca2193ee9ffb979577cf.jpg'}]","[{'id': 1779, 'name': 'Atari', 'slug': 'atari', 'games_count': 507, 'image_background': 'https://media.rawg.io/media/games/d82/d82dbcf92ded452bf8c6fb1bbdd62e52.jpg'}, {'id': 19417, 'name': 'WMS Industries', 'slug': 'wms-industries', 'games_count': 10, 'image_background': 'https://media.rawg.io/media/screenshots/746/74611799f79eb84894560bece6215dfd.jpg'}, {'id': 11859, 'name': 'Atarisoft', 'slug': 'atarisoft', 'games_count': 7, 'image_background': 'https://media.rawg.io/media/screenshots/565/56504b28b184dbc630a7de118e39d822.jpg'}, {'id': 10896, 'name': 'IREM', 'slug': 'irem', 'games_count': 50, 'image_background': 'https://media.rawg.io/media/screenshots/474/4749fa343d4c4143d034f4a4fe6f71d7.jpg'}, {'id': 19413, 'name': 'Williams Electronics', 'slug': 'williams-electronics', 'games_count': 6, 'image_background': 'https://media.rawg.io/media/screenshots/d52/d52afddc37af47e86700b1e25b1c02fe.jpg'}]",,,"Moon Patrol (ムーンパトロール, Mūn Patorōru) is an arcade game by Irem released in 1982. It was licensed to Williams for distribution in North America. Moon Patrol is widely credited for the introduction of parallax scrolling in side-scrolling video games. Taito's Jungle Hunt side-scroller, released the same year as Moon Patrol, also features parallax scrolling.",,10.0,5.0,2.0,4.0,,,,,,,,,,,,,
52441,millipede,Millipede,Millipede,"<p>Millipede is a 1982 arcade game by Atari, Inc. and is the sequel to the arcade hit, Centipede, with more gameplay variety and a wider array of insects than the original. The objective is to score as many points as possible by destroying all segments of the millipede as it moves toward the bottom of the screen, as well as destroying and avoiding other enemies. The game is played with a trackball and a single fire button, which can be held down for rapid-fire. The game is over when the player's last life is lost.</p>
<p>Millipede was ported to the Atari 2600, Atari 8-bit family, Atari ST, and later the Nintendo Entertainment System.</p>",,[],1982-01-01,False,2023-02-09T02:31:07,https://media.rawg.io/media/screenshots/d9f/d9f65fe252e322c8945956b6ce526c27.jpg,https://media.rawg.io/media/screenshots/cf2/cf2563976d6b910164fbe281357feae4.jpg,,0.0,0,"[{'id': 3, 'title': 'meh', 'count': 3, 'percent': 100.0}]",19,0,12,0,5,0,0,,,,,0,0,0,1,2,217,[],,0,0,0,,3,0f0f0f,0f0f0f,"[{'platform': {'id': 1, 'name': 'PC', 'slug': 'pc'}}, {'platform': {'id': 7, 'name': 'Nintendo', 'slug': 'nintendo'}}, {'platform': {'id': 9, 'name': 'Atari', 'slug': 'atari'}}]","[{'platform': {'id': 34, 'name': 'Atari ST', 'slug': 'atari-st', 'image': None, 'year_end': None, 'year_start': None, 'games_count': 836, 'image_background': 'https://media.rawg.io/media/games/637/637d7dc2f44d0f6ddd3ee2c0b1366962.jpg'}, 'released_at': '1982-01-01', 'requirements': {}}, {'platform': {'id': 25, 'name': 'Atari 8-bit', 'slug': 'atari-8-bit', 'image': None, 'year_end': None, 'year_start': None, 'games_count': 308, 'image_background': 'https://media.rawg.io/media/screenshots/038/0385a47d3a43b218204268af5361a19e.jpg'}, 'released_at': '1982-01-01', 'requirements': {}}, {'platform': {'id': 26, 'name': 'Game Boy', 'slug': 'game-boy', 'image': None, 'year_end': None, 'year_start': None, 'games_count': 617, 'image_background': 'https://media.rawg.io/media/games/057/0573c1c9e1f2414c1f4acabe86ee9fd9.jpg'}, 'released_at': '1982-01-01', 'requirements': {}}, {'platform': {'id': 4, 'name': 'PC', 'slug': 'pc', 'image': None, 'year_end': None, 'year_start': None, 'games_count': 547196, 'image_background': 'https://media.rawg.io/media/games/6fc/6fcf4cd3b17c288821388e6085bb0fc9.jpg'}, 'released_at': '1982-01-01', 'requirements': {}}, {'platform': {'id': 24, 'name': 'Game Boy Advance', 'slug': 'game-boy-advance', 'image': None, 'year_end': None, 'year_start': None, 'games_count': 950, 'image_background': 'https://media.rawg.io/media/games/98c/98c87b286cd2a2ba942167df384a9bd3.jpg'}, 'released_at': '1982-01-01', 'requirements': {}}, {'platform': {'id': 49, 'name': 'NES', 'slug': 'nes', 'image': None, 'year_end': None, 'year_start': None, 'games_count': 1015, 'image_background': 'https://media.rawg.io/media/games/7c5/7c50dd0415eb0a57505c58d4e50e4d24.jpg'}, 'released_at': '1982-01-01', 'requirements': {}}, {'platform': {'id': 23, 'name': 'Atari 2600', 'slug': 'atari-2600', 'image': None, 'year_end': None, 'year_start': None, 'games_count': 294, 'image_background': 'https://media.rawg.io/media/screenshots/ff6/ff623993a854663931c1e78d72a16a5a.jpg'}, 'released_at': '1982-01-01', 'requirements': {}}]",[],"[{'id': 656, 'name': 'Atari', 'slug': 'atari', 'games_count': 137, 'image_background': 'https://media.rawg.io/media/games/0d2/0d2d6f345cd77639d65a235cb7dd0a21.jpg'}]",[],"[{'id': 418, 'name': '2 players', 'slug': '2-players', 'language': 'eng', 'games_count': 1244, 'image_background': 'https://media.rawg.io/media/screenshots/f9a/f9ac59bb4af2ca2193ee9ffb979577cf.jpg'}, {'id': 348, 'name': 'alternating turns', 'slug': 'alternating-turns', 'language': 'eng', 'games_count': 64, 'image_background': 'https://media.rawg.io/media/games/6f8/6f8fb1e98393f72b47f1f909d5b649d4.jpg'}]","[{'id': 1779, 'name': 'Atari', 'slug': 'atari', 'games_count': 507, 'image_background': 'https://media.rawg.io/media/games/d82/d82dbcf92ded452bf8c6fb1bbdd62e52.jpg'}]",,,"Millipede is a 1982 arcade game by Atari, Inc. and is the sequel to the arcade hit, Centipede, with more gameplay variety and a wider array of insects than the original. The objective is to score as many points as possible by destroying all segments of the millipede as it moves toward the bottom of the screen, as well as destroying and avoiding other enemies. The game is played with a trackball and a single fire button, which can be held down for rapid-fire. The game is over when the player's last life is lost.
Millipede was ported to the Atari 2600, Atari 8-bit family, Atari ST, and later the Nintendo Entertainment System.",2.0,6.0,4.0,3.0,4.0,,,,,,,,,0.0,,,,
52432,jungle-hunt,Jungle Hunt,Jungle Hunt,"<p>Jungle Hunt (ジヤングル・ハン卜) is a right-to-left side-scrolling arcade game produced and released by Taito in 1982. It was initially released as Jungle King. Jungle Hunt is one of the first video games to use parallax scrolling.<br />
The player controls an unnamed explorer, sporting a pith helmet and safari suit, attempting to rescue his girl from a tribe of cannibals by swinging from vine to vine, swimming a crocodile-infested river, and avoiding rolling rocks. Taito released a re-skinned version of the game as Pirate Pete.<br />
Atari published home ports under their own brand for the Atari 2600, Atari 5200, and Atari 8-bit family. The rest were released under the Atarisoft label: Apple II, ColecoVision, Commodore 64, VIC-20, IBM PC (as a PC booter), and TI-99/4A. It was re-released, via emulation, as part of Taito Legends for Windows, PlayStation 2, and Xbox.<br />
In the Atari-ported versions the hero is named Sir Dudley, and the girl, married to Sir Dudley, is Lady Penelope.</p>",,[],1982-03-18,False,2019-08-17T03:24:31,https://media.rawg.io/media/screenshots/f62/f62622b050cc909138f9dd89aec94819.jpg,https://media.rawg.io/media/screenshots/b51/b51107ed5fde07fc6e659c21488e4df1.jpg,,0.0,0,"[{'id': 4, 'title': 'recommended', 'count': 1, 'percent': 50.0}, {'id': 3, 'title': 'meh', 'count': 1, 'percent': 50.0}]",18,0,20,0,0,0,0,,,,,0,0,0,0,2,174,[],,0,0,0,,2,0f0f0f,0f0f0f,"[{'platform': {'id': 5, 'name': 'Apple Macintosh', 'slug': 'mac'}}, {'platform': {'id': 9, 'name': 'Atari', 'slug': 'atari'}}, {'platform': {'id': 10, 'name': 'Commodore / Amiga', 'slug': 'commodore-amiga'}}]","[{'platform': {'id': 22, 'name': 'Atari Flashback', 'slug': 'atari-flashback', 'image': None, 'year_end': None, 'year_start': None, 'games_count': 30, 'image_background': 'https://media.rawg.io/media/screenshots/2aa/2aa07f58491e14b0183333f8956bc802.jpg'}, 'released_at': '1982-03-18', 'requirements': {}}, {'platform': {'id': 23, 'name': 'Atari 2600', 'slug': 'atari-2600', 'image': None, 'year_end': None, 'year_start': None, 'games_count': 294, 'image_background': 'https://media.rawg.io/media/screenshots/ff6/ff623993a854663931c1e78d72a16a5a.jpg'}, 'released_at': '1982-03-18', 'requirements': {}}, {'platform': {'id': 25, 'name': 'Atari 8-bit', 'slug': 'atari-8-bit', 'image': None, 'year_end': None, 'year_start': None, 'games_count': 308, 'image_background': 'https://media.rawg.io/media/screenshots/038/0385a47d3a43b218204268af5361a19e.jpg'}, 'released_at': '1982-03-18', 'requirements': {}}, {'platform': {'id': 31, 'name': 'Atari 5200', 'slug': 'atari-5200', 'image': None, 'year_end': None, 'year_start': None, 'games_count': 64, 'image_background': 'https://media.rawg.io/media/screenshots/678/6786598cba3939d48ed60cbd1a3723f4.jpg'}, 'released_at': '1982-03-18', 'requirements': {}}, {'platform': {'id': 41, 'name': 'Apple II', 'slug': 'apple-ii', 'image': None, 'year_end': None, 'year_start': None, 'games_count': 424, 'image_background': 'https://media.rawg.io/media/screenshots/3d2/3d2bb57b39e2efa39d1c385585b2ea8b.jpg'}, 'released_at': '1982-03-18', 'requirements': {}}, {'platform': {'id': 166, 'name': 'Commodore / Amiga', 'slug': 'commodore-amiga', 'image': None, 'year_end': None, 'year_start': None, 'games_count': 2083, 'image_background': 'https://media.rawg.io/media/games/cce/cce8bebe861f295003f5a9fe5b11233f.jpg'}, 'released_at': '1982-03-18', 'requirements': {}}]",[],"[{'id': 656, 'name': 'Atari', 'slug': 'atari', 'games_count': 137, 'image_background': 'https://media.rawg.io/media/games/0d2/0d2d6f345cd77639d65a235cb7dd0a21.jpg'}, {'id': 6586, 'name': 'Taito', 'slug': 'taito', 'games_count': 158, 'image_background': 'https://media.rawg.io/media/screenshots/89d/89d33b5f76431cbbc5c8a8f89c98825d.jpeg'}]","[{'id': 4, 'name': 'Action', 'slug': 'action', 'games_count': 186608, 'image_background': 'https://media.rawg.io/media/games/618/618c2031a07bbff6b4f611f10b6bcdbc.jpg'}]","[{'id': 418, 'name': '2 players', 'slug': '2-players', 'language': 'eng', 'games_count': 1244, 'image_background': 'https://media.rawg.io/media/screenshots/f9a/f9ac59bb4af2ca2193ee9ffb979577cf.jpg'}]","[{'id': 1779, 'name': 'Atari', 'slug': 'atari', 'games_count': 507, 'image_background': 'https://media.rawg.io/media/games/d82/d82dbcf92ded452bf8c6fb1bbdd62e52.jpg'}, {'id': 10867, 'name': 'Taito', 'slug': 'taito', 'games_count': 200, 'image_background': 'https://media.rawg.io/media/games/541/541de539db14b477a5ae9973f6ea8193.jpg'}]",,,"Jungle Hunt (ジヤングル・ハン卜) is a right-to-left side-scrolling arcade game produced and released by Taito in 1982. It was initially released as Jungle King. Jungle Hunt is one of the first video games to use parallax scrolling.
The player controls an unnamed explorer, sporting a pith helmet and safari suit, attempting to rescue his girl from a tribe of cannibals by swinging from vine to vine, swimming a crocodile-infested river, and avoiding rolling rocks. Taito released a re-skinned version of the game as Pirate Pete.
Atari published home ports under their own brand for the Atari 2600, Atari 5200, and Atari 8-bit family. The rest were released under the Atarisoft label: Apple II, ColecoVision, Commodore 64, VIC-20, IBM PC (as a PC booter), and TI-99/4A. It was re-released, via emulation, as part of Taito Legends for Windows, PlayStation 2, and Xbox.
In the Atari-ported versions the hero is named Sir Dudley, and the girl, married to Sir Dudley, is Lady Penelope.",,9.0,5.0,2.0,2.0,,,,,,,,,0.0,,,,
52548,megamania,Megamania,Megamania,"<p>Megamania is an Atari 2600 game designed by Steve Cartwright and published by Activision in 1982. It took six months to develop the concept and another three months to fine-tune the game. It was released for the Atari 5200 and Atari 8-bit family in 1983, ported by Glyn Anderson.</p>
<p>Megamania is similar to Sega's 1981 arcade title Astro Blaster. Both games have nearly identical patterns of approaching enemies with the player relying on an ""energy"" meter. Also, the player's ships are remarkably similar in both games.</p>",,[],1982-09-01,False,2019-08-28T22:26:30,https://media.rawg.io/media/screenshots/c02/c02aba1b3410731e58d681e250b23cd3.jpg,https://media.rawg.io/media/screenshots/30e/30e2c88378fcc06a44de5343578a0e3a.jpg,,0.0,4,"[{'id': 4, 'title': 'recommended', 'count': 3, 'percent': 60.0}, {'id': 3, 'title': 'meh', 'count': 1, 'percent': 20.0}, {'id': 1, 'title': 'skip', 'count': 1, 'percent': 20.0}]",18,0,9,0,1,0,0,,,,,0,0,0,0,5,123,[],,0,0,0,,5,0f0f0f,0f0f0f,"[{'platform': {'id': 9, 'name': 'Atari', 'slug': 'atari'}}]","[{'platform': {'id': 25, 'name': 'Atari 8-bit', 'slug': 'atari-8-bit', 'image': None, 'year_end': None, 'year_start': None, 'games_count': 308, 'image_background': 'https://media.rawg.io/media/screenshots/038/0385a47d3a43b218204268af5361a19e.jpg'}, 'released_at': '1982-09-01', 'requirements': {}}, {'platform': {'id': 23, 'name': 'Atari 2600', 'slug': 'atari-2600', 'image': None, 'year_end': None, 'year_start': None, 'games_count': 294, 'image_background': 'https://media.rawg.io/media/screenshots/ff6/ff623993a854663931c1e78d72a16a5a.jpg'}, 'released_at': '1982-09-01', 'requirements': {}}, {'platform': {'id': 31, 'name': 'Atari 5200', 'slug': 'atari-5200', 'image': None, 'year_end': None, 'year_start': None, 'games_count': 64, 'image_background': 'https://media.rawg.io/media/screenshots/678/6786598cba3939d48ed60cbd1a3723f4.jpg'}, 'released_at': '1982-09-01', 'requirements': {}}]",[],"[{'id': 11, 'name': 'Activision', 'slug': 'activision', 'games_count': 163, 'image_background': 'https://media.rawg.io/media/screenshots/d05/d0524e9b2e276dd9c8351881e897f7c9.jpg'}]",[],"[{'id': 31, 'name': 'Singleplayer', 'slug': 'singleplayer', 'language': 'eng', 'games_count': 238404, 'image_background': 'https://media.rawg.io/media/games/26d/26d4437715bee60138dab4a7c8c59c92.jpg'}, {'id': 7, 'name': 'Multiplayer', 'slug': 'multiplayer', 'language': 'eng', 'games_count': 40505, 'image_background': 'https://media.rawg.io/media/games/021/021c4e21a1824d2526f925eff6324653.jpg'}]","[{'id': 10830, 'name': 'Activision Blizzard', 'slug': 'activision-blizzard', 'games_count': 691, 'image_background': 'https://media.rawg.io/media/games/445/44507fdd60a8ec02b1c3c64a293ca754.jpg'}]",,,"Megamania is an Atari 2600 game designed by Steve Cartwright and published by Activision in 1982. It took six months to develop the concept and another three months to fine-tune the game. It was released for the Atari 5200 and Atari 8-bit family in 1983, ported by Glyn Anderson.
Megamania is similar to Sega's 1981 arcade title Astro Blaster. Both games have nearly identical patterns of approaching enemies with the player relying on an ""energy"" meter. Also, the player's ships are remarkably similar in both games.",1.0,8.0,3.0,2.0,4.0,,,,,,,,,,,,,
52488,atlantis,Atlantis,Atlantis,"<p>Atlantis is a fixed shooter video game released by Imagic in July 1982, for the Atari 2600. It was written by Dennis Koble who also wrote Trick Shot, Solar Storm, and Shootin Gallery' for Imagic. Atlantis was ported to the Atari 8-bit computers, Commodore VIC-20, Intellivision, and the Magnavox Odyssey².</p>
<p>The game was the subject of Destination Atlantis, a video game competition in which players of the Atari 2600 version were encouraged to mail in photos of their high scores to Imagic to receive a special edition of the game named Atlantis II.</p>",,[],1982-01-01,False,2019-08-28T22:26:31,https://media.rawg.io/media/screenshots/790/7907358238273d5ac9a4e8a24b23f660.jpg,https://media.rawg.io/media/screenshots/5b2/5b2d42e0c7723765ed874209a582039b.jpg,,0.0,0,"[{'id': 3, 'title': 'meh', 'count': 4, 'percent': 100.0}]",17,0,10,0,1,0,0,,,,,0,0,0,0,3,102,[],,0,0,0,,4,0f0f0f,0f0f0f,"[{'platform': {'id': 9, 'name': 'Atari', 'slug': 'atari'}}, {'platform': {'id': 10, 'name': 'Commodore / Amiga', 'slug': 'commodore-amiga'}}]","[{'platform': {'id': 25, 'name': 'Atari 8-bit', 'slug': 'atari-8-bit', 'image': None, 'year_end': None, 'year_start': None, 'games_count': 308, 'image_background': 'https://media.rawg.io/media/screenshots/038/0385a47d3a43b218204268af5361a19e.jpg'}, 'released_at': '1982-01-01', 'requirements': {}}, {'platform': {'id': 23, 'name': 'Atari 2600', 'slug': 'atari-2600', 'image': None, 'year_end': None, 'year_start': None, 'games_count': 294, 'image_background': 'https://media.rawg.io/media/screenshots/ff6/ff623993a854663931c1e78d72a16a5a.jpg'}, 'released_at': '1982-01-01', 'requirements': {}}, {'platform': {'id': 166, 'name': 'Commodore / Amiga', 'slug': 'commodore-amiga', 'image': None, 'year_end': None, 'year_start': None, 'games_count': 2083, 'image_background': 'https://media.rawg.io/media/games/cce/cce8bebe861f295003f5a9fe5b11233f.jpg'}, 'released_at': '1982-01-01', 'requirements': {}}]",[],"[{'id': 25963, 'name': 'Imagic', 'slug': 'imagic', 'games_count': 7, 'image_background': 'https://media.rawg.io/media/screenshots/d83/d83d732da30f7eb9d5fada4f55e4be7f.jpg'}]",[],"[{'id': 31, 'name': 'Singleplayer', 'slug': 'singleplayer', 'language': 'eng', 'games_count': 238404, 'image_background': 'https://media.rawg.io/media/games/26d/26d4437715bee60138dab4a7c8c59c92.jpg'}, {'id': 418, 'name': '2 players', 'slug': '2-players', 'language': 'eng', 'games_count': 1244, 'image_background': 'https://media.rawg.io/media/screenshots/f9a/f9ac59bb4af2ca2193ee9ffb979577cf.jpg'}]","[{'id': 19448, 'name': 'Imagic', 'slug': 'imagic', 'games_count': 11, 'image_background': 'https://media.rawg.io/media/screenshots/eda/edac741dcb6f107d04940f5813e84b66.jpg'}]",,,"Atlantis is a fixed shooter video game released by Imagic in July 1982, for the Atari 2600. It was written by Dennis Koble who also wrote Trick Shot, Solar Storm, and Shootin Gallery' for Imagic. Atlantis was ported to the Atari 8-bit computers, Commodore VIC-20, Intellivision, and the Magnavox Odyssey².
The game was the subject of Destination Atlantis, a video game competition in which players of the Atari 2600 version were encouraged to mail in photos of their high scores to Imagic to receive a special edition of the game named Atlantis II.",1.0,8.0,4.0,2.0,2.0,,,,,,,,,0.0,,,,
261671,lolita-yakyuuken,Lolita: Yakyuuken,Lolita: Yakyuuken,"<p>Lolita: Yakyuuken is a simple video game adaptation of yakyuuken, a Japanese parlor game that is essentially strip rock-paper-scissors. The gameplay involves pressing one of the three numbered keys (1, 2 or 3) corresponding to the rock, paper and scissors moves of the game, trying to beat the opponent&#39;s choice. All this is done while seeing a drawing of a young girl. The girl removes an item of her clothing after each successful round, and the player wins the game when she is completely naked. The player character has five symbolic clothes items, i.e. losing five rounds leads to a Game Over.</p>",,[],1982-12-01,False,2023-02-08T10:51:58,https://media.rawg.io/media/screenshots/150/150fd1f3f7ea5a978f375f522dacdee9.jpg,https://media.rawg.io/media/screenshots/604/604180bcbe3308cc65e1a0d8e7a6c43d.jpg,,0.0,0,"[{'id': 3, 'title': 'meh', 'count': 2, 'percent': 100.0}]",17,0,3,0,0,0,0,,,,,0,0,0,0,2,77,[],,0,0,0,,2,0f0f0f,0f0f0f,"[{'platform': {'id': 1, 'name': 'PC', 'slug': 'pc'}}]","[{'platform': {'id': 4, 'name': 'PC', 'slug': 'pc', 'image': None, 'year_end': None, 'year_start': None, 'games_count': 547196, 'image_background': 'https://media.rawg.io/media/games/6fc/6fcf4cd3b17c288821388e6085bb0fc9.jpg'}, 'released_at': '1982-12-01', 'requirements': {}}]",[],[],"[{'id': 14, 'name': 'Simulation', 'slug': 'simulation', 'games_count': 73491, 'image_background': 'https://media.rawg.io/media/games/48c/48cb04ca483be865e3a83119c94e6097.jpg'}]","[{'id': 808, 'name': 'character', 'slug': 'character', 'language': 'eng', 'games_count': 8871, 'image_background': 'https://media.rawg.io/media/games/43f/43ff0ac9538f82b00fb3b47d186bd46b.jpg'}, {'id': 2865, 'name': 'girl', 'slug': 'girl', 'language': 'eng', 'games_count': 2069, 'image_background': 'https://media.rawg.io/media/games/23a/23acbd56da0c30bca0227967a5720c96.jpg'}, {'id': 2384, 'name': 'rock', 'slug': 'rock', 'language': 'eng', 'games_count': 1644, 'image_background': 'https://media.rawg.io/media/games/313/3131eaaea9b3e6f69763a150b5a4cdf6.jpg'}, {'id': 690, 'name': 'paper', 'slug': 'paper', 'language': 'eng', 'games_count': 1545, 'image_background': 'https://media.rawg.io/media/screenshots/626/626425eeaae23dc6828c9dc24df013cd.jpeg'}]",[],,,"Lolita: Yakyuuken is a simple video game adaptation of yakyuuken, a Japanese parlor game that is essentially strip rock-paper-scissors. The gameplay involves pressing one of the three numbered keys (1, 2 or 3) corresponding to the rock, paper and scissors moves of the game, trying to beat the opponent's choice. All this is done while seeing a drawing of a young girl. The girl removes an item of her clothing after each successful round, and the player wins the game when she is completely naked. The player character has five symbolic clothes items, i.e. losing five rounds leads to a Game Over.",2.0,8.0,1.0,5.0,1.0,,,,,,,,,0.0,,,,
52527,fast-food,Fast Food,Fast Food,<p>Fast Food is an Atari 2600 game written by Don Ruffcorn and published by Telesys in 1982.</p>,,[],1982-01-01,False,2023-02-08T10:51:59,https://media.rawg.io/media/screenshots/e89/e89fa1c44734c50b2c2c54249edbb8e4.jpg,https://media.rawg.io/media/screenshots/9e7/9e754eeb2a6f7a9be2737d913c14b1ee.jpg,,0.0,0,"[{'id': 1, 'title': 'skip', 'count': 2, 'percent': 50.0}, {'id': 5, 'title': 'exceptional', 'count': 1, 'percent': 25.0}, {'id': 3, 'title': 'meh', 'count': 1, 'percent': 25.0}]",17,0,17,0,8,0,0,,,,,0,0,0,0,3,180,[],,0,0,0,,4,0f0f0f,0f0f0f,"[{'platform': {'id': 1, 'name': 'PC', 'slug': 'pc'}}, {'platform': {'id': 9, 'name': 'Atari', 'slug': 'atari'}}, {'platform': {'id': 10, 'name': 'Commodore / Amiga', 'slug': 'commodore-amiga'}}]","[{'platform': {'id': 34, 'name': 'Atari ST', 'slug': 'atari-st', 'image': None, 'year_end': None, 'year_start': None, 'games_count': 836, 'image_background': 'https://media.rawg.io/media/games/637/637d7dc2f44d0f6ddd3ee2c0b1366962.jpg'}, 'released_at': '1982-01-01', 'requirements': {}}, {'platform': {'id': 4, 'name': 'PC', 'slug': 'pc', 'image': None, 'year_end': None, 'year_start': None, 'games_count': 547196, 'image_background': 'https://media.rawg.io/media/games/6fc/6fcf4cd3b17c288821388e6085bb0fc9.jpg'}, 'released_at': '1982-01-01', 'requirements': {}}, {'platform': {'id': 23, 'name': 'Atari 2600', 'slug': 'atari-2600', 'image': None, 'year_end': None, 'year_start': None, 'games_count': 294, 'image_background': 'https://media.rawg.io/media/screenshots/ff6/ff623993a854663931c1e78d72a16a5a.jpg'}, 'released_at': '1982-01-01', 'requirements': {}}, {'platform': {'id': 166, 'name': 'Commodore / Amiga', 'slug': 'commodore-amiga', 'image': None, 'year_end': None, 'year_start': None, 'games_count': 2083, 'image_background': 'https://media.rawg.io/media/games/cce/cce8bebe861f295003f5a9fe5b11233f.jpg'}, 'released_at': '1982-01-01', 'requirements': {}}]",[],"[{'id': 3543, 'name': 'Codemasters', 'slug': 'codemasters', 'games_count': 100, 'image_background': 'https://media.rawg.io/media/games/cd6/cd64ec71d501de0eb32f6b1f50e4c060.jpg'}, {'id': 26701, 'name': 'Oliver Twins', 'slug': 'oliver-twins', 'games_count': 11, 'image_background': 'https://media.rawg.io/media/screenshots/0e8/0e8a982e042c53a4b881e90846f20996.jpg'}, {'id': 25979, 'name': 'Telesys', 'slug': 'telesys', 'games_count': 2, 'image_background': 'https://media.rawg.io/media/screenshots/e89/e89fa1c44734c50b2c2c54249edbb8e4.jpg'}]","[{'id': 4, 'name': 'Action', 'slug': 'action', 'games_count': 186608, 'image_background': 'https://media.rawg.io/media/games/618/618c2031a07bbff6b4f611f10b6bcdbc.jpg'}]","[{'id': 31, 'name': 'Singleplayer', 'slug': 'singleplayer', 'language': 'eng', 'games_count': 238404, 'image_background': 'https://media.rawg.io/media/games/26d/26d4437715bee60138dab4a7c8c59c92.jpg'}]","[{'id': 1294, 'name': 'Codemasters', 'slug': 'codemasters', 'games_count': 178, 'image_background': 'https://media.rawg.io/media/games/640/6409857596fe6553d3bb5af9a17f6160.jpg'}]",,,Fast Food is an Atari 2600 game written by Don Ruffcorn and published by Telesys in 1982.,1.0,9.0,2.0,3.0,2.0,,,,,,,,,0.0,,,,
56420,deadline-1982,Deadline (1982),Deadline (1982),"<p>Deadline is an interactive fiction computer game published by Infocom in 1982. Written by Marc Blank, it was one of the first murder mystery interactive fiction games. Like most Infocom titles, Deadline was created using ZIL. It is Infocom's third game.</p>",,[],1982-03-11,False,2023-02-08T10:51:59,https://media.rawg.io/media/screenshots/c30/c30974f70c44ef5891cdc9866ce530c9.jpg,https://media.rawg.io/media/screenshots/e25/e2507525398a9b5a0f3e998a108d7efa.jpg,,0.0,0,"[{'id': 3, 'title': 'meh', 'count': 2, 'percent': 66.67}, {'id': 4, 'title': 'recommended', 'count': 1, 'percent': 33.33}]",16,0,16,0,1,0,0,,,,,0,0,0,0,2,177,[],,0,0,0,,3,0f0f0f,0f0f0f,"[{'platform': {'id': 1, 'name': 'PC', 'slug': 'pc'}}, {'platform': {'id': 5, 'name': 'Apple Macintosh', 'slug': 'mac'}}, {'platform': {'id': 9, 'name': 'Atari', 'slug': 'atari'}}, {'platform': {'id': 10, 'name': 'Commodore / Amiga', 'slug': 'commodore-amiga'}}]","[{'platform': {'id': 166, 'name': 'Commodore / Amiga', 'slug': 'commodore-amiga', 'image': None, 'year_end': None, 'year_start': None, 'games_count': 2083, 'image_background': 'https://media.rawg.io/media/games/cce/cce8bebe861f295003f5a9fe5b11233f.jpg'}, 'released_at': '1982-03-11', 'requirements': {}}, {'platform': {'id': 34, 'name': 'Atari ST', 'slug': 'atari-st', 'image': None, 'year_end': None, 'year_start': None, 'games_count': 836, 'image_background': 'https://media.rawg.io/media/games/637/637d7dc2f44d0f6ddd3ee2c0b1366962.jpg'}, 'released_at': '1982-03-11', 'requirements': {}}, {'platform': {'id': 25, 'name': 'Atari 8-bit', 'slug': 'atari-8-bit', 'image': None, 'year_end': None, 'year_start': None, 'games_count': 308, 'image_background': 'https://media.rawg.io/media/screenshots/038/0385a47d3a43b218204268af5361a19e.jpg'}, 'released_at': '1982-03-11', 'requirements': {}}, {'platform': {'id': 55, 'name': 'Classic Macintosh', 'slug': 'macintosh', 'image': None, 'year_end': None, 'year_start': None, 'games_count': 675, 'image_background': 'https://media.rawg.io/media/games/38a/38af969459ad6e5de116ec8a4a84218c.jpg'}, 'released_at': '1982-03-11', 'requirements': {}}, {'platform': {'id': 41, 'name': 'Apple II', 'slug': 'apple-ii', 'image': None, 'year_end': None, 'year_start': None, 'games_count': 424, 'image_background': 'https://media.rawg.io/media/screenshots/3d2/3d2bb57b39e2efa39d1c385585b2ea8b.jpg'}, 'released_at': '1982-03-11', 'requirements': {}}, {'platform': {'id': 4, 'name': 'PC', 'slug': 'pc', 'image': None, 'year_end': None, 'year_start': None, 'games_count': 547196, 'image_background': 'https://media.rawg.io/media/games/6fc/6fcf4cd3b17c288821388e6085bb0fc9.jpg'}, 'released_at': '1982-03-11', 'requirements': {}}]",[],"[{'id': 12929, 'name': 'Infocom', 'slug': 'infocom', 'games_count': 48, 'image_background': 'https://media.rawg.io/media/screenshots/782/7822ae77e839fa2db05cd53d08225dd8.jpg'}]",[],"[{'id': 31, 'name': 'Singleplayer', 'slug': 'singleplayer', 'language': 'eng', 'games_count': 238404, 'image_background': 'https://media.rawg.io/media/games/26d/26d4437715bee60138dab4a7c8c59c92.jpg'}]","[{'id': 11435, 'name': 'Infocom', 'slug': 'infocom', 'games_count': 45, 'image_background': 'https://media.rawg.io/media/screenshots/3d4/3d4094f02e71cb3439ab3c8af62809c0.jpg'}]",,,"Deadline is an interactive fiction computer game published by Infocom in 1982. Written by Marc Blank, it was one of the first murder mystery interactive fiction games. Like most Infocom titles, Deadline was created using ZIL. It is Infocom's third game.",1.0,8.0,3.0,3.0,1.0,,,,,,,,,0.0,,,,
52429,haunted-house-1982,Haunted House (1982),Haunted House (1982),"<p>Haunted House is an Atari 2600 video game, first released in February 1982, in which the player (represented by a pair of eyes) must navigate the haunted mansion of the late Zachary Graves to recover the three pieces of an urn. The game has been identified as one of the earliest examples of the survival horror genre by a GameSpy article.</p>",,[],1982-01-01,False,2019-08-28T22:26:31,https://media.rawg.io/media/screenshots/56b/56b2f12bc6a129042a88b27b2e0228d8.jpg,https://media.rawg.io/media/screenshots/af7/af7d0d822ba6f670357a1de8d28c9036.jpg,,0.0,0,"[{'id': 4, 'title': 'recommended', 'count': 2, 'percent': 66.67}, {'id': 3, 'title': 'meh', 'count': 1, 'percent': 33.33}]",16,0,8,0,1,0,0,,,,,0,0,0,0,3,104,[],,0,0,0,,3,0f0f0f,0f0f0f,"[{'platform': {'id': 5, 'name': 'Apple Macintosh', 'slug': 'mac'}}, {'platform': {'id': 9, 'name': 'Atari', 'slug': 'atari'}}]","[{'platform': {'id': 41, 'name': 'Apple II', 'slug': 'apple-ii', 'image': None, 'year_end': None, 'year_start': None, 'games_count': 424, 'image_background': 'https://media.rawg.io/media/screenshots/3d2/3d2bb57b39e2efa39d1c385585b2ea8b.jpg'}, 'released_at': '1982-01-01', 'requirements': {}}, {'platform': {'id': 25, 'name': 'Atari 8-bit', 'slug': 'atari-8-bit', 'image': None, 'year_end': None, 'year_start': None, 'games_count': 308, 'image_background': 'https://media.rawg.io/media/screenshots/038/0385a47d3a43b218204268af5361a19e.jpg'}, 'released_at': '1982-01-01', 'requirements': {}}, {'platform': {'id': 22, 'name': 'Atari Flashback', 'slug': 'atari-flashback', 'image': None, 'year_end': None, 'year_start': None, 'games_count': 30, 'image_background': 'https://media.rawg.io/media/screenshots/2aa/2aa07f58491e14b0183333f8956bc802.jpg'}, 'released_at': '1982-01-01', 'requirements': {}}, {'platform': {'id': 23, 'name': 'Atari 2600', 'slug': 'atari-2600', 'image': None, 'year_end': None, 'year_start': None, 'games_count': 294, 'image_background': 'https://media.rawg.io/media/screenshots/ff6/ff623993a854663931c1e78d72a16a5a.jpg'}, 'released_at': '1982-01-01', 'requirements': {}}]",[],"[{'id': 656, 'name': 'Atari', 'slug': 'atari', 'games_count': 137, 'image_background': 'https://media.rawg.io/media/games/0d2/0d2d6f345cd77639d65a235cb7dd0a21.jpg'}]",[],"[{'id': 31, 'name': 'Singleplayer', 'slug': 'singleplayer', 'language': 'eng', 'games_count': 238404, 'image_background': 'https://media.rawg.io/media/games/26d/26d4437715bee60138dab4a7c8c59c92.jpg'}]","[{'id': 1779, 'name': 'Atari', 'slug': 'atari', 'games_count': 507, 'image_background': 'https://media.rawg.io/media/games/d82/d82dbcf92ded452bf8c6fb1bbdd62e52.jpg'}]",,,"Haunted House is an Atari 2600 video game, first released in February 1982, in which the player (represented by a pair of eyes) must navigate the haunted mansion of the late Zachary Graves to recover the three pieces of an urn. The game has been identified as one of the earliest examples of the survival horror genre by a GameSpy article.",2.0,7.0,4.0,2.0,1.0,,,,,,,,,0.0,,,,
339947,3-d-tic-tac-toe,3-D Tic-Tac-Toe,3-D Tic-Tac-Toe,"<p>3-D Tic-Tac-Toe is played on four boards.  You must get 4 in a row to win.  (Horizontal, Vertical, or Diagonally)</p>
<p>There are 4 rows and 4 columns on each board, you enter your choice of box by a three digit number indicating the row, column, and board number.</p>
<p>You will play &#39;X&#39; and I [computer] will take &#39;O&#39; and I let you play first.</p>
<p>3-D Tic-Tac-Toe originated as a popular BASIC game. It was already included in David Ahl&#39;s influential book BASIC Computer Games in 1978, where it is stated that the game comes from Dartmouth College.</p>",,[],1982-07-16,False,2023-02-08T10:52:01,https://media.rawg.io/media/screenshots/89b/89b3130ee1aaa708a7603c0029e3de53.jpg,,https://archive.org/details/3DTicTacToe1982RezaBeheshtiStrategy,0.0,3,"[{'id': 3, 'title': 'meh', 'count': 5, 'percent': 100.0}]",16,0,1,0,1,0,0,,,,,0,0,0,0,4,10,['3D Tic-Tac-Toe'],,0,0,0,,5,0f0f0f,0f0f0f,"[{'platform': {'id': 1, 'name': 'PC', 'slug': 'pc'}}]","[{'platform': {'id': 4, 'name': 'PC', 'slug': 'pc', 'image': None, 'year_end': None, 'year_start': None, 'games_count': 547195, 'image_background': 'https://media.rawg.io/media/games/021/021c4e21a1824d2526f925eff6324653.jpg'}, 'released_at': '1982-07-16', 'requirements': {}}]",[],[],"[{'id': 7, 'name': 'Puzzle', 'slug': 'puzzle', 'games_count': 97333, 'image_background': 'https://media.rawg.io/media/games/9f4/9f418898f5415668ca47b5f4ab1ecfeb.jpg'}]",[],[],,,"3-D Tic-Tac-Toe is played on four boards.  You must get 4 in a row to win.  (Horizontal, Vertical, or Diagonally)

There are 4 rows and 4 columns on each board, you enter your choice of box by a three digit number indicating the row, column, and board number.

You will play 'X' and I [computer] will take 'O' and I let you play first.

3-D Tic-Tac-Toe originated as a popular BASIC game. It was already included in David Ahl's influential book BASIC Computer Games in 1978, where it is stated that the game comes from Dartmouth College.",,8.0,3.0,2.0,3.0,,,,,,,,,,,,,
58026,choplifter,Choplifter,Choplifter,"<p>Choplifter (stylized as Choplifter!) is a 1982 Apple II game developed by Dan Gorlin and published by Brøderbund. It was ported to Atari 5200, Atari 8-bit family, ColecoVision, Commodore 64, Commodore VIC-20, and MSX. Graphically enhanced versions for the Atari 7800 and Atari XEGS were published in 1988 by Atari.<br />
In 1985, Sega released a coin-operated arcade game remake, which in turn was ported to the Nintendo Entertainment System and Sega Master System in 1986. Choplifter is one of the few games that first appeared on a home system and was ported to the arcade.</p>",,[],1982-05-01,False,2024-03-22T09:55:18,https://media.rawg.io/media/screenshots/daa/daa9ec90f3b3942fe3a4a14be48af755.jpg,,,3.25,4,"[{'id': 4, 'title': 'recommended', 'count': 4, 'percent': 50.0}, {'id': 3, 'title': 'meh', 'count': 3, 'percent': 37.5}, {'id': 1, 'title': 'skip', 'count': 1, 'percent': 12.5}]",16,0,1,0,3,0,0,,,,,0,0,0,0,7,19,"['Choplifter!', 'チョップリフター']",,0,0,0,,8,0f0f0f,0f0f0f,"[{'platform': {'id': 9, 'name': 'Atari', 'slug': 'atari'}}, {'platform': {'id': 10, 'name': 'Commodore / Amiga', 'slug': 'commodore-amiga'}}]","[{'platform': {'id': 28, 'name': 'Atari 7800', 'slug': 'atari-7800', 'image': None, 'year_end': None, 'year_start': None, 'games_count': 64, 'image_background': 'https://media.rawg.io/media/screenshots/565/56504b28b184dbc630a7de118e39d822.jpg'}, 'released_at': '1982-05-01', 'requirements': {}}, {'platform': {'id': 31, 'name': 'Atari 5200', 'slug': 'atari-5200', 'image': None, 'year_end': None, 'year_start': None, 'games_count': 64, 'image_background': 'https://media.rawg.io/media/screenshots/678/6786598cba3939d48ed60cbd1a3723f4.jpg'}, 'released_at': '1982-05-01', 'requirements': {}}, {'platform': {'id': 50, 'name': 'Atari XEGS', 'slug': 'atari-xegs', 'image': None, 'year_end': None, 'year_start': None, 'games_count': 22, 'image_background': 'https://media.rawg.io/media/screenshots/769/7691726d70c23c029903df08858df001.jpg'}, 'released_at': '1982-05-01', 'requirements': {}}, {'platform': {'id': 166, 'name': 'Commodore / Amiga', 'slug': 'commodore-amiga', 'image': None, 'year_end': None, 'year_start': None, 'games_count': 2083, 'image_background': 'https://media.rawg.io/media/games/cce/cce8bebe861f295003f5a9fe5b11233f.jpg'}, 'released_at': '1982-05-01', 'requirements': {}}]",[],"[{'id': 27871, 'name': 'Dan Gorlin', 'slug': 'dan-gorlin', 'games_count': 1, 'image_background': ''}]","[{'id': 4, 'name': 'Action', 'slug': 'action', 'games_count': 186608, 'image_background': 'https://media.rawg.io/media/games/618/618c2031a07bbff6b4f611f10b6bcdbc.jpg'}, {'id': 10, 'name': 'Strategy', 'slug': 'strategy', 'games_count': 59661, 'image_background': 'https://media.rawg.io/media/games/08b/08b2eee52a9876a48b955e5149affe5b.jpg'}]","[{'id': 31, 'name': 'Singleplayer', 'slug': 'singleplayer', 'language': 'eng', 'games_count': 238404, 'image_background': 'https://media.rawg.io/media/games/26d/26d4437715bee60138dab4a7c8c59c92.jpg'}]","[{'id': 3408, 'name': 'SEGA', 'slug': 'sega-2', 'games_count': 1262, 'image_background': 'https://media.rawg.io/media/games/be9/be9cf02720c9326e11d0fda14518554f.jpg'}, {'id': 1779, 'name': 'Atari', 'slug': 'atari', 'games_count': 507, 'image_background': 'https://media.rawg.io/media/games/d82/d82dbcf92ded452bf8c6fb1bbdd62e52.jpg'}, {'id': 19491, 'name': 'Brøderbund', 'slug': 'broderbund', 'games_count': 32, 'image_background': 'https://media.rawg.io/media/games/054/0540c8fc8eed3fc13d3990f419c61c6f.jpg'}, {'id': 19708, 'name': 'Ariolasoft', 'slug': 'ariolasoft', 'games_count': 19, 'image_background': 'https://media.rawg.io/media/screenshots/f4b/f4b8e0b7e42013d1051cca8ce9c55df9.jpg'}, {'id': 19763, 'name': 'Europe', 'slug': 'europe-2', 'games_count': 2, 'image_background': 'https://media.rawg.io/media/screenshots/fc7/fc7088371a2bfb8885372c139b30f350.jpg'}]",,,"Choplifter (stylized as Choplifter!) is a 1982 Apple II game developed by Dan Gorlin and published by Brøderbund. It was ported to Atari 5200, Atari 8-bit family, ColecoVision, Commodore 64, Commodore VIC-20, and MSX. Graphically enhanced versions for the Atari 7800 and Atari XEGS were published in 1988 by Atari.
In 1985, Sega released a coin-operated arcade game remake, which in turn was ported to the Nintendo Entertainment System and Sega Master System in 1986. Choplifter is one of the few games that first appeared on a home system and was ported to the arcade.",,8.0,3.0,2.0,3.0,,,,,,,,,,,,,
52479,adventures-of-tron,Adventures of Tron,Adventures of Tron,<p>Adventures of Tron is an action game produced by Mattel in 1982 and the Mattel Intellivision/Atari 2600 version of the coin-operated arcade video game by the same name. It is based on the Disney film Tron.</p>,,[],1982-01-01,False,2019-01-09T12:41:06,https://media.rawg.io/media/screenshots/ab1/ab1add2cb77d8753ceea4ed2e0824d76.jpg,https://media.rawg.io/media/screenshots/d09/d09d97ffca391df9467545cc01d2ade0.jpg,,0.0,0,"[{'id': 3, 'title': 'meh', 'count': 2, 'percent': 66.67}, {'id': 4, 'title': 'recommended', 'count': 1, 'percent': 33.33}]",16,0,5,0,1,0,0,,,,,0,0,0,0,2,92,[],,0,0,0,,3,0f0f0f,0f0f0f,"[{'platform': {'id': 9, 'name': 'Atari', 'slug': 'atari'}}]","[{'platform': {'id': 23, 'name': 'Atari 2600', 'slug': 'atari-2600', 'image': None, 'year_end': None, 'year_start': None, 'games_count': 294, 'image_background': 'https://media.rawg.io/media/screenshots/ff6/ff623993a854663931c1e78d72a16a5a.jpg'}, 'released_at': '1982-01-01', 'requirements': {}}]",[],"[{'id': 25957, 'name': 'APh Technological Consulting', 'slug': 'aph-technological-consulting', 'games_count': 1, 'image_background': 'https://media.rawg.io/media/screenshots/ab1/ab1add2cb77d8753ceea4ed2e0824d76.jpg'}]","[{'id': 4, 'name': 'Action', 'slug': 'action', 'games_count': 186608, 'image_background': 'https://media.rawg.io/media/games/618/618c2031a07bbff6b4f611f10b6bcdbc.jpg'}]","[{'id': 1534, 'name': 'atari', 'slug': 'atari', 'language': 'eng', 'games_count': 1158, 'image_background': 'https://media.rawg.io/media/screenshots/d10/d10fdd0fc764ad4a5d70fffa6aee1175.jpg'}, {'id': 5693, 'name': 'tron', 'slug': 'tron', 'language': 'eng', 'games_count': 180, 'image_background': 'https://media.rawg.io/media/screenshots/065/065458ae73d0f62d88a78c12da79b6f7.jpg'}]","[{'id': 19440, 'name': 'Mattel', 'slug': 'mattel', 'games_count': 43, 'image_background': 'https://media.rawg.io/media/screenshots/d5b/d5b78615f64bd294cdc406089126bcd1.jpg'}, {'id': 19441, 'name': 'Mattel Electronics', 'slug': 'mattel-electronics', 'games_count': 3, 'image_background': 'https://media.rawg.io/media/screenshots/ab1/ab1add2cb77d8753ceea4ed2e0824d76.jpg'}]",,,Adventures of Tron is an action game produced by Mattel in 1982 and the Mattel Intellivision/Atari 2600 version of the coin-operated arcade video game by the same name. It is based on the Disney film Tron.,1.0,8.0,3.0,2.0,1.0,1.0,,,,,,,,0.0,,,,
55024,football-manager-1982,Football Manager (1982),Football Manager (1982),"<p>Football Manager is a video game series published and developed by Addictive Games, the label set up by the game's creator Kevin Toms. The first game was released in 1982. It was then ported to most home computers during the 1980s and spawned several sequels: Football Manager 2 (1988) and Football Manager World Cup Edition (1990), both designed by Kevin Toms, and finally Football Manager 3 (1992), without Toms' involvement. Football Manager 3 sold poorly, and as a result the series came to an end. The series was claimed to have sold over a million copies by 1992. The game was to start a whole new genre of computer game, the football management simulation.</p>",,[],1982-01-01,False,2023-06-30T07:57:36,https://media.rawg.io/media/screenshots/fd2/fd219310c0a349063da11e9b296a4498.jpg,https://media.rawg.io/media/screenshots/fb5/fb5536b2f5d481a35d7607b4b8694517.jpg,,0.0,3,"[{'id': 3, 'title': 'meh', 'count': 3, 'percent': 60.0}, {'id': 5, 'title': 'exceptional', 'count': 1, 'percent': 20.0}, {'id': 1, 'title': 'skip', 'count': 1, 'percent': 20.0}]",16,0,18,0,1,0,0,,,,,0,0,0,0,4,157,[],,0,0,18,,5,0f0f0f,0f0f0f,"[{'platform': {'id': 1, 'name': 'PC', 'slug': 'pc'}}, {'platform': {'id': 9, 'name': 'Atari', 'slug': 'atari'}}, {'platform': {'id': 10, 'name': 'Commodore / Amiga', 'slug': 'commodore-amiga'}}]","[{'platform': {'id': 34, 'name': 'Atari ST', 'slug': 'atari-st', 'image': None, 'year_end': None, 'year_start': None, 'games_count': 836, 'image_background': 'https://media.rawg.io/media/games/637/637d7dc2f44d0f6ddd3ee2c0b1366962.jpg'}, 'released_at': '1982-01-01', 'requirements': {}}, {'platform': {'id': 166, 'name': 'Commodore / Amiga', 'slug': 'commodore-amiga', 'image': None, 'year_end': None, 'year_start': None, 'games_count': 2083, 'image_background': 'https://media.rawg.io/media/games/cce/cce8bebe861f295003f5a9fe5b11233f.jpg'}, 'released_at': '1982-01-01', 'requirements': {}}, {'platform': {'id': 25, 'name': 'Atari 8-bit', 'slug': 'atari-8-bit', 'image': None, 'year_end': None, 'year_start': None, 'games_count': 308, 'image_background': 'https://media.rawg.io/media/screenshots/038/0385a47d3a43b218204268af5361a19e.jpg'}, 'released_at': '1982-01-01', 'requirements': {}}, {'platform': {'id': 4, 'name': 'PC', 'slug': 'pc', 'image': None, 'year_end': None, 'year_start': None, 'games_count': 547196, 'image_background': 'https://media.rawg.io/media/games/6fc/6fcf4cd3b17c288821388e6085bb0fc9.jpg'}, 'released_at': '1982-01-01', 'requirements': {}}]",[],"[{'id': 26954, 'name': 'Addictive Games', 'slug': 'addictive-games', 'games_count': 2, 'image_background': 'https://media.rawg.io/media/screenshots/fd2/fd219310c0a349063da11e9b296a4498.jpg'}]","[{'id': 15, 'name': 'Sports', 'slug': 'sports', 'games_count': 22123, 'image_background': 'https://media.rawg.io/media/games/5eb/5eb49eb2fa0738fdb5bacea557b1bc57.jpg'}]","[{'id': 31, 'name': 'Singleplayer', 'slug': 'singleplayer', 'language': 'eng', 'games_count': 238404, 'image_background': 'https://media.rawg.io/media/games/26d/26d4437715bee60138dab4a7c8c59c92.jpg'}]","[{'id': 20227, 'name': 'Addictive Games', 'slug': 'addictive-games', 'games_count': 5, 'image_background': 'https://media.rawg.io/media/screenshots/fd2/fd219310c0a349063da11e9b296a4498.jpg'}]",,,"Football Manager is a video game series published and developed by Addictive Games, the label set up by the game's creator Kevin Toms. The first game was released in 1982. It was then ported to most home computers during the 1980s and spawned several sequels: Football Manager 2 (1988) and Football Manager World Cup Edition (1990), both designed by Kevin Toms, and finally Football Manager 3 (1992), without Toms' involvement. Football Manager 3 sold poorly, and as a result the series came to an end. The series was claimed to have sold over a million copies by 1992. The game was to start a whole new genre of computer game, the football management simulation.",1.0,6.0,5.0,3.0,1.0,,,,,,,,,,,,,
56838,telengard,Telengard,Telengard,"<p>Telengard is a 1982 role-playing dungeon crawler video game developed by Daniel Lawrence and published by Avalon Hill. The player explores a dungeon, fights monsters with magic, and avoids traps in real time without any set mission other than surviving. Lawrence first wrote the game as DND, a 1976 version of Dungeons &amp; Dragons for the DECsystem-10 mainframe computer. He continued to develop DND at Purdue University as a hobby, rewrote the game for the Commodore PET 2001 after 1978, and ported it to Apple II+, TRS-80, and Atari 800 platforms before Avalon Hill found the game at a convention and licensed it for distribution. Its Commodore 64 release was the most popular. Reviewers noted Telengard's similarity to Dungeons and Dragons. RPG historian Shannon Appelcline noted the game as one of the first professionally produced computer role-playing games, and Gamasutra's Barton considered Telengard consequential in what he deemed ""The Silver Age"" of computer role-playing games preceding the golden age of the late 1980s. Some of the game's dungeon features, such as altars, fountains, teleportation cubes, and thrones, were adopted by later games such as Tunnels of Doom.</p>",,[],1982-01-01,False,2023-02-08T10:51:56,https://media.rawg.io/media/screenshots/608/60883d9e98183d06d478b8c212b7abf1.jpg,https://media.rawg.io/media/screenshots/374/37468bc4061595161a0bea770482906a.jpg,,0.0,0,"[{'id': 4, 'title': 'recommended', 'count': 2, 'percent': 50.0}, {'id': 3, 'title': 'meh', 'count': 1, 'percent': 25.0}, {'id': 1, 'title': 'skip', 'count': 1, 'percent': 25.0}]",15,0,12,0,0,0,0,,,,,0,0,0,0,4,136,[],,0,0,0,,4,0f0f0f,0f0f0f,"[{'platform': {'id': 1, 'name': 'PC', 'slug': 'pc'}}, {'platform': {'id': 5, 'name': 'Apple Macintosh', 'slug': 'mac'}}, {'platform': {'id': 9, 'name': 'Atari', 'slug': 'atari'}}, {'platform': {'id': 10, 'name': 'Commodore / Amiga', 'slug': 'commodore-amiga'}}]","[{'platform': {'id': 166, 'name': 'Commodore / Amiga', 'slug': 'commodore-amiga', 'image': None, 'year_end': None, 'year_start': None, 'games_count': 2083, 'image_background': 'https://media.rawg.io/media/games/cce/cce8bebe861f295003f5a9fe5b11233f.jpg'}, 'released_at': '1982-01-01', 'requirements': {}}, {'platform': {'id': 41, 'name': 'Apple II', 'slug': 'apple-ii', 'image': None, 'year_end': None, 'year_start': None, 'games_count': 424, 'image_background': 'https://media.rawg.io/media/screenshots/3d2/3d2bb57b39e2efa39d1c385585b2ea8b.jpg'}, 'released_at': '1982-01-01', 'requirements': {}}, {'platform': {'id': 25, 'name': 'Atari 8-bit', 'slug': 'atari-8-bit', 'image': None, 'year_end': None, 'year_start': None, 'games_count': 308, 'image_background': 'https://media.rawg.io/media/screenshots/038/0385a47d3a43b218204268af5361a19e.jpg'}, 'released_at': '1982-01-01', 'requirements': {}}, {'platform': {'id': 4, 'name': 'PC', 'slug': 'pc', 'image': None, 'year_end': None, 'year_start': None, 'games_count': 547196, 'image_background': 'https://media.rawg.io/media/games/6fc/6fcf4cd3b17c288821388e6085bb0fc9.jpg'}, 'released_at': '1982-01-01', 'requirements': {}}]",[],"[{'id': 27617, 'name': 'Daniel Lawrence', 'slug': 'daniel-lawrence', 'games_count': 1, 'image_background': 'https://media.rawg.io/media/screenshots/608/60883d9e98183d06d478b8c212b7abf1.jpg'}]","[{'id': 5, 'name': 'RPG', 'slug': 'role-playing-games-rpg', 'games_count': 59370, 'image_background': 'https://media.rawg.io/media/games/f6b/f6bed028b02369d4cab548f4f9337e81.jpg'}]","[{'id': 31, 'name': 'Singleplayer', 'slug': 'singleplayer', 'language': 'eng', 'games_count': 238404, 'image_background': 'https://media.rawg.io/media/games/26d/26d4437715bee60138dab4a7c8c59c92.jpg'}]","[{'id': 12136, 'name': 'Avalon Hill', 'slug': 'avalon-hill', 'games_count': 7, 'image_background': 'https://media.rawg.io/media/screenshots/b0e/b0eb33376b97262e17780480bd1857b6.jpg'}]",,,"Telengard is a 1982 role-playing dungeon crawler video game developed by Daniel Lawrence and published by Avalon Hill. The player explores a dungeon, fights monsters with magic, and avoids traps in real time without any set mission other than surviving. Lawrence first wrote the game as DND, a 1976 version of Dungeons & Dragons for the DECsystem-10 mainframe computer. He continued to develop DND at Purdue University as a hobby, rewrote the game for the Commodore PET 2001 after 1978, and ported it to Apple II+, TRS-80, and Atari 800 platforms before Avalon Hill found the game at a convention and licensed it for distribution. Its Commodore 64 release was the most popular. Reviewers noted Telengard's similarity to Dungeons and Dragons. RPG historian Shannon Appelcline noted the game as one of the first professionally produced computer role-playing games, and Gamasutra's Barton considered Telengard consequential in what he deemed ""The Silver Age"" of computer role-playing games preceding the golden age of the late 1980s. Some of the game's dungeon features, such as altars, fountains, teleportation cubes, and thrones, were adopted by later games such as Tunnels of Doom.",1.0,9.0,2.0,2.0,1.0,,,,,,,,,0.0,,,1.0,
52442,pengo,Pengo,Pengo,"<p>Pengo (ペンゴ) is an arcade game developed by Coreland and published by Sega in 1982. The player controls Pengo, a red penguin that resides in the Antarctic. The game takes place in an overhead maze made of ice blocks, where Pengo fights the trolling, blob-like Sno-Bees. The objective of the game is for Pengo to survive a series of rounds by eliminating all Sno-Bees, while amassing bonuses by bringing together the three diamonds dispersed in the maze.</p>
<p>There are two versions of the arcade game, each with different music. The first uses ""Popcorn"" as the theme, and the second has original music. There are other small differences as well.</p>
<p>Pengo was ported to the Atari 2600, Atari 5200, Atari 8-bit family, and Sega Game Gear.</p>",,[],1982-01-01,False,2019-08-28T22:02:37,https://media.rawg.io/media/screenshots/734/7347f3542130e26548920dd6c6e72112.jpg,https://media.rawg.io/media/screenshots/cd3/cd328a7891839a3ca42f30a49eef6be5.jpg,,0.0,0,"[{'id': 4, 'title': 'recommended', 'count': 1, 'percent': 50.0}, {'id': 3, 'title': 'meh', 'count': 1, 'percent': 50.0}]",15,0,10,0,4,0,0,,,,,0,0,0,0,2,179,[],,0,0,0,,2,0f0f0f,0f0f0f,"[{'platform': {'id': 9, 'name': 'Atari', 'slug': 'atari'}}, {'platform': {'id': 10, 'name': 'Commodore / Amiga', 'slug': 'commodore-amiga'}}, {'platform': {'id': 11, 'name': 'SEGA', 'slug': 'sega'}}]","[{'platform': {'id': 23, 'name': 'Atari 2600', 'slug': 'atari-2600', 'image': None, 'year_end': None, 'year_start': None, 'games_count': 294, 'image_background': 'https://media.rawg.io/media/screenshots/ff6/ff623993a854663931c1e78d72a16a5a.jpg'}, 'released_at': '1982-01-01', 'requirements': {}}, {'platform': {'id': 166, 'name': 'Commodore / Amiga', 'slug': 'commodore-amiga', 'image': None, 'year_end': None, 'year_start': None, 'games_count': 2083, 'image_background': 'https://media.rawg.io/media/games/cce/cce8bebe861f295003f5a9fe5b11233f.jpg'}, 'released_at': '1982-01-01', 'requirements': {}}, {'platform': {'id': 77, 'name': 'Game Gear', 'slug': 'game-gear', 'image': None, 'year_end': None, 'year_start': None, 'games_count': 228, 'image_background': 'https://media.rawg.io/media/games/e48/e4852b9be5eb6859870288d91f74aab6.jpg'}, 'released_at': '1982-01-01', 'requirements': {}}, {'platform': {'id': 25, 'name': 'Atari 8-bit', 'slug': 'atari-8-bit', 'image': None, 'year_end': None, 'year_start': None, 'games_count': 308, 'image_background': 'https://media.rawg.io/media/screenshots/038/0385a47d3a43b218204268af5361a19e.jpg'}, 'released_at': '1982-01-01', 'requirements': {}}, {'platform': {'id': 31, 'name': 'Atari 5200', 'slug': 'atari-5200', 'image': None, 'year_end': None, 'year_start': None, 'games_count': 64, 'image_background': 'https://media.rawg.io/media/screenshots/678/6786598cba3939d48ed60cbd1a3723f4.jpg'}, 'released_at': '1982-01-01', 'requirements': {}}, {'platform': {'id': 167, 'name': 'Genesis', 'slug': 'genesis', 'image': None, 'year_end': None, 'year_start': None, 'games_count': 849, 'image_background': 'https://media.rawg.io/media/screenshots/180/180b5f6e5d8c770bbbf941b9875046b6.jpg'}, 'released_at': '1982-01-01', 'requirements': {}}]",[],"[{'id': 19714, 'name': 'Banpresto', 'slug': 'banpresto', 'games_count': 46, 'image_background': 'https://media.rawg.io/media/games/b32/b320ff33165e2ae91da365714b29ee60.jpg'}, {'id': 25951, 'name': 'Coreland', 'slug': 'coreland', 'games_count': 1, 'image_background': 'https://media.rawg.io/media/screenshots/734/7347f3542130e26548920dd6c6e72112.jpg'}]","[{'id': 7, 'name': 'Puzzle', 'slug': 'puzzle', 'games_count': 97333, 'image_background': 'https://media.rawg.io/media/games/9f4/9f418898f5415668ca47b5f4ab1ecfeb.jpg'}]","[{'id': 31, 'name': 'Singleplayer', 'slug': 'singleplayer', 'language': 'eng', 'games_count': 238404, 'image_background': 'https://media.rawg.io/media/games/26d/26d4437715bee60138dab4a7c8c59c92.jpg'}, {'id': 363, 'name': 'One or two players', 'slug': 'one-or-two-players', 'language': 'eng', 'games_count': 4, 'image_background': 'https://media.rawg.io/media/screenshots/802/802474fa25b002bb7eba0548649df94f.jpg'}, {'id': 364, 'name': 'alternating play', 'slug': 'alternating-play', 'language': 'eng', 'games_count': 1, 'image_background': 'https://media.rawg.io/media/screenshots/734/7347f3542130e26548920dd6c6e72112.jpg'}]","[{'id': 3408, 'name': 'SEGA', 'slug': 'sega-2', 'games_count': 1262, 'image_background': 'https://media.rawg.io/media/games/be9/be9cf02720c9326e11d0fda14518554f.jpg'}]",,,"Pengo (ペンゴ) is an arcade game developed by Coreland and published by Sega in 1982. The player controls Pengo, a red penguin that resides in the Antarctic. The game takes place in an overhead maze made of ice blocks, where Pengo fights the trolling, blob-like Sno-Bees. The objective of the game is for Pengo to survive a series of rounds by eliminating all Sno-Bees, while amassing bonuses by bringing together the three diamonds dispersed in the maze.
There are two versions of the arcade game, each with different music. The first uses ""Popcorn"" as the theme, and the second has original music. There are other small differences as well.
Pengo was ported to the Atari 2600, Atari 5200, Atari 8-bit family, and Sega Game Gear.",,7.0,3.0,3.0,2.0,,,,,,,,,0.0,,,,
52508,demon-attack,Demon Attack,Demon Attack,"<p>Demon Attack is a video game written by Rob Fulop and published by Imagic. It was originally for the Atari 2600, then ported to the Intellivision, Odyssey², Atari 8-bit family, VIC-20, Commodore 64, PC (booter), TRS-80 and TRS-80 Color Computer. There was also a port to the TI-99/4A titled Super Demon Attack.</p>
<p>Demon Attack is supposedly based on the 1979 arcade shooter Galaxian, though it closely resembles several waves from the 1980 arcade game Phoenix. The similarities prompted a lawsuit from Atari, who had purchased the latter's home video game rights. Imagic settled out of court, and Demon Attack became Imagic's best-selling game as of 1983.</p>",,[],1982-01-01,False,2019-08-28T22:02:35,https://media.rawg.io/media/screenshots/fbb/fbb60364f31f2762dadfc8f4460665b4.jpg,https://media.rawg.io/media/screenshots/31a/31a8354ebd9625b17158deef9879594c.jpg,,0.0,0,"[{'id': 3, 'title': 'meh', 'count': 3, 'percent': 75.0}, {'id': 4, 'title': 'recommended', 'count': 1, 'percent': 25.0}]",15,0,20,0,9,0,0,,,,,0,0,0,0,3,117,[],,0,0,0,,4,0f0f0f,0f0f0f,"[{'platform': {'id': 9, 'name': 'Atari', 'slug': 'atari'}}, {'platform': {'id': 10, 'name': 'Commodore / Amiga', 'slug': 'commodore-amiga'}}]","[{'platform': {'id': 25, 'name': 'Atari 8-bit', 'slug': 'atari-8-bit', 'image': None, 'year_end': None, 'year_start': None, 'games_count': 308, 'image_background': 'https://media.rawg.io/media/screenshots/038/0385a47d3a43b218204268af5361a19e.jpg'}, 'released_at': '1982-01-01', 'requirements': {}}, {'platform': {'id': 23, 'name': 'Atari 2600', 'slug': 'atari-2600', 'image': None, 'year_end': None, 'year_start': None, 'games_count': 294, 'image_background': 'https://media.rawg.io/media/screenshots/ff6/ff623993a854663931c1e78d72a16a5a.jpg'}, 'released_at': '1982-01-01', 'requirements': {}}, {'platform': {'id': 166, 'name': 'Commodore / Amiga', 'slug': 'commodore-amiga', 'image': None, 'year_end': None, 'year_start': None, 'games_count': 2083, 'image_background': 'https://media.rawg.io/media/games/cce/cce8bebe861f295003f5a9fe5b11233f.jpg'}, 'released_at': '1982-01-01', 'requirements': {}}]",[],"[{'id': 25963, 'name': 'Imagic', 'slug': 'imagic', 'games_count': 7, 'image_background': 'https://media.rawg.io/media/screenshots/d83/d83d732da30f7eb9d5fada4f55e4be7f.jpg'}]",[],"[{'id': 31, 'name': 'Singleplayer', 'slug': 'singleplayer', 'language': 'eng', 'games_count': 238404, 'image_background': 'https://media.rawg.io/media/games/26d/26d4437715bee60138dab4a7c8c59c92.jpg'}, {'id': 7, 'name': 'Multiplayer', 'slug': 'multiplayer', 'language': 'eng', 'games_count': 40505, 'image_background': 'https://media.rawg.io/media/games/021/021c4e21a1824d2526f925eff6324653.jpg'}]","[{'id': 19448, 'name': 'Imagic', 'slug': 'imagic', 'games_count': 11, 'image_background': 'https://media.rawg.io/media/screenshots/eda/edac741dcb6f107d04940f5813e84b66.jpg'}]",,,"Demon Attack is a video game written by Rob Fulop and published by Imagic. It was originally for the Atari 2600, then ported to the Intellivision, Odyssey², Atari 8-bit family, VIC-20, Commodore 64, PC (booter), TRS-80 and TRS-80 Color Computer. There was also a port to the TI-99/4A titled Super Demon Attack.
Demon Attack is supposedly based on the 1979 arcade shooter Galaxian, though it closely resembles several waves from the 1980 arcade game Phoenix. The similarities prompted a lawsuit from Atari, who had purchased the latter's home video game rights. Imagic settled out of court, and Demon Attack became Imagic's best-selling game as of 1983.",,9.0,2.0,2.0,2.0,,,,,,,,,0.0,,,,
52499,chopper-command,Chopper Command,Chopper Command,"<p>Chopper Command is a video game by Activision released for the Atari 2600 in June 1982. It was designed and programmed by Bob Whitehead. One reviewer referred to it as &quot;Defender in the desert&quot;.<br />
In Chopper Command the player controls a military helicopter in a desert scenario protecting a convoy of trucks. The goal is to destroy all enemy fighter jets and helicopters that attack the player&#39;s helicopter and the friendly trucks traveling below, ending the current wave. The game ends when the player loses all of his or her lives or reaches 999,999 points. A radar, called a Long Range Scanner in the instruction manual, shows all enemies, including those not visible on the main screen.<br />
A player who achieved 10,000 points could send in a photo of the TV screen and receive a &quot;Chopper Commandos&quot; patch.</p>",,[],1982-01-01,False,2023-02-08T10:52:00,https://media.rawg.io/media/screenshots/06c/06cfeb0ac45f772f3231d9e95ae3c725.jpg,https://media.rawg.io/media/screenshots/47e/47ef8f39a2147e37b1b9fa64b66cc586.jpg,,0.0,0,"[{'id': 3, 'title': 'meh', 'count': 3, 'percent': 100.0}]",15,0,4,0,1,0,0,,,,,0,0,0,0,2,38,['Wüstenschlacht'],,0,0,0,,3,0f0f0f,0f0f0f,"[{'platform': {'id': 1, 'name': 'PC', 'slug': 'pc'}}, {'platform': {'id': 3, 'name': 'Xbox', 'slug': 'xbox'}}, {'platform': {'id': 9, 'name': 'Atari', 'slug': 'atari'}}]","[{'platform': {'id': 23, 'name': 'Atari 2600', 'slug': 'atari-2600', 'image': None, 'year_end': None, 'year_start': None, 'games_count': 294, 'image_background': 'https://media.rawg.io/media/screenshots/ff6/ff623993a854663931c1e78d72a16a5a.jpg'}, 'released_at': '1982-01-01', 'requirements': {}}, {'platform': {'id': 4, 'name': 'PC', 'slug': 'pc', 'image': None, 'year_end': None, 'year_start': None, 'games_count': 547196, 'image_background': 'https://media.rawg.io/media/games/6fc/6fcf4cd3b17c288821388e6085bb0fc9.jpg'}, 'released_at': '1982-01-01', 'requirements': {}}, {'platform': {'id': 14, 'name': 'Xbox 360', 'slug': 'xbox360', 'image': None, 'year_end': None, 'year_start': None, 'games_count': 2805, 'image_background': 'https://media.rawg.io/media/games/4a0/4a0a1316102366260e6f38fd2a9cfdce.jpg'}, 'released_at': '1982-01-01', 'requirements': {}}]",[],"[{'id': 11, 'name': 'Activision', 'slug': 'activision', 'games_count': 163, 'image_background': 'https://media.rawg.io/media/screenshots/d05/d0524e9b2e276dd9c8351881e897f7c9.jpg'}]","[{'id': 4, 'name': 'Action', 'slug': 'action', 'games_count': 186608, 'image_background': 'https://media.rawg.io/media/games/618/618c2031a07bbff6b4f611f10b6bcdbc.jpg'}, {'id': 2, 'name': 'Shooter', 'slug': 'shooter', 'games_count': 59560, 'image_background': 'https://media.rawg.io/media/games/d58/d588947d4286e7b5e0e12e1bea7d9844.jpg'}, {'id': 11, 'name': 'Arcade', 'slug': 'arcade', 'games_count': 22658, 'image_background': 'https://media.rawg.io/media/games/556/556157feed9ee1f55f2b12b2973e30a3.jpg'}]","[{'id': 31, 'name': 'Singleplayer', 'slug': 'singleplayer', 'language': 'eng', 'games_count': 238404, 'image_background': 'https://media.rawg.io/media/games/26d/26d4437715bee60138dab4a7c8c59c92.jpg'}]","[{'id': 10830, 'name': 'Activision Blizzard', 'slug': 'activision-blizzard', 'games_count': 691, 'image_background': 'https://media.rawg.io/media/games/445/44507fdd60a8ec02b1c3c64a293ca754.jpg'}]",,,"Chopper Command is a video game by Activision released for the Atari 2600 in June 1982. It was designed and programmed by Bob Whitehead. One reviewer referred to it as ""Defender in the desert"".
In Chopper Command the player controls a military helicopter in a desert scenario protecting a convoy of trucks. The goal is to destroy all enemy fighter jets and helicopters that attack the player's helicopter and the friendly trucks traveling below, ending the current wave. The game ends when the player loses all of his or her lives or reaches 999,999 points. A radar, called a Long Range Scanner in the instruction manual, shows all enemies, including those not visible on the main screen.
A player who achieved 10,000 points could send in a photo of the TV screen and receive a ""Chopper Commandos"" patch.",,9.0,2.0,2.0,2.0,,,,,,,,,0.0,,,,
54593,pac-man-plus,Pac-Man Plus,Pac-Man Plus,"<p>Pac-Man Plus is an arcade game that was released by Bally Midway on March 13, 1982, and it is the third title in the Pac-Man series of games.</p>",,[],1982-01-01,False,2023-12-09T23:17:09,https://media.rawg.io/media/screenshots/48c/48c3bb3b01171211ced98e0f518d6c57.jpg,https://media.rawg.io/media/screenshots/c99/c99f5282c2d663d430f2c157b9c6c6db.jpg,,0.0,0,"[{'id': 3, 'title': 'meh', 'count': 1, 'percent': 100.0}]",14,0,3,0,0,0,0,,,,,0,0,0,0,1,56,[],,0,0,28,,1,0f0f0f,0f0f0f,"[{'platform': {'id': 9, 'name': 'Atari', 'slug': 'atari'}}]","[{'platform': {'id': 28, 'name': 'Atari 7800', 'slug': 'atari-7800', 'image': None, 'year_end': None, 'year_start': None, 'games_count': 64, 'image_background': 'https://media.rawg.io/media/screenshots/565/56504b28b184dbc630a7de118e39d822.jpg'}, 'released_at': '1982-01-01', 'requirements': {}}]",[],"[{'id': 13149, 'name': 'Midway Games', 'slug': 'midway-games', 'games_count': 77, 'image_background': 'https://media.rawg.io/media/screenshots/529/5292fb5f3c458a027a1bb91540d22312.jpg'}, {'id': 25946, 'name': 'Bally Midway', 'slug': 'bally-midway', 'games_count': 8, 'image_background': 'https://media.rawg.io/media/screenshots/a19/a1994bb9ef2cd1d6f396e49d5e891712.jpg'}]",[],"[{'id': 418, 'name': '2 players', 'slug': '2-players', 'language': 'eng', 'games_count': 1244, 'image_background': 'https://media.rawg.io/media/screenshots/f9a/f9ac59bb4af2ca2193ee9ffb979577cf.jpg'}, {'id': 348, 'name': 'alternating turns', 'slug': 'alternating-turns', 'language': 'eng', 'games_count': 64, 'image_background': 'https://media.rawg.io/media/games/6f8/6f8fb1e98393f72b47f1f909d5b649d4.jpg'}]","[{'id': 10879, 'name': 'Midway Games', 'slug': 'midway-games', 'games_count': 142, 'image_background': 'https://media.rawg.io/media/screenshots/3db/3dbec4b488796ef8e70a73389155a58f.jpg'}, {'id': 19419, 'name': 'Bally Midway', 'slug': 'bally-midway', 'games_count': 14, 'image_background': 'https://media.rawg.io/media/screenshots/a9d/a9d6ecfce2839af25e2e74ff8821094d.jpg'}]",,,"Pac-Man Plus is an arcade game that was released by Bally Midway on March 13, 1982, and it is the third title in the Pac-Man series of games.",1.0,4.0,5.0,3.0,1.0,,,,,,,,,0.0,,,,
52549,miner-2049er,Miner 2049er,Miner 2049er,"<p>Miner 2049er is a platform video game created by Bill Hogue that was released in 1982 by Big Five Software. It was developed for the Atari 8-bit family and widely ported to other systems. The title ""Miner 2049er"" evokes a 21st-century take on the California Gold Rush of around 1849, in which the gold miners and prospectors were nicknamed ""49ers"".</p>
<p>At the time of its release, Miner 2049er was notable for having ten different screens, which was a large number for a platform game. For comparison, the Donkey Kong arcade game had four screens, and many home ports didn't include all of them.</p>
<p>Unlike most of the home computer versions, Miner 2049er for the Atari 8-bit family was released on 16K ROM cartridge with the high price, for 1982, of US$49.95 ($127 today).</p>",,[],1982-01-01,False,2019-08-28T22:26:30,https://media.rawg.io/media/screenshots/be8/be8435b63b4256023f63c627ef6e25ad.jpg,https://media.rawg.io/media/screenshots/561/561fbcb9f54220a22a4769570616e49d.jpg,,0.0,0,"[{'id': 5, 'title': 'exceptional', 'count': 2, 'percent': 66.67}, {'id': 3, 'title': 'meh', 'count': 1, 'percent': 33.33}]",14,0,24,0,1,0,0,,,,,0,0,0,0,3,232,[],,0,0,0,,3,0f0f0f,0f0f0f,"[{'platform': {'id': 5, 'name': 'Apple Macintosh', 'slug': 'mac'}}, {'platform': {'id': 7, 'name': 'Nintendo', 'slug': 'nintendo'}}, {'platform': {'id': 9, 'name': 'Atari', 'slug': 'atari'}}, {'platform': {'id': 10, 'name': 'Commodore / Amiga', 'slug': 'commodore-amiga'}}]","[{'platform': {'id': 41, 'name': 'Apple II', 'slug': 'apple-ii', 'image': None, 'year_end': None, 'year_start': None, 'games_count': 424, 'image_background': 'https://media.rawg.io/media/screenshots/3d2/3d2bb57b39e2efa39d1c385585b2ea8b.jpg'}, 'released_at': '1982-01-01', 'requirements': {}}, {'platform': {'id': 25, 'name': 'Atari 8-bit', 'slug': 'atari-8-bit', 'image': None, 'year_end': None, 'year_start': None, 'games_count': 308, 'image_background': 'https://media.rawg.io/media/screenshots/038/0385a47d3a43b218204268af5361a19e.jpg'}, 'released_at': '1982-01-01', 'requirements': {}}, {'platform': {'id': 26, 'name': 'Game Boy', 'slug': 'game-boy', 'image': None, 'year_end': None, 'year_start': None, 'games_count': 617, 'image_background': 'https://media.rawg.io/media/games/057/0573c1c9e1f2414c1f4acabe86ee9fd9.jpg'}, 'released_at': '1982-01-01', 'requirements': {}}, {'platform': {'id': 31, 'name': 'Atari 5200', 'slug': 'atari-5200', 'image': None, 'year_end': None, 'year_start': None, 'games_count': 64, 'image_background': 'https://media.rawg.io/media/screenshots/678/6786598cba3939d48ed60cbd1a3723f4.jpg'}, 'released_at': '1982-01-01', 'requirements': {}}, {'platform': {'id': 23, 'name': 'Atari 2600', 'slug': 'atari-2600', 'image': None, 'year_end': None, 'year_start': None, 'games_count': 294, 'image_background': 'https://media.rawg.io/media/screenshots/ff6/ff623993a854663931c1e78d72a16a5a.jpg'}, 'released_at': '1982-01-01', 'requirements': {}}, {'platform': {'id': 166, 'name': 'Commodore / Amiga', 'slug': 'commodore-amiga', 'image': None, 'year_end': None, 'year_start': None, 'games_count': 2083, 'image_background': 'https://media.rawg.io/media/games/cce/cce8bebe861f295003f5a9fe5b11233f.jpg'}, 'released_at': '1982-01-01', 'requirements': {}}]",[],"[{'id': 25985, 'name': 'Big Five Software', 'slug': 'big-five-software', 'games_count': 3, 'image_background': 'https://media.rawg.io/media/screenshots/41f/41fc947358059a0f33e3d015ec442bb4.jpg'}]",[],"[{'id': 31, 'name': 'Singleplayer', 'slug': 'singleplayer', 'language': 'eng', 'games_count': 238404, 'image_background': 'https://media.rawg.io/media/games/26d/26d4437715bee60138dab4a7c8c59c92.jpg'}]","[{'id': 19475, 'name': 'Big Five Software', 'slug': 'big-five-software', 'games_count': 3, 'image_background': 'https://media.rawg.io/media/screenshots/be8/be8435b63b4256023f63c627ef6e25ad.jpg'}]",,,"Miner 2049er is a platform video game created by Bill Hogue that was released in 1982 by Big Five Software. It was developed for the Atari 8-bit family and widely ported to other systems. The title ""Miner 2049er"" evokes a 21st-century take on the California Gold Rush of around 1849, in which the gold miners and prospectors were nicknamed ""49ers"".
At the time of its release, Miner 2049er was notable for having ten different screens, which was a large number for a platform game. For comparison, the Donkey Kong arcade game had four screens, and many home ports didn't include all of them.
Unlike most of the home computer versions, Miner 2049er for the Atari 8-bit family was released on 16K ROM cartridge with the high price, for 1982, of US$49.95 ($127 today).",,7.0,2.0,2.0,3.0,,,,,,,,,0.0,,,,
52506,custers-revenge,Custer's Revenge,Custer's Revenge,"<p>Custer's Revenge (also known as Westward Ho) is an adult video game produced by Mystique for the Atari 2600. First released on September 23, 1982.</p>
<p>The titular player character is based on famous American Civil War commander General George Armstrong Custer, who is most well known for his major defeat at the Battle of Little Bighorn.</p>
<p>Following the North American video game crash of 1983, Mystique was unable to stay in business. As a result, many of Mystique's intellectual properties, including Custer's Revenge, were sold off to the adult video game company Playaround. Under the ownership of Playaround, Custer's Revenge was re-branded as Westward Ho and given slight modifications to its original game-play. These alterations included simple aesthetic changes such as the darkening in color of the Native American woman's skin tone. Playaround also made a version of Custer's Revenge named General Retreat.</p>",,[],1982-09-23,False,2019-08-28T22:02:35,https://media.rawg.io/media/screenshots/5e1/5e1e605067767d85c0dd47d962111f7f.jpg,https://media.rawg.io/media/screenshots/911/911d473fce90781183245f5e66bd85bd.jpg,,0.0,0,"[{'id': 1, 'title': 'skip', 'count': 2, 'percent': 66.67}, {'id': 3, 'title': 'meh', 'count': 1, 'percent': 33.33}]",14,0,3,0,0,0,0,,,,,0,0,0,0,2,27,[],,0,0,0,,3,0f0f0f,0f0f0f,"[{'platform': {'id': 9, 'name': 'Atari', 'slug': 'atari'}}]","[{'platform': {'id': 23, 'name': 'Atari 2600', 'slug': 'atari-2600', 'image': None, 'year_end': None, 'year_start': None, 'games_count': 294, 'image_background': 'https://media.rawg.io/media/screenshots/ff6/ff623993a854663931c1e78d72a16a5a.jpg'}, 'released_at': '1982-09-23', 'requirements': {}}]",[],"[{'id': 25964, 'name': 'Mystique', 'slug': 'mystique', 'games_count': 3, 'image_background': 'https://media.rawg.io/media/screenshots/cd3/cd3cf64f403e835b6a2638a8be9c80aa.jpg'}]",[],"[{'id': 31, 'name': 'Singleplayer', 'slug': 'singleplayer', 'language': 'eng', 'games_count': 238404, 'image_background': 'https://media.rawg.io/media/games/26d/26d4437715bee60138dab4a7c8c59c92.jpg'}, {'id': 312, 'name': 'NSFW', 'slug': 'nsfw', 'language': 'eng', 'games_count': 4133, 'image_background': 'https://media.rawg.io/media/screenshots/2c3/2c3a799964d6cc311f022e0e0896a1e8.jpg'}, {'id': 1081, 'name': 'adult', 'slug': 'adult', 'language': 'eng', 'games_count': 1672, 'image_background': 'https://media.rawg.io/media/screenshots/370/3702b7056a560955ecd3c0679c8e8b65.jpg'}, {'id': 18188, 'name': 'controversial', 'slug': 'controversial', 'language': 'eng', 'games_count': 51, 'image_background': 'https://media.rawg.io/media/screenshots/ddf/ddf4f720f2718af7c8e911d2f125b651.jpg'}, {'id': 785, 'name': 'Erotic', 'slug': 'erotic', 'language': 'eng', 'games_count': 708, 'image_background': 'https://media.rawg.io/media/screenshots/ab1/ab1f924ef2a6ef55cf17a731813ca465.jpg'}]","[{'id': 19449, 'name': 'Mystique', 'slug': 'mystique', 'games_count': 3, 'image_background': 'https://media.rawg.io/media/screenshots/cd3/cd3cf64f403e835b6a2638a8be9c80aa.jpg'}]",,,"Custer's Revenge (also known as Westward Ho) is an adult video game produced by Mystique for the Atari 2600. First released on September 23, 1982.
The titular player character is based on famous American Civil War commander General George Armstrong Custer, who is most well known for his major defeat at the Battle of Little Bighorn.
Following the North American video game crash of 1983, Mystique was unable to stay in business. As a result, many of Mystique's intellectual properties, including Custer's Revenge, were sold off to the adult video game company Playaround. Under the ownership of Playaround, Custer's Revenge was re-branded as Westward Ho and given slight modifications to its original game-play. These alterations included simple aesthetic changes such as the darkening in color of the Native American woman's skin tone. Playaround also made a version of Custer's Revenge named General Retreat.",1.0,8.0,2.0,2.0,1.0,,,,,,,,,0.0,,,,
52478,air-raiders,Air Raiders,Air Raiders,<p>Air Raiders is an action game released for the Atari 2600 by Mattel in 1982. It received mixed reviews from critics.</p>,,[],1982-01-01,False,2019-01-09T12:41:06,https://media.rawg.io/media/screenshots/e91/e91b598cac32cb0fd9edef377455e4a3.jpg,https://media.rawg.io/media/screenshots/c45/c458b431f3ca7676d4fa26cb4fbd3f20.jpg,,0.0,3,"[{'id': 3, 'title': 'meh', 'count': 4, 'percent': 80.0}, {'id': 4, 'title': 'recommended', 'count': 1, 'percent': 20.0}]",14,0,3,0,0,0,0,,,,,0,0,0,0,4,17,[],,0,0,0,,5,0f0f0f,0f0f0f,"[{'platform': {'id': 9, 'name': 'Atari', 'slug': 'atari'}}]","[{'platform': {'id': 23, 'name': 'Atari 2600', 'slug': 'atari-2600', 'image': None, 'year_end': None, 'year_start': None, 'games_count': 294, 'image_background': 'https://media.rawg.io/media/screenshots/ff6/ff623993a854663931c1e78d72a16a5a.jpg'}, 'released_at': '1982-01-01', 'requirements': {}}]",[],[],"[{'id': 4, 'name': 'Action', 'slug': 'action', 'games_count': 186608, 'image_background': 'https://media.rawg.io/media/games/618/618c2031a07bbff6b4f611f10b6bcdbc.jpg'}]","[{'id': 1534, 'name': 'atari', 'slug': 'atari', 'language': 'eng', 'games_count': 1158, 'image_background': 'https://media.rawg.io/media/screenshots/d10/d10fdd0fc764ad4a5d70fffa6aee1175.jpg'}]","[{'id': 19440, 'name': 'Mattel', 'slug': 'mattel', 'games_count': 43, 'image_background': 'https://media.rawg.io/media/screenshots/d5b/d5b78615f64bd294cdc406089126bcd1.jpg'}]",,,Air Raiders is an action game released for the Atari 2600 by Mattel in 1982. It received mixed reviews from critics.,,6.0,3.0,2.0,2.0,1.0,,,,,,,,,,,,
52556,oink,Oink!,Oink!,"<p>Oink! is an Atari 2600 video game designed by Mike Lorenzen and released by Activision in 1983.Oink! is inspired by the fairy tale ""The Three Little Pigs"" and casts the player as a pig defending his home from a wolf bent on destroying it. The game was later re-released as part of the Activision Anthology collection.</p>",,[],1982-12-27,False,2019-08-28T22:02:34,https://media.rawg.io/media/screenshots/cd7/cd734532f3a033d93323a24c8384304f.jpg,https://media.rawg.io/media/screenshots/0fe/0febf1c29a653c932078e19ceb0d7090.jpg,,0.0,0,"[{'id': 3, 'title': 'meh', 'count': 2, 'percent': 100.0}]",14,0,4,0,1,0,0,,,,,0,0,0,0,2,50,[],,0,0,0,,2,0f0f0f,0f0f0f,"[{'platform': {'id': 9, 'name': 'Atari', 'slug': 'atari'}}]","[{'platform': {'id': 23, 'name': 'Atari 2600', 'slug': 'atari-2600', 'image': None, 'year_end': None, 'year_start': None, 'games_count': 294, 'image_background': 'https://media.rawg.io/media/screenshots/ff6/ff623993a854663931c1e78d72a16a5a.jpg'}, 'released_at': '1982-12-27', 'requirements': {}}]",[],"[{'id': 11, 'name': 'Activision', 'slug': 'activision', 'games_count': 163, 'image_background': 'https://media.rawg.io/media/screenshots/d05/d0524e9b2e276dd9c8351881e897f7c9.jpg'}]","[{'id': 4, 'name': 'Action', 'slug': 'action', 'games_count': 186608, 'image_background': 'https://media.rawg.io/media/games/618/618c2031a07bbff6b4f611f10b6bcdbc.jpg'}]","[{'id': 31, 'name': 'Singleplayer', 'slug': 'singleplayer', 'language': 'eng', 'games_count': 238404, 'image_background': 'https://media.rawg.io/media/games/26d/26d4437715bee60138dab4a7c8c59c92.jpg'}, {'id': 7, 'name': 'Multiplayer', 'slug': 'multiplayer', 'language': 'eng', 'games_count': 40505, 'image_background': 'https://media.rawg.io/media/games/021/021c4e21a1824d2526f925eff6324653.jpg'}]","[{'id': 10830, 'name': 'Activision Blizzard', 'slug': 'activision-blizzard', 'games_count': 691, 'image_background': 'https://media.rawg.io/media/games/445/44507fdd60a8ec02b1c3c64a293ca754.jpg'}]",,,"Oink! is an Atari 2600 video game designed by Mike Lorenzen and released by Activision in 1983.Oink! is inspired by the fairy tale ""The Three Little Pigs"" and casts the player as a pig defending his home from a wolf bent on destroying it. The game was later re-released as part of the Activision Anthology collection.",,7.0,2.0,3.0,2.0,,,,,,,,,0.0,,,,
52492,barnstorming-1982,Barnstorming (1982),Barnstorming (1982),<p>Barnstorming is an Atari 2600 video game designed by Steve Cartwright and published by Activision in 1982. It was the first game designed by Cartwright. The idea for Barnstorming came to him as he watched a biplane one day while driving home from work.</p>,,[],1982-01-01,False,2019-08-28T22:02:36,https://media.rawg.io/media/screenshots/314/31474a3d622b71c19e34a371966d2f04.jpg,https://media.rawg.io/media/screenshots/468/4685d24599ff19b6a1caf7c19b2ff9aa.jpg,,0.0,0,"[{'id': 3, 'title': 'meh', 'count': 1, 'percent': 50.0}, {'id': 1, 'title': 'skip', 'count': 1, 'percent': 50.0}]",14,0,4,0,1,0,0,,,,,0,0,0,0,1,39,[],,0,0,0,,2,0f0f0f,0f0f0f,"[{'platform': {'id': 9, 'name': 'Atari', 'slug': 'atari'}}]","[{'platform': {'id': 23, 'name': 'Atari 2600', 'slug': 'atari-2600', 'image': None, 'year_end': None, 'year_start': None, 'games_count': 294, 'image_background': 'https://media.rawg.io/media/screenshots/ff6/ff623993a854663931c1e78d72a16a5a.jpg'}, 'released_at': '1982-01-01', 'requirements': {}}]",[],"[{'id': 11, 'name': 'Activision', 'slug': 'activision', 'games_count': 163, 'image_background': 'https://media.rawg.io/media/screenshots/d05/d0524e9b2e276dd9c8351881e897f7c9.jpg'}]","[{'id': 4, 'name': 'Action', 'slug': 'action', 'games_count': 186608, 'image_background': 'https://media.rawg.io/media/games/618/618c2031a07bbff6b4f611f10b6bcdbc.jpg'}]","[{'id': 31, 'name': 'Singleplayer', 'slug': 'singleplayer', 'language': 'eng', 'games_count': 238404, 'image_background': 'https://media.rawg.io/media/games/26d/26d4437715bee60138dab4a7c8c59c92.jpg'}]","[{'id': 10830, 'name': 'Activision Blizzard', 'slug': 'activision-blizzard', 'games_count': 691, 'image_background': 'https://media.rawg.io/media/games/445/44507fdd60a8ec02b1c3c64a293ca754.jpg'}]",,,Barnstorming is an Atari 2600 video game designed by Steve Cartwright and published by Activision in 1982. It was the first game designed by Cartwright. The idea for Barnstorming came to him as he watched a biplane one day while driving home from work.,,9.0,2.0,2.0,1.0,,,,,,,,,0.0,,,,
52536,grand-prix,Grand Prix,Grand Prix,"<p>Grand Prix is a Formula One Grand Prix motor racing-themed video game. It was designed and programmed by David Crane for the Atari 2600 and published by Activision in 1982.</p>
<p>Grand Prix was the first Atari 2600 game to feature shaded objects in color. When David Crane developed a technique for painting large, multicolored sprites on the 2600, he made a color pattern that reminded him of Grand Prix racing stripes. This inspired him to design a Grand Prix racing game to apply his new technique.</p>",,[],1982-01-01,False,2019-08-28T22:26:30,https://media.rawg.io/media/screenshots/142/14270c32825843a0e08c15a06c8f09fb.jpg,https://media.rawg.io/media/screenshots/09e/09e72e9bd7d97a0570a59b38a6fc9e96.jpg,,0.0,0,"[{'id': 3, 'title': 'meh', 'count': 2, 'percent': 66.67}, {'id': 4, 'title': 'recommended', 'count': 1, 'percent': 33.33}]",14,0,4,0,1,0,0,,,,,0,0,0,0,3,50,[],,0,0,0,,3,0f0f0f,0f0f0f,"[{'platform': {'id': 9, 'name': 'Atari', 'slug': 'atari'}}, {'platform': {'id': 10, 'name': 'Commodore / Amiga', 'slug': 'commodore-amiga'}}]","[{'platform': {'id': 23, 'name': 'Atari 2600', 'slug': 'atari-2600', 'image': None, 'year_end': None, 'year_start': None, 'games_count': 294, 'image_background': 'https://media.rawg.io/media/screenshots/ff6/ff623993a854663931c1e78d72a16a5a.jpg'}, 'released_at': '1982-01-01', 'requirements': {}}, {'platform': {'id': 166, 'name': 'Commodore / Amiga', 'slug': 'commodore-amiga', 'image': None, 'year_end': None, 'year_start': None, 'games_count': 2083, 'image_background': 'https://media.rawg.io/media/games/cce/cce8bebe861f295003f5a9fe5b11233f.jpg'}, 'released_at': '1982-01-01', 'requirements': {}}]",[],"[{'id': 11, 'name': 'Activision', 'slug': 'activision', 'games_count': 163, 'image_background': 'https://media.rawg.io/media/screenshots/d05/d0524e9b2e276dd9c8351881e897f7c9.jpg'}]","[{'id': 1, 'name': 'Racing', 'slug': 'racing', 'games_count': 25359, 'image_background': 'https://media.rawg.io/media/screenshots/69b/69bb243ea9896ddfc2e051b58e81624d.jpg'}]","[{'id': 31, 'name': 'Singleplayer', 'slug': 'singleplayer', 'language': 'eng', 'games_count': 238404, 'image_background': 'https://media.rawg.io/media/games/26d/26d4437715bee60138dab4a7c8c59c92.jpg'}]","[{'id': 10830, 'name': 'Activision Blizzard', 'slug': 'activision-blizzard', 'games_count': 691, 'image_background': 'https://media.rawg.io/media/games/445/44507fdd60a8ec02b1c3c64a293ca754.jpg'}]",,,"Grand Prix is a Formula One Grand Prix motor racing-themed video game. It was designed and programmed by David Crane for the Atari 2600 and published by Activision in 1982.
Grand Prix was the first Atari 2600 game to feature shaded objects in color. When David Crane developed a technique for painting large, multicolored sprites on the 2600, he made a color pattern that reminded him of Grand Prix racing stripes. This inspired him to design a Grand Prix racing game to apply his new technique.",,7.0,2.0,3.0,2.0,,,,,,,,,0.0,,,,
54999,countdown-to-doom,Countdown to Doom,Countdown to Doom,"<p>Countdown to Doom is a text adventure computer game, more recently termed interactive fiction, written in 1982 by Peter Killworth. Its setting is the planet Doomawangara, which is coyly said to be shortened to ""Doom"". The game also has two sequels, Return to Doom and Last Days of Doom.</p>
<p>The game was first published for the BBC Micro in 1982. It was ported to the Acorn Electron in 1984 but only released as a ROM cartridge for the Plus 1 expansion. This was the only game released exclusively as a ROM cart for the Electron. The game was later re-released in 1987 by Topologika (who also published the game's sequels).[1] This version was expanded by about 50% and as well as being released for the BBC and Electron (on disk only), the game was ported to many other systems including ZX Spectrum (+3 disk only), PC, Amstrad CPC, Amstrad PCW, Atari ST and RM Nimbus. It was also available for Acorn RISC OS computers as a compilation with Return to Doom and Philosopher's Quest.</p>
<p>In this game, the player's spaceship crash-lands on Doom's inhospitable surface and they emerge from the wreckage to realise that, unless they can locate the necessary spare parts, their ship will corrode away in a mere 400 time units. There are many ways to be killed in this game.</p>",,[],1982-01-01,False,2023-02-08T10:52:00,https://media.rawg.io/media/screenshots/f7a/f7ad6dcf376a7ece3fb8eb54ef605fb2.jpg,https://media.rawg.io/media/screenshots/bc0/bc0a3fb92f595dbf900f01b10c7f6085.jpg,,0.0,0,"[{'id': 3, 'title': 'meh', 'count': 2, 'percent': 66.67}, {'id': 4, 'title': 'recommended', 'count': 1, 'percent': 33.33}]",13,0,6,0,0,0,0,,,,,0,0,0,0,2,61,[],,0,0,0,,3,0f0f0f,0f0f0f,"[{'platform': {'id': 1, 'name': 'PC', 'slug': 'pc'}}, {'platform': {'id': 9, 'name': 'Atari', 'slug': 'atari'}}]","[{'platform': {'id': 4, 'name': 'PC', 'slug': 'pc', 'image': None, 'year_end': None, 'year_start': None, 'games_count': 547196, 'image_background': 'https://media.rawg.io/media/games/6fc/6fcf4cd3b17c288821388e6085bb0fc9.jpg'}, 'released_at': '1982-01-01', 'requirements': {}}, {'platform': {'id': 34, 'name': 'Atari ST', 'slug': 'atari-st', 'image': None, 'year_end': None, 'year_start': None, 'games_count': 836, 'image_background': 'https://media.rawg.io/media/games/637/637d7dc2f44d0f6ddd3ee2c0b1366962.jpg'}, 'released_at': '1982-01-01', 'requirements': {}}]",[],"[{'id': 26939, 'name': 'Peter Killworth', 'slug': 'peter-killworth', 'games_count': 1, 'image_background': 'https://media.rawg.io/media/screenshots/f7a/f7ad6dcf376a7ece3fb8eb54ef605fb2.jpg'}]",[],"[{'id': 31, 'name': 'Singleplayer', 'slug': 'singleplayer', 'language': 'eng', 'games_count': 238404, 'image_background': 'https://media.rawg.io/media/games/26d/26d4437715bee60138dab4a7c8c59c92.jpg'}]","[{'id': 19902, 'name': 'Acornsoft', 'slug': 'acornsoft', 'games_count': 6, 'image_background': 'https://media.rawg.io/media/screenshots/0f7/0f70dada2fe45750162b0e67ce10836f.jpg'}, {'id': 20217, 'name': 'Topologika', 'slug': 'topologika', 'games_count': 2, 'image_background': 'https://media.rawg.io/media/screenshots/854/854e0dae75eb214ea554b1498e123399.jpg'}]",,,"Countdown to Doom is a text adventure computer game, more recently termed interactive fiction, written in 1982 by Peter Killworth. Its setting is the planet Doomawangara, which is coyly said to be shortened to ""Doom"". The game also has two sequels, Return to Doom and Last Days of Doom.
The game was first published for the BBC Micro in 1982. It was ported to the Acorn Electron in 1984 but only released as a ROM cartridge for the Plus 1 expansion. This was the only game released exclusively as a ROM cart for the Electron. The game was later re-released in 1987 by Topologika (who also published the game's sequels).[1] This version was expanded by about 50% and as well as being released for the BBC and Electron (on disk only), the game was ported to many other systems including ZX Spectrum (+3 disk only), PC, Amstrad CPC, Amstrad PCW, Atari ST and RM Nimbus. It was also available for Acorn RISC OS computers as a compilation with Return to Doom and Philosopher's Quest.
In this game, the player's spaceship crash-lands on Doom's inhospitable surface and they emerge from the wreckage to realise that, unless they can locate the necessary spare parts, their ship will corrode away in a mere 400 time units. There are many ways to be killed in this game.",1.0,6.0,3.0,2.0,1.0,,,,,,,,,0.0,,,,
52421,demons-to-diamonds,Demons to Diamonds,Demons to Diamonds,"<p>Demons to Diamonds is a fixed shooter for the Atari 2600 produced by Atari, Inc. and released in 1982. It was programmed by Nick Turner with graphics designed by Alan Murphy. Nick Turner previously ported Super Breakout to the 2600. The manual states that the game was ""primarily designed for children in the 6 to 12 age range.""</p>
<p>Players attempt to shoot demons in a ""cosmic carnival"" and then pick up the diamonds left behind by them, while dodging shots from enemy skulls. The game includes both single-player and two-player simultaneous play modes.</p>",,[],1982-01-01,False,2019-08-28T22:02:38,https://media.rawg.io/media/screenshots/242/2425958984046e22a31a102789cc8ca2.jpg,https://media.rawg.io/media/screenshots/593/593a8dfd505bdd7c99e0f2b2540d0d0b.jpg,,0.0,0,"[{'id': 3, 'title': 'meh', 'count': 2, 'percent': 66.67}, {'id': 1, 'title': 'skip', 'count': 1, 'percent': 33.33}]",13,0,4,0,1,0,0,,,,,0,0,0,0,2,43,[],,0,0,0,,3,0f0f0f,0f0f0f,"[{'platform': {'id': 9, 'name': 'Atari', 'slug': 'atari'}}]","[{'platform': {'id': 23, 'name': 'Atari 2600', 'slug': 'atari-2600', 'image': None, 'year_end': None, 'year_start': None, 'games_count': 294, 'image_background': 'https://media.rawg.io/media/screenshots/ff6/ff623993a854663931c1e78d72a16a5a.jpg'}, 'released_at': '1982-01-01', 'requirements': {}}]",[],"[{'id': 656, 'name': 'Atari', 'slug': 'atari', 'games_count': 137, 'image_background': 'https://media.rawg.io/media/games/0d2/0d2d6f345cd77639d65a235cb7dd0a21.jpg'}]",[],"[{'id': 31, 'name': 'Singleplayer', 'slug': 'singleplayer', 'language': 'eng', 'games_count': 238404, 'image_background': 'https://media.rawg.io/media/games/26d/26d4437715bee60138dab4a7c8c59c92.jpg'}, {'id': 7, 'name': 'Multiplayer', 'slug': 'multiplayer', 'language': 'eng', 'games_count': 40505, 'image_background': 'https://media.rawg.io/media/games/021/021c4e21a1824d2526f925eff6324653.jpg'}]","[{'id': 1779, 'name': 'Atari', 'slug': 'atari', 'games_count': 507, 'image_background': 'https://media.rawg.io/media/games/d82/d82dbcf92ded452bf8c6fb1bbdd62e52.jpg'}]",,,"Demons to Diamonds is a fixed shooter for the Atari 2600 produced by Atari, Inc. and released in 1982. It was programmed by Nick Turner with graphics designed by Alan Murphy. Nick Turner previously ported Super Breakout to the 2600. The manual states that the game was ""primarily designed for children in the 6 to 12 age range.""
Players attempt to shoot demons in a ""cosmic carnival"" and then pick up the diamonds left behind by them, while dodging shots from enemy skulls. The game includes both single-player and two-player simultaneous play modes.",,7.0,3.0,2.0,1.0,,,,,,,,,0.0,,,,
52431,kangaroo,Kangaroo,Kangaroo,"<p>Kangaroo (Japanese: カンガルー) is an arcade platform game that was released in 1982. It was manufactured by Sun Electronics and distributed by Atari. Kangaroo is one of the first arcade games similar in style to Donkey Kong without being a direct knock-off. The player takes the role of a mother kangaroo wearing boxing gloves, who is trying to rescue her son from fruit-throwing monkeys.</p>
<p>Unusually for a game with jumping, there is no jump button. Instead, the player pushes up—or up and diagonally—to jump.</p>",,[],1982-01-01,False,2019-08-28T22:02:37,https://media.rawg.io/media/screenshots/0bf/0bf0be5e5f4efe25e2b1e4018d954d9b.jpg,https://media.rawg.io/media/screenshots/4f0/4f075eb936fe5c213c2a95ab4f0c1f03.jpg,,0.0,0,"[{'id': 3, 'title': 'meh', 'count': 1, 'percent': 100.0}]",13,0,8,0,0,0,0,,,,,0,0,0,0,1,154,[],,0,0,0,,1,0f0f0f,0f0f0f,"[{'platform': {'id': 9, 'name': 'Atari', 'slug': 'atari'}}]","[{'platform': {'id': 23, 'name': 'Atari 2600', 'slug': 'atari-2600', 'image': None, 'year_end': None, 'year_start': None, 'games_count': 294, 'image_background': 'https://media.rawg.io/media/screenshots/ff6/ff623993a854663931c1e78d72a16a5a.jpg'}, 'released_at': '1982-01-01', 'requirements': {}}, {'platform': {'id': 31, 'name': 'Atari 5200', 'slug': 'atari-5200', 'image': None, 'year_end': None, 'year_start': None, 'games_count': 64, 'image_background': 'https://media.rawg.io/media/screenshots/678/6786598cba3939d48ed60cbd1a3723f4.jpg'}, 'released_at': '1982-01-01', 'requirements': {}}, {'platform': {'id': 25, 'name': 'Atari 8-bit', 'slug': 'atari-8-bit', 'image': None, 'year_end': None, 'year_start': None, 'games_count': 308, 'image_background': 'https://media.rawg.io/media/screenshots/038/0385a47d3a43b218204268af5361a19e.jpg'}, 'released_at': '1982-01-01', 'requirements': {}}]",[],"[{'id': 14881, 'name': 'SunSoft', 'slug': 'sunsoft', 'games_count': 50, 'image_background': 'https://media.rawg.io/media/screenshots/443/44360ce0ceb75a1dd0879f46c8f72e57.jpg'}, {'id': 25947, 'name': 'Sun Electronics', 'slug': 'sun-electronics', 'games_count': 2, 'image_background': 'https://media.rawg.io/media/screenshots/a8d/a8d319864ce737c09c70619000f9f28d.jpg'}]",[],"[{'id': 31, 'name': 'Singleplayer', 'slug': 'singleplayer', 'language': 'eng', 'games_count': 238404, 'image_background': 'https://media.rawg.io/media/games/26d/26d4437715bee60138dab4a7c8c59c92.jpg'}, {'id': 411, 'name': 'cooperative', 'slug': 'cooperative', 'language': 'eng', 'games_count': 5855, 'image_background': 'https://media.rawg.io/media/games/1bd/1bd2657b81eb0c99338120ad444b24ff.jpg'}, {'id': 418, 'name': '2 players', 'slug': '2-players', 'language': 'eng', 'games_count': 1244, 'image_background': 'https://media.rawg.io/media/screenshots/f9a/f9ac59bb4af2ca2193ee9ffb979577cf.jpg'}, {'id': 348, 'name': 'alternating turns', 'slug': 'alternating-turns', 'language': 'eng', 'games_count': 64, 'image_background': 'https://media.rawg.io/media/games/6f8/6f8fb1e98393f72b47f1f909d5b649d4.jpg'}]","[{'id': 1779, 'name': 'Atari', 'slug': 'atari', 'games_count': 507, 'image_background': 'https://media.rawg.io/media/games/d82/d82dbcf92ded452bf8c6fb1bbdd62e52.jpg'}, {'id': 19420, 'name': 'Sun Electronics', 'slug': 'sun-electronics', 'games_count': 2, 'image_background': 'https://media.rawg.io/media/screenshots/a8d/a8d319864ce737c09c70619000f9f28d.jpg'}]",,,"Kangaroo (Japanese: カンガルー) is an arcade platform game that was released in 1982. It was manufactured by Sun Electronics and distributed by Atari. Kangaroo is one of the first arcade games similar in style to Donkey Kong without being a direct knock-off. The player takes the role of a mother kangaroo wearing boxing gloves, who is trying to rescue her son from fruit-throwing monkeys.
Unusually for a game with jumping, there is no jump button. Instead, the player pushes up—or up and diagonally—to jump.",,7.0,2.0,2.0,2.0,,,,,,,,,0.0,,,,
56808,starcross,Starcross,Starcross,"<p>Starcross is a 1982 interactive fiction game designed and implemented by Dave Lebling and published by Infocom. Like most Infocom titles, it was developed for many systems. It was released for DOS, as a PC Booter, Apple II, Atari ST and Atari 8-bit. It is Infocom's fifth game. It sold 90,315 copies.</p>
<p>The game was Infocom's first in the science fiction genre. It takes place in the year 2186, when the player's character is a lone black hole miner exploring an asteroid belt. The player's ship, the Starcross, is fitted with a mass detector to look for ""quantum black holes"", which are such powerful sources of energy that one could provide a wealth of riches. When the mass detector finally discovers an anomaly, however, it is not a black hole but something else entirely: a massive craft of unknown origin and composition.</p>
<p>The player must dock with the mysterious ship and gain entry to its interior. Once inside, the player discovers a wide variety of alien plant and animal species and an array of unfamiliar technology. Starcross has an appearance in Zork: The underground empire.</p>",,[],1982-09-01,False,2023-02-08T10:51:56,https://media.rawg.io/media/screenshots/2ee/2eed2bc9b016e48ac7ec795660bbf70b.jpg,https://media.rawg.io/media/screenshots/f91/f91f863eb10c0e1bd8e1fdc6059785ad.jpg,,0.0,0,"[{'id': 3, 'title': 'meh', 'count': 1, 'percent': 100.0}]",13,0,18,0,1,0,0,,,,,0,0,0,0,1,129,[],,0,0,0,,1,0f0f0f,0f0f0f,"[{'platform': {'id': 1, 'name': 'PC', 'slug': 'pc'}}, {'platform': {'id': 5, 'name': 'Apple Macintosh', 'slug': 'mac'}}, {'platform': {'id': 9, 'name': 'Atari', 'slug': 'atari'}}, {'platform': {'id': 10, 'name': 'Commodore / Amiga', 'slug': 'commodore-amiga'}}]","[{'platform': {'id': 166, 'name': 'Commodore / Amiga', 'slug': 'commodore-amiga', 'image': None, 'year_end': None, 'year_start': None, 'games_count': 2083, 'image_background': 'https://media.rawg.io/media/games/cce/cce8bebe861f295003f5a9fe5b11233f.jpg'}, 'released_at': '1982-09-01', 'requirements': {}}, {'platform': {'id': 34, 'name': 'Atari ST', 'slug': 'atari-st', 'image': None, 'year_end': None, 'year_start': None, 'games_count': 836, 'image_background': 'https://media.rawg.io/media/games/637/637d7dc2f44d0f6ddd3ee2c0b1366962.jpg'}, 'released_at': '1982-09-01', 'requirements': {}}, {'platform': {'id': 41, 'name': 'Apple II', 'slug': 'apple-ii', 'image': None, 'year_end': None, 'year_start': None, 'games_count': 424, 'image_background': 'https://media.rawg.io/media/screenshots/3d2/3d2bb57b39e2efa39d1c385585b2ea8b.jpg'}, 'released_at': '1982-09-01', 'requirements': {}}, {'platform': {'id': 25, 'name': 'Atari 8-bit', 'slug': 'atari-8-bit', 'image': None, 'year_end': None, 'year_start': None, 'games_count': 308, 'image_background': 'https://media.rawg.io/media/screenshots/038/0385a47d3a43b218204268af5361a19e.jpg'}, 'released_at': '1982-09-01', 'requirements': {}}, {'platform': {'id': 55, 'name': 'Classic Macintosh', 'slug': 'macintosh', 'image': None, 'year_end': None, 'year_start': None, 'games_count': 675, 'image_background': 'https://media.rawg.io/media/games/38a/38af969459ad6e5de116ec8a4a84218c.jpg'}, 'released_at': '1982-09-01', 'requirements': {}}, {'platform': {'id': 4, 'name': 'PC', 'slug': 'pc', 'image': None, 'year_end': None, 'year_start': None, 'games_count': 547196, 'image_background': 'https://media.rawg.io/media/games/6fc/6fcf4cd3b17c288821388e6085bb0fc9.jpg'}, 'released_at': '1982-09-01', 'requirements': {}}]",[],"[{'id': 12929, 'name': 'Infocom', 'slug': 'infocom', 'games_count': 48, 'image_background': 'https://media.rawg.io/media/screenshots/782/7822ae77e839fa2db05cd53d08225dd8.jpg'}]",[],"[{'id': 31, 'name': 'Singleplayer', 'slug': 'singleplayer', 'language': 'eng', 'games_count': 238404, 'image_background': 'https://media.rawg.io/media/games/26d/26d4437715bee60138dab4a7c8c59c92.jpg'}]","[{'id': 11435, 'name': 'Infocom', 'slug': 'infocom', 'games_count': 45, 'image_background': 'https://media.rawg.io/media/screenshots/3d4/3d4094f02e71cb3439ab3c8af62809c0.jpg'}]",,,"Starcross is a 1982 interactive fiction game designed and implemented by Dave Lebling and published by Infocom. Like most Infocom titles, it was developed for many systems. It was released for DOS, as a PC Booter, Apple II, Atari ST and Atari 8-bit. It is Infocom's fifth game. It sold 90,315 copies.
The game was Infocom's first in the science fiction genre. It takes place in the year 2186, when the player's character is a lone black hole miner exploring an asteroid belt. The player's ship, the Starcross, is fitted with a mass detector to look for ""quantum black holes"", which are such powerful sources of energy that one could provide a wealth of riches. When the mass detector finally discovers an anomaly, however, it is not a black hole but something else entirely: a massive craft of unknown origin and composition.
The player must dock with the mysterious ship and gain entry to its interior. Once inside, the player discovers a wide variety of alien plant and animal species and an array of unfamiliar technology. Starcross has an appearance in Zork: The underground empire.",1.0,7.0,2.0,2.0,1.0,,,,,,,,,0.0,,,,
261598,night-life,Night Life,Night Life,"<p>Night Life (ナイトライフ) is an erotic graphic adventure game by Kōei, released for the PC-8801 computer in 1982.</p>",,[],1982-01-01,False,2023-02-08T10:51:58,https://media.rawg.io/media/screenshots/2a4/2a47b38aa59caafabaf2d97107850af6.jpg,https://media.rawg.io/media/screenshots/2aa/2aa055fce7a5d1e5c5f5a59bb84ed903.jpg,,0.0,0,"[{'id': 3, 'title': 'meh', 'count': 1, 'percent': 100.0}]",13,0,4,0,0,0,0,,,,,0,0,0,0,1,126,[],,0,0,0,,1,0f0f0f,0f0f0f,"[{'platform': {'id': 1, 'name': 'PC', 'slug': 'pc'}}]","[{'platform': {'id': 4, 'name': 'PC', 'slug': 'pc', 'image': None, 'year_end': None, 'year_start': None, 'games_count': 547196, 'image_background': 'https://media.rawg.io/media/games/6fc/6fcf4cd3b17c288821388e6085bb0fc9.jpg'}, 'released_at': '1982-01-01', 'requirements': {}}]",[],"[{'id': 1700, 'name': 'KOEI', 'slug': 'koei', 'games_count': 72, 'image_background': 'https://media.rawg.io/media/screenshots/de5/de5eed35a3449a376381a307fdb974e7.jpg'}]","[{'id': 14, 'name': 'Simulation', 'slug': 'simulation', 'games_count': 73491, 'image_background': 'https://media.rawg.io/media/games/48c/48cb04ca483be865e3a83119c94e6097.jpg'}]","[{'id': 1652, 'name': 'night', 'slug': 'night', 'language': 'eng', 'games_count': 4490, 'image_background': 'https://media.rawg.io/media/screenshots/689/68982c8e9f02b077c1b9bdc25fe6a87a.jpg'}, {'id': 785, 'name': 'Erotic', 'slug': 'erotic', 'language': 'eng', 'games_count': 708, 'image_background': 'https://media.rawg.io/media/screenshots/ab1/ab1f924ef2a6ef55cf17a731813ca465.jpg'}]","[{'id': 10868, 'name': 'Koei', 'slug': 'koei', 'games_count': 107, 'image_background': 'https://media.rawg.io/media/screenshots/05f/05f21409dac9ce60809bc1bce40d657a.jpg'}]",,,"Night Life (ナイトライフ) is an erotic graphic adventure game by Kōei, released for the PC-8801 computer in 1982.",2.0,5.0,1.0,4.0,1.0,,,,5.0,Adults Only,adults-only,,,0.0,,,,
52425,gravitar,Gravitar,Gravitar,"<p>Gravitar is a color vector graphics arcade game released by Atari, Inc. in 1982. Using the same rotate-and-thrust controls as Asteroids, Gravitar was known for its difficulty. It was the first of over twenty games Mike Hally designed and produced for Atari, including Star Wars. The main programmer was Rich Adam and the cabinet art was designed by Brad Chaboya. Over 5,427 cabinets were produced. An Atari 2600 version by Dan Hitchens was published by Atari in 1983.</p>
<p>Gravitar was developed with a working title of Lunar Battle.</p>",,[],1982-01-01,False,2019-01-09T12:41:06,https://media.rawg.io/media/screenshots/683/6830bc35b07798920fcdee00e526db8d.jpg,https://media.rawg.io/media/screenshots/883/8835b5a3981200091085f525b89f51e3.jpg,,0.0,0,"[{'id': 4, 'title': 'recommended', 'count': 1, 'percent': 50.0}, {'id': 3, 'title': 'meh', 'count': 1, 'percent': 50.0}]",13,0,8,0,5,0,0,,,,,0,0,0,0,2,93,[],,0,0,0,,2,0f0f0f,0f0f0f,"[{'platform': {'id': 7, 'name': 'Nintendo', 'slug': 'nintendo'}}, {'platform': {'id': 9, 'name': 'Atari', 'slug': 'atari'}}]","[{'platform': {'id': 24, 'name': 'Game Boy Advance', 'slug': 'game-boy-advance', 'image': None, 'year_end': None, 'year_start': None, 'games_count': 950, 'image_background': 'https://media.rawg.io/media/games/98c/98c87b286cd2a2ba942167df384a9bd3.jpg'}, 'released_at': '1982-01-01', 'requirements': {}}, {'platform': {'id': 22, 'name': 'Atari Flashback', 'slug': 'atari-flashback', 'image': None, 'year_end': None, 'year_start': None, 'games_count': 30, 'image_background': 'https://media.rawg.io/media/screenshots/2aa/2aa07f58491e14b0183333f8956bc802.jpg'}, 'released_at': '1982-01-01', 'requirements': {}}, {'platform': {'id': 23, 'name': 'Atari 2600', 'slug': 'atari-2600', 'image': None, 'year_end': None, 'year_start': None, 'games_count': 294, 'image_background': 'https://media.rawg.io/media/screenshots/ff6/ff623993a854663931c1e78d72a16a5a.jpg'}, 'released_at': '1982-01-01', 'requirements': {}}]",[],"[{'id': 656, 'name': 'Atari', 'slug': 'atari', 'games_count': 137, 'image_background': 'https://media.rawg.io/media/games/0d2/0d2d6f345cd77639d65a235cb7dd0a21.jpg'}]",[],"[{'id': 358, 'name': 'One or two players alternating turns', 'slug': 'one-or-two-players-alternating-turns', 'language': 'eng', 'games_count': 1, 'image_background': 'https://media.rawg.io/media/screenshots/683/6830bc35b07798920fcdee00e526db8d.jpg'}]","[{'id': 1779, 'name': 'Atari', 'slug': 'atari', 'games_count': 507, 'image_background': 'https://media.rawg.io/media/games/d82/d82dbcf92ded452bf8c6fb1bbdd62e52.jpg'}]",,,"Gravitar is a color vector graphics arcade game released by Atari, Inc. in 1982. Using the same rotate-and-thrust controls as Asteroids, Gravitar was known for its difficulty. It was the first of over twenty games Mike Hally designed and produced for Atari, including Star Wars. The main programmer was Rich Adam and the cabinet art was designed by Brad Chaboya. Over 5,427 cabinets were produced. An Atari 2600 version by Dan Hitchens was published by Atari in 1983.
Gravitar was developed with a working title of Lunar Battle.",,5.0,4.0,2.0,2.0,,,,,,,,,0.0,,,,
52456,raiders-of-the-lost-ark,Raiders of the Lost Ark,Raiders of the Lost Ark,<p>Raiders of the Lost Ark is an adventure video game created for the Atari 2600 based on the movie of the same name. The game was designed by Howard Scott Warshaw.</p>,,[],1982-01-01,False,2019-08-28T22:26:31,https://media.rawg.io/media/screenshots/0dc/0dc04c1b07c0f98b5ba3ba56ba74e807.jpg,https://media.rawg.io/media/screenshots/dde/ddec84321883741cc53733e62578c7ed.jpg,,0.0,0,"[{'id': 3, 'title': 'meh', 'count': 1, 'percent': 100.0}]",13,0,8,0,1,0,0,,,,,0,0,0,0,1,101,[],,0,0,0,,1,0f0f0f,0f0f0f,"[{'platform': {'id': 9, 'name': 'Atari', 'slug': 'atari'}}]","[{'platform': {'id': 23, 'name': 'Atari 2600', 'slug': 'atari-2600', 'image': None, 'year_end': None, 'year_start': None, 'games_count': 294, 'image_background': 'https://media.rawg.io/media/screenshots/ff6/ff623993a854663931c1e78d72a16a5a.jpg'}, 'released_at': '1982-01-01', 'requirements': {}}]",[],"[{'id': 656, 'name': 'Atari', 'slug': 'atari', 'games_count': 137, 'image_background': 'https://media.rawg.io/media/games/0d2/0d2d6f345cd77639d65a235cb7dd0a21.jpg'}]","[{'id': 3, 'name': 'Adventure', 'slug': 'adventure', 'games_count': 146481, 'image_background': 'https://media.rawg.io/media/games/b6b/b6b20bfc4b34e312dbc8aac53c95a348.jpg'}]","[{'id': 31, 'name': 'Singleplayer', 'slug': 'singleplayer', 'language': 'eng', 'games_count': 238404, 'image_background': 'https://media.rawg.io/media/games/26d/26d4437715bee60138dab4a7c8c59c92.jpg'}]","[{'id': 1779, 'name': 'Atari', 'slug': 'atari', 'games_count': 507, 'image_background': 'https://media.rawg.io/media/games/d82/d82dbcf92ded452bf8c6fb1bbdd62e52.jpg'}]",,,Raiders of the Lost Ark is an adventure video game created for the Atari 2600 based on the movie of the same name. The game was designed by Howard Scott Warshaw.,,7.0,3.0,2.0,1.0,,,,,,,,,0.0,,,,
52616,tutankham,Tutankham,Tutankham,"<p>Tutankham (ツタンカーン) is a 1982 maze shooter developed by Konami and released in arcades by Stern in the US. The game was originally titled Tutankhamen, but it was discovered that the full name could not fit on the arcade cabinet, so the title was shortened.</p>
<p>Tutankham is one of six games chosen to appear in the LIFE magazine photo-session conducted at Twin Galaxies on November 7, 1982, featuring video game record holders of the 1982-era, gathered for a group photograph. The Tutankham champion in the photo is Mark Robichek of Mountain View, California.</p>",,[],1982-01-01,False,2019-01-09T12:41:06,https://media.rawg.io/media/screenshots/953/9530051469a2cd943246400a6f275848.jpg,https://media.rawg.io/media/screenshots/fc0/fc063f84e4a0f952886de926dcd6130e.jpg,,0.0,0,"[{'id': 5, 'title': 'exceptional', 'count': 1, 'percent': 50.0}, {'id': 3, 'title': 'meh', 'count': 1, 'percent': 50.0}]",12,0,12,0,1,0,0,,,,,0,0,0,0,2,195,[],,0,0,0,,2,0f0f0f,0f0f0f,"[{'platform': {'id': 9, 'name': 'Atari', 'slug': 'atari'}}]","[{'platform': {'id': 23, 'name': 'Atari 2600', 'slug': 'atari-2600', 'image': None, 'year_end': None, 'year_start': None, 'games_count': 294, 'image_background': 'https://media.rawg.io/media/screenshots/ff6/ff623993a854663931c1e78d72a16a5a.jpg'}, 'released_at': '1982-01-01', 'requirements': {}}]",[],"[{'id': 1971, 'name': 'Konami Digital Entertainment', 'slug': 'konami-digital-entertainment', 'games_count': 467, 'image_background': 'https://media.rawg.io/media/games/d56/d56412cd670313ef306da64669c381d8.jpg'}]","[{'id': 2, 'name': 'Shooter', 'slug': 'shooter', 'games_count': 59560, 'image_background': 'https://media.rawg.io/media/games/d58/d588947d4286e7b5e0e12e1bea7d9844.jpg'}]","[{'id': 418, 'name': '2 players', 'slug': '2-players', 'language': 'eng', 'games_count': 1244, 'image_background': 'https://media.rawg.io/media/screenshots/f9a/f9ac59bb4af2ca2193ee9ffb979577cf.jpg'}, {'id': 354, 'name': 'alternating', 'slug': 'alternating', 'language': 'eng', 'games_count': 6, 'image_background': 'https://media.rawg.io/media/screenshots/3d6/3d63a56f41d94345e0c1be534497b37b.jpg'}]","[{'id': 10691, 'name': 'Konami', 'slug': 'konami', 'games_count': 788, 'image_background': 'https://media.rawg.io/media/games/85e/85e4c8a78cf9b82b5ed19262fe00c00f.jpg'}, {'id': 19460, 'name': 'Parker Brothers', 'slug': 'parker-brothers', 'games_count': 19, 'image_background': 'https://media.rawg.io/media/screenshots/c06/c06937e1c4e9a46874dcf2223de70593.jpg'}, {'id': 19406, 'name': 'Stern', 'slug': 'stern', 'games_count': 6, 'image_background': 'https://media.rawg.io/media/screenshots/6af/6afe09f5c31b351db93e10b87b3ab112.jpg'}]",,,"Tutankham (ツタンカーン) is a 1982 maze shooter developed by Konami and released in arcades by Stern in the US. The game was originally titled Tutankhamen, but it was discovered that the full name could not fit on the arcade cabinet, so the title was shortened.
Tutankham is one of six games chosen to appear in the LIFE magazine photo-session conducted at Twin Galaxies on November 7, 1982, featuring video game record holders of the 1982-era, gathered for a group photograph. The Tutankham champion in the photo is Mark Robichek of Mountain View, California.",,6.0,3.0,2.0,1.0,,,,,,,,,0.0,,,,
55191,blue-print,Blue Print,Blue Print,"<p>Blue Print, is an arcade maze game released in June 1982. It was developed by Zilec Electronics Limited and licensed to Bally Midway. The player controls J.J., a man whose girlfriend Daisy is being chased by Ollie Ogre. To defeat him, J.J. must find the pieces of a machine based on a blueprint. Home ports of Blue Print were published by CBS Electronics for the Atari 2600, Atari 5200, and Commodore 64.</p>",,[],1982-01-01,False,2019-08-28T22:01:09,,,,0.0,0,"[{'id': 4, 'title': 'recommended', 'count': 1, 'percent': 33.33}, {'id': 3, 'title': 'meh', 'count': 1, 'percent': 33.33}, {'id': 1, 'title': 'skip', 'count': 1, 'percent': 33.33}]",12,0,0,0,0,0,0,,,,,0,0,0,0,2,0,[],,0,0,0,,3,0f0f0f,0f0f0f,"[{'platform': {'id': 9, 'name': 'Atari', 'slug': 'atari'}}]","[{'platform': {'id': 31, 'name': 'Atari 5200', 'slug': 'atari-5200', 'image': None, 'year_end': None, 'year_start': None, 'games_count': 64, 'image_background': 'https://media.rawg.io/media/screenshots/678/6786598cba3939d48ed60cbd1a3723f4.jpg'}, 'released_at': '1982-01-01', 'requirements': {}}]",[],"[{'id': 13149, 'name': 'Midway Games', 'slug': 'midway-games', 'games_count': 77, 'image_background': 'https://media.rawg.io/media/screenshots/529/5292fb5f3c458a027a1bb91540d22312.jpg'}, {'id': 25946, 'name': 'Bally Midway', 'slug': 'bally-midway', 'games_count': 8, 'image_background': 'https://media.rawg.io/media/screenshots/a19/a1994bb9ef2cd1d6f396e49d5e891712.jpg'}, {'id': 27030, 'name': 'Zilec Electronics', 'slug': 'zilec-electronics', 'games_count': 1, 'image_background': ''}]",[],"[{'id': 31, 'name': 'Singleplayer', 'slug': 'singleplayer', 'language': 'eng', 'games_count': 238404, 'image_background': 'https://media.rawg.io/media/games/26d/26d4437715bee60138dab4a7c8c59c92.jpg'}, {'id': 7, 'name': 'Multiplayer', 'slug': 'multiplayer', 'language': 'eng', 'games_count': 40505, 'image_background': 'https://media.rawg.io/media/games/021/021c4e21a1824d2526f925eff6324653.jpg'}]","[{'id': 10879, 'name': 'Midway Games', 'slug': 'midway-games', 'games_count': 142, 'image_background': 'https://media.rawg.io/media/screenshots/3db/3dbec4b488796ef8e70a73389155a58f.jpg'}, {'id': 19419, 'name': 'Bally Midway', 'slug': 'bally-midway', 'games_count': 14, 'image_background': 'https://media.rawg.io/media/screenshots/a9d/a9d6ecfce2839af25e2e74ff8821094d.jpg'}, {'id': 19462, 'name': 'CBS Electronics', 'slug': 'cbs-electronics', 'games_count': 8, 'image_background': 'https://media.rawg.io/media/screenshots/271/271596942ed202540078bf05ca4d4a6c.jpg'}]",,,"Blue Print, is an arcade maze game released in June 1982. It was developed by Zilec Electronics Limited and licensed to Bally Midway. The player controls J.J., a man whose girlfriend Daisy is being chased by Ollie Ogre. To defeat him, J.J. must find the pieces of a machine based on a blueprint. Home ports of Blue Print were published by CBS Electronics for the Atari 2600, Atari 5200, and Commodore 64.",,6.0,3.0,2.0,1.0,,,,,,,,,0.0,,,,
54595,space-duel,Space Duel,Space Duel,"<p>Space Duel is an arcade game released in 1982 by Atari Inc. It is a direct descendant of the original Asteroids, with asteroids replaced by colorful geometric shapes like cubes, diamonds, and spinning pinwheels. Space Duel is the first and only multi-player vector game by Atari. When Asteroids Deluxe did not sell well, this game was taken off the shelf and released to moderate success. There were no contemporary home ports.</p>
<p>The player has five buttons: two to rotate the ship left or right, one to shoot, one to activate the thruster, and one for force field. Shooting all objects on the screen completes a level. Space Duel, Asteroids, Asteroids Deluxe and Gravitar all used similar 5-button controlling system.</p>",,[],1982-01-01,False,2019-01-09T12:41:06,https://media.rawg.io/media/screenshots/c08/c08da441fa19e566eb4492a5d095e9ae.jpg,https://media.rawg.io/media/screenshots/324/324c5bdd3fa2bb1a1ab61572c293acf8.jpg,,0.0,0,"[{'id': 3, 'title': 'meh', 'count': 1, 'percent': 100.0}]",12,0,7,0,4,0,0,,,,,0,0,0,0,1,93,[],,0,0,0,,1,0f0f0f,0f0f0f,"[{'platform': {'id': 9, 'name': 'Atari', 'slug': 'atari'}}]","[{'platform': {'id': 28, 'name': 'Atari 7800', 'slug': 'atari-7800', 'image': None, 'year_end': None, 'year_start': None, 'games_count': 64, 'image_background': 'https://media.rawg.io/media/screenshots/565/56504b28b184dbc630a7de118e39d822.jpg'}, 'released_at': '1982-01-01', 'requirements': {}}, {'platform': {'id': 22, 'name': 'Atari Flashback', 'slug': 'atari-flashback', 'image': None, 'year_end': None, 'year_start': None, 'games_count': 30, 'image_background': 'https://media.rawg.io/media/screenshots/2aa/2aa07f58491e14b0183333f8956bc802.jpg'}, 'released_at': '1982-01-01', 'requirements': {}}]",[],"[{'id': 656, 'name': 'Atari', 'slug': 'atari', 'games_count': 137, 'image_background': 'https://media.rawg.io/media/games/0d2/0d2d6f345cd77639d65a235cb7dd0a21.jpg'}]",[],"[{'id': 25, 'name': 'Space', 'slug': 'space', 'language': 'eng', 'games_count': 43594, 'image_background': 'https://media.rawg.io/media/games/ebd/ebdbb7eb52bd58b0e7fa4538d9757b60.jpg'}, {'id': 1505, 'name': 'ship', 'slug': 'ship', 'language': 'eng', 'games_count': 2794, 'image_background': 'https://media.rawg.io/media/games/e74/e74458058b35e01c1ae3feeb39a3f724.jpg'}, {'id': 3117, 'name': 'shoot', 'slug': 'shoot', 'language': 'eng', 'games_count': 9955, 'image_background': 'https://media.rawg.io/media/screenshots/471/47138dfaf3865699a2cf2561e15f659e.jpg'}, {'id': 1382, 'name': 'duel', 'slug': 'duel', 'language': 'eng', 'games_count': 578, 'image_background': 'https://media.rawg.io/media/games/a11/a11912ae667ce96c98619f018ead97ae.jpg'}, {'id': 1689, 'name': 'vector', 'slug': 'vector', 'language': 'eng', 'games_count': 1248, 'image_background': 'https://media.rawg.io/media/screenshots/183/1837e67a619dfe17e958fc0db1869e15.jpeg'}, {'id': 2177, 'name': 'shapes', 'slug': 'shapes', 'language': 'eng', 'games_count': 1504, 'image_background': 'https://media.rawg.io/media/screenshots/443/443c175b136c352d51dd0a7c080de65e.jpg'}, {'id': 1534, 'name': 'atari', 'slug': 'atari', 'language': 'eng', 'games_count': 1158, 'image_background': 'https://media.rawg.io/media/screenshots/d10/d10fdd0fc764ad4a5d70fffa6aee1175.jpg'}, {'id': 1162, 'name': 'Asteroids', 'slug': 'asteroids', 'language': 'eng', 'games_count': 2599, 'image_background': 'https://media.rawg.io/media/screenshots/75e/75eb6532e55b32bb2222ebd42c32bfb5.jpeg'}]","[{'id': 1779, 'name': 'Atari', 'slug': 'atari', 'games_count': 507, 'image_background': 'https://media.rawg.io/media/games/d82/d82dbcf92ded452bf8c6fb1bbdd62e52.jpg'}]",,,"Space Duel is an arcade game released in 1982 by Atari Inc. It is a direct descendant of the original Asteroids, with asteroids replaced by colorful geometric shapes like cubes, diamonds, and spinning pinwheels. Space Duel is the first and only multi-player vector game by Atari. When Asteroids Deluxe did not sell well, this game was taken off the shelf and released to moderate success. There were no contemporary home ports.
The player has five buttons: two to rotate the ship left or right, one to shoot, one to activate the thruster, and one for force field. Shooting all objects on the screen completes a level. Space Duel, Asteroids, Asteroids Deluxe and Gravitar all used similar 5-button controlling system.",1.0,5.0,3.0,2.0,1.0,,,,,,,,,0.0,,,,
55655,stellar-7-1982,Stellar 7 (1982),Stellar 7 (1982),"<p>Stellar 7 is an first-person shoot 'em up tank simulation video game based on the arcade game Battlezone in which the player assumes the role of a futuristic tank pilot. The game was originally created by Damon Slye for the Apple II and Commodore 64 in 1983. It was followed by three sequels, Arcticfox (1986), Nova 9: The Return of Gir Draxon (1991), and Stellar 7: Draxon's Revenge (1993), and was remade in the early 1990s for the 16-bit computers.</p>",,[],1982-01-01,False,2023-02-08T10:51:56,https://media.rawg.io/media/screenshots/461/46172c12d3a1f8ba912565bc1e8fa807.jpg,https://media.rawg.io/media/screenshots/6d4/6d453b11a958bdf4da3b0fcab911e74b.jpg,,0.0,0,"[{'id': 3, 'title': 'meh', 'count': 1, 'percent': 100.0}]",12,0,8,0,14,0,0,,,,,0,0,0,0,1,330,[],,0,0,0,,1,0f0f0f,0f0f0f,"[{'platform': {'id': 1, 'name': 'PC', 'slug': 'pc'}}, {'platform': {'id': 5, 'name': 'Apple Macintosh', 'slug': 'mac'}}, {'platform': {'id': 10, 'name': 'Commodore / Amiga', 'slug': 'commodore-amiga'}}]","[{'platform': {'id': 166, 'name': 'Commodore / Amiga', 'slug': 'commodore-amiga', 'image': None, 'year_end': None, 'year_start': None, 'games_count': 2083, 'image_background': 'https://media.rawg.io/media/games/cce/cce8bebe861f295003f5a9fe5b11233f.jpg'}, 'released_at': '1982-01-01', 'requirements': {}}, {'platform': {'id': 55, 'name': 'Classic Macintosh', 'slug': 'macintosh', 'image': None, 'year_end': None, 'year_start': None, 'games_count': 675, 'image_background': 'https://media.rawg.io/media/games/38a/38af969459ad6e5de116ec8a4a84218c.jpg'}, 'released_at': '1982-01-01', 'requirements': {}}, {'platform': {'id': 4, 'name': 'PC', 'slug': 'pc', 'image': None, 'year_end': None, 'year_start': None, 'games_count': 547196, 'image_background': 'https://media.rawg.io/media/games/6fc/6fcf4cd3b17c288821388e6085bb0fc9.jpg'}, 'released_at': '1982-01-01', 'requirements': {}}]",[],[],[],"[{'id': 3117, 'name': 'shoot', 'slug': 'shoot', 'language': 'eng', 'games_count': 9955, 'image_background': 'https://media.rawg.io/media/screenshots/471/47138dfaf3865699a2cf2561e15f659e.jpg'}, {'id': 5488, 'name': 'tank', 'slug': 'tank', 'language': 'eng', 'games_count': 1352, 'image_background': 'https://media.rawg.io/media/screenshots/1ec/1ec637e3a2157ec9d239da387f0991d3.jpg'}]",[],,,"Stellar 7 is an first-person shoot 'em up tank simulation video game based on the arcade game Battlezone in which the player assumes the role of a futuristic tank pilot. The game was originally created by Damon Slye for the Apple II and Commodore 64 in 1983. It was followed by three sequels, Arcticfox (1986), Nova 9: The Return of Gir Draxon (1991), and Stellar 7: Draxon's Revenge (1993), and was remade in the early 1990s for the 16-bit computers.",1.0,6.0,2.0,2.0,1.0,,,,,,,,,0.0,,,,
52451,realsports-volleyball,RealSports Volleyball,RealSports Volleyball,<p>Realsports Volleyball is a 1982 volleyball video game made by Atari for the Atari 2600 platform.</p>,,[],1982-01-01,False,2019-08-28T22:02:37,https://media.rawg.io/media/screenshots/c58/c586f38c3f1448ab3b75094233b15dfc.jpg,https://media.rawg.io/media/screenshots/434/43425241168fffadd314fda2e54dfec1.jpg,,0.0,0,"[{'id': 3, 'title': 'meh', 'count': 2, 'percent': 100.0}]",12,0,4,0,2,0,0,,,,,0,0,0,0,2,33,[],,0,0,0,,2,0f0f0f,0f0f0f,"[{'platform': {'id': 9, 'name': 'Atari', 'slug': 'atari'}}]","[{'platform': {'id': 23, 'name': 'Atari 2600', 'slug': 'atari-2600', 'image': None, 'year_end': None, 'year_start': None, 'games_count': 294, 'image_background': 'https://media.rawg.io/media/screenshots/ff6/ff623993a854663931c1e78d72a16a5a.jpg'}, 'released_at': '1982-01-01', 'requirements': {}}]",[],"[{'id': 656, 'name': 'Atari', 'slug': 'atari', 'games_count': 137, 'image_background': 'https://media.rawg.io/media/games/0d2/0d2d6f345cd77639d65a235cb7dd0a21.jpg'}]","[{'id': 15, 'name': 'Sports', 'slug': 'sports', 'games_count': 22123, 'image_background': 'https://media.rawg.io/media/games/5eb/5eb49eb2fa0738fdb5bacea557b1bc57.jpg'}]","[{'id': 31, 'name': 'Singleplayer', 'slug': 'singleplayer', 'language': 'eng', 'games_count': 238404, 'image_background': 'https://media.rawg.io/media/games/26d/26d4437715bee60138dab4a7c8c59c92.jpg'}, {'id': 7, 'name': 'Multiplayer', 'slug': 'multiplayer', 'language': 'eng', 'games_count': 40505, 'image_background': 'https://media.rawg.io/media/games/021/021c4e21a1824d2526f925eff6324653.jpg'}]","[{'id': 1779, 'name': 'Atari', 'slug': 'atari', 'games_count': 507, 'image_background': 'https://media.rawg.io/media/games/d82/d82dbcf92ded452bf8c6fb1bbdd62e52.jpg'}]",,,Realsports Volleyball is a 1982 volleyball video game made by Atari for the Atari 2600 platform.,,5.0,3.0,2.0,2.0,,,,,,,,,0.0,,,,
52539,journey-escape,Journey Escape,Journey Escape,"<p>Journey Escape is a videogame developed and manufactured by Data Age in San Jose, California for the Atari 2600 console, and released in 1982. It stars the rock band Journey, one of the world's most popular acts at the time, and is based on their album Escape.</p>",,[],1982-01-01,False,2019-08-28T22:02:34,https://media.rawg.io/media/screenshots/0c4/0c4eeaa8a14827ebb423dfe587a72be2.jpg,https://media.rawg.io/media/screenshots/95d/95d7079ae4d363da9ef433b8561fe949.jpg,,0.0,0,"[{'id': 3, 'title': 'meh', 'count': 1, 'percent': 100.0}]",12,0,7,0,0,0,0,,,,,0,0,0,0,1,47,[],,0,0,0,,1,0f0f0f,0f0f0f,"[{'platform': {'id': 9, 'name': 'Atari', 'slug': 'atari'}}]","[{'platform': {'id': 23, 'name': 'Atari 2600', 'slug': 'atari-2600', 'image': None, 'year_end': None, 'year_start': None, 'games_count': 294, 'image_background': 'https://media.rawg.io/media/screenshots/ff6/ff623993a854663931c1e78d72a16a5a.jpg'}, 'released_at': '1982-01-01', 'requirements': {}}]",[],"[{'id': 25958, 'name': 'Data Age', 'slug': 'data-age', 'games_count': 3, 'image_background': 'https://media.rawg.io/media/screenshots/625/62584b3b1ea04b9c443a74f200d7b84c.jpg'}]","[{'id': 4, 'name': 'Action', 'slug': 'action', 'games_count': 186608, 'image_background': 'https://media.rawg.io/media/games/618/618c2031a07bbff6b4f611f10b6bcdbc.jpg'}]","[{'id': 31, 'name': 'Singleplayer', 'slug': 'singleplayer', 'language': 'eng', 'games_count': 238404, 'image_background': 'https://media.rawg.io/media/games/26d/26d4437715bee60138dab4a7c8c59c92.jpg'}]","[{'id': 19442, 'name': 'Data Age', 'slug': 'data-age', 'games_count': 4, 'image_background': 'https://media.rawg.io/media/screenshots/b86/b86b021e9371456297efb59f36b32225.jpg'}]",,,"Journey Escape is a videogame developed and manufactured by Data Age in San Jose, California for the Atari 2600 console, and released in 1982. It stars the rock band Journey, one of the world's most popular acts at the time, and is based on their album Escape.",,7.0,2.0,2.0,1.0,,,,,,,,,0.0,,,,
52599,star-voyager,Star Voyager,Star Voyager,"<p>Star Voyager is a first-person space shooter designed by Bob Smith for the Atari 2600 and published in 1982 by Imagic.<br />
Cosmo Genesis (コスモジェネシス) is a Action/Strategy video game published by Acclaim, ASCII Corporation released on 1986 for the NES.</p>",,[],1982-01-01,False,2024-10-28T11:11:24,https://media.rawg.io/media/games/095/09594cd3a853cc484b6020e7ac374578.jpg,https://media.rawg.io/media/screenshots/29a/29a78c77a68bfc172541829af4dcceb8.jpg,,0.0,0,"[{'id': 3, 'title': 'meh', 'count': 1, 'percent': 100.0}]",12,0,15,0,2,0,0,,,,,0,0,0,0,1,117,"[""Acclaim's Star Voyager"", 'Cosmo Genesis', 'コスモジェネシス']",,0,0,0,,1,0f0f0f,0f0f0f,"[{'platform': {'id': 7, 'name': 'Nintendo', 'slug': 'nintendo'}}, {'platform': {'id': 9, 'name': 'Atari', 'slug': 'atari'}}]","[{'platform': {'id': 23, 'name': 'Atari 2600', 'slug': 'atari-2600', 'image': None, 'year_end': None, 'year_start': None, 'games_count': 294, 'image_background': 'https://media.rawg.io/media/screenshots/ff6/ff623993a854663931c1e78d72a16a5a.jpg'}, 'released_at': '1982-01-01', 'requirements': {}}, {'platform': {'id': 49, 'name': 'NES', 'slug': 'nes', 'image': None, 'year_end': None, 'year_start': None, 'games_count': 1015, 'image_background': 'https://media.rawg.io/media/games/7c5/7c50dd0415eb0a57505c58d4e50e4d24.jpg'}, 'released_at': '1982-01-01', 'requirements': {}}]",[],"[{'id': 25963, 'name': 'Imagic', 'slug': 'imagic', 'games_count': 7, 'image_background': 'https://media.rawg.io/media/screenshots/d83/d83d732da30f7eb9d5fada4f55e4be7f.jpg'}, {'id': 26329, 'name': 'ASCII Entertainment', 'slug': 'ascii-entertainment', 'games_count': 5, 'image_background': 'https://media.rawg.io/media/screenshots/509/5091d3264306361a9c499e6060118276.jpg'}]","[{'id': 4, 'name': 'Action', 'slug': 'action', 'games_count': 186608, 'image_background': 'https://media.rawg.io/media/games/618/618c2031a07bbff6b4f611f10b6bcdbc.jpg'}, {'id': 2, 'name': 'Shooter', 'slug': 'shooter', 'games_count': 59560, 'image_background': 'https://media.rawg.io/media/games/d58/d588947d4286e7b5e0e12e1bea7d9844.jpg'}, {'id': 14, 'name': 'Simulation', 'slug': 'simulation', 'games_count': 73491, 'image_background': 'https://media.rawg.io/media/games/48c/48cb04ca483be865e3a83119c94e6097.jpg'}]","[{'id': 31, 'name': 'Singleplayer', 'slug': 'singleplayer', 'language': 'eng', 'games_count': 238404, 'image_background': 'https://media.rawg.io/media/games/26d/26d4437715bee60138dab4a7c8c59c92.jpg'}, {'id': 7, 'name': 'Multiplayer', 'slug': 'multiplayer', 'language': 'eng', 'games_count': 40505, 'image_background': 'https://media.rawg.io/media/games/021/021c4e21a1824d2526f925eff6324653.jpg'}]","[{'id': 12978, 'name': 'Acclaim', 'slug': 'acclaim', 'games_count': 41, 'image_background': 'https://media.rawg.io/media/screenshots/747/747c3adebb2a75f63d3b17d7575dc910.jpg'}, {'id': 19448, 'name': 'Imagic', 'slug': 'imagic', 'games_count': 11, 'image_background': 'https://media.rawg.io/media/screenshots/eda/edac741dcb6f107d04940f5813e84b66.jpg'}]",,,"Star Voyager is a first-person space shooter designed by Bob Smith for the Atari 2600 and published in 1982 by Imagic.
Cosmo Genesis (コスモジェネシス) is a Action/Strategy video game published by Acclaim, ASCII Corporation released on 1986 for the NES.",1.0,5.0,2.0,3.0,1.0,,,,,,,,,0.0,,,,
52523,frogs-and-flies,Frogs and Flies,Frogs and Flies,"<p>Frogs and Flies is a 1982 video game by Mattel for the Atari 2600. A version was released for the same year Mattel's Intellivision system, titled Frog Bog. In both games, each player controls a frog sitting on a lily pad, attempting to eat more flies than the other. Frogs and Flies is similar to the 1978 Sega-Gremlin arcade game Frogs.</p>",,[],1982-01-01,False,2024-08-25T22:02:52,https://media.rawg.io/media/screenshots/aaa/aaa4d864251b985acf34c2b47b580afe.jpg,https://media.rawg.io/media/screenshots/c92/c923836a08f78b21d7286d07f6cfe302.jpg,,0.0,0,"[{'id': 4, 'title': 'recommended', 'count': 2, 'percent': 50.0}, {'id': 3, 'title': 'meh', 'count': 2, 'percent': 50.0}]",12,0,8,0,0,0,0,,,,,0,0,0,0,4,114,[],,0,0,0,,4,0f0f0f,0f0f0f,"[{'platform': {'id': 9, 'name': 'Atari', 'slug': 'atari'}}, {'platform': {'id': 10, 'name': 'Commodore / Amiga', 'slug': 'commodore-amiga'}}]","[{'platform': {'id': 23, 'name': 'Atari 2600', 'slug': 'atari-2600', 'image': None, 'year_end': None, 'year_start': None, 'games_count': 294, 'image_background': 'https://media.rawg.io/media/screenshots/ff6/ff623993a854663931c1e78d72a16a5a.jpg'}, 'released_at': '1982-01-01', 'requirements': {}}, {'platform': {'id': 166, 'name': 'Commodore / Amiga', 'slug': 'commodore-amiga', 'image': None, 'year_end': None, 'year_start': None, 'games_count': 2083, 'image_background': 'https://media.rawg.io/media/games/cce/cce8bebe861f295003f5a9fe5b11233f.jpg'}, 'released_at': '1982-01-01', 'requirements': {}}]",[],"[{'id': 25962, 'name': 'Mattel', 'slug': 'mattel', 'games_count': 28, 'image_background': 'https://media.rawg.io/media/screenshots/301/3016368c081c8e44eb498cb9d02e447d.jpg'}]","[{'id': 4, 'name': 'Action', 'slug': 'action', 'games_count': 186608, 'image_background': 'https://media.rawg.io/media/games/618/618c2031a07bbff6b4f611f10b6bcdbc.jpg'}]","[{'id': 365, 'name': 'Two Players', 'slug': 'two-players', 'language': 'eng', 'games_count': 19, 'image_background': 'https://media.rawg.io/media/screenshots/a65/a6596e72e293821e2fcabaf1fa9871d2.jpg'}, {'id': 372, 'name': 'AI-controlled opponent', 'slug': 'ai-controlled-opponent', 'language': 'eng', 'games_count': 1, 'image_background': 'https://media.rawg.io/media/screenshots/aaa/aaa4d864251b985acf34c2b47b580afe.jpg'}, {'id': 373, 'name': 'non-player character', 'slug': 'non-player-character', 'language': 'eng', 'games_count': 1, 'image_background': 'https://media.rawg.io/media/screenshots/aaa/aaa4d864251b985acf34c2b47b580afe.jpg'}]","[{'id': 19440, 'name': 'Mattel', 'slug': 'mattel', 'games_count': 43, 'image_background': 'https://media.rawg.io/media/screenshots/d5b/d5b78615f64bd294cdc406089126bcd1.jpg'}]",,,"Frogs and Flies is a 1982 video game by Mattel for the Atari 2600. A version was released for the same year Mattel's Intellivision system, titled Frog Bog. In both games, each player controls a frog sitting on a lily pad, attempting to eat more flies than the other. Frogs and Flies is similar to the 1978 Sega-Gremlin arcade game Frogs.",,5.0,3.0,2.0,2.0,,,,,,,,,0.0,,,,
52489,bachelor-party,Bachelor Party,Bachelor Party,<p>Bachelor Party is an adult-themed video game for the Atari 2600 developed by Mystique.</p>,,[],1982-01-01,False,2019-08-28T22:26:31,https://media.rawg.io/media/screenshots/cd3/cd3cf64f403e835b6a2638a8be9c80aa.jpg,https://media.rawg.io/media/screenshots/5bc/5bc78c5bfb1b55d1ea9bd5b248c7ead3.jpg,,0.0,0,"[{'id': 3, 'title': 'meh', 'count': 2, 'percent': 100.0}]",12,0,2,0,0,0,0,,,,,0,0,0,0,1,30,[],,0,0,0,,2,0f0f0f,0f0f0f,"[{'platform': {'id': 9, 'name': 'Atari', 'slug': 'atari'}}]","[{'platform': {'id': 23, 'name': 'Atari 2600', 'slug': 'atari-2600', 'image': None, 'year_end': None, 'year_start': None, 'games_count': 294, 'image_background': 'https://media.rawg.io/media/screenshots/ff6/ff623993a854663931c1e78d72a16a5a.jpg'}, 'released_at': '1982-01-01', 'requirements': {}}]",[],"[{'id': 25964, 'name': 'Mystique', 'slug': 'mystique', 'games_count': 3, 'image_background': 'https://media.rawg.io/media/screenshots/cd3/cd3cf64f403e835b6a2638a8be9c80aa.jpg'}]",[],"[{'id': 31, 'name': 'Singleplayer', 'slug': 'singleplayer', 'language': 'eng', 'games_count': 238404, 'image_background': 'https://media.rawg.io/media/games/26d/26d4437715bee60138dab4a7c8c59c92.jpg'}, {'id': 7, 'name': 'Multiplayer', 'slug': 'multiplayer', 'language': 'eng', 'games_count': 40505, 'image_background': 'https://media.rawg.io/media/games/021/021c4e21a1824d2526f925eff6324653.jpg'}]","[{'id': 19449, 'name': 'Mystique', 'slug': 'mystique', 'games_count': 3, 'image_background': 'https://media.rawg.io/media/screenshots/cd3/cd3cf64f403e835b6a2638a8be9c80aa.jpg'}]",,,Bachelor Party is an adult-themed video game for the Atari 2600 developed by Mystique.,,7.0,2.0,2.0,1.0,,,,,,,,,0.0,,,,
56488,fort-apocalypse,Fort Apocalypse,Fort Apocalypse,"<p>Fort Apocalypse is a 1982 game for the Atari 8-bit family created by Steve Hales and published by Synapse Software. Joe Vierra ported it to the Commodore 64 the same year.</p>
<p>Fort Apocalypse is a 2D multi-directional scroller where the player navigates an underground prison in a helicopter, destroying or avoiding enemies and rescuing the prisoners. A contemporary of Choplifter, it has similarities to that game as well as the arcade games Scramble and Super Cobra.</p>",,[],1982-01-01,False,2023-04-15T23:45:44,https://media.rawg.io/media/screenshots/6ae/6ae9d10233de232f462cdd4345ef9dd3.jpg,https://media.rawg.io/media/screenshots/38c/38cebc0c2255c78b77952184237a6186.jpg,,0.0,0,"[{'id': 3, 'title': 'meh', 'count': 2, 'percent': 66.67}, {'id': 4, 'title': 'recommended', 'count': 1, 'percent': 33.33}]",12,0,8,0,2,0,0,,,,,0,0,0,0,2,131,[],,0,0,0,,3,0f0f0f,0f0f0f,"[{'platform': {'id': 9, 'name': 'Atari', 'slug': 'atari'}}, {'platform': {'id': 10, 'name': 'Commodore / Amiga', 'slug': 'commodore-amiga'}}]","[{'platform': {'id': 166, 'name': 'Commodore / Amiga', 'slug': 'commodore-amiga', 'image': None, 'year_end': None, 'year_start': None, 'games_count': 2083, 'image_background': 'https://media.rawg.io/media/games/cce/cce8bebe861f295003f5a9fe5b11233f.jpg'}, 'released_at': '1982-01-01', 'requirements': {}}, {'platform': {'id': 25, 'name': 'Atari 8-bit', 'slug': 'atari-8-bit', 'image': None, 'year_end': None, 'year_start': None, 'games_count': 308, 'image_background': 'https://media.rawg.io/media/screenshots/038/0385a47d3a43b218204268af5361a19e.jpg'}, 'released_at': '1982-01-01', 'requirements': {}}]",[],"[{'id': 27063, 'name': 'Synapse Software', 'slug': 'synapse-software', 'games_count': 7, 'image_background': 'https://media.rawg.io/media/screenshots/7b5/7b5d23f65718fc508970819cccc7867c.jpg'}]","[{'id': 4, 'name': 'Action', 'slug': 'action', 'games_count': 186608, 'image_background': 'https://media.rawg.io/media/games/618/618c2031a07bbff6b4f611f10b6bcdbc.jpg'}]","[{'id': 31, 'name': 'Singleplayer', 'slug': 'singleplayer', 'language': 'eng', 'games_count': 238404, 'image_background': 'https://media.rawg.io/media/games/26d/26d4437715bee60138dab4a7c8c59c92.jpg'}]","[{'id': 20192, 'name': 'Synapse Software', 'slug': 'synapse-software', 'games_count': 11, 'image_background': 'https://media.rawg.io/media/screenshots/7b5/7b5d23f65718fc508970819cccc7867c.jpg'}]",,,"Fort Apocalypse is a 1982 game for the Atari 8-bit family created by Steve Hales and published by Synapse Software. Joe Vierra ported it to the Commodore 64 the same year.
Fort Apocalypse is a 2D multi-directional scroller where the player navigates an underground prison in a helicopter, destroying or avoiding enemies and rescuing the prisoners. A contemporary of Choplifter, it has similarities to that game as well as the arcade games Scramble and Super Cobra.",,6.0,2.0,2.0,2.0,,,,,,,,,0.0,,,,
52611,time-pilot-1982,Time Pilot (1982),Time Pilot (1982),"<p>Time Pilot (夕イム・パイ口ツ卜) is a multi-directional scrolling shooter arcade game designed by Yoshiki Okamoto and released by Konami in 1982. It was distributed in the United States by Centuri. It is a time travel themed aerial combat game that allows the player&#39;s plane to fly across open air space that scrolls indefinitely in all directions. The Killer List of Videogames included Time Pilot in its list of top 100 arcade games of all time. Home ports for the Atari 2600 and MSX were released in 1983.<br />
A sequel, Time Pilot &#39;84, was released in 1984. It has a top down view instead of a side view, allows the player to shoot guided missiles, and takes place over a science fiction-themed landscape.</p>",,[],1982-01-01,False,2023-09-20T09:53:00,https://media.rawg.io/media/games/333/3336dc45ffe103a7ef01e86a445706be.jpg,https://media.rawg.io/media/screenshots/df6/df6299358e5f980e524bc89021303f9b.jpg,,0.0,0,"[{'id': 3, 'title': 'meh', 'count': 2, 'percent': 50.0}, {'id': 5, 'title': 'exceptional', 'count': 1, 'percent': 25.0}, {'id': 4, 'title': 'recommended', 'count': 1, 'percent': 25.0}]",12,0,8,0,3,0,0,,,,,0,0,0,0,4,171,[],https://www.metacritic.com/game/xbox-360/time-pilot,0,0,2,,4,0f0f0f,0f0f0f,"[{'platform': {'id': 9, 'name': 'Atari', 'slug': 'atari'}}, {'platform': {'id': 10, 'name': 'Commodore / Amiga', 'slug': 'commodore-amiga'}}]","[{'platform': {'id': 166, 'name': 'Commodore / Amiga', 'slug': 'commodore-amiga', 'image': None, 'year_end': None, 'year_start': None, 'games_count': 2083, 'image_background': 'https://media.rawg.io/media/games/cce/cce8bebe861f295003f5a9fe5b11233f.jpg'}, 'released_at': '1982-01-01', 'requirements': {}}, {'platform': {'id': 23, 'name': 'Atari 2600', 'slug': 'atari-2600', 'image': None, 'year_end': None, 'year_start': None, 'games_count': 294, 'image_background': 'https://media.rawg.io/media/screenshots/ff6/ff623993a854663931c1e78d72a16a5a.jpg'}, 'released_at': '1982-01-01', 'requirements': {}}]",[],"[{'id': 316882, 'name': 'Konami code', 'slug': 'konami-code', 'games_count': 3, 'image_background': 'https://media.rawg.io/media/games/333/3336dc45ffe103a7ef01e86a445706be.jpg'}]","[{'id': 4, 'name': 'Action', 'slug': 'action', 'games_count': 186608, 'image_background': 'https://media.rawg.io/media/games/618/618c2031a07bbff6b4f611f10b6bcdbc.jpg'}, {'id': 2, 'name': 'Shooter', 'slug': 'shooter', 'games_count': 59560, 'image_background': 'https://media.rawg.io/media/games/d58/d588947d4286e7b5e0e12e1bea7d9844.jpg'}]","[{'id': 31, 'name': 'Singleplayer', 'slug': 'singleplayer', 'language': 'eng', 'games_count': 238404, 'image_background': 'https://media.rawg.io/media/games/26d/26d4437715bee60138dab4a7c8c59c92.jpg'}, {'id': 418, 'name': '2 players', 'slug': '2-players', 'language': 'eng', 'games_count': 1244, 'image_background': 'https://media.rawg.io/media/screenshots/f9a/f9ac59bb4af2ca2193ee9ffb979577cf.jpg'}, {'id': 348, 'name': 'alternating turns', 'slug': 'alternating-turns', 'language': 'eng', 'games_count': 64, 'image_background': 'https://media.rawg.io/media/games/6f8/6f8fb1e98393f72b47f1f909d5b649d4.jpg'}]","[{'id': 10691, 'name': 'Konami', 'slug': 'konami', 'games_count': 788, 'image_background': 'https://media.rawg.io/media/games/85e/85e4c8a78cf9b82b5ed19262fe00c00f.jpg'}, {'id': 19465, 'name': 'Coleco', 'slug': 'coleco', 'games_count': 6, 'image_background': 'https://media.rawg.io/media/screenshots/613/613e9e31c18f53a871d305befcda4151.jpg'}, {'id': 12997, 'name': 'Kingsoft', 'slug': 'kingsoft', 'games_count': 4, 'image_background': 'https://media.rawg.io/media/screenshots/07d/07db8c1c145c686b966a43eabd86bc32.jpg'}]",,,"Time Pilot (夕イム・パイ口ツ卜) is a multi-directional scrolling shooter arcade game designed by Yoshiki Okamoto and released by Konami in 1982. It was distributed in the United States by Centuri. It is a time travel themed aerial combat game that allows the player's plane to fly across open air space that scrolls indefinitely in all directions. The Killer List of Videogames included Time Pilot in its list of top 100 arcade games of all time. Home ports for the Atari 2600 and MSX were released in 1983.
A sequel, Time Pilot '84, was released in 1984. It has a top down view instead of a side view, allows the player to shoot guided missiles, and takes place over a science fiction-themed landscape.",1.0,4.0,3.0,2.0,2.0,,,,1.0,Everyone,everyone,,,0.0,,,,
52552,beat-em-eat-em,Beat 'Em & Eat 'Em,Beat 'Em & Eat 'Em,<p>Beat &#39;Em and Eat &#39;Em is an erotic pornographic video game for the Atari 2600 by Mystique in 1982. Distribution was handled by American Multiple Industries until distribution changed to Game Source. Players control two nude women; the goal is to catch sperm in your mouth which is falling from a masturbating man on a rooftop without missing. Its gameplay has been compared to the Atari game Kaboom!. There is also a gender-reversed version of the game titled Philly Flasher that features identical gameplay. Beat &#39;Em &amp; Eat &#39;Em has received negative reception since its release and is an oft-cited example of pornographic Atari 2600 games.</p>,,[],1982-01-01,False,2022-03-15T20:06:10,https://media.rawg.io/media/screenshots/51d/51d5f8ded6c8f21cab356c14340eec85.jpg,,,0.0,0,"[{'id': 3, 'title': 'meh', 'count': 2, 'percent': 100.0}]",12,0,1,0,0,0,0,,,,,0,0,0,0,1,13,"[""Beat 'Em and Eat 'Em "", ""Mystique Presents Swedish Erotica: Beat 'Em and Eat 'Em""]",,0,0,0,,2,0f0f0f,0f0f0f,"[{'platform': {'id': 9, 'name': 'Atari', 'slug': 'atari'}}]","[{'platform': {'id': 23, 'name': 'Atari 2600', 'slug': 'atari-2600', 'image': None, 'year_end': None, 'year_start': None, 'games_count': 294, 'image_background': 'https://media.rawg.io/media/screenshots/ff6/ff623993a854663931c1e78d72a16a5a.jpg'}, 'released_at': '1982-01-01', 'requirements': {}}]",[],"[{'id': 25964, 'name': 'Mystique', 'slug': 'mystique', 'games_count': 3, 'image_background': 'https://media.rawg.io/media/screenshots/cd3/cd3cf64f403e835b6a2638a8be9c80aa.jpg'}]","[{'id': 11, 'name': 'Arcade', 'slug': 'arcade', 'games_count': 22658, 'image_background': 'https://media.rawg.io/media/games/556/556157feed9ee1f55f2b12b2973e30a3.jpg'}]","[{'id': 31, 'name': 'Singleplayer', 'slug': 'singleplayer', 'language': 'eng', 'games_count': 238404, 'image_background': 'https://media.rawg.io/media/games/26d/26d4437715bee60138dab4a7c8c59c92.jpg'}, {'id': 312, 'name': 'NSFW', 'slug': 'nsfw', 'language': 'eng', 'games_count': 4133, 'image_background': 'https://media.rawg.io/media/screenshots/2c3/2c3a799964d6cc311f022e0e0896a1e8.jpg'}, {'id': 1081, 'name': 'adult', 'slug': 'adult', 'language': 'eng', 'games_count': 1672, 'image_background': 'https://media.rawg.io/media/screenshots/370/3702b7056a560955ecd3c0679c8e8b65.jpg'}, {'id': 785, 'name': 'Erotic', 'slug': 'erotic', 'language': 'eng', 'games_count': 708, 'image_background': 'https://media.rawg.io/media/screenshots/ab1/ab1f924ef2a6ef55cf17a731813ca465.jpg'}]","[{'id': 19449, 'name': 'Mystique', 'slug': 'mystique', 'games_count': 3, 'image_background': 'https://media.rawg.io/media/screenshots/cd3/cd3cf64f403e835b6a2638a8be9c80aa.jpg'}]",,,Beat 'Em and Eat 'Em is an erotic pornographic video game for the Atari 2600 by Mystique in 1982. Distribution was handled by American Multiple Industries until distribution changed to Game Source. Players control two nude women; the goal is to catch sperm in your mouth which is falling from a masturbating man on a rooftop without missing. Its gameplay has been compared to the Atari game Kaboom!. There is also a gender-reversed version of the game titled Philly Flasher that features identical gameplay. Beat 'Em & Eat 'Em has received negative reception since its release and is an oft-cited example of pornographic Atari 2600 games.,,6.0,2.0,3.0,1.0,,,,,,,,,0.0,,,,
52503,cosmic-ark,Cosmic Ark,Cosmic Ark,"<p>Cosmic Ark is an Atari 2600 game designed by Rob Fulop and published by Imagic in 1982. The game is loosely connected with Imagic's Atlantis, in that the same small spacecraft appears in both games. The objective is to gather specimens from different planets in a spaceship which contains the survivors from the city of Atlantis.</p>
<p>There are two versions of the cartridge. One allows the player to toggle the starfield display with the Black &amp; White / Color TV switch. In the other the starfield cannot be disabled.</p>",,[],1982-01-01,False,2019-08-28T22:26:31,https://media.rawg.io/media/screenshots/eda/edac741dcb6f107d04940f5813e84b66.jpg,https://media.rawg.io/media/screenshots/a7f/a7fbf0a8cc0977c1e5435697a0d7069c.jpg,,0.0,0,"[{'id': 3, 'title': 'meh', 'count': 2, 'percent': 66.67}, {'id': 4, 'title': 'recommended', 'count': 1, 'percent': 33.33}]",12,0,3,0,1,0,0,,,,,0,0,0,0,2,22,[],,0,0,0,,3,0f0f0f,0f0f0f,"[{'platform': {'id': 9, 'name': 'Atari', 'slug': 'atari'}}]","[{'platform': {'id': 23, 'name': 'Atari 2600', 'slug': 'atari-2600', 'image': None, 'year_end': None, 'year_start': None, 'games_count': 294, 'image_background': 'https://media.rawg.io/media/screenshots/ff6/ff623993a854663931c1e78d72a16a5a.jpg'}, 'released_at': '1982-01-01', 'requirements': {}}]",[],"[{'id': 25963, 'name': 'Imagic', 'slug': 'imagic', 'games_count': 7, 'image_background': 'https://media.rawg.io/media/screenshots/d83/d83d732da30f7eb9d5fada4f55e4be7f.jpg'}]","[{'id': 4, 'name': 'Action', 'slug': 'action', 'games_count': 186608, 'image_background': 'https://media.rawg.io/media/games/618/618c2031a07bbff6b4f611f10b6bcdbc.jpg'}]","[{'id': 31, 'name': 'Singleplayer', 'slug': 'singleplayer', 'language': 'eng', 'games_count': 238404, 'image_background': 'https://media.rawg.io/media/games/26d/26d4437715bee60138dab4a7c8c59c92.jpg'}, {'id': 7, 'name': 'Multiplayer', 'slug': 'multiplayer', 'language': 'eng', 'games_count': 40505, 'image_background': 'https://media.rawg.io/media/games/021/021c4e21a1824d2526f925eff6324653.jpg'}]","[{'id': 19448, 'name': 'Imagic', 'slug': 'imagic', 'games_count': 11, 'image_background': 'https://media.rawg.io/media/screenshots/eda/edac741dcb6f107d04940f5813e84b66.jpg'}]",,,"Cosmic Ark is an Atari 2600 game designed by Rob Fulop and published by Imagic in 1982. The game is loosely connected with Imagic's Atlantis, in that the same small spacecraft appears in both games. The objective is to gather specimens from different planets in a spaceship which contains the survivors from the city of Atlantis.
There are two versions of the cartridge. One allows the player to toggle the starfield display with the Black & White / Color TV switch. In the other the starfield cannot be disabled.",,7.0,1.0,2.0,2.0,,,,,,,,,0.0,,,,
52526,gopher,Gopher,Gopher,"<p>Gopher is an Atari 2600 game written by Sylvia Day and published by US Games in 1982. The player controls a farmer with a shovel who must protect his three carrots from the gopher.</p>
<p>An unlicensed version was released by Zellers in Canada and was called Farmer Dan. The unlicensed version was given the box art of Plaque Attack by Activision.</p>",,[],1982-01-01,False,2019-08-28T22:02:35,https://media.rawg.io/media/screenshots/2ee/2ee6585691ad82e052617c9beb8b0806.jpg,https://media.rawg.io/media/screenshots/675/675316e68dda63a6dd05edf281965b77.jpg,,0.0,0,"[{'id': 3, 'title': 'meh', 'count': 3, 'percent': 100.0}]",12,0,4,0,1,0,0,,,,,0,0,0,0,2,45,[],,0,0,0,,3,0f0f0f,0f0f0f,"[{'platform': {'id': 9, 'name': 'Atari', 'slug': 'atari'}}]","[{'platform': {'id': 23, 'name': 'Atari 2600', 'slug': 'atari-2600', 'image': None, 'year_end': None, 'year_start': None, 'games_count': 294, 'image_background': 'https://media.rawg.io/media/screenshots/ff6/ff623993a854663931c1e78d72a16a5a.jpg'}, 'released_at': '1982-01-01', 'requirements': {}}]",[],"[{'id': 25977, 'name': 'US Games', 'slug': 'us-games', 'games_count': 4, 'image_background': 'https://media.rawg.io/media/screenshots/856/856f28489d553e694bbdead5f25b9559.jpg'}]",[],"[{'id': 31, 'name': 'Singleplayer', 'slug': 'singleplayer', 'language': 'eng', 'games_count': 238404, 'image_background': 'https://media.rawg.io/media/games/26d/26d4437715bee60138dab4a7c8c59c92.jpg'}]","[{'id': 19458, 'name': 'US Games', 'slug': 'us-games', 'games_count': 5, 'image_background': 'https://media.rawg.io/media/screenshots/2ee/2ee6585691ad82e052617c9beb8b0806.jpg'}]",,,"Gopher is an Atari 2600 game written by Sylvia Day and published by US Games in 1982. The player controls a farmer with a shovel who must protect his three carrots from the gopher.
An unlicensed version was released by Zellers in Canada and was called Farmer Dan. The unlicensed version was given the box art of Plaque Attack by Activision.",,5.0,2.0,3.0,2.0,,,,,,,,,0.0,,,,
52464,swordquest,Swordquest,Swordquest,"<p>Swordquest is an unfinished series of video games produced by Atari, Inc. in the 1980s as part of a contest, consisting of three finished games and a planned but never released fourth game. Each of the games came with a comic book that explained the plot, as well as containing part of the solution to a major puzzle that had to be solved to win the contest, with a series of prizes on offer whose total value was $150,000. The series had its genesis as a possible sequel to Atari's groundbreaking 1979 title Adventure, but it quickly developed a mythology and system of play that was unique. The comic books were produced by DC Comics, written by Roy Thomas and Gerry Conway, and drawn and inked by George Pérez and Dick Giordano. All 3 Atari box covers were illustrated by Atari in house illustrator, Warren Chang. A special fan club offer was provided, allowing those who wanted the game, to also get a T-shirt and poster for each game.</p>
<p>The games of the Swordquest series (along with Atari 2600 Raiders of the Lost Ark) were some of the earliest attempts to combine the narrative and logic elements of the adventure game genre with the twitch gameplay of the action genre, making them some of the very first 'action-adventure' games. However, the series was unable to hold the last two contests along with the grand finale contest, as well as release the final game in the series, due to Atari's financial problems leading up to and being a part of the video game crash of 1983.</p>",,[],1982-10-01,False,2019-08-28T22:26:31,https://media.rawg.io/media/screenshots/ea7/ea7a94f4ed6a71cd931a153c5d04ae3d.jpg,https://media.rawg.io/media/screenshots/bda/bdab0a350a285f0f9f28a2adf17fa11c.jpg,,0.0,0,"[{'id': 3, 'title': 'meh', 'count': 1, 'percent': 100.0}]",12,0,8,0,2,0,0,,,,,0,0,0,0,1,87,[],,0,0,0,,1,0f0f0f,0f0f0f,"[{'platform': {'id': 9, 'name': 'Atari', 'slug': 'atari'}}]","[{'platform': {'id': 23, 'name': 'Atari 2600', 'slug': 'atari-2600', 'image': None, 'year_end': None, 'year_start': None, 'games_count': 294, 'image_background': 'https://media.rawg.io/media/screenshots/ff6/ff623993a854663931c1e78d72a16a5a.jpg'}, 'released_at': '1982-10-01', 'requirements': {}}]",[],"[{'id': 656, 'name': 'Atari', 'slug': 'atari', 'games_count': 137, 'image_background': 'https://media.rawg.io/media/games/0d2/0d2d6f345cd77639d65a235cb7dd0a21.jpg'}]","[{'id': 3, 'name': 'Adventure', 'slug': 'adventure', 'games_count': 146481, 'image_background': 'https://media.rawg.io/media/games/b6b/b6b20bfc4b34e312dbc8aac53c95a348.jpg'}]","[{'id': 31, 'name': 'Singleplayer', 'slug': 'singleplayer', 'language': 'eng', 'games_count': 238404, 'image_background': 'https://media.rawg.io/media/games/26d/26d4437715bee60138dab4a7c8c59c92.jpg'}]","[{'id': 1779, 'name': 'Atari', 'slug': 'atari', 'games_count': 507, 'image_background': 'https://media.rawg.io/media/games/d82/d82dbcf92ded452bf8c6fb1bbdd62e52.jpg'}]",,,"Swordquest is an unfinished series of video games produced by Atari, Inc. in the 1980s as part of a contest, consisting of three finished games and a planned but never released fourth game. Each of the games came with a comic book that explained the plot, as well as containing part of the solution to a major puzzle that had to be solved to win the contest, with a series of prizes on offer whose total value was $150,000. The series had its genesis as a possible sequel to Atari's groundbreaking 1979 title Adventure, but it quickly developed a mythology and system of play that was unique. The comic books were produced by DC Comics, written by Roy Thomas and Gerry Conway, and drawn and inked by George Pérez and Dick Giordano. All 3 Atari box covers were illustrated by Atari in house illustrator, Warren Chang. A special fan club offer was provided, allowing those who wanted the game, to also get a T-shirt and poster for each game.
The games of the Swordquest series (along with Atari 2600 Raiders of the Lost Ark) were some of the earliest attempts to combine the narrative and logic elements of the adventure game genre with the twitch gameplay of the action genre, making them some of the very first 'action-adventure' games. However, the series was unable to hold the last two contests along with the grand finale contest, as well as release the final game in the series, due to Atari's financial problems leading up to and being a part of the video game crash of 1983.",,6.0,3.0,2.0,1.0,,,,,,,,,0.0,,,,
52395,atari-video-cube,Atari Video Cube,Atari Video Cube,"<p>Atari Video Cube is a puzzle game released for the Atari 2600, developed and published by Atari in 1982.</p>",,[],1982-01-01,False,2019-01-09T12:41:06,https://media.rawg.io/media/screenshots/123/123a5aaae4cbee1794ef18bca2ba4365.jpg,https://media.rawg.io/media/screenshots/a73/a73df27c0b0554ab4f4ed1639167f2ce.jpg,,0.0,0,"[{'id': 3, 'title': 'meh', 'count': 1, 'percent': 50.0}, {'id': 1, 'title': 'skip', 'count': 1, 'percent': 50.0}]",12,0,7,0,0,0,0,,,,,0,0,0,0,1,51,[],,0,0,0,,2,0f0f0f,0f0f0f,"[{'platform': {'id': 9, 'name': 'Atari', 'slug': 'atari'}}]","[{'platform': {'id': 23, 'name': 'Atari 2600', 'slug': 'atari-2600', 'image': None, 'year_end': None, 'year_start': None, 'games_count': 294, 'image_background': 'https://media.rawg.io/media/screenshots/ff6/ff623993a854663931c1e78d72a16a5a.jpg'}, 'released_at': '1982-01-01', 'requirements': {}}]",[],"[{'id': 656, 'name': 'Atari', 'slug': 'atari', 'games_count': 137, 'image_background': 'https://media.rawg.io/media/games/0d2/0d2d6f345cd77639d65a235cb7dd0a21.jpg'}]","[{'id': 7, 'name': 'Puzzle', 'slug': 'puzzle', 'games_count': 97333, 'image_background': 'https://media.rawg.io/media/games/9f4/9f418898f5415668ca47b5f4ab1ecfeb.jpg'}]","[{'id': 4441, 'name': 'cube', 'slug': 'cube', 'language': 'eng', 'games_count': 2211, 'image_background': 'https://media.rawg.io/media/screenshots/123/123a5aaae4cbee1794ef18bca2ba4365.jpg'}, {'id': 1534, 'name': 'atari', 'slug': 'atari', 'language': 'eng', 'games_count': 1158, 'image_background': 'https://media.rawg.io/media/screenshots/d10/d10fdd0fc764ad4a5d70fffa6aee1175.jpg'}]","[{'id': 1779, 'name': 'Atari', 'slug': 'atari', 'games_count': 507, 'image_background': 'https://media.rawg.io/media/games/d82/d82dbcf92ded452bf8c6fb1bbdd62e52.jpg'}]",,,"Atari Video Cube is a puzzle game released for the Atari 2600, developed and published by Atari in 1982.",,6.0,3.0,2.0,1.0,,,,,,,,,0.0,,,,
54896,shamus-1982,Shamus (1982),Shamus (1982),"<p>Shamus is a flip screen action adventure game written by William Mataga (now Cathryn Mataga) and published by Synapse Software. Originally released for the Atari 8-bit computers in 1982, it was ported to the VIC-20, Commodore 64, TRS-80 Color Computer, TI-99/4A, and IBM PC. Several of these ports were made by Atarisoft. Ihor Wolosenko, co-founder of Synapse, noted that it was Shamus that really put the company on the map by giving it a reputation for quality. It was followed by a sequel, Shamus: Case II, with the same characters but different gameplay.</p>
<p>Mataga's original version was 16K in size and released on disk and tape for the Atari 8-bit family, and later sold by Atari on cartridge following the launch of the Atari XEGS in 1987. The VIC-20 port was 8K and contained only 32 levels (unlike the 128 in every other version). In 1999, Mataga developed a remake for the Game Boy Color, and later, both Shamus and Shamus: Case II for iOS.</p>
<p>Funeral March of a Marionette, the theme song from Alfred Hitchcock Presents, plays on the title screen.</p>",,[],1982-01-01,False,2019-08-28T22:26:11,https://media.rawg.io/media/screenshots/ddf/ddf16d2ed623349bb8ee5edfb23dac32.jpg,https://media.rawg.io/media/screenshots/0db/0db7d0474ddfe81c69cd7c3ac2ded1c2.jpg,,0.0,0,"[{'id': 3, 'title': 'meh', 'count': 2, 'percent': 100.0}]",11,0,16,0,1,0,0,,,,,0,0,0,0,2,258,[],,0,0,0,,2,0f0f0f,0f0f0f,"[{'platform': {'id': 5, 'name': 'Apple Macintosh', 'slug': 'mac'}}, {'platform': {'id': 7, 'name': 'Nintendo', 'slug': 'nintendo'}}, {'platform': {'id': 9, 'name': 'Atari', 'slug': 'atari'}}, {'platform': {'id': 10, 'name': 'Commodore / Amiga', 'slug': 'commodore-amiga'}}]","[{'platform': {'id': 41, 'name': 'Apple II', 'slug': 'apple-ii', 'image': None, 'year_end': None, 'year_start': None, 'games_count': 424, 'image_background': 'https://media.rawg.io/media/screenshots/3d2/3d2bb57b39e2efa39d1c385585b2ea8b.jpg'}, 'released_at': '1982-01-01', 'requirements': {}}, {'platform': {'id': 25, 'name': 'Atari 8-bit', 'slug': 'atari-8-bit', 'image': None, 'year_end': None, 'year_start': None, 'games_count': 308, 'image_background': 'https://media.rawg.io/media/screenshots/038/0385a47d3a43b218204268af5361a19e.jpg'}, 'released_at': '1982-01-01', 'requirements': {}}, {'platform': {'id': 43, 'name': 'Game Boy Color', 'slug': 'game-boy-color', 'image': None, 'year_end': None, 'year_start': None, 'games_count': 427, 'image_background': 'https://media.rawg.io/media/games/28b/28b088364ecab7870dffc3b710104734.jpg'}, 'released_at': '1982-01-01', 'requirements': {}}, {'platform': {'id': 166, 'name': 'Commodore / Amiga', 'slug': 'commodore-amiga', 'image': None, 'year_end': None, 'year_start': None, 'games_count': 2083, 'image_background': 'https://media.rawg.io/media/games/cce/cce8bebe861f295003f5a9fe5b11233f.jpg'}, 'released_at': '1982-01-01', 'requirements': {}}]",[],[],"[{'id': 4, 'name': 'Action', 'slug': 'action', 'games_count': 186608, 'image_background': 'https://media.rawg.io/media/games/618/618c2031a07bbff6b4f611f10b6bcdbc.jpg'}]","[{'id': 31, 'name': 'Singleplayer', 'slug': 'singleplayer', 'language': 'eng', 'games_count': 238404, 'image_background': 'https://media.rawg.io/media/games/26d/26d4437715bee60138dab4a7c8c59c92.jpg'}]","[{'id': 20192, 'name': 'Synapse Software', 'slug': 'synapse-software', 'games_count': 11, 'image_background': 'https://media.rawg.io/media/screenshots/7b5/7b5d23f65718fc508970819cccc7867c.jpg'}]",,,"Shamus is a flip screen action adventure game written by William Mataga (now Cathryn Mataga) and published by Synapse Software. Originally released for the Atari 8-bit computers in 1982, it was ported to the VIC-20, Commodore 64, TRS-80 Color Computer, TI-99/4A, and IBM PC. Several of these ports were made by Atarisoft. Ihor Wolosenko, co-founder of Synapse, noted that it was Shamus that really put the company on the map by giving it a reputation for quality. It was followed by a sequel, Shamus: Case II, with the same characters but different gameplay.
Mataga's original version was 16K in size and released on disk and tape for the Atari 8-bit family, and later sold by Atari on cartridge following the launch of the Atari XEGS in 1987. The VIC-20 port was 8K and contained only 32 levels (unlike the 128 in every other version). In 1999, Mataga developed a remake for the Game Boy Color, and later, both Shamus and Shamus: Case II for iOS.
Funeral March of a Marionette, the theme song from Alfred Hitchcock Presents, plays on the title screen.",,6.0,2.0,2.0,1.0,,,,,,,,,0.0,,,,
52598,starmaster,Starmaster,Starmaster,"<p>Starmaster is a video game written for the Atari 2600 by Alan Miller and published in June 1982 by Activision. The game is similar to Atari's 8-bit computer game Star Raiders. Starmaster was not ported to other systems, but has been re-released in collections such as Activision Anthology.</p>
<p>Miller programmed other Atari 2600 games for Activision including Ice Hockey and Robot Tank.</p>",,[],1982-01-01,False,2019-08-28T22:02:33,https://media.rawg.io/media/screenshots/4a4/4a4c435c8790b9dd66c427c3b332a92a.jpg,https://media.rawg.io/media/screenshots/44f/44f912df7cabb08045b4bba65f48aaeb.jpg,,0.0,0,"[{'id': 3, 'title': 'meh', 'count': 1, 'percent': 50.0}, {'id': 1, 'title': 'skip', 'count': 1, 'percent': 50.0}]",11,0,6,0,1,0,0,,,,,0,0,0,0,2,46,[],,0,0,0,,2,0f0f0f,0f0f0f,"[{'platform': {'id': 9, 'name': 'Atari', 'slug': 'atari'}}]","[{'platform': {'id': 23, 'name': 'Atari 2600', 'slug': 'atari-2600', 'image': None, 'year_end': None, 'year_start': None, 'games_count': 294, 'image_background': 'https://media.rawg.io/media/screenshots/ff6/ff623993a854663931c1e78d72a16a5a.jpg'}, 'released_at': '1982-01-01', 'requirements': {}}]",[],"[{'id': 11, 'name': 'Activision', 'slug': 'activision', 'games_count': 163, 'image_background': 'https://media.rawg.io/media/screenshots/d05/d0524e9b2e276dd9c8351881e897f7c9.jpg'}]",[],"[{'id': 31, 'name': 'Singleplayer', 'slug': 'singleplayer', 'language': 'eng', 'games_count': 238404, 'image_background': 'https://media.rawg.io/media/games/26d/26d4437715bee60138dab4a7c8c59c92.jpg'}]","[{'id': 10830, 'name': 'Activision Blizzard', 'slug': 'activision-blizzard', 'games_count': 691, 'image_background': 'https://media.rawg.io/media/games/445/44507fdd60a8ec02b1c3c64a293ca754.jpg'}]",,,"Starmaster is a video game written for the Atari 2600 by Alan Miller and published in June 1982 by Activision. The game is similar to Atari's 8-bit computer game Star Raiders. Starmaster was not ported to other systems, but has been re-released in collections such as Activision Anthology.
Miller programmed other Atari 2600 games for Activision including Ice Hockey and Robot Tank.",,5.0,2.0,2.0,2.0,,,,,,,,,0.0,,,,
52585,smurf-rescue-in-gargamels-castle,Smurf: Rescue in Gargamel's Castle,Smurf: Rescue in Gargamel's Castle,"<p>Smurf: Rescue in Gargamel&#39;s Castle is a 1982 video game published and developed by Coleco for the ColecoVision and Atari 2600. The game is based on the television series, The Smurfs. In the game, the player must brave a series of obstacles to rescue Smurfette from Gargamel&#39;s castle.</p>",,[],1982-01-03,False,2022-03-27T00:22:25,https://media.rawg.io/media/screenshots/716/716337c06f68bf15bbc619f8e293f83d.jpg,https://media.rawg.io/media/screenshots/971/97153aa9a95547ef4ae4b82478692a6a.jpg,,0.0,0,"[{'id': 3, 'title': 'meh', 'count': 1, 'percent': 100.0}]",11,0,8,0,1,0,0,,,,,0,0,0,0,1,139,"['Pitufo', 'Schtroumpf Au château de Gargamel', 'Schtroumpfs', 'Smurf', 'Smurf Rescue']",,0,0,0,,1,0f0f0f,0f0f0f,"[{'platform': {'id': 9, 'name': 'Atari', 'slug': 'atari'}}]","[{'platform': {'id': 23, 'name': 'Atari 2600', 'slug': 'atari-2600', 'image': None, 'year_end': None, 'year_start': None, 'games_count': 294, 'image_background': 'https://media.rawg.io/media/screenshots/ff6/ff623993a854663931c1e78d72a16a5a.jpg'}, 'released_at': '1982-01-03', 'requirements': {}}]",[],"[{'id': 25974, 'name': 'Coleco', 'slug': 'coleco', 'games_count': 3, 'image_background': 'https://media.rawg.io/media/screenshots/716/716337c06f68bf15bbc619f8e293f83d.jpg'}, {'id': 25989, 'name': 'James Wickstead Design Associates', 'slug': 'james-wickstead-design-associates', 'games_count': 3, 'image_background': 'https://media.rawg.io/media/screenshots/ff9/ff92d5da2f5301988abede7470bc6ffe.jpg'}]","[{'id': 4, 'name': 'Action', 'slug': 'action', 'games_count': 186608, 'image_background': 'https://media.rawg.io/media/games/618/618c2031a07bbff6b4f611f10b6bcdbc.jpg'}, {'id': 83, 'name': 'Platformer', 'slug': 'platformer', 'games_count': 100869, 'image_background': 'https://media.rawg.io/media/games/f8c/f8c6a262ead4c16b47e1219310210eb3.jpg'}]","[{'id': 31, 'name': 'Singleplayer', 'slug': 'singleplayer', 'language': 'eng', 'games_count': 238404, 'image_background': 'https://media.rawg.io/media/games/26d/26d4437715bee60138dab4a7c8c59c92.jpg'}, {'id': 28332, 'name': 'smurf', 'slug': 'smurf', 'language': 'eng', 'games_count': 6, 'image_background': 'https://media.rawg.io/media/screenshots/232/232ad1f3d8edbb547aa11f7384a30cba.jpg'}, {'id': 77958, 'name': 'gargamel', 'slug': 'gargamel', 'language': 'eng', 'games_count': 3, 'image_background': 'https://media.rawg.io/media/screenshots/716/716337c06f68bf15bbc619f8e293f83d.jpg'}, {'id': 77959, 'name': 'smurfette', 'slug': 'smurfette', 'language': 'eng', 'games_count': 1, 'image_background': 'https://media.rawg.io/media/screenshots/716/716337c06f68bf15bbc619f8e293f83d.jpg'}, {'id': 77960, 'name': 'smurfs', 'slug': 'smurfs', 'language': 'eng', 'games_count': 3, 'image_background': 'https://media.rawg.io/media/screenshots/421/4214178a041f3221f8380c7520be2e5f.jpg'}]","[{'id': 19462, 'name': 'CBS Electronics', 'slug': 'cbs-electronics', 'games_count': 8, 'image_background': 'https://media.rawg.io/media/screenshots/271/271596942ed202540078bf05ca4d4a6c.jpg'}, {'id': 19465, 'name': 'Coleco', 'slug': 'coleco', 'games_count': 6, 'image_background': 'https://media.rawg.io/media/screenshots/613/613e9e31c18f53a871d305befcda4151.jpg'}]",,,"Smurf: Rescue in Gargamel's Castle is a 1982 video game published and developed by Coleco for the ColecoVision and Atari 2600. The game is based on the television series, The Smurfs. In the game, the player must brave a series of obstacles to rescue Smurfette from Gargamel's castle.",,6.0,2.0,2.0,1.0,,,,,,,,,0.0,,,,
56628,the-mask-of-the-sun,The Mask of the Sun,The Mask of the Sun,"<p>The Mask of the Sun is an interactive fiction computer game with graphics developed by Ultrasoft and published in North America by Brøderbund and in Europe by Ariolasoft.</p>
<p>The adventure game was released in 1982 for Apple II, Atari 8-bit family and Commodore 64. The hero is Mac Steele, an archaeologist who needs to find the Mask of the Sun in order to obtain an antidote to a poison that afflicts him from an artifact that he found. The game mostly takes place in Mexico in the Aztec ruins. Gameplay is text-based; however there are some graphics. The graphics differ from other graphic adventures of the time by having crude animations in some areas.</p>
<p>A punk rock song was written about this game by Australian band Pet Earwig. The song was also covered by another melbourne punk band - WSCK.</p>
<p>A sequel to The Mask of the Sun entitled The Serpent's Star was developed in 1983 by Ultrasoft and published by Brøderbund.</p>",,[],1982-01-01,False,2019-01-09T12:41:06,https://media.rawg.io/media/screenshots/aef/aef2d692b8dd35a7f93a0a72993bae24.jpg,https://media.rawg.io/media/screenshots/f2d/f2d9700f079d0e46af70f61bc0ede589.jpg,,0.0,0,"[{'id': 3, 'title': 'meh', 'count': 1, 'percent': 100.0}]",11,0,9,0,0,0,0,,,,,0,0,0,0,1,172,[],,0,0,0,,1,0f0f0f,0f0f0f,"[{'platform': {'id': 5, 'name': 'Apple Macintosh', 'slug': 'mac'}}, {'platform': {'id': 9, 'name': 'Atari', 'slug': 'atari'}}, {'platform': {'id': 10, 'name': 'Commodore / Amiga', 'slug': 'commodore-amiga'}}]","[{'platform': {'id': 166, 'name': 'Commodore / Amiga', 'slug': 'commodore-amiga', 'image': None, 'year_end': None, 'year_start': None, 'games_count': 2083, 'image_background': 'https://media.rawg.io/media/games/cce/cce8bebe861f295003f5a9fe5b11233f.jpg'}, 'released_at': '1982-01-01', 'requirements': {}}, {'platform': {'id': 41, 'name': 'Apple II', 'slug': 'apple-ii', 'image': None, 'year_end': None, 'year_start': None, 'games_count': 424, 'image_background': 'https://media.rawg.io/media/screenshots/3d2/3d2bb57b39e2efa39d1c385585b2ea8b.jpg'}, 'released_at': '1982-01-01', 'requirements': {}}, {'platform': {'id': 25, 'name': 'Atari 8-bit', 'slug': 'atari-8-bit', 'image': None, 'year_end': None, 'year_start': None, 'games_count': 308, 'image_background': 'https://media.rawg.io/media/screenshots/038/0385a47d3a43b218204268af5361a19e.jpg'}, 'released_at': '1982-01-01', 'requirements': {}}]",[],"[{'id': 27523, 'name': 'Ultrasoft', 'slug': 'ultrasoft', 'games_count': 2, 'image_background': 'https://media.rawg.io/media/screenshots/aef/aef2d692b8dd35a7f93a0a72993bae24.jpg'}]","[{'id': 3, 'name': 'Adventure', 'slug': 'adventure', 'games_count': 146481, 'image_background': 'https://media.rawg.io/media/games/b6b/b6b20bfc4b34e312dbc8aac53c95a348.jpg'}]","[{'id': 1309, 'name': 'hero', 'slug': 'hero', 'language': 'eng', 'games_count': 4852, 'image_background': 'https://media.rawg.io/media/games/067/067480b8c161115c90e60fd120b1570e.jpg'}, {'id': 2384, 'name': 'rock', 'slug': 'rock', 'language': 'eng', 'games_count': 1644, 'image_background': 'https://media.rawg.io/media/games/313/3131eaaea9b3e6f69763a150b5a4cdf6.jpg'}, {'id': 2373, 'name': 'text', 'slug': 'text', 'language': 'eng', 'games_count': 2077, 'image_background': 'https://media.rawg.io/media/screenshots/526/5262c0b58328c29749becc93642cc5c1.jpg'}, {'id': 1534, 'name': 'atari', 'slug': 'atari', 'language': 'eng', 'games_count': 1158, 'image_background': 'https://media.rawg.io/media/screenshots/d10/d10fdd0fc764ad4a5d70fffa6aee1175.jpg'}, {'id': 2266, 'name': 'pet', 'slug': 'pet', 'language': 'eng', 'games_count': 1055, 'image_background': 'https://media.rawg.io/media/screenshots/523/5232f5cf77a10ba492ff7b171686cc2a.jpg'}]","[{'id': 19491, 'name': 'Brøderbund', 'slug': 'broderbund', 'games_count': 32, 'image_background': 'https://media.rawg.io/media/games/054/0540c8fc8eed3fc13d3990f419c61c6f.jpg'}, {'id': 19708, 'name': 'Ariolasoft', 'slug': 'ariolasoft', 'games_count': 19, 'image_background': 'https://media.rawg.io/media/screenshots/f4b/f4b8e0b7e42013d1051cca8ce9c55df9.jpg'}]",,,"The Mask of the Sun is an interactive fiction computer game with graphics developed by Ultrasoft and published in North America by Brøderbund and in Europe by Ariolasoft.
The adventure game was released in 1982 for Apple II, Atari 8-bit family and Commodore 64. The hero is Mac Steele, an archaeologist who needs to find the Mask of the Sun in order to obtain an antidote to a poison that afflicts him from an artifact that he found. The game mostly takes place in Mexico in the Aztec ruins. Gameplay is text-based; however there are some graphics. The graphics differ from other graphic adventures of the time by having crude animations in some areas.
A punk rock song was written about this game by Australian band Pet Earwig. The song was also covered by another melbourne punk band - WSCK.
A sequel to The Mask of the Sun entitled The Serpent's Star was developed in 1983 by Ultrasoft and published by Brøderbund.",,5.0,2.0,3.0,1.0,,,,,,,,,0.0,,,,
52584,sky-jinks,Sky Jinks,Sky Jinks,"<p>Sky Jinks is a vertically-scrolling, air racing-themed video game developed by Bob Whitehead for the Atari 2600 video game console, and published by Activision in 1982.</p>
<p>In the mid-1980s, social psychologist Roy Baumeister used the game in his psychological research into performance anxiety.</p>",,[],1982-01-01,False,2019-08-28T22:02:33,https://media.rawg.io/media/screenshots/551/5516a6845705146d04bea1ba8885939c.jpg,https://media.rawg.io/media/screenshots/91b/91b74455c68c0eede02af7a5c02022c2.jpg,,0.0,0,"[{'id': 3, 'title': 'meh', 'count': 1, 'percent': 100.0}]",11,0,5,0,1,0,0,,,,,0,0,0,0,1,27,[],,0,0,0,,1,0f0f0f,0f0f0f,"[{'platform': {'id': 9, 'name': 'Atari', 'slug': 'atari'}}]","[{'platform': {'id': 23, 'name': 'Atari 2600', 'slug': 'atari-2600', 'image': None, 'year_end': None, 'year_start': None, 'games_count': 294, 'image_background': 'https://media.rawg.io/media/screenshots/ff6/ff623993a854663931c1e78d72a16a5a.jpg'}, 'released_at': '1982-01-01', 'requirements': {}}]",[],"[{'id': 11, 'name': 'Activision', 'slug': 'activision', 'games_count': 163, 'image_background': 'https://media.rawg.io/media/screenshots/d05/d0524e9b2e276dd9c8351881e897f7c9.jpg'}]","[{'id': 1, 'name': 'Racing', 'slug': 'racing', 'games_count': 25359, 'image_background': 'https://media.rawg.io/media/screenshots/69b/69bb243ea9896ddfc2e051b58e81624d.jpg'}]","[{'id': 31, 'name': 'Singleplayer', 'slug': 'singleplayer', 'language': 'eng', 'games_count': 238404, 'image_background': 'https://media.rawg.io/media/games/26d/26d4437715bee60138dab4a7c8c59c92.jpg'}, {'id': 378, 'name': 'One player', 'slug': 'one-player-2', 'language': 'eng', 'games_count': 20, 'image_background': 'https://media.rawg.io/media/screenshots/fae/fae97e1c49e0a6d701e275166b1835f3.jpg'}]","[{'id': 10830, 'name': 'Activision Blizzard', 'slug': 'activision-blizzard', 'games_count': 691, 'image_background': 'https://media.rawg.io/media/games/445/44507fdd60a8ec02b1c3c64a293ca754.jpg'}]",,,"Sky Jinks is a vertically-scrolling, air racing-themed video game developed by Bob Whitehead for the Atari 2600 video game console, and published by Activision in 1982.
In the mid-1980s, social psychologist Roy Baumeister used the game in his psychological research into performance anxiety.",,5.0,2.0,2.0,2.0,,,,,,,,,0.0,,,,
56527,gridrunner,Gridrunner,Gridrunner,"<p>Gridrunner is a series of shoot 'em up games written by Jeff Minter. The original Gridrunner was published for various 8-bit systems in 1982 and 1983 with Gridrunner 2 following in 1983. A third installation, Voidrunner was released in 1987. Confusingly, Gridrunner 2 was released in the US under the name Attack of the Mutant Camels, which was also the title used for a totally different game released the same year by Minter.</p>
<p>The original game was written in a week. The series was revived in 2002 with Gridrunner++, for modern platforms, and followed by later games in the series. In August 2012, a Mac OS X port was released via the Mac App Store.</p>",,[],1982-01-01,False,2019-08-17T17:11:03,https://media.rawg.io/media/screenshots/259/2594266d718720ba25f9351c3f22c16a.jpg,https://media.rawg.io/media/screenshots/c5e/c5eebb9bf7cdd5d2ff24f539728113d7.jpg,,0.0,0,"[{'id': 3, 'title': 'meh', 'count': 1, 'percent': 100.0}]",11,0,14,0,0,0,0,,,,,0,0,0,0,1,207,[],,0,0,0,,1,0f0f0f,0f0f0f,"[{'platform': {'id': 9, 'name': 'Atari', 'slug': 'atari'}}, {'platform': {'id': 10, 'name': 'Commodore / Amiga', 'slug': 'commodore-amiga'}}]","[{'platform': {'id': 166, 'name': 'Commodore / Amiga', 'slug': 'commodore-amiga', 'image': None, 'year_end': None, 'year_start': None, 'games_count': 2083, 'image_background': 'https://media.rawg.io/media/games/cce/cce8bebe861f295003f5a9fe5b11233f.jpg'}, 'released_at': '1982-01-01', 'requirements': {}}, {'platform': {'id': 25, 'name': 'Atari 8-bit', 'slug': 'atari-8-bit', 'image': None, 'year_end': None, 'year_start': None, 'games_count': 308, 'image_background': 'https://media.rawg.io/media/screenshots/038/0385a47d3a43b218204268af5361a19e.jpg'}, 'released_at': '1982-01-01', 'requirements': {}}, {'platform': {'id': 34, 'name': 'Atari ST', 'slug': 'atari-st', 'image': None, 'year_end': None, 'year_start': None, 'games_count': 836, 'image_background': 'https://media.rawg.io/media/games/637/637d7dc2f44d0f6ddd3ee2c0b1366962.jpg'}, 'released_at': '1982-01-01', 'requirements': {}}]",[],"[{'id': 26993, 'name': 'Jeff Minter', 'slug': 'jeff-minter', 'games_count': 6, 'image_background': 'https://media.rawg.io/media/screenshots/f37/f3740d0e6bd103a200f1979cae6a1519.jpg'}]",[],"[{'id': 151, 'name': 'Modern', 'slug': 'modern', 'language': 'eng', 'games_count': 1953, 'image_background': 'https://media.rawg.io/media/screenshots/0b1/0b11c690545dcc0a61e7cb95d62f78b0.jpg'}, {'id': 3117, 'name': 'shoot', 'slug': 'shoot', 'language': 'eng', 'games_count': 9955, 'image_background': 'https://media.rawg.io/media/screenshots/471/47138dfaf3865699a2cf2561e15f659e.jpg'}]","[{'id': 20358, 'name': 'Quicksilva', 'slug': 'quicksilva', 'games_count': 8, 'image_background': 'https://media.rawg.io/media/screenshots/259/2594266d718720ba25f9351c3f22c16a.jpg'}, {'id': 20547, 'name': 'HESware', 'slug': 'hesware', 'games_count': 3, 'image_background': 'https://media.rawg.io/media/screenshots/b9a/b9ade0aead5283ecb79fdac4a15e4857.jpg'}, {'id': 20546, 'name': 'Salamander', 'slug': 'salamander', 'games_count': 1, 'image_background': 'https://media.rawg.io/media/screenshots/259/2594266d718720ba25f9351c3f22c16a.jpg'}]",,,"Gridrunner is a series of shoot 'em up games written by Jeff Minter. The original Gridrunner was published for various 8-bit systems in 1982 and 1983 with Gridrunner 2 following in 1983. A third installation, Voidrunner was released in 1987. Confusingly, Gridrunner 2 was released in the US under the name Attack of the Mutant Camels, which was also the title used for a totally different game released the same year by Minter.
The original game was written in a week. The series was revived in 2002 with Gridrunner++, for modern platforms, and followed by later games in the series. In August 2012, a Mac OS X port was released via the Mac App Store.",1.0,5.0,2.0,2.0,1.0,,,,,,,,,0.0,,,,
52545,lost-luggage,Lost Luggage,Lost Luggage,"<p>Lost Luggage is an action video game developed and released in 1982 for the Atari 2600 by Texas-based studio Games by Apollo. The player controls skycaps working at an airport and tries to collect pieces of luggage that fall overhead from a frantic luggage carousel. A two-player mode, in which the second player controls the direction the luggage falls, is also available.</p>
<p>Programmer Ed Salvo was inspired to make Lost Luggage when he was waiting for his luggage at the Dallas/Fort Worth International Airport, and the game took around four weeks to produce. Reviewers criticized the game's similarity to Activision's Kaboom!—which itself is based on Avalanche—believing Lost Luggage to be an inferior clone.</p>",,[],1982-09-01,False,2019-08-28T22:02:34,https://media.rawg.io/media/screenshots/4b6/4b62aaf68169adc371911872938f6527.jpg,https://media.rawg.io/media/screenshots/080/08084ef8205009fb28246af79f7d0b26.jpg,,0.0,0,"[{'id': 3, 'title': 'meh', 'count': 1, 'percent': 100.0}]",11,0,4,0,1,0,0,,,,,0,0,0,0,1,31,[],,0,0,0,,1,0f0f0f,0f0f0f,"[{'platform': {'id': 9, 'name': 'Atari', 'slug': 'atari'}}]","[{'platform': {'id': 23, 'name': 'Atari 2600', 'slug': 'atari-2600', 'image': None, 'year_end': None, 'year_start': None, 'games_count': 294, 'image_background': 'https://media.rawg.io/media/screenshots/ff6/ff623993a854663931c1e78d72a16a5a.jpg'}, 'released_at': '1982-09-01', 'requirements': {}}]",[],"[{'id': 25983, 'name': 'Games by Apollo', 'slug': 'games-by-apollo', 'games_count': 4, 'image_background': 'https://media.rawg.io/media/screenshots/b78/b78fb26681d37f77eaadb169a4e5c9e9.jpg'}]","[{'id': 4, 'name': 'Action', 'slug': 'action', 'games_count': 186608, 'image_background': 'https://media.rawg.io/media/games/618/618c2031a07bbff6b4f611f10b6bcdbc.jpg'}]","[{'id': 31, 'name': 'Singleplayer', 'slug': 'singleplayer', 'language': 'eng', 'games_count': 238404, 'image_background': 'https://media.rawg.io/media/games/26d/26d4437715bee60138dab4a7c8c59c92.jpg'}, {'id': 7, 'name': 'Multiplayer', 'slug': 'multiplayer', 'language': 'eng', 'games_count': 40505, 'image_background': 'https://media.rawg.io/media/games/021/021c4e21a1824d2526f925eff6324653.jpg'}, {'id': 374, 'name': 'Two-player simultaneous', 'slug': 'two-player-simultaneous', 'language': 'eng', 'games_count': 1, 'image_background': 'https://media.rawg.io/media/screenshots/4b6/4b62aaf68169adc371911872938f6527.jpg'}]","[{'id': 19472, 'name': 'Games by Apollo', 'slug': 'games-by-apollo', 'games_count': 4, 'image_background': 'https://media.rawg.io/media/screenshots/b78/b78fb26681d37f77eaadb169a4e5c9e9.jpg'}]",,,"Lost Luggage is an action video game developed and released in 1982 for the Atari 2600 by Texas-based studio Games by Apollo. The player controls skycaps working at an airport and tries to collect pieces of luggage that fall overhead from a frantic luggage carousel. A two-player mode, in which the second player controls the direction the luggage falls, is also available.
Programmer Ed Salvo was inspired to make Lost Luggage when he was waiting for his luggage at the Dallas/Fort Worth International Airport, and the game took around four weeks to produce. Reviewers criticized the game's similarity to Activision's Kaboom!—which itself is based on Avalanche—believing Lost Luggage to be an inferior clone.",,5.0,2.0,3.0,1.0,,,,,,,,,0.0,,,,
52480,airlock,Airlock,Airlock,<p>Airlock is a platform game for the Atari 2600 published by Data Age in 1982.</p>,,[],1982-01-01,False,2019-08-28T22:02:36,https://media.rawg.io/media/screenshots/625/62584b3b1ea04b9c443a74f200d7b84c.jpg,https://media.rawg.io/media/screenshots/bb8/bb87f66293d667d09f431d1cc975b6ea.jpg,,0.0,0,"[{'id': 3, 'title': 'meh', 'count': 1, 'percent': 50.0}, {'id': 1, 'title': 'skip', 'count': 1, 'percent': 50.0}]",11,0,5,0,0,0,0,,,,,0,0,0,0,1,42,[],,0,0,0,,2,0f0f0f,0f0f0f,"[{'platform': {'id': 9, 'name': 'Atari', 'slug': 'atari'}}]","[{'platform': {'id': 23, 'name': 'Atari 2600', 'slug': 'atari-2600', 'image': None, 'year_end': None, 'year_start': None, 'games_count': 294, 'image_background': 'https://media.rawg.io/media/screenshots/ff6/ff623993a854663931c1e78d72a16a5a.jpg'}, 'released_at': '1982-01-01', 'requirements': {}}]",[],"[{'id': 25958, 'name': 'Data Age', 'slug': 'data-age', 'games_count': 3, 'image_background': 'https://media.rawg.io/media/screenshots/625/62584b3b1ea04b9c443a74f200d7b84c.jpg'}]","[{'id': 4, 'name': 'Action', 'slug': 'action', 'games_count': 186608, 'image_background': 'https://media.rawg.io/media/games/618/618c2031a07bbff6b4f611f10b6bcdbc.jpg'}]","[{'id': 31, 'name': 'Singleplayer', 'slug': 'singleplayer', 'language': 'eng', 'games_count': 238404, 'image_background': 'https://media.rawg.io/media/games/26d/26d4437715bee60138dab4a7c8c59c92.jpg'}]","[{'id': 19442, 'name': 'Data Age', 'slug': 'data-age', 'games_count': 4, 'image_background': 'https://media.rawg.io/media/screenshots/b86/b86b021e9371456297efb59f36b32225.jpg'}]",,,Airlock is a platform game for the Atari 2600 published by Data Age in 1982.,,6.0,2.0,2.0,1.0,,,,,,,,,0.0,,,,
56315,anteater,Anteater,Anteater,"<p>Anteater (""The Anteater"" in Britain; ""Ameisenbär"" in Germany) is an arcade game designed by Chris Oberth and released in 1982 by Tago Electronics. Though the arcade game was not a hit, it spawned a number of direct clones for home computers, some of which became better known than the original.</p>",,[],1982-01-01,False,2019-08-28T22:25:59,https://media.rawg.io/media/screenshots/418/4182c4436064da31c2bccb3f015bbb71.jpg,,,0.0,0,"[{'id': 3, 'title': 'meh', 'count': 2, 'percent': 100.0}]",11,0,1,0,1,0,0,,,,,0,0,0,0,1,35,[],,0,0,0,,2,0f0f0f,0f0f0f,"[{'platform': {'id': 10, 'name': 'Commodore / Amiga', 'slug': 'commodore-amiga'}}]","[{'platform': {'id': 166, 'name': 'Commodore / Amiga', 'slug': 'commodore-amiga', 'image': None, 'year_end': None, 'year_start': None, 'games_count': 2083, 'image_background': 'https://media.rawg.io/media/games/cce/cce8bebe861f295003f5a9fe5b11233f.jpg'}, 'released_at': '1982-01-01', 'requirements': {}}]",[],"[{'id': 25934, 'name': 'Stern Electronics', 'slug': 'stern-electronics', 'games_count': 4, 'image_background': 'https://media.rawg.io/media/screenshots/418/4182c4436064da31c2bccb3f015bbb71.jpg'}, {'id': 25935, 'name': 'Stern', 'slug': 'stern', 'games_count': 4, 'image_background': 'https://media.rawg.io/media/screenshots/a2a/a2a2793ad822a494493773fa50c0060a.jpg'}]",[],"[{'id': 31, 'name': 'Singleplayer', 'slug': 'singleplayer', 'language': 'eng', 'games_count': 238404, 'image_background': 'https://media.rawg.io/media/games/26d/26d4437715bee60138dab4a7c8c59c92.jpg'}]","[{'id': 20481, 'name': 'Tago Electronics', 'slug': 'tago-electronics', 'games_count': 1, 'image_background': 'https://media.rawg.io/media/screenshots/418/4182c4436064da31c2bccb3f015bbb71.jpg'}]",,,"Anteater (""The Anteater"" in Britain; ""Ameisenbär"" in Germany) is an arcade game designed by Chris Oberth and released in 1982 by Tago Electronics. Though the arcade game was not a hit, it spawned a number of direct clones for home computers, some of which became better known than the original.",,6.0,2.0,2.0,1.0,,,,,,,,,0.0,,,,
55199,astro-chase,Astro Chase,Astro Chase,"<p>Astro Chase is a scrolling shoot 'em up game originally released by First Star Software in 1982 for the Atari 8-bit family. The company later licensed certain platform rights to Parker Brothers for release on several home computers, and to Exidy for use with their Max-A-Flex arcade cabinet.</p>
<p>Gameplay takes place on a 2D scrolling map of space around Earth, which the player has to defend from an alien force. The primary target is a number of Mega-Mines, which approach the Earth and must be destroyed. The game is level-based (there are 36), and after all the Mega-Mines are destroyed the game progresses to the next level where players encounter a growing variety of enemy attack ships, with different speeds and offensive capabilities. An animated cut-scene is played every four levels.</p>",,[],1982-01-01,False,2019-08-28T22:01:09,https://media.rawg.io/media/screenshots/f43/f43a119c63ef7be3b2f68aee136f1777.jpg,https://media.rawg.io/media/screenshots/0ca/0caa5911b0db0873e106e5a2a02c8ea0.jpg,,0.0,0,"[{'id': 3, 'title': 'meh', 'count': 2, 'percent': 100.0}]",11,0,8,0,0,0,0,,,,,0,0,0,0,1,181,[],,0,0,0,,2,0f0f0f,0f0f0f,"[{'platform': {'id': 9, 'name': 'Atari', 'slug': 'atari'}}, {'platform': {'id': 10, 'name': 'Commodore / Amiga', 'slug': 'commodore-amiga'}}]","[{'platform': {'id': 25, 'name': 'Atari 8-bit', 'slug': 'atari-8-bit', 'image': None, 'year_end': None, 'year_start': None, 'games_count': 308, 'image_background': 'https://media.rawg.io/media/screenshots/038/0385a47d3a43b218204268af5361a19e.jpg'}, 'released_at': '1982-01-01', 'requirements': {}}, {'platform': {'id': 31, 'name': 'Atari 5200', 'slug': 'atari-5200', 'image': None, 'year_end': None, 'year_start': None, 'games_count': 64, 'image_background': 'https://media.rawg.io/media/screenshots/678/6786598cba3939d48ed60cbd1a3723f4.jpg'}, 'released_at': '1982-01-01', 'requirements': {}}, {'platform': {'id': 166, 'name': 'Commodore / Amiga', 'slug': 'commodore-amiga', 'image': None, 'year_end': None, 'year_start': None, 'games_count': 2083, 'image_background': 'https://media.rawg.io/media/games/cce/cce8bebe861f295003f5a9fe5b11233f.jpg'}, 'released_at': '1982-01-01', 'requirements': {}}]",[],"[{'id': 16596, 'name': 'First Star Software', 'slug': 'first-star-software', 'games_count': 9, 'image_background': 'https://media.rawg.io/media/screenshots/ac7/ac7952f6cf796911f5ce857eeaede015.jpg'}]","[{'id': 2, 'name': 'Shooter', 'slug': 'shooter', 'games_count': 59560, 'image_background': 'https://media.rawg.io/media/games/d58/d588947d4286e7b5e0e12e1bea7d9844.jpg'}]","[{'id': 31, 'name': 'Singleplayer', 'slug': 'singleplayer', 'language': 'eng', 'games_count': 238404, 'image_background': 'https://media.rawg.io/media/games/26d/26d4437715bee60138dab4a7c8c59c92.jpg'}]","[{'id': 19500, 'name': 'First Star Software', 'slug': 'first-star-software', 'games_count': 6, 'image_background': 'https://media.rawg.io/media/screenshots/ac7/ac7952f6cf796911f5ce857eeaede015.jpg'}]",,,"Astro Chase is a scrolling shoot 'em up game originally released by First Star Software in 1982 for the Atari 8-bit family. The company later licensed certain platform rights to Parker Brothers for release on several home computers, and to Exidy for use with their Max-A-Flex arcade cabinet.
Gameplay takes place on a 2D scrolling map of space around Earth, which the player has to defend from an alien force. The primary target is a number of Mega-Mines, which approach the Earth and must be destroyed. The game is level-based (there are 36), and after all the Mega-Mines are destroyed the game progresses to the next level where players encounter a growing variety of enemy attack ships, with different speeds and offensive capabilities. An animated cut-scene is played every four levels.",,6.0,2.0,2.0,1.0,,,,,,,,,0.0,,,,
376905,call-to-arms-1982,Call to Arms (1982),Call to Arms (1982),"<p>Call to Arms (1982) is a strategy game. It came out on 01-03-1982. The game is rated as ""Skip"" on RAWG. <br>Call to Arms (1982) is available on PC. </p>

<p></p>",,[],1982-03-01,False,2023-02-08T10:52:01,https://media.rawg.io/media/screenshots/579/5798edbb658aaa40234dfa3ae9de63cd.jpg,https://media.rawg.io/media/screenshots/dec/dec15d78c67625cff2ce57fc3d84dfeb.jpg,,0.0,0,"[{'id': 1, 'title': 'skip', 'count': 2, 'percent': 66.67}, {'id': 3, 'title': 'meh', 'count': 1, 'percent': 33.33}]",11,0,2,0,0,0,0,,,,,0,0,0,0,2,42,[],,0,0,0,,3,0f0f0f,0f0f0f,"[{'platform': {'id': 1, 'name': 'PC', 'slug': 'pc'}}]","[{'platform': {'id': 4, 'name': 'PC', 'slug': 'pc', 'image': None, 'year_end': None, 'year_start': None, 'games_count': 547195, 'image_background': 'https://media.rawg.io/media/games/021/021c4e21a1824d2526f925eff6324653.jpg'}, 'released_at': '1982-03-01', 'requirements': {}}]",[],[],"[{'id': 10, 'name': 'Strategy', 'slug': 'strategy', 'games_count': 59661, 'image_background': 'https://media.rawg.io/media/games/08b/08b2eee52a9876a48b955e5149affe5b.jpg'}]",[],[],,,,1.0,6.0,1.0,1.0,2.0,,,,,,,,,0.0,,,,
52509,deadly-duck,Deadly Duck,Deadly Duck,"<p>Deadly Duck is an Atari 2600 game released on January 20, 1982 in North America. It was designed by Ed Hodapp for Sirius Software and published by 20th Century Fox Games. It was later ported to the Commodore VIC-20.</p>",,[],1982-01-20,False,2019-01-09T12:41:06,https://media.rawg.io/media/screenshots/5c5/5c56d5029aa0cedb9dbb0c9914efab77.jpg,https://media.rawg.io/media/screenshots/466/466ac412effc01c2ec58af9a4c906223.jpg,,0.0,0,"[{'id': 3, 'title': 'meh', 'count': 2, 'percent': 100.0}]",11,0,8,0,1,0,0,,,,,0,0,0,0,1,53,[],,0,0,0,,2,0f0f0f,0f0f0f,"[{'platform': {'id': 9, 'name': 'Atari', 'slug': 'atari'}}]","[{'platform': {'id': 23, 'name': 'Atari 2600', 'slug': 'atari-2600', 'image': None, 'year_end': None, 'year_start': None, 'games_count': 294, 'image_background': 'https://media.rawg.io/media/screenshots/ff6/ff623993a854663931c1e78d72a16a5a.jpg'}, 'released_at': '1982-01-20', 'requirements': {}}]",[],"[{'id': 25971, 'name': 'Sirius Software', 'slug': 'sirius-software', 'games_count': 7, 'image_background': 'https://media.rawg.io/media/screenshots/756/7563ab2199daf05ffa83186e308f392b.jpg'}]",[],"[{'id': 1715, 'name': 'fox', 'slug': 'fox', 'language': 'eng', 'games_count': 616, 'image_background': 'https://media.rawg.io/media/screenshots/aa0/aa0273a7d3f4166bf0387b15dee7c41f.jpg'}, {'id': 1534, 'name': 'atari', 'slug': 'atari', 'language': 'eng', 'games_count': 1158, 'image_background': 'https://media.rawg.io/media/screenshots/d10/d10fdd0fc764ad4a5d70fffa6aee1175.jpg'}, {'id': 1965, 'name': 'duck', 'slug': 'duck', 'language': 'eng', 'games_count': 941, 'image_background': 'https://media.rawg.io/media/screenshots/6c5/6c546bb8faa77336f702d107079de62f.jpg'}]","[{'id': 11451, 'name': 'Fox Interactive', 'slug': 'fox-interactive', 'games_count': 28, 'image_background': 'https://media.rawg.io/media/screenshots/fe7/fe7cf6002602278015cb5d052f82e17a.jpg'}, {'id': 19454, 'name': '20th Century Fox Games', 'slug': '20th-century-fox-games', 'games_count': 3, 'image_background': 'https://media.rawg.io/media/screenshots/5c5/5c56d5029aa0cedb9dbb0c9914efab77.jpg'}]",,,"Deadly Duck is an Atari 2600 game released on January 20, 1982 in North America. It was designed by Ed Hodapp for Sirius Software and published by 20th Century Fox Games. It was later ported to the Commodore VIC-20.",,6.0,2.0,2.0,1.0,,,,,,,,,0.0,,,,
55314,necromancer-1982,Necromancer (1982),Necromancer (1982),"<p>Necromancer is a 1982 computer game for the Atari 8-bit series created by Bill Williams and distributed by Synapse Software. A port to the Commodore 64 followed in 1983, and it was re-released by Atari in cartridge form for the Atari XEGS in 1987.</p>
<p>The player controls the wizard Illuminar who attempts to grow an army of trees to attack Tetragorn the Necromancer and his evil minions who are attempting to take over a graveyard. The game is an arcade action title, but is unusual in that there are three distinct segments of gameplay, each of which affects the one following it.</p>",,[],1982-01-01,False,2019-08-28T22:26:06,https://media.rawg.io/media/screenshots/769/7691726d70c23c029903df08858df001.jpg,https://media.rawg.io/media/screenshots/c05/c05e51e982de4e7eef461a147f9b0229.jpg,,0.0,0,"[{'id': 3, 'title': 'meh', 'count': 1, 'percent': 100.0}]",11,0,8,0,1,0,0,,,,,0,0,0,0,1,128,[],,0,0,0,,1,0f0f0f,0f0f0f,"[{'platform': {'id': 9, 'name': 'Atari', 'slug': 'atari'}}, {'platform': {'id': 10, 'name': 'Commodore / Amiga', 'slug': 'commodore-amiga'}}]","[{'platform': {'id': 166, 'name': 'Commodore / Amiga', 'slug': 'commodore-amiga', 'image': None, 'year_end': None, 'year_start': None, 'games_count': 2083, 'image_background': 'https://media.rawg.io/media/games/cce/cce8bebe861f295003f5a9fe5b11233f.jpg'}, 'released_at': '1982-01-01', 'requirements': {}}, {'platform': {'id': 50, 'name': 'Atari XEGS', 'slug': 'atari-xegs', 'image': None, 'year_end': None, 'year_start': None, 'games_count': 22, 'image_background': 'https://media.rawg.io/media/screenshots/769/7691726d70c23c029903df08858df001.jpg'}, 'released_at': '1982-01-01', 'requirements': {}}, {'platform': {'id': 25, 'name': 'Atari 8-bit', 'slug': 'atari-8-bit', 'image': None, 'year_end': None, 'year_start': None, 'games_count': 308, 'image_background': 'https://media.rawg.io/media/screenshots/038/0385a47d3a43b218204268af5361a19e.jpg'}, 'released_at': '1982-01-01', 'requirements': {}}]",[],"[{'id': 27063, 'name': 'Synapse Software', 'slug': 'synapse-software', 'games_count': 7, 'image_background': 'https://media.rawg.io/media/screenshots/7b5/7b5d23f65718fc508970819cccc7867c.jpg'}]","[{'id': 4, 'name': 'Action', 'slug': 'action', 'games_count': 186608, 'image_background': 'https://media.rawg.io/media/games/618/618c2031a07bbff6b4f611f10b6bcdbc.jpg'}]","[{'id': 31, 'name': 'Singleplayer', 'slug': 'singleplayer', 'language': 'eng', 'games_count': 238404, 'image_background': 'https://media.rawg.io/media/games/26d/26d4437715bee60138dab4a7c8c59c92.jpg'}]","[{'id': 20192, 'name': 'Synapse Software', 'slug': 'synapse-software', 'games_count': 11, 'image_background': 'https://media.rawg.io/media/screenshots/7b5/7b5d23f65718fc508970819cccc7867c.jpg'}]",,,"Necromancer is a 1982 computer game for the Atari 8-bit series created by Bill Williams and distributed by Synapse Software. A port to the Commodore 64 followed in 1983, and it was re-released by Atari in cartridge form for the Atari XEGS in 1987.
The player controls the wizard Illuminar who attempts to grow an army of trees to attack Tetragorn the Necromancer and his evil minions who are attempting to take over a graveyard. The game is an arcade action title, but is unusual in that there are three distinct segments of gameplay, each of which affects the one following it.",1.0,5.0,2.0,2.0,1.0,,,,,,,,,0.0,,,,
56279,3d-tanx,3D Tanx,3D Tanx,"<p>3D Tanx is a shoot 'em up video game written by Don Priestley and published by DK'Tronics in 1982 for the ZX Spectrum, C64 and BBC Micro.</p>",,[],1982-01-01,False,2019-08-28T22:26:00,https://media.rawg.io/media/screenshots/398/39897dff9a3033ca99bd11a9da48a8b2.jpg,https://media.rawg.io/media/screenshots/703/70359d95098201ce1c09f9aebdf0f724.jpg,,0.0,0,"[{'id': 3, 'title': 'meh', 'count': 2, 'percent': 100.0}]",11,0,8,0,0,0,0,,,,,0,0,0,0,1,144,[],,0,0,0,,2,0f0f0f,0f0f0f,"[{'platform': {'id': 10, 'name': 'Commodore / Amiga', 'slug': 'commodore-amiga'}}]","[{'platform': {'id': 166, 'name': 'Commodore / Amiga', 'slug': 'commodore-amiga', 'image': None, 'year_end': None, 'year_start': None, 'games_count': 2083, 'image_background': 'https://media.rawg.io/media/games/cce/cce8bebe861f295003f5a9fe5b11233f.jpg'}, 'released_at': '1982-01-01', 'requirements': {}}]",[],"[{'id': 27346, 'name': 'Don Priestley', 'slug': 'don-priestley', 'games_count': 4, 'image_background': 'https://media.rawg.io/media/screenshots/13a/13a99b7e3c7e4680fa5b07d93d5e1a4b.jpg'}, {'id': 27347, 'name': ""DK'Tronics"", 'slug': 'dktronics', 'games_count': 3, 'image_background': 'https://media.rawg.io/media/screenshots/3fb/3fb32870bf8daa2e66f4a872ff192833.jpg'}]",[],"[{'id': 31, 'name': 'Singleplayer', 'slug': 'singleplayer', 'language': 'eng', 'games_count': 238404, 'image_background': 'https://media.rawg.io/media/games/26d/26d4437715bee60138dab4a7c8c59c92.jpg'}]","[{'id': 20471, 'name': ""DK'Tronics"", 'slug': 'dktronics', 'games_count': 3, 'image_background': 'https://media.rawg.io/media/screenshots/3fb/3fb32870bf8daa2e66f4a872ff192833.jpg'}]",,,"3D Tanx is a shoot 'em up video game written by Don Priestley and published by DK'Tronics in 1982 for the ZX Spectrum, C64 and BBC Micro.",,6.0,2.0,2.0,1.0,,,,,,,,,0.0,,,,
52481,armor-ambush,Armor Ambush,Armor Ambush,<p>Armor Ambush is a video game for the Atari 2600 produced by M-Network. Mattel originally released the game as Armor Battle for its Intellivision console.</p>,,[],1982-01-01,False,2019-08-28T22:02:36,https://media.rawg.io/media/screenshots/d4b/d4b2e502980eb31651961e211ae6b061.jpg,https://media.rawg.io/media/screenshots/a60/a6027bb2d4d95d08634067f3fdbaefeb.jpg,,0.0,0,"[{'id': 3, 'title': 'meh', 'count': 2, 'percent': 100.0}]",11,0,8,0,1,0,0,,,,,0,0,0,0,1,75,[],,0,0,0,,2,0f0f0f,0f0f0f,"[{'platform': {'id': 9, 'name': 'Atari', 'slug': 'atari'}}]","[{'platform': {'id': 23, 'name': 'Atari 2600', 'slug': 'atari-2600', 'image': None, 'year_end': None, 'year_start': None, 'games_count': 294, 'image_background': 'https://media.rawg.io/media/screenshots/ff6/ff623993a854663931c1e78d72a16a5a.jpg'}, 'released_at': '1982-01-01', 'requirements': {}}]",[],"[{'id': 25960, 'name': 'M Network', 'slug': 'm-network-2', 'games_count': 2, 'image_background': 'https://media.rawg.io/media/screenshots/d4b/d4b2e502980eb31651961e211ae6b061.jpg'}, {'id': 25959, 'name': 'M-Network', 'slug': 'm-network', 'games_count': 1, 'image_background': 'https://media.rawg.io/media/screenshots/d4b/d4b2e502980eb31651961e211ae6b061.jpg'}]","[{'id': 2, 'name': 'Shooter', 'slug': 'shooter', 'games_count': 59560, 'image_background': 'https://media.rawg.io/media/games/d58/d588947d4286e7b5e0e12e1bea7d9844.jpg'}]","[{'id': 31, 'name': 'Singleplayer', 'slug': 'singleplayer', 'language': 'eng', 'games_count': 238404, 'image_background': 'https://media.rawg.io/media/games/26d/26d4437715bee60138dab4a7c8c59c92.jpg'}, {'id': 418, 'name': '2 players', 'slug': '2-players', 'language': 'eng', 'games_count': 1244, 'image_background': 'https://media.rawg.io/media/screenshots/f9a/f9ac59bb4af2ca2193ee9ffb979577cf.jpg'}]","[{'id': 19443, 'name': 'M-Network', 'slug': 'm-network', 'games_count': 1, 'image_background': 'https://media.rawg.io/media/screenshots/d4b/d4b2e502980eb31651961e211ae6b061.jpg'}]",,,Armor Ambush is a video game for the Atari 2600 produced by M-Network. Mattel originally released the game as Armor Battle for its Intellivision console.,,6.0,2.0,2.0,1.0,,,,,,,,,0.0,,,,
52587,space-cavern,Space Cavern,Space Cavern,<p>Space Cavern is a 1982 shooter video game for the Atari 2600 developed and released by Games by Apollo. Players control a spaceship commander who has landed on a planet and must defend the ship against its hostile creatures. Games by Apollo founder Pat Roper was impressed by the game Demon Attack and tasked Apollo member Dan Oliver with making a game very similar to it. The game was later rereleased as Space Canyon.</p>,,[],1982-01-01,False,2019-08-28T22:02:33,https://media.rawg.io/media/screenshots/68f/68f983eacc029c3aeb6d7d18f3f1dfe6.jpg,https://media.rawg.io/media/screenshots/f52/f529ed45df5b3e16b1afc2f269fcc61f.jpg,,0.0,0,"[{'id': 4, 'title': 'recommended', 'count': 1, 'percent': 33.33}, {'id': 3, 'title': 'meh', 'count': 1, 'percent': 33.33}, {'id': 1, 'title': 'skip', 'count': 1, 'percent': 33.33}]",11,0,3,0,1,0,0,,,,,0,0,0,1,2,29,[],,0,0,0,,3,0f0f0f,0f0f0f,"[{'platform': {'id': 9, 'name': 'Atari', 'slug': 'atari'}}]","[{'platform': {'id': 23, 'name': 'Atari 2600', 'slug': 'atari-2600', 'image': None, 'year_end': None, 'year_start': None, 'games_count': 294, 'image_background': 'https://media.rawg.io/media/screenshots/ff6/ff623993a854663931c1e78d72a16a5a.jpg'}, 'released_at': '1982-01-01', 'requirements': {}}]",[],"[{'id': 25983, 'name': 'Games by Apollo', 'slug': 'games-by-apollo', 'games_count': 4, 'image_background': 'https://media.rawg.io/media/screenshots/b78/b78fb26681d37f77eaadb169a4e5c9e9.jpg'}]","[{'id': 4, 'name': 'Action', 'slug': 'action', 'games_count': 186608, 'image_background': 'https://media.rawg.io/media/games/618/618c2031a07bbff6b4f611f10b6bcdbc.jpg'}]","[{'id': 31, 'name': 'Singleplayer', 'slug': 'singleplayer', 'language': 'eng', 'games_count': 238404, 'image_background': 'https://media.rawg.io/media/games/26d/26d4437715bee60138dab4a7c8c59c92.jpg'}, {'id': 351, 'name': 'Two-player', 'slug': 'two-player', 'language': 'eng', 'games_count': 272, 'image_background': 'https://media.rawg.io/media/screenshots/1c1/1c1c7ba1dc364dc71e522acd045aa428.jpg'}]","[{'id': 19472, 'name': 'Games by Apollo', 'slug': 'games-by-apollo', 'games_count': 4, 'image_background': 'https://media.rawg.io/media/screenshots/b78/b78fb26681d37f77eaadb169a4e5c9e9.jpg'}]",,,Space Cavern is a 1982 shooter video game for the Atari 2600 developed and released by Games by Apollo. Players control a spaceship commander who has landed on a planet and must defend the ship against its hostile creatures. Games by Apollo founder Pat Roper was impressed by the game Demon Attack and tasked Apollo member Dan Oliver with making a game very similar to it. The game was later rereleased as Space Canyon.,,6.0,1.0,2.0,2.0,,,,,,,,,0.0,,,,
56312,arcadia-1982,Arcadia (1982),Arcadia (1982),<p>Arcadia is a 1982 fixed shooter published by Imagine Software on the Sinclair Spectrum and VIC-20. It was later ported to the Commodore 64 and Dragon 32.</p>,,[],1982-01-01,False,2019-08-28T22:25:59,https://media.rawg.io/media/screenshots/c9b/c9bc103a8f51c24f58f381bd24625c15.jpg,https://media.rawg.io/media/screenshots/883/88396ad784c45416a6b9529566716799.jpg,,0.0,0,"[{'id': 3, 'title': 'meh', 'count': 1, 'percent': 100.0}]",11,0,9,0,0,0,0,,,,,0,0,0,0,1,123,[],,0,0,0,,1,0f0f0f,0f0f0f,"[{'platform': {'id': 10, 'name': 'Commodore / Amiga', 'slug': 'commodore-amiga'}}]","[{'platform': {'id': 166, 'name': 'Commodore / Amiga', 'slug': 'commodore-amiga', 'image': None, 'year_end': None, 'year_start': None, 'games_count': 2083, 'image_background': 'https://media.rawg.io/media/games/cce/cce8bebe861f295003f5a9fe5b11233f.jpg'}, 'released_at': '1982-01-01', 'requirements': {}}]",[],"[{'id': 27366, 'name': 'David H. Lawson - ZX Spectrum', 'slug': 'david-h-lawson-zx-spectrum', 'games_count': 1, 'image_background': 'https://media.rawg.io/media/screenshots/c9b/c9bc103a8f51c24f58f381bd24625c15.jpg'}]",[],"[{'id': 31, 'name': 'Singleplayer', 'slug': 'singleplayer', 'language': 'eng', 'games_count': 238404, 'image_background': 'https://media.rawg.io/media/games/26d/26d4437715bee60138dab4a7c8c59c92.jpg'}]","[{'id': 19864, 'name': 'Imagine Software', 'slug': 'imagine-software', 'games_count': 16, 'image_background': 'https://media.rawg.io/media/screenshots/f7b/f7b58fc768c19977174c96a0acd2dbfb.jpg'}]",,,Arcadia is a 1982 fixed shooter published by Imagine Software on the Sinclair Spectrum and VIC-20. It was later ported to the Commodore 64 and Dragon 32.,1.0,6.0,1.0,2.0,1.0,,,,,,,,,0.0,,,,
52507,tron-deadly-discs,Tron: Deadly Discs,Tron: Deadly Discs,"<p>Tron: Deadly Discs is a video game for Mattel's Intellivision console, and was published by Mattel in 1982. The initial game design was done by Don Daglow, with further design and programming by Steven Sents. It is the first of three Intellivision games based on the Disney motion picture Tron. Adaptations of this game have been developed and released for the Atari 2600, under the M Network banner, and the Mattel Aquarius.</p>
<p>In Tron: Deadly Discs, the player takes the role of Tron, fighting successive waves of enemy Disc-throwers and Recognizers in a never-ending quest to achieve the highest score.</p>",,[],1982-01-01,False,2019-08-28T22:02:35,https://media.rawg.io/media/screenshots/5ab/5ab5516496998c8e2523ab491e791d44.jpg,https://media.rawg.io/media/screenshots/413/4138711c7120cd41955b59bf9d9d1141.jpg,,0.0,0,"[{'id': 3, 'title': 'meh', 'count': 1, 'percent': 100.0}]",11,0,9,0,1,0,0,,,,,0,0,0,0,1,108,[],,0,0,0,,1,0f0f0f,0f0f0f,"[{'platform': {'id': 9, 'name': 'Atari', 'slug': 'atari'}}]","[{'platform': {'id': 23, 'name': 'Atari 2600', 'slug': 'atari-2600', 'image': None, 'year_end': None, 'year_start': None, 'games_count': 294, 'image_background': 'https://media.rawg.io/media/screenshots/ff6/ff623993a854663931c1e78d72a16a5a.jpg'}, 'released_at': '1982-01-01', 'requirements': {}}]",[],"[{'id': 25962, 'name': 'Mattel', 'slug': 'mattel', 'games_count': 28, 'image_background': 'https://media.rawg.io/media/screenshots/301/3016368c081c8e44eb498cb9d02e447d.jpg'}]","[{'id': 4, 'name': 'Action', 'slug': 'action', 'games_count': 186608, 'image_background': 'https://media.rawg.io/media/games/618/618c2031a07bbff6b4f611f10b6bcdbc.jpg'}]","[{'id': 31, 'name': 'Singleplayer', 'slug': 'singleplayer', 'language': 'eng', 'games_count': 238404, 'image_background': 'https://media.rawg.io/media/games/26d/26d4437715bee60138dab4a7c8c59c92.jpg'}]","[{'id': 19440, 'name': 'Mattel', 'slug': 'mattel', 'games_count': 43, 'image_background': 'https://media.rawg.io/media/screenshots/d5b/d5b78615f64bd294cdc406089126bcd1.jpg'}]",,,"Tron: Deadly Discs is a video game for Mattel's Intellivision console, and was published by Mattel in 1982. The initial game design was done by Don Daglow, with further design and programming by Steven Sents. It is the first of three Intellivision games based on the Disney motion picture Tron. Adaptations of this game have been developed and released for the Atari 2600, under the M Network banner, and the Mattel Aquarius.
In Tron: Deadly Discs, the player takes the role of Tron, fighting successive waves of enemy Disc-throwers and Recognizers in a never-ending quest to achieve the highest score.",,6.0,2.0,2.0,1.0,,,,,,,,,0.0,,,,
56834,sword-of-fargoal-1982,Sword of Fargoal (1982),Sword of Fargoal (1982),"<p>Sword of Fargoal is a 1982 video game by Jeff McCord, published by Epyx.</p>",,[],1982-01-01,False,2019-01-09T12:41:06,https://media.rawg.io/media/screenshots/d9e/d9eefa26be2685ed3b6e73861c8358b5.jpg,https://media.rawg.io/media/screenshots/1aa/1aae960791043e6497422f46b753d982.jpg,,0.0,0,"[{'id': 3, 'title': 'meh', 'count': 1, 'percent': 100.0}]",11,0,7,0,0,0,0,,,,,0,0,0,0,1,94,[],,0,0,0,,1,0f0f0f,0f0f0f,"[{'platform': {'id': 10, 'name': 'Commodore / Amiga', 'slug': 'commodore-amiga'}}]","[{'platform': {'id': 166, 'name': 'Commodore / Amiga', 'slug': 'commodore-amiga', 'image': None, 'year_end': None, 'year_start': None, 'games_count': 2083, 'image_background': 'https://media.rawg.io/media/games/cce/cce8bebe861f295003f5a9fe5b11233f.jpg'}, 'released_at': '1982-01-01', 'requirements': {}}]",[],"[{'id': 27615, 'name': 'Jeff McCord', 'slug': 'jeff-mccord', 'games_count': 1, 'image_background': 'https://media.rawg.io/media/screenshots/d9e/d9eefa26be2685ed3b6e73861c8358b5.jpg'}]","[{'id': 3, 'name': 'Adventure', 'slug': 'adventure', 'games_count': 146481, 'image_background': 'https://media.rawg.io/media/games/b6b/b6b20bfc4b34e312dbc8aac53c95a348.jpg'}, {'id': 5, 'name': 'RPG', 'slug': 'role-playing-games-rpg', 'games_count': 59370, 'image_background': 'https://media.rawg.io/media/games/f6b/f6bed028b02369d4cab548f4f9337e81.jpg'}]","[{'id': 878, 'name': 'sword', 'slug': 'sword', 'language': 'eng', 'games_count': 1424, 'image_background': 'https://media.rawg.io/media/screenshots/c80/c80f6c86de421615f4e84a07e5dde573.jpg'}]","[{'id': 11929, 'name': 'Epyx', 'slug': 'epyx', 'games_count': 44, 'image_background': 'https://media.rawg.io/media/screenshots/189/1890b76089fc24b04ca7ce2fc3299274.jpg'}]",,,"Sword of Fargoal is a 1982 video game by Jeff McCord, published by Epyx.",,5.0,2.0,2.0,1.0,1.0,,,,,,,,0.0,,,,
52597,star-strike,Star Strike,Star Strike,"<p>Star Strike is a single-player video game, released by Mattel for its Intellivision video game system in 1982. The Intellivision's best-selling game in 1982, with over 800,000 copies sold, Star Strike was inspired by the famous ""trench run"" sequence in the 1977 film Star Wars, as the player must drop bombs on alien weapons silos before Earth moves into range.</p>",,[],1982-01-01,False,2019-08-28T22:02:33,https://media.rawg.io/media/screenshots/cbf/cbf3763bd6861914f2408f98ba60766d.jpg,https://media.rawg.io/media/screenshots/9e7/9e7a0efa74098446f708aadddffabd66.jpg,,0.0,0,"[{'id': 3, 'title': 'meh', 'count': 1, 'percent': 100.0}]",11,0,8,0,2,0,0,,,,,0,0,0,0,1,65,[],,0,0,0,,1,0f0f0f,0f0f0f,"[{'platform': {'id': 9, 'name': 'Atari', 'slug': 'atari'}}]","[{'platform': {'id': 23, 'name': 'Atari 2600', 'slug': 'atari-2600', 'image': None, 'year_end': None, 'year_start': None, 'games_count': 294, 'image_background': 'https://media.rawg.io/media/screenshots/ff6/ff623993a854663931c1e78d72a16a5a.jpg'}, 'released_at': '1982-01-01', 'requirements': {}}]",[],"[{'id': 25962, 'name': 'Mattel', 'slug': 'mattel', 'games_count': 28, 'image_background': 'https://media.rawg.io/media/screenshots/301/3016368c081c8e44eb498cb9d02e447d.jpg'}]",[],"[{'id': 31, 'name': 'Singleplayer', 'slug': 'singleplayer', 'language': 'eng', 'games_count': 238404, 'image_background': 'https://media.rawg.io/media/games/26d/26d4437715bee60138dab4a7c8c59c92.jpg'}]","[{'id': 19440, 'name': 'Mattel', 'slug': 'mattel', 'games_count': 43, 'image_background': 'https://media.rawg.io/media/screenshots/d5b/d5b78615f64bd294cdc406089126bcd1.jpg'}]",,,"Star Strike is a single-player video game, released by Mattel for its Intellivision video game system in 1982. The Intellivision's best-selling game in 1982, with over 800,000 copies sold, Star Strike was inspired by the famous ""trench run"" sequence in the 1977 film Star Wars, as the player must drop bombs on alien weapons silos before Earth moves into range.",,6.0,2.0,2.0,1.0,,,,,,,,,0.0,,,,
56745,rockys-boots,Rocky's Boots,Rocky's Boots,"<p>Rocky's Boots is an educational logic puzzle game by Warren Robinett and Leslie Grimm, published by The Learning Company in 1982. It was released for the Apple II, the CoCo, the Commodore 64 the IBM PC and the IBM PCjr. It was followed by a more difficult sequel, Robot Odyssey. It won Software of the Year awards from Learning Magazine (1983), Parent's Choice magazine (1983), and Infoworld magazine (1982, runner-up), and received the Gold Award (for selling 100,000 copies) from the Software Publishers Association. It was one of the first educational software products for personal computers to successfully use an interactive graphical simulation as a learning environment.</p>",,[],1982-01-01,False,2023-02-08T10:51:57,https://media.rawg.io/media/screenshots/e59/e596142a7cb1c52d856adbf18a27ef6c.jpg,https://media.rawg.io/media/screenshots/896/8960198ab167cb8a2539bb7dbac43403.jpg,,0.0,0,"[{'id': 3, 'title': 'meh', 'count': 1, 'percent': 100.0}]",11,0,9,0,0,0,0,,,,,0,0,0,0,1,172,[],,0,0,0,,1,0f0f0f,0f0f0f,"[{'platform': {'id': 1, 'name': 'PC', 'slug': 'pc'}}, {'platform': {'id': 5, 'name': 'Apple Macintosh', 'slug': 'mac'}}, {'platform': {'id': 10, 'name': 'Commodore / Amiga', 'slug': 'commodore-amiga'}}]","[{'platform': {'id': 41, 'name': 'Apple II', 'slug': 'apple-ii', 'image': None, 'year_end': None, 'year_start': None, 'games_count': 424, 'image_background': 'https://media.rawg.io/media/screenshots/3d2/3d2bb57b39e2efa39d1c385585b2ea8b.jpg'}, 'released_at': '1982-01-01', 'requirements': {}}, {'platform': {'id': 166, 'name': 'Commodore / Amiga', 'slug': 'commodore-amiga', 'image': None, 'year_end': None, 'year_start': None, 'games_count': 2083, 'image_background': 'https://media.rawg.io/media/games/cce/cce8bebe861f295003f5a9fe5b11233f.jpg'}, 'released_at': '1982-01-01', 'requirements': {}}, {'platform': {'id': 4, 'name': 'PC', 'slug': 'pc', 'image': None, 'year_end': None, 'year_start': None, 'games_count': 547196, 'image_background': 'https://media.rawg.io/media/games/6fc/6fcf4cd3b17c288821388e6085bb0fc9.jpg'}, 'released_at': '1982-01-01', 'requirements': {}}]",[],"[{'id': 25933, 'name': 'Warren Robinett', 'slug': 'warren-robinett', 'games_count': 2, 'image_background': 'https://media.rawg.io/media/screenshots/e59/e596142a7cb1c52d856adbf18a27ef6c.jpg'}, {'id': 27577, 'name': 'Leslie Grimm', 'slug': 'leslie-grimm', 'games_count': 1, 'image_background': 'https://media.rawg.io/media/screenshots/e59/e596142a7cb1c52d856adbf18a27ef6c.jpg'}]","[{'id': 34, 'name': 'Educational', 'slug': 'educational', 'games_count': 15690, 'image_background': 'https://media.rawg.io/media/games/7ca/7ca90d463ea0c0252e7d01afe897ffa8.jpg'}]","[{'id': 31, 'name': 'Singleplayer', 'slug': 'singleplayer', 'language': 'eng', 'games_count': 238404, 'image_background': 'https://media.rawg.io/media/games/26d/26d4437715bee60138dab4a7c8c59c92.jpg'}]","[{'id': 10820, 'name': 'The Learning Company', 'slug': 'the-learning-company', 'games_count': 23, 'image_background': 'https://media.rawg.io/media/screenshots/881/881ce15d4e1cd5df139c554cae2f386e.jpg'}]",,,"Rocky's Boots is an educational logic puzzle game by Warren Robinett and Leslie Grimm, published by The Learning Company in 1982. It was released for the Apple II, the CoCo, the Commodore 64 the IBM PC and the IBM PCjr. It was followed by a more difficult sequel, Robot Odyssey. It won Software of the Year awards from Learning Magazine (1983), Parent's Choice magazine (1983), and Infoworld magazine (1982, runner-up), and received the Gold Award (for selling 100,000 copies) from the Software Publishers Association. It was one of the first educational software products for personal computers to successfully use an interactive graphical simulation as a learning environment.",1.0,5.0,2.0,2.0,1.0,,,,,,,,,0.0,,,,
56384,cave-of-the-word-wizard,Cave of the Word Wizard,Cave of the Word Wizard,"<p>Cave of the Word Wizard is a 1982 educational children's game released for the Commodore 64 by Timeworks, Inc..</p>
<p>This is an educational game teaching spelling. The tuition is through spoken commands and dictated words for the player to spell. The player spells the words by typing on the keyboard and they are simultaneously displayed on the screen. The spoken commands and words are delivered in American English, through the computer audio output. Ten lists of words are provided for spelling, in graduated difficulty. You can also make custom lists. A list is selected at the start of each game.</p>
<p>It features a multilevel cave which the player's joystick guided character (selection of boy or girl) explores with the objective of finding a number of crystals in order to exit the dungeon. The character uses a flashlight to illuminate his/her way around the dungeon to find the crystals, which are attached to the dungeon wall in random locations.</p>
<p>The cave features a number of obstacles: crevasses to fall or jump down a level, rocks to trip over, puddles to slip and fall in, and scorpions and snakes to sting you. Your character can jump over these using a joystick button. If you fall or get stung, you have to use one of the 5 bandaids you started with. There are ladders to go up and down levels safely.</p>
<p>At intervals, the ""Word Wizard"" appears and commands you to spell a word. If you type the word correctly, you get rewarded with a new bandaid, and a congratulatory ""well done!"" or similar encouragement. If you wait too long or spell it wrongly, you get admonished, ""You need work on that one!"" or ""It's getting darker!"" (and your flashlight loses energy).</p>",,[],1982-01-01,False,2019-01-09T12:41:06,https://media.rawg.io/media/screenshots/819/819457d115dd09a11a0df8a08a370f84.jpg,https://media.rawg.io/media/screenshots/68a/68a06af23998241c0217cde6ce83398b.jpg,,0.0,0,"[{'id': 3, 'title': 'meh', 'count': 1, 'percent': 50.0}, {'id': 1, 'title': 'skip', 'count': 1, 'percent': 50.0}]",11,0,8,0,2,0,0,,,,,0,0,0,0,1,115,[],,0,0,0,,2,0f0f0f,0f0f0f,"[{'platform': {'id': 10, 'name': 'Commodore / Amiga', 'slug': 'commodore-amiga'}}]","[{'platform': {'id': 166, 'name': 'Commodore / Amiga', 'slug': 'commodore-amiga', 'image': None, 'year_end': None, 'year_start': None, 'games_count': 2083, 'image_background': 'https://media.rawg.io/media/games/cce/cce8bebe861f295003f5a9fe5b11233f.jpg'}, 'released_at': '1982-01-01', 'requirements': {}}]",[],"[{'id': 27415, 'name': 'Electronic Speech Systems', 'slug': 'electronic-speech-systems', 'games_count': 1, 'image_background': 'https://media.rawg.io/media/screenshots/819/819457d115dd09a11a0df8a08a370f84.jpg'}, {'id': 27416, 'name': 'Patrick Quinn', 'slug': 'patrick-quinn', 'games_count': 1, 'image_background': 'https://media.rawg.io/media/screenshots/819/819457d115dd09a11a0df8a08a370f84.jpg'}]",[],"[{'id': 808, 'name': 'character', 'slug': 'character', 'language': 'eng', 'games_count': 8871, 'image_background': 'https://media.rawg.io/media/games/43f/43ff0ac9538f82b00fb3b47d186bd46b.jpg'}, {'id': 1709, 'name': 'work', 'slug': 'work', 'language': 'eng', 'games_count': 9271, 'image_background': 'https://media.rawg.io/media/games/bfb/bfb28df4f345165327555507c955a62a.jpg'}, {'id': 8234, 'name': 'fall', 'slug': 'fall', 'language': 'eng', 'games_count': 3543, 'image_background': 'https://media.rawg.io/media/screenshots/e14/e14435ba87a1502f64f0618de88ea531.jpg'}, {'id': 2865, 'name': 'girl', 'slug': 'girl', 'language': 'eng', 'games_count': 2069, 'image_background': 'https://media.rawg.io/media/games/23a/23acbd56da0c30bca0227967a5720c96.jpg'}, {'id': 1796, 'name': 'dungeon', 'slug': 'dungeon', 'language': 'eng', 'games_count': 2526, 'image_background': 'https://media.rawg.io/media/screenshots/3d0/3d08aa7aca4e1631c747446057794b1f.jpg'}, {'id': 684, 'name': 'children', 'slug': 'children', 'language': 'eng', 'games_count': 3404, 'image_background': 'https://media.rawg.io/media/screenshots/65d/65dc0fe35135ffe5e82b6de3183b05bb.jpg'}, {'id': 1076, 'name': 'random', 'slug': 'random', 'language': 'eng', 'games_count': 2824, 'image_background': 'https://media.rawg.io/media/games/355/355d2ec5d6b87518228dc30a9bb0e70d.jpg'}, {'id': 4132, 'name': 'wizard', 'slug': 'wizard', 'language': 'eng', 'games_count': 876, 'image_background': 'https://media.rawg.io/media/screenshots/52c/52c930548df7612684ea6d2a8cfe0a5b.jpg'}, {'id': 3953, 'name': 'words', 'slug': 'words', 'language': 'eng', 'games_count': 2009, 'image_background': 'https://media.rawg.io/media/screenshots/755/75576bd83718be851cfdb7a2bfdc4b29.jpg'}, {'id': 2835, 'name': 'word', 'slug': 'word', 'language': 'eng', 'games_count': 2069, 'image_background': 'https://media.rawg.io/media/screenshots/7b9/7b9fb4b46a086bada069b21432386fab.jpg'}, {'id': 1127, 'name': 'keyboard', 'slug': 'keyboard', 'language': 'eng', 'games_count': 2884, 'image_background': 'https://media.rawg.io/media/screenshots/819/819457d115dd09a11a0df8a08a370f84.jpg'}, {'id': 2173, 'name': 'cave', 'slug': 'cave', 'language': 'eng', 'games_count': 486, 'image_background': 'https://media.rawg.io/media/screenshots/ff7/ff7ce3a620f6ca5a082eb0aae61466b5.jpg'}]","[{'id': 20509, 'name': 'Timeworks', 'slug': 'timeworks', 'games_count': 1, 'image_background': 'https://media.rawg.io/media/screenshots/819/819457d115dd09a11a0df8a08a370f84.jpg'}]",,,"Cave of the Word Wizard is a 1982 educational children's game released for the Commodore 64 by Timeworks, Inc..
This is an educational game teaching spelling. The tuition is through spoken commands and dictated words for the player to spell. The player spells the words by typing on the keyboard and they are simultaneously displayed on the screen. The spoken commands and words are delivered in American English, through the computer audio output. Ten lists of words are provided for spelling, in graduated difficulty. You can also make custom lists. A list is selected at the start of each game.
It features a multilevel cave which the player's joystick guided character (selection of boy or girl) explores with the objective of finding a number of crystals in order to exit the dungeon. The character uses a flashlight to illuminate his/her way around the dungeon to find the crystals, which are attached to the dungeon wall in random locations.
The cave features a number of obstacles: crevasses to fall or jump down a level, rocks to trip over, puddles to slip and fall in, and scorpions and snakes to sting you. Your character can jump over these using a joystick button. If you fall or get stung, you have to use one of the 5 bandaids you started with. There are ladders to go up and down levels safely.
At intervals, the ""Word Wizard"" appears and commands you to spell a word. If you type the word correctly, you get rewarded with a new bandaid, and a congratulatory ""well done!"" or similar encouragement. If you wait too long or spell it wrongly, you get admonished, ""You need work on that one!"" or ""It's getting darker!"" (and your flashlight loses energy).",,7.0,1.0,2.0,1.0,,,,,,,,,0.0,,,,
58036,deflex,Deflex,Deflex,"<p>Deflex, also known as Super Deflex, Deflex V, and Made In France, is an arcade puzzle game developed by Jeff Minter. The first version, developed in 1981 for the VIC-20 and Commodore PET, is generally considered the first Llamasoft game ever produced  (although Jeff Minter did develop some incomplete early titles under the name JCM Software, but these were never released).</p>",,[],1982-01-01,False,2019-08-28T22:25:46,,,,0.0,0,"[{'id': 3, 'title': 'meh', 'count': 1, 'percent': 100.0}]",11,0,0,0,0,0,0,,,,,0,0,0,0,1,0,[],,0,0,0,,1,0f0f0f,0f0f0f,[],[],[],[],"[{'id': 4, 'name': 'Action', 'slug': 'action', 'games_count': 186608, 'image_background': 'https://media.rawg.io/media/games/618/618c2031a07bbff6b4f611f10b6bcdbc.jpg'}]","[{'id': 31, 'name': 'Singleplayer', 'slug': 'singleplayer', 'language': 'eng', 'games_count': 238404, 'image_background': 'https://media.rawg.io/media/games/26d/26d4437715bee60138dab4a7c8c59c92.jpg'}]","[{'id': 20246, 'name': 'Llamasoft', 'slug': 'llamasoft', 'games_count': 12, 'image_background': 'https://media.rawg.io/media/screenshots/b80/b802500e88adbb10b6b2c604e9631da9.jpg'}, {'id': 20245, 'name': 'Jeff Minter', 'slug': 'jeff-minter', 'games_count': 4, 'image_background': 'https://media.rawg.io/media/screenshots/ee5/ee5c9991af76365b06021fc08d3270c9.jpg'}]",,,"Deflex, also known as Super Deflex, Deflex V, and Made In France, is an arcade puzzle game developed by Jeff Minter. The first version, developed in 1981 for the VIC-20 and Commodore PET, is generally considered the first Llamasoft game ever produced  (although Jeff Minter did develop some incomplete early titles under the name JCM Software, but these were never released).",,6.0,2.0,2.0,1.0,,,,,,,,,0.0,,,,
52562,phaser-patrol,Phaser Patrol,Phaser Patrol,"<p>Phaser Patrol, written by Dennis Caswell, is the first numbered release by Starpath Corporation for the Atari 2600. It was originally distributed as the pack-in game for the Starpath Supercharger in 1982. The game simulates a space flight in which the player must pilot a ship to destroy the Dracon invaders.</p>",,[],1982-01-01,False,2019-08-28T22:02:34,https://media.rawg.io/media/screenshots/296/296ed1e47bbf5d62e4b39beb15d66034.jpg,https://media.rawg.io/media/screenshots/e9f/e9f1526e77b18bac0d0082bbfc48f5fa.jpg,,0.0,0,"[{'id': 3, 'title': 'meh', 'count': 1, 'percent': 100.0}]",11,0,5,0,1,0,0,,,,,0,0,0,0,1,80,[],,0,0,0,,1,0f0f0f,0f0f0f,"[{'platform': {'id': 9, 'name': 'Atari', 'slug': 'atari'}}]","[{'platform': {'id': 23, 'name': 'Atari 2600', 'slug': 'atari-2600', 'image': None, 'year_end': None, 'year_start': None, 'games_count': 294, 'image_background': 'https://media.rawg.io/media/screenshots/ff6/ff623993a854663931c1e78d72a16a5a.jpg'}, 'released_at': '1982-01-01', 'requirements': {}}]",[],"[{'id': 25969, 'name': 'Starpath', 'slug': 'starpath', 'games_count': 5, 'image_background': 'https://media.rawg.io/media/screenshots/85e/85eca09049b98434d86d495eeb9d5a5f.jpg'}]","[{'id': 14, 'name': 'Simulation', 'slug': 'simulation', 'games_count': 73491, 'image_background': 'https://media.rawg.io/media/games/48c/48cb04ca483be865e3a83119c94e6097.jpg'}]","[{'id': 31, 'name': 'Singleplayer', 'slug': 'singleplayer', 'language': 'eng', 'games_count': 238404, 'image_background': 'https://media.rawg.io/media/games/26d/26d4437715bee60138dab4a7c8c59c92.jpg'}]","[{'id': 19457, 'name': 'Starpath', 'slug': 'starpath', 'games_count': 4, 'image_background': 'https://media.rawg.io/media/screenshots/3ab/3abaafd8c4014bd052931cc0e486cd69.jpg'}]",,,"Phaser Patrol, written by Dennis Caswell, is the first numbered release by Starpath Corporation for the Atari 2600. It was originally distributed as the pack-in game for the Starpath Supercharger in 1982. The game simulates a space flight in which the player must pilot a ship to destroy the Dracon invaders.",,6.0,2.0,2.0,1.0,,,,,,,,,0.0,,,,
52449,realsports-football,RealSports Football,RealSports Football,"<p>RealSports Football is a 1982 football video game made by Atari for the Atari 2600, Atari 5200 and Atari 8-bit computer platforms.</p>
<p>RealSports Football presents a greatly simplified version of football for play. Players in the game cannot go out of bounds or fumble the football, and there are no penalties in the game. Also, touchdowns automatically score 7 points; there is no kicking for extra points.</p>",,[],1982-01-01,False,2019-08-28T22:02:37,https://media.rawg.io/media/screenshots/d84/d841294c7ba56daf3e32b447b6a0f2a9.jpg,https://media.rawg.io/media/screenshots/00e/00ed07eeea7f235912c27d29248462c4.jpg,,0.0,0,"[{'id': 3, 'title': 'meh', 'count': 1, 'percent': 100.0}]",11,0,9,0,1,0,0,,,,,0,0,0,0,1,91,[],,0,0,0,,1,0f0f0f,0f0f0f,"[{'platform': {'id': 9, 'name': 'Atari', 'slug': 'atari'}}]","[{'platform': {'id': 25, 'name': 'Atari 8-bit', 'slug': 'atari-8-bit', 'image': None, 'year_end': None, 'year_start': None, 'games_count': 308, 'image_background': 'https://media.rawg.io/media/screenshots/038/0385a47d3a43b218204268af5361a19e.jpg'}, 'released_at': '1982-01-01', 'requirements': {}}, {'platform': {'id': 23, 'name': 'Atari 2600', 'slug': 'atari-2600', 'image': None, 'year_end': None, 'year_start': None, 'games_count': 294, 'image_background': 'https://media.rawg.io/media/screenshots/ff6/ff623993a854663931c1e78d72a16a5a.jpg'}, 'released_at': '1982-01-01', 'requirements': {}}, {'platform': {'id': 31, 'name': 'Atari 5200', 'slug': 'atari-5200', 'image': None, 'year_end': None, 'year_start': None, 'games_count': 64, 'image_background': 'https://media.rawg.io/media/screenshots/678/6786598cba3939d48ed60cbd1a3723f4.jpg'}, 'released_at': '1982-01-01', 'requirements': {}}]",[],"[{'id': 656, 'name': 'Atari', 'slug': 'atari', 'games_count': 137, 'image_background': 'https://media.rawg.io/media/games/0d2/0d2d6f345cd77639d65a235cb7dd0a21.jpg'}]","[{'id': 15, 'name': 'Sports', 'slug': 'sports', 'games_count': 22123, 'image_background': 'https://media.rawg.io/media/games/5eb/5eb49eb2fa0738fdb5bacea557b1bc57.jpg'}]","[{'id': 31, 'name': 'Singleplayer', 'slug': 'singleplayer', 'language': 'eng', 'games_count': 238404, 'image_background': 'https://media.rawg.io/media/games/26d/26d4437715bee60138dab4a7c8c59c92.jpg'}, {'id': 7, 'name': 'Multiplayer', 'slug': 'multiplayer', 'language': 'eng', 'games_count': 40505, 'image_background': 'https://media.rawg.io/media/games/021/021c4e21a1824d2526f925eff6324653.jpg'}]","[{'id': 1779, 'name': 'Atari', 'slug': 'atari', 'games_count': 507, 'image_background': 'https://media.rawg.io/media/games/d82/d82dbcf92ded452bf8c6fb1bbdd62e52.jpg'}]",,,"RealSports Football is a 1982 football video game made by Atari for the Atari 2600, Atari 5200 and Atari 8-bit computer platforms.
RealSports Football presents a greatly simplified version of football for play. Players in the game cannot go out of bounds or fumble the football, and there are no penalties in the game. Also, touchdowns automatically score 7 points; there is no kicking for extra points.",,5.0,3.0,2.0,1.0,,,,,,,,,0.0,,,,
52516,eggomania,Eggomania,Eggomania,"<p>Eggomania is an action video game released in 1982 by US Games for the Atari 2600. The objective of the game is to catch eggs in a hat which are thrown by a chicken without letting any of the eggs hit the ground and break. At the end of each round, the player has a chance to throw the eggs that they have caught back at the chicken in order to win bonus points. The speed of the game increases as the player progresses. The game has two difficulties in which the easier variation gives the player a larger hat to use to catch the eggs.</p>",,[],1982-01-01,False,2019-01-09T12:41:06,https://media.rawg.io/media/screenshots/e3b/e3bad10eac38d943834b5f7293163108.jpg,https://media.rawg.io/media/screenshots/abf/abf270c66eb44d368b6632736b3cebb7.jpg,,0.0,0,"[{'id': 3, 'title': 'meh', 'count': 2, 'percent': 100.0}]",11,0,4,0,3,0,0,,,,,0,0,0,0,1,28,[],,0,0,0,,2,0f0f0f,0f0f0f,"[{'platform': {'id': 9, 'name': 'Atari', 'slug': 'atari'}}]","[{'platform': {'id': 23, 'name': 'Atari 2600', 'slug': 'atari-2600', 'image': None, 'year_end': None, 'year_start': None, 'games_count': 294, 'image_background': 'https://media.rawg.io/media/screenshots/ff6/ff623993a854663931c1e78d72a16a5a.jpg'}, 'released_at': '1982-01-01', 'requirements': {}}]",[],"[{'id': 25977, 'name': 'US Games', 'slug': 'us-games', 'games_count': 4, 'image_background': 'https://media.rawg.io/media/screenshots/856/856f28489d553e694bbdead5f25b9559.jpg'}]","[{'id': 4, 'name': 'Action', 'slug': 'action', 'games_count': 186608, 'image_background': 'https://media.rawg.io/media/games/618/618c2031a07bbff6b4f611f10b6bcdbc.jpg'}]","[{'id': 7, 'name': 'Multiplayer', 'slug': 'multiplayer', 'language': 'eng', 'games_count': 40505, 'image_background': 'https://media.rawg.io/media/games/021/021c4e21a1824d2526f925eff6324653.jpg'}, {'id': 369, 'name': '1-4 Players', 'slug': '1-4-players', 'language': 'eng', 'games_count': 1, 'image_background': 'https://media.rawg.io/media/screenshots/e3b/e3bad10eac38d943834b5f7293163108.jpg'}]","[{'id': 19458, 'name': 'US Games', 'slug': 'us-games', 'games_count': 5, 'image_background': 'https://media.rawg.io/media/screenshots/2ee/2ee6585691ad82e052617c9beb8b0806.jpg'}]",,,"Eggomania is an action video game released in 1982 by US Games for the Atari 2600. The objective of the game is to catch eggs in a hat which are thrown by a chicken without letting any of the eggs hit the ground and break. At the end of each round, the player has a chance to throw the eggs that they have caught back at the chicken in order to win bonus points. The speed of the game increases as the player progresses. The game has two difficulties in which the easier variation gives the player a larger hat to use to catch the eggs.",,6.0,2.0,2.0,1.0,,,,,,,,,0.0,,,,
52520,dragonfire,Dragonfire,Dragonfire,"<p>Dragonfire is a 1982 video game written by Bob Smith and published by Imagic. The player grabs treasure guarded by a dragon while avoiding fireballs. It was originally released for the Atari 2600 then ported to the Intellivision, VIC-20, Commodore 64, Apple II, ZX Spectrum, ColecoVision, and Tandy Color Computer.</p>
<p>The game's source code was made available as public domain software by developer Bob Smith on May 24, 2003.</p>",,[],1982-05-21,False,2019-08-28T22:26:59,https://media.rawg.io/media/screenshots/d83/d83d732da30f7eb9d5fada4f55e4be7f.jpg,https://media.rawg.io/media/screenshots/c30/c303e8e6e5ebe49d166a9ca9e16145f2.jpg,,0.0,0,"[{'id': 3, 'title': 'meh', 'count': 2, 'percent': 100.0}]",11,0,16,0,1,0,0,,,,,0,0,0,0,1,149,[],,0,0,0,,2,0f0f0f,0f0f0f,"[{'platform': {'id': 5, 'name': 'Apple Macintosh', 'slug': 'mac'}}, {'platform': {'id': 9, 'name': 'Atari', 'slug': 'atari'}}, {'platform': {'id': 10, 'name': 'Commodore / Amiga', 'slug': 'commodore-amiga'}}]","[{'platform': {'id': 41, 'name': 'Apple II', 'slug': 'apple-ii', 'image': None, 'year_end': None, 'year_start': None, 'games_count': 424, 'image_background': 'https://media.rawg.io/media/screenshots/3d2/3d2bb57b39e2efa39d1c385585b2ea8b.jpg'}, 'released_at': '1982-05-21', 'requirements': {}}, {'platform': {'id': 23, 'name': 'Atari 2600', 'slug': 'atari-2600', 'image': None, 'year_end': None, 'year_start': None, 'games_count': 294, 'image_background': 'https://media.rawg.io/media/screenshots/ff6/ff623993a854663931c1e78d72a16a5a.jpg'}, 'released_at': '1982-05-21', 'requirements': {}}, {'platform': {'id': 166, 'name': 'Commodore / Amiga', 'slug': 'commodore-amiga', 'image': None, 'year_end': None, 'year_start': None, 'games_count': 2083, 'image_background': 'https://media.rawg.io/media/games/cce/cce8bebe861f295003f5a9fe5b11233f.jpg'}, 'released_at': '1982-05-21', 'requirements': {}}]",[],"[{'id': 25963, 'name': 'Imagic', 'slug': 'imagic', 'games_count': 7, 'image_background': 'https://media.rawg.io/media/screenshots/d83/d83d732da30f7eb9d5fada4f55e4be7f.jpg'}]","[{'id': 4, 'name': 'Action', 'slug': 'action', 'games_count': 186608, 'image_background': 'https://media.rawg.io/media/games/618/618c2031a07bbff6b4f611f10b6bcdbc.jpg'}]","[{'id': 31, 'name': 'Singleplayer', 'slug': 'singleplayer', 'language': 'eng', 'games_count': 238404, 'image_background': 'https://media.rawg.io/media/games/26d/26d4437715bee60138dab4a7c8c59c92.jpg'}, {'id': 351, 'name': 'Two-player', 'slug': 'two-player', 'language': 'eng', 'games_count': 272, 'image_background': 'https://media.rawg.io/media/screenshots/1c1/1c1c7ba1dc364dc71e522acd045aa428.jpg'}]","[{'id': 19448, 'name': 'Imagic', 'slug': 'imagic', 'games_count': 11, 'image_background': 'https://media.rawg.io/media/screenshots/eda/edac741dcb6f107d04940f5813e84b66.jpg'}]",,,"Dragonfire is a 1982 video game written by Bob Smith and published by Imagic. The player grabs treasure guarded by a dragon while avoiding fireballs. It was originally released for the Atari 2600 then ported to the Intellivision, VIC-20, Commodore 64, Apple II, ZX Spectrum, ColecoVision, and Tandy Color Computer.
The game's source code was made available as public domain software by developer Bob Smith on May 24, 2003.",,6.0,2.0,2.0,1.0,,,,,,,,,0.0,,,,
56404,cosmic-crusader,Cosmic Crusader,Cosmic Crusader,"<p>Cosmic Crusader is a 1982 fixed shooter game for the IBM PC family of computers, programmed by Michael Abrash and published by Funtastic.</p>",,[],1982-01-01,False,2019-08-28T22:25:58,https://media.rawg.io/media/screenshots/494/49450ca4c33db893ee47acd752f9ab99.jpg,https://media.rawg.io/media/screenshots/f72/f728a4c5a3fc05c535ea6183e6a7fbb5.jpg,,0.0,0,"[{'id': 3, 'title': 'meh', 'count': 2, 'percent': 100.0}]",11,0,3,0,1,0,0,,,,,0,0,0,0,1,61,[],,0,0,0,,2,0f0f0f,0f0f0f,"[{'platform': {'id': 10, 'name': 'Commodore / Amiga', 'slug': 'commodore-amiga'}}]","[{'platform': {'id': 166, 'name': 'Commodore / Amiga', 'slug': 'commodore-amiga', 'image': None, 'year_end': None, 'year_start': None, 'games_count': 2083, 'image_background': 'https://media.rawg.io/media/games/cce/cce8bebe861f295003f5a9fe5b11233f.jpg'}, 'released_at': '1982-01-01', 'requirements': {}}]",[],"[{'id': 27423, 'name': 'Michael Abrash', 'slug': 'michael-abrash', 'games_count': 1, 'image_background': 'https://media.rawg.io/media/screenshots/494/49450ca4c33db893ee47acd752f9ab99.jpg'}]",[],"[{'id': 31, 'name': 'Singleplayer', 'slug': 'singleplayer', 'language': 'eng', 'games_count': 238404, 'image_background': 'https://media.rawg.io/media/games/26d/26d4437715bee60138dab4a7c8c59c92.jpg'}]","[{'id': 20515, 'name': 'Funtastic', 'slug': 'funtastic', 'games_count': 1, 'image_background': 'https://media.rawg.io/media/screenshots/494/49450ca4c33db893ee47acd752f9ab99.jpg'}]",,,"Cosmic Crusader is a 1982 fixed shooter game for the IBM PC family of computers, programmed by Michael Abrash and published by Funtastic.",,6.0,2.0,2.0,1.0,,,,,,,,,0.0,,,,
52572,reactor-1982,Reactor (1982),Reactor (1982),"<p>Reactor is a raster video arcade game released in 1982 by Gottlieb. The object of the game is to cool down the reactor core without being hurled by magnetism and repulsion by enemy swarms of nuclear particles. The game was ported to the Atari 2600 by Charlie Heath and published by Parker Brothers the same year.</p>
<p>Reactor was developed by Tim Skelly, who previously designed and programmed a series of vector graphics arcade games for Cinematronics, including Rip-Off. It was the first arcade game to credit the developer on the game's title screen.</p>",,[],1982-01-01,False,2019-08-28T22:02:33,https://media.rawg.io/media/screenshots/bb6/bb6dee70b7fddf36ddb90185c3920c74.jpg,https://media.rawg.io/media/screenshots/c2c/c2c4a9c01f54f16dbbe6de0607ee62b0.jpg,,0.0,0,"[{'id': 3, 'title': 'meh', 'count': 1, 'percent': 100.0}]",11,0,8,0,2,0,0,,,,,0,0,0,0,1,150,[],,0,0,0,,1,0f0f0f,0f0f0f,"[{'platform': {'id': 9, 'name': 'Atari', 'slug': 'atari'}}]","[{'platform': {'id': 23, 'name': 'Atari 2600', 'slug': 'atari-2600', 'image': None, 'year_end': None, 'year_start': None, 'games_count': 294, 'image_background': 'https://media.rawg.io/media/screenshots/ff6/ff623993a854663931c1e78d72a16a5a.jpg'}, 'released_at': '1982-01-01', 'requirements': {}}]",[],"[{'id': 25993, 'name': 'Gottlieb', 'slug': 'gottlieb', 'games_count': 2, 'image_background': 'https://media.rawg.io/media/screenshots/bb6/bb6dee70b7fddf36ddb90185c3920c74.jpg'}]","[{'id': 4, 'name': 'Action', 'slug': 'action', 'games_count': 186608, 'image_background': 'https://media.rawg.io/media/games/618/618c2031a07bbff6b4f611f10b6bcdbc.jpg'}]","[{'id': 31, 'name': 'Singleplayer', 'slug': 'singleplayer', 'language': 'eng', 'games_count': 238404, 'image_background': 'https://media.rawg.io/media/games/26d/26d4437715bee60138dab4a7c8c59c92.jpg'}, {'id': 7, 'name': 'Multiplayer', 'slug': 'multiplayer', 'language': 'eng', 'games_count': 40505, 'image_background': 'https://media.rawg.io/media/games/021/021c4e21a1824d2526f925eff6324653.jpg'}, {'id': 418, 'name': '2 players', 'slug': '2-players', 'language': 'eng', 'games_count': 1244, 'image_background': 'https://media.rawg.io/media/screenshots/f9a/f9ac59bb4af2ca2193ee9ffb979577cf.jpg'}, {'id': 348, 'name': 'alternating turns', 'slug': 'alternating-turns', 'language': 'eng', 'games_count': 64, 'image_background': 'https://media.rawg.io/media/games/6f8/6f8fb1e98393f72b47f1f909d5b649d4.jpg'}]","[{'id': 19460, 'name': 'Parker Brothers', 'slug': 'parker-brothers', 'games_count': 19, 'image_background': 'https://media.rawg.io/media/screenshots/c06/c06937e1c4e9a46874dcf2223de70593.jpg'}, {'id': 19481, 'name': 'Gottlieb', 'slug': 'gottlieb', 'games_count': 3, 'image_background': 'https://media.rawg.io/media/screenshots/b9f/b9f3c45ee168f8a4e03d9036c72aa7b6.jpg'}]",,,"Reactor is a raster video arcade game released in 1982 by Gottlieb. The object of the game is to cool down the reactor core without being hurled by magnetism and repulsion by enemy swarms of nuclear particles. The game was ported to the Atari 2600 by Charlie Heath and published by Parker Brothers the same year.
Reactor was developed by Tim Skelly, who previously designed and programmed a series of vector graphics arcade games for Cinematronics, including Rip-Off. It was the first arcade game to credit the developer on the game's title screen.",,6.0,2.0,2.0,1.0,,,,,,,,,0.0,,,,
52541,karate,Karate,Karate,"<p>Karate is a video game for the Atari 2600 originally published by Ultravision in 1982 for NTSC systems, then re-released in the latter half of the 1980s by Froggo. Supposedly the game was designed by black belt Joseph Amelio. Digital Press chose Karate as one of the worst Atari 2600 games of all time.</p>",,[],1982-01-01,False,2019-08-28T22:02:34,https://media.rawg.io/media/screenshots/b00/b00f7a705dbf609dcb9645cbd07063cd.jpg,https://media.rawg.io/media/screenshots/59f/59f3ded0e5a7d6b9bce0cb425792e2b3.jpg,,0.0,0,"[{'id': 3, 'title': 'meh', 'count': 1, 'percent': 100.0}]",11,0,4,0,0,0,0,,,,,0,0,0,0,1,36,[],,0,0,0,,1,0f0f0f,0f0f0f,"[{'platform': {'id': 9, 'name': 'Atari', 'slug': 'atari'}}]","[{'platform': {'id': 23, 'name': 'Atari 2600', 'slug': 'atari-2600', 'image': None, 'year_end': None, 'year_start': None, 'games_count': 294, 'image_background': 'https://media.rawg.io/media/screenshots/ff6/ff623993a854663931c1e78d72a16a5a.jpg'}, 'released_at': '1982-01-01', 'requirements': {}}]",[],"[{'id': 25982, 'name': 'UltraVision', 'slug': 'ultravision', 'games_count': 1, 'image_background': 'https://media.rawg.io/media/screenshots/b00/b00f7a705dbf609dcb9645cbd07063cd.jpg'}]","[{'id': 6, 'name': 'Fighting', 'slug': 'fighting', 'games_count': 11763, 'image_background': 'https://media.rawg.io/media/games/35b/35b47c4d85cd6e08f3e2ca43ea5ce7bb.jpg'}]","[{'id': 31, 'name': 'Singleplayer', 'slug': 'singleplayer', 'language': 'eng', 'games_count': 238404, 'image_background': 'https://media.rawg.io/media/games/26d/26d4437715bee60138dab4a7c8c59c92.jpg'}, {'id': 351, 'name': 'Two-player', 'slug': 'two-player', 'language': 'eng', 'games_count': 272, 'image_background': 'https://media.rawg.io/media/screenshots/1c1/1c1c7ba1dc364dc71e522acd045aa428.jpg'}]","[{'id': 19470, 'name': 'Froggo', 'slug': 'froggo', 'games_count': 2, 'image_background': 'https://media.rawg.io/media/screenshots/b00/b00f7a705dbf609dcb9645cbd07063cd.jpg'}, {'id': 19469, 'name': 'UltraVision', 'slug': 'ultravision', 'games_count': 1, 'image_background': 'https://media.rawg.io/media/screenshots/b00/b00f7a705dbf609dcb9645cbd07063cd.jpg'}]",,,"Karate is a video game for the Atari 2600 originally published by Ultravision in 1982 for NTSC systems, then re-released in the latter half of the 1980s by Froggo. Supposedly the game was designed by black belt Joseph Amelio. Digital Press chose Karate as one of the worst Atari 2600 games of all time.",,6.0,2.0,2.0,1.0,,,,,,,,,0.0,,,,
56514,bagman,Bagman,Bagman,"<p>Bagman is a platform arcade game released by Valadon Automation in 1982. It was licensed to Stern for U.S. distribution the same year. In France and Japan, the game is titled Le Bagnard. Bagman was followed-up with Super Bagman in 1984.</p>",,[],1982-01-01,False,2019-08-28T22:25:57,https://media.rawg.io/media/screenshots/eb0/eb07fce1ff284ef6ef467de297fb7f90.jpg,https://media.rawg.io/media/screenshots/3a8/3a862badf57529085ad003ae0359a628.jpg,,0.0,0,"[{'id': 3, 'title': 'meh', 'count': 2, 'percent': 100.0}]",11,0,7,0,0,0,0,,,,,0,0,0,0,1,101,[],,0,0,0,,2,0f0f0f,0f0f0f,"[{'platform': {'id': 10, 'name': 'Commodore / Amiga', 'slug': 'commodore-amiga'}}]","[{'platform': {'id': 166, 'name': 'Commodore / Amiga', 'slug': 'commodore-amiga', 'image': None, 'year_end': None, 'year_start': None, 'games_count': 2083, 'image_background': 'https://media.rawg.io/media/games/cce/cce8bebe861f295003f5a9fe5b11233f.jpg'}, 'released_at': '1982-01-01', 'requirements': {}}]",[],"[{'id': 27461, 'name': 'Valadon Automation', 'slug': 'valadon-automation', 'games_count': 1, 'image_background': 'https://media.rawg.io/media/screenshots/eb0/eb07fce1ff284ef6ef467de297fb7f90.jpg'}]",[],"[{'id': 31, 'name': 'Singleplayer', 'slug': 'singleplayer', 'language': 'eng', 'games_count': 238404, 'image_background': 'https://media.rawg.io/media/games/26d/26d4437715bee60138dab4a7c8c59c92.jpg'}]","[{'id': 20543, 'name': 'Valadon Automation', 'slug': 'valadon-automation', 'games_count': 1, 'image_background': 'https://media.rawg.io/media/screenshots/eb0/eb07fce1ff284ef6ef467de297fb7f90.jpg'}]",,,"Bagman is a platform arcade game released by Valadon Automation in 1982. It was licensed to Stern for U.S. distribution the same year. In France and Japan, the game is titled Le Bagnard. Bagman was followed-up with Super Bagman in 1984.",,6.0,2.0,2.0,1.0,,,,,,,,,0.0,,,,
52907,eliminator-1982,Eliminator (1982),Eliminator (1982),"<p>Eliminator is a multi-directional shooter space combat game, created and released by Sega/Gremlin in 1981. This space shooter game, which was similar to the monochrome Star Castle, was notable for its color vector graphics, and for allowing cooperative as well as competitive multiplayer gameplay. It is the only four-player vector game ever made.</p>",,[],1982-04-07,False,2019-01-09T12:41:06,https://media.rawg.io/media/screenshots/1c1/1c1c7ba1dc364dc71e522acd045aa428.jpg,https://media.rawg.io/media/screenshots/121/121b1095b69d00880c9d179fe6be134b.jpg,,0.0,0,"[{'id': 3, 'title': 'meh', 'count': 2, 'percent': 100.0}]",11,0,17,0,0,0,0,,,,,0,0,0,0,1,254,[],,0,0,0,,2,0f0f0f,0f0f0f,"[{'platform': {'id': 2, 'name': 'PlayStation', 'slug': 'playstation'}}, {'platform': {'id': 5, 'name': 'Apple Macintosh', 'slug': 'mac'}}, {'platform': {'id': 9, 'name': 'Atari', 'slug': 'atari'}}, {'platform': {'id': 10, 'name': 'Commodore / Amiga', 'slug': 'commodore-amiga'}}]","[{'platform': {'id': 27, 'name': 'PlayStation', 'slug': 'playstation1', 'image': None, 'year_end': None, 'year_start': None, 'games_count': 1679, 'image_background': 'https://media.rawg.io/media/games/96a/96a48ac7487d9db9179d83170afcb16a.jpg'}, 'released_at': '1982-04-07', 'requirements': {}}, {'platform': {'id': 41, 'name': 'Apple II', 'slug': 'apple-ii', 'image': None, 'year_end': None, 'year_start': None, 'games_count': 424, 'image_background': 'https://media.rawg.io/media/screenshots/3d2/3d2bb57b39e2efa39d1c385585b2ea8b.jpg'}, 'released_at': '1982-04-07', 'requirements': {}}, {'platform': {'id': 25, 'name': 'Atari 8-bit', 'slug': 'atari-8-bit', 'image': None, 'year_end': None, 'year_start': None, 'games_count': 308, 'image_background': 'https://media.rawg.io/media/screenshots/038/0385a47d3a43b218204268af5361a19e.jpg'}, 'released_at': '1982-04-07', 'requirements': {}}, {'platform': {'id': 34, 'name': 'Atari ST', 'slug': 'atari-st', 'image': None, 'year_end': None, 'year_start': None, 'games_count': 836, 'image_background': 'https://media.rawg.io/media/games/637/637d7dc2f44d0f6ddd3ee2c0b1366962.jpg'}, 'released_at': '1988-01-01', 'requirements': {}}, {'platform': {'id': 166, 'name': 'Commodore / Amiga', 'slug': 'commodore-amiga', 'image': None, 'year_end': None, 'year_start': None, 'games_count': 2083, 'image_background': 'https://media.rawg.io/media/games/cce/cce8bebe861f295003f5a9fe5b11233f.jpg'}, 'released_at': '1988-01-01', 'requirements': {}}]",[],"[{'id': 425, 'name': 'SEGA', 'slug': 'sega', 'games_count': 578, 'image_background': 'https://media.rawg.io/media/screenshots/845/84595759d06a7c5ed2eab76f623454f7.jpeg'}, {'id': 26154, 'name': 'Gremlin', 'slug': 'gremlin', 'games_count': 3, 'image_background': 'https://media.rawg.io/media/screenshots/888/888a2b581389e67f6130bc9ad0edf5dc.jpg'}, {'id': 26945, 'name': 'Linel', 'slug': 'linel', 'games_count': 1, 'image_background': 'https://media.rawg.io/media/screenshots/1c1/1c1c7ba1dc364dc71e522acd045aa428.jpg'}]",[],"[{'id': 418, 'name': '2 players', 'slug': '2-players', 'language': 'eng', 'games_count': 1244, 'image_background': 'https://media.rawg.io/media/screenshots/f9a/f9ac59bb4af2ca2193ee9ffb979577cf.jpg'}, {'id': 351, 'name': 'Two-player', 'slug': 'two-player', 'language': 'eng', 'games_count': 272, 'image_background': 'https://media.rawg.io/media/screenshots/1c1/1c1c7ba1dc364dc71e522acd045aa428.jpg'}]","[{'id': 3408, 'name': 'SEGA', 'slug': 'sega-2', 'games_count': 1262, 'image_background': 'https://media.rawg.io/media/games/be9/be9cf02720c9326e11d0fda14518554f.jpg'}, {'id': 19882, 'name': 'Hewson Consultants', 'slug': 'hewson-consultants', 'games_count': 19, 'image_background': 'https://media.rawg.io/media/screenshots/f8d/f8d83c0295a040005c54656cacd5868c.jpg'}, {'id': 19459, 'name': 'Gremlin', 'slug': 'gremlin', 'games_count': 6, 'image_background': 'https://media.rawg.io/media/screenshots/a69/a69fe5fa25704dfb5efd66083c14088c.jpg'}]",,,"Eliminator is a multi-directional shooter space combat game, created and released by Sega/Gremlin in 1981. This space shooter game, which was similar to the monochrome Star Castle, was notable for its color vector graphics, and for allowing cooperative as well as competitive multiplayer gameplay. It is the only four-player vector game ever made.",,6.0,2.0,2.0,1.0,,,,,,,,,0.0,,,,
52477,air-raid,Air Raid,Air Raid,"<p>Air Raid is a 1982 shoot 'em up published for the Atari 2600 by Men-A-Vision, the only game released by the company. The cartridge is a blue T-handle design with a picture of flying saucers attacking a futuristic city. It had extremely limited distribution, making it highly sought after by video game collectors.</p>
<p>The back of the box describes game play as follows: ""The quiet pre-dawn sky is suddenly filled with enemy bombers. Can you save Manhattan from your loan[sic] command post? You watch as the sky scrapers around you are reduced by each hit until, after 12 hits, nothing but rubble remains. You fire fast and furiously to protect the falling city. Can you withstand the deadly on slaught[sic]? With 8 variations of play this debut thrill packed action game by Men-a-Vision will bring many hours of exciting challenging play. Printed And Made in Taiwan. 1982, Men-a-Vision, L.A., Calif.""</p>",,[],1982-01-01,False,2019-08-28T22:02:36,https://media.rawg.io/media/screenshots/4c7/4c79517e8217fa1ad8da16f93c952c85.jpg,https://media.rawg.io/media/screenshots/b02/b0243edbe9883ac563204e41ee12e55d.jpg,,0.0,0,"[{'id': 3, 'title': 'meh', 'count': 2, 'percent': 100.0}]",11,0,8,0,0,0,0,,,,,0,0,0,0,1,54,[],,0,0,0,,2,0f0f0f,0f0f0f,"[{'platform': {'id': 9, 'name': 'Atari', 'slug': 'atari'}}]","[{'platform': {'id': 23, 'name': 'Atari 2600', 'slug': 'atari-2600', 'image': None, 'year_end': None, 'year_start': None, 'games_count': 294, 'image_background': 'https://media.rawg.io/media/screenshots/ff6/ff623993a854663931c1e78d72a16a5a.jpg'}, 'released_at': '1982-01-01', 'requirements': {}}]",[],"[{'id': 25956, 'name': 'Men-A-Vision', 'slug': 'men-a-vision', 'games_count': 1, 'image_background': 'https://media.rawg.io/media/screenshots/4c7/4c79517e8217fa1ad8da16f93c952c85.jpg'}]",[],"[{'id': 31, 'name': 'Singleplayer', 'slug': 'singleplayer', 'language': 'eng', 'games_count': 238404, 'image_background': 'https://media.rawg.io/media/games/26d/26d4437715bee60138dab4a7c8c59c92.jpg'}]","[{'id': 19439, 'name': 'Men-A-Vision', 'slug': 'men-a-vision', 'games_count': 1, 'image_background': 'https://media.rawg.io/media/screenshots/4c7/4c79517e8217fa1ad8da16f93c952c85.jpg'}]",,,"Air Raid is a 1982 shoot 'em up published for the Atari 2600 by Men-A-Vision, the only game released by the company. The cartridge is a blue T-handle design with a picture of flying saucers attacking a futuristic city. It had extremely limited distribution, making it highly sought after by video game collectors.
The back of the box describes game play as follows: ""The quiet pre-dawn sky is suddenly filled with enemy bombers. Can you save Manhattan from your loan[sic] command post? You watch as the sky scrapers around you are reduced by each hit until, after 12 hits, nothing but rubble remains. You fire fast and furiously to protect the falling city. Can you withstand the deadly on slaught[sic]? With 8 variations of play this debut thrill packed action game by Men-a-Vision will bring many hours of exciting challenging play. Printed And Made in Taiwan. 1982, Men-a-Vision, L.A., Calif.""",,6.0,2.0,2.0,1.0,,,,,,,,,0.0,,,,
54589,frenzy,Frenzy,Frenzy,<p>Frenzy was an arcade game published by Stern Electronics in 1982. It was a sequel to the hit 1980 arcade game Berzerk. It was ported to the ColecoVision and ZX Spectrum.</p>,,[],1982-01-01,False,2019-01-09T12:41:06,https://media.rawg.io/media/screenshots/3dc/3dce7613636613d5bf0422713da01074.jpg,https://media.rawg.io/media/screenshots/aa3/aa39bbe64b8a14e989a968034f2b088f.jpg,,0.0,0,"[{'id': 3, 'title': 'meh', 'count': 2, 'percent': 100.0}]",10,0,8,0,1,0,0,,,,,0,0,0,0,1,153,[],,0,0,0,,2,0f0f0f,0f0f0f,"[{'platform': {'id': 9, 'name': 'Atari', 'slug': 'atari'}}]","[{'platform': {'id': 28, 'name': 'Atari 7800', 'slug': 'atari-7800', 'image': None, 'year_end': None, 'year_start': None, 'games_count': 64, 'image_background': 'https://media.rawg.io/media/screenshots/565/56504b28b184dbc630a7de118e39d822.jpg'}, 'released_at': '1982-01-01', 'requirements': {}}]",[],"[{'id': 25934, 'name': 'Stern Electronics', 'slug': 'stern-electronics', 'games_count': 4, 'image_background': 'https://media.rawg.io/media/screenshots/418/4182c4436064da31c2bccb3f015bbb71.jpg'}, {'id': 25935, 'name': 'Stern', 'slug': 'stern', 'games_count': 4, 'image_background': 'https://media.rawg.io/media/screenshots/a2a/a2a2793ad822a494493773fa50c0060a.jpg'}]",[],"[{'id': 418, 'name': '2 players', 'slug': '2-players', 'language': 'eng', 'games_count': 1244, 'image_background': 'https://media.rawg.io/media/screenshots/f9a/f9ac59bb4af2ca2193ee9ffb979577cf.jpg'}, {'id': 348, 'name': 'alternating turns', 'slug': 'alternating-turns', 'language': 'eng', 'games_count': 64, 'image_background': 'https://media.rawg.io/media/games/6f8/6f8fb1e98393f72b47f1f909d5b649d4.jpg'}]","[{'id': 19406, 'name': 'Stern', 'slug': 'stern', 'games_count': 6, 'image_background': 'https://media.rawg.io/media/screenshots/6af/6afe09f5c31b351db93e10b87b3ab112.jpg'}, {'id': 19405, 'name': 'Stern Electronics', 'slug': 'stern-electronics', 'games_count': 4, 'image_background': 'https://media.rawg.io/media/screenshots/3dc/3dce7613636613d5bf0422713da01074.jpg'}]",,,Frenzy was an arcade game published by Stern Electronics in 1982. It was a sequel to the hit 1980 arcade game Berzerk. It was ported to the ColecoVision and ZX Spectrum.,,5.0,2.0,2.0,1.0,,,,,,,,,0.0,,,,
52501,communist-mutants-from-space,Communist Mutants from Space,Communist Mutants from Space,<p>Communist Mutants from Space is a fixed shooter video game created in 1982 by Starpath (formerly known as Arcadia) for the Atari 2600 home video game console and the Starpath Supercharger cassette accessory.</p>,,[],1982-01-01,False,2019-08-28T22:02:35,https://media.rawg.io/media/screenshots/85e/85eca09049b98434d86d495eeb9d5a5f.jpg,https://media.rawg.io/media/screenshots/9ac/9acde3a81b47d1157fb71ce6beee10b8.jpg,,0.0,0,"[{'id': 3, 'title': 'meh', 'count': 2, 'percent': 100.0}]",10,0,5,0,0,0,0,,,,,0,0,0,0,1,55,[],,0,0,0,,2,0f0f0f,0f0f0f,"[{'platform': {'id': 9, 'name': 'Atari', 'slug': 'atari'}}]","[{'platform': {'id': 23, 'name': 'Atari 2600', 'slug': 'atari-2600', 'image': None, 'year_end': None, 'year_start': None, 'games_count': 294, 'image_background': 'https://media.rawg.io/media/screenshots/ff6/ff623993a854663931c1e78d72a16a5a.jpg'}, 'released_at': '1982-01-01', 'requirements': {}}]",[],"[{'id': 25969, 'name': 'Starpath', 'slug': 'starpath', 'games_count': 5, 'image_background': 'https://media.rawg.io/media/screenshots/85e/85eca09049b98434d86d495eeb9d5a5f.jpg'}]",[],"[{'id': 31, 'name': 'Singleplayer', 'slug': 'singleplayer', 'language': 'eng', 'games_count': 238404, 'image_background': 'https://media.rawg.io/media/games/26d/26d4437715bee60138dab4a7c8c59c92.jpg'}]",[],,,Communist Mutants from Space is a fixed shooter video game created in 1982 by Starpath (formerly known as Arcadia) for the Atari 2600 home video game console and the Starpath Supercharger cassette accessory.,,6.0,1.0,2.0,1.0,,,,,,,,,0.0,,,,
376902,alien-1982,Alien (1982),Alien (1982),"<p>Alien (1982) is an adventure game. It was originally released in 1982. Most rawgers rated the game as ""Meh"". <br>Alien (1982) is available on PC. </p>

<p></p>",,[],1982-02-01,False,2023-02-08T10:52:01,https://media.rawg.io/media/screenshots/e19/e199a6df4da9213586e34acc979edf87.jpg,,,0.0,0,"[{'id': 3, 'title': 'meh', 'count': 2, 'percent': 100.0}]",10,0,1,0,0,0,0,,,,,0,0,0,0,1,59,[],,0,0,0,,2,0f0f0f,0f0f0f,"[{'platform': {'id': 1, 'name': 'PC', 'slug': 'pc'}}]","[{'platform': {'id': 4, 'name': 'PC', 'slug': 'pc', 'image': None, 'year_end': None, 'year_start': None, 'games_count': 547195, 'image_background': 'https://media.rawg.io/media/games/021/021c4e21a1824d2526f925eff6324653.jpg'}, 'released_at': '1982-02-01', 'requirements': {}}]",[],[],"[{'id': 3, 'name': 'Adventure', 'slug': 'adventure', 'games_count': 146480, 'image_background': 'https://media.rawg.io/media/games/562/562553814dd54e001a541e4ee83a591c.jpg'}]",[],[],,,,1.0,6.0,1.0,1.0,1.0,,,,,,,,,0.0,,,,
52608,tax-avoiders,Tax Avoiders,Tax Avoiders,"<p>Tax Avoiders is a single-player video game for the Atari 2600 released in 1982. It was conceived by Darrell Wagner at Dunhill Electronics; he was billed on the packaging as a ""Licensed Tax Consultant and former IRS Revenue Agent"". The game was developed by Todd Clark Holm, ""an independant (sic) investment advisor, registered with the S.E.C."". Game designed by John Simonds and published by American Videogame.</p>",,[],1982-01-01,False,2019-08-28T22:02:32,https://media.rawg.io/media/screenshots/1d7/1d7cae169e316498be3b45d61396da60.jpg,https://media.rawg.io/media/screenshots/9d3/9d37144596df0e57d0ba733f514d0ed6.jpg,,0.0,0,"[{'id': 3, 'title': 'meh', 'count': 1, 'percent': 100.0}]",10,0,2,0,1,0,0,,,,,0,0,0,0,1,13,[],,0,0,0,,1,0f0f0f,0f0f0f,"[{'platform': {'id': 9, 'name': 'Atari', 'slug': 'atari'}}]","[{'platform': {'id': 23, 'name': 'Atari 2600', 'slug': 'atari-2600', 'image': None, 'year_end': None, 'year_start': None, 'games_count': 294, 'image_background': 'https://media.rawg.io/media/screenshots/ff6/ff623993a854663931c1e78d72a16a5a.jpg'}, 'released_at': '1982-01-01', 'requirements': {}}]",[],"[{'id': 26004, 'name': 'Dunhill Electronics', 'slug': 'dunhill-electronics', 'games_count': 1, 'image_background': 'https://media.rawg.io/media/screenshots/1d7/1d7cae169e316498be3b45d61396da60.jpg'}]","[{'id': 4, 'name': 'Action', 'slug': 'action', 'games_count': 186608, 'image_background': 'https://media.rawg.io/media/games/618/618c2031a07bbff6b4f611f10b6bcdbc.jpg'}]","[{'id': 31, 'name': 'Singleplayer', 'slug': 'singleplayer', 'language': 'eng', 'games_count': 238404, 'image_background': 'https://media.rawg.io/media/games/26d/26d4437715bee60138dab4a7c8c59c92.jpg'}]","[{'id': 19495, 'name': 'American Videogame', 'slug': 'american-videogame', 'games_count': 1, 'image_background': 'https://media.rawg.io/media/screenshots/1d7/1d7cae169e316498be3b45d61396da60.jpg'}]",,,"Tax Avoiders is a single-player video game for the Atari 2600 released in 1982. It was conceived by Darrell Wagner at Dunhill Electronics; he was billed on the packaging as a ""Licensed Tax Consultant and former IRS Revenue Agent"". The game was developed by Todd Clark Holm, ""an independant (sic) investment advisor, registered with the S.E.C."". Game designed by John Simonds and published by American Videogame.",,5.0,2.0,2.0,1.0,,,,,,,,,0.0,,,,
56666,nautilus,Nautilus,Nautilus,"<p>Nautilus is a 1982 computer game for the Atari 8-bit series created by Mike Potter and distributed by Synapse Software. The players control a submarine, the Nautilus, or a destroyer, the Colossus, attempting to either destroy or rebuild an underwater city. The game is historically notable as the first to feature a ""split screen"" display to allow both players to move at the same time.</p>",,[],1982-01-01,False,2019-08-28T22:00:22,,,,0.0,0,"[{'id': 3, 'title': 'meh', 'count': 1, 'percent': 100.0}]",10,0,0,0,1,0,0,,,,,0,0,0,0,1,0,[],,0,0,0,,1,0f0f0f,0f0f0f,"[{'platform': {'id': 10, 'name': 'Commodore / Amiga', 'slug': 'commodore-amiga'}}]","[{'platform': {'id': 166, 'name': 'Commodore / Amiga', 'slug': 'commodore-amiga', 'image': None, 'year_end': None, 'year_start': None, 'games_count': 2083, 'image_background': 'https://media.rawg.io/media/games/cce/cce8bebe861f295003f5a9fe5b11233f.jpg'}, 'released_at': '1982-01-01', 'requirements': {}}]",[],[],"[{'id': 4, 'name': 'Action', 'slug': 'action', 'games_count': 186608, 'image_background': 'https://media.rawg.io/media/games/618/618c2031a07bbff6b4f611f10b6bcdbc.jpg'}]","[{'id': 31, 'name': 'Singleplayer', 'slug': 'singleplayer', 'language': 'eng', 'games_count': 238404, 'image_background': 'https://media.rawg.io/media/games/26d/26d4437715bee60138dab4a7c8c59c92.jpg'}, {'id': 7, 'name': 'Multiplayer', 'slug': 'multiplayer', 'language': 'eng', 'games_count': 40505, 'image_background': 'https://media.rawg.io/media/games/021/021c4e21a1824d2526f925eff6324653.jpg'}]","[{'id': 20192, 'name': 'Synapse Software', 'slug': 'synapse-software', 'games_count': 11, 'image_background': 'https://media.rawg.io/media/screenshots/7b5/7b5d23f65718fc508970819cccc7867c.jpg'}]",,,"Nautilus is a 1982 computer game for the Atari 8-bit series created by Mike Potter and distributed by Synapse Software. The players control a submarine, the Nautilus, or a destroyer, the Colossus, attempting to either destroy or rebuild an underwater city. The game is historically notable as the first to feature a ""split screen"" display to allow both players to move at the same time.",,5.0,2.0,2.0,1.0,,,,,,,,,0.0,,,,
56328,aztec,Aztec,Aztec,"<p>Aztec is an action-adventure game, created by Paul Stephenson for the Apple II and published by Datamost in 1982. It was later ported to the Atari 8-bit family and the Commodore 64.</p>",,[],1982-01-01,False,2019-08-28T22:25:59,https://media.rawg.io/media/screenshots/ade/ade62665a2086f14250da4ebecf26a9a.jpg,https://media.rawg.io/media/screenshots/68d/68d1b924d0839729258c6c088d34db85.jpg,,0.0,0,"[{'id': 3, 'title': 'meh', 'count': 2, 'percent': 100.0}]",10,0,8,0,0,0,0,,,,,0,0,0,0,1,320,[],,0,0,0,,2,0f0f0f,0f0f0f,"[{'platform': {'id': 5, 'name': 'Apple Macintosh', 'slug': 'mac'}}, {'platform': {'id': 9, 'name': 'Atari', 'slug': 'atari'}}, {'platform': {'id': 10, 'name': 'Commodore / Amiga', 'slug': 'commodore-amiga'}}]","[{'platform': {'id': 166, 'name': 'Commodore / Amiga', 'slug': 'commodore-amiga', 'image': None, 'year_end': None, 'year_start': None, 'games_count': 2083, 'image_background': 'https://media.rawg.io/media/games/cce/cce8bebe861f295003f5a9fe5b11233f.jpg'}, 'released_at': '1982-01-01', 'requirements': {}}, {'platform': {'id': 41, 'name': 'Apple II', 'slug': 'apple-ii', 'image': None, 'year_end': None, 'year_start': None, 'games_count': 424, 'image_background': 'https://media.rawg.io/media/screenshots/3d2/3d2bb57b39e2efa39d1c385585b2ea8b.jpg'}, 'released_at': '1982-01-01', 'requirements': {}}, {'platform': {'id': 25, 'name': 'Atari 8-bit', 'slug': 'atari-8-bit', 'image': None, 'year_end': None, 'year_start': None, 'games_count': 308, 'image_background': 'https://media.rawg.io/media/screenshots/038/0385a47d3a43b218204268af5361a19e.jpg'}, 'released_at': '1982-01-01', 'requirements': {}}]",[],"[{'id': 27381, 'name': 'Paul Stephenson', 'slug': 'paul-stephenson', 'games_count': 1, 'image_background': 'https://media.rawg.io/media/screenshots/ade/ade62665a2086f14250da4ebecf26a9a.jpg'}]",[],"[{'id': 31, 'name': 'Singleplayer', 'slug': 'singleplayer', 'language': 'eng', 'games_count': 238404, 'image_background': 'https://media.rawg.io/media/games/26d/26d4437715bee60138dab4a7c8c59c92.jpg'}]","[{'id': 20488, 'name': 'Datamost', 'slug': 'datamost', 'games_count': 4, 'image_background': 'https://media.rawg.io/media/screenshots/006/006b69f10a85b7cd2bbb9a302d010ce8.jpg'}]",,,"Aztec is an action-adventure game, created by Paul Stephenson for the Apple II and published by Datamost in 1982. It was later ported to the Atari 8-bit family and the Commodore 64.",,6.0,1.0,2.0,1.0,,,,,,,,,0.0,,,,
58051,the-pit,The Pit,The Pit,"<p>The Pit is a 1982 action/strategy video game developed by AW Electronics, published by Centuri in the United States, Taito in Japan, and Zilec/Zenitone in the UK. The objective of The Pit is to descend into an underground labyrinth, retrieve a gem, and escape.</p>
<p>A game similar to The Pit programmed by Chris Gray inspired Peter Liepa to create Boulder Dash.</p>",,[],1982-01-01,False,2019-01-09T12:41:06,https://media.rawg.io/media/screenshots/fca/fcaf68bd37992df9869cb138d1b7ff2e.jpg,https://media.rawg.io/media/screenshots/bca/bca4f577723fd50c9cadced90fca500e.jpg,,0.0,0,"[{'id': 3, 'title': 'meh', 'count': 1, 'percent': 100.0}]",10,0,8,0,1,0,0,,,,,0,0,0,0,1,122,[],,0,0,0,,1,0f0f0f,0f0f0f,"[{'platform': {'id': 10, 'name': 'Commodore / Amiga', 'slug': 'commodore-amiga'}}]","[{'platform': {'id': 166, 'name': 'Commodore / Amiga', 'slug': 'commodore-amiga', 'image': None, 'year_end': None, 'year_start': None, 'games_count': 2083, 'image_background': 'https://media.rawg.io/media/games/cce/cce8bebe861f295003f5a9fe5b11233f.jpg'}, 'released_at': '1982-01-01', 'requirements': {}}]",[],"[{'id': 27877, 'name': 'AW Electronics', 'slug': 'aw-electronics', 'games_count': 1, 'image_background': 'https://media.rawg.io/media/screenshots/fca/fcaf68bd37992df9869cb138d1b7ff2e.jpg'}]","[{'id': 4, 'name': 'Action', 'slug': 'action', 'games_count': 186608, 'image_background': 'https://media.rawg.io/media/games/618/618c2031a07bbff6b4f611f10b6bcdbc.jpg'}, {'id': 10, 'name': 'Strategy', 'slug': 'strategy', 'games_count': 59661, 'image_background': 'https://media.rawg.io/media/games/08b/08b2eee52a9876a48b955e5149affe5b.jpg'}]","[{'id': 418, 'name': '2 players', 'slug': '2-players', 'language': 'eng', 'games_count': 1244, 'image_background': 'https://media.rawg.io/media/screenshots/f9a/f9ac59bb4af2ca2193ee9ffb979577cf.jpg'}, {'id': 348, 'name': 'alternating turns', 'slug': 'alternating-turns', 'language': 'eng', 'games_count': 64, 'image_background': 'https://media.rawg.io/media/games/6f8/6f8fb1e98393f72b47f1f909d5b649d4.jpg'}]","[{'id': 10867, 'name': 'Taito', 'slug': 'taito', 'games_count': 200, 'image_background': 'https://media.rawg.io/media/games/541/541de539db14b477a5ae9973f6ea8193.jpg'}, {'id': 19433, 'name': 'Centuri', 'slug': 'centuri', 'games_count': 7, 'image_background': 'https://media.rawg.io/media/screenshots/302/302194255e6214987be60ccbd726ccc2.jpg'}, {'id': 20851, 'name': 'Zilec/Zenitone', 'slug': 'zileczenitone', 'games_count': 1, 'image_background': 'https://media.rawg.io/media/screenshots/fca/fcaf68bd37992df9869cb138d1b7ff2e.jpg'}]",,,"The Pit is a 1982 action/strategy video game developed by AW Electronics, published by Centuri in the United States, Taito in Japan, and Zilec/Zenitone in the UK. The objective of The Pit is to descend into an underground labyrinth, retrieve a gem, and escape.
A game similar to The Pit programmed by Chris Gray inspired Peter Liepa to create Boulder Dash.",,5.0,2.0,2.0,1.0,,,,,,,,,0.0,,,,
56820,streets-of-london,Streets of London,Streets of London,<p>Streets of London is a text adventure game released for the Commodore 64 in 1983 by the British software publishers Supersoft. The game&#39;s humour is almost entirely derived from comedy troupe Monty Python (the games was originally released for the Commodore PET c1982 under the name Pythonesque but the publishers decided to rename it when releasing it for the Commodore 64).</p>,,[],1982-05-02,False,2019-08-28T22:00:17,https://media.rawg.io/media/screenshots/05c/05c10f0f9b13e01024d13bb042555def.jpg,https://media.rawg.io/media/screenshots/72b/72bc32db0da9835b5696be4de24e2725.jpg,,0.0,0,"[{'id': 3, 'title': 'meh', 'count': 1, 'percent': 100.0}]",10,0,4,0,0,0,0,,,,,0,0,0,0,1,25,[],,0,0,0,,1,0f0f0f,0f0f0f,"[{'platform': {'id': 10, 'name': 'Commodore / Amiga', 'slug': 'commodore-amiga'}}]","[{'platform': {'id': 166, 'name': 'Commodore / Amiga', 'slug': 'commodore-amiga', 'image': None, 'year_end': None, 'year_start': None, 'games_count': 2083, 'image_background': 'https://media.rawg.io/media/games/cce/cce8bebe861f295003f5a9fe5b11233f.jpg'}, 'released_at': '1982-05-02', 'requirements': {}}]",[],"[{'id': 27607, 'name': 'Allan Webb', 'slug': 'allan-webb', 'games_count': 1, 'image_background': 'https://media.rawg.io/media/screenshots/05c/05c10f0f9b13e01024d13bb042555def.jpg'}, {'id': 27608, 'name': 'Grant Privett', 'slug': 'grant-privett', 'games_count': 1, 'image_background': 'https://media.rawg.io/media/screenshots/05c/05c10f0f9b13e01024d13bb042555def.jpg'}]","[{'id': 3, 'name': 'Adventure', 'slug': 'adventure', 'games_count': 146481, 'image_background': 'https://media.rawg.io/media/games/b6b/b6b20bfc4b34e312dbc8aac53c95a348.jpg'}]","[{'id': 31, 'name': 'Singleplayer', 'slug': 'singleplayer', 'language': 'eng', 'games_count': 238404, 'image_background': 'https://media.rawg.io/media/games/26d/26d4437715bee60138dab4a7c8c59c92.jpg'}]","[{'id': 20616, 'name': 'Supersoft', 'slug': 'supersoft', 'games_count': 1, 'image_background': 'https://media.rawg.io/media/screenshots/05c/05c10f0f9b13e01024d13bb042555def.jpg'}]",,,Streets of London is a text adventure game released for the Commodore 64 in 1983 by the British software publishers Supersoft. The game's humour is almost entirely derived from comedy troupe Monty Python (the games was originally released for the Commodore PET c1982 under the name Pythonesque but the publishers decided to rename it when releasing it for the Commodore 64).,,5.0,2.0,2.0,1.0,,,,,,,,,0.0,,,,
52558,omega-race,Omega Race,Omega Race,"<p>Omega Race is an arcade game programmed by Ron Haliburton and released in 1981 by Midway. It is the only arcade game with vector graphics Midway created.</p>
<p>Omega Race was ported to the VIC-20 and Commodore 64 in 1982 and sold by Commodore. In 1983, a ColecoVision port was released by Coleco and an Atari 2600 version by CBS Electronics. The 2600 cartridge came bundled with a 2-button, ""booster grip"" controller.</p>",,[],1982-01-01,False,2019-08-28T22:02:34,https://media.rawg.io/media/screenshots/395/3958d76ebb7576ddb238119d2975dcf6.jpg,https://media.rawg.io/media/screenshots/7ae/7aec602494290d1ddaef38d4d23eab6e.jpg,,0.0,0,"[{'id': 3, 'title': 'meh', 'count': 1, 'percent': 100.0}]",10,0,8,0,0,0,0,,,,,0,0,0,0,1,148,[],,0,0,0,,1,0f0f0f,0f0f0f,"[{'platform': {'id': 9, 'name': 'Atari', 'slug': 'atari'}}, {'platform': {'id': 10, 'name': 'Commodore / Amiga', 'slug': 'commodore-amiga'}}]","[{'platform': {'id': 23, 'name': 'Atari 2600', 'slug': 'atari-2600', 'image': None, 'year_end': None, 'year_start': None, 'games_count': 294, 'image_background': 'https://media.rawg.io/media/screenshots/ff6/ff623993a854663931c1e78d72a16a5a.jpg'}, 'released_at': '1982-01-01', 'requirements': {}}, {'platform': {'id': 166, 'name': 'Commodore / Amiga', 'slug': 'commodore-amiga', 'image': None, 'year_end': None, 'year_start': None, 'games_count': 2083, 'image_background': 'https://media.rawg.io/media/games/cce/cce8bebe861f295003f5a9fe5b11233f.jpg'}, 'released_at': '1982-01-01', 'requirements': {}}]",[],"[{'id': 13149, 'name': 'Midway Games', 'slug': 'midway-games', 'games_count': 77, 'image_background': 'https://media.rawg.io/media/screenshots/529/5292fb5f3c458a027a1bb91540d22312.jpg'}]","[{'id': 11, 'name': 'Arcade', 'slug': 'arcade', 'games_count': 22658, 'image_background': 'https://media.rawg.io/media/games/556/556157feed9ee1f55f2b12b2973e30a3.jpg'}]","[{'id': 31, 'name': 'Singleplayer', 'slug': 'singleplayer', 'language': 'eng', 'games_count': 238404, 'image_background': 'https://media.rawg.io/media/games/26d/26d4437715bee60138dab4a7c8c59c92.jpg'}]","[{'id': 19428, 'name': 'Midway', 'slug': 'midway', 'games_count': 37, 'image_background': 'https://media.rawg.io/media/screenshots/74c/74c2816fc992384e2f5f2d63fafc22bf.jpg'}]",,,"Omega Race is an arcade game programmed by Ron Haliburton and released in 1981 by Midway. It is the only arcade game with vector graphics Midway created.
Omega Race was ported to the VIC-20 and Commodore 64 in 1982 and sold by Commodore. In 1983, a ColecoVision port was released by Coleco and an Atari 2600 version by CBS Electronics. The 2600 cartridge came bundled with a 2-button, ""booster grip"" controller.",,5.0,2.0,2.0,1.0,,,,,,,,,0.0,,,,
52514,dragonstomper,Dragonstomper,Dragonstomper,"<p>Dragonstomper is an Atari 2600 role-playing video game programmed by Stephen Landrum and published in 1982 by Starpath. It required the Starpath Supercharger peripheral.<br />
Dragonstomper follows the adventures of a dragon hunter who is given a quest by the king to defeat a dragon and reclaim a magical amulet that was stolen. The player makes his way over the countryside vanquishing various adversaries and gaining gold and experience. After gaining strength, the player enters a shop in an oppressed village where equipment can be purchased, soldiers hired, and special scrolls obtained to defeat the dragon in its lair. The final leg of the journey traverses into the dragon&#39;s lair where he must avoid a series of traps strewn throughout the cave and defeat the dragon.</p>",,[],1982-01-01,False,2022-03-08T06:42:28,https://media.rawg.io/media/screenshots/3ab/3abaafd8c4014bd052931cc0e486cd69.jpg,https://media.rawg.io/media/screenshots/bd6/bd67ab8330f82cb4b1dadea2adae56de.jpg,,0.0,0,"[{'id': 3, 'title': 'meh', 'count': 1, 'percent': 50.0}, {'id': 1, 'title': 'skip', 'count': 1, 'percent': 50.0}]",10,0,8,0,1,0,0,,,,,0,0,0,0,1,46,['Dragon Stomper'],,0,0,0,,2,0f0f0f,0f0f0f,"[{'platform': {'id': 9, 'name': 'Atari', 'slug': 'atari'}}]","[{'platform': {'id': 23, 'name': 'Atari 2600', 'slug': 'atari-2600', 'image': None, 'year_end': None, 'year_start': None, 'games_count': 294, 'image_background': 'https://media.rawg.io/media/screenshots/ff6/ff623993a854663931c1e78d72a16a5a.jpg'}, 'released_at': '1982-01-01', 'requirements': {}}]",[],"[{'id': 25969, 'name': 'Starpath', 'slug': 'starpath', 'games_count': 5, 'image_background': 'https://media.rawg.io/media/screenshots/85e/85eca09049b98434d86d495eeb9d5a5f.jpg'}]","[{'id': 5, 'name': 'RPG', 'slug': 'role-playing-games-rpg', 'games_count': 59370, 'image_background': 'https://media.rawg.io/media/games/f6b/f6bed028b02369d4cab548f4f9337e81.jpg'}]","[{'id': 31, 'name': 'Singleplayer', 'slug': 'singleplayer', 'language': 'eng', 'games_count': 238404, 'image_background': 'https://media.rawg.io/media/games/26d/26d4437715bee60138dab4a7c8c59c92.jpg'}]","[{'id': 19457, 'name': 'Starpath', 'slug': 'starpath', 'games_count': 4, 'image_background': 'https://media.rawg.io/media/screenshots/3ab/3abaafd8c4014bd052931cc0e486cd69.jpg'}]",,,"Dragonstomper is an Atari 2600 role-playing video game programmed by Stephen Landrum and published in 1982 by Starpath. It required the Starpath Supercharger peripheral.
Dragonstomper follows the adventures of a dragon hunter who is given a quest by the king to defeat a dragon and reclaim a magical amulet that was stolen. The player makes his way over the countryside vanquishing various adversaries and gaining gold and experience. After gaining strength, the player enters a shop in an oppressed village where equipment can be purchased, soldiers hired, and special scrolls obtained to defeat the dragon in its lair. The final leg of the journey traverses into the dragon's lair where he must avoid a series of traps strewn throughout the cave and defeat the dragon.",,5.0,2.0,2.0,1.0,,,,,,,,,0.0,,,,
56832,swoop,Swoop,Swoop,<p>Swoop is a clone of Galaxian written by David Elliot and published in the UK by Micro Power. It was first released on the BBC Micro in 1982 and ported to the Acorn Electron for its launch in 1983 and the Commodore 64 in 1984.</p>,,[],1982-01-01,False,2019-08-28T22:25:53,,,,0.0,0,"[{'id': 3, 'title': 'meh', 'count': 1, 'percent': 100.0}]",10,0,0,0,0,0,0,,,,,0,0,0,0,1,0,[],,0,0,0,,1,0f0f0f,0f0f0f,"[{'platform': {'id': 10, 'name': 'Commodore / Amiga', 'slug': 'commodore-amiga'}}]","[{'platform': {'id': 166, 'name': 'Commodore / Amiga', 'slug': 'commodore-amiga', 'image': None, 'year_end': None, 'year_start': None, 'games_count': 2083, 'image_background': 'https://media.rawg.io/media/games/cce/cce8bebe861f295003f5a9fe5b11233f.jpg'}, 'released_at': '1982-01-01', 'requirements': {}}]",[],"[{'id': 27613, 'name': 'David Elliot', 'slug': 'david-elliot', 'games_count': 3, 'image_background': 'https://media.rawg.io/media/screenshots/dd5/dd5cd3f895b445136a685bb723435e2c.jpg'}]",[],"[{'id': 31, 'name': 'Singleplayer', 'slug': 'singleplayer', 'language': 'eng', 'games_count': 238404, 'image_background': 'https://media.rawg.io/media/games/26d/26d4437715bee60138dab4a7c8c59c92.jpg'}]","[{'id': 20518, 'name': 'Micro Power', 'slug': 'micro-power', 'games_count': 5, 'image_background': 'https://media.rawg.io/media/screenshots/a72/a72e06b71a90e01dfd1dcfbc867d4813.jpg'}]",,,Swoop is a clone of Galaxian written by David Elliot and published in the UK by Micro Power. It was first released on the BBC Micro in 1982 and ported to the Acorn Electron for its launch in 1983 and the Commodore 64 in 1984.,,5.0,2.0,2.0,1.0,,,,,,,,,0.0,,,,
56449,dunzhin,Dunzhin,Dunzhin,"<p>Warrior of Ras: Volume I - Dunzhin is a fantasy role-playing video game developed by Med Systems Software. The game was released on the TRS-80 in 1982, then ported to the Apple II, Atari 8-bit family, Commodore 64, and IBM PC.</p>",,[],1982-01-01,False,2019-08-28T22:00:29,https://media.rawg.io/media/screenshots/669/6697037ded91f7d367e04ece4e6ede1d.jpg,https://media.rawg.io/media/screenshots/6da/6dabcdc35c3e28161793e5a96daabfa7.jpg,,0.0,0,"[{'id': 3, 'title': 'meh', 'count': 2, 'percent': 100.0}]",10,0,8,0,1,0,0,,,,,0,0,0,0,1,138,[],,0,0,0,,2,0f0f0f,0f0f0f,"[{'platform': {'id': 5, 'name': 'Apple Macintosh', 'slug': 'mac'}}, {'platform': {'id': 9, 'name': 'Atari', 'slug': 'atari'}}, {'platform': {'id': 10, 'name': 'Commodore / Amiga', 'slug': 'commodore-amiga'}}]","[{'platform': {'id': 166, 'name': 'Commodore / Amiga', 'slug': 'commodore-amiga', 'image': None, 'year_end': None, 'year_start': None, 'games_count': 2083, 'image_background': 'https://media.rawg.io/media/games/cce/cce8bebe861f295003f5a9fe5b11233f.jpg'}, 'released_at': '1982-01-01', 'requirements': {}}, {'platform': {'id': 41, 'name': 'Apple II', 'slug': 'apple-ii', 'image': None, 'year_end': None, 'year_start': None, 'games_count': 424, 'image_background': 'https://media.rawg.io/media/screenshots/3d2/3d2bb57b39e2efa39d1c385585b2ea8b.jpg'}, 'released_at': '1982-01-01', 'requirements': {}}, {'platform': {'id': 25, 'name': 'Atari 8-bit', 'slug': 'atari-8-bit', 'image': None, 'year_end': None, 'year_start': None, 'games_count': 308, 'image_background': 'https://media.rawg.io/media/screenshots/038/0385a47d3a43b218204268af5361a19e.jpg'}, 'released_at': '1982-01-01', 'requirements': {}}]",[],[],"[{'id': 5, 'name': 'RPG', 'slug': 'role-playing-games-rpg', 'games_count': 59370, 'image_background': 'https://media.rawg.io/media/games/f6b/f6bed028b02369d4cab548f4f9337e81.jpg'}]","[{'id': 31, 'name': 'Singleplayer', 'slug': 'singleplayer', 'language': 'eng', 'games_count': 238404, 'image_background': 'https://media.rawg.io/media/games/26d/26d4437715bee60138dab4a7c8c59c92.jpg'}]",[],,,"Warrior of Ras: Volume I - Dunzhin is a fantasy role-playing video game developed by Med Systems Software. The game was released on the TRS-80 in 1982, then ported to the Apple II, Atari 8-bit family, Commodore 64, and IBM PC.",,5.0,2.0,2.0,1.0,,,,,,,,,0.0,,,,
56619,lunar-leepers,Lunar Leepers,Lunar Leepers,"<p>Lunar Leepers, also released as Lunar Leeper, is a 1982 video game written by Chuck Bueche and published under Sierra On-Line's SierraVision label. It was released for the Apple II, Atari 8-bit family, Commodore 64, and VIC-20.</p>
<p>The Apple II version of the game was copy-protected using Sierra's Spiradisc system.</p>",,[],1982-01-01,False,2019-08-28T22:25:56,https://media.rawg.io/media/screenshots/632/632fb7f14a66c2ef2304cbd8cd2bb999.jpg,https://media.rawg.io/media/screenshots/8ff/8ff3c94b68876a8b23242054c456e95a.jpg,,0.0,0,"[{'id': 3, 'title': 'meh', 'count': 1, 'percent': 100.0}]",10,0,7,0,1,0,0,,,,,0,0,0,0,1,143,[],,0,0,0,,1,0f0f0f,0f0f0f,"[{'platform': {'id': 5, 'name': 'Apple Macintosh', 'slug': 'mac'}}, {'platform': {'id': 9, 'name': 'Atari', 'slug': 'atari'}}, {'platform': {'id': 10, 'name': 'Commodore / Amiga', 'slug': 'commodore-amiga'}}]","[{'platform': {'id': 166, 'name': 'Commodore / Amiga', 'slug': 'commodore-amiga', 'image': None, 'year_end': None, 'year_start': None, 'games_count': 2083, 'image_background': 'https://media.rawg.io/media/games/cce/cce8bebe861f295003f5a9fe5b11233f.jpg'}, 'released_at': '1982-01-01', 'requirements': {}}, {'platform': {'id': 41, 'name': 'Apple II', 'slug': 'apple-ii', 'image': None, 'year_end': None, 'year_start': None, 'games_count': 424, 'image_background': 'https://media.rawg.io/media/screenshots/3d2/3d2bb57b39e2efa39d1c385585b2ea8b.jpg'}, 'released_at': '1982-01-01', 'requirements': {}}, {'platform': {'id': 25, 'name': 'Atari 8-bit', 'slug': 'atari-8-bit', 'image': None, 'year_end': None, 'year_start': None, 'games_count': 308, 'image_background': 'https://media.rawg.io/media/screenshots/038/0385a47d3a43b218204268af5361a19e.jpg'}, 'released_at': '1982-01-01', 'requirements': {}}]",[],"[{'id': 26500, 'name': 'date', 'slug': 'date', 'games_count': 5, 'image_background': 'https://media.rawg.io/media/screenshots/c4a/c4af4a644703067f96618f13713dd51d.jpg'}, {'id': 27516, 'name': 'July 2016', 'slug': 'july-2016', 'games_count': 1, 'image_background': 'https://media.rawg.io/media/screenshots/632/632fb7f14a66c2ef2304cbd8cd2bb999.jpg'}]",[],"[{'id': 31, 'name': 'Singleplayer', 'slug': 'singleplayer', 'language': 'eng', 'games_count': 238404, 'image_background': 'https://media.rawg.io/media/games/26d/26d4437715bee60138dab4a7c8c59c92.jpg'}]","[{'id': 11434, 'name': 'Sierra On-Line', 'slug': 'sierra-on-line', 'games_count': 256, 'image_background': 'https://media.rawg.io/media/games/bc8/bc84784c2630f46ed2e675d0b4a59d62.jpg'}, {'id': 10887, 'name': 'Sierra Entertainment', 'slug': 'sierra-entertainment', 'games_count': 112, 'image_background': 'https://media.rawg.io/media/screenshots/058/058a71868ab884d1022023f21f2c6a47.jpg'}]",,,"Lunar Leepers, also released as Lunar Leeper, is a 1982 video game written by Chuck Bueche and published under Sierra On-Line's SierraVision label. It was released for the Apple II, Atari 8-bit family, Commodore 64, and VIC-20.
The Apple II version of the game was copy-protected using Sierra's Spiradisc system.",,5.0,2.0,2.0,1.0,,,,,,,,,0.0,,,,
58074,wacky-waiters,Wacky Waiters,Wacky Waiters,"<p>Wacky Waiters is a 1982 two-dimensional platform game for the Commodore VIC-20 home computer, published by Imagine Software.</p>",,[],1982-01-01,False,2019-08-28T21:59:35,https://media.rawg.io/media/screenshots/083/0835cbe5815eab54197c60ad003c529c.jpg,https://media.rawg.io/media/screenshots/d4e/d4eb9a163653675536632e865ddedff5.jpg,,0.0,0,"[{'id': 3, 'title': 'meh', 'count': 1, 'percent': 100.0}]",10,0,4,0,1,0,0,,,,,0,0,0,0,1,25,[],,0,0,0,,1,0f0f0f,0f0f0f,[],[],[],"[{'id': 27884, 'name': 'Imagine', 'slug': 'imagine', 'games_count': 14, 'image_background': 'https://media.rawg.io/media/screenshots/6c3/6c35c05999ac7fa84c3c43a2ccc9bf44.jpg'}, {'id': 27184, 'name': 'Imagine Software', 'slug': 'imagine-software', 'games_count': 4, 'image_background': 'https://media.rawg.io/media/screenshots/b0f/b0fae1bfdcf5f0400c06d67e8b960f75.jpg'}]",[],"[{'id': 31, 'name': 'Singleplayer', 'slug': 'singleplayer', 'language': 'eng', 'games_count': 238404, 'image_background': 'https://media.rawg.io/media/games/26d/26d4437715bee60138dab4a7c8c59c92.jpg'}]",[],,,"Wacky Waiters is a 1982 two-dimensional platform game for the Commodore VIC-20 home computer, published by Imagine Software.",,5.0,2.0,2.0,1.0,,,,,,,,,0.0,,,,
52517,escape-from-the-mindmaster,Escape from the Mindmaster,Escape from the Mindmaster,"<p>Escape from the MindMaster was a video game for the Starpath Supercharger addon for the Atari 2600 published in 1982 by Starpath.</p>
<p>Escape from the MindMaster utilizes a tape cassette through the Starpath Supercharger. This is used to bypass the 2K limitation of available memory in the Atari 2600. Each game has 6 levels, 2 levels per load, giving an effective total of 6K for each game, which allows for better graphics and more complicated gameplay than the average 2K cartridge. A port of this game for the Atari 7800 was planned, and a prototype version of the game was created, but these plans were shelved after Starpath merged with Epyx in 1984.</p>",,[],1982-01-01,False,2019-08-28T22:02:35,https://media.rawg.io/media/screenshots/a30/a303860dda19fc5fd3e24798e2fd3b45.jpg,https://media.rawg.io/media/screenshots/cc5/cc51d2a4f6ce12552a8ea0f2d56a70c4.jpg,,0.0,0,"[{'id': 3, 'title': 'meh', 'count': 2, 'percent': 100.0}]",10,0,8,0,1,0,0,,,,,0,0,0,0,1,102,[],,0,0,0,,2,0f0f0f,0f0f0f,"[{'platform': {'id': 9, 'name': 'Atari', 'slug': 'atari'}}]","[{'platform': {'id': 23, 'name': 'Atari 2600', 'slug': 'atari-2600', 'image': None, 'year_end': None, 'year_start': None, 'games_count': 294, 'image_background': 'https://media.rawg.io/media/screenshots/ff6/ff623993a854663931c1e78d72a16a5a.jpg'}, 'released_at': '1982-01-01', 'requirements': {}}]",[],"[{'id': 25969, 'name': 'Starpath', 'slug': 'starpath', 'games_count': 5, 'image_background': 'https://media.rawg.io/media/screenshots/85e/85eca09049b98434d86d495eeb9d5a5f.jpg'}]","[{'id': 3, 'name': 'Adventure', 'slug': 'adventure', 'games_count': 146481, 'image_background': 'https://media.rawg.io/media/games/b6b/b6b20bfc4b34e312dbc8aac53c95a348.jpg'}]","[{'id': 31, 'name': 'Singleplayer', 'slug': 'singleplayer', 'language': 'eng', 'games_count': 238404, 'image_background': 'https://media.rawg.io/media/games/26d/26d4437715bee60138dab4a7c8c59c92.jpg'}]","[{'id': 19457, 'name': 'Starpath', 'slug': 'starpath', 'games_count': 4, 'image_background': 'https://media.rawg.io/media/screenshots/3ab/3abaafd8c4014bd052931cc0e486cd69.jpg'}]",,,"Escape from the MindMaster was a video game for the Starpath Supercharger addon for the Atari 2600 published in 1982 by Starpath.
Escape from the MindMaster utilizes a tape cassette through the Starpath Supercharger. This is used to bypass the 2K limitation of available memory in the Atari 2600. Each game has 6 levels, 2 levels per load, giving an effective total of 6K for each game, which allows for better graphics and more complicated gameplay than the average 2K cartridge. A port of this game for the Atari 7800 was planned, and a prototype version of the game was created, but these plans were shelved after Starpath merged with Epyx in 1984.",,5.0,2.0,2.0,1.0,,,,,,,,,0.0,,,,
52638,worm-war-i,Worm War I,Worm War I,<p>Worm War I an Atari 2600 game written by David Lubar and published by 20th Century Fox in 1982. It's a hybrid fixed shooter and vertically-scrolling game.</p>,,[],1982-01-01,False,2019-08-28T22:26:29,https://media.rawg.io/media/screenshots/9d0/9d057ccd877f7d3cfcb7611547a3e652.jpg,https://media.rawg.io/media/screenshots/c1b/c1b3999a32a405eaeb18c98afb56f76a.jpg,,0.0,0,"[{'id': 3, 'title': 'meh', 'count': 1, 'percent': 100.0}]",10,0,8,0,1,0,0,,,,,0,0,0,0,1,40,[],,0,0,0,,1,0f0f0f,0f0f0f,"[{'platform': {'id': 9, 'name': 'Atari', 'slug': 'atari'}}]","[{'platform': {'id': 25, 'name': 'Atari 8-bit', 'slug': 'atari-8-bit', 'image': None, 'year_end': None, 'year_start': None, 'games_count': 308, 'image_background': 'https://media.rawg.io/media/screenshots/038/0385a47d3a43b218204268af5361a19e.jpg'}, 'released_at': '1982-01-01', 'requirements': {}}, {'platform': {'id': 23, 'name': 'Atari 2600', 'slug': 'atari-2600', 'image': None, 'year_end': None, 'year_start': None, 'games_count': 294, 'image_background': 'https://media.rawg.io/media/screenshots/ff6/ff623993a854663931c1e78d72a16a5a.jpg'}, 'released_at': '1982-01-01', 'requirements': {}}]",[],"[{'id': 25971, 'name': 'Sirius Software', 'slug': 'sirius-software', 'games_count': 7, 'image_background': 'https://media.rawg.io/media/screenshots/756/7563ab2199daf05ffa83186e308f392b.jpg'}, {'id': 26019, 'name': '20th Century Fox Games', 'slug': '20th-century-fox-games', 'games_count': 2, 'image_background': 'https://media.rawg.io/media/screenshots/9d0/9d057ccd877f7d3cfcb7611547a3e652.jpg'}]","[{'id': 4, 'name': 'Action', 'slug': 'action', 'games_count': 186608, 'image_background': 'https://media.rawg.io/media/games/618/618c2031a07bbff6b4f611f10b6bcdbc.jpg'}, {'id': 2, 'name': 'Shooter', 'slug': 'shooter', 'games_count': 59560, 'image_background': 'https://media.rawg.io/media/games/d58/d588947d4286e7b5e0e12e1bea7d9844.jpg'}]","[{'id': 31, 'name': 'Singleplayer', 'slug': 'singleplayer', 'language': 'eng', 'games_count': 238404, 'image_background': 'https://media.rawg.io/media/games/26d/26d4437715bee60138dab4a7c8c59c92.jpg'}]","[{'id': 19454, 'name': '20th Century Fox Games', 'slug': '20th-century-fox-games', 'games_count': 3, 'image_background': 'https://media.rawg.io/media/screenshots/5c5/5c56d5029aa0cedb9dbb0c9914efab77.jpg'}]",,,Worm War I an Atari 2600 game written by David Lubar and published by 20th Century Fox in 1982. It's a hybrid fixed shooter and vertically-scrolling game.,,5.0,2.0,2.0,1.0,,,,,,,,,0.0,,,,
58059,salmon-run,Salmon Run,Salmon Run,"<p>Salmon Run is a 1982 computer game for the Atari 8-bit family created by Bill Williams and distributed via the Atari Program Exchange. Salmon Run was the first game in Williams's career, followed by a string of successes noted for their oddball concepts.</p>
<p>The player takes the role of Sam the Salmon, as he attempts to swim upriver to mate. Along the way he encounters waterfalls, a bear, fishermen and seagulls, all attempting to eat him. If he survives to the spawning grounds, he is met and kissed by his mate.</p>
<p>In 1983 Salmon Run was released for the VIC-20 by Synapse Software using the name Showcase Software.</p>",,[],1982-01-01,False,2019-08-28T21:59:36,https://media.rawg.io/media/screenshots/d0b/d0b58c3905a2e829de1f7087ed68deeb.jpg,https://media.rawg.io/media/screenshots/a51/a5122ef065959f09d3341e222424f13b.jpg,,0.0,0,"[{'id': 3, 'title': 'meh', 'count': 1, 'percent': 100.0}]",10,0,8,0,0,0,0,,,,,0,0,0,0,1,146,[],,0,0,0,,1,0f0f0f,0f0f0f,[],[],[],"[{'id': 27167, 'name': 'Bill Williams', 'slug': 'bill-williams', 'games_count': 2, 'image_background': 'https://media.rawg.io/media/screenshots/d0b/d0b58c3905a2e829de1f7087ed68deeb.jpg'}]","[{'id': 4, 'name': 'Action', 'slug': 'action', 'games_count': 186608, 'image_background': 'https://media.rawg.io/media/games/618/618c2031a07bbff6b4f611f10b6bcdbc.jpg'}]","[{'id': 31, 'name': 'Singleplayer', 'slug': 'singleplayer', 'language': 'eng', 'games_count': 238404, 'image_background': 'https://media.rawg.io/media/games/26d/26d4437715bee60138dab4a7c8c59c92.jpg'}, {'id': 457, 'name': '1-4 player', 'slug': '1-4-player', 'language': 'eng', 'games_count': 2, 'image_background': 'https://media.rawg.io/media/screenshots/d0b/d0b58c3905a2e829de1f7087ed68deeb.jpg'}]","[{'id': 1779, 'name': 'Atari', 'slug': 'atari', 'games_count': 507, 'image_background': 'https://media.rawg.io/media/games/d82/d82dbcf92ded452bf8c6fb1bbdd62e52.jpg'}, {'id': 20854, 'name': 'Showcase Software', 'slug': 'showcase-software', 'games_count': 1, 'image_background': 'https://media.rawg.io/media/screenshots/d0b/d0b58c3905a2e829de1f7087ed68deeb.jpg'}]",,,"Salmon Run is a 1982 computer game for the Atari 8-bit family created by Bill Williams and distributed via the Atari Program Exchange. Salmon Run was the first game in Williams's career, followed by a string of successes noted for their oddball concepts.
The player takes the role of Sam the Salmon, as he attempts to swim upriver to mate. Along the way he encounters waterfalls, a bear, fishermen and seagulls, all attempting to eat him. If he survives to the spawning grounds, he is met and kissed by his mate.
In 1983 Salmon Run was released for the VIC-20 by Synapse Software using the name Showcase Software.",,5.0,2.0,2.0,1.0,,,,,,,,,0.0,,,,
52505,night-stalker,Night Stalker,Night Stalker,<p>Night Stalker is a top-down maze shooter designed by Steve Montero and released for the Intellivision console in 1982. Night Stalker was ported to the Atari 2600 as Dark Cavern and later released for to the Apple II and IBM PC in 1983.</p>,,[],1982-01-01,False,2019-08-28T22:02:35,https://media.rawg.io/media/screenshots/a79/a791418b4992d6282f773448eda050f4.jpg,https://media.rawg.io/media/screenshots/dde/ddee886b46f6c9c6804464ed9c6c5ecc.jpg,,0.0,0,"[{'id': 3, 'title': 'meh', 'count': 1, 'percent': 100.0}]",10,0,10,0,1,0,0,,,,,0,0,0,0,1,176,[],,0,0,0,,1,0f0f0f,0f0f0f,"[{'platform': {'id': 5, 'name': 'Apple Macintosh', 'slug': 'mac'}}, {'platform': {'id': 9, 'name': 'Atari', 'slug': 'atari'}}]","[{'platform': {'id': 41, 'name': 'Apple II', 'slug': 'apple-ii', 'image': None, 'year_end': None, 'year_start': None, 'games_count': 424, 'image_background': 'https://media.rawg.io/media/screenshots/3d2/3d2bb57b39e2efa39d1c385585b2ea8b.jpg'}, 'released_at': '1982-01-01', 'requirements': {}}, {'platform': {'id': 23, 'name': 'Atari 2600', 'slug': 'atari-2600', 'image': None, 'year_end': None, 'year_start': None, 'games_count': 294, 'image_background': 'https://media.rawg.io/media/screenshots/ff6/ff623993a854663931c1e78d72a16a5a.jpg'}, 'released_at': '1982-01-01', 'requirements': {}}]",[],"[{'id': 25962, 'name': 'Mattel', 'slug': 'mattel', 'games_count': 28, 'image_background': 'https://media.rawg.io/media/screenshots/301/3016368c081c8e44eb498cb9d02e447d.jpg'}]","[{'id': 4, 'name': 'Action', 'slug': 'action', 'games_count': 186608, 'image_background': 'https://media.rawg.io/media/games/618/618c2031a07bbff6b4f611f10b6bcdbc.jpg'}, {'id': 2, 'name': 'Shooter', 'slug': 'shooter', 'games_count': 59560, 'image_background': 'https://media.rawg.io/media/games/d58/d588947d4286e7b5e0e12e1bea7d9844.jpg'}]","[{'id': 31, 'name': 'Singleplayer', 'slug': 'singleplayer', 'language': 'eng', 'games_count': 238404, 'image_background': 'https://media.rawg.io/media/games/26d/26d4437715bee60138dab4a7c8c59c92.jpg'}]","[{'id': 19440, 'name': 'Mattel', 'slug': 'mattel', 'games_count': 43, 'image_background': 'https://media.rawg.io/media/screenshots/d5b/d5b78615f64bd294cdc406089126bcd1.jpg'}]",,,Night Stalker is a top-down maze shooter designed by Steve Montero and released for the Intellivision console in 1982. Night Stalker was ported to the Atari 2600 as Dark Cavern and later released for to the Apple II and IBM PC in 1983.,,5.0,2.0,2.0,1.0,,,,,,,,,0.0,,,,
52589,spacechase,Spacechase,Spacechase,<p>Spacechase is a fixed shooter for the Atari 2600 written by Ed Salvo and published by Games by Apollo in 1981.</p>,,[],1982-01-01,False,2019-08-28T22:02:33,https://media.rawg.io/media/screenshots/261/261f292baabda33af2d1aa80b31073c7.jpg,https://media.rawg.io/media/screenshots/d29/d297fbec3d617c6140ebea3ee23c0099.jpg,,0.0,0,"[{'id': 3, 'title': 'meh', 'count': 1, 'percent': 100.0}]",10,0,5,0,1,0,0,,,,,0,0,0,0,1,36,[],,0,0,0,,1,0f0f0f,0f0f0f,"[{'platform': {'id': 9, 'name': 'Atari', 'slug': 'atari'}}]","[{'platform': {'id': 23, 'name': 'Atari 2600', 'slug': 'atari-2600', 'image': None, 'year_end': None, 'year_start': None, 'games_count': 294, 'image_background': 'https://media.rawg.io/media/screenshots/ff6/ff623993a854663931c1e78d72a16a5a.jpg'}, 'released_at': '1982-01-01', 'requirements': {}}]",[],"[{'id': 25983, 'name': 'Games by Apollo', 'slug': 'games-by-apollo', 'games_count': 4, 'image_background': 'https://media.rawg.io/media/screenshots/b78/b78fb26681d37f77eaadb169a4e5c9e9.jpg'}]",[],"[{'id': 31, 'name': 'Singleplayer', 'slug': 'singleplayer', 'language': 'eng', 'games_count': 238404, 'image_background': 'https://media.rawg.io/media/games/26d/26d4437715bee60138dab4a7c8c59c92.jpg'}, {'id': 7, 'name': 'Multiplayer', 'slug': 'multiplayer', 'language': 'eng', 'games_count': 40505, 'image_background': 'https://media.rawg.io/media/games/021/021c4e21a1824d2526f925eff6324653.jpg'}]","[{'id': 19472, 'name': 'Games by Apollo', 'slug': 'games-by-apollo', 'games_count': 4, 'image_background': 'https://media.rawg.io/media/screenshots/b78/b78fb26681d37f77eaadb169a4e5c9e9.jpg'}]",,,Spacechase is a fixed shooter for the Atari 2600 written by Ed Salvo and published by Games by Apollo in 1981.,,5.0,2.0,2.0,1.0,,,,,,,,,0.0,,,,
340781,time-zone,Time Zone,Time Zone,"<p>Time Zone allows players to travel through time and across the globe solving puzzles while meeting famous historical figures such as Benjamin Franklin, Cleopatra, and Julius Caesar. The game has static pictures and a text parser that understands two-word commands.</p>",,[],1982-01-01,False,2023-02-08T10:51:55,https://media.rawg.io/media/screenshots/99d/99d1a69755629b9ad49b02702b1fc400.jpg,https://media.rawg.io/media/screenshots/972/972a0b3bf6474be60fa27fb5ca7c34f0.jpg,,0.0,0,"[{'id': 3, 'title': 'meh', 'count': 1, 'percent': 100.0}]",10,0,3,0,7,0,0,,,,,0,0,0,0,1,74,[],,0,0,0,,1,0f0f0f,0f0f0f,"[{'platform': {'id': 1, 'name': 'PC', 'slug': 'pc'}}, {'platform': {'id': 5, 'name': 'Apple Macintosh', 'slug': 'mac'}}]","[{'platform': {'id': 4, 'name': 'PC', 'slug': 'pc', 'image': None, 'year_end': None, 'year_start': None, 'games_count': 547195, 'image_background': 'https://media.rawg.io/media/games/021/021c4e21a1824d2526f925eff6324653.jpg'}, 'released_at': '1982-01-01', 'requirements': {}}, {'platform': {'id': 41, 'name': 'Apple II', 'slug': 'apple-ii', 'image': None, 'year_end': None, 'year_start': None, 'games_count': 424, 'image_background': 'https://media.rawg.io/media/screenshots/3d2/3d2bb57b39e2efa39d1c385585b2ea8b.jpg'}, 'released_at': '1982-01-01', 'requirements': {}}]",[],"[{'id': 27883, 'name': 'On-Line Systems', 'slug': 'on-line-systems', 'games_count': 2, 'image_background': 'https://media.rawg.io/media/screenshots/8e4/8e4cec519815c90b7247ce5d0d6b6e04.jpg'}]","[{'id': 3, 'name': 'Adventure', 'slug': 'adventure', 'games_count': 146480, 'image_background': 'https://media.rawg.io/media/games/562/562553814dd54e001a541e4ee83a591c.jpg'}]","[{'id': 1867, 'name': 'puzzles', 'slug': 'puzzles', 'language': 'eng', 'games_count': 8862, 'image_background': 'https://media.rawg.io/media/games/d56/d564ee964eb3c17892b3b35dd607f836.jpg'}, {'id': 2373, 'name': 'text', 'slug': 'text', 'language': 'eng', 'games_count': 2077, 'image_background': 'https://media.rawg.io/media/screenshots/526/5262c0b58328c29749becc93642cc5c1.jpg'}, {'id': 2835, 'name': 'word', 'slug': 'word', 'language': 'eng', 'games_count': 2069, 'image_background': 'https://media.rawg.io/media/screenshots/7b9/7b9fb4b46a086bada069b21432386fab.jpg'}]",[],,,"Time Zone allows players to travel through time and across the globe solving puzzles while meeting famous historical figures such as Benjamin Franklin, Cleopatra, and Julius Caesar. The game has static pictures and a text parser that understands two-word commands.",1.0,4.0,1.0,3.0,1.0,,,,,,,,,0.0,,,,
56799,spys-demise,Spy's Demise,Spy's Demise,"<p>Spy's Demise is an action game written by Alan Zeldin for the Apple II, published by Penguin Software in 1982. It was ported to the Atari, Commodore 64, Texas Instruments TI-99/4A, and Vector-06c. The game contained a puzzle which could be solved for a Spy's Demise T-Shirt. According to Antic magazine in June 1984, only four people had solved it.</p>
<p>The original draft by Alan Zeldin was called Poof!, with identical game play. For marketing, it was decided to change the graphics to fit a spy theme and Mary Locke at Penguin Software created the animated spy character. The Spy's Demise title was inspired by a drink name at a spy-themed bar in Milwaukee named The Safe House.</p>
<p>Spy's Demise was followed by a sequel, The Spy Strikes Back, written by Penguin Software founder Mark Pelczarski and Robert Hardy. Both games, along with Penguin's Thunderbombs, were later released together as Arcade Album #1 for the Apple II, Atari 8-bit, and Commodore 64.</p>",,[],1982-01-01,False,2019-01-09T12:41:06,https://media.rawg.io/media/screenshots/ec2/ec2844569befd10568aa372439cd4142.jpg,https://media.rawg.io/media/screenshots/25f/25f5df429a05398470414c69bb9ebfb5.jpg,,0.0,0,"[{'id': 3, 'title': 'meh', 'count': 1, 'percent': 100.0}]",10,0,2,0,1,0,0,,,,,0,0,0,0,1,51,[],,0,0,0,,1,0f0f0f,0f0f0f,"[{'platform': {'id': 5, 'name': 'Apple Macintosh', 'slug': 'mac'}}, {'platform': {'id': 9, 'name': 'Atari', 'slug': 'atari'}}, {'platform': {'id': 10, 'name': 'Commodore / Amiga', 'slug': 'commodore-amiga'}}]","[{'platform': {'id': 166, 'name': 'Commodore / Amiga', 'slug': 'commodore-amiga', 'image': None, 'year_end': None, 'year_start': None, 'games_count': 2083, 'image_background': 'https://media.rawg.io/media/games/cce/cce8bebe861f295003f5a9fe5b11233f.jpg'}, 'released_at': '1982-01-01', 'requirements': {}}, {'platform': {'id': 41, 'name': 'Apple II', 'slug': 'apple-ii', 'image': None, 'year_end': None, 'year_start': None, 'games_count': 424, 'image_background': 'https://media.rawg.io/media/screenshots/3d2/3d2bb57b39e2efa39d1c385585b2ea8b.jpg'}, 'released_at': '1982-01-01', 'requirements': {}}, {'platform': {'id': 25, 'name': 'Atari 8-bit', 'slug': 'atari-8-bit', 'image': None, 'year_end': None, 'year_start': None, 'games_count': 308, 'image_background': 'https://media.rawg.io/media/screenshots/038/0385a47d3a43b218204268af5361a19e.jpg'}, 'released_at': '1982-01-01', 'requirements': {}}]",[],[],"[{'id': 4, 'name': 'Action', 'slug': 'action', 'games_count': 186608, 'image_background': 'https://media.rawg.io/media/games/618/618c2031a07bbff6b4f611f10b6bcdbc.jpg'}]","[{'id': 808, 'name': 'character', 'slug': 'character', 'language': 'eng', 'games_count': 8871, 'image_background': 'https://media.rawg.io/media/games/43f/43ff0ac9538f82b00fb3b47d186bd46b.jpg'}, {'id': 1689, 'name': 'vector', 'slug': 'vector', 'language': 'eng', 'games_count': 1248, 'image_background': 'https://media.rawg.io/media/screenshots/183/1837e67a619dfe17e958fc0db1869e15.jpeg'}, {'id': 2480, 'name': 'spy', 'slug': 'spy', 'language': 'eng', 'games_count': 450, 'image_background': 'https://media.rawg.io/media/screenshots/d41/d416ef4e504e96d164f59552d55a72e0.jpg'}, {'id': 1534, 'name': 'atari', 'slug': 'atari', 'language': 'eng', 'games_count': 1158, 'image_background': 'https://media.rawg.io/media/screenshots/d10/d10fdd0fc764ad4a5d70fffa6aee1175.jpg'}, {'id': 4226, 'name': 'penguin', 'slug': 'penguin', 'language': 'eng', 'games_count': 580, 'image_background': 'https://media.rawg.io/media/screenshots/cb8/cb80b8683fc9d875478c9d699d7d8b76.jpg'}]","[{'id': 20612, 'name': 'Penguin Software', 'slug': 'penguin-software', 'games_count': 4, 'image_background': 'https://media.rawg.io/media/screenshots/aa3/aa3cabcaeeaa49955d69308fd6cfccfb.jpg'}]",,,"Spy's Demise is an action game written by Alan Zeldin for the Apple II, published by Penguin Software in 1982. It was ported to the Atari, Commodore 64, Texas Instruments TI-99/4A, and Vector-06c. The game contained a puzzle which could be solved for a Spy's Demise T-Shirt. According to Antic magazine in June 1984, only four people had solved it.
The original draft by Alan Zeldin was called Poof!, with identical game play. For marketing, it was decided to change the graphics to fit a spy theme and Mary Locke at Penguin Software created the animated spy character. The Spy's Demise title was inspired by a drink name at a spy-themed bar in Milwaukee named The Safe House.
Spy's Demise was followed by a sequel, The Spy Strikes Back, written by Penguin Software founder Mark Pelczarski and Robert Hardy. Both games, along with Penguin's Thunderbombs, were later released together as Arcade Album #1 for the Apple II, Atari 8-bit, and Commodore 64.",,5.0,2.0,2.0,1.0,,,,,,,,,0.0,,,,
52596,stargunner-1982,Stargunner (1982),Stargunner (1982),"<p>Stargunner is a scrolling shooter for the Atari 2600 written by Alex Leavens and published by Telesys in 1982. Leavens also worked on ports of Gorf and Crazy Climber for the 2600, released by CBS and Atari respectively.</p>",,[],1982-01-01,False,2019-01-09T12:41:06,https://media.rawg.io/media/screenshots/81e/81e3fea24dabe2443087956f52367303.jpg,https://media.rawg.io/media/screenshots/99f/99fb35768762ad5754ececcdd7f4516e.jpg,,0.0,0,"[{'id': 3, 'title': 'meh', 'count': 1, 'percent': 100.0}]",10,0,5,0,1,0,0,,,,,0,0,0,0,1,46,[],,0,0,0,,1,0f0f0f,0f0f0f,"[{'platform': {'id': 9, 'name': 'Atari', 'slug': 'atari'}}]","[{'platform': {'id': 23, 'name': 'Atari 2600', 'slug': 'atari-2600', 'image': None, 'year_end': None, 'year_start': None, 'games_count': 294, 'image_background': 'https://media.rawg.io/media/screenshots/ff6/ff623993a854663931c1e78d72a16a5a.jpg'}, 'released_at': '1982-01-01', 'requirements': {}}]",[],"[{'id': 25979, 'name': 'Telesys', 'slug': 'telesys', 'games_count': 2, 'image_background': 'https://media.rawg.io/media/screenshots/e89/e89fa1c44734c50b2c2c54249edbb8e4.jpg'}]",[],"[{'id': 1350, 'name': 'crazy', 'slug': 'crazy', 'language': 'eng', 'games_count': 1761, 'image_background': 'https://media.rawg.io/media/games/46d/46d510ee5f0073dc9fb19d66e6688948.jpg'}, {'id': 1534, 'name': 'atari', 'slug': 'atari', 'language': 'eng', 'games_count': 1158, 'image_background': 'https://media.rawg.io/media/screenshots/d10/d10fdd0fc764ad4a5d70fffa6aee1175.jpg'}]","[{'id': 19490, 'name': 'Telesys', 'slug': 'telesys', 'games_count': 1, 'image_background': 'https://media.rawg.io/media/screenshots/81e/81e3fea24dabe2443087956f52367303.jpg'}]",,,"Stargunner is a scrolling shooter for the Atari 2600 written by Alex Leavens and published by Telesys in 1982. Leavens also worked on ports of Gorf and Crazy Climber for the 2600, released by CBS and Atari respectively.",,5.0,2.0,2.0,1.0,,,,,,,,,0.0,,,,
56765,serpentine,Serpentine,Serpentine,"<p>Serpentine is a 1982 action computer game developed by David Snider and published by Broderbund. The gameplay and visuals are similar to that of the Konami arcade game Jungler, released the previous year. Serpentine was originally written for the Apple II and ported to the VIC-20, Commodore 64 and Atari 8-bit family.</p>",,[],1982-01-01,False,2019-08-28T22:00:18,https://media.rawg.io/media/screenshots/2e9/2e904d48af68882310df05f1345cabb7.jpg,https://media.rawg.io/media/screenshots/dff/dff8cd0c9549dd17f4605f8726e1e26b.jpg,,0.0,0,"[{'id': 3, 'title': 'meh', 'count': 1, 'percent': 100.0}]",10,0,10,0,1,0,0,,,,,0,0,0,0,1,161,[],,0,0,0,,1,0f0f0f,0f0f0f,"[{'platform': {'id': 5, 'name': 'Apple Macintosh', 'slug': 'mac'}}, {'platform': {'id': 9, 'name': 'Atari', 'slug': 'atari'}}, {'platform': {'id': 10, 'name': 'Commodore / Amiga', 'slug': 'commodore-amiga'}}]","[{'platform': {'id': 166, 'name': 'Commodore / Amiga', 'slug': 'commodore-amiga', 'image': None, 'year_end': None, 'year_start': None, 'games_count': 2083, 'image_background': 'https://media.rawg.io/media/games/cce/cce8bebe861f295003f5a9fe5b11233f.jpg'}, 'released_at': '1982-01-01', 'requirements': {}}, {'platform': {'id': 41, 'name': 'Apple II', 'slug': 'apple-ii', 'image': None, 'year_end': None, 'year_start': None, 'games_count': 424, 'image_background': 'https://media.rawg.io/media/screenshots/3d2/3d2bb57b39e2efa39d1c385585b2ea8b.jpg'}, 'released_at': '1982-01-01', 'requirements': {}}, {'platform': {'id': 25, 'name': 'Atari 8-bit', 'slug': 'atari-8-bit', 'image': None, 'year_end': None, 'year_start': None, 'games_count': 308, 'image_background': 'https://media.rawg.io/media/screenshots/038/0385a47d3a43b218204268af5361a19e.jpg'}, 'released_at': '1982-01-01', 'requirements': {}}]",[],"[{'id': 26635, 'name': 'Brøderbund', 'slug': 'broderbund', 'games_count': 21, 'image_background': 'https://media.rawg.io/media/screenshots/b6c/b6c10b7f2247b12d7d4bdfe28ed8b5d8.jpg'}]","[{'id': 4, 'name': 'Action', 'slug': 'action', 'games_count': 186608, 'image_background': 'https://media.rawg.io/media/games/618/618c2031a07bbff6b4f611f10b6bcdbc.jpg'}]","[{'id': 31, 'name': 'Singleplayer', 'slug': 'singleplayer', 'language': 'eng', 'games_count': 238404, 'image_background': 'https://media.rawg.io/media/games/26d/26d4437715bee60138dab4a7c8c59c92.jpg'}]","[{'id': 19974, 'name': 'Broderbund', 'slug': 'broderbund-2', 'games_count': 10, 'image_background': 'https://media.rawg.io/media/screenshots/56b/56bef3b59994a5939dc2ac7063cb1bad.jpg'}]",,,"Serpentine is a 1982 action computer game developed by David Snider and published by Broderbund. The gameplay and visuals are similar to that of the Konami arcade game Jungler, released the previous year. Serpentine was originally written for the Apple II and ported to the VIC-20, Commodore 64 and Atari 8-bit family.",,5.0,2.0,2.0,1.0,,,,,,,,,0.0,,,,
58042,log-run,Log Run,Log Run,"<p>Log Run is VIC-20 game written by Mark Brennand and published in 1983 by Terminal Software of Prestwich. Log Run is a clone of the Century Electronics arcade game Logger, which itself is a version of Donkey Kong with the main character replaced by a bird.</p>",,[],1982-01-01,False,2019-01-09T12:41:06,,,,0.0,0,"[{'id': 3, 'title': 'meh', 'count': 1, 'percent': 100.0}]",10,0,0,0,1,0,0,,,,,0,0,0,0,1,0,[],,0,0,0,,1,0f0f0f,0f0f0f,[],[],[],[],[],"[{'id': 808, 'name': 'character', 'slug': 'character', 'language': 'eng', 'games_count': 8871, 'image_background': 'https://media.rawg.io/media/games/43f/43ff0ac9538f82b00fb3b47d186bd46b.jpg'}, {'id': 982, 'name': 'run', 'slug': 'run', 'language': 'eng', 'games_count': 3972, 'image_background': 'https://media.rawg.io/media/screenshots/40d/40db5db1a0ef232be674300867eea710.jpg'}, {'id': 3992, 'name': 'clone', 'slug': 'clone', 'language': 'eng', 'games_count': 1008, 'image_background': 'https://media.rawg.io/media/screenshots/990/9906c5c53cc94be308a69f0b585711d6.jpg'}, {'id': 1378, 'name': 'bird', 'slug': 'bird', 'language': 'eng', 'games_count': 2015, 'image_background': 'https://media.rawg.io/media/screenshots/3b5/3b564e6ff501973f9ede59984a595e2b.jpeg'}]","[{'id': 20568, 'name': 'Terminal Software', 'slug': 'terminal-software', 'games_count': 2, 'image_background': 'https://media.rawg.io/media/screenshots/5a4/5a41b19240d0bf2a32fa39772eeff2c7.jpg'}]",,,"Log Run is VIC-20 game written by Mark Brennand and published in 1983 by Terminal Software of Prestwich. Log Run is a clone of the Century Electronics arcade game Logger, which itself is a version of Donkey Kong with the main character replaced by a bird.",,5.0,2.0,2.0,1.0,,,,,,,,,0.0,,,,
56690,penetrator,Penetrator,Penetrator,<p>Penetrator is a 1982 Sinclair ZX Spectrum game made by Melbourne House programmers Philip Mitchell and Veronika Megler. The game is a clone of Konami's 1981 Scramble arcade game. Penetrator was later ported to the TRS-80 and Commodore 64.</p>,,[],1982-01-01,False,2019-01-09T12:41:06,https://media.rawg.io/media/screenshots/54f/54ffe2617904ef8b9f1a49e155d16c6e.jpg,https://media.rawg.io/media/screenshots/3ff/3ffb94110859e551cab305f550d87ace.jpg,,0.0,0,"[{'id': 3, 'title': 'meh', 'count': 1, 'percent': 100.0}]",10,0,8,0,2,0,0,,,,,0,0,0,0,1,167,[],,0,0,0,,1,0f0f0f,0f0f0f,"[{'platform': {'id': 10, 'name': 'Commodore / Amiga', 'slug': 'commodore-amiga'}}]","[{'platform': {'id': 166, 'name': 'Commodore / Amiga', 'slug': 'commodore-amiga', 'image': None, 'year_end': None, 'year_start': None, 'games_count': 2083, 'image_background': 'https://media.rawg.io/media/games/cce/cce8bebe861f295003f5a9fe5b11233f.jpg'}, 'released_at': '1982-01-01', 'requirements': {}}]",[],[],[],"[{'id': 418, 'name': '2 players', 'slug': '2-players', 'language': 'eng', 'games_count': 1244, 'image_background': 'https://media.rawg.io/media/screenshots/f9a/f9ac59bb4af2ca2193ee9ffb979577cf.jpg'}, {'id': 348, 'name': 'alternating turns', 'slug': 'alternating-turns', 'language': 'eng', 'games_count': 64, 'image_background': 'https://media.rawg.io/media/games/6f8/6f8fb1e98393f72b47f1f909d5b649d4.jpg'}]","[{'id': 11640, 'name': 'Melbourne House', 'slug': 'melbourne-house', 'games_count': 20, 'image_background': 'https://media.rawg.io/media/screenshots/4b5/4b5da9777256bee3ad67ce22db580604.jpg'}, {'id': 19919, 'name': 'Krome Studios Melbourne', 'slug': 'krome-studios-melbourne', 'games_count': 14, 'image_background': 'https://media.rawg.io/media/screenshots/753/753292d5a5792dd004033f0fdada95f7.jpg'}]",,,Penetrator is a 1982 Sinclair ZX Spectrum game made by Melbourne House programmers Philip Mitchell and Veronika Megler. The game is a clone of Konami's 1981 Scramble arcade game. Penetrator was later ported to the TRS-80 and Commodore 64.,,5.0,2.0,2.0,1.0,,,,,,,,,0.0,,,,
52557,name-this-game,Name This Game,Name This Game,"<p>Name This Game, also known as Octopus in Europe, is a video game for the Atari 2600 manufactured by US Games.</p>
<p>In the game, the player controls a diver who must protect a treasure from an octopus at the top of the screen that tries to capture the treasure with its tentacles. A shark also tries to distract the diver by swimming back and forth toward the bottom of the screen.</p>
<p>The diver loses a life if he is captured by the shark or the octopus's tentacles, or if the air meter runs out. The diver can refill his air meter by touching a long pole which extends from a boat that appears from time to time.</p>",,[],1982-01-01,False,2019-01-09T12:41:06,https://media.rawg.io/media/screenshots/ff9/ff92d5da2f5301988abede7470bc6ffe.jpg,https://media.rawg.io/media/screenshots/456/4560d956e8d6bc8af9cb62b597e2b7f6.jpg,,0.0,0,"[{'id': 3, 'title': 'meh', 'count': 1, 'percent': 100.0}]",10,0,4,0,0,0,0,,,,,0,0,0,0,1,27,[],,0,0,0,,1,0f0f0f,0f0f0f,"[{'platform': {'id': 9, 'name': 'Atari', 'slug': 'atari'}}]","[{'platform': {'id': 23, 'name': 'Atari 2600', 'slug': 'atari-2600', 'image': None, 'year_end': None, 'year_start': None, 'games_count': 294, 'image_background': 'https://media.rawg.io/media/screenshots/ff6/ff623993a854663931c1e78d72a16a5a.jpg'}, 'released_at': '1982-01-01', 'requirements': {}}]",[],"[{'id': 25989, 'name': 'James Wickstead Design Associates', 'slug': 'james-wickstead-design-associates', 'games_count': 3, 'image_background': 'https://media.rawg.io/media/screenshots/ff9/ff92d5da2f5301988abede7470bc6ffe.jpg'}]",[],"[{'id': 3626, 'name': 'treasure', 'slug': 'treasure', 'language': 'eng', 'games_count': 1879, 'image_background': 'https://media.rawg.io/media/games/d0c/d0c8a5b63f23a645d0400b61bab59a94.jpg'}, {'id': 999, 'name': 'shark', 'slug': 'shark', 'language': 'eng', 'games_count': 556, 'image_background': 'https://media.rawg.io/media/screenshots/19d/19d5597c6f884cf6cf97a0c309b0d89a.jpg'}, {'id': 2657, 'name': 'boat', 'slug': 'boat', 'language': 'eng', 'games_count': 1019, 'image_background': 'https://media.rawg.io/media/screenshots/789/789ddcea8530a7bb072178df2e898a17.jpg'}]","[{'id': 19458, 'name': 'US Games', 'slug': 'us-games', 'games_count': 5, 'image_background': 'https://media.rawg.io/media/screenshots/2ee/2ee6585691ad82e052617c9beb8b0806.jpg'}, {'id': 19479, 'name': 'Carrere Video Distribution', 'slug': 'carrere-video-distribution', 'games_count': 1, 'image_background': 'https://media.rawg.io/media/screenshots/ff9/ff92d5da2f5301988abede7470bc6ffe.jpg'}]",,,"Name This Game, also known as Octopus in Europe, is a video game for the Atari 2600 manufactured by US Games.
In the game, the player controls a diver who must protect a treasure from an octopus at the top of the screen that tries to capture the treasure with its tentacles. A shark also tries to distract the diver by swimming back and forth toward the bottom of the screen.
The diver loses a life if he is captured by the shark or the octopus's tentacles, or if the air meter runs out. The diver can refill his air meter by touching a long pole which extends from a boat that appears from time to time.",,5.0,2.0,2.0,1.0,,,,,,,,,0.0,,,,
52613,towering-inferno,Towering Inferno,Towering Inferno,"<p>Towering Inferno is an Atari 2600 game designed by Jeff Corsiglia and programmed by Paul Allen Newell and released by US Games in 1982. The player controls a fireman going through a burning skyscraper to save victims and put out the fires.</p>
<p>Newell also programmed Entombed for the 2600 and the Vectrex port of Scramble.</p>",,[],1982-01-01,False,2019-01-09T12:41:06,https://media.rawg.io/media/screenshots/856/856f28489d553e694bbdead5f25b9559.jpg,https://media.rawg.io/media/screenshots/105/105eef65f33ac262c54066409118adbf.jpg,,0.0,0,"[{'id': 3, 'title': 'meh', 'count': 1, 'percent': 100.0}]",10,0,5,0,2,0,0,,,,,0,0,0,0,1,45,[],,0,0,0,,1,0f0f0f,0f0f0f,"[{'platform': {'id': 9, 'name': 'Atari', 'slug': 'atari'}}]","[{'platform': {'id': 23, 'name': 'Atari 2600', 'slug': 'atari-2600', 'image': None, 'year_end': None, 'year_start': None, 'games_count': 294, 'image_background': 'https://media.rawg.io/media/screenshots/ff6/ff623993a854663931c1e78d72a16a5a.jpg'}, 'released_at': '1982-01-01', 'requirements': {}}]",[],"[{'id': 25977, 'name': 'US Games', 'slug': 'us-games', 'games_count': 4, 'image_background': 'https://media.rawg.io/media/screenshots/856/856f28489d553e694bbdead5f25b9559.jpg'}]","[{'id': 4, 'name': 'Action', 'slug': 'action', 'games_count': 186608, 'image_background': 'https://media.rawg.io/media/games/618/618c2031a07bbff6b4f611f10b6bcdbc.jpg'}]","[{'id': 1534, 'name': 'atari', 'slug': 'atari', 'language': 'eng', 'games_count': 1158, 'image_background': 'https://media.rawg.io/media/screenshots/d10/d10fdd0fc764ad4a5d70fffa6aee1175.jpg'}]","[{'id': 19458, 'name': 'US Games', 'slug': 'us-games', 'games_count': 5, 'image_background': 'https://media.rawg.io/media/screenshots/2ee/2ee6585691ad82e052617c9beb8b0806.jpg'}]",,,"Towering Inferno is an Atari 2600 game designed by Jeff Corsiglia and programmed by Paul Allen Newell and released by US Games in 1982. The player controls a fireman going through a burning skyscraper to save victims and put out the fires.
Newell also programmed Entombed for the 2600 and the Vectrex port of Scramble.",,5.0,2.0,2.0,1.0,,,,,,,,,0.0,,,,
376906,car-builder,Car Builder,Car Builder,"<p>Car Builder is a strategy game. It came out on 03-02-1982. Most rawgers rated the game as ""Recommended"". <br>You can play Car Builder on PC. </p>

<p></p>",,[],1982-02-03,False,2023-02-08T10:52:01,https://media.rawg.io/media/screenshots/287/28744eb45da4ce91adc5d9f101e2e709.jpg,https://media.rawg.io/media/screenshots/a63/a63aa2b6dc2c631b486b2254b0875944.jpg,,0.0,0,"[{'id': 4, 'title': 'recommended', 'count': 1, 'percent': 50.0}, {'id': 3, 'title': 'meh', 'count': 1, 'percent': 50.0}]",9,0,2,0,0,0,0,,,,,0,0,0,0,1,52,[],,0,0,0,,2,0f0f0f,0f0f0f,"[{'platform': {'id': 1, 'name': 'PC', 'slug': 'pc'}}]","[{'platform': {'id': 4, 'name': 'PC', 'slug': 'pc', 'image': None, 'year_end': None, 'year_start': None, 'games_count': 547195, 'image_background': 'https://media.rawg.io/media/games/021/021c4e21a1824d2526f925eff6324653.jpg'}, 'released_at': '1982-02-03', 'requirements': {}}]",[],[],"[{'id': 10, 'name': 'Strategy', 'slug': 'strategy', 'games_count': 59661, 'image_background': 'https://media.rawg.io/media/games/08b/08b2eee52a9876a48b955e5149affe5b.jpg'}]",[],[],,,,1.0,5.0,1.0,1.0,1.0,,,,,,,,,0.0,,,,
58055,river-rescue,River Rescue,River Rescue,"<p>River Rescue is a 1982 game for the Commodore VIC-20, Commodore 64, ZX Spectrum, and Atari 8-bit family. It is one of a number of game titles produced by Thorn EMI Computer Software (later known as Creative Sparks) during 1982 and 1983. A TI-99/4A version was announced but never released.</p>
<p>River Rescue is similar in concept and gameplay to the 1981 Orca arcade game River Patrol.</p>",,[],1982-01-01,False,2019-01-09T12:41:06,,,,0.0,0,"[{'id': 3, 'title': 'meh', 'count': 1, 'percent': 100.0}]",9,0,0,0,2,0,0,,,,,0,0,0,0,1,0,[],,0,0,0,,1,0f0f0f,0f0f0f,[],[],[],"[{'id': 27878, 'name': 'Creative Sparks', 'slug': 'creative-sparks', 'games_count': 1, 'image_background': ''}, {'id': 27879, 'name': 'Thorn EMI Video Programmes', 'slug': 'thorn-emi-video-programmes', 'games_count': 1, 'image_background': ''}]","[{'id': 4, 'name': 'Action', 'slug': 'action', 'games_count': 186608, 'image_background': 'https://media.rawg.io/media/games/618/618c2031a07bbff6b4f611f10b6bcdbc.jpg'}]","[{'id': 418, 'name': '2 players', 'slug': '2-players', 'language': 'eng', 'games_count': 1244, 'image_background': 'https://media.rawg.io/media/screenshots/f9a/f9ac59bb4af2ca2193ee9ffb979577cf.jpg'}]","[{'id': 20559, 'name': 'Creative Sparks', 'slug': 'creative-sparks', 'games_count': 2, 'image_background': 'https://media.rawg.io/media/screenshots/b7d/b7d8fd4fbd7b41c984b634fcf9b4f2a4.jpg'}, {'id': 20852, 'name': 'Thorn EMI Video Programmes', 'slug': 'thorn-emi-video-programmes', 'games_count': 1, 'image_background': ''}]",,,"River Rescue is a 1982 game for the Commodore VIC-20, Commodore 64, ZX Spectrum, and Atari 8-bit family. It is one of a number of game titles produced by Thorn EMI Computer Software (later known as Creative Sparks) during 1982 and 1983. A TI-99/4A version was announced but never released.
River Rescue is similar in concept and gameplay to the 1981 Orca arcade game River Patrol.",,5.0,2.0,1.0,1.0,,,,,,,,,0.0,,,,
58039,frantic,Frantic,Frantic,"<p>Frantic is a Commodore VIC-20 space shoot-em-up video game published by Imagine Software in 1982. The game involves the player piloting a space ship whilst trying to keep an X and Y axis centered on the enemy, which enters the field of play at varying speeds and directions. Slower enemies appear horizontally and quicker enemies diagonally. The game's title alludes to the fact that the game is timed, as fuel levels deplete during play.Centering the X and Y axis to target enemies involves engaging thrusters which in turn burns fuel. The game can be played with either a joystick or keyboard.</p>
<p>The game was released in cassette form only and was initially priced at £5.50.</p>",,[],1982-01-01,False,2019-01-09T12:41:06,https://media.rawg.io/media/screenshots/f2f/f2ff588ec2ee46e6544c78020a6b0506.jpg,https://media.rawg.io/media/screenshots/113/113eb0dc54bfa2645137ecc19fac024f.jpg,,0.0,0,"[{'id': 3, 'title': 'meh', 'count': 1, 'percent': 100.0}]",9,0,6,0,0,0,0,,,,,0,0,0,0,1,31,[],,0,0,0,,1,0f0f0f,0f0f0f,[],[],[],[],"[{'id': 11, 'name': 'Arcade', 'slug': 'arcade', 'games_count': 22658, 'image_background': 'https://media.rawg.io/media/games/556/556157feed9ee1f55f2b12b2973e30a3.jpg'}]","[{'id': 25, 'name': 'Space', 'slug': 'space', 'language': 'eng', 'games_count': 43594, 'image_background': 'https://media.rawg.io/media/games/ebd/ebdbb7eb52bd58b0e7fa4538d9757b60.jpg'}, {'id': 1505, 'name': 'ship', 'slug': 'ship', 'language': 'eng', 'games_count': 2794, 'image_background': 'https://media.rawg.io/media/games/e74/e74458058b35e01c1ae3feeb39a3f724.jpg'}, {'id': 3117, 'name': 'shoot', 'slug': 'shoot', 'language': 'eng', 'games_count': 9955, 'image_background': 'https://media.rawg.io/media/screenshots/471/47138dfaf3865699a2cf2561e15f659e.jpg'}, {'id': 1127, 'name': 'keyboard', 'slug': 'keyboard', 'language': 'eng', 'games_count': 2884, 'image_background': 'https://media.rawg.io/media/screenshots/819/819457d115dd09a11a0df8a08a370f84.jpg'}]","[{'id': 19864, 'name': 'Imagine Software', 'slug': 'imagine-software', 'games_count': 16, 'image_background': 'https://media.rawg.io/media/screenshots/f7b/f7b58fc768c19977174c96a0acd2dbfb.jpg'}]",,,"Frantic is a Commodore VIC-20 space shoot-em-up video game published by Imagine Software in 1982. The game involves the player piloting a space ship whilst trying to keep an X and Y axis centered on the enemy, which enters the field of play at varying speeds and directions. Slower enemies appear horizontally and quicker enemies diagonally. The game's title alludes to the fact that the game is timed, as fuel levels deplete during play.Centering the X and Y axis to target enemies involves engaging thrusters which in turn burns fuel. The game can be played with either a joystick or keyboard.
The game was released in cassette form only and was initially priced at £5.50.",,4.0,2.0,2.0,1.0,,,,,,,,,0.0,,,,
376903,andromeda-conquest,Andromeda Conquest,Andromeda Conquest,"<p>Andromeda Conquest is a strategy game. It was originally released in 1982. Most rawgers rated the game as ""Meh"". <br>Andromeda Conquest is available on PC. </p>

<p></p>",,[],1982-02-01,False,2023-02-08T10:52:01,https://media.rawg.io/media/screenshots/db0/db0706a9b3c861802433586722fa9442.jpg,,,0.0,0,"[{'id': 3, 'title': 'meh', 'count': 2, 'percent': 100.0}]",9,0,1,0,2,0,0,,,,,0,0,0,0,1,59,[],,0,0,0,,2,0f0f0f,0f0f0f,"[{'platform': {'id': 1, 'name': 'PC', 'slug': 'pc'}}]","[{'platform': {'id': 4, 'name': 'PC', 'slug': 'pc', 'image': None, 'year_end': None, 'year_start': None, 'games_count': 547195, 'image_background': 'https://media.rawg.io/media/games/021/021c4e21a1824d2526f925eff6324653.jpg'}, 'released_at': '1982-02-01', 'requirements': {}}]",[],[],"[{'id': 10, 'name': 'Strategy', 'slug': 'strategy', 'games_count': 59661, 'image_background': 'https://media.rawg.io/media/games/08b/08b2eee52a9876a48b955e5149affe5b.jpg'}]",[],[],,,,1.0,5.0,1.0,1.0,1.0,,,,,,,,,0.0,,,,
56884,wayout-1982,Wayout (1982),Wayout (1982),"<p>Wayout is a 3D, first-person perspective, video game programmed by Paul Allen Edelstein, originally published for the Atari 8-bit computers in 1982. It was ported to the Apple II and Commodore 64.</p>
<p>Wayout is among the first maze games to offer full 360 degree 3D perspective and movement, and its graphics were considered state-of-the-art upon its release. There were many pseudo-3D maze games at the time (such as 3D Monster Maze, Phantom Slayer, and 3-Demon), but they used a fixed perspective and only 4-way movement.</p>
<p>Capture the Flag was released as a follow-up in 1983. It has similar graphics to Wayout, but allows two players to compete at once with a split-screen view, and adds dynamic music.</p>",,[],1982-01-01,False,2019-08-28T22:25:52,https://media.rawg.io/media/screenshots/efe/efee62b4b18de9e2fd0c4845fd467362.jpg,https://media.rawg.io/media/screenshots/7c4/7c4a05cfaa1c83c330841c0692d995f7.jpg,,0.0,0,"[{'id': 3, 'title': 'meh', 'count': 1, 'percent': 100.0}]",9,0,8,0,1,0,0,,,,,0,0,0,0,1,117,[],,0,0,0,,1,0f0f0f,0f0f0f,"[{'platform': {'id': 5, 'name': 'Apple Macintosh', 'slug': 'mac'}}, {'platform': {'id': 9, 'name': 'Atari', 'slug': 'atari'}}, {'platform': {'id': 10, 'name': 'Commodore / Amiga', 'slug': 'commodore-amiga'}}]","[{'platform': {'id': 166, 'name': 'Commodore / Amiga', 'slug': 'commodore-amiga', 'image': None, 'year_end': None, 'year_start': None, 'games_count': 2083, 'image_background': 'https://media.rawg.io/media/games/cce/cce8bebe861f295003f5a9fe5b11233f.jpg'}, 'released_at': '1982-01-01', 'requirements': {}}, {'platform': {'id': 41, 'name': 'Apple II', 'slug': 'apple-ii', 'image': None, 'year_end': None, 'year_start': None, 'games_count': 424, 'image_background': 'https://media.rawg.io/media/screenshots/3d2/3d2bb57b39e2efa39d1c385585b2ea8b.jpg'}, 'released_at': '1982-01-01', 'requirements': {}}, {'platform': {'id': 25, 'name': 'Atari 8-bit', 'slug': 'atari-8-bit', 'image': None, 'year_end': None, 'year_start': None, 'games_count': 308, 'image_background': 'https://media.rawg.io/media/screenshots/038/0385a47d3a43b218204268af5361a19e.jpg'}, 'released_at': '1982-01-01', 'requirements': {}}]",[],"[{'id': 25971, 'name': 'Sirius Software', 'slug': 'sirius-software', 'games_count': 7, 'image_background': 'https://media.rawg.io/media/screenshots/756/7563ab2199daf05ffa83186e308f392b.jpg'}]",[],"[{'id': 31, 'name': 'Singleplayer', 'slug': 'singleplayer', 'language': 'eng', 'games_count': 238404, 'image_background': 'https://media.rawg.io/media/games/26d/26d4437715bee60138dab4a7c8c59c92.jpg'}]","[{'id': 20505, 'name': 'Sirius Software', 'slug': 'sirius-software', 'games_count': 4, 'image_background': 'https://media.rawg.io/media/screenshots/efe/efee62b4b18de9e2fd0c4845fd467362.jpg'}]",,,"Wayout is a 3D, first-person perspective, video game programmed by Paul Allen Edelstein, originally published for the Atari 8-bit computers in 1982. It was ported to the Apple II and Commodore 64.
Wayout is among the first maze games to offer full 360 degree 3D perspective and movement, and its graphics were considered state-of-the-art upon its release. There were many pseudo-3D maze games at the time (such as 3D Monster Maze, Phantom Slayer, and 3-Demon), but they used a fixed perspective and only 4-way movement.
Capture the Flag was released as a follow-up in 1983. It has similar graphics to Wayout, but allows two players to compete at once with a split-screen view, and adds dynamic music.",,4.0,2.0,2.0,1.0,,,,,,,,,0.0,,,,
376904,the-battle-of-the-bulge-tigers-in-the-snow,The Battle of the Bulge: Tigers in the Snow,The Battle of the Bulge: Tigers in the Snow,"<p>The Battle of the Bulge: Tigers in the Snow is a strategy game. It was originally released in 1982. Most rawgers rated the game as ""Meh"". <br>You can play The Battle of the Bulge: Tigers in the Snow on PC. </p>

<p></p>",,[],1982-02-01,False,2023-02-08T10:51:56,https://media.rawg.io/media/screenshots/60e/60ec3f8d4f0fb2163c9864924c963ecc.jpg,,,0.0,0,"[{'id': 3, 'title': 'meh', 'count': 1, 'percent': 100.0}]",8,0,1,0,0,0,0,,,,,0,0,0,0,1,30,[],,0,0,0,,1,0f0f0f,0f0f0f,"[{'platform': {'id': 1, 'name': 'PC', 'slug': 'pc'}}]","[{'platform': {'id': 4, 'name': 'PC', 'slug': 'pc', 'image': None, 'year_end': None, 'year_start': None, 'games_count': 547195, 'image_background': 'https://media.rawg.io/media/games/021/021c4e21a1824d2526f925eff6324653.jpg'}, 'released_at': '1982-02-01', 'requirements': {}}]",[],[],"[{'id': 10, 'name': 'Strategy', 'slug': 'strategy', 'games_count': 59661, 'image_background': 'https://media.rawg.io/media/games/08b/08b2eee52a9876a48b955e5149affe5b.jpg'}]",[],[],,,,1.0,4.0,1.0,1.0,1.0,,,,,,,,,0.0,,,,
30147,universe,Universe,Universe,"<p>
In the distant 24th Century, on the far off world of Axia, located in a star cluster known as the Local Group, all is not well. Crime runs rampant, piracy and slavery go unopposed and oppresive governments rule. But far worse is the distressing news from Axia that for the past 80 days, not a single package has arrived from Earth. Launched via an acient piece of alien technology known as the Hyperspace Booster, these packages serve as the lifeblood of the Local Group. With travel to earth taking decades by conventional means, the Local Group is now in great peril.<br/>
 
</p>
<p>
Only 15 days ago, the Axian Central Educational Institute announced that it had evidence pointing to the presence of a hyperspace booster - somewhere in the Local Group. 
</p>
<p>
 
</p>
<p>
Your mission: locate the hyperspace booster. Your ship and crew aren't free, however, so during the course of your search, you are going to have to earn a living. Be the first to find the second hyperspace booster and your fortune is made. Fail, and a civilization encompassing 21 inhabited planets and 20 billion people will fall. 
</p>
<p>
 
</p>
<p>
The need for a hero has never been greater.
</p>
<p>
 
</p>
Features:<ul>
<li>Purchase and customize your vary own starship</li>
<li>Hire on a crew and stock up on weapons</li>
<li>Explore the Local Group and fend of Pirate attacks</li>
<li>Trade supplies and earn enough to continue to travels</li>
</ul>",,[],1982-12-31,False,2023-10-20T07:32:14,https://media.rawg.io/media/screenshots/f93/f93457c6329d40ba2d663cf4dde28f90.jpg,https://media.rawg.io/media/screenshots/0d1/0d1e7b555a14f969caf291f5a0c7ff6f.jpg,,0.0,0,[],8,0,2,0,6,0,0,,,,,0,0,0,0,0,76,[],,0,0,0,,0,0f0f0f,0f0f0f,"[{'platform': {'id': 1, 'name': 'PC', 'slug': 'pc'}}, {'platform': {'id': 10, 'name': 'Commodore / Amiga', 'slug': 'commodore-amiga'}}]","[{'platform': {'id': 4, 'name': 'PC', 'slug': 'pc', 'image': None, 'year_end': None, 'year_start': None, 'games_count': 547196, 'image_background': 'https://media.rawg.io/media/games/6fc/6fcf4cd3b17c288821388e6085bb0fc9.jpg'}, 'released_at': '1982-12-31', 'requirements': {}}, {'platform': {'id': 166, 'name': 'Commodore / Amiga', 'slug': 'commodore-amiga', 'image': None, 'year_end': None, 'year_start': None, 'games_count': 2083, 'image_background': 'https://media.rawg.io/media/games/cce/cce8bebe861f295003f5a9fe5b11233f.jpg'}, 'released_at': '1994-01-01', 'requirements': {}}]","[{'id': 967577, 'url': '', 'store': {'id': 5, 'name': 'GOG', 'slug': 'gog', 'domain': 'gog.com', 'games_count': 6713, 'image_background': 'https://media.rawg.io/media/games/5c0/5c0dd63002cb23f804aab327d40ef119.jpg'}}]","[{'id': 6102, 'name': 'Core Design', 'slug': 'core-design', 'games_count': 51, 'image_background': 'https://media.rawg.io/media/screenshots/94a/94a34fc671946397b656bbca39798425.jpg'}, {'id': 14597, 'name': 'East Point Software', 'slug': 'east-point-software', 'games_count': 11, 'image_background': 'https://media.rawg.io/media/screenshots/908/90858ea6641913cfff22a0e9c03a3dbc.jpg'}, {'id': 27093, 'name': 'Omnitrend Software', 'slug': 'omnitrend-software', 'games_count': 9, 'image_background': 'https://media.rawg.io/media/games/781/78147bbd2444a3c6e2525c72edd7118f.jpg'}]","[{'id': 3, 'name': 'Adventure', 'slug': 'adventure', 'games_count': 146481, 'image_background': 'https://media.rawg.io/media/games/b6b/b6b20bfc4b34e312dbc8aac53c95a348.jpg'}]","[{'id': 31, 'name': 'Singleplayer', 'slug': 'singleplayer', 'language': 'eng', 'games_count': 238404, 'image_background': 'https://media.rawg.io/media/games/26d/26d4437715bee60138dab4a7c8c59c92.jpg'}]","[{'id': 10382, 'name': 'Throwback Entertainment', 'slug': 'throwback-entertainment', 'games_count': 30, 'image_background': 'https://media.rawg.io/media/screenshots/d5d/d5d3b088dc053f9404ec568dc09187a6.jpg'}, {'id': 11682, 'name': 'Core Design', 'slug': 'core-design', 'games_count': 26, 'image_background': 'https://media.rawg.io/media/screenshots/567/5673f625adfe5e76b3d51ef7aaa92659.jpg'}]",,,"In the distant 24th Century, on the far off world of Axia, located in a star cluster known as the Local Group, all is not well. Crime runs rampant, piracy and slavery go unopposed and oppresive governments rule. But far worse is the distressing news from Axia that for the past 80 days, not a single package has arrived from Earth. Launched via an acient piece of alien technology known as the Hyperspace Booster, these packages serve as the lifeblood of the Local Group. With travel to earth taking decades by conventional means, the Local Group is now in great peril.

Only 15 days ago, the Axian Central Educational Institute announced that it had evidence pointing to the presence of a hyperspace booster - somewhere in the Local Group.

Your mission: locate the hyperspace booster. Your ship and crew aren't free, however, so during the course of your search, you are going to have to earn a living. Be the first to find the second hyperspace booster and your fortune is made. Fail, and a civilization encompassing 21 inhabited planets and 20 billion people will fall.

The need for a hero has never been greater.

Features:
Purchase and customize your vary own starship
Hire on a crew and stock up on weapons
Explore the Local Group and fend of Pirate attacks
Trade supplies and earn enough to continue to travels",1.0,4.0,,3.0,,,,,,,,,,0.0,,,,
318348,shadowfax,SHADOWFAX,SHADOWFAX,"<p>SHADOWFAX is an arcade game developed by Postern. It came out on 31-12-1982. The game is rated as ""Meh"" on RAWG. <br>SHADOWFAX is available on Commodore / Amiga. </p>

<p></p>",,[],1982-12-31,False,2019-05-10T13:18:47,https://media.rawg.io/media/screenshots/2aa/2aa66a8e2f3757020b93850d2290512b.jpg,https://media.rawg.io/media/screenshots/b18/b18887d5584435176177f8d701402b57.jpg,,0.0,0,"[{'id': 3, 'title': 'meh', 'count': 1, 'percent': 100.0}]",8,0,3,0,0,0,0,,,,,0,0,0,0,1,35,[],,0,0,0,,1,0f0f0f,0f0f0f,"[{'platform': {'id': 10, 'name': 'Commodore / Amiga', 'slug': 'commodore-amiga'}}]","[{'platform': {'id': 166, 'name': 'Commodore / Amiga', 'slug': 'commodore-amiga', 'image': None, 'year_end': None, 'year_start': None, 'games_count': 2083, 'image_background': 'https://media.rawg.io/media/games/cce/cce8bebe861f295003f5a9fe5b11233f.jpg'}, 'released_at': '1982-12-31', 'requirements': {}}]",[],"[{'id': 127254, 'name': 'Postern', 'slug': 'postern-ltd', 'games_count': 1, 'image_background': 'https://media.rawg.io/media/screenshots/2aa/2aa66a8e2f3757020b93850d2290512b.jpg'}]","[{'id': 11, 'name': 'Arcade', 'slug': 'arcade', 'games_count': 22658, 'image_background': 'https://media.rawg.io/media/games/556/556157feed9ee1f55f2b12b2973e30a3.jpg'}]",[],[],,,,,4.0,2.0,1.0,1.0,,,,,,,,,0.0,,,,
54592,rip-off-2,Rip-Off,Rip-Off,"<p>Rip-Off is a vector shoot 'em up released in arcades by Cinematronics in 1980. It is the first shoot 'em up arcade game to feature cooperative gameplay and the first game to exhibit ""flocking"" behavior. Rip-Off was ported to the Vectrex home system in 1982.</p>
<p>The objective of Rip-Off is to prevent computer-controlled enemies from stealing eight canisters set in the center of the screen. One or two players control tank-like vehicles while game-controlled ""pirate"" tanks rush onto the field and attempt to drag the canisters off the edge of the screen. Enemies can be defeated by shooting or colliding with them. The game speed and difficulty increase with each successive wave until all the canisters have been taken (""ripped off"").</p>",,[],1982-01-01,False,2022-07-27T05:49:04,,,,0.0,0,"[{'id': 3, 'title': 'meh', 'count': 1, 'percent': 50.0}, {'id': 1, 'title': 'skip', 'count': 1, 'percent': 50.0}]",7,0,0,0,1,0,0,,,,,0,0,0,0,2,0,[],,0,0,0,,2,0f0f0f,0f0f0f,"[{'platform': {'id': 9, 'name': 'Atari', 'slug': 'atari'}}]","[{'platform': {'id': 28, 'name': 'Atari 7800', 'slug': 'atari-7800', 'image': None, 'year_end': None, 'year_start': None, 'games_count': 64, 'image_background': 'https://media.rawg.io/media/screenshots/565/56504b28b184dbc630a7de118e39d822.jpg'}, 'released_at': '1982-01-01', 'requirements': {}}]",[],"[{'id': 15448, 'name': 'Cinematronics', 'slug': 'cinematronics', 'games_count': 4, 'image_background': 'https://media.rawg.io/media/screenshots/250/2503a4f9ac8fff404a6ac267abe2c40d.jpg'}, {'id': 26812, 'name': 'Tim Skelly', 'slug': 'tim-skelly', 'games_count': 1, 'image_background': ''}]","[{'id': 2, 'name': 'Shooter', 'slug': 'shooter', 'games_count': 59560, 'image_background': 'https://media.rawg.io/media/games/d58/d588947d4286e7b5e0e12e1bea7d9844.jpg'}]","[{'id': 31, 'name': 'Singleplayer', 'slug': 'singleplayer', 'language': 'eng', 'games_count': 238404, 'image_background': 'https://media.rawg.io/media/games/26d/26d4437715bee60138dab4a7c8c59c92.jpg'}, {'id': 18, 'name': 'Co-op', 'slug': 'co-op', 'language': 'eng', 'games_count': 13123, 'image_background': 'https://media.rawg.io/media/games/55e/55ee6432ac2bf224610fa17e4c652107.jpg'}]","[{'id': 20055, 'name': 'Cinematronics', 'slug': 'cinematronics', 'games_count': 3, 'image_background': 'https://media.rawg.io/media/screenshots/b45/b452e9b20e969a64d0088ae467d1dcab.jpg'}]",,,"Rip-Off is a vector shoot 'em up released in arcades by Cinematronics in 1980. It is the first shoot 'em up arcade game to feature cooperative gameplay and the first game to exhibit ""flocking"" behavior. Rip-Off was ported to the Vectrex home system in 1982.
The objective of Rip-Off is to prevent computer-controlled enemies from stealing eight canisters set in the center of the screen. One or two players control tank-like vehicles while game-controlled ""pirate"" tanks rush onto the field and attempt to drag the canisters off the edge of the screen. Enemies can be defeated by shooting or colliding with them. The game speed and difficulty increase with each successive wave until all the canisters have been taken (""ripped off"").",,3.0,1.0,2.0,1.0,,,,,,,,,0.0,,,,
462682,commando-raid,Commando Raid,Commando Raid,<p>The goal is to protect buildings and shoot enemy helicopters and paratroopers while they try to dig tunnels underneath.</p>,,[],1982-07-01,False,2020-07-07T16:46:46,https://media.rawg.io/media/screenshots/aa4/aa4bf07eeecf8647a4bada67b41f90db.jpg,https://media.rawg.io/media/screenshots/f8a/f8aa27fa359176483ed6cd944a9f44b7.jpg,,0.0,0,"[{'id': 3, 'title': 'meh', 'count': 2, 'percent': 66.67}, {'id': 4, 'title': 'recommended', 'count': 1, 'percent': 33.33}]",6,0,2,0,0,0,0,,,,,0,0,0,0,2,54,[],,0,0,0,,3,0f0f0f,0f0f0f,"[{'platform': {'id': 9, 'name': 'Atari', 'slug': 'atari'}}]","[{'platform': {'id': 23, 'name': 'Atari 2600', 'slug': 'atari-2600', 'image': None, 'year_end': None, 'year_start': None, 'games_count': 294, 'image_background': 'https://media.rawg.io/media/screenshots/ff6/ff623993a854663931c1e78d72a16a5a.jpg'}, 'released_at': '1982-07-01', 'requirements': {}}]",[],"[{'id': 25977, 'name': 'US Games', 'slug': 'us-games', 'games_count': 4, 'image_background': 'https://media.rawg.io/media/screenshots/856/856f28489d553e694bbdead5f25b9559.jpg'}]","[{'id': 4, 'name': 'Action', 'slug': 'action', 'games_count': 186608, 'image_background': 'https://media.rawg.io/media/games/618/618c2031a07bbff6b4f611f10b6bcdbc.jpg'}, {'id': 2, 'name': 'Shooter', 'slug': 'shooter', 'games_count': 59560, 'image_background': 'https://media.rawg.io/media/games/d58/d588947d4286e7b5e0e12e1bea7d9844.jpg'}]",[],[],,,The goal is to protect buildings and shoot enemy helicopters and paratroopers while they try to dig tunnels underneath.,,2.0,1.0,1.0,2.0,,,,,,,,,0.0,,,,
736304,zork-iii-the-dungeon-master,Zork III: The Dungeon Master,Zork III: The Dungeon Master,"<p>Zork III: The Dungeon Master is an interactive fiction computer game written by Marc Blank, Dave Lebling, Bruce Daniels, and Tim Anderson and published by Infocom in 1982. Infocom&#39;s fourth game, it&#39;s the third game in the Zork trilogy. It was released for the Amstrad CPC, Apple II, Atari 8-bit family, Commodore 64, CP/M, IBM PC (as a self-booting disk), MSX, TRS-80, then later for Macintosh, Atari ST, and Amiga.</p>",,[],1982-08-18,False,2023-02-08T10:51:54,https://media.rawg.io/media/screenshots/cf2/cf2926d9106ffec1a992887f5f197b7c.jpg,https://media.rawg.io/media/screenshots/dcd/dcde3493285e8382a15305df01e71560.jpg,,0.0,0,"[{'id': 3, 'title': 'meh', 'count': 1, 'percent': 100.0}]",6,0,5,0,4,0,0,,,,,0,0,0,0,1,126,"['Zork 3', 'Zork III']",,0,0,4,,1,0f0f0f,0f0f0f,"[{'platform': {'id': 1, 'name': 'PC', 'slug': 'pc'}}, {'platform': {'id': 5, 'name': 'Apple Macintosh', 'slug': 'mac'}}, {'platform': {'id': 10, 'name': 'Commodore / Amiga', 'slug': 'commodore-amiga'}}]","[{'platform': {'id': 4, 'name': 'PC', 'slug': 'pc', 'image': None, 'year_end': None, 'year_start': None, 'games_count': 547194, 'image_background': 'https://media.rawg.io/media/games/4be/4be6a6ad0364751a96229c56bf69be59.jpg'}, 'released_at': '1982-08-18', 'requirements': {}}, {'platform': {'id': 166, 'name': 'Commodore / Amiga', 'slug': 'commodore-amiga', 'image': None, 'year_end': None, 'year_start': None, 'games_count': 2083, 'image_background': 'https://media.rawg.io/media/games/cce/cce8bebe861f295003f5a9fe5b11233f.jpg'}, 'released_at': '1982-08-18', 'requirements': {}}, {'platform': {'id': 41, 'name': 'Apple II', 'slug': 'apple-ii', 'image': None, 'year_end': None, 'year_start': None, 'games_count': 424, 'image_background': 'https://media.rawg.io/media/screenshots/3d2/3d2bb57b39e2efa39d1c385585b2ea8b.jpg'}, 'released_at': '1982-08-18', 'requirements': {}}]",[],[],"[{'id': 3, 'name': 'Adventure', 'slug': 'adventure', 'games_count': 146479, 'image_background': 'https://media.rawg.io/media/games/cee/cee577e2097a59b77193fe2bce94667d.jpg'}]","[{'id': 861, 'name': 'text-adventure', 'slug': 'text-adventure', 'language': 'eng', 'games_count': 359, 'image_background': 'https://media.rawg.io/media/screenshots/3fc/3fc1eb47fb42f0ad4091fdaa86a0c6f2.jpg'}]",[],,,"Zork III: The Dungeon Master is an interactive fiction computer game written by Marc Blank, Dave Lebling, Bruce Daniels, and Tim Anderson and published by Infocom in 1982. Infocom's fourth game, it's the third game in the Zork trilogy. It was released for the Amstrad CPC, Apple II, Atari 8-bit family, Commodore 64, CP/M, IBM PC (as a self-booting disk), MSX, TRS-80, then later for Macintosh, Atari ST, and Amiga.",,3.0,,2.0,1.0,,,,,,,,,0.0,,,,
456883,sneak-n-peek,Sneak 'n Peek,Sneak 'n Peek,"<p>Sneak 'n Peek is a puzzle game developed by James Wickstead Design Associates. It was originally released in 1982. It was published by US Games. The game is rated as ""Recommended"" on RAWG. <br>Sneak 'n Peek is available on NES and Atari 2600. </p>

<p></p>",,[],1982-01-01,False,2022-11-22T18:31:57,https://media.rawg.io/media/games/060/060a5280eea4c3fc9d23ce9d225ab6ab.jpg,https://media.rawg.io/media/screenshots/55c/55c457ccdac260168dc756bf833d2f18.jpg,,0.0,0,"[{'id': 4, 'title': 'recommended', 'count': 1, 'percent': 50.0}, {'id': 3, 'title': 'meh', 'count': 1, 'percent': 50.0}]",6,0,8,0,0,0,0,,,,,0,0,0,0,2,75,[],,0,0,0,,2,0f0f0f,0f0f0f,"[{'platform': {'id': 7, 'name': 'Nintendo', 'slug': 'nintendo'}}, {'platform': {'id': 9, 'name': 'Atari', 'slug': 'atari'}}]","[{'platform': {'id': 49, 'name': 'NES', 'slug': 'nes', 'image': None, 'year_end': None, 'year_start': None, 'games_count': 1015, 'image_background': 'https://media.rawg.io/media/games/7c5/7c50dd0415eb0a57505c58d4e50e4d24.jpg'}, 'released_at': '1982-01-01', 'requirements': {}}, {'platform': {'id': 23, 'name': 'Atari 2600', 'slug': 'atari-2600', 'image': None, 'year_end': None, 'year_start': None, 'games_count': 294, 'image_background': 'https://media.rawg.io/media/screenshots/ff6/ff623993a854663931c1e78d72a16a5a.jpg'}, 'released_at': '1982-01-01', 'requirements': {}}]",[],"[{'id': 25989, 'name': 'James Wickstead Design Associates', 'slug': 'james-wickstead-design-associates', 'games_count': 3, 'image_background': 'https://media.rawg.io/media/screenshots/ff9/ff92d5da2f5301988abede7470bc6ffe.jpg'}]","[{'id': 7, 'name': 'Puzzle', 'slug': 'puzzle', 'games_count': 97333, 'image_background': 'https://media.rawg.io/media/games/9f4/9f418898f5415668ca47b5f4ab1ecfeb.jpg'}]",[],"[{'id': 19458, 'name': 'US Games', 'slug': 'us-games', 'games_count': 5, 'image_background': 'https://media.rawg.io/media/screenshots/2ee/2ee6585691ad82e052617c9beb8b0806.jpg'}]",,,,,3.0,1.0,1.0,1.0,,,,1.0,Everyone,everyone,,,0.0,,,,
778187,alien-atari-2600,Alien (Atari 2600),Alien (Atari 2600),"<h2>&#39;Alien&#39; is a 1982 maze video game for the Atari 2600 published by 20th Century Fox.</h2>
<p>Based on the 1979 eponymous science-fiction film, Alien is a game title written by Doug Neubauer, but credited in the packaging as &quot;Dallas North&quot;. Alien for the Atari 2600 is the first officially licensed game of the Alien film series.</p>
<p>The player controls a member of the human crew pursued by three aliens in the hallways of a ship. The goal is to destroy the alien eggs laid in the hallways (like the dots in Pac-Man). Additionally, &quot;pulsars&quot; (similar to the power pills in Pac-Man) occasionally appear which turn the tables, allowing the human to overpower the aliens.</p>
<p>Despite having many features heavily stylised after Pac-Man, it has the inclusion of a bonus round after each successfully completed stage. It places the human (player) at the bottom of the screen, who must persevere through several rows of aliens in order to reach the prize at the top. Claiming the prize awarded the player with bonus points for that session.</p>",,[],1982-11-01,False,2022-05-02T02:41:44,https://media.rawg.io/media/screenshots/f71/f71ae8c4867ec2f3e0f9e51244f0bced.jpg,https://media.rawg.io/media/screenshots/a2d/a2da35ef70950cb3a69d40362022004e.jpg,,0.0,0,"[{'id': 3, 'title': 'meh', 'count': 1, 'percent': 50.0}, {'id': 1, 'title': 'skip', 'count': 1, 'percent': 50.0}]",5,0,4,0,1,0,0,,,,,0,0,0,0,2,34,[],,0,0,26,,2,0f0f0f,0f0f0f,"[{'platform': {'id': 9, 'name': 'Atari', 'slug': 'atari'}}]","[{'platform': {'id': 23, 'name': 'Atari 2600', 'slug': 'atari-2600', 'image': None, 'year_end': None, 'year_start': None, 'games_count': 294, 'image_background': 'https://media.rawg.io/media/screenshots/ff6/ff623993a854663931c1e78d72a16a5a.jpg'}, 'released_at': '1982-11-01', 'requirements': {}}]",[],"[{'id': 26019, 'name': '20th Century Fox Games', 'slug': '20th-century-fox-games', 'games_count': 2, 'image_background': 'https://media.rawg.io/media/screenshots/9d0/9d057ccd877f7d3cfcb7611547a3e652.jpg'}]","[{'id': 40, 'name': 'Casual', 'slug': 'casual', 'games_count': 61303, 'image_background': 'https://media.rawg.io/media/games/e44/e445335e611b4ccf03af71fffcbd30a4.jpg'}]","[{'id': 31, 'name': 'Singleplayer', 'slug': 'singleplayer', 'language': 'eng', 'games_count': 238404, 'image_background': 'https://media.rawg.io/media/games/26d/26d4437715bee60138dab4a7c8c59c92.jpg'}, {'id': 74, 'name': 'Retro', 'slug': 'retro', 'language': 'eng', 'games_count': 43195, 'image_background': 'https://media.rawg.io/media/games/e04/e04963f3ac4c4fa83a1dc0b9231e50db.jpg'}, {'id': 2191, 'name': 'alien', 'slug': 'alien', 'language': 'eng', 'games_count': 1217, 'image_background': 'https://media.rawg.io/media/screenshots/79f/79f15eeda71f7534d58bacc55ae50ec0.jpg'}, {'id': 30084, 'name': 'movie-based', 'slug': 'movie-based', 'language': 'eng', 'games_count': 8, 'image_background': 'https://media.rawg.io/media/screenshots/9ac/9acfc9895889389394139ccea1fd16d0.jpg'}, {'id': 72936, 'name': 'licensed', 'slug': 'licensed', 'language': 'eng', 'games_count': 10, 'image_background': 'https://media.rawg.io/media/screenshots/20f/20f6573d6888c603129a41207c098a2a.jpg'}, {'id': 1534, 'name': 'atari', 'slug': 'atari', 'language': 'eng', 'games_count': 1158, 'image_background': 'https://media.rawg.io/media/screenshots/d10/d10fdd0fc764ad4a5d70fffa6aee1175.jpg'}, {'id': 73195, 'name': 'bonus-rounds', 'slug': 'bonus-rounds', 'language': 'eng', 'games_count': 2, 'image_background': 'https://media.rawg.io/media/screenshots/f71/f71ae8c4867ec2f3e0f9e51244f0bced.jpg'}, {'id': 5963, 'name': 'joystick', 'slug': 'joystick', 'language': 'eng', 'games_count': 43, 'image_background': 'https://media.rawg.io/media/screenshots/5de/5de1851b874b37f9076f7fb56d42bcaa.jpg'}, {'id': 26472, 'name': 'maze-games', 'slug': 'maze-games', 'language': 'eng', 'games_count': 7, 'image_background': 'https://media.rawg.io/media/screenshots/f71/f71ae8c4867ec2f3e0f9e51244f0bced.jpg'}]","[{'id': 19454, 'name': '20th Century Fox Games', 'slug': '20th-century-fox-games', 'games_count': 3, 'image_background': 'https://media.rawg.io/media/screenshots/5c5/5c56d5029aa0cedb9dbb0c9914efab77.jpg'}]",,,"'Alien' is a 1982 maze video game for the Atari 2600 published by 20th Century Fox. 
-
Based on the 1979 eponymous science-fiction film, Alien is a game title written by Doug Neubauer, but credited in the packaging as ""Dallas North"". Alien for the Atari 2600 is the first officially licensed game of the Alien film series.

The player controls a member of the human crew pursued by three aliens in the hallways of a ship. The goal is to destroy the alien eggs laid in the hallways (like the dots in Pac-Man). Additionally, ""pulsars"" (similar to the power pills in Pac-Man) occasionally appear which turn the tables, allowing the human to overpower the aliens.

Despite having many features heavily stylised after Pac-Man, it has the inclusion of a bonus round after each successfully completed stage. It places the human (player) at the bottom of the screen, who must persevere through several rows of aliens in order to reach the prize at the top. Claiming the prize awarded the player with bonus points for that session.",,3.0,,1.0,1.0,,,,,,,,,0.0,,,,
55686,transylvania,Transylvania,Transylvania,<p>Transylvania was the name of a trilogy of computer games released for several home computers of the 1980s. The games were graphic adventure games created by Antonio Antiochia and produced by Penguin Software/Polarware.</p>,,[],1982-07-01,False,2023-02-08T10:51:55,https://media.rawg.io/media/screenshots/660/6609a32fc5df22f9c0573fa3a1f42f2b.jpg,https://media.rawg.io/media/screenshots/c38/c38ed8e5d00e3516970d5ec3296f95c6.jpg,,0.0,0,[],5,0,17,0,1,0,0,,,,,0,0,0,0,0,263,[],,0,0,0,,0,0f0f0f,0f0f0f,"[{'platform': {'id': 1, 'name': 'PC', 'slug': 'pc'}}, {'platform': {'id': 4, 'name': 'iOS', 'slug': 'ios'}}, {'platform': {'id': 5, 'name': 'Apple Macintosh', 'slug': 'mac'}}, {'platform': {'id': 9, 'name': 'Atari', 'slug': 'atari'}}, {'platform': {'id': 10, 'name': 'Commodore / Amiga', 'slug': 'commodore-amiga'}}]","[{'platform': {'id': 55, 'name': 'Classic Macintosh', 'slug': 'macintosh', 'image': None, 'year_end': None, 'year_start': None, 'games_count': 675, 'image_background': 'https://media.rawg.io/media/games/38a/38af969459ad6e5de116ec8a4a84218c.jpg'}, 'released_at': '1982-07-01', 'requirements': {}}, {'platform': {'id': 41, 'name': 'Apple II', 'slug': 'apple-ii', 'image': None, 'year_end': None, 'year_start': None, 'games_count': 424, 'image_background': 'https://media.rawg.io/media/screenshots/3d2/3d2bb57b39e2efa39d1c385585b2ea8b.jpg'}, 'released_at': '1982-07-01', 'requirements': {}}, {'platform': {'id': 34, 'name': 'Atari ST', 'slug': 'atari-st', 'image': None, 'year_end': None, 'year_start': None, 'games_count': 836, 'image_background': 'https://media.rawg.io/media/games/637/637d7dc2f44d0f6ddd3ee2c0b1366962.jpg'}, 'released_at': '1982-07-01', 'requirements': {}}, {'platform': {'id': 25, 'name': 'Atari 8-bit', 'slug': 'atari-8-bit', 'image': None, 'year_end': None, 'year_start': None, 'games_count': 308, 'image_background': 'https://media.rawg.io/media/screenshots/038/0385a47d3a43b218204268af5361a19e.jpg'}, 'released_at': '1982-07-01', 'requirements': {}}, {'platform': {'id': 3, 'name': 'iOS', 'slug': 'ios', 'image': None, 'year_end': None, 'year_start': None, 'games_count': 77392, 'image_background': 'https://media.rawg.io/media/games/5fa/5fae5fec3c943179e09da67a4427d68f.jpg'}, 'released_at': '1982-07-01', 'requirements': {}}, {'platform': {'id': 166, 'name': 'Commodore / Amiga', 'slug': 'commodore-amiga', 'image': None, 'year_end': None, 'year_start': None, 'games_count': 2083, 'image_background': 'https://media.rawg.io/media/games/cce/cce8bebe861f295003f5a9fe5b11233f.jpg'}, 'released_at': '1982-07-01', 'requirements': {}}, {'platform': {'id': 4, 'name': 'PC', 'slug': 'pc', 'image': None, 'year_end': None, 'year_start': None, 'games_count': 547196, 'image_background': 'https://media.rawg.io/media/games/6fc/6fcf4cd3b17c288821388e6085bb0fc9.jpg'}, 'released_at': '1982-07-01', 'requirements': {}}]",[],[],"[{'id': 3, 'name': 'Adventure', 'slug': 'adventure', 'games_count': 146481, 'image_background': 'https://media.rawg.io/media/games/b6b/b6b20bfc4b34e312dbc8aac53c95a348.jpg'}]","[{'id': 4226, 'name': 'penguin', 'slug': 'penguin', 'language': 'eng', 'games_count': 580, 'image_background': 'https://media.rawg.io/media/screenshots/cb8/cb80b8683fc9d875478c9d699d7d8b76.jpg'}]","[{'id': 20612, 'name': 'Penguin Software', 'slug': 'penguin-software', 'games_count': 4, 'image_background': 'https://media.rawg.io/media/screenshots/aa3/aa3cabcaeeaa49955d69308fd6cfccfb.jpg'}]",,,Transylvania was the name of a trilogy of computer games released for several home computers of the 1980s. The games were graphic adventure games created by Antonio Antiochia and produced by Penguin Software/Polarware.,,4.0,,,1.0,,,,,,,,,0.0,,,,
541267,microsoft-flight-simulator-10,Microsoft Flight Simulator 1.0,Microsoft Flight Simulator 1.0,"<p>Microsoft Flight Simulator 1.0 is a simulation game. It was originally released in 1982. Microsoft Studios published the game. Most rawgers rated the game as ""Meh"". </p>

<p></p>",,[],1982-11-01,False,2021-01-10T21:06:31,https://media.rawg.io/media/screenshots/f55/f55905e145aa4e7918aa7c1ba25dd20a.jpg,,,0.0,0,"[{'id': 3, 'title': 'meh', 'count': 1, 'percent': 100.0}]",5,0,1,0,1,0,0,,,,,0,0,0,0,1,40,['Microsoft Flight Simulator'],,0,0,0,,1,0f0f0f,0f0f0f,[],[],[],[],"[{'id': 14, 'name': 'Simulation', 'slug': 'simulation', 'games_count': 73491, 'image_background': 'https://media.rawg.io/media/games/48c/48cb04ca483be865e3a83119c94e6097.jpg'}]",[],"[{'id': 20987, 'name': 'Microsoft Studios', 'slug': 'microsoft-studios', 'games_count': 499, 'image_background': 'https://media.rawg.io/media/games/2f5/2f5eb72fe45540e93ac2726877551a20.jpg'}]",,,,,2.0,,2.0,1.0,,,,,,,,,0.0,,,,
535529,evolution-3,Evolution.,Evolution.,"<p>Evolution. is an action game. It came out on 01-01-1982. Most rawgers rated the game as ""Meh"". </p>

<p></p>",,[],1982-01-01,False,2020-12-23T15:15:47,,,,0.0,0,"[{'id': 3, 'title': 'meh', 'count': 1, 'percent': 50.0}, {'id': 1, 'title': 'skip', 'count': 1, 'percent': 50.0}]",4,0,0,0,0,0,0,,,,,0,0,0,0,2,0,[],,0,0,0,,2,0f0f0f,0f0f0f,[],[],[],[],"[{'id': 4, 'name': 'Action', 'slug': 'action', 'games_count': 186608, 'image_background': 'https://media.rawg.io/media/games/618/618c2031a07bbff6b4f611f10b6bcdbc.jpg'}]",[],[],,,,,2.0,1.0,,1.0,,,,,,,,,0.0,,,,
541266,utopia-1981,Utopia (1981),Utopia (1981),"<p>Utopia (1981) is a simulation game. It was originally released in 1982. Mattel Electronics published the game. Most rawgers rated the game as ""Meh"". </p>

<p></p>",,[],1982-06-03,False,2021-01-10T20:56:54,https://media.rawg.io/media/screenshots/bed/bedc70d522a1da123b30cae13c07d12b.jpg,,,0.0,0,"[{'id': 3, 'title': 'meh', 'count': 1, 'percent': 100.0}]",3,0,1,0,0,0,0,,,,,0,0,0,0,1,7,[],,0,0,0,,1,0f0f0f,0f0f0f,[],[],[],[],"[{'id': 14, 'name': 'Simulation', 'slug': 'simulation', 'games_count': 73491, 'image_background': 'https://media.rawg.io/media/games/48c/48cb04ca483be865e3a83119c94e6097.jpg'}]",[],"[{'id': 19441, 'name': 'Mattel Electronics', 'slug': 'mattel-electronics', 'games_count': 3, 'image_background': 'https://media.rawg.io/media/screenshots/ab1/ab1add2cb77d8753ceea4ed2e0824d76.jpg'}]",,,,,2.0,,,1.0,,,,,,,,,0.0,,,,
779740,miner-2049er-1982,Miner 2049er (1982),Miner 2049er (1982),"<h2>&#39;Miner 2049er&#39; is a platform video game created by Bill Hogue that was released in 1982 by Big Five Software. It was developed for the Atari 8-bit family and widely ported to other systems.</h2>
<p>As Bounty Bob, the player&#39;s goal is to inspect every section of each mine in search of the evil Yukon Yohan while avoiding the radioactive creatures that inhabit the mine. As Bounty Bob walks over a section of flooring, it fills with color. To complete the level, every section of flooring must be colored. There are ten mines in total (eleven in the ColecoVision port). Each level is timed and must be completed before the player runs out of oxygen.</p>
<p>Objects in each mine aid and hinder Bob&#39;s progress. Ladders allow him to climb up or down to the next platform, chutes slide Bob off a platform (often against his will), and pulverizers crush Bob if he gets in their way. Some items, if picked up, can also garner the player extra points.</p>",,[],1982-09-01,False,2022-05-02T22:06:24,,,,0.0,0,"[{'id': 3, 'title': 'meh', 'count': 1, 'percent': 100.0}]",3,0,0,0,0,0,0,,,,,0,0,0,0,1,0,['Bounty Bob'],https://www.metacritic.com/game/ios/miner-2049er,0,0,0,,1,0f0f0f,0f0f0f,"[{'platform': {'id': 5, 'name': 'Apple Macintosh', 'slug': 'mac'}}, {'platform': {'id': 7, 'name': 'Nintendo', 'slug': 'nintendo'}}, {'platform': {'id': 9, 'name': 'Atari', 'slug': 'atari'}}, {'platform': {'id': 10, 'name': 'Commodore / Amiga', 'slug': 'commodore-amiga'}}]","[{'platform': {'id': 26, 'name': 'Game Boy', 'slug': 'game-boy', 'image': None, 'year_end': None, 'year_start': None, 'games_count': 617, 'image_background': 'https://media.rawg.io/media/games/057/0573c1c9e1f2414c1f4acabe86ee9fd9.jpg'}, 'released_at': '1982-09-01', 'requirements': {}}, {'platform': {'id': 166, 'name': 'Commodore / Amiga', 'slug': 'commodore-amiga', 'image': None, 'year_end': None, 'year_start': None, 'games_count': 2083, 'image_background': 'https://media.rawg.io/media/games/cce/cce8bebe861f295003f5a9fe5b11233f.jpg'}, 'released_at': '1982-09-01', 'requirements': {}}, {'platform': {'id': 25, 'name': 'Atari 8-bit', 'slug': 'atari-8-bit', 'image': None, 'year_end': None, 'year_start': None, 'games_count': 308, 'image_background': 'https://media.rawg.io/media/screenshots/038/0385a47d3a43b218204268af5361a19e.jpg'}, 'released_at': '1982-09-01', 'requirements': {}}, {'platform': {'id': 41, 'name': 'Apple II', 'slug': 'apple-ii', 'image': None, 'year_end': None, 'year_start': None, 'games_count': 424, 'image_background': 'https://media.rawg.io/media/screenshots/3d2/3d2bb57b39e2efa39d1c385585b2ea8b.jpg'}, 'released_at': '1982-09-01', 'requirements': {}}, {'platform': {'id': 31, 'name': 'Atari 5200', 'slug': 'atari-5200', 'image': None, 'year_end': None, 'year_start': None, 'games_count': 64, 'image_background': 'https://media.rawg.io/media/screenshots/678/6786598cba3939d48ed60cbd1a3723f4.jpg'}, 'released_at': '1982-09-01', 'requirements': {}}]",[],"[{'id': 26685, 'name': 'Eastridge Technology', 'slug': 'eastridge-technology', 'games_count': 5, 'image_background': 'https://media.rawg.io/media/screenshots/fe1/fe17432ca7cfaaeee627119389f15259.jpg'}, {'id': 25985, 'name': 'Big Five Software', 'slug': 'big-five-software', 'games_count': 3, 'image_background': 'https://media.rawg.io/media/screenshots/41f/41fc947358059a0f33e3d015ec442bb4.jpg'}]","[{'id': 10, 'name': 'Strategy', 'slug': 'strategy', 'games_count': 59661, 'image_background': 'https://media.rawg.io/media/games/08b/08b2eee52a9876a48b955e5149affe5b.jpg'}, {'id': 11, 'name': 'Arcade', 'slug': 'arcade', 'games_count': 22658, 'image_background': 'https://media.rawg.io/media/games/556/556157feed9ee1f55f2b12b2973e30a3.jpg'}, {'id': 83, 'name': 'Platformer', 'slug': 'platformer', 'games_count': 100868, 'image_background': 'https://media.rawg.io/media/games/4cb/4cb855e8ef1578415a928e53c9f51867.png'}]",[],"[{'id': 19475, 'name': 'Big Five Software', 'slug': 'big-five-software', 'games_count': 3, 'image_background': 'https://media.rawg.io/media/screenshots/be8/be8435b63b4256023f63c627ef6e25ad.jpg'}]",,,"'Miner 2049er' is a platform video game created by Bill Hogue that was released in 1982 by Big Five Software. It was developed for the Atari 8-bit family and widely ported to other systems. 
-
As Bounty Bob, the player's goal is to inspect every section of each mine in search of the evil Yukon Yohan while avoiding the radioactive creatures that inhabit the mine. As Bounty Bob walks over a section of flooring, it fills with color. To complete the level, every section of flooring must be colored. There are ten mines in total (eleven in the ColecoVision port). Each level is timed and must be completed before the player runs out of oxygen.

Objects in each mine aid and hinder Bob's progress. Ladders allow him to climb up or down to the next platform, chutes slide Bob off a platform (often against his will), and pulverizers crush Bob if he gets in their way. Some items, if picked up, can also garner the player extra points.",,2.0,,,1.0,,,,,,,,,0.0,,,,
988984,fantastic-voyage,Fantastic Voyage,Fantastic Voyage,<p>Fantastic Voyage is a vertically scrolling shooter for one player. The premise of the game follows that of the 1966 movie of the same name; you and your submarine have been miniaturized and injected into the blood stream of an ill patient. Your goal is to prevent the patient from dying by locating deadly blood clots and destroying them.</p>,,[],1982-12-01,False,2024-09-19T14:02:53,https://media.rawg.io/media/screenshots/8de/8de063cc8100e53b76fa3c9866f0e3c3.jpg,https://media.rawg.io/media/screenshots/2d7/2d79fe7935b04d1b6a15326b4f8e8100.jpg,,0.0,0,[],2,0,3,0,4,0,0,,,,,0,0,0,0,0,0,[],,0,0,0,,0,0f0f0f,0f0f0f,"[{'platform': {'id': 9, 'name': 'Atari', 'slug': 'atari'}}]","[{'platform': {'id': 23, 'name': 'Atari 2600', 'slug': 'atari-2600', 'image': None, 'year_end': None, 'year_start': None, 'games_count': 294, 'image_background': 'https://media.rawg.io/media/screenshots/ff6/ff623993a854663931c1e78d72a16a5a.jpg'}, 'released_at': '1982-12-01', 'requirements': {}}]",[],"[{'id': 25971, 'name': 'Sirius Software', 'slug': 'sirius-software', 'games_count': 7, 'image_background': 'https://media.rawg.io/media/screenshots/756/7563ab2199daf05ffa83186e308f392b.jpg'}]","[{'id': 2, 'name': 'Shooter', 'slug': 'shooter', 'games_count': 59560, 'image_background': 'https://media.rawg.io/media/games/d58/d588947d4286e7b5e0e12e1bea7d9844.jpg'}]",[],[],,,Fantastic Voyage is a vertically scrolling shooter for one player. The premise of the game follows that of the 1966 movie of the same name; you and your submarine have been miniaturized and injected into the blood stream of an ill patient. Your goal is to prevent the patient from dying by locating deadly blood clots and destroying them.,,1.0,,,1.0,,,,,,,,,0.0,,,,
989333,planet-patrol-1982,Planet Patrol (1982),Planet Patrol (1982),"<p>Welcome to STAR BASE SQUADRON COMMAND.</p>
<p>You have been recalled from your leave because PLANET &quot;SPECTRA&quot; in SECTOR &quot;S&quot; GALAXY has been invaded.</p>
<p>Each pilot will be given a MISSION CARTRIDGE with the latest laser films of the planet surface.<br />
The &quot;T.I.A.&#39;s&quot; have installed MISSILES BASES throughout the planet surface.<br />
They are known to be placed in groups of 3.</p>
<p>After you enter the PLANET STRATOSPHERE, search and destroy all ENEMY BASES.</p>
<p>Our advance landing parties have constructed landing strips for refueling.<br />
Watch your fuel level and refuel whenever possible.</p>
<p>The enemy will fire DRONE MISSILES at you, shoot as many of these down as possible.</p>",,[],1982-07-01,False,2024-09-26T00:30:38,https://media.rawg.io/media/screenshots/7e2/7e2b1a1220e0c71aec8db33b4a6b9dc6.jpg,https://media.rawg.io/media/screenshots/ae1/ae145dceba1b8785a961167e724de81d.jpg,,0.0,0,[],1,0,4,0,0,0,0,,,,,0,0,0,0,0,30,[],,0,0,0,,0,0f0f0f,0f0f0f,"[{'platform': {'id': 9, 'name': 'Atari', 'slug': 'atari'}}]","[{'platform': {'id': 23, 'name': 'Atari 2600', 'slug': 'atari-2600', 'image': None, 'year_end': None, 'year_start': None, 'games_count': 294, 'image_background': 'https://media.rawg.io/media/screenshots/ff6/ff623993a854663931c1e78d72a16a5a.jpg'}, 'released_at': '1982-07-01', 'requirements': {}}]",[],[],"[{'id': 2, 'name': 'Shooter', 'slug': 'shooter', 'games_count': 59560, 'image_background': 'https://media.rawg.io/media/games/d58/d588947d4286e7b5e0e12e1bea7d9844.jpg'}]",[],"[{'id': 19453, 'name': 'Spectravideo', 'slug': 'spectravideo', 'games_count': 4, 'image_background': 'https://media.rawg.io/media/screenshots/0cb/0cb4c71338f1b50cd682c2986ffd9cab.jpg'}]",,,"Welcome to STAR BASE SQUADRON COMMAND.

You have been recalled from your leave because PLANET ""SPECTRA"" in SECTOR ""S"" GALAXY has been invaded.

Each pilot will be given a MISSION CARTRIDGE with the latest laser films of the planet surface.
The ""T.I.A.'s"" have installed MISSILES BASES throughout the planet surface.
They are known to be placed in groups of 3.

After you enter the PLANET STRATOSPHERE, search and destroy all ENEMY BASES.

Our advance landing parties have constructed landing strips for refueling.
Watch your fuel level and refuel whenever possible.

The enemy will fire DRONE MISSILES at you, shoot as many of these down as possible.",,,,,1.0,,,,,,,,,0.0,,,,
988981,infiltrate-1982,Infiltrate (1982),Infiltrate (1982),<p>You are a secret agent on a mission of crucial importance. Your mission is to infiltrate a top secret fortress. You must capture enemy documents and get out alive. Your challenge: the diabolical maze of corridors and elevators designed to confuse you and keep you from the documents. Your danger: enemy assassins programmed to shoot on sight. Your weapon: a high-power laser gun as powerful as that of the enemy. Your advantage: you&#39;re Sharp enough to duck when they shoot. It&#39;s a hectic chase. Hop an elevator. Survive enemy fire. Fire back. Duck. Infiltrate if you dare!</p>,,[],1982-07-01,False,2024-09-19T13:28:09,https://media.rawg.io/media/screenshots/909/9090452f704b9b5cdf20a84c085b915c.jpg,https://media.rawg.io/media/screenshots/e3b/e3b7d4b6e5fb0336c88bd07101d84617.jpg,,0.0,0,[],1,0,2,0,0,0,0,,,,,0,0,0,0,0,18,[],,0,0,0,,0,0f0f0f,0f0f0f,"[{'platform': {'id': 9, 'name': 'Atari', 'slug': 'atari'}}]","[{'platform': {'id': 23, 'name': 'Atari 2600', 'slug': 'atari-2600', 'image': None, 'year_end': None, 'year_start': None, 'games_count': 294, 'image_background': 'https://media.rawg.io/media/screenshots/ff6/ff623993a854663931c1e78d72a16a5a.jpg'}, 'released_at': '1982-07-01', 'requirements': {}}]",[],"[{'id': 62369, 'name': 'Apollo', 'slug': 'apollo', 'games_count': 3, 'image_background': 'https://media.rawg.io/media/screenshots/b93/b93e16ee45e1cc6dff4e43bf21f378e5.jpg'}]","[{'id': 2, 'name': 'Shooter', 'slug': 'shooter', 'games_count': 59560, 'image_background': 'https://media.rawg.io/media/games/d58/d588947d4286e7b5e0e12e1bea7d9844.jpg'}, {'id': 83, 'name': 'Platformer', 'slug': 'platformer', 'games_count': 100868, 'image_background': 'https://media.rawg.io/media/games/4cb/4cb855e8ef1578415a928e53c9f51867.png'}]",[],[],,,You are a secret agent on a mission of crucial importance. Your mission is to infiltrate a top secret fortress. You must capture enemy documents and get out alive. Your challenge: the diabolical maze of corridors and elevators designed to confuse you and keep you from the documents. Your danger: enemy assassins programmed to shoot on sight. Your weapon: a high-power laser gun as powerful as that of the enemy. Your advantage: you're Sharp enough to duck when they shoot. It's a hectic chase. Hop an elevator. Survive enemy fire. Fire back. Duck. Infiltrate if you dare!,,,,,1.0,,,,,,,,,0.0,,,,
202026,et-the-extraterrestrial,E.T. The extraterrestrial,E.T. The extraterrestrial,"<p>Poor ET, I hope this helps you to get some love... It is based on KHan&#39;s homebrew port of the Atari 2600 game for the NES. Rani improved it in every aspect as possible!</p>",,[],1982-12-01,False,2024-11-11T07:45:14,https://media.rawg.io/media/games/0cc/0ccae2a6cadf5bbedc6193ed6e7315ab.jpg,https://media.rawg.io/media/screenshots/e05/e0508be019fc73e088375bffa9a792dc.jpg,,0.0,0,[],0,0,5,0,0,0,0,,,,,0,0,0,0,0,111,[],,1,0,0,,0,0f0f0f,0f0f0f,"[{'platform': {'id': 7, 'name': 'Nintendo', 'slug': 'nintendo'}}]","[{'platform': {'id': 49, 'name': 'NES', 'slug': 'nes', 'image': None, 'year_end': None, 'year_start': None, 'games_count': 1015, 'image_background': 'https://media.rawg.io/media/games/7c5/7c50dd0415eb0a57505c58d4e50e4d24.jpg'}, 'released_at': '1982-12-01', 'requirements': {}}]",[],"[{'id': 656, 'name': 'Atari', 'slug': 'atari', 'games_count': 137, 'image_background': 'https://media.rawg.io/media/games/0d2/0d2d6f345cd77639d65a235cb7dd0a21.jpg'}, {'id': 326410, 'name': 'Scott Howarth', 'slug': 'scott-howarth', 'games_count': 2, 'image_background': 'https://media.rawg.io/media/screenshots/5c3/5c360b3ab94fbc5bb1bee010662f153e.jpg'}]","[{'id': 4, 'name': 'Action', 'slug': 'action', 'games_count': 186608, 'image_background': 'https://media.rawg.io/media/games/618/618c2031a07bbff6b4f611f10b6bcdbc.jpg'}, {'id': 3, 'name': 'Adventure', 'slug': 'adventure', 'games_count': 146481, 'image_background': 'https://media.rawg.io/media/games/b6b/b6b20bfc4b34e312dbc8aac53c95a348.jpg'}]","[{'id': 1471, 'name': 'ai', 'slug': 'ai', 'language': 'eng', 'games_count': 2259, 'image_background': 'https://media.rawg.io/media/screenshots/b22/b228126ae00bc76eb0f700f25c7e2bed.jpg'}]","[{'id': 1779, 'name': 'Atari', 'slug': 'atari', 'games_count': 507, 'image_background': 'https://media.rawg.io/media/games/d82/d82dbcf92ded452bf8c6fb1bbdd62e52.jpg'}]",,,"Poor ET, I hope this helps you to get some love... It is based on KHan's homebrew port of the Atari 2600 game for the NES. Rani improved it in every aspect as possible!",,,,,,,,,,,,,,0.0,,,,
988986,international-soccer-1982,International Soccer (1982),International Soccer (1982),<p>The objective of the game is to score more goals than your opponent in two simulated 45-minute periods. A goal is scored by kicking the ball into your opponent&#39;s net. Each player has a 4-man team. You control one man on your team. Computer controls the other 3 and moves them to simulate a full 11-man team.</p>,,[],1982-07-01,False,2024-09-19T14:25:59,https://media.rawg.io/media/screenshots/a42/a425b13997940749bf7cd44da7cd5f0f.jpg,https://media.rawg.io/media/screenshots/75c/75c5b78a50ba2e039939fc42b9e5aeb8.jpg,,0.0,0,[],0,0,2,0,0,0,0,,,,,0,0,0,0,0,6,['NASL Soccer'],,0,0,0,,0,0f0f0f,0f0f0f,"[{'platform': {'id': 9, 'name': 'Atari', 'slug': 'atari'}}]","[{'platform': {'id': 23, 'name': 'Atari 2600', 'slug': 'atari-2600', 'image': None, 'year_end': None, 'year_start': None, 'games_count': 294, 'image_background': 'https://media.rawg.io/media/screenshots/ff6/ff623993a854663931c1e78d72a16a5a.jpg'}, 'released_at': '1982-07-01', 'requirements': {}}]",[],"[{'id': 25960, 'name': 'M Network', 'slug': 'm-network-2', 'games_count': 2, 'image_background': 'https://media.rawg.io/media/screenshots/d4b/d4b2e502980eb31651961e211ae6b061.jpg'}]","[{'id': 15, 'name': 'Sports', 'slug': 'sports', 'games_count': 22123, 'image_background': 'https://media.rawg.io/media/games/5eb/5eb49eb2fa0738fdb5bacea557b1bc57.jpg'}]",[],"[{'id': 19441, 'name': 'Mattel Electronics', 'slug': 'mattel-electronics', 'games_count': 3, 'image_background': 'https://media.rawg.io/media/screenshots/ab1/ab1add2cb77d8753ceea4ed2e0824d76.jpg'}]",,,The objective of the game is to score more goals than your opponent in two simulated 45-minute periods. A goal is scored by kicking the ball into your opponent's net. Each player has a 4-man team. You control one man on your team. Computer controls the other 3 and moves them to simulate a full 11-man team.,,,,,,,,,,,,,,0.0,,,,
