id,slug,name,name_original,description,metacritic,metacritic_platforms,released,tba,updated,background_image,background_image_additional,website,rating,rating_top,ratings,added,playtime,screenshots_count,movies_count,creators_count,achievements_count,parent_achievements_count,reddit_url,reddit_name,reddit_description,reddit_logo,reddit_count,twitch_count,youtube_count,reviews_text_count,ratings_count,suggestions_count,alternative_names,metacritic_url,parents_count,additions_count,game_series_count,user_game,reviews_count,saturated_color,dominant_color,parent_platforms,platforms,stores,developers,genres,tags,publishers,clip,description_raw,reactions.4,added_by_status.yet,added_by_status.owned,added_by_status.beaten,added_by_status.toplay,added_by_status.dropped,added_by_status.playing,esrb_rating.id,esrb_rating.name,esrb_rating.slug,esrb_rating,reactions.1,reactions.3,reactions.21,reactions.15,reactions,reactions.14,reactions.16,community_rating
52434,mario-bros-1983,Mario Bros. (1983),Mario Bros. (1983),"<p>Mario Bros. (マリオブラザーズ, Mario Burazāzu) is a platform game published and developed for arcades by Nintendo in 1983. It was created by Shigeru Miyamoto. It has been featured as a minigame in the Super Mario Advance series and numerous other games. Mario Bros. has been re-released for the Wii&#39;s, Nintendo 3DS&#39;s, and Wii U&#39;s Virtual Console services in Japan, North America, Europe and Australia.<br />
In the game, Mario is portrayed as an Italian-American plumber who, along with his brother Luigi, has to defeat creatures that have been coming from the sewers. The gameplay focuses on Mario and Luigi exterminating the creatures by flipping them on their backs and kicking them away. The original versions of Mario Bros.—the arcade version and the Family Computer/Nintendo Entertainment System (FC/NES) version—were received positively by critics.</p>",,[],1983-01-01,False,2025-04-11T17:53:18,https://media.rawg.io/media/games/8ef/8efa90f72b466c632d7f95dd02be5e50.jpg,https://media.rawg.io/media/screenshots/5ee/5eeea31226d7f6d8ac36d631a9ab49b0.jpg,,3.6,4,"[{'id': 4, 'title': 'recommended', 'count': 62, 'percent': 47.33}, {'id': 3, 'title': 'meh', 'count': 43, 'percent': 32.82}, {'id': 5, 'title': 'exceptional', 'count': 17, 'percent': 12.98}, {'id': 1, 'title': 'skip', 'count': 9, 'percent': 6.87}]",315,0,6,0,3,0,0,,,,,0,0,257413,1,130,208,[],,0,1,0,,131,0f0f0f,0f0f0f,"[{'platform': {'id': 7, 'name': 'Nintendo', 'slug': 'nintendo'}}, {'platform': {'id': 9, 'name': 'Atari', 'slug': 'atari'}}, {'platform': {'id': 10, 'name': 'Commodore / Amiga', 'slug': 'commodore-amiga'}}]","[{'platform': {'id': 24, 'name': 'Game Boy Advance', 'slug': 'game-boy-advance', 'image': None, 'year_end': None, 'year_start': None, 'games_count': 950, 'image_background': 'https://media.rawg.io/media/games/98c/98c87b286cd2a2ba942167df384a9bd3.jpg'}, 'released_at': '1983-01-01', 'requirements': {}}, {'platform': {'id': 25, 'name': 'Atari 8-bit', 'slug': 'atari-8-bit', 'image': None, 'year_end': None, 'year_start': None, 'games_count': 308, 'image_background': 'https://media.rawg.io/media/screenshots/038/0385a47d3a43b218204268af5361a19e.jpg'}, 'released_at': '1983-01-01', 'requirements': {}}, {'platform': {'id': 28, 'name': 'Atari 7800', 'slug': 'atari-7800', 'image': None, 'year_end': None, 'year_start': None, 'games_count': 64, 'image_background': 'https://media.rawg.io/media/screenshots/565/56504b28b184dbc630a7de118e39d822.jpg'}, 'released_at': '1983-01-01', 'requirements': {}}, {'platform': {'id': 23, 'name': 'Atari 2600', 'slug': 'atari-2600', 'image': None, 'year_end': None, 'year_start': None, 'games_count': 294, 'image_background': 'https://media.rawg.io/media/screenshots/ff6/ff623993a854663931c1e78d72a16a5a.jpg'}, 'released_at': '1983-01-01', 'requirements': {}}, {'platform': {'id': 31, 'name': 'Atari 5200', 'slug': 'atari-5200', 'image': None, 'year_end': None, 'year_start': None, 'games_count': 64, 'image_background': 'https://media.rawg.io/media/screenshots/678/6786598cba3939d48ed60cbd1a3723f4.jpg'}, 'released_at': '1983-01-01', 'requirements': {}}, {'platform': {'id': 49, 'name': 'NES', 'slug': 'nes', 'image': None, 'year_end': None, 'year_start': None, 'games_count': 1015, 'image_background': 'https://media.rawg.io/media/games/7c5/7c50dd0415eb0a57505c58d4e50e4d24.jpg'}, 'released_at': '1983-01-01', 'requirements': {}}, {'platform': {'id': 50, 'name': 'Atari XEGS', 'slug': 'atari-xegs', 'image': None, 'year_end': None, 'year_start': None, 'games_count': 22, 'image_background': 'https://media.rawg.io/media/screenshots/769/7691726d70c23c029903df08858df001.jpg'}, 'released_at': '1983-01-01', 'requirements': {}}, {'platform': {'id': 166, 'name': 'Commodore / Amiga', 'slug': 'commodore-amiga', 'image': None, 'year_end': None, 'year_start': None, 'games_count': 2083, 'image_background': 'https://media.rawg.io/media/games/cce/cce8bebe861f295003f5a9fe5b11233f.jpg'}, 'released_at': '1983-01-01', 'requirements': {}}]",[],"[{'id': 16257, 'name': 'Nintendo', 'slug': 'nintendo', 'games_count': 426, 'image_background': 'https://media.rawg.io/media/games/d9c/d9c8b7edc78391619566adfeb52b5a9a.jpg'}]","[{'id': 4, 'name': 'Action', 'slug': 'action', 'games_count': 186608, 'image_background': 'https://media.rawg.io/media/games/618/618c2031a07bbff6b4f611f10b6bcdbc.jpg'}, {'id': 3, 'name': 'Adventure', 'slug': 'adventure', 'games_count': 146481, 'image_background': 'https://media.rawg.io/media/games/b6b/b6b20bfc4b34e312dbc8aac53c95a348.jpg'}, {'id': 83, 'name': 'Platformer', 'slug': 'platformer', 'games_count': 100869, 'image_background': 'https://media.rawg.io/media/games/f8c/f8c6a262ead4c16b47e1219310210eb3.jpg'}]","[{'id': 31, 'name': 'Singleplayer', 'slug': 'singleplayer', 'language': 'eng', 'games_count': 238404, 'image_background': 'https://media.rawg.io/media/games/26d/26d4437715bee60138dab4a7c8c59c92.jpg'}, {'id': 7, 'name': 'Multiplayer', 'slug': 'multiplayer', 'language': 'eng', 'games_count': 40505, 'image_background': 'https://media.rawg.io/media/games/021/021c4e21a1824d2526f925eff6324653.jpg'}, {'id': 411, 'name': 'cooperative', 'slug': 'cooperative', 'language': 'eng', 'games_count': 5855, 'image_background': 'https://media.rawg.io/media/games/1bd/1bd2657b81eb0c99338120ad444b24ff.jpg'}]","[{'id': 10681, 'name': 'Nintendo', 'slug': 'nintendo', 'games_count': 1235, 'image_background': 'https://media.rawg.io/media/games/dd1/dd167cf8753db3748a975d61cc926e54.jpg'}]",,"Mario Bros. (マリオブラザーズ, Mario Burazāzu) is a platform game published and developed for arcades by Nintendo in 1983. It was created by Shigeru Miyamoto. It has been featured as a minigame in the Super Mario Advance series and numerous other games. Mario Bros. has been re-released for the Wii's, Nintendo 3DS's, and Wii U's Virtual Console services in Japan, North America, Europe and Australia.
In the game, Mario is portrayed as an Italian-American plumber who, along with his brother Luigi, has to defeat creatures that have been coming from the sewers. The gameplay focuses on Mario and Luigi exterminating the creatures by flipping them on their backs and kicking them away. The original versions of Mario Bros.—the arcade version and the Family Computer/Nintendo Entertainment System (FC/NES) version—were received positively by critics.",1.0,10.0,83.0,103.0,16.0,102.0,1.0,1.0,Everyone,everyone,,,,,,,,,
53196,dyna-blaster,Bomberman (1983),Bomberman (1983),"<p>Bomberman (ボンバーマン, Bonbāman, also known as Dyna Blaster in Europe) is a strategic, maze-based video game franchise originally developed by Hudson Soft and currently owned by Konami. The original game was published in 1983 and new games have been published at irregular intervals ever since. Today, Bomberman has featured in over 70 different games on numerous platforms (including all Nintendo platforms save for the 3DS and Wii U. One was planned for the 3DS, but was later cancelled), as well as several anime and manga. This franchise is one of the most commercially successful of all time. At the Nintendo Switch Presentation on January 13, 2017, Super Bomberman R was announced as a Nintendo Switch launch title.</p>",,[],1983-07-01,False,2025-04-09T19:07:27,https://media.rawg.io/media/screenshots/797/797791e8fe14e5af187d2cdd401c6da9.jpg,https://media.rawg.io/media/screenshots/d0a/d0a6f6ee07e5caf19c08ef0c71a31917.jpg,,4.1,4,"[{'id': 4, 'title': 'recommended', 'count': 94, 'percent': 61.04}, {'id': 5, 'title': 'exceptional', 'count': 42, 'percent': 27.27}, {'id': 3, 'title': 'meh', 'count': 14, 'percent': 9.09}, {'id': 1, 'title': 'skip', 'count': 4, 'percent': 2.6}]",304,0,16,0,7,0,0,,,,,0,0,37897,3,151,216,['Dyna Blaster '],,0,0,19,,154,0f0f0f,0f0f0f,"[{'platform': {'id': 1, 'name': 'PC', 'slug': 'pc'}}, {'platform': {'id': 7, 'name': 'Nintendo', 'slug': 'nintendo'}}]","[{'platform': {'id': 24, 'name': 'Game Boy Advance', 'slug': 'game-boy-advance', 'image': None, 'year_end': None, 'year_start': None, 'games_count': 950, 'image_background': 'https://media.rawg.io/media/games/98c/98c87b286cd2a2ba942167df384a9bd3.jpg'}, 'released_at': '1983-07-01', 'requirements': {}}, {'platform': {'id': 49, 'name': 'NES', 'slug': 'nes', 'image': None, 'year_end': None, 'year_start': None, 'games_count': 1015, 'image_background': 'https://media.rawg.io/media/games/7c5/7c50dd0415eb0a57505c58d4e50e4d24.jpg'}, 'released_at': '1983-07-01', 'requirements': {}}, {'platform': {'id': 4, 'name': 'PC', 'slug': 'pc', 'image': None, 'year_end': None, 'year_start': None, 'games_count': 547196, 'image_background': 'https://media.rawg.io/media/games/6fc/6fcf4cd3b17c288821388e6085bb0fc9.jpg'}, 'released_at': '1983-07-01', 'requirements': {}}]",[],"[{'id': 1971, 'name': 'Konami Digital Entertainment', 'slug': 'konami-digital-entertainment', 'games_count': 467, 'image_background': 'https://media.rawg.io/media/games/d56/d56412cd670313ef306da64669c381d8.jpg'}, {'id': 12539, 'name': 'Interplay Entertainment', 'slug': 'interplay-entertainment', 'games_count': 61, 'image_background': 'https://media.rawg.io/media/screenshots/5ad/5adb88d1c6b9fc4fde1f372c9b6e451b.jpg'}, {'id': 14652, 'name': 'Hudson Soft', 'slug': 'hudson-soft', 'games_count': 114, 'image_background': 'https://media.rawg.io/media/screenshots/e87/e87bd8b2b7cff248c4d1af8264d25d09.jpg'}]","[{'id': 4, 'name': 'Action', 'slug': 'action', 'games_count': 186608, 'image_background': 'https://media.rawg.io/media/games/618/618c2031a07bbff6b4f611f10b6bcdbc.jpg'}, {'id': 11, 'name': 'Arcade', 'slug': 'arcade', 'games_count': 22658, 'image_background': 'https://media.rawg.io/media/games/556/556157feed9ee1f55f2b12b2973e30a3.jpg'}, {'id': 7, 'name': 'Puzzle', 'slug': 'puzzle', 'games_count': 97333, 'image_background': 'https://media.rawg.io/media/games/9f4/9f418898f5415668ca47b5f4ab1ecfeb.jpg'}]","[{'id': 134, 'name': 'Anime', 'slug': 'anime', 'language': 'eng', 'games_count': 15341, 'image_background': 'https://media.rawg.io/media/games/3ea/3ea0e57ede873970c0f1130e30d88749.jpg'}, {'id': 655, 'name': 'Manga', 'slug': 'manga', 'language': 'eng', 'games_count': 380, 'image_background': 'https://media.rawg.io/media/screenshots/86b/86bf82d4c0b0047cea0ed60671887c6a.jpg'}, {'id': 4160, 'name': 'bomberman', 'slug': 'bomberman', 'language': 'eng', 'games_count': 180, 'image_background': 'https://media.rawg.io/media/screenshots/806/80617e429f3dd4486cfad9cf43fb4285_vTfoa3I.jpg'}]","[{'id': 918, 'name': 'Ubisoft Entertainment', 'slug': 'ubisoft-entertainment', 'games_count': 1082, 'image_background': 'https://media.rawg.io/media/games/9f1/9f189c639f70f91166df415811a8b525.jpg'}, {'id': 3408, 'name': 'SEGA', 'slug': 'sega-2', 'games_count': 1262, 'image_background': 'https://media.rawg.io/media/games/be9/be9cf02720c9326e11d0fda14518554f.jpg'}, {'id': 10681, 'name': 'Nintendo', 'slug': 'nintendo', 'games_count': 1235, 'image_background': 'https://media.rawg.io/media/games/dd1/dd167cf8753db3748a975d61cc926e54.jpg'}, {'id': 11687, 'name': 'Sony Interactive Entertainment', 'slug': 'sony-interactive-entertainment', 'games_count': 304, 'image_background': 'https://media.rawg.io/media/games/c5b/c5b3b6aa220050f7f504f4477cb51d3b.jpg'}, {'id': 10691, 'name': 'Konami', 'slug': 'konami', 'games_count': 788, 'image_background': 'https://media.rawg.io/media/games/85e/85e4c8a78cf9b82b5ed19262fe00c00f.jpg'}, {'id': 9065, 'name': 'Atlus', 'slug': 'atlus', 'games_count': 247, 'image_background': 'https://media.rawg.io/media/games/9d3/9d3e5f3b9fbe3769e693c93b5b91300a.jpg'}, {'id': 11483, 'name': 'Interplay Productions', 'slug': 'interplay-productions', 'games_count': 233, 'image_background': 'https://media.rawg.io/media/screenshots/049/049ed144a3a0ddb483cf3554121db5b3.jpg'}, {'id': 19533, 'name': 'Virgin Interactive', 'slug': 'virgin-interactive', 'games_count': 108, 'image_background': 'https://media.rawg.io/media/games/f68/f68622c57a11c672b896f06dfb106c4b.jpg'}, {'id': 10831, 'name': 'HUDSON SOFT', 'slug': 'hudson-soft', 'games_count': 198, 'image_background': 'https://media.rawg.io/media/games/d51/d519cdf7f6c11951ce87a01fab5ee34e.jpg'}]",,"Bomberman (ボンバーマン, Bonbāman, also known as Dyna Blaster in Europe) is a strategic, maze-based video game franchise originally developed by Hudson Soft and currently owned by Konami. The original game was published in 1983 and new games have been published at irregular intervals ever since. Today, Bomberman has featured in over 70 different games on numerous platforms (including all Nintendo platforms save for the 3DS and Wii U. One was planned for the 3DS, but was later cancelled), as well as several anime and manga. This franchise is one of the most commercially successful of all time. At the Nintendo Switch Presentation on January 13, 2017, Super Bomberman R was announced as a Nintendo Switch launch title.",,11.0,76.0,106.0,13.0,94.0,4.0,,,,,1.0,1.0,1.0,,,,,
52467,track-field,Track & Field,Track & Field,"<p>Track &amp; Field, known in Japan and Europe as Hyper Olympic (ハイパーオリンピック, Haipā Orinpikku), is a 1983 Olympic-themed sports arcade game developed and published by Konami. The Japanese release sported an official license for the 1984 Summer Olympics.<br />
The arcade version was released in 1983. The simple gameplay, based on quick repeating button presses, set the basics for sequels and similar games in the genre for the next decades. There were several home versions of the original; the ZX Spectrum and Amstrad CPC versions were only released as part of the Game, Set and Match II compilation in 1988, and are poorly regarded by fans. The NES version was especially well-received, and sold well.</p>",,[],1983-01-01,False,2024-12-20T12:32:44,https://media.rawg.io/media/games/681/681f4eadecbbac4abf09581482cc1ba8.jpg,https://media.rawg.io/media/screenshots/993/993f847ee7ce2f0fcfe9039fa916f081.jpg,,3.48,4,"[{'id': 4, 'title': 'recommended', 'count': 27, 'percent': 51.92}, {'id': 3, 'title': 'meh', 'count': 10, 'percent': 19.23}, {'id': 1, 'title': 'skip', 'count': 8, 'percent': 15.38}, {'id': 5, 'title': 'exceptional', 'count': 7, 'percent': 13.46}]",212,0,18,0,0,12,12,,,,,0,0,0,0,52,423,"['Haipā Orinpikku', 'Hyper Olympic', 'Hyper Olympic: Gentai Ban!', 'Konamic Sports in Barcelona', 'Olimpiadas I', 'Track & Field in Barcelona', 'ハイパーオリンピック']",https://www.metacritic.com/game/xbox-360/track-field,0,0,4,,52,0f0f0f,0f0f0f,"[{'platform': {'id': 7, 'name': 'Nintendo', 'slug': 'nintendo'}}, {'platform': {'id': 9, 'name': 'Atari', 'slug': 'atari'}}, {'platform': {'id': 10, 'name': 'Commodore / Amiga', 'slug': 'commodore-amiga'}}]","[{'platform': {'id': 166, 'name': 'Commodore / Amiga', 'slug': 'commodore-amiga', 'image': None, 'year_end': None, 'year_start': None, 'games_count': 2083, 'image_background': 'https://media.rawg.io/media/games/cce/cce8bebe861f295003f5a9fe5b11233f.jpg'}, 'released_at': '1983-01-01', 'requirements': {}}, {'platform': {'id': 49, 'name': 'NES', 'slug': 'nes', 'image': None, 'year_end': None, 'year_start': None, 'games_count': 1015, 'image_background': 'https://media.rawg.io/media/games/7c5/7c50dd0415eb0a57505c58d4e50e4d24.jpg'}, 'released_at': '1983-01-01', 'requirements': {}}, {'platform': {'id': 9, 'name': 'Nintendo DS', 'slug': 'nintendo-ds', 'image': None, 'year_end': None, 'year_start': None, 'games_count': 2482, 'image_background': 'https://media.rawg.io/media/games/fc0/fc076b974197660a582abd34ebccc27f.jpg'}, 'released_at': '1983-01-01', 'requirements': {}}, {'platform': {'id': 26, 'name': 'Game Boy', 'slug': 'game-boy', 'image': None, 'year_end': None, 'year_start': None, 'games_count': 617, 'image_background': 'https://media.rawg.io/media/games/057/0573c1c9e1f2414c1f4acabe86ee9fd9.jpg'}, 'released_at': '1983-01-01', 'requirements': {}}, {'platform': {'id': 23, 'name': 'Atari 2600', 'slug': 'atari-2600', 'image': None, 'year_end': None, 'year_start': None, 'games_count': 294, 'image_background': 'https://media.rawg.io/media/screenshots/ff6/ff623993a854663931c1e78d72a16a5a.jpg'}, 'released_at': '1983-01-01', 'requirements': {}}]",[],"[{'id': 1971, 'name': 'Konami Digital Entertainment', 'slug': 'konami-digital-entertainment', 'games_count': 467, 'image_background': 'https://media.rawg.io/media/games/d56/d56412cd670313ef306da64669c381d8.jpg'}, {'id': 4245, 'name': 'Digital Eclipse', 'slug': 'digital-eclipse', 'games_count': 68, 'image_background': 'https://media.rawg.io/media/screenshots/733/733e106391a2ffdbd338cfa83bbeec2c.jpg'}]","[{'id': 15, 'name': 'Sports', 'slug': 'sports', 'games_count': 22123, 'image_background': 'https://media.rawg.io/media/games/5eb/5eb49eb2fa0738fdb5bacea557b1bc57.jpg'}]","[{'id': 31, 'name': 'Singleplayer', 'slug': 'singleplayer', 'language': 'eng', 'games_count': 238404, 'image_background': 'https://media.rawg.io/media/games/26d/26d4437715bee60138dab4a7c8c59c92.jpg'}, {'id': 7, 'name': 'Multiplayer', 'slug': 'multiplayer', 'language': 'eng', 'games_count': 40505, 'image_background': 'https://media.rawg.io/media/games/021/021c4e21a1824d2526f925eff6324653.jpg'}, {'id': 808, 'name': 'character', 'slug': 'character', 'language': 'eng', 'games_count': 8871, 'image_background': 'https://media.rawg.io/media/games/43f/43ff0ac9538f82b00fb3b47d186bd46b.jpg'}, {'id': 1407, 'name': 'race', 'slug': 'race', 'language': 'eng', 'games_count': 6793, 'image_background': 'https://media.rawg.io/media/games/553/553274881e0897c95ad75de9627265c3.jpg'}, {'id': 726, 'name': 'japan', 'slug': 'japan', 'language': 'eng', 'games_count': 1010, 'image_background': 'https://media.rawg.io/media/screenshots/e2a/e2af1fcbd58c3a1ce69f6b4907fab687.jpg'}, {'id': 691, 'name': 'quick', 'slug': 'quick', 'language': 'eng', 'games_count': 931, 'image_background': 'https://media.rawg.io/media/screenshots/2a7/2a71e9c68b258832d1b357213f322691.jpg'}, {'id': 365, 'name': 'Two Players', 'slug': 'two-players', 'language': 'eng', 'games_count': 19, 'image_background': 'https://media.rawg.io/media/screenshots/a65/a6596e72e293821e2fcabaf1fa9871d2.jpg'}, {'id': 366, 'name': 'Four players total', 'slug': 'four-players-total', 'language': 'eng', 'games_count': 2, 'image_background': 'https://media.rawg.io/media/screenshots/302/302194255e6214987be60ccbd726ccc2.jpg'}]","[{'id': 10691, 'name': 'Konami', 'slug': 'konami', 'games_count': 788, 'image_background': 'https://media.rawg.io/media/games/85e/85e4c8a78cf9b82b5ed19262fe00c00f.jpg'}, {'id': 11474, 'name': 'Ocean Software', 'slug': 'ocean-software', 'games_count': 106, 'image_background': 'https://media.rawg.io/media/screenshots/11b/11b13a543a0ff469af2584b8831cc43b.jpg'}, {'id': 5725, 'name': 'KEMCO', 'slug': 'kemco', 'games_count': 160, 'image_background': 'https://media.rawg.io/media/screenshots/f98/f98fd57fa9240bec6e4811f5d4fb704b.jpg'}, {'id': 19433, 'name': 'Centuri', 'slug': 'centuri', 'games_count': 7, 'image_background': 'https://media.rawg.io/media/screenshots/302/302194255e6214987be60ccbd726ccc2.jpg'}]",,"Track & Field, known in Japan and Europe as Hyper Olympic (ハイパーオリンピック, Haipā Orinpikku), is a 1983 Olympic-themed sports arcade game developed and published by Konami. The Japanese release sported an official license for the 1984 Summer Olympics.
The arcade version was released in 1983. The simple gameplay, based on quick repeating button presses, set the basics for sequels and similar games in the genre for the next decades. There were several home versions of the original; the ZX Spectrum and Amstrad CPC versions were only released as part of the Game, Set and Match II compilation in 1988, and are poorly regarded by fans. The NES version was especially well-received, and sold well.",,2.0,144.0,27.0,4.0,34.0,1.0,1.0,Everyone,everyone,,,,,,,,,
34571,lode-runner-1983,Lode Runner (1983),Lode Runner (1983),"<p>You are a highly trained Galactic commando deep in enemy territory. Power hungry leaders of the repressive Bungeling Empire have stolen a fortune in gold from the peace loving people, and you&#39;ve just discovered their secret underground treasury. Your goal? To recover every last ingot of Bungeling booty. You&#39;ll be running, jumping, and climbing heroically, solving perplexing puzzles, and drilling passageways through stone floors and barriers using your laser drill pistol. You&#39;ll need more than fleet feet and good looks to get through this mission alive. You&#39;ll need your quick wits and brains!</p>",,[],1983-01-03,False,2025-01-15T23:31:08,https://media.rawg.io/media/games/054/0540c8fc8eed3fc13d3990f419c61c6f.jpg,https://media.rawg.io/media/screenshots/22a/22a295c30c100cc4e6e9a49621742332.jpg,,3.92,4,"[{'id': 4, 'title': 'recommended', 'count': 42, 'percent': 66.67}, {'id': 5, 'title': 'exceptional', 'count': 10, 'percent': 15.87}, {'id': 3, 'title': 'meh', 'count': 9, 'percent': 14.29}, {'id': 1, 'title': 'skip', 'count': 2, 'percent': 3.17}]",135,0,5,0,9,0,0,,,,,0,0,0,0,63,151,"['Lode Runner Classic', 'Lode Runner for WonderSwan', 'ロードランナー', '淘金者']",,1,1,14,,63,0f0f0f,0f0f0f,"[{'platform': {'id': 1, 'name': 'PC', 'slug': 'pc'}}, {'platform': {'id': 5, 'name': 'Apple Macintosh', 'slug': 'mac'}}, {'platform': {'id': 7, 'name': 'Nintendo', 'slug': 'nintendo'}}, {'platform': {'id': 9, 'name': 'Atari', 'slug': 'atari'}}, {'platform': {'id': 10, 'name': 'Commodore / Amiga', 'slug': 'commodore-amiga'}}]","[{'platform': {'id': 166, 'name': 'Commodore / Amiga', 'slug': 'commodore-amiga', 'image': None, 'year_end': None, 'year_start': None, 'games_count': 2083, 'image_background': 'https://media.rawg.io/media/games/cce/cce8bebe861f295003f5a9fe5b11233f.jpg'}, 'released_at': '1983-01-03', 'requirements': {}}, {'platform': {'id': 55, 'name': 'Classic Macintosh', 'slug': 'macintosh', 'image': None, 'year_end': None, 'year_start': None, 'games_count': 675, 'image_background': 'https://media.rawg.io/media/games/38a/38af969459ad6e5de116ec8a4a84218c.jpg'}, 'released_at': '1983-01-03', 'requirements': {}}, {'platform': {'id': 49, 'name': 'NES', 'slug': 'nes', 'image': None, 'year_end': None, 'year_start': None, 'games_count': 1015, 'image_background': 'https://media.rawg.io/media/games/7c5/7c50dd0415eb0a57505c58d4e50e4d24.jpg'}, 'released_at': '1983-01-03', 'requirements': {}}, {'platform': {'id': 41, 'name': 'Apple II', 'slug': 'apple-ii', 'image': None, 'year_end': None, 'year_start': None, 'games_count': 424, 'image_background': 'https://media.rawg.io/media/screenshots/3d2/3d2bb57b39e2efa39d1c385585b2ea8b.jpg'}, 'released_at': '1983-01-03', 'requirements': {}}, {'platform': {'id': 34, 'name': 'Atari ST', 'slug': 'atari-st', 'image': None, 'year_end': None, 'year_start': None, 'games_count': 836, 'image_background': 'https://media.rawg.io/media/games/637/637d7dc2f44d0f6ddd3ee2c0b1366962.jpg'}, 'released_at': '1983-01-03', 'requirements': {}}, {'platform': {'id': 25, 'name': 'Atari 8-bit', 'slug': 'atari-8-bit', 'image': None, 'year_end': None, 'year_start': None, 'games_count': 308, 'image_background': 'https://media.rawg.io/media/screenshots/038/0385a47d3a43b218204268af5361a19e.jpg'}, 'released_at': '1983-01-03', 'requirements': {}}, {'platform': {'id': 24, 'name': 'Game Boy Advance', 'slug': 'game-boy-advance', 'image': None, 'year_end': None, 'year_start': None, 'games_count': 950, 'image_background': 'https://media.rawg.io/media/games/98c/98c87b286cd2a2ba942167df384a9bd3.jpg'}, 'released_at': '1983-01-03', 'requirements': {}}, {'platform': {'id': 4, 'name': 'PC', 'slug': 'pc', 'image': None, 'year_end': None, 'year_start': None, 'games_count': 547196, 'image_background': 'https://media.rawg.io/media/games/6fc/6fcf4cd3b17c288821388e6085bb0fc9.jpg'}, 'released_at': '1983-01-03', 'requirements': {}}, {'platform': {'id': 50, 'name': 'Atari XEGS', 'slug': 'atari-xegs', 'image': None, 'year_end': None, 'year_start': None, 'games_count': 22, 'image_background': 'https://media.rawg.io/media/screenshots/769/7691726d70c23c029903df08858df001.jpg'}, 'released_at': '1983-01-03', 'requirements': {}}]",[],"[{'id': 425, 'name': 'SEGA', 'slug': 'sega', 'games_count': 578, 'image_background': 'https://media.rawg.io/media/screenshots/845/84595759d06a7c5ed2eab76f623454f7.jpeg'}, {'id': 14652, 'name': 'Hudson Soft', 'slug': 'hudson-soft', 'games_count': 114, 'image_background': 'https://media.rawg.io/media/screenshots/e87/e87bd8b2b7cff248c4d1af8264d25d09.jpg'}, {'id': 15031, 'name': 'Broderbund Software', 'slug': 'broderbund-software', 'games_count': 9, 'image_background': 'https://media.rawg.io/media/screenshots/8c2/8c28d0482837485266c2b7bc14b20eb4.jpg'}, {'id': 19513, 'name': 'Irem', 'slug': 'irem', 'games_count': 45, 'image_background': 'https://media.rawg.io/media/screenshots/40d/40d10bba809775a9a58fb4dfffa4a956.jpg'}, {'id': 15463, 'name': 'Loriciels', 'slug': 'loriciels', 'games_count': 9, 'image_background': 'https://media.rawg.io/media/screenshots/284/2844f0486b698c68445a6739a719ce74.jpg'}, {'id': 27677, 'name': 'Aisystem Tokyo', 'slug': 'aisystem-tokyo', 'games_count': 4, 'image_background': 'https://media.rawg.io/media/screenshots/5cb/5cbc368503f194978b1bdad766e2c92c.jpg'}, {'id': 27699, 'name': 'SystemSoft', 'slug': 'systemsoft', 'games_count': 5, 'image_background': 'https://media.rawg.io/media/screenshots/001/00100832d37942d23502b2218caaed02.jpg'}, {'id': 27493, 'name': 'Software Projects', 'slug': 'software-projects', 'games_count': 2, 'image_background': 'https://media.rawg.io/media/screenshots/bd8/bd8eb489ad512ea28baad1efc65b9278.jpg'}]","[{'id': 11, 'name': 'Arcade', 'slug': 'arcade', 'games_count': 22658, 'image_background': 'https://media.rawg.io/media/games/556/556157feed9ee1f55f2b12b2973e30a3.jpg'}]","[{'id': 91393, 'name': 'lode runner', 'slug': 'lode-runner-2', 'language': 'eng', 'games_count': 5, 'image_background': 'https://media.rawg.io/media/screenshots/127/127a986dd3867ca6c529377b07f57882.jpg'}]","[{'id': 20987, 'name': 'Microsoft Studios', 'slug': 'microsoft-studios', 'games_count': 499, 'image_background': 'https://media.rawg.io/media/games/2f5/2f5eb72fe45540e93ac2726877551a20.jpg'}, {'id': 3408, 'name': 'SEGA', 'slug': 'sega-2', 'games_count': 1262, 'image_background': 'https://media.rawg.io/media/games/be9/be9cf02720c9326e11d0fda14518554f.jpg'}, {'id': 10691, 'name': 'Konami', 'slug': 'konami', 'games_count': 788, 'image_background': 'https://media.rawg.io/media/games/85e/85e4c8a78cf9b82b5ed19262fe00c00f.jpg'}, {'id': 1779, 'name': 'Atari', 'slug': 'atari', 'games_count': 507, 'image_background': 'https://media.rawg.io/media/games/d82/d82dbcf92ded452bf8c6fb1bbdd62e52.jpg'}, {'id': 10831, 'name': 'HUDSON SOFT', 'slug': 'hudson-soft', 'games_count': 198, 'image_background': 'https://media.rawg.io/media/games/d51/d519cdf7f6c11951ce87a01fab5ee34e.jpg'}, {'id': 11442, 'name': 'Broderbund Software', 'slug': 'broderbund-software', 'games_count': 27, 'image_background': 'https://media.rawg.io/media/games/a9a/a9a2472f862b041d2980103ddbb61c91.jpg'}, {'id': 19491, 'name': 'Brøderbund', 'slug': 'broderbund', 'games_count': 32, 'image_background': 'https://media.rawg.io/media/games/054/0540c8fc8eed3fc13d3990f419c61c6f.jpg'}, {'id': 10896, 'name': 'IREM', 'slug': 'irem', 'games_count': 50, 'image_background': 'https://media.rawg.io/media/screenshots/474/4749fa343d4c4143d034f4a4fe6f71d7.jpg'}, {'id': 19708, 'name': 'Ariolasoft', 'slug': 'ariolasoft', 'games_count': 19, 'image_background': 'https://media.rawg.io/media/screenshots/f4b/f4b8e0b7e42013d1051cca8ce9c55df9.jpg'}, {'id': 20740, 'name': 'Hudson Soft Company', 'slug': 'hudson-soft-company-ltd', 'games_count': 7, 'image_background': 'https://media.rawg.io/media/screenshots/723/723d4ba3905ca7632ddd17a986d20986.jpg'}, {'id': 19773, 'name': 'Software Projects', 'slug': 'software-projects', 'games_count': 6, 'image_background': 'https://media.rawg.io/media/games/054/0540c8fc8eed3fc13d3990f419c61c6f.jpg'}, {'id': 20689, 'name': 'SystemSoft', 'slug': 'systemsoft', 'games_count': 3, 'image_background': 'https://media.rawg.io/media/screenshots/001/00100832d37942d23502b2218caaed02.jpg'}, {'id': 20520, 'name': 'Apollo Technica', 'slug': 'apollo-technica-nec', 'games_count': 2, 'image_background': 'https://media.rawg.io/media/screenshots/b7e/b7ec4bf8f7777d51dbe5d6720011264b.jpg'}, {'id': 1740, 'name': 'Tozai', 'slug': 'tozai-inc', 'games_count': 3, 'image_background': 'https://media.rawg.io/media/screenshots/d56/d56f2a72b2e8fd95e7b5f54075e91e89.jpg'}, {'id': 5476, 'name': 'Universe', 'slug': 'universe', 'games_count': 2, 'image_background': 'https://media.rawg.io/media/games/054/0540c8fc8eed3fc13d3990f419c61c6f.jpg'}]",,"You are a highly trained Galactic commando deep in enemy territory. Power hungry leaders of the repressive Bungeling Empire have stolen a fortune in gold from the peace loving people, and you've just discovered their secret underground treasury. Your goal? To recover every last ingot of Bungeling booty. You'll be running, jumping, and climbing heroically, solving perplexing puzzles, and drilling passageways through stone floors and barriers using your laser drill pistol. You'll need more than fleet feet and good looks to get through this mission alive. You'll need your quick wits and brains!",,4.0,31.0,41.0,4.0,53.0,2.0,,,,,,,,,,,,
3927,dragons-lair-trilogy,Dragon's Lair Trilogy,Dragon's Lair Trilogy,"In Dragon's Lair, you play the heroic Dirk the Daring, a valiant knight on a quest to rescue the fair princess from the clutches of an evil dragon! <br/><br/>Space Ace will have you take control of Ace - Defender of justice, truth, and the planet Earth! Ace is being attacked by the evil Commander Borf. Struggle with Dexter to regain his manhood. Destroy the Infanto-Ray. Defeat the evil Borf! Be valiant space warrior, the fate of Earth is in your hands!<br/><br/>Dragon’s Lair II: Time Warp once again has you leading Dirk on a perilous quest! Spirited away to a wrinkle in time by the evil wizard Mordroc, Princess Daphne will be forced to marry the wicked Mordroc unless Dirk can save her. Once the casket of doom has opened, Mordroc will place the death ring upon Daphne’s finger in marriage, and she will be lost forever in the Time Warp.<br/><br/>Take on all three of these arcade classics today for one low price!<br/><br/>DUALSHOCK®3<br/><br/>  Purchase or use of this item is subject to the PlayStation®Network Terms of Service and User Agreement and this item's use restrictions. This item has been sublicensed to you by Sony Computer Entertainment America. One-time license fee for downloads to up to 2 console systems that are associated with the purchasing account.<br/><br/>Dragon's Lair &amp; Space Ace are registered trademarks of Bluth Group, Ltd. - © 2013. Character Designs  © 1983 Don Bluth. All audio, visuals and concept used under the exclusive license of  Dragon’s Lair LLC. © 2013 Digital Leisure Inc.  ALL RIGHTS  RESERVED.",,[],1983-06-18,False,2023-05-31T09:14:57,https://media.rawg.io/media/screenshots/52c/52c930548df7612684ea6d2a8cfe0a5b.jpg,https://media.rawg.io/media/screenshots/f67/f67eb38d932ab7e64ffeea284aa89cfe.jpg,,3.43,4,"[{'id': 4, 'title': 'recommended', 'count': 3, 'percent': 42.86}, {'id': 3, 'title': 'meh', 'count': 2, 'percent': 28.57}, {'id': 5, 'title': 'exceptional', 'count': 1, 'percent': 14.29}, {'id': 1, 'title': 'skip', 'count': 1, 'percent': 14.29}]",82,1,12,0,0,47,9,,,,,0,0,0,0,6,447,[],,1,0,0,,7,0f0f0f,0f0f0f,"[{'platform': {'id': 1, 'name': 'PC', 'slug': 'pc'}}, {'platform': {'id': 2, 'name': 'PlayStation', 'slug': 'playstation'}}, {'platform': {'id': 3, 'name': 'Xbox', 'slug': 'xbox'}}, {'platform': {'id': 7, 'name': 'Nintendo', 'slug': 'nintendo'}}]","[{'platform': {'id': 16, 'name': 'PlayStation 3', 'slug': 'playstation3', 'image': None, 'year_end': None, 'year_start': None, 'games_count': 3167, 'image_background': 'https://media.rawg.io/media/games/736/73619bd336c894d6941d926bfd563946.jpg'}, 'released_at': None, 'requirements': {}}, {'platform': {'id': 7, 'name': 'Nintendo Switch', 'slug': 'nintendo-switch', 'image': None, 'year_end': None, 'year_start': None, 'games_count': 5623, 'image_background': 'https://media.rawg.io/media/games/f99/f9979698c43fd84c3ab69280576dd3af.jpg'}, 'released_at': '2019-01-17', 'requirements': {}}, {'platform': {'id': 1, 'name': 'Xbox One', 'slug': 'xbox-one', 'image': None, 'year_end': None, 'year_start': None, 'games_count': 5694, 'image_background': 'https://media.rawg.io/media/games/157/15742f2f67eacff546738e1ab5c19d20.jpg'}, 'released_at': '2019-05-17', 'requirements': {}}, {'platform': {'id': 4, 'name': 'PC', 'slug': 'pc', 'image': None, 'year_end': None, 'year_start': None, 'games_count': 547196, 'image_background': 'https://media.rawg.io/media/games/6fc/6fcf4cd3b17c288821388e6085bb0fc9.jpg'}, 'released_at': '1983-06-18', 'requirements': {'minimum': '7 / 8 / 10Processor: Intel Core i Series ProcessorMemory: 4 GB RAMGraphics: 512 MB GeForce 220, Radeon 4550, Intel HD 3000 GraphicsDirectX®: 9.0Hard Drive: 5 GB HD spaceSound: DirectX Compatible Sound CardMouse, Keyboard'}}]","[{'id': 4245, 'url': '', 'store': {'id': 3, 'name': 'PlayStation Store', 'slug': 'playstation-store', 'domain': 'store.playstation.com', 'games_count': 8037, 'image_background': 'https://media.rawg.io/media/games/618/618c2031a07bbff6b4f611f10b6bcdbc.jpg'}}, {'id': 49608, 'url': '', 'store': {'id': 5, 'name': 'GOG', 'slug': 'gog', 'domain': 'gog.com', 'games_count': 6713, 'image_background': 'https://media.rawg.io/media/games/5c0/5c0dd63002cb23f804aab327d40ef119.jpg'}}, {'id': 284051, 'url': '', 'store': {'id': 6, 'name': 'Nintendo Store', 'slug': 'nintendo', 'domain': 'nintendo.com', 'games_count': 9128, 'image_background': 'https://media.rawg.io/media/games/fc1/fc1307a2774506b5bd65d7e8424664a7.jpg'}}, {'id': 322107, 'url': '', 'store': {'id': 2, 'name': 'Xbox Store', 'slug': 'xbox-store', 'domain': 'microsoft.com', 'games_count': 4925, 'image_background': 'https://media.rawg.io/media/games/20a/20aa03a10cda45239fe22d035c0ebe64.jpg'}}]","[{'id': 14272, 'name': 'Digital Leisure', 'slug': 'digital-leisure', 'games_count': 21, 'image_background': 'https://media.rawg.io/media/screenshots/bb8/bb811da5b4c530a29f9028b9fa0ae9de.jpg'}]","[{'id': 3, 'name': 'Adventure', 'slug': 'adventure', 'games_count': 146481, 'image_background': 'https://media.rawg.io/media/games/b6b/b6b20bfc4b34e312dbc8aac53c95a348.jpg'}]","[{'id': 25, 'name': 'Space', 'slug': 'space', 'language': 'eng', 'games_count': 43594, 'image_background': 'https://media.rawg.io/media/games/ebd/ebdbb7eb52bd58b0e7fa4538d9757b60.jpg'}, {'id': 808, 'name': 'character', 'slug': 'character', 'language': 'eng', 'games_count': 8871, 'image_background': 'https://media.rawg.io/media/games/43f/43ff0ac9538f82b00fb3b47d186bd46b.jpg'}, {'id': 5816, 'name': 'console', 'slug': 'console', 'language': 'eng', 'games_count': 1390, 'image_background': 'https://media.rawg.io/media/games/faa/faa6a4a7a2e57faf2960329630aee211.jpg'}, {'id': 974, 'name': 'death', 'slug': 'death', 'language': 'eng', 'games_count': 3793, 'image_background': 'https://media.rawg.io/media/screenshots/82a/82ade332e1cfabb9782ec64477a05da3.jpg'}, {'id': 3046, 'name': 'destroy', 'slug': 'destroy', 'language': 'eng', 'games_count': 4618, 'image_background': 'https://media.rawg.io/media/screenshots/c84/c841102a515d24777f91b4861a84fb5b.jpg'}, {'id': 1105, 'name': 'planet', 'slug': 'planet', 'language': 'eng', 'games_count': 3020, 'image_background': 'https://media.rawg.io/media/games/89c/89ceadfd42109aa0d80e9c5dbc86f277.jpg'}, {'id': 3103, 'name': 'evil', 'slug': 'evil', 'language': 'eng', 'games_count': 1316, 'image_background': 'https://media.rawg.io/media/screenshots/c92/c9257055d2d63a69fb74b722161f6f71.jpg'}, {'id': 5641, 'name': 'bundle', 'slug': 'bundle', 'language': 'eng', 'games_count': 495, 'image_background': 'https://media.rawg.io/media/games/abd/abd7b98d0ebe13e7e8f2b3bb8300bc0b.jpg'}, {'id': 1156, 'name': 'princess', 'slug': 'princess', 'language': 'eng', 'games_count': 1269, 'image_background': 'https://media.rawg.io/media/screenshots/10e/10e9593297ae69b0411befed961c28e5.jpg'}, {'id': 4132, 'name': 'wizard', 'slug': 'wizard', 'language': 'eng', 'games_count': 876, 'image_background': 'https://media.rawg.io/media/screenshots/52c/52c930548df7612684ea6d2a8cfe0a5b.jpg'}, {'id': 1374, 'name': 'doom', 'slug': 'doom', 'language': 'eng', 'games_count': 822, 'image_background': 'https://media.rawg.io/media/screenshots/17f/17f646fc8ef98a40798674e733d9a08e.jpg'}, {'id': 750, 'name': 'knight', 'slug': 'knight', 'language': 'eng', 'games_count': 773, 'image_background': 'https://media.rawg.io/media/screenshots/bd9/bd9c56040b70aaeadd0cf4204d40904f.jpg'}]","[{'id': 11666, 'name': 'Digital Leisure', 'slug': 'digital-leisure', 'games_count': 41, 'image_background': 'https://media.rawg.io/media/screenshots/549/549a7fd3614358fa350c1b88a03e4cc5.jpg'}]",,"In Dragon's Lair, you play the heroic Dirk the Daring, a valiant knight on a quest to rescue the fair princess from the clutches of an evil dragon!
Space Ace will have you take control of Ace - Defender of justice, truth, and the planet Earth! Ace is being attacked by the evil Commander Borf. Struggle with Dexter to regain his manhood. Destroy the Infanto-Ray. Defeat the evil Borf! Be valiant space warrior, the fate of Earth is in your hands!
Dragon’s Lair II: Time Warp once again has you leading Dirk on a perilous quest! Spirited away to a wrinkle in time by the evil wizard Mordroc, Princess Daphne will be forced to marry the wicked Mordroc unless Dirk can save her. Once the casket of doom has opened, Mordroc will place the death ring upon Daphne’s finger in marriage, and she will be lost forever in the Time Warp.
Take on all three of these arcade classics today for one low price!
DUALSHOCK®3
Purchase or use of this item is subject to the PlayStation®Network Terms of Service and User Agreement and this item's use restrictions. This item has been sublicensed to you by Sony Computer Entertainment America. One-time license fee for downloads to up to 2 console systems that are associated with the purchasing account.
Dragon's Lair & Space Ace are registered trademarks of Bluth Group, Ltd. - © 2013. Character Designs  © 1983 Don Bluth. All audio, visuals and concept used under the exclusive license of  Dragon’s Lair LLC. © 2013 Digital Leisure Inc.  ALL RIGHTS  RESERVED.",,6.0,59.0,4.0,11.0,2.0,,,,,,,,,,,,,
53802,dragons-lair,Dragon's Lair,Dragon's Lair,"<p>Dragon&#39;s Lair (ドラゴンズレア, Doragonzu Rea) is a side-scrolling platform game based on the laserdisc game of the same name released for the Nintendo Entertainment System and developed by the MotiveTime group. Plotwise, the game is identical to the original.</p>
<p>You control the actions of Dirk the Daring, a valiant knight, on a quest to rescue the fair Princess from the clutches of an Evil Dragon. Fight your way through the castle of the Dark Wizard who has enchanted it with treacherous monsters and obstacles.</p>
<p>Lead on brave adventurer... your quest awaits!</p>",54.0,"[{'metascore': 41, 'url': 'https://www.metacritic.com/game/xbox-360/dragons-lair', 'platform': {'platform': 14, 'name': 'Xbox 360', 'slug': 'xbox360'}}, {'metascore': 50, 'url': 'https://www.metacritic.com/game/pc/don-bluth-presents-dragons-lair-hd', 'platform': {'platform': 4, 'name': 'PC', 'slug': 'pc'}}, {'metascore': 47, 'url': 'https://www.metacritic.com/game/playstation-3/dragons-lair', 'platform': {'platform': 16, 'name': 'PlayStation 3', 'slug': 'playstation3'}}, {'metascore': 79, 'url': 'https://www.metacritic.com/game/ios/dragons-lair', 'platform': {'platform': 3, 'name': 'iOS', 'slug': 'ios'}}]",1983-06-19,False,2025-03-12T23:12:10,https://media.rawg.io/media/screenshots/b45/b452e9b20e969a64d0088ae467d1dcab.jpg,https://media.rawg.io/media/screenshots/3ce/3cefcd0a50fe83f696a0bd7ff0165ac2.jpg,,3.85,4,"[{'id': 4, 'title': 'recommended', 'count': 17, 'percent': 62.96}, {'id': 3, 'title': 'meh', 'count': 7, 'percent': 25.93}, {'id': 5, 'title': 'exceptional', 'count': 3, 'percent': 11.11}]",77,0,10,0,9,0,0,,,,,0,0,0,0,27,314,"['Логово дракона: Побег из замка Синджа', 'ドラゴンズ・レア', '龙穴历险记']",https://www.metacritic.com/game/playstation-3/dragons-lair,0,7,2,,27,0f0f0f,0f0f0f,"[{'platform': {'id': 1, 'name': 'PC', 'slug': 'pc'}}, {'platform': {'id': 2, 'name': 'PlayStation', 'slug': 'playstation'}}, {'platform': {'id': 3, 'name': 'Xbox', 'slug': 'xbox'}}, {'platform': {'id': 4, 'name': 'iOS', 'slug': 'ios'}}, {'platform': {'id': 8, 'name': 'Android', 'slug': 'android'}}, {'platform': {'id': 5, 'name': 'Apple Macintosh', 'slug': 'mac'}}, {'platform': {'id': 7, 'name': 'Nintendo', 'slug': 'nintendo'}}, {'platform': {'id': 9, 'name': 'Atari', 'slug': 'atari'}}, {'platform': {'id': 10, 'name': 'Commodore / Amiga', 'slug': 'commodore-amiga'}}, {'platform': {'id': 11, 'name': 'SEGA', 'slug': 'sega'}}, {'platform': {'id': 12, 'name': '3DO', 'slug': '3do'}}]","[{'platform': {'id': 3, 'name': 'iOS', 'slug': 'ios', 'image': None, 'year_end': None, 'year_start': None, 'games_count': 77392, 'image_background': 'https://media.rawg.io/media/games/5fa/5fae5fec3c943179e09da67a4427d68f.jpg'}, 'released_at': '1983-06-19', 'requirements': {}}, {'platform': {'id': 4, 'name': 'PC', 'slug': 'pc', 'image': None, 'year_end': None, 'year_start': None, 'games_count': 547196, 'image_background': 'https://media.rawg.io/media/games/6fc/6fcf4cd3b17c288821388e6085bb0fc9.jpg'}, 'released_at': '1983-06-19', 'requirements': {}}, {'platform': {'id': 5, 'name': 'macOS', 'slug': 'macos', 'image': None, 'year_end': None, 'year_start': None, 'games_count': 106181, 'image_background': 'https://media.rawg.io/media/games/6fc/6fcf4cd3b17c288821388e6085bb0fc9.jpg'}, 'released_at': '1983-06-19', 'requirements': {}}, {'platform': {'id': 9, 'name': 'Nintendo DS', 'slug': 'nintendo-ds', 'image': None, 'year_end': None, 'year_start': None, 'games_count': 2482, 'image_background': 'https://media.rawg.io/media/games/fc0/fc076b974197660a582abd34ebccc27f.jpg'}, 'released_at': '1983-06-19', 'requirements': {}}, {'platform': {'id': 13, 'name': 'Nintendo DSi', 'slug': 'nintendo-dsi', 'image': None, 'year_end': None, 'year_start': None, 'games_count': 37, 'image_background': 'https://media.rawg.io/media/screenshots/078/078629e997421ca28e9098bd7a87cb10.jpg'}, 'released_at': '1983-06-19', 'requirements': {}}, {'platform': {'id': 14, 'name': 'Xbox 360', 'slug': 'xbox360', 'image': None, 'year_end': None, 'year_start': None, 'games_count': 2805, 'image_background': 'https://media.rawg.io/media/games/4a0/4a0a1316102366260e6f38fd2a9cfdce.jpg'}, 'released_at': '1983-06-19', 'requirements': {}}, {'platform': {'id': 16, 'name': 'PlayStation 3', 'slug': 'playstation3', 'image': None, 'year_end': None, 'year_start': None, 'games_count': 3167, 'image_background': 'https://media.rawg.io/media/games/736/73619bd336c894d6941d926bfd563946.jpg'}, 'released_at': '1983-06-19', 'requirements': {}}, {'platform': {'id': 17, 'name': 'PSP', 'slug': 'psp', 'image': None, 'year_end': None, 'year_start': None, 'games_count': 1374, 'image_background': 'https://media.rawg.io/media/games/9ca/9ca31615beee447f3ae1dc9b3b736dce.jpg'}, 'released_at': '1983-06-19', 'requirements': {}}, {'platform': {'id': 21, 'name': 'Android', 'slug': 'android', 'image': None, 'year_end': None, 'year_start': None, 'games_count': 52427, 'image_background': 'https://media.rawg.io/media/games/198/1988a337305e008b41d7f536ce9b73f6.jpg'}, 'released_at': '1983-06-19', 'requirements': {}}, {'platform': {'id': 49, 'name': 'NES', 'slug': 'nes', 'image': None, 'year_end': None, 'year_start': None, 'games_count': 1015, 'image_background': 'https://media.rawg.io/media/games/7c5/7c50dd0415eb0a57505c58d4e50e4d24.jpg'}, 'released_at': '1983-06-19', 'requirements': {}}, {'platform': {'id': 55, 'name': 'Classic Macintosh', 'slug': 'macintosh', 'image': None, 'year_end': None, 'year_start': None, 'games_count': 675, 'image_background': 'https://media.rawg.io/media/games/38a/38af969459ad6e5de116ec8a4a84218c.jpg'}, 'released_at': '1983-06-19', 'requirements': {}}, {'platform': {'id': 111, 'name': '3DO', 'slug': '3do', 'image': None, 'year_end': None, 'year_start': None, 'games_count': 99, 'image_background': 'https://media.rawg.io/media/screenshots/97c/97cd94d7d6d89a12ed562d3a4e40c4a5.jpg'}, 'released_at': '1983-06-19', 'requirements': {}}, {'platform': {'id': 112, 'name': 'Jaguar', 'slug': 'jaguar', 'image': None, 'year_end': None, 'year_start': None, 'games_count': 40, 'image_background': 'https://media.rawg.io/media/screenshots/949/9495c2d23982de92beaa68224dce514e.jpg'}, 'released_at': '1983-06-19', 'requirements': {}}, {'platform': {'id': 119, 'name': 'SEGA CD', 'slug': 'sega-cd', 'image': None, 'year_end': None, 'year_start': None, 'games_count': 163, 'image_background': 'https://media.rawg.io/media/screenshots/9a0/9a01b32ce1a3e0576018a2580e32cf26.jpg'}, 'released_at': '1983-06-19', 'requirements': {}}, {'platform': {'id': 166, 'name': 'Commodore / Amiga', 'slug': 'commodore-amiga', 'image': None, 'year_end': None, 'year_start': None, 'games_count': 2083, 'image_background': 'https://media.rawg.io/media/games/cce/cce8bebe861f295003f5a9fe5b11233f.jpg'}, 'released_at': '1983-06-19', 'requirements': {}}]",[],"[{'id': 5791, 'name': 'Code Mystics', 'slug': 'code-mystics', 'games_count': 40, 'image_background': 'https://media.rawg.io/media/screenshots/248/2487f993fa81cd73d487ba40d6fd1476.jpg'}, {'id': 15227, 'name': 'ReadySoft', 'slug': 'readysoft', 'games_count': 6, 'image_background': 'https://media.rawg.io/media/screenshots/ef8/ef84502974bcbb37c96748a731842b06.jpg'}, {'id': 26754, 'name': 'Advanced Microcomputer Systems', 'slug': 'advanced-microcomputer-systems', 'games_count': 2, 'image_background': 'https://media.rawg.io/media/screenshots/7ae/7aef202b534d3feac638856cd1e8925b.jpg'}, {'id': 14771, 'name': 'Epicenter Interactive', 'slug': 'epicenter-interactive', 'games_count': 3, 'image_background': 'https://media.rawg.io/media/screenshots/459/4599d3f51d72e707f3fcd80102008a35_t4nDBHZ.jpg'}, {'id': 15465, 'name': 'Don Bluth Multimedia', 'slug': 'don-bluth-multimedia', 'games_count': 3, 'image_background': 'https://media.rawg.io/media/screenshots/5aa/5aade2045399ae170081cd546a34314d.jpg'}]","[{'id': 4, 'name': 'Action', 'slug': 'action', 'games_count': 186608, 'image_background': 'https://media.rawg.io/media/games/618/618c2031a07bbff6b4f611f10b6bcdbc.jpg'}]","[{'id': 31, 'name': 'Singleplayer', 'slug': 'singleplayer', 'language': 'eng', 'games_count': 238404, 'image_background': 'https://media.rawg.io/media/games/26d/26d4437715bee60138dab4a7c8c59c92.jpg'}, {'id': 7, 'name': 'Multiplayer', 'slug': 'multiplayer', 'language': 'eng', 'games_count': 40505, 'image_background': 'https://media.rawg.io/media/games/021/021c4e21a1824d2526f925eff6324653.jpg'}, {'id': 193, 'name': 'Classic', 'slug': 'classic', 'language': 'eng', 'games_count': 1814, 'image_background': 'https://media.rawg.io/media/games/4a0/4a0a1316102366260e6f38fd2a9cfdce.jpg'}, {'id': 82, 'name': 'Magic', 'slug': 'magic', 'language': 'eng', 'games_count': 10506, 'image_background': 'https://media.rawg.io/media/games/618/618c2031a07bbff6b4f611f10b6bcdbc.jpg'}, {'id': 215, 'name': 'Dragons', 'slug': 'dragons', 'language': 'eng', 'games_count': 2756, 'image_background': 'https://media.rawg.io/media/games/260/26023c855f1769a93411d6a7ea084632.jpeg'}, {'id': 269, 'name': 'Quick-Time Events', 'slug': 'quick-time-events', 'language': 'eng', 'games_count': 777, 'image_background': 'https://media.rawg.io/media/screenshots/e0e/e0ef96a0639af3735cb4d26160e82c16.jpg'}, {'id': 290, 'name': 'FMV', 'slug': 'fmv', 'language': 'eng', 'games_count': 768, 'image_background': 'https://media.rawg.io/media/screenshots/841/841b827812b7e2bf8b00cd200f35406d.jpg'}, {'id': 2129, 'name': 'interactive', 'slug': 'interactive', 'language': 'eng', 'games_count': 474, 'image_background': 'https://media.rawg.io/media/screenshots/cba/cbacf036f4d93eecc45db7c83a90e3f7.jpg'}, {'id': 3103, 'name': 'evil', 'slug': 'evil', 'language': 'eng', 'games_count': 1316, 'image_background': 'https://media.rawg.io/media/screenshots/c92/c9257055d2d63a69fb74b722161f6f71.jpg'}, {'id': 5468, 'name': 'qte', 'slug': 'qte', 'language': 'eng', 'games_count': 747, 'image_background': 'https://media.rawg.io/media/screenshots/969/9695b2a2880c87a01955e519899ec16e.jpg'}, {'id': 43576, 'name': 'interactive movie', 'slug': 'interactive-movie-2', 'language': 'eng', 'games_count': 6, 'image_background': 'https://media.rawg.io/media/screenshots/c64/c6468dd8debde0e900313e85e0628ee6.jpg'}, {'id': 3383, 'name': 'dungeons', 'slug': 'dungeons', 'language': 'eng', 'games_count': 43, 'image_background': 'https://media.rawg.io/media/screenshots/ff8/ff8a1b6a074ec09d0dbce53f2d529d31.jpg'}, {'id': 9449, 'name': 'interactive-movie', 'slug': 'interactive-movie', 'language': 'eng', 'games_count': 6, 'image_background': 'https://media.rawg.io/media/games/a91/a917f41bb87e4b9e7a762ac87d97a9dc.jpg'}, {'id': 750, 'name': 'knight', 'slug': 'knight', 'language': 'eng', 'games_count': 773, 'image_background': 'https://media.rawg.io/media/screenshots/bd9/bd9c56040b70aaeadd0cf4204d40904f.jpg'}, {'id': 1436, 'name': 'rescue', 'slug': 'rescue', 'language': 'eng', 'games_count': 465, 'image_background': 'https://media.rawg.io/media/screenshots/6f5/6f5d5b33302efb0e9357bd74d10be973.jpg'}, {'id': 351, 'name': 'Two-player', 'slug': 'two-player', 'language': 'eng', 'games_count': 272, 'image_background': 'https://media.rawg.io/media/screenshots/1c1/1c1c7ba1dc364dc71e522acd045aa428.jpg'}, {'id': 26333, 'name': 'quick-time-events', 'slug': 'quick-time-events-2', 'language': 'eng', 'games_count': 11, 'image_background': 'https://media.rawg.io/media/screenshots/3f7/3f7dd95ddeaab12a2a0175c3ff784dfb.jpg'}, {'id': 6117, 'name': 'wizardry', 'slug': 'wizardry', 'language': 'eng', 'games_count': 20, 'image_background': 'https://media.rawg.io/media/screenshots/7e7/7e7b2f1b72cfa11d84cb97a92d4768f2.jpg'}, {'id': 73546, 'name': 'arcade-classic', 'slug': 'arcade-classic', 'language': 'eng', 'games_count': 3, 'image_background': 'https://media.rawg.io/media/screenshots/b45/b452e9b20e969a64d0088ae467d1dcab.jpg'}, {'id': 46339, 'name': 'full-motion-video', 'slug': 'full-motion-video', 'language': 'eng', 'games_count': 9, 'image_background': 'https://media.rawg.io/media/screenshots/b45/b452e9b20e969a64d0088ae467d1dcab.jpg'}, {'id': 2538, 'name': 'royalty', 'slug': 'royalty', 'language': 'eng', 'games_count': 11, 'image_background': 'https://media.rawg.io/media/screenshots/489/4896b693403234a43a9b43bfda98214d.jpg'}, {'id': 73545, 'name': 'qtes', 'slug': 'qtes', 'language': 'eng', 'games_count': 1, 'image_background': 'https://media.rawg.io/media/screenshots/b45/b452e9b20e969a64d0088ae467d1dcab.jpg'}, {'id': 73547, 'name': 'full motion video', 'slug': 'full-motion-video-2', 'language': 'eng', 'games_count': 1, 'image_background': 'https://media.rawg.io/media/screenshots/b45/b452e9b20e969a64d0088ae467d1dcab.jpg'}, {'id': 73548, 'name': 'interactive-cartoon', 'slug': 'interactive-cartoon', 'language': 'eng', 'games_count': 1, 'image_background': 'https://media.rawg.io/media/screenshots/b45/b452e9b20e969a64d0088ae467d1dcab.jpg'}, {'id': 73549, 'name': 'interactive-cartoon-movie', 'slug': 'interactive-cartoon-movie', 'language': 'eng', 'games_count': 1, 'image_background': 'https://media.rawg.io/media/screenshots/b45/b452e9b20e969a64d0088ae467d1dcab.jpg'}, {'id': 73550, 'name': 'laserdisc', 'slug': 'laserdisc', 'language': 'eng', 'games_count': 1, 'image_background': 'https://media.rawg.io/media/screenshots/b45/b452e9b20e969a64d0088ae467d1dcab.jpg'}, {'id': 73551, 'name': 'laserdisc-games', 'slug': 'laserdisc-games', 'language': 'eng', 'games_count': 1, 'image_background': 'https://media.rawg.io/media/screenshots/b45/b452e9b20e969a64d0088ae467d1dcab.jpg'}, {'id': 73552, 'name': 'timed-input', 'slug': 'timed-input', 'language': 'eng', 'games_count': 1, 'image_background': 'https://media.rawg.io/media/screenshots/b45/b452e9b20e969a64d0088ae467d1dcab.jpg'}, {'id': 58650, 'name': 'rescue-mission', 'slug': 'rescue-mission', 'language': 'eng', 'games_count': 3, 'image_background': 'https://media.rawg.io/media/screenshots/b45/b452e9b20e969a64d0088ae467d1dcab.jpg'}, {'id': 73544, 'name': ""dragon's lair"", 'slug': 'dragons-lair', 'language': 'eng', 'games_count': 1, 'image_background': 'https://media.rawg.io/media/screenshots/b45/b452e9b20e969a64d0088ae467d1dcab.jpg'}]","[{'id': 354, 'name': 'Electronic Arts', 'slug': 'electronic-arts', 'games_count': 1332, 'image_background': 'https://media.rawg.io/media/games/45b/45b57ed59de4b84effd8f6bc4b7bf515.jpg'}, {'id': 20987, 'name': 'Microsoft Studios', 'slug': 'microsoft-studios', 'games_count': 499, 'image_background': 'https://media.rawg.io/media/games/2f5/2f5eb72fe45540e93ac2726877551a20.jpg'}, {'id': 3408, 'name': 'SEGA', 'slug': 'sega-2', 'games_count': 1262, 'image_background': 'https://media.rawg.io/media/games/be9/be9cf02720c9326e11d0fda14518554f.jpg'}, {'id': 3370, 'name': '1C Company', 'slug': '1c-company', 'games_count': 177, 'image_background': 'https://media.rawg.io/media/games/f59/f5930ff42471e790969566e9fd98a075.jpg'}, {'id': 19985, 'name': 'Tec Toy', 'slug': 'tec-toy', 'games_count': 19, 'image_background': 'https://media.rawg.io/media/screenshots/841/84119c458fcf8a7a2cd2ee74f3edfdf8.jpg'}, {'id': 10802, 'name': 'Destineer', 'slug': 'destineer', 'games_count': 68, 'image_background': 'https://media.rawg.io/media/screenshots/81a/81a89ecbeccacdb9104941b12528a610.jpg'}, {'id': 11666, 'name': 'Digital Leisure', 'slug': 'digital-leisure', 'games_count': 41, 'image_background': 'https://media.rawg.io/media/screenshots/549/549a7fd3614358fa350c1b88a03e4cc5.jpg'}, {'id': 11515, 'name': 'Philips Interactive Media', 'slug': 'philips-interactive-media', 'games_count': 18, 'image_background': 'https://media.rawg.io/media/screenshots/65b/65b2c1358dea7231644a32e07917ad6e.jpg'}, {'id': 1970, 'name': ""Dragon's Lair"", 'slug': 'dragons-lair-llc', 'games_count': 6, 'image_background': 'https://media.rawg.io/media/screenshots/f67/f67dc5def36035a226ba95698497ad9f.jpg'}, {'id': 11671, 'name': 'ReadySoft', 'slug': 'readysoft', 'games_count': 13, 'image_background': 'https://media.rawg.io/media/screenshots/a62/a623c547d044f1bdc5bea5dc8e13e3e6_UCY4vlc.jpg'}, {'id': 20055, 'name': 'Cinematronics', 'slug': 'cinematronics', 'games_count': 3, 'image_background': 'https://media.rawg.io/media/screenshots/b45/b452e9b20e969a64d0088ae467d1dcab.jpg'}]",,"Dragon's Lair (ドラゴンズレア, Doragonzu Rea) is a side-scrolling platform game based on the laserdisc game of the same name released for the Nintendo Entertainment System and developed by the MotiveTime group. Plotwise, the game is identical to the original.

You control the actions of Dirk the Daring, a valiant knight, on a quest to rescue the fair Princess from the clutches of an Evil Dragon. Fight your way through the castle of the Dark Wizard who has enchanted it with treacherous monsters and obstacles.

Lead on brave adventurer... your quest awaits!",,7.0,26.0,20.0,15.0,8.0,1.0,1.0,Everyone,everyone,,,,,,,,,
34334,antarctic-adventure,Antarctic Adventure,Antarctic Adventure,"<p>As a penguin, you must travel around Antarctica, making your way between bases before time runs out. This sounds easy, right? Wrong. Hindering your progress will be ice crevices and leopard seals. You can jump over the crevices, but jumping over the leopard seals may be difficult. You can speed up or slow down the penguin to avoid both of these hazards. The bases include Australia, France, New Zealand, USA, Argentina, UK, and Japan. You can collect flags and eat fish for points. Collecting a flashing flag will allow you to wear a propeller that enable you to fly over those hazards.</p>",,[],1983-12-01,False,2024-10-01T15:17:43,https://media.rawg.io/media/screenshots/4d0/4d09d1dca4054e295fe3304920d368c6.jpg,https://media.rawg.io/media/screenshots/1b4/1b4a7f89bb54ff1b03e668b584a88b6a.jpg,https://labxr.untdf.edu.ar,3.92,4,"[{'id': 4, 'title': 'recommended', 'count': 14, 'percent': 58.33}, {'id': 3, 'title': 'meh', 'count': 6, 'percent': 25.0}, {'id': 5, 'title': 'exceptional', 'count': 4, 'percent': 16.67}]",60,5,8,0,0,0,0,,,,,0,0,0,1,23,101,[],,0,0,0,,24,0f0f0f,0f0f0f,"[{'platform': {'id': 1, 'name': 'PC', 'slug': 'pc'}}, {'platform': {'id': 7, 'name': 'Nintendo', 'slug': 'nintendo'}}]","[{'platform': {'id': 4, 'name': 'PC', 'slug': 'pc', 'image': None, 'year_end': None, 'year_start': None, 'games_count': 547196, 'image_background': 'https://media.rawg.io/media/games/6fc/6fcf4cd3b17c288821388e6085bb0fc9.jpg'}, 'released_at': '2022-07-14', 'requirements': {'minimum': 'Minimum:\nOS: Windows 10/11\nProcessor: Equivalente o superior a un Intel i5-4590\nMemory: 8 GB RAM\nGraphics: Nvidia GTX 970 / AMD R9 290 o superior\nDirectX: Version 10\nStorage: 7 GB available space', 'recommended': 'Recommended:\nOS: Windows 10/11\nProcessor: Equivalente o superior a un Intel i5-4590\nMemory: 16 GB RAM\nGraphics: Nvidia GTX 970 / AMD R9 290 o superior\nDirectX: Version 11\nStorage: 10 GB available space'}}, {'platform': {'id': 49, 'name': 'NES', 'slug': 'nes', 'image': None, 'year_end': None, 'year_start': None, 'games_count': 1015, 'image_background': 'https://media.rawg.io/media/games/7c5/7c50dd0415eb0a57505c58d4e50e4d24.jpg'}, 'released_at': '1983-12-01', 'requirements': {}}]","[{'id': 813477, 'url': '', 'store': {'id': 1, 'name': 'Steam', 'slug': 'steam', 'domain': 'store.steampowered.com', 'games_count': 110181, 'image_background': 'https://media.rawg.io/media/games/7fa/7fa0b586293c5861ee32490e953a4996.jpg'}}]","[{'id': 1971, 'name': 'Konami Digital Entertainment', 'slug': 'konami-digital-entertainment', 'games_count': 467, 'image_background': 'https://media.rawg.io/media/games/d56/d56412cd670313ef306da64669c381d8.jpg'}, {'id': 15917, 'name': 'Friends Software', 'slug': 'friends-software', 'games_count': 2, 'image_background': 'https://media.rawg.io/media/games/710/7106bc086072e628fa064e05498945a9.jpg'}, {'id': 16977, 'name': 'Konami Digital Entertainment America', 'slug': 'konami-digital-entertainment-america', 'games_count': 2, 'image_background': 'https://media.rawg.io/media/screenshots/4ae/4ae147c8b83445c221957d25eb7295be.jpg'}, {'id': 369700, 'name': 'Universidad Nacional de Tierra del Fuego', 'slug': 'universidad-nacional-de-tierra-del-fuego', 'games_count': 1, 'image_background': 'https://media.rawg.io/media/screenshots/4d0/4d09d1dca4054e295fe3304920d368c6.jpg'}]","[{'id': 4, 'name': 'Action', 'slug': 'action', 'games_count': 186608, 'image_background': 'https://media.rawg.io/media/games/618/618c2031a07bbff6b4f611f10b6bcdbc.jpg'}, {'id': 3, 'name': 'Adventure', 'slug': 'adventure', 'games_count': 146481, 'image_background': 'https://media.rawg.io/media/games/b6b/b6b20bfc4b34e312dbc8aac53c95a348.jpg'}, {'id': 5, 'name': 'RPG', 'slug': 'role-playing-games-rpg', 'games_count': 59370, 'image_background': 'https://media.rawg.io/media/games/f6b/f6bed028b02369d4cab548f4f9337e81.jpg'}, {'id': 14, 'name': 'Simulation', 'slug': 'simulation', 'games_count': 73491, 'image_background': 'https://media.rawg.io/media/games/48c/48cb04ca483be865e3a83119c94e6097.jpg'}, {'id': 11, 'name': 'Arcade', 'slug': 'arcade', 'games_count': 22658, 'image_background': 'https://media.rawg.io/media/games/556/556157feed9ee1f55f2b12b2973e30a3.jpg'}, {'id': 83, 'name': 'Platformer', 'slug': 'platformer', 'games_count': 100869, 'image_background': 'https://media.rawg.io/media/games/f8c/f8c6a262ead4c16b47e1219310210eb3.jpg'}]","[{'id': 31, 'name': 'Singleplayer', 'slug': 'singleplayer', 'language': 'eng', 'games_count': 238404, 'image_background': 'https://media.rawg.io/media/games/26d/26d4437715bee60138dab4a7c8c59c92.jpg'}, {'id': 24, 'name': 'RPG', 'slug': 'rpg', 'language': 'eng', 'games_count': 24108, 'image_background': 'https://media.rawg.io/media/games/7cf/7cfc9220b401b7a300e409e539c9afd5.jpg'}, {'id': 8, 'name': 'First-Person', 'slug': 'first-person', 'language': 'eng', 'games_count': 34702, 'image_background': 'https://media.rawg.io/media/games/8e4/8e4de3f54ac659e08a7ba6a2b731682a.jpg'}, {'id': 79, 'name': 'Free to Play', 'slug': 'free-to-play', 'language': 'eng', 'games_count': 8488, 'image_background': 'https://media.rawg.io/media/games/efd/efd6b2cb621c41a2b6580d8ac260b8ba.jpg'}, {'id': 571, 'name': '3D', 'slug': '3d', 'language': 'eng', 'games_count': 89061, 'image_background': 'https://media.rawg.io/media/games/acc/acc3de7aaa850ad998d49b15f8901e23.jpg'}, {'id': 33, 'name': 'VR', 'slug': 'vr', 'language': 'eng', 'games_count': 12726, 'image_background': 'https://media.rawg.io/media/screenshots/77b/77bd0acea49153dc6c5a89d91eb568bc.jpg'}, {'id': 86, 'name': 'Education', 'slug': 'education', 'language': 'eng', 'games_count': 3383, 'image_background': 'https://media.rawg.io/media/screenshots/95a/95a557d6dfa6430dd662a136d71e5915.jpg'}, {'id': 42473, 'name': 'Immersive Sim', 'slug': 'immersive-sim-2', 'language': 'eng', 'games_count': 4005, 'image_background': 'https://media.rawg.io/media/games/943/9436adc4b833d1026c3805fc4ce602b8.jpg'}, {'id': 774, 'name': 'nature', 'slug': 'nature', 'language': 'eng', 'games_count': 6661, 'image_background': 'https://media.rawg.io/media/screenshots/e0b/e0b7df921a951ec97fa4d7c595dac410.jpg'}, {'id': 87, 'name': 'Science', 'slug': 'science', 'language': 'eng', 'games_count': 1880, 'image_background': 'https://media.rawg.io/media/games/4a1/4a1ee7cf3792722dcd11638e542405c3.jpg'}, {'id': 3758, 'name': 'speed', 'slug': 'speed', 'language': 'eng', 'games_count': 8092, 'image_background': 'https://media.rawg.io/media/screenshots/cc0/cc035b82249521dbd232b975b80a1b95.jpg'}, {'id': 726, 'name': 'japan', 'slug': 'japan', 'language': 'eng', 'games_count': 1010, 'image_background': 'https://media.rawg.io/media/screenshots/e2a/e2af1fcbd58c3a1ce69f6b4907fab687.jpg'}, {'id': 4927, 'name': 'fly', 'slug': 'fly', 'language': 'eng', 'games_count': 2954, 'image_background': 'https://media.rawg.io/media/screenshots/b97/b97dd50d686f459ee7eb3ed134d70d3a.jpg'}, {'id': 1986, 'name': 'ice', 'slug': 'ice', 'language': 'eng', 'games_count': 2175, 'image_background': 'https://media.rawg.io/media/games/652/652190097e2968f1440c4a34adbc2666.jpg'}, {'id': 4226, 'name': 'penguin', 'slug': 'penguin', 'language': 'eng', 'games_count': 580, 'image_background': 'https://media.rawg.io/media/screenshots/cb8/cb80b8683fc9d875478c9d699d7d8b76.jpg'}]","[{'id': 10691, 'name': 'Konami', 'slug': 'konami', 'games_count': 788, 'image_background': 'https://media.rawg.io/media/games/85e/85e4c8a78cf9b82b5ed19262fe00c00f.jpg'}, {'id': 59001, 'name': 'Universidad Nacional de Tierra del Fuego', 'slug': 'universidad-nacional-de-tierra-del-fuego', 'games_count': 1, 'image_background': 'https://media.rawg.io/media/screenshots/4d0/4d09d1dca4054e295fe3304920d368c6.jpg'}]",,"As a penguin, you must travel around Antarctica, making your way between bases before time runs out. This sounds easy, right? Wrong. Hindering your progress will be ice crevices and leopard seals. You can jump over the crevices, but jumping over the leopard seals may be difficult. You can speed up or slow down the penguin to avoid both of these hazards. The bases include Australia, France, New Zealand, USA, Argentina, UK, and Japan. You can collect flags and eat fish for points. Collecting a flashing flag will allow you to wear a propeller that enable you to fly over those hazards.",,2.0,16.0,15.0,6.0,21.0,,,,,,,,,1.0,,,,
54127,ultima-iii-exodus,Ultima III: Exodus,Ultima III: Exodus,"<p>Ultima III: Exodus is the third game in the series of Ultima role-playing video games. Exodus is also the name of the game&#39;s principal antagonist. It is the final installment in the &quot;Age of Darkness&quot; trilogy. Released in 1983, it was the first Ultima game published by Origin Systems. Originally developed for the Apple II, Exodus was eventually ported to 13 other platforms, including a NES/Famicom remake.<br />
Ultima III centers around Exodus, the spawn of Mondain and Minax (from Ultima I and Ultima II, respectively), threatening the world of Sosaria. The player travels to Sosaria to defeat Exodus and restore the world to peace. Ultima III hosts further advances in graphics, particularly in animation, adds a musical score, and increases the player&#39;s options in gameplay with a larger party and more interactivity with the game world.</p>",,[],1983-08-23,False,2024-01-06T10:53:31,https://media.rawg.io/media/screenshots/c37/c37e39b595207281cfc141c5d46f505d.jpg,https://media.rawg.io/media/screenshots/aab/aab28fd40133685cf628d50a397fe33e.jpg,,2.56,1,"[{'id': 1, 'title': 'skip', 'count': 7, 'percent': 43.75}, {'id': 3, 'title': 'meh', 'count': 4, 'percent': 25.0}, {'id': 4, 'title': 'recommended', 'count': 3, 'percent': 18.75}, {'id': 5, 'title': 'exceptional', 'count': 2, 'percent': 12.5}]",56,0,24,0,10,0,0,,,,,0,0,0,0,15,228,"['Exodus: Ultima III', 'Ultima: Exodus', 'Ultima: Kyōfu no Exodus', 'ウルティマ3 エクソダス', 'ウルティマ〜恐怖のエクソダス〜']",,0,0,21,,16,0f0f0f,0f0f0f,"[{'platform': {'id': 1, 'name': 'PC', 'slug': 'pc'}}, {'platform': {'id': 5, 'name': 'Apple Macintosh', 'slug': 'mac'}}, {'platform': {'id': 7, 'name': 'Nintendo', 'slug': 'nintendo'}}, {'platform': {'id': 9, 'name': 'Atari', 'slug': 'atari'}}, {'platform': {'id': 10, 'name': 'Commodore / Amiga', 'slug': 'commodore-amiga'}}]","[{'platform': {'id': 34, 'name': 'Atari ST', 'slug': 'atari-st', 'image': None, 'year_end': None, 'year_start': None, 'games_count': 836, 'image_background': 'https://media.rawg.io/media/games/637/637d7dc2f44d0f6ddd3ee2c0b1366962.jpg'}, 'released_at': '1983-08-23', 'requirements': {}}, {'platform': {'id': 4, 'name': 'PC', 'slug': 'pc', 'image': None, 'year_end': None, 'year_start': None, 'games_count': 547196, 'image_background': 'https://media.rawg.io/media/games/6fc/6fcf4cd3b17c288821388e6085bb0fc9.jpg'}, 'released_at': '1983-08-23', 'requirements': {}}, {'platform': {'id': 25, 'name': 'Atari 8-bit', 'slug': 'atari-8-bit', 'image': None, 'year_end': None, 'year_start': None, 'games_count': 308, 'image_background': 'https://media.rawg.io/media/screenshots/038/0385a47d3a43b218204268af5361a19e.jpg'}, 'released_at': '1983-08-23', 'requirements': {}}, {'platform': {'id': 41, 'name': 'Apple II', 'slug': 'apple-ii', 'image': None, 'year_end': None, 'year_start': None, 'games_count': 424, 'image_background': 'https://media.rawg.io/media/screenshots/3d2/3d2bb57b39e2efa39d1c385585b2ea8b.jpg'}, 'released_at': '1983-08-23', 'requirements': {}}, {'platform': {'id': 49, 'name': 'NES', 'slug': 'nes', 'image': None, 'year_end': None, 'year_start': None, 'games_count': 1015, 'image_background': 'https://media.rawg.io/media/games/7c5/7c50dd0415eb0a57505c58d4e50e4d24.jpg'}, 'released_at': '1983-08-23', 'requirements': {}}, {'platform': {'id': 55, 'name': 'Classic Macintosh', 'slug': 'macintosh', 'image': None, 'year_end': None, 'year_start': None, 'games_count': 675, 'image_background': 'https://media.rawg.io/media/games/38a/38af969459ad6e5de116ec8a4a84218c.jpg'}, 'released_at': '1983-08-23', 'requirements': {}}, {'platform': {'id': 166, 'name': 'Commodore / Amiga', 'slug': 'commodore-amiga', 'image': None, 'year_end': None, 'year_start': None, 'games_count': 2083, 'image_background': 'https://media.rawg.io/media/games/cce/cce8bebe861f295003f5a9fe5b11233f.jpg'}, 'released_at': '1983-08-23', 'requirements': {}}]",[],"[{'id': 13178, 'name': 'Origin Systems', 'slug': 'origin-systems', 'games_count': 60, 'image_background': 'https://media.rawg.io/media/screenshots/ba4/ba456796ee5e190af9cfb2e78feac2ec.jpg'}, {'id': 26680, 'name': 'Richard Garriott', 'slug': 'richard-garriott', 'games_count': 3, 'image_background': 'https://media.rawg.io/media/screenshots/ba4/ba456796ee5e190af9cfb2e78feac2ec.jpg'}]","[{'id': 5, 'name': 'RPG', 'slug': 'role-playing-games-rpg', 'games_count': 59370, 'image_background': 'https://media.rawg.io/media/games/f6b/f6bed028b02369d4cab548f4f9337e81.jpg'}]","[{'id': 31, 'name': 'Singleplayer', 'slug': 'singleplayer', 'language': 'eng', 'games_count': 238404, 'image_background': 'https://media.rawg.io/media/games/26d/26d4437715bee60138dab4a7c8c59c92.jpg'}]","[{'id': 11776, 'name': 'Origin Systems', 'slug': 'origin-systems', 'games_count': 26, 'image_background': 'https://media.rawg.io/media/screenshots/773/7730495e8fc0fe7e1e747cb9449399ac.jpeg'}]",,"Ultima III: Exodus is the third game in the series of Ultima role-playing video games. Exodus is also the name of the game's principal antagonist. It is the final installment in the ""Age of Darkness"" trilogy. Released in 1983, it was the first Ultima game published by Origin Systems. Originally developed for the Apple II, Exodus was eventually ported to 13 other platforms, including a NES/Famicom remake.
Ultima III centers around Exodus, the spawn of Mondain and Minax (from Ultima I and Ultima II, respectively), threatening the world of Sosaria. The player travels to Sosaria to defeat Exodus and restore the world to peace. Ultima III hosts further advances in graphics, particularly in animation, adds a musical score, and increases the player's options in gameplay with a larger party and more interactivity with the game world.",,12.0,18.0,9.0,10.0,6.0,1.0,,,,,,,,,,,,
52592,spy-hunter-1983,Spy Hunter (1983),Spy Hunter (1983),"<p>Spy Hunter is an overhead view, vehicular combat game developed by Bally Midway and released in arcades in 1983.</p>
<p>The game draws inspiration from the James Bond films and was originally supposed to carry the James Bond license. The object of the game is to drive down roads in the technologically advanced ""Interceptor"" car and destroy various enemy vehicles with a variety of onboard weapons. Spy Hunter was produced in both sit-down and standard upright versions with the latter being more common. The game's controls consist of a steering wheel in the form of a futuristic aircraft-style yoke with several special-purpose buttons, a two-position stick shift (offering 'low' and 'high' gears), and a pedal used for acceleration.</p>
<p>Spy Hunter was ported to the Atari 2600, Atari 8-bit family, Amstrad CPC, ZX Spectrum, Commodore 64, Apple II, ColecoVision, MS-DOS, Nintendo Entertainment System, and BBC Micro. Spy Hunter was followed by Spy Hunter II which added a 3D view and two-player split-screen play, a pinball tie-in, and a successor series of games bearing the Spy Hunter name. In addition, the NES received an exclusive sequel titled Super Spy Hunter.</p>",,[],1983-01-01,False,2019-08-28T22:26:30,https://media.rawg.io/media/screenshots/308/308100da708a1f45e586a6a34dfec309.jpg,https://media.rawg.io/media/screenshots/2d0/2d09632797dd81967498bd638f4544d0.jpg,,3.7,4,"[{'id': 4, 'title': 'recommended', 'count': 14, 'percent': 60.87}, {'id': 3, 'title': 'meh', 'count': 6, 'percent': 26.09}, {'id': 5, 'title': 'exceptional', 'count': 2, 'percent': 8.7}, {'id': 1, 'title': 'skip', 'count': 1, 'percent': 4.35}]",47,0,20,0,2,0,0,,,,,0,0,0,0,22,166,[],,0,0,4,,23,0f0f0f,0f0f0f,"[{'platform': {'id': 5, 'name': 'Apple Macintosh', 'slug': 'mac'}}, {'platform': {'id': 7, 'name': 'Nintendo', 'slug': 'nintendo'}}, {'platform': {'id': 9, 'name': 'Atari', 'slug': 'atari'}}, {'platform': {'id': 10, 'name': 'Commodore / Amiga', 'slug': 'commodore-amiga'}}]","[{'platform': {'id': 41, 'name': 'Apple II', 'slug': 'apple-ii', 'image': None, 'year_end': None, 'year_start': None, 'games_count': 424, 'image_background': 'https://media.rawg.io/media/screenshots/3d2/3d2bb57b39e2efa39d1c385585b2ea8b.jpg'}, 'released_at': '1983-01-01', 'requirements': {}}, {'platform': {'id': 25, 'name': 'Atari 8-bit', 'slug': 'atari-8-bit', 'image': None, 'year_end': None, 'year_start': None, 'games_count': 308, 'image_background': 'https://media.rawg.io/media/screenshots/038/0385a47d3a43b218204268af5361a19e.jpg'}, 'released_at': '1983-01-01', 'requirements': {}}, {'platform': {'id': 24, 'name': 'Game Boy Advance', 'slug': 'game-boy-advance', 'image': None, 'year_end': None, 'year_start': None, 'games_count': 950, 'image_background': 'https://media.rawg.io/media/games/98c/98c87b286cd2a2ba942167df384a9bd3.jpg'}, 'released_at': '1983-01-01', 'requirements': {}}, {'platform': {'id': 49, 'name': 'NES', 'slug': 'nes', 'image': None, 'year_end': None, 'year_start': None, 'games_count': 1015, 'image_background': 'https://media.rawg.io/media/games/7c5/7c50dd0415eb0a57505c58d4e50e4d24.jpg'}, 'released_at': '1983-01-01', 'requirements': {}}, {'platform': {'id': 23, 'name': 'Atari 2600', 'slug': 'atari-2600', 'image': None, 'year_end': None, 'year_start': None, 'games_count': 294, 'image_background': 'https://media.rawg.io/media/screenshots/ff6/ff623993a854663931c1e78d72a16a5a.jpg'}, 'released_at': '1983-01-01', 'requirements': {}}, {'platform': {'id': 166, 'name': 'Commodore / Amiga', 'slug': 'commodore-amiga', 'image': None, 'year_end': None, 'year_start': None, 'games_count': 2083, 'image_background': 'https://media.rawg.io/media/games/cce/cce8bebe861f295003f5a9fe5b11233f.jpg'}, 'released_at': '1983-01-01', 'requirements': {}}]",[],"[{'id': 13149, 'name': 'Midway Games', 'slug': 'midway-games', 'games_count': 77, 'image_background': 'https://media.rawg.io/media/screenshots/529/5292fb5f3c458a027a1bb91540d22312.jpg'}, {'id': 25946, 'name': 'Bally Midway', 'slug': 'bally-midway', 'games_count': 8, 'image_background': 'https://media.rawg.io/media/screenshots/a19/a1994bb9ef2cd1d6f396e49d5e891712.jpg'}]",[],"[{'id': 31, 'name': 'Singleplayer', 'slug': 'singleplayer', 'language': 'eng', 'games_count': 238404, 'image_background': 'https://media.rawg.io/media/games/26d/26d4437715bee60138dab4a7c8c59c92.jpg'}]","[{'id': 10879, 'name': 'Midway Games', 'slug': 'midway-games', 'games_count': 142, 'image_background': 'https://media.rawg.io/media/screenshots/3db/3dbec4b488796ef8e70a73389155a58f.jpg'}, {'id': 19419, 'name': 'Bally Midway', 'slug': 'bally-midway', 'games_count': 14, 'image_background': 'https://media.rawg.io/media/screenshots/a9d/a9d6ecfce2839af25e2e74ff8821094d.jpg'}]",,"Spy Hunter is an overhead view, vehicular combat game developed by Bally Midway and released in arcades in 1983.
The game draws inspiration from the James Bond films and was originally supposed to carry the James Bond license. The object of the game is to drive down roads in the technologically advanced ""Interceptor"" car and destroy various enemy vehicles with a variety of onboard weapons. Spy Hunter was produced in both sit-down and standard upright versions with the latter being more common. The game's controls consist of a steering wheel in the form of a futuristic aircraft-style yoke with several special-purpose buttons, a two-position stick shift (offering 'low' and 'high' gears), and a pedal used for acceleration.
Spy Hunter was ported to the Atari 2600, Atari 8-bit family, Amstrad CPC, ZX Spectrum, Commodore 64, Apple II, ColecoVision, MS-DOS, Nintendo Entertainment System, and BBC Micro. Spy Hunter was followed by Spy Hunter II which added a 3D view and two-player split-screen play, a pinball tie-in, and a successor series of games bearing the Spy Hunter name. In addition, the NES received an exclusive sequel titled Super Spy Hunter.",,1.0,20.0,7.0,3.0,16.0,,,,,,,,,,,,,
33363,digger,Digger,Digger,"This is a classic 8bit pixel retro style game, about a gold digger with his own courage to constantly conquer various caves adventure and digging for gold! <br/>
<br/>
Features: <br/>
Be filled with the pleasure of adventure. <br/>
Get started quickly. <br/>
Simple operation. <br/>
Constantly challenge high scores. <br/>
8bit music. <br/>
Simple operation. <br/>
Press the keyboard enter to start the enter restart; <br/>
Above and below the keyboard can start the game; <br/>
Keyboard esc out of the game; <br/>
Collect all the gold and find a way to export it. <br/>
<br/>
Note: <br/>
The main menu does not press the keyboard enter key wait about 20 seconds, you can directly watch the tutorial play, rest assured! Fully automatic! Nothing! <br/>
Additional tips: <br/>
Do not announce in advance how many levels, how many caves, and so on your own to experience, how many points, robbed how much gold, but also welcome you to share messages to me! <br/>
Thank you. I hope you can play this game can get the purest happiness!",,[],1983-01-01,False,2024-07-26T05:57:58,https://media.rawg.io/media/screenshots/adf/adf9bd7e5b81be3203ce63e30dcead72.jpg,https://media.rawg.io/media/screenshots/c09/c09a2d72c8c97fe0f4203fcd4eaa48de.jpg,,3.81,4,"[{'id': 4, 'title': 'recommended', 'count': 7, 'percent': 43.75}, {'id': 5, 'title': 'exceptional', 'count': 4, 'percent': 25.0}, {'id': 3, 'title': 'meh', 'count': 4, 'percent': 25.0}, {'id': 1, 'title': 'skip', 'count': 1, 'percent': 6.25}]",47,0,5,0,1,0,0,,,,,0,0,0,0,16,128,[],,0,0,0,,16,0f0f0f,0f0f0f,"[{'platform': {'id': 1, 'name': 'PC', 'slug': 'pc'}}]","[{'platform': {'id': 4, 'name': 'PC', 'slug': 'pc', 'image': None, 'year_end': None, 'year_start': None, 'games_count': 547196, 'image_background': 'https://media.rawg.io/media/games/6fc/6fcf4cd3b17c288821388e6085bb0fc9.jpg'}, 'released_at': '2018-10-01', 'requirements': {'minimum': 'Minimum:\nOS: Windows XP\nProcessor: Dual Core 2.0 GHz\nMemory: 2 GB RAM MB RAM\nGraphics: 512MB\nDirectX: Version 9.0\nStorage: 3 MB available space'}}]","[{'id': 238092, 'url': '', 'store': {'id': 1, 'name': 'Steam', 'slug': 'steam', 'domain': 'store.steampowered.com', 'games_count': 110181, 'image_background': 'https://media.rawg.io/media/games/7fa/7fa0b586293c5861ee32490e953a4996.jpg'}}]","[{'id': 16193, 'name': 'Windmill Software', 'slug': 'windmill-software', 'games_count': 2, 'image_background': 'https://media.rawg.io/media/screenshots/adf/adf9bd7e5b81be3203ce63e30dcead72.jpg'}, {'id': 100551, 'name': 'happypandastudio', 'slug': 'happypandastudio', 'games_count': 2, 'image_background': 'https://media.rawg.io/media/screenshots/470/470d6e5cc25348ca73fdbbbb43517d4e.jpg'}]","[{'id': 4, 'name': 'Action', 'slug': 'action', 'games_count': 186608, 'image_background': 'https://media.rawg.io/media/games/618/618c2031a07bbff6b4f611f10b6bcdbc.jpg'}, {'id': 3, 'name': 'Adventure', 'slug': 'adventure', 'games_count': 146481, 'image_background': 'https://media.rawg.io/media/games/b6b/b6b20bfc4b34e312dbc8aac53c95a348.jpg'}, {'id': 11, 'name': 'Arcade', 'slug': 'arcade', 'games_count': 22658, 'image_background': 'https://media.rawg.io/media/games/556/556157feed9ee1f55f2b12b2973e30a3.jpg'}, {'id': 40, 'name': 'Casual', 'slug': 'casual', 'games_count': 61303, 'image_background': 'https://media.rawg.io/media/games/e44/e445335e611b4ccf03af71fffcbd30a4.jpg'}, {'id': 51, 'name': 'Indie', 'slug': 'indie', 'games_count': 76957, 'image_background': 'https://media.rawg.io/media/games/dd5/dd50d4266915d56dd5b63ae1bf72606a.jpg'}]","[{'id': 31, 'name': 'Singleplayer', 'slug': 'singleplayer', 'language': 'eng', 'games_count': 238404, 'image_background': 'https://media.rawg.io/media/games/26d/26d4437715bee60138dab4a7c8c59c92.jpg'}]","[{'id': 12463, 'name': 'Windmill Software', 'slug': 'windmill-software', 'games_count': 2, 'image_background': 'https://media.rawg.io/media/screenshots/adf/adf9bd7e5b81be3203ce63e30dcead72.jpg'}, {'id': 27430, 'name': 'happypandastudio', 'slug': 'happypandastudio', 'games_count': 2, 'image_background': 'https://media.rawg.io/media/screenshots/adf/adf9bd7e5b81be3203ce63e30dcead72.jpg'}]",,"This is a classic 8bit pixel retro style game, about a gold digger with his own courage to constantly conquer various caves adventure and digging for gold!
Features:
Be filled with the pleasure of adventure.
Get started quickly.
Simple operation.
Constantly challenge high scores.
8bit music.
Simple operation.
Press the keyboard enter to start the enter restart;
Above and below the keyboard can start the game;
Keyboard esc out of the game;
Collect all the gold and find a way to export it.
Note:
The main menu does not press the keyboard enter key wait about 20 seconds, you can directly watch the tutorial play, rest assured! Fully automatic! Nothing!
Additional tips:
Do not announce in advance how many levels, how many caves, and so on your own to experience, how many points, robbed how much gold, but also welcome you to share messages to me!
Thank you. I hope you can play this game can get the purest happiness!",,2.0,16.0,8.0,3.0,18.0,,,,,,,,,,,,,
33148,tapper,Tapper,Tapper,"<p>Tapper is an action-arcade game developed by Sierra On-Line and Marvin Glass and Associates. It was originally released in 1983. Bally Midway published the game. Most rawgers rated the game as ""Recommended"". <br>Tapper is available on Xbox 360, Apple II, Atari 8-bit and Atari 2600. </p>

<p></p>",,[],1983-01-01,False,2025-04-15T19:36:42,https://media.rawg.io/media/screenshots/4f5/4f5c0a79340252ca666247723111983d.jpg,https://media.rawg.io/media/screenshots/604/604634923add00eabe5282c5f121fe96_seQbEPh.jpg,,3.5,4,"[{'id': 4, 'title': 'recommended', 'count': 8, 'percent': 66.67}, {'id': 1, 'title': 'skip', 'count': 2, 'percent': 16.67}, {'id': 5, 'title': 'exceptional', 'count': 1, 'percent': 8.33}, {'id': 3, 'title': 'meh', 'count': 1, 'percent': 8.33}]",42,0,6,0,4,0,0,,,,,0,0,0,0,12,60,[],,0,0,0,,12,0f0f0f,0f0f0f,"[{'platform': {'id': 1, 'name': 'PC', 'slug': 'pc'}}, {'platform': {'id': 3, 'name': 'Xbox', 'slug': 'xbox'}}, {'platform': {'id': 5, 'name': 'Apple Macintosh', 'slug': 'mac'}}, {'platform': {'id': 9, 'name': 'Atari', 'slug': 'atari'}}, {'platform': {'id': 10, 'name': 'Commodore / Amiga', 'slug': 'commodore-amiga'}}]","[{'platform': {'id': 14, 'name': 'Xbox 360', 'slug': 'xbox360', 'image': None, 'year_end': None, 'year_start': None, 'games_count': 2805, 'image_background': 'https://media.rawg.io/media/games/4a0/4a0a1316102366260e6f38fd2a9cfdce.jpg'}, 'released_at': '1983-01-01', 'requirements': {}}, {'platform': {'id': 41, 'name': 'Apple II', 'slug': 'apple-ii', 'image': None, 'year_end': None, 'year_start': None, 'games_count': 424, 'image_background': 'https://media.rawg.io/media/screenshots/3d2/3d2bb57b39e2efa39d1c385585b2ea8b.jpg'}, 'released_at': '1983-01-01', 'requirements': {}}, {'platform': {'id': 25, 'name': 'Atari 8-bit', 'slug': 'atari-8-bit', 'image': None, 'year_end': None, 'year_start': None, 'games_count': 308, 'image_background': 'https://media.rawg.io/media/screenshots/038/0385a47d3a43b218204268af5361a19e.jpg'}, 'released_at': '1983-01-01', 'requirements': {}}, {'platform': {'id': 23, 'name': 'Atari 2600', 'slug': 'atari-2600', 'image': None, 'year_end': None, 'year_start': None, 'games_count': 294, 'image_background': 'https://media.rawg.io/media/screenshots/ff6/ff623993a854663931c1e78d72a16a5a.jpg'}, 'released_at': '1983-01-01', 'requirements': {}}, {'platform': {'id': 166, 'name': 'Commodore / Amiga', 'slug': 'commodore-amiga', 'image': None, 'year_end': None, 'year_start': None, 'games_count': 2083, 'image_background': 'https://media.rawg.io/media/games/cce/cce8bebe861f295003f5a9fe5b11233f.jpg'}, 'released_at': '1983-01-01', 'requirements': {}}, {'platform': {'id': 4, 'name': 'PC', 'slug': 'pc', 'image': None, 'year_end': None, 'year_start': None, 'games_count': 547196, 'image_background': 'https://media.rawg.io/media/games/6fc/6fcf4cd3b17c288821388e6085bb0fc9.jpg'}, 'released_at': '1983-01-01', 'requirements': {}}]",[],"[{'id': 7564, 'name': 'Sierra On-Line', 'slug': 'sierra-on-line', 'games_count': 119, 'image_background': 'https://media.rawg.io/media/screenshots/3d7/3d7f9baa0db4d6fb67a5e17c29bda07f.jpg'}, {'id': 26003, 'name': 'Marvin Glass and Associates', 'slug': 'marvin-glass-and-associates', 'games_count': 1, 'image_background': 'https://media.rawg.io/media/screenshots/4f5/4f5c0a79340252ca666247723111983d.jpg'}]","[{'id': 4, 'name': 'Action', 'slug': 'action', 'games_count': 186608, 'image_background': 'https://media.rawg.io/media/games/618/618c2031a07bbff6b4f611f10b6bcdbc.jpg'}, {'id': 11, 'name': 'Arcade', 'slug': 'arcade', 'games_count': 22658, 'image_background': 'https://media.rawg.io/media/games/556/556157feed9ee1f55f2b12b2973e30a3.jpg'}]","[{'id': 418, 'name': '2 players', 'slug': '2-players', 'language': 'eng', 'games_count': 1244, 'image_background': 'https://media.rawg.io/media/screenshots/f9a/f9ac59bb4af2ca2193ee9ffb979577cf.jpg'}, {'id': 348, 'name': 'alternating turns', 'slug': 'alternating-turns', 'language': 'eng', 'games_count': 64, 'image_background': 'https://media.rawg.io/media/games/6f8/6f8fb1e98393f72b47f1f909d5b649d4.jpg'}]","[{'id': 10879, 'name': 'Midway Games', 'slug': 'midway-games', 'games_count': 142, 'image_background': 'https://media.rawg.io/media/screenshots/3db/3dbec4b488796ef8e70a73389155a58f.jpg'}, {'id': 19419, 'name': 'Bally Midway', 'slug': 'bally-midway', 'games_count': 14, 'image_background': 'https://media.rawg.io/media/screenshots/a9d/a9d6ecfce2839af25e2e74ff8821094d.jpg'}]",,,,1.0,21.0,8.0,3.0,9.0,,,,,,,,,,,,,
53701,baseball-1983,Baseball (1983),Baseball (1983),"<p>Baseball (Japanese: ベースボール, Hepburn: Bēsubōru) is a 1983 video game from Nintendo, one of the first early titles for the Family Computer. In 1985, the game was featured prominently amongst the 18 titles at the Manhattan test market launch of the Nintendo Entertainment System, being demonstrated on a large projector screen by real Major League Baseball players. The game's launch position and the universal appeal of its namesake sport are said to have made Baseball a key to the NES's overall success, and an important piece of Nintendo history.</p>",,[],1983-12-07,False,2024-10-14T14:10:38,https://media.rawg.io/media/screenshots/ef1/ef1246629e588787d940592cb05416f7.jpg,,,3.08,3,"[{'id': 3, 'title': 'meh', 'count': 5, 'percent': 38.46}, {'id': 4, 'title': 'recommended', 'count': 3, 'percent': 23.08}, {'id': 1, 'title': 'skip', 'count': 3, 'percent': 23.08}, {'id': 5, 'title': 'exceptional', 'count': 2, 'percent': 15.38}]",40,0,1,0,2,0,0,,,,,0,0,0,1,12,32,[],,0,0,0,,13,0f0f0f,0f0f0f,"[{'platform': {'id': 7, 'name': 'Nintendo', 'slug': 'nintendo'}}]","[{'platform': {'id': 49, 'name': 'NES', 'slug': 'nes', 'image': None, 'year_end': None, 'year_start': None, 'games_count': 1015, 'image_background': 'https://media.rawg.io/media/games/7c5/7c50dd0415eb0a57505c58d4e50e4d24.jpg'}, 'released_at': '1983-12-07', 'requirements': {}}, {'platform': {'id': 26, 'name': 'Game Boy', 'slug': 'game-boy', 'image': None, 'year_end': None, 'year_start': None, 'games_count': 617, 'image_background': 'https://media.rawg.io/media/games/057/0573c1c9e1f2414c1f4acabe86ee9fd9.jpg'}, 'released_at': '1983-12-07', 'requirements': {}}]",[],"[{'id': 16257, 'name': 'Nintendo', 'slug': 'nintendo', 'games_count': 426, 'image_background': 'https://media.rawg.io/media/games/d9c/d9c8b7edc78391619566adfeb52b5a9a.jpg'}]","[{'id': 15, 'name': 'Sports', 'slug': 'sports', 'games_count': 22123, 'image_background': 'https://media.rawg.io/media/games/5eb/5eb49eb2fa0738fdb5bacea557b1bc57.jpg'}]","[{'id': 31, 'name': 'Singleplayer', 'slug': 'singleplayer', 'language': 'eng', 'games_count': 238404, 'image_background': 'https://media.rawg.io/media/games/26d/26d4437715bee60138dab4a7c8c59c92.jpg'}, {'id': 7, 'name': 'Multiplayer', 'slug': 'multiplayer', 'language': 'eng', 'games_count': 40505, 'image_background': 'https://media.rawg.io/media/games/021/021c4e21a1824d2526f925eff6324653.jpg'}, {'id': 351, 'name': 'Two-player', 'slug': 'two-player', 'language': 'eng', 'games_count': 272, 'image_background': 'https://media.rawg.io/media/screenshots/1c1/1c1c7ba1dc364dc71e522acd045aa428.jpg'}]","[{'id': 10681, 'name': 'Nintendo', 'slug': 'nintendo', 'games_count': 1235, 'image_background': 'https://media.rawg.io/media/games/dd1/dd167cf8753db3748a975d61cc926e54.jpg'}]",,"Baseball (Japanese: ベースボール, Hepburn: Bēsubōru) is a 1983 video game from Nintendo, one of the first early titles for the Family Computer. In 1985, the game was featured prominently amongst the 18 titles at the Manhattan test market launch of the Nintendo Entertainment System, being demonstrated on a large projector screen by real Major League Baseball players. The game's launch position and the universal appeal of its namesake sport are said to have made Baseball a key to the NES's overall success, and an important piece of Nintendo history.",,2.0,18.0,3.0,2.0,15.0,,,,,,,,,,,1.0,1.0,
53809,elevator-action-1983,Elevator Action (1983),Elevator Action (1983),"<p>Elevator Action (エレベーターアクション, Erebētā Akushon) is a 1983 arcade game by Taito Corporation. It is a mix of the action, platformer, puzzle and shooter genres.<br />
The player assumes the role of a spy infiltrating a 30-story building filled with elevators. The player is pursued by enemy agents who appear from behind closed doors. These agents must be dealt with via force or evasion. Successful completion of a level involves collecting all the secret documents and traversing the building from top to bottom. In the lower floors of the building, the elevator systems can be complex enough that puzzle-solving skills are needed. The controls consist of a four-way joystick and two buttons, one to shoot and the other for jumping and kicking.<br />
Elevator Action was followed by the arcade game Elevator Action Returns in 1994 (released as Elevator Action II in North America) and Elevator Action EX for the Game Boy Color in 2000.</p>",,[],1983-01-01,False,2024-12-25T17:02:38,https://media.rawg.io/media/games/755/7550852cd3be9c5721bd27de19242a0f.jpg,https://media.rawg.io/media/screenshots/071/071491e0bd1c9a9f665be22e6e6abd21.jpg,,3.65,4,"[{'id': 4, 'title': 'recommended', 'count': 9, 'percent': 52.94}, {'id': 5, 'title': 'exceptional', 'count': 3, 'percent': 17.65}, {'id': 3, 'title': 'meh', 'count': 3, 'percent': 17.65}, {'id': 1, 'title': 'skip', 'count': 2, 'percent': 11.76}]",40,0,22,0,3,0,0,,,,,0,0,0,0,17,206,"['Arcade Archives: Elevator Action', 'Erebētā Akushon', 'エレベーターアクション']",,0,0,5,,17,0f0f0f,0f0f0f,"[{'platform': {'id': 2, 'name': 'PlayStation', 'slug': 'playstation'}}, {'platform': {'id': 7, 'name': 'Nintendo', 'slug': 'nintendo'}}, {'platform': {'id': 9, 'name': 'Atari', 'slug': 'atari'}}, {'platform': {'id': 10, 'name': 'Commodore / Amiga', 'slug': 'commodore-amiga'}}]","[{'platform': {'id': 26, 'name': 'Game Boy', 'slug': 'game-boy', 'image': None, 'year_end': None, 'year_start': None, 'games_count': 617, 'image_background': 'https://media.rawg.io/media/games/057/0573c1c9e1f2414c1f4acabe86ee9fd9.jpg'}, 'released_at': '1983-01-01', 'requirements': {}}, {'platform': {'id': 7, 'name': 'Nintendo Switch', 'slug': 'nintendo-switch', 'image': None, 'year_end': None, 'year_start': None, 'games_count': 5623, 'image_background': 'https://media.rawg.io/media/games/f99/f9979698c43fd84c3ab69280576dd3af.jpg'}, 'released_at': '1983-01-01', 'requirements': {}}, {'platform': {'id': 18, 'name': 'PlayStation 4', 'slug': 'playstation4', 'image': None, 'year_end': None, 'year_start': None, 'games_count': 6916, 'image_background': 'https://media.rawg.io/media/games/f46/f466571d536f2e3ea9e815ad17177501.jpg'}, 'released_at': '1983-01-01', 'requirements': {}}, {'platform': {'id': 49, 'name': 'NES', 'slug': 'nes', 'image': None, 'year_end': None, 'year_start': None, 'games_count': 1015, 'image_background': 'https://media.rawg.io/media/games/7c5/7c50dd0415eb0a57505c58d4e50e4d24.jpg'}, 'released_at': '1983-01-01', 'requirements': {}}, {'platform': {'id': 23, 'name': 'Atari 2600', 'slug': 'atari-2600', 'image': None, 'year_end': None, 'year_start': None, 'games_count': 294, 'image_background': 'https://media.rawg.io/media/screenshots/ff6/ff623993a854663931c1e78d72a16a5a.jpg'}, 'released_at': '1983-01-01', 'requirements': {}}, {'platform': {'id': 166, 'name': 'Commodore / Amiga', 'slug': 'commodore-amiga', 'image': None, 'year_end': None, 'year_start': None, 'games_count': 2083, 'image_background': 'https://media.rawg.io/media/games/cce/cce8bebe861f295003f5a9fe5b11233f.jpg'}, 'released_at': '1983-01-01', 'requirements': {}}]","[{'id': 994132, 'url': '', 'store': {'id': 6, 'name': 'Nintendo Store', 'slug': 'nintendo', 'domain': 'nintendo.com', 'games_count': 9128, 'image_background': 'https://media.rawg.io/media/games/fc1/fc1307a2774506b5bd65d7e8424664a7.jpg'}}, {'id': 994131, 'url': '', 'store': {'id': 3, 'name': 'PlayStation Store', 'slug': 'playstation-store', 'domain': 'store.playstation.com', 'games_count': 8037, 'image_background': 'https://media.rawg.io/media/games/618/618c2031a07bbff6b4f611f10b6bcdbc.jpg'}}]","[{'id': 6586, 'name': 'Taito', 'slug': 'taito', 'games_count': 158, 'image_background': 'https://media.rawg.io/media/screenshots/89d/89d33b5f76431cbbc5c8a8f89c98825d.jpeg'}, {'id': 26544, 'name': 'Micronics', 'slug': 'micronics', 'games_count': 11, 'image_background': 'https://media.rawg.io/media/games/e9d/e9d2b6f855998ee10cb60ff859b61f06.jpg'}]","[{'id': 4, 'name': 'Action', 'slug': 'action', 'games_count': 186608, 'image_background': 'https://media.rawg.io/media/games/618/618c2031a07bbff6b4f611f10b6bcdbc.jpg'}, {'id': 11, 'name': 'Arcade', 'slug': 'arcade', 'games_count': 22658, 'image_background': 'https://media.rawg.io/media/games/556/556157feed9ee1f55f2b12b2973e30a3.jpg'}]",[],"[{'id': 10867, 'name': 'Taito', 'slug': 'taito', 'games_count': 200, 'image_background': 'https://media.rawg.io/media/games/541/541de539db14b477a5ae9973f6ea8193.jpg'}]",,"Elevator Action (エレベーターアクション, Erebētā Akushon) is a 1983 arcade game by Taito Corporation. It is a mix of the action, platformer, puzzle and shooter genres.
The player assumes the role of a spy infiltrating a 30-story building filled with elevators. The player is pursued by enemy agents who appear from behind closed doors. These agents must be dealt with via force or evasion. Successful completion of a level involves collecting all the secret documents and traversing the building from top to bottom. In the lower floors of the building, the elevator systems can be complex enough that puzzle-solving skills are needed. The controls consist of a four-way joystick and two buttons, one to shoot and the other for jumping and kicking.
Elevator Action was followed by the arcade game Elevator Action Returns in 1994 (released as Elevator Action II in North America) and Elevator Action EX for the Game Boy Color in 2000.",,1.0,13.0,8.0,5.0,13.0,,2.0,Everyone 10+,everyone-10-plus,,,,,,,,,
52600,star-wars-1983,Star Wars (1983),Star Wars (1983),"<p>Star Wars is an arcade game produced by Atari Inc. and released in 1983. The game is a first person space combat game, simulating the attack on the Death Star from the 1977 film Star Wars. The game is composed of 3D color vector graphics. This game was developed during the Golden Age of Arcade Games and has appeared in lists of the greatest video games of all time.</p>",,[],1983-05-01,False,2023-02-08T10:51:48,https://media.rawg.io/media/screenshots/cd3/cd39365ebf94e4746cb295c6fc6dcf18.jpg,https://media.rawg.io/media/screenshots/12a/12a8beb1a75e876ea04d0e7769d53a34.jpg,,3.09,3,"[{'id': 3, 'title': 'meh', 'count': 5, 'percent': 45.45}, {'id': 4, 'title': 'recommended', 'count': 3, 'percent': 27.27}, {'id': 1, 'title': 'skip', 'count': 2, 'percent': 18.18}, {'id': 5, 'title': 'exceptional', 'count': 1, 'percent': 9.09}]",32,0,36,0,9,0,0,,,,,0,0,0,0,10,270,[],,0,0,58,,11,0f0f0f,0f0f0f,"[{'platform': {'id': 1, 'name': 'PC', 'slug': 'pc'}}, {'platform': {'id': 5, 'name': 'Apple Macintosh', 'slug': 'mac'}}, {'platform': {'id': 7, 'name': 'Nintendo', 'slug': 'nintendo'}}, {'platform': {'id': 9, 'name': 'Atari', 'slug': 'atari'}}, {'platform': {'id': 10, 'name': 'Commodore / Amiga', 'slug': 'commodore-amiga'}}, {'platform': {'id': 11, 'name': 'SEGA', 'slug': 'sega'}}]","[{'platform': {'id': 4, 'name': 'PC', 'slug': 'pc', 'image': None, 'year_end': None, 'year_start': None, 'games_count': 547196, 'image_background': 'https://media.rawg.io/media/games/6fc/6fcf4cd3b17c288821388e6085bb0fc9.jpg'}, 'released_at': '1983-05-01', 'requirements': {}}, {'platform': {'id': 34, 'name': 'Atari ST', 'slug': 'atari-st', 'image': None, 'year_end': None, 'year_start': None, 'games_count': 836, 'image_background': 'https://media.rawg.io/media/games/637/637d7dc2f44d0f6ddd3ee2c0b1366962.jpg'}, 'released_at': '1983-05-01', 'requirements': {}}, {'platform': {'id': 105, 'name': 'GameCube', 'slug': 'gamecube', 'image': None, 'year_end': None, 'year_start': None, 'games_count': 634, 'image_background': 'https://media.rawg.io/media/games/45f/45f6d31b0fcefe029e33d258a7beb6a2.jpg'}, 'released_at': '1983-05-01', 'requirements': {}}, {'platform': {'id': 31, 'name': 'Atari 5200', 'slug': 'atari-5200', 'image': None, 'year_end': None, 'year_start': None, 'games_count': 64, 'image_background': 'https://media.rawg.io/media/screenshots/678/6786598cba3939d48ed60cbd1a3723f4.jpg'}, 'released_at': '1983-05-01', 'requirements': {}}, {'platform': {'id': 25, 'name': 'Atari 8-bit', 'slug': 'atari-8-bit', 'image': None, 'year_end': None, 'year_start': None, 'games_count': 308, 'image_background': 'https://media.rawg.io/media/screenshots/038/0385a47d3a43b218204268af5361a19e.jpg'}, 'released_at': '1983-05-01', 'requirements': {}}, {'platform': {'id': 55, 'name': 'Classic Macintosh', 'slug': 'macintosh', 'image': None, 'year_end': None, 'year_start': None, 'games_count': 675, 'image_background': 'https://media.rawg.io/media/games/38a/38af969459ad6e5de116ec8a4a84218c.jpg'}, 'released_at': '1983-05-01', 'requirements': {}}, {'platform': {'id': 23, 'name': 'Atari 2600', 'slug': 'atari-2600', 'image': None, 'year_end': None, 'year_start': None, 'games_count': 294, 'image_background': 'https://media.rawg.io/media/screenshots/ff6/ff623993a854663931c1e78d72a16a5a.jpg'}, 'released_at': '1983-05-01', 'requirements': {}}, {'platform': {'id': 166, 'name': 'Commodore / Amiga', 'slug': 'commodore-amiga', 'image': None, 'year_end': None, 'year_start': None, 'games_count': 2083, 'image_background': 'https://media.rawg.io/media/games/cce/cce8bebe861f295003f5a9fe5b11233f.jpg'}, 'released_at': '1983-05-01', 'requirements': {}}, {'platform': {'id': 74, 'name': 'SEGA Master System', 'slug': 'sega-master-system', 'image': None, 'year_end': None, 'year_start': None, 'games_count': 234, 'image_background': 'https://media.rawg.io/media/screenshots/a7f/a7f3cb62af2ee95d92065da88583338b.jpg'}, 'released_at': '1991-11-15', 'requirements': {}}, {'platform': {'id': 77, 'name': 'Game Gear', 'slug': 'game-gear', 'image': None, 'year_end': None, 'year_start': None, 'games_count': 228, 'image_background': 'https://media.rawg.io/media/games/e48/e4852b9be5eb6859870288d91f74aab6.jpg'}, 'released_at': '1991-11-15', 'requirements': {}}, {'platform': {'id': 49, 'name': 'NES', 'slug': 'nes', 'image': None, 'year_end': None, 'year_start': None, 'games_count': 1015, 'image_background': 'https://media.rawg.io/media/games/7c5/7c50dd0415eb0a57505c58d4e50e4d24.jpg'}, 'released_at': '1991-11-15', 'requirements': {}}, {'platform': {'id': 26, 'name': 'Game Boy', 'slug': 'game-boy', 'image': None, 'year_end': None, 'year_start': None, 'games_count': 617, 'image_background': 'https://media.rawg.io/media/games/057/0573c1c9e1f2414c1f4acabe86ee9fd9.jpg'}, 'released_at': '1991-11-15', 'requirements': {}}]",[],"[{'id': 656, 'name': 'Atari', 'slug': 'atari', 'games_count': 137, 'image_background': 'https://media.rawg.io/media/games/0d2/0d2d6f345cd77639d65a235cb7dd0a21.jpg'}, {'id': 13227, 'name': 'Beam Software', 'slug': 'beam-software', 'games_count': 73, 'image_background': 'https://media.rawg.io/media/screenshots/27e/27e552bc7ab2c13154ea7bc1e75c8c97.jpg'}, {'id': 12378, 'name': 'NMS Software', 'slug': 'nms-software', 'games_count': 9, 'image_background': 'https://media.rawg.io/media/screenshots/73c/73cb1ec67aaed75fdb3a46beefcc4b8b.jpg'}, {'id': 26661, 'name': 'Tiertex', 'slug': 'tiertex', 'games_count': 8, 'image_background': 'https://media.rawg.io/media/screenshots/217/21794484383090f357aff7117bb9e631.jpg'}, {'id': 26000, 'name': 'Vektor Grafix', 'slug': 'vektor-grafix', 'games_count': 7, 'image_background': 'https://media.rawg.io/media/screenshots/fc0/fc01470b7073efc8b7ceae39be73b1cb.jpg'}]","[{'id': 4, 'name': 'Action', 'slug': 'action', 'games_count': 186608, 'image_background': 'https://media.rawg.io/media/games/618/618c2031a07bbff6b4f611f10b6bcdbc.jpg'}, {'id': 83, 'name': 'Platformer', 'slug': 'platformer', 'games_count': 100869, 'image_background': 'https://media.rawg.io/media/games/f8c/f8c6a262ead4c16b47e1219310210eb3.jpg'}]","[{'id': 31, 'name': 'Singleplayer', 'slug': 'singleplayer', 'language': 'eng', 'games_count': 238404, 'image_background': 'https://media.rawg.io/media/games/26d/26d4437715bee60138dab4a7c8c59c92.jpg'}]","[{'id': 918, 'name': 'Ubisoft Entertainment', 'slug': 'ubisoft-entertainment', 'games_count': 1082, 'image_background': 'https://media.rawg.io/media/games/9f1/9f189c639f70f91166df415811a8b525.jpg'}, {'id': 2150, 'name': 'Capcom', 'slug': 'capcom', 'games_count': 623, 'image_background': 'https://media.rawg.io/media/games/21c/21cc15d233117c6809ec86870559e105.jpg'}, {'id': 10681, 'name': 'Nintendo', 'slug': 'nintendo', 'games_count': 1235, 'image_background': 'https://media.rawg.io/media/games/dd1/dd167cf8753db3748a975d61cc926e54.jpg'}, {'id': 11461, 'name': 'LucasArts Entertainment', 'slug': 'lucasarts-entertainment', 'games_count': 133, 'image_background': 'https://media.rawg.io/media/screenshots/e22/e223324f42af56a3b4f5dd93444f78ec.jpg'}, {'id': 1779, 'name': 'Atari', 'slug': 'atari', 'games_count': 507, 'image_background': 'https://media.rawg.io/media/games/d82/d82dbcf92ded452bf8c6fb1bbdd62e52.jpg'}, {'id': 19985, 'name': 'Tec Toy', 'slug': 'tec-toy', 'games_count': 19, 'image_background': 'https://media.rawg.io/media/screenshots/841/84119c458fcf8a7a2cd2ee74f3edfdf8.jpg'}, {'id': 11527, 'name': 'U.S. Gold', 'slug': 'us-gold-2', 'games_count': 95, 'image_background': 'https://media.rawg.io/media/games/eaa/eaa94a1203b9b8fdf5b01575c9e91591.jpg'}, {'id': 19673, 'name': 'Victor Interactive Software', 'slug': 'victor-interactive-software', 'games_count': 21, 'image_background': 'https://media.rawg.io/media/games/913/913dd117e3dac1698155773939ca0989.jpg'}, {'id': 11625, 'name': 'Lucasfilm Games', 'slug': 'lucasfilm-games', 'games_count': 17, 'image_background': 'https://media.rawg.io/media/screenshots/ed5/ed5d628f77ca3d2c16f041fe1267f224.jpg'}, {'id': 11974, 'name': 'Tectoy', 'slug': 'tectoy', 'games_count': 13, 'image_background': 'https://media.rawg.io/media/games/21f/21f915d5ceedffe52cc096c5d6ceca01.jpg'}, {'id': 19491, 'name': 'Brøderbund', 'slug': 'broderbund', 'games_count': 32, 'image_background': 'https://media.rawg.io/media/games/054/0540c8fc8eed3fc13d3990f419c61c6f.jpg'}, {'id': 19896, 'name': 'JVC', 'slug': 'jvc', 'games_count': 14, 'image_background': 'https://media.rawg.io/media/screenshots/293/2932cc6314d4705a277a17fda88b699b.jpg'}, {'id': 19460, 'name': 'Parker Brothers', 'slug': 'parker-brothers', 'games_count': 19, 'image_background': 'https://media.rawg.io/media/screenshots/c06/c06937e1c4e9a46874dcf2223de70593.jpg'}, {'id': 20253, 'name': 'Kixx', 'slug': 'kixx', 'games_count': 7, 'image_background': 'https://media.rawg.io/media/screenshots/33d/33d618025f4963429ae860494b1fe9b8.jpg'}, {'id': 11634, 'name': 'Domark Software', 'slug': 'domark-software', 'games_count': 24, 'image_background': 'https://media.rawg.io/media/screenshots/487/487233348553e94226efd834cc3d0a94.jpg'}, {'id': 19984, 'name': 'Victor Interactive', 'slug': 'victor-interactive', 'games_count': 2, 'image_background': 'https://media.rawg.io/media/screenshots/7ea/7ead916c68842aa31a5818ed646760fa.jpg'}]",,"Star Wars is an arcade game produced by Atari Inc. and released in 1983. The game is a first person space combat game, simulating the attack on the Death Star from the 1977 film Star Wars. The game is composed of 3D color vector graphics. This game was developed during the Golden Age of Arcade Games and has appeared in lists of the greatest video games of all time.",,3.0,11.0,7.0,6.0,4.0,1.0,,,,,,,,,,,,
52525,enduro,Enduro,Enduro,"<p>Enduro is a racing video game designed by Larry Miller for the Atari 2600 and published by Activision in 1983. Miller previously wrote Spider Fighter for Activision. The object of the game is to complete an endurance race, passing a certain number of cars each day to continue the next day.</p>
<p>In 1985 Activision released The Great American Cross-Country Road Race, a home computer game that follows the design of Enduro, but with enhanced visuals, audio, and some additional gameplay elements.</p>",,[],1983-02-01,False,2019-08-28T22:26:30,https://media.rawg.io/media/screenshots/b5a/b5a70d9cc5f4f40f01c452cc958b6b0e.jpg,https://media.rawg.io/media/screenshots/593/593223f7d7dfb2906b52e0763c30de3d.jpg,,4.33,4,"[{'id': 4, 'title': 'recommended', 'count': 4, 'percent': 66.67}, {'id': 5, 'title': 'exceptional', 'count': 2, 'percent': 33.33}]",28,0,8,0,1,0,0,,,,,0,0,0,0,6,164,[],,0,0,0,,6,0f0f0f,0f0f0f,"[{'platform': {'id': 9, 'name': 'Atari', 'slug': 'atari'}}]","[{'platform': {'id': 22, 'name': 'Atari Flashback', 'slug': 'atari-flashback', 'image': None, 'year_end': None, 'year_start': None, 'games_count': 30, 'image_background': 'https://media.rawg.io/media/screenshots/2aa/2aa07f58491e14b0183333f8956bc802.jpg'}, 'released_at': '1983-02-01', 'requirements': {}}, {'platform': {'id': 23, 'name': 'Atari 2600', 'slug': 'atari-2600', 'image': None, 'year_end': None, 'year_start': None, 'games_count': 294, 'image_background': 'https://media.rawg.io/media/screenshots/ff6/ff623993a854663931c1e78d72a16a5a.jpg'}, 'released_at': '1983-02-01', 'requirements': {}}]",[],"[{'id': 11, 'name': 'Activision', 'slug': 'activision', 'games_count': 163, 'image_background': 'https://media.rawg.io/media/screenshots/d05/d0524e9b2e276dd9c8351881e897f7c9.jpg'}]","[{'id': 1, 'name': 'Racing', 'slug': 'racing', 'games_count': 25359, 'image_background': 'https://media.rawg.io/media/screenshots/69b/69bb243ea9896ddfc2e051b58e81624d.jpg'}]","[{'id': 31, 'name': 'Singleplayer', 'slug': 'singleplayer', 'language': 'eng', 'games_count': 238404, 'image_background': 'https://media.rawg.io/media/games/26d/26d4437715bee60138dab4a7c8c59c92.jpg'}]","[{'id': 10830, 'name': 'Activision Blizzard', 'slug': 'activision-blizzard', 'games_count': 691, 'image_background': 'https://media.rawg.io/media/games/445/44507fdd60a8ec02b1c3c64a293ca754.jpg'}]",,"Enduro is a racing video game designed by Larry Miller for the Atari 2600 and published by Activision in 1983. Miller previously wrote Spider Fighter for Activision. The object of the game is to complete an endurance race, passing a certain number of cars each day to continue the next day.
In 1985 Activision released The Great American Cross-Country Road Race, a home computer game that follows the design of Enduro, but with enhanced visuals, audio, and some additional gameplay elements.",,1.0,12.0,5.0,4.0,6.0,,,,,,,,,,,,,
33112,frogger-1983,Frogger (1983),Frogger (1983),"<p>Frogger (1983) is an arcade game developed by Sierra On-Line. It came out on 01-01-1983. It was published by SEGA. Most rawgers rated the game as ""Recommended"". <br>You can play Frogger (1983) on PC. </p>

<p></p>",,[],1983-01-01,False,2025-01-20T16:01:15,https://media.rawg.io/media/screenshots/4fb/4fb51228751f4b4773655d187aa6e8a5.jpg,https://media.rawg.io/media/screenshots/20c/20c8038d88c5fd1e4dbc07f15a050862.jpg,,4.0,4,"[{'id': 4, 'title': 'recommended', 'count': 4, 'percent': 66.67}, {'id': 5, 'title': 'exceptional', 'count': 1, 'percent': 16.67}, {'id': 3, 'title': 'meh', 'count': 1, 'percent': 16.67}]",27,0,4,0,0,0,0,,,,,0,0,0,0,6,53,[],,0,0,0,,6,0f0f0f,0f0f0f,"[{'platform': {'id': 1, 'name': 'PC', 'slug': 'pc'}}]","[{'platform': {'id': 4, 'name': 'PC', 'slug': 'pc', 'image': None, 'year_end': None, 'year_start': None, 'games_count': 547196, 'image_background': 'https://media.rawg.io/media/games/6fc/6fcf4cd3b17c288821388e6085bb0fc9.jpg'}, 'released_at': '1983-01-01', 'requirements': {}}]",[],"[{'id': 7564, 'name': 'Sierra On-Line', 'slug': 'sierra-on-line', 'games_count': 119, 'image_background': 'https://media.rawg.io/media/screenshots/3d7/3d7f9baa0db4d6fb67a5e17c29bda07f.jpg'}]","[{'id': 11, 'name': 'Arcade', 'slug': 'arcade', 'games_count': 22658, 'image_background': 'https://media.rawg.io/media/games/556/556157feed9ee1f55f2b12b2973e30a3.jpg'}]",[],"[{'id': 3408, 'name': 'SEGA', 'slug': 'sega-2', 'games_count': 1262, 'image_background': 'https://media.rawg.io/media/games/be9/be9cf02720c9326e11d0fda14518554f.jpg'}]",,,,2.0,12.0,7.0,2.0,4.0,,,,,,,,,,,,,
31829,bruce-lee,Bruce Lee,Bruce Lee,"<p>In &quot;Bruce Lee&quot; you will experience the power and the glory of Bruce Lee, one of the greatest masters of martial arts. As Bruce Lee, you will confront a barrage of vicious foes. You must penetrate the fortress of the Evil Wizard and claim his fortunes. Destroying the Wizard will earn you immortality and infinite wealth.</p>",,[],1983-01-01,False,2023-02-08T10:51:54,https://media.rawg.io/media/games/7d1/7d1b47931b4119fc50aa6c91f04df183.jpg,https://media.rawg.io/media/screenshots/b3a/b3a82b10c059721d6e0c405e3005c472.jpg,,0.0,0,"[{'id': 5, 'title': 'exceptional', 'count': 3, 'percent': 75.0}, {'id': 4, 'title': 'recommended', 'count': 1, 'percent': 25.0}]",25,0,4,0,4,0,0,,,,,0,0,0,0,4,103,['ブルース・リー'],,0,0,6,,4,0f0f0f,0f0f0f,"[{'platform': {'id': 1, 'name': 'PC', 'slug': 'pc'}}, {'platform': {'id': 10, 'name': 'Commodore / Amiga', 'slug': 'commodore-amiga'}}]","[{'platform': {'id': 4, 'name': 'PC', 'slug': 'pc', 'image': None, 'year_end': None, 'year_start': None, 'games_count': 547196, 'image_background': 'https://media.rawg.io/media/games/6fc/6fcf4cd3b17c288821388e6085bb0fc9.jpg'}, 'released_at': '1983-01-01', 'requirements': {}}, {'platform': {'id': 166, 'name': 'Commodore / Amiga', 'slug': 'commodore-amiga', 'image': None, 'year_end': None, 'year_start': None, 'games_count': 2083, 'image_background': 'https://media.rawg.io/media/games/cce/cce8bebe861f295003f5a9fe5b11233f.jpg'}, 'released_at': '1983-01-01', 'requirements': {}}]",[],"[{'id': 15600, 'name': 'Datasoft', 'slug': 'datasoft', 'games_count': 6, 'image_background': 'https://media.rawg.io/media/screenshots/2ca/2caee4c3c5124729d6abb81446763c47.jpg'}]","[{'id': 11, 'name': 'Arcade', 'slug': 'arcade', 'games_count': 22658, 'image_background': 'https://media.rawg.io/media/games/556/556157feed9ee1f55f2b12b2973e30a3.jpg'}, {'id': 6, 'name': 'Fighting', 'slug': 'fighting', 'games_count': 11763, 'image_background': 'https://media.rawg.io/media/games/35b/35b47c4d85cd6e08f3e2ca43ea5ce7bb.jpg'}, {'id': 83, 'name': 'Platformer', 'slug': 'platformer', 'games_count': 100869, 'image_background': 'https://media.rawg.io/media/games/f8c/f8c6a262ead4c16b47e1219310210eb3.jpg'}]","[{'id': 31, 'name': 'Singleplayer', 'slug': 'singleplayer', 'language': 'eng', 'games_count': 238404, 'image_background': 'https://media.rawg.io/media/games/26d/26d4437715bee60138dab4a7c8c59c92.jpg'}, {'id': 7, 'name': 'Multiplayer', 'slug': 'multiplayer', 'language': 'eng', 'games_count': 40505, 'image_background': 'https://media.rawg.io/media/games/021/021c4e21a1824d2526f925eff6324653.jpg'}]","[{'id': 11527, 'name': 'U.S. Gold', 'slug': 'us-gold-2', 'games_count': 95, 'image_background': 'https://media.rawg.io/media/games/eaa/eaa94a1203b9b8fdf5b01575c9e91591.jpg'}, {'id': 12080, 'name': 'Datasoft', 'slug': 'datasoft', 'games_count': 12, 'image_background': 'https://media.rawg.io/media/screenshots/665/665977c11192ad3c09a1cda9aaa1272f.jpg'}, {'id': 20504, 'name': 'Comptiq', 'slug': 'comptiq-msx', 'games_count': 1, 'image_background': 'https://media.rawg.io/media/screenshots/562/562a08bffdde54c7ab9ce54bfde0be96.jpg'}]",,"In ""Bruce Lee"" you will experience the power and the glory of Bruce Lee, one of the greatest masters of martial arts. As Bruce Lee, you will confront a barrage of vicious foes. You must penetrate the fortress of the Evil Wizard and claim his fortunes. Destroying the Wizard will earn you immortality and infinite wealth.",,2.0,13.0,6.0,1.0,3.0,,2.0,Everyone 10+,everyone-10-plus,,,,,,,,,0.0
56307,arabian,Arabian,Arabian,"<p>Arabian (アラビアン) is a platform arcade game created in 1983 by Sun Electronics and published by Atari Inc. The player assumes the role of an adventurous Arabian prince whose goal is to rescue the princess from her palace. During his quest, the prince will sail seas, crawl through caves, and fly magic carpets.</p>",,[],1983-01-01,False,2024-10-01T15:18:09,https://media.rawg.io/media/screenshots/a8d/a8d319864ce737c09c70619000f9f28d.jpg,https://media.rawg.io/media/screenshots/b42/b420337cb1c2d125f44d923a3d8e8441.jpg,,0.0,3,"[{'id': 3, 'title': 'meh', 'count': 3, 'percent': 60.0}, {'id': 5, 'title': 'exceptional', 'count': 1, 'percent': 20.0}, {'id': 4, 'title': 'recommended', 'count': 1, 'percent': 20.0}]",24,0,8,0,0,0,0,,,,,0,0,0,0,5,150,[],,0,0,0,,5,0f0f0f,0f0f0f,"[{'platform': {'id': 7, 'name': 'Nintendo', 'slug': 'nintendo'}}, {'platform': {'id': 10, 'name': 'Commodore / Amiga', 'slug': 'commodore-amiga'}}]","[{'platform': {'id': 166, 'name': 'Commodore / Amiga', 'slug': 'commodore-amiga', 'image': None, 'year_end': None, 'year_start': None, 'games_count': 2083, 'image_background': 'https://media.rawg.io/media/games/cce/cce8bebe861f295003f5a9fe5b11233f.jpg'}, 'released_at': '1983-01-01', 'requirements': {}}, {'platform': {'id': 49, 'name': 'NES', 'slug': 'nes', 'image': None, 'year_end': None, 'year_start': None, 'games_count': 1015, 'image_background': 'https://media.rawg.io/media/games/7c5/7c50dd0415eb0a57505c58d4e50e4d24.jpg'}, 'released_at': '1983-01-01', 'requirements': {}}]",[],"[{'id': 14881, 'name': 'SunSoft', 'slug': 'sunsoft', 'games_count': 50, 'image_background': 'https://media.rawg.io/media/screenshots/443/44360ce0ceb75a1dd0879f46c8f72e57.jpg'}, {'id': 25947, 'name': 'Sun Electronics', 'slug': 'sun-electronics', 'games_count': 2, 'image_background': 'https://media.rawg.io/media/screenshots/a8d/a8d319864ce737c09c70619000f9f28d.jpg'}]","[{'id': 83, 'name': 'Platformer', 'slug': 'platformer', 'games_count': 100869, 'image_background': 'https://media.rawg.io/media/games/f8c/f8c6a262ead4c16b47e1219310210eb3.jpg'}]","[{'id': 31, 'name': 'Singleplayer', 'slug': 'singleplayer', 'language': 'eng', 'games_count': 238404, 'image_background': 'https://media.rawg.io/media/games/26d/26d4437715bee60138dab4a7c8c59c92.jpg'}, {'id': 418, 'name': '2 players', 'slug': '2-players', 'language': 'eng', 'games_count': 1244, 'image_background': 'https://media.rawg.io/media/screenshots/f9a/f9ac59bb4af2ca2193ee9ffb979577cf.jpg'}]","[{'id': 1779, 'name': 'Atari', 'slug': 'atari', 'games_count': 507, 'image_background': 'https://media.rawg.io/media/games/d82/d82dbcf92ded452bf8c6fb1bbdd62e52.jpg'}, {'id': 19420, 'name': 'Sun Electronics', 'slug': 'sun-electronics', 'games_count': 2, 'image_background': 'https://media.rawg.io/media/screenshots/a8d/a8d319864ce737c09c70619000f9f28d.jpg'}]",,"Arabian (アラビアン) is a platform arcade game created in 1983 by Sun Electronics and published by Atari Inc. The player assumes the role of an adventurous Arabian prince whose goal is to rescue the princess from her palace. During his quest, the prince will sail seas, crawl through caves, and fly magic carpets.",,,9.0,3.0,2.0,10.0,,,,,,,,,,,,,
53791,donkey-kong-jr-math,Donkey Kong Jr. Math,Donkey Kong Jr. Math,"<p>Donkey Kong Jr. Math, originally released in Japan as Donkey Kong Jr. no Sansū Asobi (Japanese: ドンキーコングJR.の算数遊び, Hepburn: Donkī Kongu Junia no Sansū Asobi) (sometimes released as Jr. Sansū Lesson (JR.算数レッスン, Junia Sansū Ressun)), is a Nintendo edutainment video game where players must solve math problems in order to win. It was released in Japan in 1983 for the Family Computer, in North America in June 1986, and in PAL regions in 1986. It is the only game in the ""Education Series"" of NES games in North America. Donkey Kong Jr. Math was made available in the video game Animal Crossing (along with several other NES titles). Donkey Kong Jr. Math was re-released on the Wii's Virtual Console in 2007 and on the Wii U's Virtual Console in 2014.</p>
<p>Since its release, Donkey Kong Jr. Math has received very negative reception; Nintendo spokesman Tom Sarris commented that it was not well received, resulting in Nintendo ceasing development of educational games for the time. It has received criticism from several publications including IGN, who called it one of the worst Virtual Console games.</p>",,[],1983-12-12,False,2025-02-28T15:34:40,https://media.rawg.io/media/screenshots/3d7/3d74d9240eaa6c2d1655945861ece05b.jpg,https://media.rawg.io/media/screenshots/99d/99d02d95e9edfd1fd83ff304eb222b67.jpg,,0.0,3,"[{'id': 3, 'title': 'meh', 'count': 2, 'percent': 40.0}, {'id': 1, 'title': 'skip', 'count': 2, 'percent': 40.0}, {'id': 4, 'title': 'recommended', 'count': 1, 'percent': 20.0}]",23,0,22,0,0,0,0,,,,,0,0,0,0,5,240,[],,0,0,0,,5,0f0f0f,0f0f0f,"[{'platform': {'id': 7, 'name': 'Nintendo', 'slug': 'nintendo'}}]","[{'platform': {'id': 10, 'name': 'Wii U', 'slug': 'wii-u', 'image': None, 'year_end': None, 'year_start': None, 'games_count': 1114, 'image_background': 'https://media.rawg.io/media/games/85c/85c8ae70e7cdf0105f06ef6bdce63b8b.jpg'}, 'released_at': '1983-12-12', 'requirements': {}}, {'platform': {'id': 49, 'name': 'NES', 'slug': 'nes', 'image': None, 'year_end': None, 'year_start': None, 'games_count': 1015, 'image_background': 'https://media.rawg.io/media/games/7c5/7c50dd0415eb0a57505c58d4e50e4d24.jpg'}, 'released_at': '1983-12-12', 'requirements': {}}, {'platform': {'id': 11, 'name': 'Wii', 'slug': 'wii', 'image': None, 'year_end': None, 'year_start': None, 'games_count': 2209, 'image_background': 'https://media.rawg.io/media/games/9ca/9ca31615beee447f3ae1dc9b3b736dce.jpg'}, 'released_at': '1983-12-12', 'requirements': {}}]","[{'id': 50222, 'url': '', 'store': {'id': 6, 'name': 'Nintendo Store', 'slug': 'nintendo', 'domain': 'nintendo.com', 'games_count': 9128, 'image_background': 'https://media.rawg.io/media/games/fc1/fc1307a2774506b5bd65d7e8424664a7.jpg'}}]","[{'id': 16257, 'name': 'Nintendo', 'slug': 'nintendo', 'games_count': 426, 'image_background': 'https://media.rawg.io/media/games/d9c/d9c8b7edc78391619566adfeb52b5a9a.jpg'}]",[],"[{'id': 31, 'name': 'Singleplayer', 'slug': 'singleplayer', 'language': 'eng', 'games_count': 238404, 'image_background': 'https://media.rawg.io/media/games/26d/26d4437715bee60138dab4a7c8c59c92.jpg'}, {'id': 7, 'name': 'Multiplayer', 'slug': 'multiplayer', 'language': 'eng', 'games_count': 40505, 'image_background': 'https://media.rawg.io/media/games/021/021c4e21a1824d2526f925eff6324653.jpg'}, {'id': 86, 'name': 'Education', 'slug': 'education', 'language': 'eng', 'games_count': 3383, 'image_background': 'https://media.rawg.io/media/screenshots/95a/95a557d6dfa6430dd662a136d71e5915.jpg'}, {'id': 614, 'name': 'edutainment', 'slug': 'edutainment', 'language': 'eng', 'games_count': 162, 'image_background': 'https://media.rawg.io/media/screenshots/2a7/2a71583d75ae347fdd2a9efee28cc5b2.jpg'}]","[{'id': 10681, 'name': 'Nintendo', 'slug': 'nintendo', 'games_count': 1235, 'image_background': 'https://media.rawg.io/media/games/dd1/dd167cf8753db3748a975d61cc926e54.jpg'}]",,"Donkey Kong Jr. Math, originally released in Japan as Donkey Kong Jr. no Sansū Asobi (Japanese: ドンキーコングJR.の算数遊び, Hepburn: Donkī Kongu Junia no Sansū Asobi) (sometimes released as Jr. Sansū Lesson (JR.算数レッスン, Junia Sansū Ressun)), is a Nintendo edutainment video game where players must solve math problems in order to win. It was released in Japan in 1983 for the Family Computer, in North America in June 1986, and in PAL regions in 1986. It is the only game in the ""Education Series"" of NES games in North America. Donkey Kong Jr. Math was made available in the video game Animal Crossing (along with several other NES titles). Donkey Kong Jr. Math was re-released on the Wii's Virtual Console in 2007 and on the Wii U's Virtual Console in 2014.
Since its release, Donkey Kong Jr. Math has received very negative reception; Nintendo spokesman Tom Sarris commented that it was not well received, resulting in Nintendo ceasing development of educational games for the time. It has received criticism from several publications including IGN, who called it one of the worst Virtual Console games.",,1.0,9.0,5.0,3.0,5.0,,,,,,,,,,,,,
52430,jr-pac-man,Jr. Pac-Man,Jr. Pac-Man,"<p>Jr. Pac-Man is an arcade game, released by Bally Midway on January 1, 1983. It is based on Pac-Man and its derivatives but, like Ms. Pac-Man, Baby Pac-Man, and Pac-Man Plus, was created without the authorization of Namco. This was one of several games that would eventually lead to the termination of the licensing agreement between Namco and Bally Midway in 1984.</p>",,[],1983-01-01,False,2023-11-16T17:10:47,https://media.rawg.io/media/screenshots/434/434aec18555d4f46a0d77f844f1f7ec8.jpg,https://media.rawg.io/media/screenshots/38a/38a92c75ce5b9f7cedf4e1b922fae4d5.jpg,,0.0,0,"[{'id': 4, 'title': 'recommended', 'count': 3, 'percent': 100.0}]",22,0,9,0,0,0,0,,,,,0,0,0,1,2,177,[],,0,0,28,,3,0f0f0f,0f0f0f,"[{'platform': {'id': 1, 'name': 'PC', 'slug': 'pc'}}, {'platform': {'id': 9, 'name': 'Atari', 'slug': 'atari'}}, {'platform': {'id': 10, 'name': 'Commodore / Amiga', 'slug': 'commodore-amiga'}}]","[{'platform': {'id': 4, 'name': 'PC', 'slug': 'pc', 'image': None, 'year_end': None, 'year_start': None, 'games_count': 547196, 'image_background': 'https://media.rawg.io/media/games/6fc/6fcf4cd3b17c288821388e6085bb0fc9.jpg'}, 'released_at': '1983-01-01', 'requirements': {}}, {'platform': {'id': 166, 'name': 'Commodore / Amiga', 'slug': 'commodore-amiga', 'image': None, 'year_end': None, 'year_start': None, 'games_count': 2083, 'image_background': 'https://media.rawg.io/media/games/cce/cce8bebe861f295003f5a9fe5b11233f.jpg'}, 'released_at': '1983-01-01', 'requirements': {}}, {'platform': {'id': 28, 'name': 'Atari 7800', 'slug': 'atari-7800', 'image': None, 'year_end': None, 'year_start': None, 'games_count': 64, 'image_background': 'https://media.rawg.io/media/screenshots/565/56504b28b184dbc630a7de118e39d822.jpg'}, 'released_at': '1983-01-01', 'requirements': {}}, {'platform': {'id': 23, 'name': 'Atari 2600', 'slug': 'atari-2600', 'image': None, 'year_end': None, 'year_start': None, 'games_count': 294, 'image_background': 'https://media.rawg.io/media/screenshots/ff6/ff623993a854663931c1e78d72a16a5a.jpg'}, 'released_at': '1983-01-01', 'requirements': {}}]",[],"[{'id': 13149, 'name': 'Midway Games', 'slug': 'midway-games', 'games_count': 77, 'image_background': 'https://media.rawg.io/media/screenshots/529/5292fb5f3c458a027a1bb91540d22312.jpg'}, {'id': 656, 'name': 'Atari', 'slug': 'atari', 'games_count': 137, 'image_background': 'https://media.rawg.io/media/games/0d2/0d2d6f345cd77639d65a235cb7dd0a21.jpg'}, {'id': 25946, 'name': 'Bally Midway', 'slug': 'bally-midway', 'games_count': 8, 'image_background': 'https://media.rawg.io/media/screenshots/a19/a1994bb9ef2cd1d6f396e49d5e891712.jpg'}]",[],"[{'id': 31, 'name': 'Singleplayer', 'slug': 'singleplayer', 'language': 'eng', 'games_count': 238404, 'image_background': 'https://media.rawg.io/media/games/26d/26d4437715bee60138dab4a7c8c59c92.jpg'}, {'id': 418, 'name': '2 players', 'slug': '2-players', 'language': 'eng', 'games_count': 1244, 'image_background': 'https://media.rawg.io/media/screenshots/f9a/f9ac59bb4af2ca2193ee9ffb979577cf.jpg'}, {'id': 348, 'name': 'alternating turns', 'slug': 'alternating-turns', 'language': 'eng', 'games_count': 64, 'image_background': 'https://media.rawg.io/media/games/6f8/6f8fb1e98393f72b47f1f909d5b649d4.jpg'}]","[{'id': 1779, 'name': 'Atari', 'slug': 'atari', 'games_count': 507, 'image_background': 'https://media.rawg.io/media/games/d82/d82dbcf92ded452bf8c6fb1bbdd62e52.jpg'}, {'id': 10901, 'name': 'Namco', 'slug': 'namco', 'games_count': 215, 'image_background': 'https://media.rawg.io/media/games/fc5/fc503876ca1ca34e160e88671af86e88.jpg'}, {'id': 10879, 'name': 'Midway Games', 'slug': 'midway-games', 'games_count': 142, 'image_background': 'https://media.rawg.io/media/screenshots/3db/3dbec4b488796ef8e70a73389155a58f.jpg'}, {'id': 19419, 'name': 'Bally Midway', 'slug': 'bally-midway', 'games_count': 14, 'image_background': 'https://media.rawg.io/media/screenshots/a9d/a9d6ecfce2839af25e2e74ff8821094d.jpg'}]",,"Jr. Pac-Man is an arcade game, released by Bally Midway on January 1, 1983. It is based on Pac-Man and its derivatives but, like Ms. Pac-Man, Baby Pac-Man, and Pac-Man Plus, was created without the authorization of Namco. This was one of several games that would eventually lead to the termination of the licensing agreement between Namco and Bally Midway in 1984.",,2.0,10.0,4.0,3.0,3.0,,,,,,,,,,,,,0.0
29851,space-commander,Space Commander,Space Commander,"<p>Space Commander is an arcade game developed by Columbia Data Products. It was originally released in 1983. It was published by Columbia Data Products. Most rawgers rated the game as ""Exceptional"". <br>Space Commander is available on PC. </p>

<p></p>",,[],1983-01-01,False,2023-02-08T10:51:49,https://media.rawg.io/media/screenshots/7ec/7ec7686a30d17322e9dbb6da10e585ed_axTLBx4.jpg,https://media.rawg.io/media/screenshots/617/617a783e3547befbfd293e924ffe6eaa.jpg,,0.0,0,"[{'id': 5, 'title': 'exceptional', 'count': 1, 'percent': 33.33}, {'id': 4, 'title': 'recommended', 'count': 1, 'percent': 33.33}, {'id': 1, 'title': 'skip', 'count': 1, 'percent': 33.33}]",22,0,2,0,0,0,0,,,,,0,0,0,0,3,32,[],,0,0,0,,3,0f0f0f,0f0f0f,"[{'platform': {'id': 1, 'name': 'PC', 'slug': 'pc'}}]","[{'platform': {'id': 4, 'name': 'PC', 'slug': 'pc', 'image': None, 'year_end': None, 'year_start': None, 'games_count': 547196, 'image_background': 'https://media.rawg.io/media/games/6fc/6fcf4cd3b17c288821388e6085bb0fc9.jpg'}, 'released_at': '1983-01-01', 'requirements': {}}]",[],"[{'id': 14724, 'name': 'Columbia Data Products', 'slug': 'columbia-data-products', 'games_count': 1, 'image_background': 'https://media.rawg.io/media/screenshots/7ec/7ec7686a30d17322e9dbb6da10e585ed_axTLBx4.jpg'}]","[{'id': 11, 'name': 'Arcade', 'slug': 'arcade', 'games_count': 22658, 'image_background': 'https://media.rawg.io/media/games/556/556157feed9ee1f55f2b12b2973e30a3.jpg'}]",[],"[{'id': 11641, 'name': 'Columbia Data Products', 'slug': 'columbia-data-products', 'games_count': 1, 'image_background': 'https://media.rawg.io/media/screenshots/7ec/7ec7686a30d17322e9dbb6da10e585ed_axTLBx4.jpg'}]",,,,2.0,10.0,5.0,2.0,3.0,,,,,,,,,,,,,0.0
55384,chuckie-egg,Chuckie Egg,Chuckie Egg,"<p>A&amp;F Software's Chuckie Egg is a home computer video game released in 1983, initially for the ZX Spectrum, the BBC Micro and the Dragon. Its subsequent popularity saw it released over the following years on a wide variety of computers, including the Commodore 64, Acorn Electron, MSX, Tatung Einstein, Amstrad CPC and Atari 8-bit family. It was later updated and released for the Amiga, Atari ST, and IBM PC..</p>
<p>The game was written by Nigel Alderton, then 16 or 17 years old. After a month or two of development, Nigel took a pre-release version of his Spectrum code to the two-year-old software company A&amp;F, co-founded by Doug Anderson and Mike Fitzgerald (the ""A"" and ""F"", respectively). Doug took on the simultaneous development of the BBC Micro version, whilst Mike Webb, an A&amp;F employee, completed the Dragon port. Chuckie Egg went on to sell over a million copies and remained a steady earner for A&amp;F, who eventually went under in the latter half of the 1980s.</p>
<p>The versions fall broadly into two groups — those with realistic physics (e.g. the BBC Micro and Amstrad CPC versions) and those without (e.g. the ZX Spectrum version). Although there is a substantial difference in play between the two, levels remain largely the same and all the 8-bit versions have been cited as classics.</p>",,[],1983-01-01,False,2024-12-17T03:58:30,https://media.rawg.io/media/screenshots/725/725eb1611a3a0fdb7777938b7ca519cf.jpg,https://media.rawg.io/media/screenshots/746/746330f910ed1f7dfde15d249127e02a.jpg,,0.0,4,"[{'id': 4, 'title': 'recommended', 'count': 4, 'percent': 80.0}, {'id': 5, 'title': 'exceptional', 'count': 1, 'percent': 20.0}]",21,0,26,0,1,0,0,,,,,0,0,0,0,5,291,[],,0,0,0,,5,0f0f0f,0f0f0f,"[{'platform': {'id': 1, 'name': 'PC', 'slug': 'pc'}}, {'platform': {'id': 8, 'name': 'Android', 'slug': 'android'}}, {'platform': {'id': 9, 'name': 'Atari', 'slug': 'atari'}}, {'platform': {'id': 10, 'name': 'Commodore / Amiga', 'slug': 'commodore-amiga'}}]","[{'platform': {'id': 34, 'name': 'Atari ST', 'slug': 'atari-st', 'image': None, 'year_end': None, 'year_start': None, 'games_count': 836, 'image_background': 'https://media.rawg.io/media/games/637/637d7dc2f44d0f6ddd3ee2c0b1366962.jpg'}, 'released_at': '1983-01-01', 'requirements': {}}, {'platform': {'id': 21, 'name': 'Android', 'slug': 'android', 'image': None, 'year_end': None, 'year_start': None, 'games_count': 52427, 'image_background': 'https://media.rawg.io/media/games/198/1988a337305e008b41d7f536ce9b73f6.jpg'}, 'released_at': '1983-01-01', 'requirements': {}}, {'platform': {'id': 166, 'name': 'Commodore / Amiga', 'slug': 'commodore-amiga', 'image': None, 'year_end': None, 'year_start': None, 'games_count': 2083, 'image_background': 'https://media.rawg.io/media/games/cce/cce8bebe861f295003f5a9fe5b11233f.jpg'}, 'released_at': '1983-01-01', 'requirements': {}}, {'platform': {'id': 25, 'name': 'Atari 8-bit', 'slug': 'atari-8-bit', 'image': None, 'year_end': None, 'year_start': None, 'games_count': 308, 'image_background': 'https://media.rawg.io/media/screenshots/038/0385a47d3a43b218204268af5361a19e.jpg'}, 'released_at': '1983-01-01', 'requirements': {}}, {'platform': {'id': 4, 'name': 'PC', 'slug': 'pc', 'image': None, 'year_end': None, 'year_start': None, 'games_count': 547196, 'image_background': 'https://media.rawg.io/media/games/6fc/6fcf4cd3b17c288821388e6085bb0fc9.jpg'}, 'released_at': '1983-01-01', 'requirements': {}}]",[],"[{'id': 27097, 'name': 'A&F; Software', 'slug': 'af-software', 'games_count': 2, 'image_background': 'https://media.rawg.io/media/screenshots/b55/b559d5e4dd96d8ea9cdbf9978278f392.jpg'}]",[],"[{'id': 31, 'name': 'Singleplayer', 'slug': 'singleplayer', 'language': 'eng', 'games_count': 238404, 'image_background': 'https://media.rawg.io/media/games/26d/26d4437715bee60138dab4a7c8c59c92.jpg'}, {'id': 7, 'name': 'Multiplayer', 'slug': 'multiplayer', 'language': 'eng', 'games_count': 40505, 'image_background': 'https://media.rawg.io/media/games/021/021c4e21a1824d2526f925eff6324653.jpg'}, {'id': 491, 'name': '1-4 players alternating', 'slug': '1-4-players-alternating', 'language': 'eng', 'games_count': 2, 'image_background': 'https://media.rawg.io/media/screenshots/eaf/eaf05d4636a12ecfb367a454f7824c50_XSMHFO6.jpg'}]","[{'id': 20310, 'name': 'A&F; Software', 'slug': 'af-software', 'games_count': 3, 'image_background': 'https://media.rawg.io/media/screenshots/725/725eb1611a3a0fdb7777938b7ca519cf.jpg'}, {'id': 20311, 'name': 'Pick & Choose', 'slug': 'pick-choose', 'games_count': 2, 'image_background': 'https://media.rawg.io/media/screenshots/725/725eb1611a3a0fdb7777938b7ca519cf.jpg'}]",,"A&F Software's Chuckie Egg is a home computer video game released in 1983, initially for the ZX Spectrum, the BBC Micro and the Dragon. Its subsequent popularity saw it released over the following years on a wide variety of computers, including the Commodore 64, Acorn Electron, MSX, Tatung Einstein, Amstrad CPC and Atari 8-bit family. It was later updated and released for the Amiga, Atari ST, and IBM PC..
The game was written by Nigel Alderton, then 16 or 17 years old. After a month or two of development, Nigel took a pre-release version of his Spectrum code to the two-year-old software company A&F, co-founded by Doug Anderson and Mike Fitzgerald (the ""A"" and ""F"", respectively). Doug took on the simultaneous development of the BBC Micro version, whilst Mike Webb, an A&F employee, completed the Dragon port. Chuckie Egg went on to sell over a million copies and remained a steady earner for A&F, who eventually went under in the latter half of the 1980s.
The versions fall broadly into two groups — those with realistic physics (e.g. the BBC Micro and Amstrad CPC versions) and those without (e.g. the ZX Spectrum version). Although there is a substantial difference in play between the two, levels remain largely the same and all the 8-bit versions have been cited as classics.",,1.0,10.0,2.0,2.0,6.0,,,,,,,,,,,,,
56888,wizardry-iii-legacy-of-llylgamyn,Wizardry III: Legacy of Llylgamyn,Wizardry III: Legacy of Llylgamyn,"<p>Wizardry III: Legacy of Llylgamyn (originally known as Wizardry: Legacy of Llylgamyn - The Third Scenario) is the third scenario in the Wizardry series of role-playing video games. It was published in 1983 by Sir-Tech Software, Inc.</p>",,[],1983-01-01,False,2024-01-06T10:53:43,https://media.rawg.io/media/screenshots/08d/08d87fa73fe67f17e6225b71aaacf131.jpg,https://media.rawg.io/media/screenshots/464/464ecd084a312cbd014e3375a0b67768.jpg,,0.0,0,"[{'id': 4, 'title': 'recommended', 'count': 1, 'percent': 50.0}, {'id': 3, 'title': 'meh', 'count': 1, 'percent': 50.0}]",21,0,11,0,2,0,0,,,,,0,0,0,0,2,246,[],,0,0,7,,2,0f0f0f,0f0f0f,"[{'platform': {'id': 1, 'name': 'PC', 'slug': 'pc'}}, {'platform': {'id': 5, 'name': 'Apple Macintosh', 'slug': 'mac'}}, {'platform': {'id': 7, 'name': 'Nintendo', 'slug': 'nintendo'}}, {'platform': {'id': 10, 'name': 'Commodore / Amiga', 'slug': 'commodore-amiga'}}]","[{'platform': {'id': 166, 'name': 'Commodore / Amiga', 'slug': 'commodore-amiga', 'image': None, 'year_end': None, 'year_start': None, 'games_count': 2083, 'image_background': 'https://media.rawg.io/media/games/cce/cce8bebe861f295003f5a9fe5b11233f.jpg'}, 'released_at': '1983-01-01', 'requirements': {}}, {'platform': {'id': 49, 'name': 'NES', 'slug': 'nes', 'image': None, 'year_end': None, 'year_start': None, 'games_count': 1015, 'image_background': 'https://media.rawg.io/media/games/7c5/7c50dd0415eb0a57505c58d4e50e4d24.jpg'}, 'released_at': '1983-01-01', 'requirements': {}}, {'platform': {'id': 4, 'name': 'PC', 'slug': 'pc', 'image': None, 'year_end': None, 'year_start': None, 'games_count': 547196, 'image_background': 'https://media.rawg.io/media/games/6fc/6fcf4cd3b17c288821388e6085bb0fc9.jpg'}, 'released_at': '1983-01-01', 'requirements': {}}, {'platform': {'id': 41, 'name': 'Apple II', 'slug': 'apple-ii', 'image': None, 'year_end': None, 'year_start': None, 'games_count': 424, 'image_background': 'https://media.rawg.io/media/screenshots/3d2/3d2bb57b39e2efa39d1c385585b2ea8b.jpg'}, 'released_at': '1983-01-01', 'requirements': {}}, {'platform': {'id': 43, 'name': 'Game Boy Color', 'slug': 'game-boy-color', 'image': None, 'year_end': None, 'year_start': None, 'games_count': 427, 'image_background': 'https://media.rawg.io/media/games/28b/28b088364ecab7870dffc3b710104734.jpg'}, 'released_at': '1983-01-01', 'requirements': {}}]",[],"[{'id': 7826, 'name': 'Sir-Tech', 'slug': 'sir-tech', 'games_count': 10, 'image_background': 'https://media.rawg.io/media/screenshots/189/18953e3b95307fc84611d35197c7a3cc.jpg'}, {'id': 13172, 'name': 'Sir-Tech Software', 'slug': 'sir-tech-software', 'games_count': 11, 'image_background': 'https://media.rawg.io/media/screenshots/189/18953e3b95307fc84611d35197c7a3cc.jpg'}]","[{'id': 5, 'name': 'RPG', 'slug': 'role-playing-games-rpg', 'games_count': 59370, 'image_background': 'https://media.rawg.io/media/games/f6b/f6bed028b02369d4cab548f4f9337e81.jpg'}]","[{'id': 31, 'name': 'Singleplayer', 'slug': 'singleplayer', 'language': 'eng', 'games_count': 238404, 'image_background': 'https://media.rawg.io/media/games/26d/26d4437715bee60138dab4a7c8c59c92.jpg'}]","[{'id': 19647, 'name': 'Sir-Tech', 'slug': 'sir-tech', 'games_count': 9, 'image_background': 'https://media.rawg.io/media/screenshots/c53/c53198668d7174dc0d94d4d2bf319bc3.jpg'}, {'id': 11876, 'name': 'Sir-Tech Software', 'slug': 'sir-tech-software', 'games_count': 12, 'image_background': 'https://media.rawg.io/media/screenshots/b1d/b1d2efcab80ae5a5922421db313aafc8.jpg'}]",,"Wizardry III: Legacy of Llylgamyn (originally known as Wizardry: Legacy of Llylgamyn - The Third Scenario) is the third scenario in the Wizardry series of role-playing video games. It was published in 1983 by Sir-Tech Software, Inc.",,2.0,7.0,2.0,8.0,2.0,,,,,,,,,,,,,0.0
56704,planetfall,Planetfall,Planetfall,"<p>Planetfall is a science fiction interactive fiction computer game written by Steve Meretzky, and the eighth title published by Infocom in 1983. Like most Infocom games, thanks to the portable Z-machine, it was released for several platforms simultaneously. The original release included versions for the PC (both as a booter and for DOS) and Apple II. The Atari ST and Commodore 64 versions were released in 1985. A version for CP/M was also released. Although Planetfall was Meretzky's first title, it proved one of his most popular works and a best-seller for Infocom; it was one of five top-selling titles to be re-released in Solid Gold versions including in-game hints. Planetfall utilizes the Z-machine originally developed for the Zork franchise and was added as a bonus to the ""Zork Anthology"".</p>
<p>The word planetfall is a portmanteau of planet and landfall, and occasionally used in science fiction to that effect. The book Planetfall written by Arthur Byron Cover, uses the game image on the cover, and is marketed ""In the bestselling tradition of THE HITCHHIKER'S GUIDE TO THE GALAXY. A sequel, Stationfall, was released in 1987.</p>",,[],1983-07-08,False,2023-02-08T10:51:49,https://media.rawg.io/media/screenshots/564/564fcc1ea1af085e5ed2c12ae7283ba9.jpg,https://media.rawg.io/media/screenshots/54b/54bea0eca8ce36044cb91fbabade26e6.jpg,,0.0,4,"[{'id': 4, 'title': 'recommended', 'count': 3, 'percent': 60.0}, {'id': 5, 'title': 'exceptional', 'count': 1, 'percent': 20.0}, {'id': 3, 'title': 'meh', 'count': 1, 'percent': 20.0}]",20,0,25,0,1,0,0,,,,,0,0,0,0,5,171,[],,0,0,0,,5,0f0f0f,0f0f0f,"[{'platform': {'id': 1, 'name': 'PC', 'slug': 'pc'}}, {'platform': {'id': 5, 'name': 'Apple Macintosh', 'slug': 'mac'}}, {'platform': {'id': 9, 'name': 'Atari', 'slug': 'atari'}}, {'platform': {'id': 10, 'name': 'Commodore / Amiga', 'slug': 'commodore-amiga'}}]","[{'platform': {'id': 166, 'name': 'Commodore / Amiga', 'slug': 'commodore-amiga', 'image': None, 'year_end': None, 'year_start': None, 'games_count': 2083, 'image_background': 'https://media.rawg.io/media/games/cce/cce8bebe861f295003f5a9fe5b11233f.jpg'}, 'released_at': '1983-07-08', 'requirements': {}}, {'platform': {'id': 34, 'name': 'Atari ST', 'slug': 'atari-st', 'image': None, 'year_end': None, 'year_start': None, 'games_count': 836, 'image_background': 'https://media.rawg.io/media/games/637/637d7dc2f44d0f6ddd3ee2c0b1366962.jpg'}, 'released_at': '1983-07-08', 'requirements': {}}, {'platform': {'id': 41, 'name': 'Apple II', 'slug': 'apple-ii', 'image': None, 'year_end': None, 'year_start': None, 'games_count': 424, 'image_background': 'https://media.rawg.io/media/screenshots/3d2/3d2bb57b39e2efa39d1c385585b2ea8b.jpg'}, 'released_at': '1983-07-08', 'requirements': {}}, {'platform': {'id': 25, 'name': 'Atari 8-bit', 'slug': 'atari-8-bit', 'image': None, 'year_end': None, 'year_start': None, 'games_count': 308, 'image_background': 'https://media.rawg.io/media/screenshots/038/0385a47d3a43b218204268af5361a19e.jpg'}, 'released_at': '1983-07-08', 'requirements': {}}, {'platform': {'id': 55, 'name': 'Classic Macintosh', 'slug': 'macintosh', 'image': None, 'year_end': None, 'year_start': None, 'games_count': 675, 'image_background': 'https://media.rawg.io/media/games/38a/38af969459ad6e5de116ec8a4a84218c.jpg'}, 'released_at': '1983-07-08', 'requirements': {}}, {'platform': {'id': 4, 'name': 'PC', 'slug': 'pc', 'image': None, 'year_end': None, 'year_start': None, 'games_count': 547196, 'image_background': 'https://media.rawg.io/media/games/6fc/6fcf4cd3b17c288821388e6085bb0fc9.jpg'}, 'released_at': '1983-07-08', 'requirements': {}}]",[],"[{'id': 12929, 'name': 'Infocom', 'slug': 'infocom', 'games_count': 48, 'image_background': 'https://media.rawg.io/media/screenshots/782/7822ae77e839fa2db05cd53d08225dd8.jpg'}]",[],"[{'id': 31, 'name': 'Singleplayer', 'slug': 'singleplayer', 'language': 'eng', 'games_count': 238404, 'image_background': 'https://media.rawg.io/media/games/26d/26d4437715bee60138dab4a7c8c59c92.jpg'}]","[{'id': 11435, 'name': 'Infocom', 'slug': 'infocom', 'games_count': 45, 'image_background': 'https://media.rawg.io/media/screenshots/3d4/3d4094f02e71cb3439ab3c8af62809c0.jpg'}]",,"Planetfall is a science fiction interactive fiction computer game written by Steve Meretzky, and the eighth title published by Infocom in 1983. Like most Infocom games, thanks to the portable Z-machine, it was released for several platforms simultaneously. The original release included versions for the PC (both as a booter and for DOS) and Apple II. The Atari ST and Commodore 64 versions were released in 1985. A version for CP/M was also released. Although Planetfall was Meretzky's first title, it proved one of his most popular works and a best-seller for Infocom; it was one of five top-selling titles to be re-released in Solid Gold versions including in-game hints. Planetfall utilizes the Z-machine originally developed for the Zork franchise and was added as a bonus to the ""Zork Anthology"".
The word planetfall is a portmanteau of planet and landfall, and occasionally used in science fiction to that effect. The book Planetfall written by Arthur Byron Cover, uses the game image on the cover, and is marketed ""In the bestselling tradition of THE HITCHHIKER'S GUIDE TO THE GALAXY. A sequel, Stationfall, was released in 1987.",,2.0,9.0,5.0,3.0,1.0,,,,,,,,,,,,,
53687,archon-the-light-and-the-dark,Archon: The Light and the Dark,Archon: The Light and the Dark,"<p>Archon: The Light and the Dark is a 1983 video game developed by Free Fall Associates and one of the first five games published by Electronic Arts. It is similar in concept to chess, in that it takes place on a board with squares, but, instead of fixed rules when landing on another player's piece, an arcade-style fight takes place to determine the victor. Also unlike chess, each side has different pieces with ranging abilities. These abilities are enhanced when landing on a square of one's own color.</p>
<p>Archon was originally developed for Atari 8-bit family, then ported to the Apple II, Commodore 64, Amstrad CPC, ZX Spectrum, Amiga, IBM PC, Macintosh, PC-88, and NES. It was designed by Paul Reiche III (who also created the graphics for the game) and Jon Freeman, and programmed by Anne Westfall.</p>
<p>A sequel was released in 1984: Archon II: Adept.</p>",,[],1983-01-01,False,2023-11-20T17:22:24,https://media.rawg.io/media/screenshots/1f2/1f20aeed24870ac6eb2c42486400bf46.jpg,https://media.rawg.io/media/screenshots/e22/e223df68e3c350ea4805ab0af56d84b4.jpg,,0.0,0,"[{'id': 5, 'title': 'exceptional', 'count': 2, 'percent': 50.0}, {'id': 1, 'title': 'skip', 'count': 2, 'percent': 50.0}]",19,0,20,0,10,0,0,,,,,0,0,0,0,4,259,[],,0,0,0,,4,0f0f0f,0f0f0f,"[{'platform': {'id': 4, 'name': 'iOS', 'slug': 'ios'}}, {'platform': {'id': 5, 'name': 'Apple Macintosh', 'slug': 'mac'}}, {'platform': {'id': 7, 'name': 'Nintendo', 'slug': 'nintendo'}}, {'platform': {'id': 9, 'name': 'Atari', 'slug': 'atari'}}, {'platform': {'id': 10, 'name': 'Commodore / Amiga', 'slug': 'commodore-amiga'}}]","[{'platform': {'id': 50, 'name': 'Atari XEGS', 'slug': 'atari-xegs', 'image': None, 'year_end': None, 'year_start': None, 'games_count': 22, 'image_background': 'https://media.rawg.io/media/screenshots/769/7691726d70c23c029903df08858df001.jpg'}, 'released_at': '1983-01-01', 'requirements': {}}, {'platform': {'id': 25, 'name': 'Atari 8-bit', 'slug': 'atari-8-bit', 'image': None, 'year_end': None, 'year_start': None, 'games_count': 308, 'image_background': 'https://media.rawg.io/media/screenshots/038/0385a47d3a43b218204268af5361a19e.jpg'}, 'released_at': '1983-01-01', 'requirements': {}}, {'platform': {'id': 41, 'name': 'Apple II', 'slug': 'apple-ii', 'image': None, 'year_end': None, 'year_start': None, 'games_count': 424, 'image_background': 'https://media.rawg.io/media/screenshots/3d2/3d2bb57b39e2efa39d1c385585b2ea8b.jpg'}, 'released_at': '1983-01-01', 'requirements': {}}, {'platform': {'id': 55, 'name': 'Classic Macintosh', 'slug': 'macintosh', 'image': None, 'year_end': None, 'year_start': None, 'games_count': 675, 'image_background': 'https://media.rawg.io/media/games/38a/38af969459ad6e5de116ec8a4a84218c.jpg'}, 'released_at': '1983-01-01', 'requirements': {}}, {'platform': {'id': 49, 'name': 'NES', 'slug': 'nes', 'image': None, 'year_end': None, 'year_start': None, 'games_count': 1015, 'image_background': 'https://media.rawg.io/media/games/7c5/7c50dd0415eb0a57505c58d4e50e4d24.jpg'}, 'released_at': '1983-01-01', 'requirements': {}}, {'platform': {'id': 166, 'name': 'Commodore / Amiga', 'slug': 'commodore-amiga', 'image': None, 'year_end': None, 'year_start': None, 'games_count': 2083, 'image_background': 'https://media.rawg.io/media/games/cce/cce8bebe861f295003f5a9fe5b11233f.jpg'}, 'released_at': '1983-01-01', 'requirements': {}}, {'platform': {'id': 3, 'name': 'iOS', 'slug': 'ios', 'image': None, 'year_end': None, 'year_start': None, 'games_count': 77392, 'image_background': 'https://media.rawg.io/media/games/5fa/5fae5fec3c943179e09da67a4427d68f.jpg'}, 'released_at': '1983-01-01', 'requirements': {}}]",[],"[{'id': 14814, 'name': 'Free Fall Associates', 'slug': 'free-fall-associates', 'games_count': 5, 'image_background': 'https://media.rawg.io/media/screenshots/1a2/1a275a8547972d7b02845d0edb48c7dd.jpg'}]","[{'id': 10, 'name': 'Strategy', 'slug': 'strategy', 'games_count': 59661, 'image_background': 'https://media.rawg.io/media/games/08b/08b2eee52a9876a48b955e5149affe5b.jpg'}, {'id': 6, 'name': 'Fighting', 'slug': 'fighting', 'games_count': 11763, 'image_background': 'https://media.rawg.io/media/games/35b/35b47c4d85cd6e08f3e2ca43ea5ce7bb.jpg'}]","[{'id': 31, 'name': 'Singleplayer', 'slug': 'singleplayer', 'language': 'eng', 'games_count': 238404, 'image_background': 'https://media.rawg.io/media/games/26d/26d4437715bee60138dab4a7c8c59c92.jpg'}, {'id': 418, 'name': '2 players', 'slug': '2-players', 'language': 'eng', 'games_count': 1244, 'image_background': 'https://media.rawg.io/media/screenshots/f9a/f9ac59bb4af2ca2193ee9ffb979577cf.jpg'}]","[{'id': 354, 'name': 'Electronic Arts', 'slug': 'electronic-arts', 'games_count': 1332, 'image_background': 'https://media.rawg.io/media/games/45b/45b57ed59de4b84effd8f6bc4b7bf515.jpg'}, {'id': 19708, 'name': 'Ariolasoft', 'slug': 'ariolasoft', 'games_count': 19, 'image_background': 'https://media.rawg.io/media/screenshots/f4b/f4b8e0b7e42013d1051cca8ce9c55df9.jpg'}]",,"Archon: The Light and the Dark is a 1983 video game developed by Free Fall Associates and one of the first five games published by Electronic Arts. It is similar in concept to chess, in that it takes place on a board with squares, but, instead of fixed rules when landing on another player's piece, an arcade-style fight takes place to determine the victor. Also unlike chess, each side has different pieces with ranging abilities. These abilities are enhanced when landing on a square of one's own color.
Archon was originally developed for Atari 8-bit family, then ported to the Apple II, Commodore 64, Amstrad CPC, ZX Spectrum, Amiga, IBM PC, Macintosh, PC-88, and NES. It was designed by Paul Reiche III (who also created the graphics for the game) and Jon Freeman, and programmed by Anne Westfall.
A sequel was released in 1984: Archon II: Adept.",,,10.0,2.0,4.0,2.0,1.0,,,,,,,,,,,,0.0
53204,xevious-1983,Xevious (1983),Xevious (1983),"<p>Xevious (ゼビウス, Zebiusu) is a vertically scrolling shooter that was released by Namco in arcades in December 1982. It runs on Namco Galaga hardware, and was designed by Masanobu Endō (who later created The Tower of Druaga). In North America, the game was manufactured and distributed by Atari, Inc..</p>",,[],1983-01-29,False,2019-01-09T12:41:06,https://media.rawg.io/media/screenshots/33d/33d1071a0682943c4a6919fedb41b888.jpg,https://media.rawg.io/media/screenshots/ea0/ea06dc80305d9c587af2bfad7331902c.jpg,,0.0,0,"[{'id': 4, 'title': 'recommended', 'count': 2, 'percent': 66.67}, {'id': 3, 'title': 'meh', 'count': 1, 'percent': 33.33}]",19,0,25,0,2,0,0,,,,,0,0,0,0,3,303,[],,0,0,0,,3,0f0f0f,0f0f0f,"[{'platform': {'id': 3, 'name': 'Xbox', 'slug': 'xbox'}}, {'platform': {'id': 5, 'name': 'Apple Macintosh', 'slug': 'mac'}}, {'platform': {'id': 7, 'name': 'Nintendo', 'slug': 'nintendo'}}, {'platform': {'id': 9, 'name': 'Atari', 'slug': 'atari'}}, {'platform': {'id': 10, 'name': 'Commodore / Amiga', 'slug': 'commodore-amiga'}}, {'platform': {'id': 11, 'name': 'SEGA', 'slug': 'sega'}}]","[{'platform': {'id': 34, 'name': 'Atari ST', 'slug': 'atari-st', 'image': None, 'year_end': None, 'year_start': None, 'games_count': 836, 'image_background': 'https://media.rawg.io/media/games/637/637d7dc2f44d0f6ddd3ee2c0b1366962.jpg'}, 'released_at': '1983-01-29', 'requirements': {}}, {'platform': {'id': 24, 'name': 'Game Boy Advance', 'slug': 'game-boy-advance', 'image': None, 'year_end': None, 'year_start': None, 'games_count': 950, 'image_background': 'https://media.rawg.io/media/games/98c/98c87b286cd2a2ba942167df384a9bd3.jpg'}, 'released_at': '1983-01-29', 'requirements': {}}, {'platform': {'id': 14, 'name': 'Xbox 360', 'slug': 'xbox360', 'image': None, 'year_end': None, 'year_start': None, 'games_count': 2805, 'image_background': 'https://media.rawg.io/media/games/4a0/4a0a1316102366260e6f38fd2a9cfdce.jpg'}, 'released_at': '1983-01-29', 'requirements': {}}, {'platform': {'id': 49, 'name': 'NES', 'slug': 'nes', 'image': None, 'year_end': None, 'year_start': None, 'games_count': 1015, 'image_background': 'https://media.rawg.io/media/games/7c5/7c50dd0415eb0a57505c58d4e50e4d24.jpg'}, 'released_at': '1983-01-29', 'requirements': {}}, {'platform': {'id': 74, 'name': 'SEGA Master System', 'slug': 'sega-master-system', 'image': None, 'year_end': None, 'year_start': None, 'games_count': 234, 'image_background': 'https://media.rawg.io/media/screenshots/a7f/a7f3cb62af2ee95d92065da88583338b.jpg'}, 'released_at': '1983-01-29', 'requirements': {}}, {'platform': {'id': 11, 'name': 'Wii', 'slug': 'wii', 'image': None, 'year_end': None, 'year_start': None, 'games_count': 2209, 'image_background': 'https://media.rawg.io/media/games/9ca/9ca31615beee447f3ae1dc9b3b736dce.jpg'}, 'released_at': '1983-01-29', 'requirements': {}}, {'platform': {'id': 8, 'name': 'Nintendo 3DS', 'slug': 'nintendo-3ds', 'image': None, 'year_end': None, 'year_start': None, 'games_count': 1682, 'image_background': 'https://media.rawg.io/media/screenshots/42d/42d770eb49f2ba01cd4045e0d92af7a9.jpg'}, 'released_at': '1983-01-29', 'requirements': {}}, {'platform': {'id': 41, 'name': 'Apple II', 'slug': 'apple-ii', 'image': None, 'year_end': None, 'year_start': None, 'games_count': 424, 'image_background': 'https://media.rawg.io/media/screenshots/3d2/3d2bb57b39e2efa39d1c385585b2ea8b.jpg'}, 'released_at': '1983-01-29', 'requirements': {}}, {'platform': {'id': 28, 'name': 'Atari 7800', 'slug': 'atari-7800', 'image': None, 'year_end': None, 'year_start': None, 'games_count': 64, 'image_background': 'https://media.rawg.io/media/screenshots/565/56504b28b184dbc630a7de118e39d822.jpg'}, 'released_at': '1983-01-29', 'requirements': {}}, {'platform': {'id': 10, 'name': 'Wii U', 'slug': 'wii-u', 'image': None, 'year_end': None, 'year_start': None, 'games_count': 1114, 'image_background': 'https://media.rawg.io/media/games/85c/85c8ae70e7cdf0105f06ef6bdce63b8b.jpg'}, 'released_at': '1983-01-29', 'requirements': {}}, {'platform': {'id': 166, 'name': 'Commodore / Amiga', 'slug': 'commodore-amiga', 'image': None, 'year_end': None, 'year_start': None, 'games_count': 2083, 'image_background': 'https://media.rawg.io/media/games/cce/cce8bebe861f295003f5a9fe5b11233f.jpg'}, 'released_at': '1983-01-29', 'requirements': {}}]",[],"[{'id': 10055, 'name': 'NAMCO', 'slug': 'namco', 'games_count': 127, 'image_background': 'https://media.rawg.io/media/games/2ff/2ff5b06428e4b016f3b79cf299bd6596.jpg'}]",[],"[{'id': 418, 'name': '2 players', 'slug': '2-players', 'language': 'eng', 'games_count': 1244, 'image_background': 'https://media.rawg.io/media/screenshots/f9a/f9ac59bb4af2ca2193ee9ffb979577cf.jpg'}, {'id': 348, 'name': 'alternating turns', 'slug': 'alternating-turns', 'language': 'eng', 'games_count': 64, 'image_background': 'https://media.rawg.io/media/games/6f8/6f8fb1e98393f72b47f1f909d5b649d4.jpg'}]","[{'id': 10681, 'name': 'Nintendo', 'slug': 'nintendo', 'games_count': 1235, 'image_background': 'https://media.rawg.io/media/games/dd1/dd167cf8753db3748a975d61cc926e54.jpg'}, {'id': 1779, 'name': 'Atari', 'slug': 'atari', 'games_count': 507, 'image_background': 'https://media.rawg.io/media/games/d82/d82dbcf92ded452bf8c6fb1bbdd62e52.jpg'}, {'id': 10901, 'name': 'Namco', 'slug': 'namco', 'games_count': 215, 'image_background': 'https://media.rawg.io/media/games/fc5/fc503876ca1ca34e160e88671af86e88.jpg'}]",,"Xevious (ゼビウス, Zebiusu) is a vertically scrolling shooter that was released by Namco in arcades in December 1982. It runs on Namco Galaga hardware, and was designed by Masanobu Endō (who later created The Tower of Druaga). In North America, the game was manufactured and distributed by Atari, Inc..",,1.0,10.0,2.0,4.0,2.0,,,,,,,,,,,,,0.0
49870,star-wars,Star Wars,Star Wars,"Based on the original Star Wars film, this game had players reliving the climactic assault on the Death Star in the Battle of Yavin. Players fly their X-Wing through three stages to destroy the Death Star. After that, they attack it again at a higher difficulty until they get a game over.",,[],1983-05-01,False,2023-02-08T10:51:48,https://media.rawg.io/media/screenshots/6a1/6a10a23bf13d9e3a1f585ee1cde512aa.jpg,https://media.rawg.io/media/screenshots/61c/61c8a291ab748482376f32286ff8f29f.jpg,,0.0,0,"[{'id': 4, 'title': 'recommended', 'count': 1, 'percent': 50.0}, {'id': 3, 'title': 'meh', 'count': 1, 'percent': 50.0}]",19,0,4,0,0,0,0,,,,,0,0,0,0,2,80,[],,0,0,57,,2,0f0f0f,0f0f0f,"[{'platform': {'id': 1, 'name': 'PC', 'slug': 'pc'}}]","[{'platform': {'id': 4, 'name': 'PC', 'slug': 'pc', 'image': None, 'year_end': None, 'year_start': None, 'games_count': 547196, 'image_background': 'https://media.rawg.io/media/games/6fc/6fcf4cd3b17c288821388e6085bb0fc9.jpg'}, 'released_at': None, 'requirements': {}}]",[],"[{'id': 656, 'name': 'Atari', 'slug': 'atari', 'games_count': 137, 'image_background': 'https://media.rawg.io/media/games/0d2/0d2d6f345cd77639d65a235cb7dd0a21.jpg'}]","[{'id': 2, 'name': 'Shooter', 'slug': 'shooter', 'games_count': 59560, 'image_background': 'https://media.rawg.io/media/games/d58/d588947d4286e7b5e0e12e1bea7d9844.jpg'}]","[{'id': 981, 'name': 'battle', 'slug': 'battle', 'language': 'eng', 'games_count': 10682, 'image_background': 'https://media.rawg.io/media/games/075/0753492cda7ee3c9bd4a3ca673fd0c8c.jpg'}, {'id': 974, 'name': 'death', 'slug': 'death', 'language': 'eng', 'games_count': 3793, 'image_background': 'https://media.rawg.io/media/screenshots/82a/82ade332e1cfabb9782ec64477a05da3.jpg'}, {'id': 3046, 'name': 'destroy', 'slug': 'destroy', 'language': 'eng', 'games_count': 4618, 'image_background': 'https://media.rawg.io/media/screenshots/c84/c841102a515d24777f91b4861a84fb5b.jpg'}]",[],,"Based on the original Star Wars film, this game had players reliving the climactic assault on the Death Star in the Battle of Yavin. Players fly their X-Wing through three stages to destroy the Death Star. After that, they attack it again at a higher difficulty until they get a game over.",,2.0,7.0,5.0,3.0,2.0,,,,,,,,,,,,,0.0
58043,jetpac,Jetpac,Jetpac,"<p>Jetpac is a 1983 shooter video game developed and published by Ultimate Play the Game and released for the ZX Spectrum and VIC-20. It was also released for BBC Micro in 1984. The game is the first instalment in the Jetman series, and is the first game to be released by the company, who were later known as Rare. The game follows Jetman as he must rebuild his rocket in order to explore different planets, whilst simultaneously defending himself from aliens. Jetpac has since been included in other Rare games such as an unlockable in Donkey Kong 64 and part of the compilation Rare Replay. The game later spawned two sequels and a 2007 remake, Jetpac Refuelled, which was released for the Xbox Live Arcade service. The game was included in a games compilation on the ZX Spectrum Vega released in 2015.</p>
<p>The game was written by Chris Stamper and graphics were designed by Tim Stamper. Jetpac was one of the very few Spectrum games also available in ROM format for use with the Interface 2, allowing ""instantaneous"" loading of the game when the normal method of cassette loading took minutes. The game was met with critical acclaim upon release, with reviewers praising the game's presentation and playability. It later won the ""Game of the Year"" title at the Golden Joystick Awards in 1983.</p>",,[],1983-01-01,False,2019-08-28T21:59:36,https://media.rawg.io/media/screenshots/ac9/ac9f92f1c740cc218b3de974f0692b28.jpg,https://media.rawg.io/media/screenshots/1a2/1a20874b390ff755b5b7a5c7d6f06073.jpg,,0.0,5,"[{'id': 5, 'title': 'exceptional', 'count': 2, 'percent': 40.0}, {'id': 4, 'title': 'recommended', 'count': 2, 'percent': 40.0}, {'id': 1, 'title': 'skip', 'count': 1, 'percent': 20.0}]",18,0,7,0,3,0,0,,,,,0,0,0,0,5,203,[],,0,0,0,,5,0f0f0f,0f0f0f,[],[],[],"[{'id': 27539, 'name': 'Tim and Chris Stamper', 'slug': 'tim-and-chris-stamper', 'games_count': 3, 'image_background': 'https://media.rawg.io/media/screenshots/755/755603050ea9c7354c498a543da502a1.jpg'}]","[{'id': 2, 'name': 'Shooter', 'slug': 'shooter', 'games_count': 59560, 'image_background': 'https://media.rawg.io/media/games/d58/d588947d4286e7b5e0e12e1bea7d9844.jpg'}]","[{'id': 31, 'name': 'Singleplayer', 'slug': 'singleplayer', 'language': 'eng', 'games_count': 238404, 'image_background': 'https://media.rawg.io/media/games/26d/26d4437715bee60138dab4a7c8c59c92.jpg'}]","[{'id': 20498, 'name': 'Ultimate Play the Game', 'slug': 'ultimate-play-the-game', 'games_count': 10, 'image_background': 'https://media.rawg.io/media/screenshots/94c/94c89990622d31e83712bd454b7c563a.jpg'}]",,"Jetpac is a 1983 shooter video game developed and published by Ultimate Play the Game and released for the ZX Spectrum and VIC-20. It was also released for BBC Micro in 1984. The game is the first instalment in the Jetman series, and is the first game to be released by the company, who were later known as Rare. The game follows Jetman as he must rebuild his rocket in order to explore different planets, whilst simultaneously defending himself from aliens. Jetpac has since been included in other Rare games such as an unlockable in Donkey Kong 64 and part of the compilation Rare Replay. The game later spawned two sequels and a 2007 remake, Jetpac Refuelled, which was released for the Xbox Live Arcade service. The game was included in a games compilation on the ZX Spectrum Vega released in 2015.
The game was written by Chris Stamper and graphics were designed by Tim Stamper. Jetpac was one of the very few Spectrum games also available in ROM format for use with the Interface 2, allowing ""instantaneous"" loading of the game when the normal method of cassette loading took minutes. The game was met with critical acclaim upon release, with reviewers praising the game's presentation and playability. It later won the ""Game of the Year"" title at the Golden Joystick Awards in 1983.",,,7.0,6.0,2.0,3.0,,,,,,,,,,,,,
52414,crystal-castles,Crystal Castles,Crystal Castles,"<p>Crystal Castles is an arcade game released by Atari, Inc. in 1983. The player controls the character Bentley Bear who has to collect gems located throughout trimetric-projected rendered castles while avoiding enemies out to get him as well as the gems. Crystal Castles is notable for being one of the first arcade action games with an actual ending, whereas most games of the time either continued indefinitely, ended in what was termed a kill screen or simply just restarted from the first level, and to contain advance warp zones.</p>",,[],1983-01-01,False,2019-08-28T22:02:38,https://media.rawg.io/media/screenshots/ce3/ce3a9440dc21dc9151cd801430efe6f4.jpg,https://media.rawg.io/media/screenshots/281/2817f97d399dcd9e479310845bdd3542.jpg,,0.0,0,"[{'id': 4, 'title': 'recommended', 'count': 2, 'percent': 100.0}]",18,0,15,0,3,0,0,,,,,0,0,0,1,1,230,[],,0,0,0,,2,0f0f0f,0f0f0f,"[{'platform': {'id': 5, 'name': 'Apple Macintosh', 'slug': 'mac'}}, {'platform': {'id': 9, 'name': 'Atari', 'slug': 'atari'}}, {'platform': {'id': 10, 'name': 'Commodore / Amiga', 'slug': 'commodore-amiga'}}]","[{'platform': {'id': 34, 'name': 'Atari ST', 'slug': 'atari-st', 'image': None, 'year_end': None, 'year_start': None, 'games_count': 836, 'image_background': 'https://media.rawg.io/media/games/637/637d7dc2f44d0f6ddd3ee2c0b1366962.jpg'}, 'released_at': '1983-01-01', 'requirements': {}}, {'platform': {'id': 50, 'name': 'Atari XEGS', 'slug': 'atari-xegs', 'image': None, 'year_end': None, 'year_start': None, 'games_count': 22, 'image_background': 'https://media.rawg.io/media/screenshots/769/7691726d70c23c029903df08858df001.jpg'}, 'released_at': '1983-01-01', 'requirements': {}}, {'platform': {'id': 41, 'name': 'Apple II', 'slug': 'apple-ii', 'image': None, 'year_end': None, 'year_start': None, 'games_count': 424, 'image_background': 'https://media.rawg.io/media/screenshots/3d2/3d2bb57b39e2efa39d1c385585b2ea8b.jpg'}, 'released_at': '1983-01-01', 'requirements': {}}, {'platform': {'id': 25, 'name': 'Atari 8-bit', 'slug': 'atari-8-bit', 'image': None, 'year_end': None, 'year_start': None, 'games_count': 308, 'image_background': 'https://media.rawg.io/media/screenshots/038/0385a47d3a43b218204268af5361a19e.jpg'}, 'released_at': '1983-01-01', 'requirements': {}}, {'platform': {'id': 22, 'name': 'Atari Flashback', 'slug': 'atari-flashback', 'image': None, 'year_end': None, 'year_start': None, 'games_count': 30, 'image_background': 'https://media.rawg.io/media/screenshots/2aa/2aa07f58491e14b0183333f8956bc802.jpg'}, 'released_at': '1983-01-01', 'requirements': {}}, {'platform': {'id': 23, 'name': 'Atari 2600', 'slug': 'atari-2600', 'image': None, 'year_end': None, 'year_start': None, 'games_count': 294, 'image_background': 'https://media.rawg.io/media/screenshots/ff6/ff623993a854663931c1e78d72a16a5a.jpg'}, 'released_at': '1983-01-01', 'requirements': {}}, {'platform': {'id': 166, 'name': 'Commodore / Amiga', 'slug': 'commodore-amiga', 'image': None, 'year_end': None, 'year_start': None, 'games_count': 2083, 'image_background': 'https://media.rawg.io/media/games/cce/cce8bebe861f295003f5a9fe5b11233f.jpg'}, 'released_at': '1983-01-01', 'requirements': {}}]",[],"[{'id': 656, 'name': 'Atari', 'slug': 'atari', 'games_count': 137, 'image_background': 'https://media.rawg.io/media/games/0d2/0d2d6f345cd77639d65a235cb7dd0a21.jpg'}]","[{'id': 4, 'name': 'Action', 'slug': 'action', 'games_count': 186608, 'image_background': 'https://media.rawg.io/media/games/618/618c2031a07bbff6b4f611f10b6bcdbc.jpg'}]","[{'id': 31, 'name': 'Singleplayer', 'slug': 'singleplayer', 'language': 'eng', 'games_count': 238404, 'image_background': 'https://media.rawg.io/media/games/26d/26d4437715bee60138dab4a7c8c59c92.jpg'}, {'id': 7, 'name': 'Multiplayer', 'slug': 'multiplayer', 'language': 'eng', 'games_count': 40505, 'image_background': 'https://media.rawg.io/media/games/021/021c4e21a1824d2526f925eff6324653.jpg'}, {'id': 418, 'name': '2 players', 'slug': '2-players', 'language': 'eng', 'games_count': 1244, 'image_background': 'https://media.rawg.io/media/screenshots/f9a/f9ac59bb4af2ca2193ee9ffb979577cf.jpg'}, {'id': 354, 'name': 'alternating', 'slug': 'alternating', 'language': 'eng', 'games_count': 6, 'image_background': 'https://media.rawg.io/media/screenshots/3d6/3d63a56f41d94345e0c1be534497b37b.jpg'}]","[{'id': 1779, 'name': 'Atari', 'slug': 'atari', 'games_count': 507, 'image_background': 'https://media.rawg.io/media/games/d82/d82dbcf92ded452bf8c6fb1bbdd62e52.jpg'}]",,"Crystal Castles is an arcade game released by Atari, Inc. in 1983. The player controls the character Bentley Bear who has to collect gems located throughout trimetric-projected rendered castles while avoiding enemies out to get him as well as the gems. Crystal Castles is notable for being one of the first arcade action games with an actual ending, whereas most games of the time either continued indefinitely, ended in what was termed a kill screen or simply just restarted from the first level, and to contain advance warp zones.",1.0,,8.0,5.0,2.0,3.0,,,,,,,,,,,,,0.0
55716,the-witness-1983,The Witness (1983),The Witness (1983),"<p>The Witness is an interactive fiction computer game published by Infocom in 1983. Like Infocom's earlier title Deadline, it is a murder mystery. The Witness was written in the ZIL language for the Z-machine, which allowed it to be released simultaneously on many popular computer platforms including the Apple II and the Commodore 64. It is Infocom's seventh game.</p>",,[],1983-05-24,False,2023-02-08T10:51:47,https://media.rawg.io/media/screenshots/3d4/3d4094f02e71cb3439ab3c8af62809c0.jpg,https://media.rawg.io/media/screenshots/cb5/cb5e31db58fffcbf2a0eb899bb65716e.jpg,,0.0,0,"[{'id': 1, 'title': 'skip', 'count': 1, 'percent': 100.0}]",17,0,18,0,1,0,0,,,,,0,0,0,0,1,147,[],,0,0,0,,1,0f0f0f,0f0f0f,"[{'platform': {'id': 1, 'name': 'PC', 'slug': 'pc'}}, {'platform': {'id': 5, 'name': 'Apple Macintosh', 'slug': 'mac'}}, {'platform': {'id': 9, 'name': 'Atari', 'slug': 'atari'}}, {'platform': {'id': 10, 'name': 'Commodore / Amiga', 'slug': 'commodore-amiga'}}]","[{'platform': {'id': 34, 'name': 'Atari ST', 'slug': 'atari-st', 'image': None, 'year_end': None, 'year_start': None, 'games_count': 836, 'image_background': 'https://media.rawg.io/media/games/637/637d7dc2f44d0f6ddd3ee2c0b1366962.jpg'}, 'released_at': '1983-05-24', 'requirements': {}}, {'platform': {'id': 41, 'name': 'Apple II', 'slug': 'apple-ii', 'image': None, 'year_end': None, 'year_start': None, 'games_count': 424, 'image_background': 'https://media.rawg.io/media/screenshots/3d2/3d2bb57b39e2efa39d1c385585b2ea8b.jpg'}, 'released_at': '1983-05-24', 'requirements': {}}, {'platform': {'id': 25, 'name': 'Atari 8-bit', 'slug': 'atari-8-bit', 'image': None, 'year_end': None, 'year_start': None, 'games_count': 308, 'image_background': 'https://media.rawg.io/media/screenshots/038/0385a47d3a43b218204268af5361a19e.jpg'}, 'released_at': '1983-05-24', 'requirements': {}}, {'platform': {'id': 55, 'name': 'Classic Macintosh', 'slug': 'macintosh', 'image': None, 'year_end': None, 'year_start': None, 'games_count': 675, 'image_background': 'https://media.rawg.io/media/games/38a/38af969459ad6e5de116ec8a4a84218c.jpg'}, 'released_at': '1983-05-24', 'requirements': {}}, {'platform': {'id': 166, 'name': 'Commodore / Amiga', 'slug': 'commodore-amiga', 'image': None, 'year_end': None, 'year_start': None, 'games_count': 2083, 'image_background': 'https://media.rawg.io/media/games/cce/cce8bebe861f295003f5a9fe5b11233f.jpg'}, 'released_at': '1983-05-24', 'requirements': {}}, {'platform': {'id': 4, 'name': 'PC', 'slug': 'pc', 'image': None, 'year_end': None, 'year_start': None, 'games_count': 547196, 'image_background': 'https://media.rawg.io/media/games/6fc/6fcf4cd3b17c288821388e6085bb0fc9.jpg'}, 'released_at': '1983-05-24', 'requirements': {}}]",[],"[{'id': 12929, 'name': 'Infocom', 'slug': 'infocom', 'games_count': 48, 'image_background': 'https://media.rawg.io/media/screenshots/782/7822ae77e839fa2db05cd53d08225dd8.jpg'}]",[],"[{'id': 31, 'name': 'Singleplayer', 'slug': 'singleplayer', 'language': 'eng', 'games_count': 238404, 'image_background': 'https://media.rawg.io/media/games/26d/26d4437715bee60138dab4a7c8c59c92.jpg'}]","[{'id': 11435, 'name': 'Infocom', 'slug': 'infocom', 'games_count': 45, 'image_background': 'https://media.rawg.io/media/screenshots/3d4/3d4094f02e71cb3439ab3c8af62809c0.jpg'}]",,"The Witness is an interactive fiction computer game published by Infocom in 1983. Like Infocom's earlier title Deadline, it is a murder mystery. The Witness was written in the ZIL language for the Z-machine, which allowed it to be released simultaneously on many popular computer platforms including the Apple II and the Commodore 64. It is Infocom's seventh game.",,4.0,7.0,1.0,3.0,2.0,,,,,,,,,,,,,0.0
52602,star-trek-1983,Star Trek (1983),Star Trek (1983),"<p>Star Trek: Strategic Operations Simulator (also known as Star Trek: SOS and Star Trek Arcade) is a space combat simulation arcade game based on the original Star Trek television program and movie series, and released by Sega in 1983. It is a vector game, with both a two-dimensional display and a three-dimensional first-person perspective. The player controls the Starship Enterprise, and must defend sectors from invading Klingon ships.</p>
<p>The game was presented in two styles of cabinets: an upright standup, and a sit-down/semi-enclosed deluxe cabinet with the player's chair modeled after the Star Trek Motion Picture's bridge chairs with controls integrated into the chair's arms.</p>
<p>Star Trek: SOS was ported to the Commodore 64, TI-99/4A, Atari 8-bit family, Atari 5200, Atari 2600, VIC-20, ColecoVision and Apple II.</p>",,[],1983-01-01,False,2019-08-28T22:02:33,https://media.rawg.io/media/screenshots/097/097870de82466045d34c1f0a0c5f8e40.jpg,https://media.rawg.io/media/screenshots/63b/63bf91199bca76b623338da63e18e6e2.jpg,,0.0,0,[],17,0,6,0,1,0,0,,,,,0,0,0,0,0,65,[],,0,0,20,,0,0f0f0f,0f0f0f,"[{'platform': {'id': 9, 'name': 'Atari', 'slug': 'atari'}}]","[{'platform': {'id': 23, 'name': 'Atari 2600', 'slug': 'atari-2600', 'image': None, 'year_end': None, 'year_start': None, 'games_count': 294, 'image_background': 'https://media.rawg.io/media/screenshots/ff6/ff623993a854663931c1e78d72a16a5a.jpg'}, 'released_at': '1983-01-01', 'requirements': {}}, {'platform': {'id': 31, 'name': 'Atari 5200', 'slug': 'atari-5200', 'image': None, 'year_end': None, 'year_start': None, 'games_count': 64, 'image_background': 'https://media.rawg.io/media/screenshots/678/6786598cba3939d48ed60cbd1a3723f4.jpg'}, 'released_at': '1983-01-01', 'requirements': {}}]",[],"[{'id': 425, 'name': 'SEGA', 'slug': 'sega', 'games_count': 578, 'image_background': 'https://media.rawg.io/media/screenshots/845/84595759d06a7c5ed2eab76f623454f7.jpeg'}]",[],"[{'id': 31, 'name': 'Singleplayer', 'slug': 'singleplayer', 'language': 'eng', 'games_count': 238404, 'image_background': 'https://media.rawg.io/media/games/26d/26d4437715bee60138dab4a7c8c59c92.jpg'}]","[{'id': 3408, 'name': 'SEGA', 'slug': 'sega-2', 'games_count': 1262, 'image_background': 'https://media.rawg.io/media/games/be9/be9cf02720c9326e11d0fda14518554f.jpg'}]",,"Star Trek: Strategic Operations Simulator (also known as Star Trek: SOS and Star Trek Arcade) is a space combat simulation arcade game based on the original Star Trek television program and movie series, and released by Sega in 1983. It is a vector game, with both a two-dimensional display and a three-dimensional first-person perspective. The player controls the Starship Enterprise, and must defend sectors from invading Klingon ships.
The game was presented in two styles of cabinets: an upright standup, and a sit-down/semi-enclosed deluxe cabinet with the player's chair modeled after the Star Trek Motion Picture's bridge chairs with controls integrated into the chair's arms.
Star Trek: SOS was ported to the Commodore 64, TI-99/4A, Atari 8-bit family, Atari 5200, Atari 2600, VIC-20, ColecoVision and Apple II.",,1.0,9.0,2.0,3.0,1.0,1.0,,,,,,,,,,,,0.0
53389,manic-miner-1983,Manic Miner (1983),Manic Miner (1983),"<p>Manic Miner is a platform video game originally written for the ZX Spectrum by Matthew Smith and released by Bug-Byte in 1983 (later re-released by Software Projects). It is the first game in the Miner Willy series and among the early titles in the platform game genre. The game itself was inspired by the Atari 8-bit family game Miner 2049er. It has since been ported to numerous home computers, video game consoles and mobile phones.</p>",,[],1983-01-01,False,2025-01-20T17:13:33,https://media.rawg.io/media/screenshots/6ce/6ce73bd2347fd7bd6a4de06619cd29fa.jpg,https://media.rawg.io/media/screenshots/404/404b7b79dde2736b91d46c46c2981cd8.jpg,,0.0,0,"[{'id': 4, 'title': 'recommended', 'count': 2, 'percent': 66.67}, {'id': 5, 'title': 'exceptional', 'count': 1, 'percent': 33.33}]",17,0,16,0,3,0,0,,,,,0,0,0,0,3,157,[],,0,0,0,,3,0f0f0f,0f0f0f,"[{'platform': {'id': 4, 'name': 'iOS', 'slug': 'ios'}}, {'platform': {'id': 7, 'name': 'Nintendo', 'slug': 'nintendo'}}, {'platform': {'id': 10, 'name': 'Commodore / Amiga', 'slug': 'commodore-amiga'}}]","[{'platform': {'id': 3, 'name': 'iOS', 'slug': 'ios', 'image': None, 'year_end': None, 'year_start': None, 'games_count': 77392, 'image_background': 'https://media.rawg.io/media/games/5fa/5fae5fec3c943179e09da67a4427d68f.jpg'}, 'released_at': '1983-01-01', 'requirements': {}}, {'platform': {'id': 24, 'name': 'Game Boy Advance', 'slug': 'game-boy-advance', 'image': None, 'year_end': None, 'year_start': None, 'games_count': 950, 'image_background': 'https://media.rawg.io/media/games/98c/98c87b286cd2a2ba942167df384a9bd3.jpg'}, 'released_at': '1983-01-01', 'requirements': {}}, {'platform': {'id': 166, 'name': 'Commodore / Amiga', 'slug': 'commodore-amiga', 'image': None, 'year_end': None, 'year_start': None, 'games_count': 2083, 'image_background': 'https://media.rawg.io/media/games/cce/cce8bebe861f295003f5a9fe5b11233f.jpg'}, 'released_at': '1983-01-01', 'requirements': {}}]",[],"[{'id': 26394, 'name': 'Matthew Smith', 'slug': 'matthew-smith', 'games_count': 7, 'image_background': 'https://media.rawg.io/media/screenshots/465/4655bd0fa234f41ccf5d8b92011a19f6.jpg'}]","[{'id': 83, 'name': 'Platformer', 'slug': 'platformer', 'games_count': 100869, 'image_background': 'https://media.rawg.io/media/games/f8c/f8c6a262ead4c16b47e1219310210eb3.jpg'}]","[{'id': 31, 'name': 'Singleplayer', 'slug': 'singleplayer', 'language': 'eng', 'games_count': 238404, 'image_background': 'https://media.rawg.io/media/games/26d/26d4437715bee60138dab4a7c8c59c92.jpg'}]","[{'id': 19774, 'name': 'Bug-Byte', 'slug': 'bug-byte', 'games_count': 7, 'image_background': 'https://media.rawg.io/media/screenshots/a66/a667bbfeb01e23bedc1e6a0eb9774770.jpg'}, {'id': 19775, 'name': 'Amsoft', 'slug': 'amsoft', 'games_count': 3, 'image_background': 'https://media.rawg.io/media/screenshots/6ce/6ce73bd2347fd7bd6a4de06619cd29fa.jpg'}, {'id': 19773, 'name': 'Software Projects', 'slug': 'software-projects', 'games_count': 6, 'image_background': 'https://media.rawg.io/media/games/054/0540c8fc8eed3fc13d3990f419c61c6f.jpg'}]",,"Manic Miner is a platform video game originally written for the ZX Spectrum by Matthew Smith and released by Bug-Byte in 1983 (later re-released by Software Projects). It is the first game in the Miner Willy series and among the early titles in the platform game genre. The game itself was inspired by the Atari 8-bit family game Miner 2049er. It has since been ported to numerous home computers, video game consoles and mobile phones.",,1.0,8.0,2.0,2.0,4.0,,,,,,,,,,,,,0.0
52582,seaquest,Seaquest,Seaquest,<p>Seaquest is an Atari 2600 video game designed by Steve Cartwright and published by Activision in 1983.</p>,,[],1983-02-08,False,2023-04-16T20:30:44,https://media.rawg.io/media/screenshots/759/7598059268712e849ec96c1068f576a6.jpg,https://media.rawg.io/media/screenshots/65d/65d071412b3906b0b4fc3a6f37b41f63.jpg,,0.0,0,"[{'id': 4, 'title': 'recommended', 'count': 2, 'percent': 50.0}, {'id': 5, 'title': 'exceptional', 'count': 1, 'percent': 25.0}, {'id': 3, 'title': 'meh', 'count': 1, 'percent': 25.0}]",17,0,4,0,1,0,0,,,,,0,0,0,0,4,34,[],,0,0,0,,4,0f0f0f,0f0f0f,"[{'platform': {'id': 1, 'name': 'PC', 'slug': 'pc'}}, {'platform': {'id': 3, 'name': 'Xbox', 'slug': 'xbox'}}, {'platform': {'id': 9, 'name': 'Atari', 'slug': 'atari'}}]","[{'platform': {'id': 23, 'name': 'Atari 2600', 'slug': 'atari-2600', 'image': None, 'year_end': None, 'year_start': None, 'games_count': 294, 'image_background': 'https://media.rawg.io/media/screenshots/ff6/ff623993a854663931c1e78d72a16a5a.jpg'}, 'released_at': '1983-02-08', 'requirements': {}}, {'platform': {'id': 4, 'name': 'PC', 'slug': 'pc', 'image': None, 'year_end': None, 'year_start': None, 'games_count': 547196, 'image_background': 'https://media.rawg.io/media/games/6fc/6fcf4cd3b17c288821388e6085bb0fc9.jpg'}, 'released_at': '1983-02-08', 'requirements': {}}, {'platform': {'id': 14, 'name': 'Xbox 360', 'slug': 'xbox360', 'image': None, 'year_end': None, 'year_start': None, 'games_count': 2805, 'image_background': 'https://media.rawg.io/media/games/4a0/4a0a1316102366260e6f38fd2a9cfdce.jpg'}, 'released_at': '1983-02-08', 'requirements': {}}]",[],"[{'id': 11, 'name': 'Activision', 'slug': 'activision', 'games_count': 163, 'image_background': 'https://media.rawg.io/media/screenshots/d05/d0524e9b2e276dd9c8351881e897f7c9.jpg'}]","[{'id': 4, 'name': 'Action', 'slug': 'action', 'games_count': 186608, 'image_background': 'https://media.rawg.io/media/games/618/618c2031a07bbff6b4f611f10b6bcdbc.jpg'}, {'id': 2, 'name': 'Shooter', 'slug': 'shooter', 'games_count': 59560, 'image_background': 'https://media.rawg.io/media/games/d58/d588947d4286e7b5e0e12e1bea7d9844.jpg'}, {'id': 11, 'name': 'Arcade', 'slug': 'arcade', 'games_count': 22658, 'image_background': 'https://media.rawg.io/media/games/556/556157feed9ee1f55f2b12b2973e30a3.jpg'}]","[{'id': 31, 'name': 'Singleplayer', 'slug': 'singleplayer', 'language': 'eng', 'games_count': 238404, 'image_background': 'https://media.rawg.io/media/games/26d/26d4437715bee60138dab4a7c8c59c92.jpg'}, {'id': 418, 'name': '2 players', 'slug': '2-players', 'language': 'eng', 'games_count': 1244, 'image_background': 'https://media.rawg.io/media/screenshots/f9a/f9ac59bb4af2ca2193ee9ffb979577cf.jpg'}]","[{'id': 10830, 'name': 'Activision Blizzard', 'slug': 'activision-blizzard', 'games_count': 691, 'image_background': 'https://media.rawg.io/media/games/445/44507fdd60a8ec02b1c3c64a293ca754.jpg'}]",,Seaquest is an Atari 2600 video game designed by Steve Cartwright and published by Activision in 1983.,,1.0,9.0,2.0,2.0,3.0,,,,,,,,,,,,,0.0
52497,keystone-kapers,Keystone Kapers,Keystone Kapers,"<p>Keystone Kapers is a video game published by Activision for the Atari 2600 in April 1983, and later ported to the Atari 5200, Atari 8-bit family, ColecoVision, and MSX in 1984. Inspired by Mack Sennett's slapstick Keystone Cops series of silent films, the object of the game is for Officer Keystone Kelly (the player) to catch Harry Hooligan before he can escape from a department store. Keystone Kapers was written by Activision designer Garry Kitchen.</p>",,[],1983-01-01,False,2024-01-16T11:32:47,https://media.rawg.io/media/screenshots/53f/53fe53ab1ed06c485d517a3840260d40.jpg,https://media.rawg.io/media/screenshots/24f/24f690edf55d9efd7fd678a90fb64087.jpg,,0.0,0,"[{'id': 4, 'title': 'recommended', 'count': 3, 'percent': 100.0}]",17,0,10,0,1,0,0,,,,,0,0,0,0,3,138,[],,0,0,0,,3,0f0f0f,0f0f0f,"[{'platform': {'id': 9, 'name': 'Atari', 'slug': 'atari'}}]","[{'platform': {'id': 25, 'name': 'Atari 8-bit', 'slug': 'atari-8-bit', 'image': None, 'year_end': None, 'year_start': None, 'games_count': 308, 'image_background': 'https://media.rawg.io/media/screenshots/038/0385a47d3a43b218204268af5361a19e.jpg'}, 'released_at': '1983-01-01', 'requirements': {}}, {'platform': {'id': 23, 'name': 'Atari 2600', 'slug': 'atari-2600', 'image': None, 'year_end': None, 'year_start': None, 'games_count': 294, 'image_background': 'https://media.rawg.io/media/screenshots/ff6/ff623993a854663931c1e78d72a16a5a.jpg'}, 'released_at': '1983-01-01', 'requirements': {}}, {'platform': {'id': 31, 'name': 'Atari 5200', 'slug': 'atari-5200', 'image': None, 'year_end': None, 'year_start': None, 'games_count': 64, 'image_background': 'https://media.rawg.io/media/screenshots/678/6786598cba3939d48ed60cbd1a3723f4.jpg'}, 'released_at': '1983-01-01', 'requirements': {}}]",[],"[{'id': 11, 'name': 'Activision', 'slug': 'activision', 'games_count': 163, 'image_background': 'https://media.rawg.io/media/screenshots/d05/d0524e9b2e276dd9c8351881e897f7c9.jpg'}]",[],"[{'id': 31, 'name': 'Singleplayer', 'slug': 'singleplayer', 'language': 'eng', 'games_count': 238404, 'image_background': 'https://media.rawg.io/media/games/26d/26d4437715bee60138dab4a7c8c59c92.jpg'}]","[{'id': 10830, 'name': 'Activision Blizzard', 'slug': 'activision-blizzard', 'games_count': 691, 'image_background': 'https://media.rawg.io/media/games/445/44507fdd60a8ec02b1c3c64a293ca754.jpg'}]",,"Keystone Kapers is a video game published by Activision for the Atari 2600 in April 1983, and later ported to the Atari 5200, Atari 8-bit family, ColecoVision, and MSX in 1984. Inspired by Mack Sennett's slapstick Keystone Cops series of silent films, the object of the game is for Officer Keystone Kelly (the player) to catch Harry Hooligan before he can escape from a department store. Keystone Kapers was written by Activision designer Garry Kitchen.",,,9.0,2.0,2.0,4.0,,,,,,,,,,,,,0.0
52601,star-wars-jedi-arena,Star Wars: Jedi Arena,Star Wars: Jedi Arena,"<p>Star Wars: Jedi Arena is a 2D overhead shooter video game developed and published by Parker Brothers in 1983 for the Atari 2600. It is the first Star Wars video game to feature lightsaber action. The goal of the game, based on one scene in the original Star Wars film, is to take out the opponent with the Seeker ball while defending oneself from incoming laser blasts using one's lightsaber.</p>
<p>Following the impressive-enough sales of their first Star Wars game of Star Wars: The Empire Strikes Back, Parker Brothers went on to continue developing Star Wars titles, one of which is Star Wars: Jedi Arena, programmed by Rex Bradford. Although the game's reception was mixed at the time of release, with sound effects being praised and primarily the abstract combat being criticized, its legacy is largely negative, with several modern critics referring to the game as one of the worst Star Wars games of all time.</p>",,[],1983-01-01,False,2023-05-29T12:24:40,https://media.rawg.io/media/screenshots/0f3/0f3bbd7d9420a91ea5cbd7be3343f14f.jpg,https://media.rawg.io/media/screenshots/611/6112da415573334e6771b0072cecdcad.jpg,,0.0,0,"[{'id': 3, 'title': 'meh', 'count': 2, 'percent': 100.0}]",16,0,3,0,1,0,0,,,,,0,0,0,0,2,38,[],,0,0,55,,2,0f0f0f,0f0f0f,"[{'platform': {'id': 9, 'name': 'Atari', 'slug': 'atari'}}]","[{'platform': {'id': 23, 'name': 'Atari 2600', 'slug': 'atari-2600', 'image': None, 'year_end': None, 'year_start': None, 'games_count': 294, 'image_background': 'https://media.rawg.io/media/screenshots/ff6/ff623993a854663931c1e78d72a16a5a.jpg'}, 'released_at': '1983-01-01', 'requirements': {}}]",[],"[{'id': 25978, 'name': 'Parker Brothers', 'slug': 'parker-brothers', 'games_count': 7, 'image_background': 'https://media.rawg.io/media/screenshots/b4d/b4d6b718197121e14efa7dc796f532ac.jpg'}]","[{'id': 2, 'name': 'Shooter', 'slug': 'shooter', 'games_count': 59560, 'image_background': 'https://media.rawg.io/media/games/d58/d588947d4286e7b5e0e12e1bea7d9844.jpg'}]","[{'id': 31, 'name': 'Singleplayer', 'slug': 'singleplayer', 'language': 'eng', 'games_count': 238404, 'image_background': 'https://media.rawg.io/media/games/26d/26d4437715bee60138dab4a7c8c59c92.jpg'}, {'id': 7, 'name': 'Multiplayer', 'slug': 'multiplayer', 'language': 'eng', 'games_count': 40505, 'image_background': 'https://media.rawg.io/media/games/021/021c4e21a1824d2526f925eff6324653.jpg'}]","[{'id': 19460, 'name': 'Parker Brothers', 'slug': 'parker-brothers', 'games_count': 19, 'image_background': 'https://media.rawg.io/media/screenshots/c06/c06937e1c4e9a46874dcf2223de70593.jpg'}]",,"Star Wars: Jedi Arena is a 2D overhead shooter video game developed and published by Parker Brothers in 1983 for the Atari 2600. It is the first Star Wars video game to feature lightsaber action. The goal of the game, based on one scene in the original Star Wars film, is to take out the opponent with the Seeker ball while defending oneself from incoming laser blasts using one's lightsaber.
Following the impressive-enough sales of their first Star Wars game of Star Wars: The Empire Strikes Back, Parker Brothers went on to continue developing Star Wars titles, one of which is Star Wars: Jedi Arena, programmed by Rex Bradford. Although the game's reception was mixed at the time of release, with sound effects being praised and primarily the abstract combat being criticized, its legacy is largely negative, with several modern critics referring to the game as one of the worst Star Wars games of all time.",,,7.0,4.0,4.0,1.0,,,,,,,,,,,,,0.0
52528,frostbite,Frostbite,Frostbite,"<p>Frostbite is a 1983 action game designed by Steve Cartwright for the Atari 2600, and published by Activision in 1983. The game combines elements of Frogger and Q*bert in an arctic setting.</p>
<p>The object of Frostbite is to help Frostbite Bailey build igloos by jumping on floating blocks of ice, while trying to avoid deadly hazards like clams, snow geese, Alaskan king crabs, polar bears, and the rapidly dropping temperature.</p>",,[],1983-08-14,False,2023-05-30T17:58:25,https://media.rawg.io/media/screenshots/efe/efe6bc5d09d316a6bb997b23b0568339.jpg,https://media.rawg.io/media/screenshots/13b/13b6b45bcd60a2810525489a2b02b4e6.jpg,,0.0,0,"[{'id': 4, 'title': 'recommended', 'count': 3, 'percent': 100.0}]",16,0,8,0,1,0,0,,,,,0,0,0,0,3,51,[],,0,0,0,,3,0f0f0f,0f0f0f,"[{'platform': {'id': 9, 'name': 'Atari', 'slug': 'atari'}}]","[{'platform': {'id': 23, 'name': 'Atari 2600', 'slug': 'atari-2600', 'image': None, 'year_end': None, 'year_start': None, 'games_count': 294, 'image_background': 'https://media.rawg.io/media/screenshots/ff6/ff623993a854663931c1e78d72a16a5a.jpg'}, 'released_at': '1983-08-14', 'requirements': {}}]",[],"[{'id': 11, 'name': 'Activision', 'slug': 'activision', 'games_count': 163, 'image_background': 'https://media.rawg.io/media/screenshots/d05/d0524e9b2e276dd9c8351881e897f7c9.jpg'}]","[{'id': 4, 'name': 'Action', 'slug': 'action', 'games_count': 186608, 'image_background': 'https://media.rawg.io/media/games/618/618c2031a07bbff6b4f611f10b6bcdbc.jpg'}]","[{'id': 7, 'name': 'Multiplayer', 'slug': 'multiplayer', 'language': 'eng', 'games_count': 40505, 'image_background': 'https://media.rawg.io/media/games/021/021c4e21a1824d2526f925eff6324653.jpg'}, {'id': 418, 'name': '2 players', 'slug': '2-players', 'language': 'eng', 'games_count': 1244, 'image_background': 'https://media.rawg.io/media/screenshots/f9a/f9ac59bb4af2ca2193ee9ffb979577cf.jpg'}]","[{'id': 10830, 'name': 'Activision Blizzard', 'slug': 'activision-blizzard', 'games_count': 691, 'image_background': 'https://media.rawg.io/media/games/445/44507fdd60a8ec02b1c3c64a293ca754.jpg'}]",,"Frostbite is a 1983 action game designed by Steve Cartwright for the Atari 2600, and published by Activision in 1983. The game combines elements of Frogger and Q*bert in an arctic setting.
The object of Frostbite is to help Frostbite Bailey build igloos by jumping on floating blocks of ice, while trying to avoid deadly hazards like clams, snow geese, Alaskan king crabs, polar bears, and the rapidly dropping temperature.",,,8.0,4.0,2.0,2.0,,,,,,,,,,,,,0.0
56584,jumpman,Jumpman,Jumpman,"<p>Jumpman is a platform game written by Randy Glover and published by Epyx in 1983. First developed for the Atari 8-bit family, versions were also released for the Commodore 64, Apple II, and IBM PC. Originally on diskette, a version with 12 levels instead of 30 was retitled Jumpman Jr. and released on cartridge. It was available on the Atari, C64, and ColecoVision.<br />
The game received very favorable reviews when it was released and was a major hit for its publisher, Automated Simulations. It was so successful that the company renamed itself Epyx, formerly their brand for action titles like Jumpman. Recreations on other platforms, and new levels for the original versions continue to appear.</p>",,[],1983-09-19,False,2019-08-28T22:00:24,https://media.rawg.io/media/screenshots/189/1890b76089fc24b04ca7ce2fc3299274.jpg,https://media.rawg.io/media/screenshots/26f/26f14c44349bd5a90099fa21252f5841.jpg,,0.0,0,"[{'id': 4, 'title': 'recommended', 'count': 1, 'percent': 100.0}]",16,0,8,0,1,0,0,,,,,0,0,0,0,1,139,[],,0,0,0,,1,0f0f0f,0f0f0f,"[{'platform': {'id': 5, 'name': 'Apple Macintosh', 'slug': 'mac'}}, {'platform': {'id': 7, 'name': 'Nintendo', 'slug': 'nintendo'}}, {'platform': {'id': 9, 'name': 'Atari', 'slug': 'atari'}}, {'platform': {'id': 10, 'name': 'Commodore / Amiga', 'slug': 'commodore-amiga'}}]","[{'platform': {'id': 11, 'name': 'Wii', 'slug': 'wii', 'image': None, 'year_end': None, 'year_start': None, 'games_count': 2209, 'image_background': 'https://media.rawg.io/media/games/9ca/9ca31615beee447f3ae1dc9b3b736dce.jpg'}, 'released_at': '1983-09-19', 'requirements': {}}, {'platform': {'id': 25, 'name': 'Atari 8-bit', 'slug': 'atari-8-bit', 'image': None, 'year_end': None, 'year_start': None, 'games_count': 308, 'image_background': 'https://media.rawg.io/media/screenshots/038/0385a47d3a43b218204268af5361a19e.jpg'}, 'released_at': '1983-09-19', 'requirements': {}}, {'platform': {'id': 41, 'name': 'Apple II', 'slug': 'apple-ii', 'image': None, 'year_end': None, 'year_start': None, 'games_count': 424, 'image_background': 'https://media.rawg.io/media/screenshots/3d2/3d2bb57b39e2efa39d1c385585b2ea8b.jpg'}, 'released_at': '1983-09-19', 'requirements': {}}, {'platform': {'id': 166, 'name': 'Commodore / Amiga', 'slug': 'commodore-amiga', 'image': None, 'year_end': None, 'year_start': None, 'games_count': 2083, 'image_background': 'https://media.rawg.io/media/games/cce/cce8bebe861f295003f5a9fe5b11233f.jpg'}, 'released_at': '1983-09-19', 'requirements': {}}]",[],"[{'id': 15055, 'name': 'Epyx', 'slug': 'epyx', 'games_count': 47, 'image_background': 'https://media.rawg.io/media/screenshots/e33/e333909a54369eb4ec75e2e80b8da927.jpg'}]","[{'id': 7, 'name': 'Puzzle', 'slug': 'puzzle', 'games_count': 97333, 'image_background': 'https://media.rawg.io/media/games/9f4/9f418898f5415668ca47b5f4ab1ecfeb.jpg'}]","[{'id': 31, 'name': 'Singleplayer', 'slug': 'singleplayer', 'language': 'eng', 'games_count': 238404, 'image_background': 'https://media.rawg.io/media/games/26d/26d4437715bee60138dab4a7c8c59c92.jpg'}, {'id': 7, 'name': 'Multiplayer', 'slug': 'multiplayer', 'language': 'eng', 'games_count': 40505, 'image_background': 'https://media.rawg.io/media/games/021/021c4e21a1824d2526f925eff6324653.jpg'}]","[{'id': 11929, 'name': 'Epyx', 'slug': 'epyx', 'games_count': 44, 'image_background': 'https://media.rawg.io/media/screenshots/189/1890b76089fc24b04ca7ce2fc3299274.jpg'}]",,"Jumpman is a platform game written by Randy Glover and published by Epyx in 1983. First developed for the Atari 8-bit family, versions were also released for the Commodore 64, Apple II, and IBM PC. Originally on diskette, a version with 12 levels instead of 30 was retitled Jumpman Jr. and released on cartridge. It was available on the Atari, C64, and ColecoVision.
The game received very favorable reviews when it was released and was a major hit for its publisher, Automated Simulations. It was so successful that the company renamed itself Epyx, formerly their brand for action titles like Jumpman. Recreations on other platforms, and new levels for the original versions continue to appear.",,1.0,8.0,2.0,2.0,3.0,,,,,,,,,,,,,0.0
33294,j-bird,J-Bird,J-Bird,"Cover version of old DOS game from my 80s. New gameplay, more engaging and exciting. 12+ amazing level with funny achievements. 1000+ players try to get magic 500 points score. Enjoy.",,[],1983-01-01,False,2023-02-08T10:51:50,https://media.rawg.io/media/screenshots/647/647056c8bd259d323400d21967f9a4aa.jpg,https://media.rawg.io/media/screenshots/2ae/2aec7323e93c4c25e2e1838bf8b113fc.jpg,,0.0,0,"[{'id': 5, 'title': 'exceptional', 'count': 2, 'percent': 66.67}, {'id': 4, 'title': 'recommended', 'count': 1, 'percent': 33.33}]",16,0,3,0,0,0,0,,,,,0,0,0,0,3,29,[],,0,0,0,,3,0f0f0f,0f0f0f,"[{'platform': {'id': 1, 'name': 'PC', 'slug': 'pc'}}, {'platform': {'id': 4, 'name': 'iOS', 'slug': 'ios'}}]","[{'platform': {'id': 4, 'name': 'PC', 'slug': 'pc', 'image': None, 'year_end': None, 'year_start': None, 'games_count': 547196, 'image_background': 'https://media.rawg.io/media/games/6fc/6fcf4cd3b17c288821388e6085bb0fc9.jpg'}, 'released_at': '1983-01-01', 'requirements': {}}, {'platform': {'id': 3, 'name': 'iOS', 'slug': 'ios', 'image': None, 'year_end': None, 'year_start': None, 'games_count': 77392, 'image_background': 'https://media.rawg.io/media/games/5fa/5fae5fec3c943179e09da67a4427d68f.jpg'}, 'released_at': '2017-02-10', 'requirements': {'minimum': 'iPad 2 Wifi, iPad 2 3G, iPhone 4S, iPad Third Gen, iPad Third Gen 4G, iPhone 5, iPod Touch Fifth Gen, iPad Fourth Gen, iPad Fourth Gen 4G, iPad Mini, iPad Mini 4G, iPhone 5c, iPhone 5s, iPad Air, iPad Air Cellular, iPad Mini Retina, iPad Mini Retina Cellular, iPhone 6, iPhone 6 Plus, iPad Air 2, iPad Air 2 Cellular, iPad Mini 3, iPad Mini 3 Cellular, iPod Touch Sixth Gen, iPhone 6s, iPhone 6s Plus, iPad Mini 4, iPad Mini 4 Cellular, iPad Pro, iPad Pro Cellular, iPad Pro 9.7, iPad Pro 9.7 Cellular, iPhone SE, iPhone 7, iPhone 7 Plus, iPad 6 1 1, iPad 6 1 2, iPad 7 1, iPad 7 2, iPad 7 3, iPad 7 4, iPhone 8, iPhone 8 Plus, iPhone X, iPad 7 5, iPad 7 6, iPhone X S, iPhone X S Max, iPhone X R, iPad 8 1 2, iPad 8 3 4, iPad 8 5 6, iPad 8 7 8'}}]","[{'id': 236595, 'url': '', 'store': {'id': 4, 'name': 'App Store', 'slug': 'apple-appstore', 'domain': 'apps.apple.com', 'games_count': 75582, 'image_background': 'https://media.rawg.io/media/games/0bd/0bd5646a3d8ee0ac3314bced91ea306d.jpg'}}]","[{'id': 100240, 'name': 'vadim bashurov', 'slug': 'vadim-bashurov', 'games_count': 38, 'image_background': 'https://media.rawg.io/media/screenshots/590/590baa400b20f0112feff6067691585b.jpg'}, {'id': 14865, 'name': 'Orion Software', 'slug': 'orion-software', 'games_count': 2, 'image_background': 'https://media.rawg.io/media/screenshots/647/647056c8bd259d323400d21967f9a4aa.jpg'}]","[{'id': 11, 'name': 'Arcade', 'slug': 'arcade', 'games_count': 22658, 'image_background': 'https://media.rawg.io/media/games/556/556157feed9ee1f55f2b12b2973e30a3.jpg'}]","[{'id': 334, 'name': 'achievements', 'slug': 'achievements', 'language': 'eng', 'games_count': 4925, 'image_background': 'https://media.rawg.io/media/games/6bc/6bc79f5bc023b1e6938f6eaf9926f073.jpg'}]","[{'id': 27314, 'name': 'vadim bashurov', 'slug': 'vadim-bashurov', 'games_count': 38, 'image_background': 'https://media.rawg.io/media/screenshots/307/3072a4583a10ffa56594aba8d1fcf6c3.jpg'}, {'id': 11722, 'name': 'Orion Software', 'slug': 'orion-software', 'games_count': 2, 'image_background': 'https://media.rawg.io/media/screenshots/21c/21c80aa0c726f0f3308c25912cef2912.jpg'}]",,"Cover version of old DOS game from my 80s. New gameplay, more engaging and exciting. 12+ amazing level with funny achievements. 1000+ players try to get magic 500 points score. Enjoy.",,2.0,7.0,3.0,3.0,1.0,,,,,,,,,,,,,0.0
54587,pole-position-ii,Pole Position II,Pole Position II,"<p>Pole Position II (Japanese: ポールポジションII, Hepburn: Pōru Pojishon Tsū) is the sequel to racing arcade game Pole Position, released by Namco in 1983. As with its predecessor, Namco licensed this game to Atari, Inc. for US manufacture and distribution, who also released a port of it as the pack-in game for their Atari 7800 ProSystem console. Pole Position arcade machines can be converted to Pole Position II by swapping several chips.</p>
<p>The gameplay is the same as in original Pole Position with three additional tracks to choose from: Test (resembling Indianapolis Motor Speedway), Seaside (resembling the 1982 United States Grand Prix West circuit in Long Beach), and Suzuka.</p>",,[],1983-01-01,False,2023-02-08T10:51:49,https://media.rawg.io/media/screenshots/99d/99de9bada41e2c2b4157921d64272459.jpg,https://media.rawg.io/media/screenshots/af2/af2f453ae394a7737bb4b442d7ebcbdd.jpg,,0.0,0,[],16,0,8,0,0,0,0,,,,,0,0,0,0,0,225,[],,0,0,0,,0,0f0f0f,0f0f0f,"[{'platform': {'id': 1, 'name': 'PC', 'slug': 'pc'}}, {'platform': {'id': 9, 'name': 'Atari', 'slug': 'atari'}}, {'platform': {'id': 10, 'name': 'Commodore / Amiga', 'slug': 'commodore-amiga'}}]","[{'platform': {'id': 4, 'name': 'PC', 'slug': 'pc', 'image': None, 'year_end': None, 'year_start': None, 'games_count': 547196, 'image_background': 'https://media.rawg.io/media/games/6fc/6fcf4cd3b17c288821388e6085bb0fc9.jpg'}, 'released_at': '1983-01-01', 'requirements': {}}, {'platform': {'id': 166, 'name': 'Commodore / Amiga', 'slug': 'commodore-amiga', 'image': None, 'year_end': None, 'year_start': None, 'games_count': 2083, 'image_background': 'https://media.rawg.io/media/games/cce/cce8bebe861f295003f5a9fe5b11233f.jpg'}, 'released_at': '1983-01-01', 'requirements': {}}, {'platform': {'id': 28, 'name': 'Atari 7800', 'slug': 'atari-7800', 'image': None, 'year_end': None, 'year_start': None, 'games_count': 64, 'image_background': 'https://media.rawg.io/media/screenshots/565/56504b28b184dbc630a7de118e39d822.jpg'}, 'released_at': '1983-01-01', 'requirements': {}}]",[],"[{'id': 10055, 'name': 'NAMCO', 'slug': 'namco', 'games_count': 127, 'image_background': 'https://media.rawg.io/media/games/2ff/2ff5b06428e4b016f3b79cf299bd6596.jpg'}]","[{'id': 1, 'name': 'Racing', 'slug': 'racing', 'games_count': 25359, 'image_background': 'https://media.rawg.io/media/screenshots/69b/69bb243ea9896ddfc2e051b58e81624d.jpg'}]","[{'id': 31, 'name': 'Singleplayer', 'slug': 'singleplayer', 'language': 'eng', 'games_count': 238404, 'image_background': 'https://media.rawg.io/media/games/26d/26d4437715bee60138dab4a7c8c59c92.jpg'}]","[{'id': 10901, 'name': 'Namco', 'slug': 'namco', 'games_count': 215, 'image_background': 'https://media.rawg.io/media/games/fc5/fc503876ca1ca34e160e88671af86e88.jpg'}]",,"Pole Position II (Japanese: ポールポジションII, Hepburn: Pōru Pojishon Tsū) is the sequel to racing arcade game Pole Position, released by Namco in 1983. As with its predecessor, Namco licensed this game to Atari, Inc. for US manufacture and distribution, who also released a port of it as the pack-in game for their Atari 7800 ProSystem console. Pole Position arcade machines can be converted to Pole Position II by swapping several chips.
The gameplay is the same as in original Pole Position with three additional tracks to choose from: Test (resembling Indianapolis Motor Speedway), Seaside (resembling the 1982 United States Grand Prix West circuit in Long Beach), and Suzuka.",,1.0,7.0,2.0,5.0,1.0,,,,,,,,,,,,,0.0
52537,james-bond-007,James Bond 007,James Bond 007,"<p>James Bond 007 is a 1983 side-scrolling video game developed and published by Parker Brothers for the Atari 2600, Atari 5200, Atari 8-bit computers, Commodore 64, ColecoVision and distributed in Japan by Tsukuda Original for the Sega SG-1000.</p>",,[],1983-01-01,False,2024-11-29T13:02:04,https://media.rawg.io/media/games/c1e/c1eb9006ed1a25d639162bfd90662a74.jpg,https://media.rawg.io/media/screenshots/6f7/6f79bcf951f947a5d2d682c57f72a638.jpg,,0.0,0,"[{'id': 3, 'title': 'meh', 'count': 2, 'percent': 50.0}, {'id': 1, 'title': 'skip', 'count': 2, 'percent': 50.0}]",16,0,12,0,1,0,0,,,,,0,0,0,0,4,202,[],,0,0,21,,4,0f0f0f,0f0f0f,"[{'platform': {'id': 9, 'name': 'Atari', 'slug': 'atari'}}, {'platform': {'id': 10, 'name': 'Commodore / Amiga', 'slug': 'commodore-amiga'}}]","[{'platform': {'id': 166, 'name': 'Commodore / Amiga', 'slug': 'commodore-amiga', 'image': None, 'year_end': None, 'year_start': None, 'games_count': 2083, 'image_background': 'https://media.rawg.io/media/games/cce/cce8bebe861f295003f5a9fe5b11233f.jpg'}, 'released_at': '1983-01-01', 'requirements': {}}, {'platform': {'id': 31, 'name': 'Atari 5200', 'slug': 'atari-5200', 'image': None, 'year_end': None, 'year_start': None, 'games_count': 64, 'image_background': 'https://media.rawg.io/media/screenshots/678/6786598cba3939d48ed60cbd1a3723f4.jpg'}, 'released_at': '1983-01-01', 'requirements': {}}, {'platform': {'id': 25, 'name': 'Atari 8-bit', 'slug': 'atari-8-bit', 'image': None, 'year_end': None, 'year_start': None, 'games_count': 308, 'image_background': 'https://media.rawg.io/media/screenshots/038/0385a47d3a43b218204268af5361a19e.jpg'}, 'released_at': '1983-01-01', 'requirements': {}}, {'platform': {'id': 23, 'name': 'Atari 2600', 'slug': 'atari-2600', 'image': None, 'year_end': None, 'year_start': None, 'games_count': 294, 'image_background': 'https://media.rawg.io/media/screenshots/ff6/ff623993a854663931c1e78d72a16a5a.jpg'}, 'released_at': '1983-01-01', 'requirements': {}}]",[],"[{'id': 26039, 'name': 'Saffire', 'slug': 'saffire', 'games_count': 28, 'image_background': 'https://media.rawg.io/media/screenshots/3db/3dbec4b488796ef8e70a73389155a58f.jpg'}, {'id': 25978, 'name': 'Parker Brothers', 'slug': 'parker-brothers', 'games_count': 7, 'image_background': 'https://media.rawg.io/media/screenshots/b4d/b4d6b718197121e14efa7dc796f532ac.jpg'}]","[{'id': 4, 'name': 'Action', 'slug': 'action', 'games_count': 186608, 'image_background': 'https://media.rawg.io/media/games/618/618c2031a07bbff6b4f611f10b6bcdbc.jpg'}, {'id': 3, 'name': 'Adventure', 'slug': 'adventure', 'games_count': 146481, 'image_background': 'https://media.rawg.io/media/games/b6b/b6b20bfc4b34e312dbc8aac53c95a348.jpg'}]","[{'id': 31, 'name': 'Singleplayer', 'slug': 'singleplayer', 'language': 'eng', 'games_count': 238404, 'image_background': 'https://media.rawg.io/media/games/26d/26d4437715bee60138dab4a7c8c59c92.jpg'}]","[{'id': 10681, 'name': 'Nintendo', 'slug': 'nintendo', 'games_count': 1235, 'image_background': 'https://media.rawg.io/media/games/dd1/dd167cf8753db3748a975d61cc926e54.jpg'}, {'id': 19460, 'name': 'Parker Brothers', 'slug': 'parker-brothers', 'games_count': 19, 'image_background': 'https://media.rawg.io/media/screenshots/c06/c06937e1c4e9a46874dcf2223de70593.jpg'}]",,"James Bond 007 is a 1983 side-scrolling video game developed and published by Parker Brothers for the Atari 2600, Atari 5200, Atari 8-bit computers, Commodore 64, ColecoVision and distributed in Japan by Tsukuda Original for the Sega SG-1000.",,1.0,5.0,3.0,4.0,3.0,,1.0,Everyone,everyone,,,,,,,,,0.0
56551,hover-bovver-1983,Hover Bovver (1983),Hover Bovver (1983),"<p>Hover Bovver is a 1983 maze game written by Jeff Minter released for the Commodore 64 and Atari 8-bit family. Like many of Minter's other games, it is notable for its offbeat sense of humour. The background music is based on the folk tune Country Gardens by Percy Grainger. It was arranged by James Lisney.</p>",,[],1983-01-01,False,2024-03-31T16:10:33,https://media.rawg.io/media/screenshots/ee5/ee5c9991af76365b06021fc08d3270c9.jpg,https://media.rawg.io/media/screenshots/c59/c5946096ece849f01e2931b25a9b7713.jpg,,0.0,0,"[{'id': 5, 'title': 'exceptional', 'count': 1, 'percent': 100.0}]",15,0,8,0,2,0,0,,,,,0,0,0,0,1,138,[],,0,0,0,,1,0f0f0f,0f0f0f,"[{'platform': {'id': 1, 'name': 'PC', 'slug': 'pc'}}, {'platform': {'id': 9, 'name': 'Atari', 'slug': 'atari'}}, {'platform': {'id': 10, 'name': 'Commodore / Amiga', 'slug': 'commodore-amiga'}}]","[{'platform': {'id': 166, 'name': 'Commodore / Amiga', 'slug': 'commodore-amiga', 'image': None, 'year_end': None, 'year_start': None, 'games_count': 2083, 'image_background': 'https://media.rawg.io/media/games/cce/cce8bebe861f295003f5a9fe5b11233f.jpg'}, 'released_at': '1983-01-01', 'requirements': {}}, {'platform': {'id': 4, 'name': 'PC', 'slug': 'pc', 'image': None, 'year_end': None, 'year_start': None, 'games_count': 547196, 'image_background': 'https://media.rawg.io/media/games/6fc/6fcf4cd3b17c288821388e6085bb0fc9.jpg'}, 'released_at': '1983-01-01', 'requirements': {}}, {'platform': {'id': 25, 'name': 'Atari 8-bit', 'slug': 'atari-8-bit', 'image': None, 'year_end': None, 'year_start': None, 'games_count': 308, 'image_background': 'https://media.rawg.io/media/screenshots/038/0385a47d3a43b218204268af5361a19e.jpg'}, 'released_at': '1983-01-01', 'requirements': {}}]",[],"[{'id': 26993, 'name': 'Jeff Minter', 'slug': 'jeff-minter', 'games_count': 6, 'image_background': 'https://media.rawg.io/media/screenshots/f37/f3740d0e6bd103a200f1979cae6a1519.jpg'}]","[{'id': 7, 'name': 'Puzzle', 'slug': 'puzzle', 'games_count': 97333, 'image_background': 'https://media.rawg.io/media/games/9f4/9f418898f5415668ca47b5f4ab1ecfeb.jpg'}]","[{'id': 31, 'name': 'Singleplayer', 'slug': 'singleplayer', 'language': 'eng', 'games_count': 238404, 'image_background': 'https://media.rawg.io/media/games/26d/26d4437715bee60138dab4a7c8c59c92.jpg'}]","[{'id': 20246, 'name': 'Llamasoft', 'slug': 'llamasoft', 'games_count': 12, 'image_background': 'https://media.rawg.io/media/screenshots/b80/b802500e88adbb10b6b2c604e9631da9.jpg'}, {'id': 20245, 'name': 'Jeff Minter', 'slug': 'jeff-minter', 'games_count': 4, 'image_background': 'https://media.rawg.io/media/screenshots/ee5/ee5c9991af76365b06021fc08d3270c9.jpg'}]",,"Hover Bovver is a 1983 maze game written by Jeff Minter released for the Commodore 64 and Atari 8-bit family. Like many of Minter's other games, it is notable for its offbeat sense of humour. The background music is based on the folk tune Country Gardens by Percy Grainger. It was arranged by James Lisney.",,1.0,7.0,2.0,4.0,1.0,,,,,,,,,,,,,0.0
52413,crossbow,Crossbow,Crossbow,"<p>Crossbow is a video arcade game released by Exidy in 1983. It was later published by Absolute Entertainment for the Commodore 64, DOS and by Atari for the 2600, 7800 and XE Game System starting in 1987.</p>",,[],1983-01-01,False,2024-12-17T03:58:06,https://media.rawg.io/media/screenshots/280/28080fcd19042a6f0b61be46ad61d7cf.jpg,https://media.rawg.io/media/screenshots/c96/c963983e2b1ab58ad41cfcde8a0dff0c.jpg,,0.0,0,"[{'id': 5, 'title': 'exceptional', 'count': 1, 'percent': 100.0}]",15,0,14,0,0,0,0,,,,,0,0,0,0,1,300,[],,0,0,0,,1,0f0f0f,0f0f0f,"[{'platform': {'id': 1, 'name': 'PC', 'slug': 'pc'}}, {'platform': {'id': 5, 'name': 'Apple Macintosh', 'slug': 'mac'}}, {'platform': {'id': 9, 'name': 'Atari', 'slug': 'atari'}}, {'platform': {'id': 10, 'name': 'Commodore / Amiga', 'slug': 'commodore-amiga'}}]","[{'platform': {'id': 41, 'name': 'Apple II', 'slug': 'apple-ii', 'image': None, 'year_end': None, 'year_start': None, 'games_count': 424, 'image_background': 'https://media.rawg.io/media/screenshots/3d2/3d2bb57b39e2efa39d1c385585b2ea8b.jpg'}, 'released_at': '1983-01-01', 'requirements': {}}, {'platform': {'id': 25, 'name': 'Atari 8-bit', 'slug': 'atari-8-bit', 'image': None, 'year_end': None, 'year_start': None, 'games_count': 308, 'image_background': 'https://media.rawg.io/media/screenshots/038/0385a47d3a43b218204268af5361a19e.jpg'}, 'released_at': '1983-01-01', 'requirements': {}}, {'platform': {'id': 28, 'name': 'Atari 7800', 'slug': 'atari-7800', 'image': None, 'year_end': None, 'year_start': None, 'games_count': 64, 'image_background': 'https://media.rawg.io/media/screenshots/565/56504b28b184dbc630a7de118e39d822.jpg'}, 'released_at': '1983-01-01', 'requirements': {}}, {'platform': {'id': 50, 'name': 'Atari XEGS', 'slug': 'atari-xegs', 'image': None, 'year_end': None, 'year_start': None, 'games_count': 22, 'image_background': 'https://media.rawg.io/media/screenshots/769/7691726d70c23c029903df08858df001.jpg'}, 'released_at': '1983-01-01', 'requirements': {}}, {'platform': {'id': 166, 'name': 'Commodore / Amiga', 'slug': 'commodore-amiga', 'image': None, 'year_end': None, 'year_start': None, 'games_count': 2083, 'image_background': 'https://media.rawg.io/media/games/cce/cce8bebe861f295003f5a9fe5b11233f.jpg'}, 'released_at': '1983-01-01', 'requirements': {}}, {'platform': {'id': 23, 'name': 'Atari 2600', 'slug': 'atari-2600', 'image': None, 'year_end': None, 'year_start': None, 'games_count': 294, 'image_background': 'https://media.rawg.io/media/screenshots/ff6/ff623993a854663931c1e78d72a16a5a.jpg'}, 'released_at': '1983-01-01', 'requirements': {}}, {'platform': {'id': 4, 'name': 'PC', 'slug': 'pc', 'image': None, 'year_end': None, 'year_start': None, 'games_count': 547196, 'image_background': 'https://media.rawg.io/media/games/6fc/6fcf4cd3b17c288821388e6085bb0fc9.jpg'}, 'released_at': '1983-01-01', 'requirements': {}}]",[],"[{'id': 25941, 'name': 'Exidy', 'slug': 'exidy', 'games_count': 13, 'image_background': 'https://media.rawg.io/media/screenshots/c8d/c8def26e1c7a0ccb7e36f1123e1a6595.jpg'}]",[],"[{'id': 418, 'name': '2 players', 'slug': '2-players', 'language': 'eng', 'games_count': 1244, 'image_background': 'https://media.rawg.io/media/screenshots/f9a/f9ac59bb4af2ca2193ee9ffb979577cf.jpg'}, {'id': 348, 'name': 'alternating turns', 'slug': 'alternating-turns', 'language': 'eng', 'games_count': 64, 'image_background': 'https://media.rawg.io/media/games/6f8/6f8fb1e98393f72b47f1f909d5b649d4.jpg'}]","[{'id': 1779, 'name': 'Atari', 'slug': 'atari', 'games_count': 507, 'image_background': 'https://media.rawg.io/media/games/d82/d82dbcf92ded452bf8c6fb1bbdd62e52.jpg'}, {'id': 19412, 'name': 'Absolute Entertainment', 'slug': 'absolute-entertainment', 'games_count': 23, 'image_background': 'https://media.rawg.io/media/screenshots/762/7627fede457294d65198485e14e8bcae.jpg'}, {'id': 19409, 'name': 'Exidy', 'slug': 'exidy', 'games_count': 6, 'image_background': 'https://media.rawg.io/media/screenshots/ca6/ca6e92fa5421fadd3b1dddd860c933f8.jpg'}, {'id': 19411, 'name': 'Mean Hamster Software', 'slug': 'mean-hamster-software', 'games_count': 1, 'image_background': 'https://media.rawg.io/media/screenshots/280/28080fcd19042a6f0b61be46ad61d7cf.jpg'}]",,"Crossbow is a video arcade game released by Exidy in 1983. It was later published by Absolute Entertainment for the Commodore 64, DOS and by Atari for the 2600, 7800 and XE Game System starting in 1987.",,1.0,8.0,2.0,3.0,1.0,,,,,,,,,,,,,0.0
52504,crackpots,Crackpots,Crackpots,"<p>Crackpots is an Atari 2600 game designed by Dan Kitchen and published by Activision in 1983. It was Kitchen's first game for Activision; he later did a number of ports to the 2600, including the arcade games Kung Fu Master and Double Dragon.</p>
<p>In Crackpots, the player controls Potsy, a gardener. Potsy's Brooklyn building is being overrun by spiders trying to climb inside six different windows. The player moves Potsy back and forth along the roof to drop pots on the spiders before they can get close enough to enter the windows.</p>",,[],1983-05-16,False,2019-08-28T22:02:35,https://media.rawg.io/media/screenshots/4f0/4f0f1cc40082e40d197769a7ed9f2241.jpg,https://media.rawg.io/media/screenshots/044/044300a4ab0d45fb2c61ddcb40217893.jpg,,0.0,0,"[{'id': 4, 'title': 'recommended', 'count': 1, 'percent': 50.0}, {'id': 3, 'title': 'meh', 'count': 1, 'percent': 50.0}]",14,0,4,0,1,0,0,,,,,0,0,0,0,2,34,[],,0,0,0,,2,0f0f0f,0f0f0f,"[{'platform': {'id': 9, 'name': 'Atari', 'slug': 'atari'}}]","[{'platform': {'id': 23, 'name': 'Atari 2600', 'slug': 'atari-2600', 'image': None, 'year_end': None, 'year_start': None, 'games_count': 294, 'image_background': 'https://media.rawg.io/media/screenshots/ff6/ff623993a854663931c1e78d72a16a5a.jpg'}, 'released_at': '1983-05-16', 'requirements': {}}]",[],"[{'id': 11, 'name': 'Activision', 'slug': 'activision', 'games_count': 163, 'image_background': 'https://media.rawg.io/media/screenshots/d05/d0524e9b2e276dd9c8351881e897f7c9.jpg'}]",[],"[{'id': 31, 'name': 'Singleplayer', 'slug': 'singleplayer', 'language': 'eng', 'games_count': 238404, 'image_background': 'https://media.rawg.io/media/games/26d/26d4437715bee60138dab4a7c8c59c92.jpg'}, {'id': 7, 'name': 'Multiplayer', 'slug': 'multiplayer', 'language': 'eng', 'games_count': 40505, 'image_background': 'https://media.rawg.io/media/games/021/021c4e21a1824d2526f925eff6324653.jpg'}, {'id': 418, 'name': '2 players', 'slug': '2-players', 'language': 'eng', 'games_count': 1244, 'image_background': 'https://media.rawg.io/media/screenshots/f9a/f9ac59bb4af2ca2193ee9ffb979577cf.jpg'}]","[{'id': 10830, 'name': 'Activision Blizzard', 'slug': 'activision-blizzard', 'games_count': 691, 'image_background': 'https://media.rawg.io/media/games/445/44507fdd60a8ec02b1c3c64a293ca754.jpg'}]",,"Crackpots is an Atari 2600 game designed by Dan Kitchen and published by Activision in 1983. It was Kitchen's first game for Activision; he later did a number of ports to the 2600, including the arcade games Kung Fu Master and Double Dragon.
In Crackpots, the player controls Potsy, a gardener. Potsy's Brooklyn building is being overrun by spiders trying to climb inside six different windows. The player moves Potsy back and forth along the roof to drop pots on the spiders before they can get close enough to enter the windows.",,,7.0,2.0,2.0,3.0,,,,,,,,,,,,,0.0
56554,hunchback,Hunchback,Hunchback,"<p>Hunchback is an arcade game developed by Century Electronics in 1983. The game is based on the Victor Hugo novel The Hunchback of Notre Dame and the player controls Quasimodo.</p>
<p>The game is set on a castle wall. The player must cross the screen from left to right avoiding obstacles in order to ring the bell at the far right. Obstacles include pits which must be swung over on a long rope, ramparts which must be jumped (some of which contain knights with spears) and flying fireballs and arrows (to be ducked or jumped). To impose a time limit on each screen a knight climbs the wall, costing the player a life should he reach the top. Eventually, after completing a number of screens, the player must rescue Esmeralda. If this final screen is completed, the game begins again at a faster speed.</p>
<p>The hunchback character was originally to be Robin Hood, hence the green costume and the game stages with arrows. The artist who drew the Robin Hood character left the company before the decision to change the theme to Hunchback. By the time a new artist was taken on, the green costume had become accepted and no-one questioned it (someone commented that the Robin Hood character, as drawn, looked like a hunchback).</p>
<p>Ports were made for most home computer systems of the time by Ocean Software in 1984. It was their first arcade port. The exceptions to this are the BBC Micro version (which had already been released by Superior Software) and a later port for the MSX (1985). The Spectrum version of the game reached number one in the UK sales charts.</p>",,[],1983-01-01,False,2024-12-17T03:58:23,https://media.rawg.io/media/screenshots/4ed/4ed8810dc5fd17ad42e5cd905e266dd7.jpg,https://media.rawg.io/media/screenshots/8e8/8e85d5fc80722d8bced51acbbca94b72.jpg,,0.0,0,"[{'id': 5, 'title': 'exceptional', 'count': 1, 'percent': 100.0}]",14,0,21,0,0,0,0,,,,,0,0,0,0,1,309,[],,0,0,0,,1,0f0f0f,0f0f0f,"[{'platform': {'id': 1, 'name': 'PC', 'slug': 'pc'}}, {'platform': {'id': 10, 'name': 'Commodore / Amiga', 'slug': 'commodore-amiga'}}]","[{'platform': {'id': 166, 'name': 'Commodore / Amiga', 'slug': 'commodore-amiga', 'image': None, 'year_end': None, 'year_start': None, 'games_count': 2083, 'image_background': 'https://media.rawg.io/media/games/cce/cce8bebe861f295003f5a9fe5b11233f.jpg'}, 'released_at': '1983-01-01', 'requirements': {}}, {'platform': {'id': 4, 'name': 'PC', 'slug': 'pc', 'image': None, 'year_end': None, 'year_start': None, 'games_count': 547196, 'image_background': 'https://media.rawg.io/media/games/6fc/6fcf4cd3b17c288821388e6085bb0fc9.jpg'}, 'released_at': '1983-01-01', 'requirements': {}}]",[],"[{'id': 27480, 'name': 'Century Electronics', 'slug': 'century-electronics', 'games_count': 1, 'image_background': 'https://media.rawg.io/media/screenshots/4ed/4ed8810dc5fd17ad42e5cd905e266dd7.jpg'}]",[],"[{'id': 808, 'name': 'character', 'slug': 'character', 'language': 'eng', 'games_count': 8871, 'image_background': 'https://media.rawg.io/media/games/43f/43ff0ac9538f82b00fb3b47d186bd46b.jpg'}, {'id': 3758, 'name': 'speed', 'slug': 'speed', 'language': 'eng', 'games_count': 8092, 'image_background': 'https://media.rawg.io/media/screenshots/cc0/cc035b82249521dbd232b975b80a1b95.jpg'}, {'id': 2006, 'name': 'castle', 'slug': 'castle', 'language': 'eng', 'games_count': 1522, 'image_background': 'https://media.rawg.io/media/screenshots/90e/90ebd473491430d3bc3019a890309bf0_w9TSfLN.jpg'}, {'id': 1013, 'name': 'ocean', 'slug': 'ocean', 'language': 'eng', 'games_count': 854, 'image_background': 'https://media.rawg.io/media/screenshots/259/259f15294d3d15a5a28f6a2ea69aa8c9.jpg'}]","[{'id': 11474, 'name': 'Ocean Software', 'slug': 'ocean-software', 'games_count': 106, 'image_background': 'https://media.rawg.io/media/screenshots/11b/11b13a543a0ff469af2584b8831cc43b.jpg'}, {'id': 20555, 'name': 'Century Electronics', 'slug': 'century-electronics', 'games_count': 1, 'image_background': 'https://media.rawg.io/media/screenshots/4ed/4ed8810dc5fd17ad42e5cd905e266dd7.jpg'}]",,"Hunchback is an arcade game developed by Century Electronics in 1983. The game is based on the Victor Hugo novel The Hunchback of Notre Dame and the player controls Quasimodo.
The game is set on a castle wall. The player must cross the screen from left to right avoiding obstacles in order to ring the bell at the far right. Obstacles include pits which must be swung over on a long rope, ramparts which must be jumped (some of which contain knights with spears) and flying fireballs and arrows (to be ducked or jumped). To impose a time limit on each screen a knight climbs the wall, costing the player a life should he reach the top. Eventually, after completing a number of screens, the player must rescue Esmeralda. If this final screen is completed, the game begins again at a faster speed.
The hunchback character was originally to be Robin Hood, hence the green costume and the game stages with arrows. The artist who drew the Robin Hood character left the company before the decision to change the theme to Hunchback. By the time a new artist was taken on, the green costume had become accepted and no-one questioned it (someone commented that the Robin Hood character, as drawn, looked like a hunchback).
Ports were made for most home computer systems of the time by Ocean Software in 1984. It was their first arcade port. The exceptions to this are the BBC Micro version (which had already been released by Superior Software) and a later port for the MSX (1985). The Spectrum version of the game reached number one in the UK sales charts.",,1.0,8.0,2.0,2.0,1.0,,,,,,,,,,,,,0.0
58071,ultima-escape-from-mt-drash,Ultima: Escape from Mt. Drash,Ultima: Escape from Mt. Drash,<p>Ultima: Escape from Mt. Drash is a video game for Commodore VIC-20 home computer.</p>,,[],1983-01-01,False,2019-08-28T21:59:35,https://media.rawg.io/media/screenshots/2ca/2ca1646771ac14deaf9055ae4a4da46c.jpg,https://media.rawg.io/media/screenshots/efa/efacfb184ea1f710474d1e1358e8afc9.jpg,,0.0,0,[],14,0,8,0,0,0,0,,,,,0,0,0,0,0,83,[],,0,0,21,,0,0f0f0f,0f0f0f,[],[],[],"[{'id': 1497, 'name': 'Sierra Entertainment', 'slug': 'sierra-entertainment', 'games_count': 46, 'image_background': 'https://media.rawg.io/media/screenshots/e5c/e5c9f61c648beb97143c5d70396240fe.jpg'}, {'id': 7564, 'name': 'Sierra On-Line', 'slug': 'sierra-on-line', 'games_count': 119, 'image_background': 'https://media.rawg.io/media/screenshots/3d7/3d7f9baa0db4d6fb67a5e17c29bda07f.jpg'}]","[{'id': 5, 'name': 'RPG', 'slug': 'role-playing-games-rpg', 'games_count': 59370, 'image_background': 'https://media.rawg.io/media/games/f6b/f6bed028b02369d4cab548f4f9337e81.jpg'}]","[{'id': 31, 'name': 'Singleplayer', 'slug': 'singleplayer', 'language': 'eng', 'games_count': 238404, 'image_background': 'https://media.rawg.io/media/games/26d/26d4437715bee60138dab4a7c8c59c92.jpg'}]","[{'id': 11434, 'name': 'Sierra On-Line', 'slug': 'sierra-on-line', 'games_count': 256, 'image_background': 'https://media.rawg.io/media/games/bc8/bc84784c2630f46ed2e675d0b4a59d62.jpg'}]",,Ultima: Escape from Mt. Drash is a video game for Commodore VIC-20 home computer.,,1.0,5.0,2.0,5.0,1.0,,,,,,,,,,,,,0.0
56700,pinball-construction-set,Pinball Construction Set,Pinball Construction Set,"<p>Pinball Construction Set (PCS) is a video game by Bill Budge published by Electronic Arts. It was developed for the Apple II and ported to the Atari 8-bit family and Commodore 64 in 1983. Pinball Construction Set created a new genre of video games—the ""builder"" or ""construction set"" class of games. Users can construct their own virtual pinball machine by dropping bumpers, flippers, spinners and other pinball paraphernalia onto a table. Attributes such as gravity and the physics model can be modified. Users can save their creations and develop custom artwork to go along with them. Tables can be saved on floppy disks and freely traded; Pinball Construction Set is not needed to play the tables.</p>
<p>The game was later ported to the IBM PC (as a PC booter) in 1985 and the Macintosh in 1986. A version for the Coleco Adam combined with Hard Hat Mack under the title The Best of Electronic Arts was completed but not released.</p>",,[],1983-01-01,False,2019-08-28T22:25:55,https://media.rawg.io/media/screenshots/47c/47ccf1eaab47975ecbc1db36c1862f03.jpg,https://media.rawg.io/media/screenshots/658/65887c25c5e5f7b45671386166246069.jpg,,0.0,0,[],14,0,9,0,1,0,0,,,,,0,0,0,0,0,251,[],,0,0,0,,0,0f0f0f,0f0f0f,"[{'platform': {'id': 5, 'name': 'Apple Macintosh', 'slug': 'mac'}}, {'platform': {'id': 9, 'name': 'Atari', 'slug': 'atari'}}, {'platform': {'id': 10, 'name': 'Commodore / Amiga', 'slug': 'commodore-amiga'}}]","[{'platform': {'id': 166, 'name': 'Commodore / Amiga', 'slug': 'commodore-amiga', 'image': None, 'year_end': None, 'year_start': None, 'games_count': 2083, 'image_background': 'https://media.rawg.io/media/games/cce/cce8bebe861f295003f5a9fe5b11233f.jpg'}, 'released_at': '1983-01-01', 'requirements': {}}, {'platform': {'id': 41, 'name': 'Apple II', 'slug': 'apple-ii', 'image': None, 'year_end': None, 'year_start': None, 'games_count': 424, 'image_background': 'https://media.rawg.io/media/screenshots/3d2/3d2bb57b39e2efa39d1c385585b2ea8b.jpg'}, 'released_at': '1983-01-01', 'requirements': {}}, {'platform': {'id': 25, 'name': 'Atari 8-bit', 'slug': 'atari-8-bit', 'image': None, 'year_end': None, 'year_start': None, 'games_count': 308, 'image_background': 'https://media.rawg.io/media/screenshots/038/0385a47d3a43b218204268af5361a19e.jpg'}, 'released_at': '1983-01-01', 'requirements': {}}, {'platform': {'id': 55, 'name': 'Classic Macintosh', 'slug': 'macintosh', 'image': None, 'year_end': None, 'year_start': None, 'games_count': 675, 'image_background': 'https://media.rawg.io/media/games/38a/38af969459ad6e5de116ec8a4a84218c.jpg'}, 'released_at': '1983-01-01', 'requirements': {}}]",[],"[{'id': 27555, 'name': 'BudgeCo', 'slug': 'budgeco', 'games_count': 1, 'image_background': 'https://media.rawg.io/media/screenshots/47c/47ccf1eaab47975ecbc1db36c1862f03.jpg'}]",[],"[{'id': 31, 'name': 'Singleplayer', 'slug': 'singleplayer', 'language': 'eng', 'games_count': 238404, 'image_background': 'https://media.rawg.io/media/games/26d/26d4437715bee60138dab4a7c8c59c92.jpg'}]","[{'id': 354, 'name': 'Electronic Arts', 'slug': 'electronic-arts', 'games_count': 1332, 'image_background': 'https://media.rawg.io/media/games/45b/45b57ed59de4b84effd8f6bc4b7bf515.jpg'}, {'id': 19708, 'name': 'Ariolasoft', 'slug': 'ariolasoft', 'games_count': 19, 'image_background': 'https://media.rawg.io/media/screenshots/f4b/f4b8e0b7e42013d1051cca8ce9c55df9.jpg'}, {'id': 20595, 'name': 'BudgeCo', 'slug': 'budgeco', 'games_count': 1, 'image_background': 'https://media.rawg.io/media/screenshots/47c/47ccf1eaab47975ecbc1db36c1862f03.jpg'}]",,"Pinball Construction Set (PCS) is a video game by Bill Budge published by Electronic Arts. It was developed for the Apple II and ported to the Atari 8-bit family and Commodore 64 in 1983. Pinball Construction Set created a new genre of video games—the ""builder"" or ""construction set"" class of games. Users can construct their own virtual pinball machine by dropping bumpers, flippers, spinners and other pinball paraphernalia onto a table. Attributes such as gravity and the physics model can be modified. Users can save their creations and develop custom artwork to go along with them. Tables can be saved on floppy disks and freely traded; Pinball Construction Set is not needed to play the tables.
The game was later ported to the IBM PC (as a PC booter) in 1985 and the Macintosh in 1986. A version for the Coleco Adam combined with Hard Hat Mack under the title The Best of Electronic Arts was completed but not released.",,,9.0,2.0,2.0,1.0,,,,,,,,,,,,,0.0
52620,aztec-challenge,Aztec Challenge,Aztec Challenge,"<p>Aztec Challenge refers to either of two early arcade-style computer games published by COSMI, as well as two subsequent remakes. In all game versions the player takes control of a running Aztec warrior. The first was a side-scrolling platform-jumping game created by Robert Tegel Bonifacio and released in 1982 for the Atari 8-bit family. Subsequently a different game with the same title and overall theme was created by Paul Norman and released for the Commodore 64. It included a level in a modified-first-person 3D-style.</p>",,[],1983-01-01,False,2019-01-09T12:41:06,https://media.rawg.io/media/screenshots/0ec/0ec1098a272e91585355603db09fd0ed.jpg,https://media.rawg.io/media/screenshots/b86/b862b9b24032033a285c6e5dd67a5e6c.jpg,,0.0,0,"[{'id': 4, 'title': 'recommended', 'count': 1, 'percent': 50.0}, {'id': 3, 'title': 'meh', 'count': 1, 'percent': 50.0}]",14,0,9,0,0,0,0,,,,,0,0,0,0,2,194,[],,0,0,0,,2,0f0f0f,0f0f0f,"[{'platform': {'id': 9, 'name': 'Atari', 'slug': 'atari'}}, {'platform': {'id': 10, 'name': 'Commodore / Amiga', 'slug': 'commodore-amiga'}}]","[{'platform': {'id': 25, 'name': 'Atari 8-bit', 'slug': 'atari-8-bit', 'image': None, 'year_end': None, 'year_start': None, 'games_count': 308, 'image_background': 'https://media.rawg.io/media/screenshots/038/0385a47d3a43b218204268af5361a19e.jpg'}, 'released_at': '1983-01-01', 'requirements': {}}, {'platform': {'id': 23, 'name': 'Atari 2600', 'slug': 'atari-2600', 'image': None, 'year_end': None, 'year_start': None, 'games_count': 294, 'image_background': 'https://media.rawg.io/media/screenshots/ff6/ff623993a854663931c1e78d72a16a5a.jpg'}, 'released_at': '1983-01-01', 'requirements': {}}, {'platform': {'id': 166, 'name': 'Commodore / Amiga', 'slug': 'commodore-amiga', 'image': None, 'year_end': None, 'year_start': None, 'games_count': 2083, 'image_background': 'https://media.rawg.io/media/games/cce/cce8bebe861f295003f5a9fe5b11233f.jpg'}, 'released_at': '1983-01-01', 'requirements': {}}]",[],[],[],"[{'id': 1863, 'name': 'challenge', 'slug': 'challenge', 'language': 'eng', 'games_count': 12762, 'image_background': 'https://media.rawg.io/media/games/19e/19ea8efb10fcbcf1b9c60729d510ed14.jpg'}, {'id': 717, 'name': 'jumping', 'slug': 'jumping', 'language': 'eng', 'games_count': 5846, 'image_background': 'https://media.rawg.io/media/screenshots/f6a/f6a1d3c35be275ae1b81e115a3ddbb00.jpg'}, {'id': 1534, 'name': 'atari', 'slug': 'atari', 'language': 'eng', 'games_count': 1158, 'image_background': 'https://media.rawg.io/media/screenshots/d10/d10fdd0fc764ad4a5d70fffa6aee1175.jpg'}]",[],,"Aztec Challenge refers to either of two early arcade-style computer games published by COSMI, as well as two subsequent remakes. In all game versions the player takes control of a running Aztec warrior. The first was a side-scrolling platform-jumping game created by Robert Tegel Bonifacio and released in 1982 for the Atari 8-bit family. Subsequently a different game with the same title and overall theme was created by Paul Norman and released for the Commodore 64. It included a level in a modified-first-person 3D-style.",,,8.0,2.0,2.0,2.0,,,,,,,,,,,,,0.0
55497,international-soccer,International Soccer,International Soccer,"<p>International Soccer, also known as Cup Final, is a 1983 video game.</p>",,[],1983-01-01,False,2019-01-09T12:41:06,https://media.rawg.io/media/screenshots/802/802474fa25b002bb7eba0548649df94f.jpg,https://media.rawg.io/media/screenshots/e6c/e6c7d60c0990c374a7657b8509554364.jpg,,0.0,0,"[{'id': 5, 'title': 'exceptional', 'count': 1, 'percent': 50.0}, {'id': 3, 'title': 'meh', 'count': 1, 'percent': 50.0}]",14,0,8,0,0,0,0,,,,,0,0,0,0,2,100,[],,0,0,0,,2,0f0f0f,0f0f0f,"[{'platform': {'id': 10, 'name': 'Commodore / Amiga', 'slug': 'commodore-amiga'}}]","[{'platform': {'id': 166, 'name': 'Commodore / Amiga', 'slug': 'commodore-amiga', 'image': None, 'year_end': None, 'year_start': None, 'games_count': 2083, 'image_background': 'https://media.rawg.io/media/games/cce/cce8bebe861f295003f5a9fe5b11233f.jpg'}, 'released_at': '1983-01-01', 'requirements': {}}]",[],"[{'id': 27139, 'name': 'Andrew Spencer', 'slug': 'andrew-spencer', 'games_count': 1, 'image_background': 'https://media.rawg.io/media/screenshots/802/802474fa25b002bb7eba0548649df94f.jpg'}]","[{'id': 15, 'name': 'Sports', 'slug': 'sports', 'games_count': 22123, 'image_background': 'https://media.rawg.io/media/games/5eb/5eb49eb2fa0738fdb5bacea557b1bc57.jpg'}]","[{'id': 363, 'name': 'One or two players', 'slug': 'one-or-two-players', 'language': 'eng', 'games_count': 4, 'image_background': 'https://media.rawg.io/media/screenshots/802/802474fa25b002bb7eba0548649df94f.jpg'}]","[{'id': 20263, 'name': 'Commodore', 'slug': 'commodore', 'games_count': 11, 'image_background': 'https://media.rawg.io/media/screenshots/990/9906c5c53cc94be308a69f0b585711d6.jpg'}]",,"International Soccer, also known as Cup Final, is a 1983 video game.",,,6.0,3.0,2.0,3.0,,,,,,,,,,,,,0.0
55141,suspended,Suspended,Suspended,"<p>Suspended: A Cryogenic Nightmare is an interactive fiction video game written by Michael Berlyn and published by Infocom in 1983. Like most Infocom titles, it was available on most popular personal computers of the day, such as the Apple II, PC, Atari ST, and Commodore 64. It was Infocom's sixth game.</p>",,[],1983-02-22,False,2023-02-08T10:51:48,https://media.rawg.io/media/screenshots/f46/f468748d608343a117fd0f4d051ad3e0.jpg,https://media.rawg.io/media/screenshots/5e7/5e79bff76dafa69bb4ebec4562894b7f.jpg,,0.0,0,[],14,0,18,0,1,0,0,,,,,0,0,0,0,0,141,[],,0,0,0,,0,0f0f0f,0f0f0f,"[{'platform': {'id': 1, 'name': 'PC', 'slug': 'pc'}}, {'platform': {'id': 5, 'name': 'Apple Macintosh', 'slug': 'mac'}}, {'platform': {'id': 9, 'name': 'Atari', 'slug': 'atari'}}, {'platform': {'id': 10, 'name': 'Commodore / Amiga', 'slug': 'commodore-amiga'}}]","[{'platform': {'id': 34, 'name': 'Atari ST', 'slug': 'atari-st', 'image': None, 'year_end': None, 'year_start': None, 'games_count': 836, 'image_background': 'https://media.rawg.io/media/games/637/637d7dc2f44d0f6ddd3ee2c0b1366962.jpg'}, 'released_at': '1983-02-22', 'requirements': {}}, {'platform': {'id': 41, 'name': 'Apple II', 'slug': 'apple-ii', 'image': None, 'year_end': None, 'year_start': None, 'games_count': 424, 'image_background': 'https://media.rawg.io/media/screenshots/3d2/3d2bb57b39e2efa39d1c385585b2ea8b.jpg'}, 'released_at': '1983-02-22', 'requirements': {}}, {'platform': {'id': 25, 'name': 'Atari 8-bit', 'slug': 'atari-8-bit', 'image': None, 'year_end': None, 'year_start': None, 'games_count': 308, 'image_background': 'https://media.rawg.io/media/screenshots/038/0385a47d3a43b218204268af5361a19e.jpg'}, 'released_at': '1983-02-22', 'requirements': {}}, {'platform': {'id': 55, 'name': 'Classic Macintosh', 'slug': 'macintosh', 'image': None, 'year_end': None, 'year_start': None, 'games_count': 675, 'image_background': 'https://media.rawg.io/media/games/38a/38af969459ad6e5de116ec8a4a84218c.jpg'}, 'released_at': '1983-02-22', 'requirements': {}}, {'platform': {'id': 166, 'name': 'Commodore / Amiga', 'slug': 'commodore-amiga', 'image': None, 'year_end': None, 'year_start': None, 'games_count': 2083, 'image_background': 'https://media.rawg.io/media/games/cce/cce8bebe861f295003f5a9fe5b11233f.jpg'}, 'released_at': '1983-02-22', 'requirements': {}}, {'platform': {'id': 4, 'name': 'PC', 'slug': 'pc', 'image': None, 'year_end': None, 'year_start': None, 'games_count': 547196, 'image_background': 'https://media.rawg.io/media/games/6fc/6fcf4cd3b17c288821388e6085bb0fc9.jpg'}, 'released_at': '1983-02-22', 'requirements': {}}]",[],"[{'id': 12929, 'name': 'Infocom', 'slug': 'infocom', 'games_count': 48, 'image_background': 'https://media.rawg.io/media/screenshots/782/7822ae77e839fa2db05cd53d08225dd8.jpg'}]",[],"[{'id': 31, 'name': 'Singleplayer', 'slug': 'singleplayer', 'language': 'eng', 'games_count': 238404, 'image_background': 'https://media.rawg.io/media/games/26d/26d4437715bee60138dab4a7c8c59c92.jpg'}]","[{'id': 11435, 'name': 'Infocom', 'slug': 'infocom', 'games_count': 45, 'image_background': 'https://media.rawg.io/media/screenshots/3d4/3d4094f02e71cb3439ab3c8af62809c0.jpg'}]",,"Suspended: A Cryogenic Nightmare is an interactive fiction video game written by Michael Berlyn and published by Infocom in 1983. Like most Infocom titles, it was available on most popular personal computers of the day, such as the Apple II, PC, Atari ST, and Commodore 64. It was Infocom's sixth game.",,1.0,7.0,2.0,3.0,1.0,,,,,,,,,,,,,0.0
52475,the-activision-decathlon,The Activision Decathlon,The Activision Decathlon,"<p>The Activision Decathlon is a sports game written by David Crane for the Atari 2600 and published by Activision in 1983. It was ported to the Atari 8-bit family, Atari 5200, Commodore 64, ColecoVision and MSX platforms. Up to four players compete in the ten different events of a real-life decathlon, either in sequence or individually.</p>
<p>The game became somewhat notorious for the amount of wear or damage inflicted upon console controllers, namely the Atari 2600 version where rapid back-and-forth movement of the joystick propels the athlete down the track.</p>
<p>The game was later reissued simply as Decathlon by the UK budget label Firebird. It was subsequently featured on the PlayStation 2 compilation Activision Anthology.</p>",,[],1983-03-18,False,2024-01-16T20:41:06,https://media.rawg.io/media/screenshots/d33/d338b40d51ffda5316b863c2f5a90464.jpg,https://media.rawg.io/media/screenshots/034/0342d22ec35c01ce7aae41a8511e74d5.jpg,,0.0,0,"[{'id': 4, 'title': 'recommended', 'count': 3, 'percent': 100.0}]",14,0,12,0,1,0,0,,,,,0,0,0,0,3,193,[],,0,0,0,,3,0f0f0f,0f0f0f,"[{'platform': {'id': 9, 'name': 'Atari', 'slug': 'atari'}}, {'platform': {'id': 10, 'name': 'Commodore / Amiga', 'slug': 'commodore-amiga'}}]","[{'platform': {'id': 25, 'name': 'Atari 8-bit', 'slug': 'atari-8-bit', 'image': None, 'year_end': None, 'year_start': None, 'games_count': 308, 'image_background': 'https://media.rawg.io/media/screenshots/038/0385a47d3a43b218204268af5361a19e.jpg'}, 'released_at': '1983-03-18', 'requirements': {}}, {'platform': {'id': 31, 'name': 'Atari 5200', 'slug': 'atari-5200', 'image': None, 'year_end': None, 'year_start': None, 'games_count': 64, 'image_background': 'https://media.rawg.io/media/screenshots/678/6786598cba3939d48ed60cbd1a3723f4.jpg'}, 'released_at': '1983-03-18', 'requirements': {}}, {'platform': {'id': 23, 'name': 'Atari 2600', 'slug': 'atari-2600', 'image': None, 'year_end': None, 'year_start': None, 'games_count': 294, 'image_background': 'https://media.rawg.io/media/screenshots/ff6/ff623993a854663931c1e78d72a16a5a.jpg'}, 'released_at': '1983-03-18', 'requirements': {}}, {'platform': {'id': 166, 'name': 'Commodore / Amiga', 'slug': 'commodore-amiga', 'image': None, 'year_end': None, 'year_start': None, 'games_count': 2083, 'image_background': 'https://media.rawg.io/media/games/cce/cce8bebe861f295003f5a9fe5b11233f.jpg'}, 'released_at': '1983-03-18', 'requirements': {}}]",[],"[{'id': 11, 'name': 'Activision', 'slug': 'activision', 'games_count': 163, 'image_background': 'https://media.rawg.io/media/screenshots/d05/d0524e9b2e276dd9c8351881e897f7c9.jpg'}]","[{'id': 15, 'name': 'Sports', 'slug': 'sports', 'games_count': 22123, 'image_background': 'https://media.rawg.io/media/games/5eb/5eb49eb2fa0738fdb5bacea557b1bc57.jpg'}]","[{'id': 31, 'name': 'Singleplayer', 'slug': 'singleplayer', 'language': 'eng', 'games_count': 238404, 'image_background': 'https://media.rawg.io/media/games/26d/26d4437715bee60138dab4a7c8c59c92.jpg'}]","[{'id': 10830, 'name': 'Activision Blizzard', 'slug': 'activision-blizzard', 'games_count': 691, 'image_background': 'https://media.rawg.io/media/games/445/44507fdd60a8ec02b1c3c64a293ca754.jpg'}]",,"The Activision Decathlon is a sports game written by David Crane for the Atari 2600 and published by Activision in 1983. It was ported to the Atari 8-bit family, Atari 5200, Commodore 64, ColecoVision and MSX platforms. Up to four players compete in the ten different events of a real-life decathlon, either in sequence or individually.
The game became somewhat notorious for the amount of wear or damage inflicted upon console controllers, namely the Atari 2600 version where rapid back-and-forth movement of the joystick propels the athlete down the track.
The game was later reissued simply as Decathlon by the UK budget label Firebird. It was subsequently featured on the PlayStation 2 compilation Activision Anthology.",,,6.0,4.0,2.0,2.0,,,,,,,,,,,,,0.0
56566,infidel,Infidel,Infidel,"<p>Infidel is an interactive fiction computer game published by Infocom in 1983. It was written by Patricia Fogleman and Michael Berlyn and was the first in the ""Tales of Adventure"" line. Due to Infocom's virtual Z-Machine, it was ported to a wide variety of popular computing systems of the day, including the Apple II and Commodore 64. It is Infocom's tenth game.</p>",,[],1983-09-16,False,2023-02-08T10:51:50,https://media.rawg.io/media/screenshots/782/7822ae77e839fa2db05cd53d08225dd8.jpg,https://media.rawg.io/media/screenshots/21d/21dba1a33a73c151738894eab2698e42.jpg,,0.0,0,[],14,0,14,0,2,0,0,,,,,0,0,0,0,0,172,[],,0,0,0,,0,0f0f0f,0f0f0f,"[{'platform': {'id': 1, 'name': 'PC', 'slug': 'pc'}}, {'platform': {'id': 5, 'name': 'Apple Macintosh', 'slug': 'mac'}}, {'platform': {'id': 9, 'name': 'Atari', 'slug': 'atari'}}, {'platform': {'id': 10, 'name': 'Commodore / Amiga', 'slug': 'commodore-amiga'}}]","[{'platform': {'id': 4, 'name': 'PC', 'slug': 'pc', 'image': None, 'year_end': None, 'year_start': None, 'games_count': 547196, 'image_background': 'https://media.rawg.io/media/games/6fc/6fcf4cd3b17c288821388e6085bb0fc9.jpg'}, 'released_at': '1983-09-16', 'requirements': {}}, {'platform': {'id': 166, 'name': 'Commodore / Amiga', 'slug': 'commodore-amiga', 'image': None, 'year_end': None, 'year_start': None, 'games_count': 2083, 'image_background': 'https://media.rawg.io/media/games/cce/cce8bebe861f295003f5a9fe5b11233f.jpg'}, 'released_at': '1983-09-16', 'requirements': {}}, {'platform': {'id': 34, 'name': 'Atari ST', 'slug': 'atari-st', 'image': None, 'year_end': None, 'year_start': None, 'games_count': 836, 'image_background': 'https://media.rawg.io/media/games/637/637d7dc2f44d0f6ddd3ee2c0b1366962.jpg'}, 'released_at': '1983-09-16', 'requirements': {}}, {'platform': {'id': 25, 'name': 'Atari 8-bit', 'slug': 'atari-8-bit', 'image': None, 'year_end': None, 'year_start': None, 'games_count': 308, 'image_background': 'https://media.rawg.io/media/screenshots/038/0385a47d3a43b218204268af5361a19e.jpg'}, 'released_at': '1983-09-16', 'requirements': {}}, {'platform': {'id': 55, 'name': 'Classic Macintosh', 'slug': 'macintosh', 'image': None, 'year_end': None, 'year_start': None, 'games_count': 675, 'image_background': 'https://media.rawg.io/media/games/38a/38af969459ad6e5de116ec8a4a84218c.jpg'}, 'released_at': '1983-09-16', 'requirements': {}}, {'platform': {'id': 41, 'name': 'Apple II', 'slug': 'apple-ii', 'image': None, 'year_end': None, 'year_start': None, 'games_count': 424, 'image_background': 'https://media.rawg.io/media/screenshots/3d2/3d2bb57b39e2efa39d1c385585b2ea8b.jpg'}, 'released_at': '1983-09-16', 'requirements': {}}]",[],"[{'id': 12929, 'name': 'Infocom', 'slug': 'infocom', 'games_count': 48, 'image_background': 'https://media.rawg.io/media/screenshots/782/7822ae77e839fa2db05cd53d08225dd8.jpg'}]",[],"[{'id': 31, 'name': 'Singleplayer', 'slug': 'singleplayer', 'language': 'eng', 'games_count': 238404, 'image_background': 'https://media.rawg.io/media/games/26d/26d4437715bee60138dab4a7c8c59c92.jpg'}]","[{'id': 11435, 'name': 'Infocom', 'slug': 'infocom', 'games_count': 45, 'image_background': 'https://media.rawg.io/media/screenshots/3d4/3d4094f02e71cb3439ab3c8af62809c0.jpg'}]",,"Infidel is an interactive fiction computer game published by Infocom in 1983. It was written by Patricia Fogleman and Michael Berlyn and was the first in the ""Tales of Adventure"" line. Due to Infocom's virtual Z-Machine, it was ported to a wide variety of popular computing systems of the day, including the Apple II and Commodore 64. It is Infocom's tenth game.",,1.0,7.0,2.0,3.0,1.0,,,,,,,,,,,,,0.0
56331,bcs-quest-for-tires,B.C.'s Quest for Tires,B.C.'s Quest for Tires,"<p>B.C.'s Quest for Tires is a 1983 video game designed by Rick Banks and Michael Bate and published by Sierra On-Line. It was released for the Commodore 64, Atari 8-bit family, ColecoVision, ZX Spectrum, MSX, and Apple II. The game is based on the comic strip B.C. by Johnny Hart, with the title being a play on the title of the contemporaneous film Quest for Fire.</p>
<p>A sequel, Grog's Revenge, was released in 1984.</p>",,[],1983-01-01,False,2019-08-28T22:00:32,https://media.rawg.io/media/screenshots/33d/33dd26c542fa1990e23853e42c6b9648.jpg,https://media.rawg.io/media/screenshots/eec/eec74bea9c76037dc093b8cc88beb68e.jpg,,0.0,0,[],14,0,14,0,2,0,0,,,,,0,0,0,0,0,207,[],,0,0,0,,0,0f0f0f,0f0f0f,"[{'platform': {'id': 5, 'name': 'Apple Macintosh', 'slug': 'mac'}}, {'platform': {'id': 9, 'name': 'Atari', 'slug': 'atari'}}, {'platform': {'id': 10, 'name': 'Commodore / Amiga', 'slug': 'commodore-amiga'}}]","[{'platform': {'id': 41, 'name': 'Apple II', 'slug': 'apple-ii', 'image': None, 'year_end': None, 'year_start': None, 'games_count': 424, 'image_background': 'https://media.rawg.io/media/screenshots/3d2/3d2bb57b39e2efa39d1c385585b2ea8b.jpg'}, 'released_at': '1983-01-01', 'requirements': {}}, {'platform': {'id': 25, 'name': 'Atari 8-bit', 'slug': 'atari-8-bit', 'image': None, 'year_end': None, 'year_start': None, 'games_count': 308, 'image_background': 'https://media.rawg.io/media/screenshots/038/0385a47d3a43b218204268af5361a19e.jpg'}, 'released_at': '1983-01-01', 'requirements': {}}, {'platform': {'id': 166, 'name': 'Commodore / Amiga', 'slug': 'commodore-amiga', 'image': None, 'year_end': None, 'year_start': None, 'games_count': 2083, 'image_background': 'https://media.rawg.io/media/games/cce/cce8bebe861f295003f5a9fe5b11233f.jpg'}, 'released_at': '1983-01-01', 'requirements': {}}]",[],"[{'id': 27383, 'name': 'Sydney Development', 'slug': 'sydney-development', 'games_count': 3, 'image_background': 'https://media.rawg.io/media/screenshots/33d/33dd26c542fa1990e23853e42c6b9648.jpg'}]","[{'id': 4, 'name': 'Action', 'slug': 'action', 'games_count': 186608, 'image_background': 'https://media.rawg.io/media/games/618/618c2031a07bbff6b4f611f10b6bcdbc.jpg'}]","[{'id': 31, 'name': 'Singleplayer', 'slug': 'singleplayer', 'language': 'eng', 'games_count': 238404, 'image_background': 'https://media.rawg.io/media/games/26d/26d4437715bee60138dab4a7c8c59c92.jpg'}]","[{'id': 11434, 'name': 'Sierra On-Line', 'slug': 'sierra-on-line', 'games_count': 256, 'image_background': 'https://media.rawg.io/media/games/bc8/bc84784c2630f46ed2e675d0b4a59d62.jpg'}, {'id': 10887, 'name': 'Sierra Entertainment', 'slug': 'sierra-entertainment', 'games_count': 112, 'image_background': 'https://media.rawg.io/media/screenshots/058/058a71868ab884d1022023f21f2c6a47.jpg'}]",,"B.C.'s Quest for Tires is a 1983 video game designed by Rick Banks and Michael Bate and published by Sierra On-Line. It was released for the Commodore 64, Atari 8-bit family, ColecoVision, ZX Spectrum, MSX, and Apple II. The game is based on the comic strip B.C. by Johnny Hart, with the title being a play on the title of the contemporaneous film Quest for Fire.
A sequel, Grog's Revenge, was released in 1984.",,,8.0,3.0,2.0,1.0,,,,,,,,,,,,,0.0
52502,congo-bongo,Congo Bongo,Congo Bongo,"<p>Congo Bongo (コンゴボンゴ, Kongo Bongo), also known as Tip Top (ティップタップ, Tippu Tappu), is an isometric platform arcade game released by Sega in 1983. The player takes the role of a red-nosed safari hunter who tries to catch an ape named Bongo. The hunter seeks Bongo to exact revenge for an apparent practical joke in which Bongo set fire to the hunter's tent, giving him a literal ""hot foot."" The game was named by Peter W. Gorrie who was the CFO of Sega at that time.</p>
<p>The game's ROM contains a message indicating it was likely coded at least in part by the company Ikegami Tsushinki.</p>",,[],1983-01-01,False,2019-08-17T04:05:48,https://media.rawg.io/media/screenshots/2a6/2a6fda3675b8c462da28519c0c51eb06.jpg,https://media.rawg.io/media/screenshots/30a/30a8b8b55049995e51acaafc48d604f5.jpg,,0.0,0,[],13,0,25,0,0,0,0,,,,,0,0,0,0,0,210,[],,0,0,0,,0,0f0f0f,0f0f0f,"[{'platform': {'id': 5, 'name': 'Apple Macintosh', 'slug': 'mac'}}, {'platform': {'id': 9, 'name': 'Atari', 'slug': 'atari'}}, {'platform': {'id': 10, 'name': 'Commodore / Amiga', 'slug': 'commodore-amiga'}}]","[{'platform': {'id': 166, 'name': 'Commodore / Amiga', 'slug': 'commodore-amiga', 'image': None, 'year_end': None, 'year_start': None, 'games_count': 2083, 'image_background': 'https://media.rawg.io/media/games/cce/cce8bebe861f295003f5a9fe5b11233f.jpg'}, 'released_at': '1983-01-01', 'requirements': {}}, {'platform': {'id': 25, 'name': 'Atari 8-bit', 'slug': 'atari-8-bit', 'image': None, 'year_end': None, 'year_start': None, 'games_count': 308, 'image_background': 'https://media.rawg.io/media/screenshots/038/0385a47d3a43b218204268af5361a19e.jpg'}, 'released_at': '1983-01-01', 'requirements': {}}, {'platform': {'id': 31, 'name': 'Atari 5200', 'slug': 'atari-5200', 'image': None, 'year_end': None, 'year_start': None, 'games_count': 64, 'image_background': 'https://media.rawg.io/media/screenshots/678/6786598cba3939d48ed60cbd1a3723f4.jpg'}, 'released_at': '1983-01-01', 'requirements': {}}, {'platform': {'id': 41, 'name': 'Apple II', 'slug': 'apple-ii', 'image': None, 'year_end': None, 'year_start': None, 'games_count': 424, 'image_background': 'https://media.rawg.io/media/screenshots/3d2/3d2bb57b39e2efa39d1c385585b2ea8b.jpg'}, 'released_at': '1983-01-01', 'requirements': {}}, {'platform': {'id': 23, 'name': 'Atari 2600', 'slug': 'atari-2600', 'image': None, 'year_end': None, 'year_start': None, 'games_count': 294, 'image_background': 'https://media.rawg.io/media/screenshots/ff6/ff623993a854663931c1e78d72a16a5a.jpg'}, 'released_at': '1983-01-01', 'requirements': {}}]",[],"[{'id': 425, 'name': 'SEGA', 'slug': 'sega', 'games_count': 578, 'image_background': 'https://media.rawg.io/media/screenshots/845/84595759d06a7c5ed2eab76f623454f7.jpeg'}]","[{'id': 83, 'name': 'Platformer', 'slug': 'platformer', 'games_count': 100869, 'image_background': 'https://media.rawg.io/media/games/f8c/f8c6a262ead4c16b47e1219310210eb3.jpg'}]","[{'id': 418, 'name': '2 players', 'slug': '2-players', 'language': 'eng', 'games_count': 1244, 'image_background': 'https://media.rawg.io/media/screenshots/f9a/f9ac59bb4af2ca2193ee9ffb979577cf.jpg'}, {'id': 348, 'name': 'alternating turns', 'slug': 'alternating-turns', 'language': 'eng', 'games_count': 64, 'image_background': 'https://media.rawg.io/media/games/6f8/6f8fb1e98393f72b47f1f909d5b649d4.jpg'}]","[{'id': 3408, 'name': 'SEGA', 'slug': 'sega-2', 'games_count': 1262, 'image_background': 'https://media.rawg.io/media/games/be9/be9cf02720c9326e11d0fda14518554f.jpg'}]",,"Congo Bongo (コンゴボンゴ, Kongo Bongo), also known as Tip Top (ティップタップ, Tippu Tappu), is an isometric platform arcade game released by Sega in 1983. The player takes the role of a red-nosed safari hunter who tries to catch an ape named Bongo. The hunter seeks Bongo to exact revenge for an apparent practical joke in which Bongo set fire to the hunter's tent, giving him a literal ""hot foot."" The game was named by Peter W. Gorrie who was the CFO of Sega at that time.
The game's ROM contains a message indicating it was likely coded at least in part by the company Ikegami Tsushinki.",,,8.0,2.0,2.0,1.0,,,,,,,,,,,,,0.0
54995,cliff-hanger-1983,Cliff Hanger (1983),Cliff Hanger (1983),"<p>Cliff Hanger is a laserdisc video game that was released by Stern Electronics in 1983. It uses animation from two Lupin III films, most prominently The Castle of Cagliostro, as well as The Mystery of Mamo. Like many laserdisc games, it is a reactive game which requires the player to press a button or move the joystick in a particular direction when prompted by the game to progress the storyline. The segments from The Mystery of Mamo use the original English dub commissioned by Toho, while the segments from The Castle of Cagliostro use a dub created for the game. The voice actors for this game are unknown.</p>
<p>The game's plot is based very loosely on that of The Castle of Cagliostro, and follows Cliff (Arsène Lupin III) as he attempts to rescue Clarissa (Lady Clarisse d'Cagliostro) from the evil Count Draco (in some materials called ""Dreyco"" and in the instruction manual ""Dragoe""), who wants to marry her. Cliff is aided in his quest by Jeff (Daisuke Jigen) and Samurai (Goemon Ishikawa XIII).</p>
<p>The original version of Cliff Hanger features an animated sequence of Cliff being hanged at the gallows immediately following the ""miss"" animation sequence. The sequence was taken from the opening sequence of The Mystery of Mamo (where Lupin was supposedly hanged in Transylvania), plus a later scene in the same film. According to the instruction manual, a setting on the game cabinet's logic board would allow the individual owners/operators the option of not playing the sequence if they so chose.</p>
<p>Cliff Hanger was released as the novelty of laserdisc games waned, thus many cabinets were destroyed or converted over time. Unlike other laserdisc arcade games, Cliff Hanger can work perfectly on MAME as well as DAPHNE, a laserdisc-game emulator.</p>
<p>The game was considered for inclusion on the American Blu-ray release of The Castle of Cagliostro by Discotek Media, however, due to an inability to find the original contracts for the game, it was left off the release.</p>",,[],1983-01-01,False,2024-12-17T03:58:15,https://media.rawg.io/media/screenshots/2f3/2f3c20e87e8e15a5e74265f7d13ee21e.jpg,https://media.rawg.io/media/screenshots/253/253f9469cbc612d2ada7e4e7a73fa472.jpg,,0.0,0,"[{'id': 5, 'title': 'exceptional', 'count': 1, 'percent': 100.0}]",13,0,6,0,0,0,0,,,,,0,0,0,0,1,138,[],,0,0,0,,1,0f0f0f,0f0f0f,"[{'platform': {'id': 9, 'name': 'Atari', 'slug': 'atari'}}]","[{'platform': {'id': 34, 'name': 'Atari ST', 'slug': 'atari-st', 'image': None, 'year_end': None, 'year_start': None, 'games_count': 836, 'image_background': 'https://media.rawg.io/media/games/637/637d7dc2f44d0f6ddd3ee2c0b1366962.jpg'}, 'released_at': '1983-01-01', 'requirements': {}}]",[],"[{'id': 25934, 'name': 'Stern Electronics', 'slug': 'stern-electronics', 'games_count': 4, 'image_background': 'https://media.rawg.io/media/screenshots/418/4182c4436064da31c2bccb3f015bbb71.jpg'}, {'id': 25935, 'name': 'Stern', 'slug': 'stern', 'games_count': 4, 'image_background': 'https://media.rawg.io/media/screenshots/a2a/a2a2793ad822a494493773fa50c0060a.jpg'}]","[{'id': 4, 'name': 'Action', 'slug': 'action', 'games_count': 186608, 'image_background': 'https://media.rawg.io/media/games/618/618c2031a07bbff6b4f611f10b6bcdbc.jpg'}]","[{'id': 418, 'name': '2 players', 'slug': '2-players', 'language': 'eng', 'games_count': 1244, 'image_background': 'https://media.rawg.io/media/screenshots/f9a/f9ac59bb4af2ca2193ee9ffb979577cf.jpg'}]","[{'id': 19405, 'name': 'Stern Electronics', 'slug': 'stern-electronics', 'games_count': 4, 'image_background': 'https://media.rawg.io/media/screenshots/3dc/3dce7613636613d5bf0422713da01074.jpg'}]",,"Cliff Hanger is a laserdisc video game that was released by Stern Electronics in 1983. It uses animation from two Lupin III films, most prominently The Castle of Cagliostro, as well as The Mystery of Mamo. Like many laserdisc games, it is a reactive game which requires the player to press a button or move the joystick in a particular direction when prompted by the game to progress the storyline. The segments from The Mystery of Mamo use the original English dub commissioned by Toho, while the segments from The Castle of Cagliostro use a dub created for the game. The voice actors for this game are unknown.
The game's plot is based very loosely on that of The Castle of Cagliostro, and follows Cliff (Arsène Lupin III) as he attempts to rescue Clarissa (Lady Clarisse d'Cagliostro) from the evil Count Draco (in some materials called ""Dreyco"" and in the instruction manual ""Dragoe""), who wants to marry her. Cliff is aided in his quest by Jeff (Daisuke Jigen) and Samurai (Goemon Ishikawa XIII).
The original version of Cliff Hanger features an animated sequence of Cliff being hanged at the gallows immediately following the ""miss"" animation sequence. The sequence was taken from the opening sequence of The Mystery of Mamo (where Lupin was supposedly hanged in Transylvania), plus a later scene in the same film. According to the instruction manual, a setting on the game cabinet's logic board would allow the individual owners/operators the option of not playing the sequence if they so chose.
Cliff Hanger was released as the novelty of laserdisc games waned, thus many cabinets were destroyed or converted over time. Unlike other laserdisc arcade games, Cliff Hanger can work perfectly on MAME as well as DAPHNE, a laserdisc-game emulator.
The game was considered for inclusion on the American Blu-ray release of The Castle of Cagliostro by Discotek Media, however, due to an inability to find the original contracts for the game, it was left off the release.",,1.0,7.0,2.0,2.0,1.0,,,,,,,,,,,,,0.0
55310,blue-max,Blue Max,Blue Max,"<p>Blue Max is a video game written by Bob Polin for the Atari 8-bit family and published by Synapse Software in 1983. It was released for the Commodore 64 the same year, and in 1984 it was ported to the ZX Spectrum by U.S. Gold. In 1987 Atari Corp. published it in cartridge form for the then-new Atari XEGS.</p>
<p>The player controls a Sopwith Camel biplane during World War I, attempting to shoot down enemy planes and bomb targets on the diagonally scrolling terrain. It has strong similarities to the arcade game Zaxxon. The game is named after the medal Pour le Mérite, informally known as Blue Max. Its theme song is ""Rule, Britannia!"".</p>
<p>In 1984, Synapse released a sequel, Blue Max 2001, with a futuristic setting, but otherwise similar in design to the original.</p>",,[],1983-01-01,False,2023-04-15T23:43:20,https://media.rawg.io/media/screenshots/5df/5dfe7cd4e07cb5ff647db50c16439cc6.jpg,https://media.rawg.io/media/screenshots/b5a/b5a52c79c31f324cdda3d4ed1069ccd0.jpg,,0.0,0,"[{'id': 4, 'title': 'recommended', 'count': 2, 'percent': 100.0}]",13,0,9,0,2,0,0,,,,,0,0,0,0,2,165,[],,0,0,0,,2,0f0f0f,0f0f0f,"[{'platform': {'id': 9, 'name': 'Atari', 'slug': 'atari'}}, {'platform': {'id': 10, 'name': 'Commodore / Amiga', 'slug': 'commodore-amiga'}}]","[{'platform': {'id': 25, 'name': 'Atari 8-bit', 'slug': 'atari-8-bit', 'image': None, 'year_end': None, 'year_start': None, 'games_count': 308, 'image_background': 'https://media.rawg.io/media/screenshots/038/0385a47d3a43b218204268af5361a19e.jpg'}, 'released_at': '1983-01-01', 'requirements': {}}, {'platform': {'id': 50, 'name': 'Atari XEGS', 'slug': 'atari-xegs', 'image': None, 'year_end': None, 'year_start': None, 'games_count': 22, 'image_background': 'https://media.rawg.io/media/screenshots/769/7691726d70c23c029903df08858df001.jpg'}, 'released_at': '1983-01-01', 'requirements': {}}, {'platform': {'id': 166, 'name': 'Commodore / Amiga', 'slug': 'commodore-amiga', 'image': None, 'year_end': None, 'year_start': None, 'games_count': 2083, 'image_background': 'https://media.rawg.io/media/games/cce/cce8bebe861f295003f5a9fe5b11233f.jpg'}, 'released_at': '1983-01-01', 'requirements': {}}]",[],"[{'id': 27063, 'name': 'Synapse Software', 'slug': 'synapse-software', 'games_count': 7, 'image_background': 'https://media.rawg.io/media/screenshots/7b5/7b5d23f65718fc508970819cccc7867c.jpg'}]","[{'id': 4, 'name': 'Action', 'slug': 'action', 'games_count': 186608, 'image_background': 'https://media.rawg.io/media/games/618/618c2031a07bbff6b4f611f10b6bcdbc.jpg'}]","[{'id': 31, 'name': 'Singleplayer', 'slug': 'singleplayer', 'language': 'eng', 'games_count': 238404, 'image_background': 'https://media.rawg.io/media/games/26d/26d4437715bee60138dab4a7c8c59c92.jpg'}]","[{'id': 11527, 'name': 'U.S. Gold', 'slug': 'us-gold-2', 'games_count': 95, 'image_background': 'https://media.rawg.io/media/games/eaa/eaa94a1203b9b8fdf5b01575c9e91591.jpg'}, {'id': 20192, 'name': 'Synapse Software', 'slug': 'synapse-software', 'games_count': 11, 'image_background': 'https://media.rawg.io/media/screenshots/7b5/7b5d23f65718fc508970819cccc7867c.jpg'}]",,"Blue Max is a video game written by Bob Polin for the Atari 8-bit family and published by Synapse Software in 1983. It was released for the Commodore 64 the same year, and in 1984 it was ported to the ZX Spectrum by U.S. Gold. In 1987 Atari Corp. published it in cartridge form for the then-new Atari XEGS.
The player controls a Sopwith Camel biplane during World War I, attempting to shoot down enemy planes and bomb targets on the diagonally scrolling terrain. It has strong similarities to the arcade game Zaxxon. The game is named after the medal Pour le Mérite, informally known as Blue Max. Its theme song is ""Rule, Britannia!"".
In 1984, Synapse released a sequel, Blue Max 2001, with a futuristic setting, but otherwise similar in design to the original.",,,8.0,2.0,1.0,2.0,,,,,,,,,,,,,0.0
257227,mahjong-1983,Mahjong (1983),Mahjong (1983),"<p>As the title suggests, this game lets players play a game of Mahjong. Players receive and discard tiles until they complete hands by forming groups and pairs. Players can choose to play on either a beginner, intermediate, or expert difficulty level. The expert skill level introduces a time limit to the proceedings. The game also keeps track of the score during gameplay.</p>",,[],1983-08-27,False,2019-09-07T11:06:14,https://media.rawg.io/media/games/210/2105776923c6f7032e75aca3f75c1d9f.jpg,https://media.rawg.io/media/screenshots/c64/c647bd6a9fc72e92b1941b862e805104.jpg,,0.0,0,"[{'id': 4, 'title': 'recommended', 'count': 2, 'percent': 100.0}]",13,0,6,0,0,0,0,,,,,0,0,0,0,2,64,[],,0,0,0,,2,0f0f0f,0f0f0f,"[{'platform': {'id': 7, 'name': 'Nintendo', 'slug': 'nintendo'}}]","[{'platform': {'id': 49, 'name': 'NES', 'slug': 'nes', 'image': None, 'year_end': None, 'year_start': None, 'games_count': 1015, 'image_background': 'https://media.rawg.io/media/games/7c5/7c50dd0415eb0a57505c58d4e50e4d24.jpg'}, 'released_at': '1983-08-27', 'requirements': {}}]",[],"[{'id': 16257, 'name': 'Nintendo', 'slug': 'nintendo', 'games_count': 426, 'image_background': 'https://media.rawg.io/media/games/d9c/d9c8b7edc78391619566adfeb52b5a9a.jpg'}]","[{'id': 10, 'name': 'Strategy', 'slug': 'strategy', 'games_count': 59661, 'image_background': 'https://media.rawg.io/media/games/08b/08b2eee52a9876a48b955e5149affe5b.jpg'}]","[{'id': 1484, 'name': 'skill', 'slug': 'skill', 'language': 'eng', 'games_count': 3529, 'image_background': 'https://media.rawg.io/media/screenshots/5bb/5bb6b09c84027d979a46affaba10fc7c.jpg'}]","[{'id': 10681, 'name': 'Nintendo', 'slug': 'nintendo', 'games_count': 1235, 'image_background': 'https://media.rawg.io/media/games/dd1/dd167cf8753db3748a975d61cc926e54.jpg'}]",,"As the title suggests, this game lets players play a game of Mahjong. Players receive and discard tiles until they complete hands by forming groups and pairs. Players can choose to play on either a beginner, intermediate, or expert difficulty level. The expert skill level introduces a time limit to the proceedings. The game also keeps track of the score during gameplay.",,,5.0,2.0,2.0,4.0,,,,,,,,,,,,,0.0
56702,pitstop,Pitstop,Pitstop,"<p>Pitstop is a 1983 racing video game developed and published by Epyx for the Atari 8-bit family, ColecoVision, Coleco Adam, and Commodore 64. A sequel, Pitstop II, was released in 1984.</p>",,[],1983-01-01,False,2024-10-21T10:50:58,https://media.rawg.io/media/screenshots/2b1/2b16218d08998c67ae14d5d6f291bfbb.jpg,https://media.rawg.io/media/screenshots/12b/12b7d8f644aacae69ba3204d04c28d7b.jpg,,0.0,0,"[{'id': 4, 'title': 'recommended', 'count': 2, 'percent': 100.0}]",13,0,9,0,0,0,0,,,,,0,0,0,0,2,137,[],,0,0,0,,2,0f0f0f,0f0f0f,"[{'platform': {'id': 9, 'name': 'Atari', 'slug': 'atari'}}, {'platform': {'id': 10, 'name': 'Commodore / Amiga', 'slug': 'commodore-amiga'}}]","[{'platform': {'id': 166, 'name': 'Commodore / Amiga', 'slug': 'commodore-amiga', 'image': None, 'year_end': None, 'year_start': None, 'games_count': 2083, 'image_background': 'https://media.rawg.io/media/games/cce/cce8bebe861f295003f5a9fe5b11233f.jpg'}, 'released_at': '1983-01-01', 'requirements': {}}, {'platform': {'id': 25, 'name': 'Atari 8-bit', 'slug': 'atari-8-bit', 'image': None, 'year_end': None, 'year_start': None, 'games_count': 308, 'image_background': 'https://media.rawg.io/media/screenshots/038/0385a47d3a43b218204268af5361a19e.jpg'}, 'released_at': '1983-01-01', 'requirements': {}}]",[],"[{'id': 15055, 'name': 'Epyx', 'slug': 'epyx', 'games_count': 47, 'image_background': 'https://media.rawg.io/media/screenshots/e33/e333909a54369eb4ec75e2e80b8da927.jpg'}]","[{'id': 1, 'name': 'Racing', 'slug': 'racing', 'games_count': 25359, 'image_background': 'https://media.rawg.io/media/screenshots/69b/69bb243ea9896ddfc2e051b58e81624d.jpg'}]","[{'id': 31, 'name': 'Singleplayer', 'slug': 'singleplayer', 'language': 'eng', 'games_count': 238404, 'image_background': 'https://media.rawg.io/media/games/26d/26d4437715bee60138dab4a7c8c59c92.jpg'}]","[{'id': 11929, 'name': 'Epyx', 'slug': 'epyx', 'games_count': 44, 'image_background': 'https://media.rawg.io/media/screenshots/189/1890b76089fc24b04ca7ce2fc3299274.jpg'}]",,"Pitstop is a 1983 racing video game developed and published by Epyx for the Atari 8-bit family, ColecoVision, Coleco Adam, and Commodore 64. A sequel, Pitstop II, was released in 1984.",,,5.0,1.0,3.0,4.0,,,,,,,,,,,,,0.0
52493,bobby-is-going-home,Bobby is Going Home,Bobby is Going Home,<p>Bobby is Going Home is a 2D action platformer video game cartridge released for the Atari 2600 console in 1983.</p>,,[],1983-01-01,False,2019-08-28T22:02:36,https://media.rawg.io/media/screenshots/adb/adba9664f85d0735766953be59b9b943.jpg,https://media.rawg.io/media/screenshots/bf3/bf36f9e0cc518ea6a1f3d4cbd8cf6224.jpg,,0.0,0,"[{'id': 4, 'title': 'recommended', 'count': 1, 'percent': 100.0}]",13,0,5,0,0,0,0,,,,,0,0,0,0,1,63,[],,0,0,0,,1,0f0f0f,0f0f0f,"[{'platform': {'id': 9, 'name': 'Atari', 'slug': 'atari'}}]","[{'platform': {'id': 23, 'name': 'Atari 2600', 'slug': 'atari-2600', 'image': None, 'year_end': None, 'year_start': None, 'games_count': 294, 'image_background': 'https://media.rawg.io/media/screenshots/ff6/ff623993a854663931c1e78d72a16a5a.jpg'}, 'released_at': '1983-01-01', 'requirements': {}}]",[],"[{'id': 25966, 'name': 'Bit', 'slug': 'bit-corporation', 'games_count': 2, 'image_background': 'https://media.rawg.io/media/screenshots/adb/adba9664f85d0735766953be59b9b943.jpg'}]","[{'id': 83, 'name': 'Platformer', 'slug': 'platformer', 'games_count': 100869, 'image_background': 'https://media.rawg.io/media/games/f8c/f8c6a262ead4c16b47e1219310210eb3.jpg'}]","[{'id': 31, 'name': 'Singleplayer', 'slug': 'singleplayer', 'language': 'eng', 'games_count': 238404, 'image_background': 'https://media.rawg.io/media/games/26d/26d4437715bee60138dab4a7c8c59c92.jpg'}]","[{'id': 19451, 'name': 'CCE', 'slug': 'cce', 'games_count': 1, 'image_background': 'https://media.rawg.io/media/screenshots/adb/adba9664f85d0735766953be59b9b943.jpg'}]",,Bobby is Going Home is a 2D action platformer video game cartridge released for the Atari 2600 console in 1983.,,,7.0,3.0,1.0,2.0,,,,,,,,,,,,,0.0
56399,computer-football-strategy,Computer Football Strategy,Computer Football Strategy,<p>Computer Football Strategy (also known as Football Strategy) is a computer game that simulates the National Football League from a strategic point of view. It was developed for the Commodore 64 and the Atari 8-bit family/ Many retired professional football players have been noted to be content while recapturing their former heroics on this computer game.</p>,,[],1983-01-01,False,2020-01-24T16:06:47,https://media.rawg.io/media/screenshots/d31/d31b52b0f7be2b87f51379e1f5d6dbf0.jpg,https://media.rawg.io/media/screenshots/191/1911fcc3a71b070314df7c67887f03f8.jpg,,0.0,0,"[{'id': 3, 'title': 'meh', 'count': 1, 'percent': 100.0}]",13,0,9,0,0,0,0,,,,,0,0,0,0,1,140,[],,0,0,0,,1,0f0f0f,0f0f0f,"[{'platform': {'id': 9, 'name': 'Atari', 'slug': 'atari'}}, {'platform': {'id': 10, 'name': 'Commodore / Amiga', 'slug': 'commodore-amiga'}}]","[{'platform': {'id': 25, 'name': 'Atari 8-bit', 'slug': 'atari-8-bit', 'image': None, 'year_end': None, 'year_start': None, 'games_count': 308, 'image_background': 'https://media.rawg.io/media/screenshots/038/0385a47d3a43b218204268af5361a19e.jpg'}, 'released_at': '1983-01-01', 'requirements': {}}, {'platform': {'id': 166, 'name': 'Commodore / Amiga', 'slug': 'commodore-amiga', 'image': None, 'year_end': None, 'year_start': None, 'games_count': 2083, 'image_background': 'https://media.rawg.io/media/games/cce/cce8bebe861f295003f5a9fe5b11233f.jpg'}, 'released_at': '1983-01-01', 'requirements': {}}]",[],"[{'id': 27422, 'name': 'Microcomputer Games', 'slug': 'microcomputer-games', 'games_count': 1, 'image_background': 'https://media.rawg.io/media/screenshots/d31/d31b52b0f7be2b87f51379e1f5d6dbf0.jpg'}]","[{'id': 15, 'name': 'Sports', 'slug': 'sports', 'games_count': 22123, 'image_background': 'https://media.rawg.io/media/games/5eb/5eb49eb2fa0738fdb5bacea557b1bc57.jpg'}]","[{'id': 31, 'name': 'Singleplayer', 'slug': 'singleplayer', 'language': 'eng', 'games_count': 238404, 'image_background': 'https://media.rawg.io/media/games/26d/26d4437715bee60138dab4a7c8c59c92.jpg'}, {'id': 7, 'name': 'Multiplayer', 'slug': 'multiplayer', 'language': 'eng', 'games_count': 40505, 'image_background': 'https://media.rawg.io/media/games/021/021c4e21a1824d2526f925eff6324653.jpg'}]","[{'id': 12136, 'name': 'Avalon Hill', 'slug': 'avalon-hill', 'games_count': 7, 'image_background': 'https://media.rawg.io/media/screenshots/b0e/b0eb33376b97262e17780480bd1857b6.jpg'}]",,Computer Football Strategy (also known as Football Strategy) is a computer game that simulates the National Football League from a strategic point of view. It was developed for the Commodore 64 and the Atari 8-bit family/ Many retired professional football players have been noted to be content while recapturing their former heroics on this computer game.,,,6.0,2.0,2.0,3.0,,,,,,,,,,,,,0.0
54580,food-fight,Food Fight,Food Fight,"<p>Food Fight (also styled as Charley Chuck&#39;s Food Fight) is an arcade game released by Atari, Inc. in March 1983. The player guides Charley Chuck, who is trying to eat an ice cream cone before it melts, while avoiding four chefs bent on stopping him. The game sold 1,951 video game arcade cabinets.<br />
Food Fight was released for the Atari 7800 console in 1986, and also released as an Atari 8-bit family cartridge styled for the Atari XEGS in 1989. A port for the Atari 2600 was canceled.</p>",,[],1983-03-01,False,2024-02-13T07:53:11,https://media.rawg.io/media/screenshots/6eb/6ebc87c9289aba5de0d1e51a8aed2136.jpg,https://media.rawg.io/media/screenshots/e8b/e8be2dbf54df48d07b862be088b2467a.jpg,,0.0,0,"[{'id': 4, 'title': 'recommended', 'count': 1, 'percent': 100.0}]",13,0,9,0,0,0,0,,,,,0,0,0,0,1,197,[],,0,0,0,,1,0f0f0f,0f0f0f,"[{'platform': {'id': 9, 'name': 'Atari', 'slug': 'atari'}}]","[{'platform': {'id': 22, 'name': 'Atari Flashback', 'slug': 'atari-flashback', 'image': None, 'year_end': None, 'year_start': None, 'games_count': 30, 'image_background': 'https://media.rawg.io/media/screenshots/2aa/2aa07f58491e14b0183333f8956bc802.jpg'}, 'released_at': '1983-03-01', 'requirements': {}}, {'platform': {'id': 25, 'name': 'Atari 8-bit', 'slug': 'atari-8-bit', 'image': None, 'year_end': None, 'year_start': None, 'games_count': 308, 'image_background': 'https://media.rawg.io/media/screenshots/038/0385a47d3a43b218204268af5361a19e.jpg'}, 'released_at': '1983-03-01', 'requirements': {}}, {'platform': {'id': 28, 'name': 'Atari 7800', 'slug': 'atari-7800', 'image': None, 'year_end': None, 'year_start': None, 'games_count': 64, 'image_background': 'https://media.rawg.io/media/screenshots/565/56504b28b184dbc630a7de118e39d822.jpg'}, 'released_at': '1983-03-01', 'requirements': {}}, {'platform': {'id': 50, 'name': 'Atari XEGS', 'slug': 'atari-xegs', 'image': None, 'year_end': None, 'year_start': None, 'games_count': 22, 'image_background': 'https://media.rawg.io/media/screenshots/769/7691726d70c23c029903df08858df001.jpg'}, 'released_at': '1983-03-01', 'requirements': {}}]",[],"[{'id': 26810, 'name': 'General Computer', 'slug': 'general-computer-corp', 'games_count': 4, 'image_background': 'https://media.rawg.io/media/screenshots/bb2/bb2cc339e686d70604d03659f6022381.jpg'}]","[{'id': 4, 'name': 'Action', 'slug': 'action', 'games_count': 186608, 'image_background': 'https://media.rawg.io/media/games/618/618c2031a07bbff6b4f611f10b6bcdbc.jpg'}, {'id': 11, 'name': 'Arcade', 'slug': 'arcade', 'games_count': 22658, 'image_background': 'https://media.rawg.io/media/games/556/556157feed9ee1f55f2b12b2973e30a3.jpg'}]","[{'id': 418, 'name': '2 players', 'slug': '2-players', 'language': 'eng', 'games_count': 1244, 'image_background': 'https://media.rawg.io/media/screenshots/f9a/f9ac59bb4af2ca2193ee9ffb979577cf.jpg'}, {'id': 348, 'name': 'alternating turns', 'slug': 'alternating-turns', 'language': 'eng', 'games_count': 64, 'image_background': 'https://media.rawg.io/media/games/6f8/6f8fb1e98393f72b47f1f909d5b649d4.jpg'}]","[{'id': 1779, 'name': 'Atari', 'slug': 'atari', 'games_count': 507, 'image_background': 'https://media.rawg.io/media/games/d82/d82dbcf92ded452bf8c6fb1bbdd62e52.jpg'}]",,"Food Fight (also styled as Charley Chuck's Food Fight) is an arcade game released by Atari, Inc. in March 1983. The player guides Charley Chuck, who is trying to eat an ice cream cone before it melts, while avoiding four chefs bent on stopping him. The game sold 1,951 video game arcade cabinets.
Food Fight was released for the Atari 7800 console in 1986, and also released as an Atari 8-bit family cartridge styled for the Atari XEGS in 1989. A port for the Atari 2600 was canceled.",,,7.0,3.0,2.0,1.0,,,,,,,,,,,,,0.0
52450,realsports-tennis,RealSports Tennis,RealSports Tennis,"<p>RealSports Tennis is a tennis simulation video game developed by Atari, Inc. for the Atari 2600 and Atari 5200, and published in 1983.</p>
<p>Atari republished RealSports Tennis via Microsoft's Game Room service on March 24, 2010.</p>",,[],1983-01-01,False,2019-08-28T22:02:37,https://media.rawg.io/media/screenshots/f03/f03bef7dd3487c2c8e274c206130762c.jpg,https://media.rawg.io/media/screenshots/578/57861cb8698784f4aabd297a1aca4955.jpg,,0.0,0,[],13,0,9,0,1,0,0,,,,,0,0,0,0,0,122,[],,0,0,0,,0,0f0f0f,0f0f0f,"[{'platform': {'id': 9, 'name': 'Atari', 'slug': 'atari'}}]","[{'platform': {'id': 25, 'name': 'Atari 8-bit', 'slug': 'atari-8-bit', 'image': None, 'year_end': None, 'year_start': None, 'games_count': 308, 'image_background': 'https://media.rawg.io/media/screenshots/038/0385a47d3a43b218204268af5361a19e.jpg'}, 'released_at': '1983-01-01', 'requirements': {}}, {'platform': {'id': 23, 'name': 'Atari 2600', 'slug': 'atari-2600', 'image': None, 'year_end': None, 'year_start': None, 'games_count': 294, 'image_background': 'https://media.rawg.io/media/screenshots/ff6/ff623993a854663931c1e78d72a16a5a.jpg'}, 'released_at': '1983-01-01', 'requirements': {}}, {'platform': {'id': 31, 'name': 'Atari 5200', 'slug': 'atari-5200', 'image': None, 'year_end': None, 'year_start': None, 'games_count': 64, 'image_background': 'https://media.rawg.io/media/screenshots/678/6786598cba3939d48ed60cbd1a3723f4.jpg'}, 'released_at': '1983-01-01', 'requirements': {}}]",[],"[{'id': 656, 'name': 'Atari', 'slug': 'atari', 'games_count': 137, 'image_background': 'https://media.rawg.io/media/games/0d2/0d2d6f345cd77639d65a235cb7dd0a21.jpg'}]","[{'id': 15, 'name': 'Sports', 'slug': 'sports', 'games_count': 22123, 'image_background': 'https://media.rawg.io/media/games/5eb/5eb49eb2fa0738fdb5bacea557b1bc57.jpg'}]","[{'id': 31, 'name': 'Singleplayer', 'slug': 'singleplayer', 'language': 'eng', 'games_count': 238404, 'image_background': 'https://media.rawg.io/media/games/26d/26d4437715bee60138dab4a7c8c59c92.jpg'}, {'id': 7, 'name': 'Multiplayer', 'slug': 'multiplayer', 'language': 'eng', 'games_count': 40505, 'image_background': 'https://media.rawg.io/media/games/021/021c4e21a1824d2526f925eff6324653.jpg'}, {'id': 351, 'name': 'Two-player', 'slug': 'two-player', 'language': 'eng', 'games_count': 272, 'image_background': 'https://media.rawg.io/media/screenshots/1c1/1c1c7ba1dc364dc71e522acd045aa428.jpg'}]","[{'id': 1779, 'name': 'Atari', 'slug': 'atari', 'games_count': 507, 'image_background': 'https://media.rawg.io/media/games/d82/d82dbcf92ded452bf8c6fb1bbdd62e52.jpg'}]",,"RealSports Tennis is a tennis simulation video game developed by Atari, Inc. for the Atari 2600 and Atari 5200, and published in 1983.
Atari republished RealSports Tennis via Microsoft's Game Room service on March 24, 2010.",,,6.0,4.0,1.0,2.0,,,,,,,,,,,,,0.0
52565,plaque-attack,Plaque Attack,Plaque Attack,"<p>Plaque Attack is a 1983 video game for the Atari 2600 that was made by Activision. The player must shoot food to protect teeth inside a person's mouth. Steve Cartwright, who designed the game, said that game was meant to help people develop good dental habits.</p>",,[],1983-02-22,False,2019-01-09T12:41:06,https://media.rawg.io/media/screenshots/c77/c77d9d5b532c89aefcd3791cf12867b6.jpg,https://media.rawg.io/media/screenshots/047/04795610c01d0dadafe921fb3323356e.jpg,,0.0,0,"[{'id': 3, 'title': 'meh', 'count': 1, 'percent': 100.0}]",13,0,6,0,1,0,0,,,,,0,0,0,0,1,74,[],,0,0,0,,1,0f0f0f,0f0f0f,"[{'platform': {'id': 9, 'name': 'Atari', 'slug': 'atari'}}]","[{'platform': {'id': 23, 'name': 'Atari 2600', 'slug': 'atari-2600', 'image': None, 'year_end': None, 'year_start': None, 'games_count': 294, 'image_background': 'https://media.rawg.io/media/screenshots/ff6/ff623993a854663931c1e78d72a16a5a.jpg'}, 'released_at': '1983-02-22', 'requirements': {}}]",[],"[{'id': 11, 'name': 'Activision', 'slug': 'activision', 'games_count': 163, 'image_background': 'https://media.rawg.io/media/screenshots/d05/d0524e9b2e276dd9c8351881e897f7c9.jpg'}]","[{'id': 4, 'name': 'Action', 'slug': 'action', 'games_count': 186608, 'image_background': 'https://media.rawg.io/media/games/618/618c2031a07bbff6b4f611f10b6bcdbc.jpg'}, {'id': 2, 'name': 'Shooter', 'slug': 'shooter', 'games_count': 59560, 'image_background': 'https://media.rawg.io/media/games/d58/d588947d4286e7b5e0e12e1bea7d9844.jpg'}, {'id': 34, 'name': 'Educational', 'slug': 'educational', 'games_count': 15690, 'image_background': 'https://media.rawg.io/media/games/7ca/7ca90d463ea0c0252e7d01afe897ffa8.jpg'}]","[{'id': 7, 'name': 'Multiplayer', 'slug': 'multiplayer', 'language': 'eng', 'games_count': 40505, 'image_background': 'https://media.rawg.io/media/games/021/021c4e21a1824d2526f925eff6324653.jpg'}, {'id': 418, 'name': '2 players', 'slug': '2-players', 'language': 'eng', 'games_count': 1244, 'image_background': 'https://media.rawg.io/media/screenshots/f9a/f9ac59bb4af2ca2193ee9ffb979577cf.jpg'}]","[{'id': 10830, 'name': 'Activision Blizzard', 'slug': 'activision-blizzard', 'games_count': 691, 'image_background': 'https://media.rawg.io/media/games/445/44507fdd60a8ec02b1c3c64a293ca754.jpg'}]",,"Plaque Attack is a 1983 video game for the Atari 2600 that was made by Activision. The player must shoot food to protect teeth inside a person's mouth. Steve Cartwright, who designed the game, said that game was meant to help people develop good dental habits.",,,7.0,2.0,2.0,2.0,,,,,,,,,,,,,0.0
52455,snoopy-and-the-red-baron,Snoopy and the Red Baron,Snoopy and the Red Baron,"<p>Snoopy and the Red Baron is an Atari 2600 game which includes Peanuts comic strips' Snoopy and his aviation rival, the Red Baron.</p>",,[],1983-01-01,False,2019-08-28T22:26:31,https://media.rawg.io/media/screenshots/cc2/cc21a78452d3485c05a2eeb6c1a12f89.jpg,https://media.rawg.io/media/screenshots/3df/3df04c018ee51f6522fdefc4bc0a238b.jpg,,0.0,0,[],13,0,4,0,2,0,0,,,,,0,0,0,0,0,21,[],,0,0,0,,0,0f0f0f,0f0f0f,"[{'platform': {'id': 9, 'name': 'Atari', 'slug': 'atari'}}]","[{'platform': {'id': 23, 'name': 'Atari 2600', 'slug': 'atari-2600', 'image': None, 'year_end': None, 'year_start': None, 'games_count': 294, 'image_background': 'https://media.rawg.io/media/screenshots/ff6/ff623993a854663931c1e78d72a16a5a.jpg'}, 'released_at': '1983-01-01', 'requirements': {}}]",[],"[{'id': 656, 'name': 'Atari', 'slug': 'atari', 'games_count': 137, 'image_background': 'https://media.rawg.io/media/games/0d2/0d2d6f345cd77639d65a235cb7dd0a21.jpg'}]",[],"[{'id': 31, 'name': 'Singleplayer', 'slug': 'singleplayer', 'language': 'eng', 'games_count': 238404, 'image_background': 'https://media.rawg.io/media/games/26d/26d4437715bee60138dab4a7c8c59c92.jpg'}]","[{'id': 1779, 'name': 'Atari', 'slug': 'atari', 'games_count': 507, 'image_background': 'https://media.rawg.io/media/games/d82/d82dbcf92ded452bf8c6fb1bbdd62e52.jpg'}]",,"Snoopy and the Red Baron is an Atari 2600 game which includes Peanuts comic strips' Snoopy and his aviation rival, the Red Baron.",,,7.0,3.0,2.0,1.0,,,,,,,,,,,,,0.0
52410,alpha-beam-with-ernie,Alpha Beam with Ernie,Alpha Beam with Ernie,<p>Alpha Beam With Ernie is an edutainment video game released for the Atari 2600 by Atari in 1983. It was developed in conjunction with the Children's Computer Workshop. The game was programmed by Michael Callahan and Preston Stuart.</p>,,[],1983-01-01,False,2019-08-28T22:02:38,https://media.rawg.io/media/screenshots/10a/10ad4120181213080f3062b60f8e1b16.jpg,https://media.rawg.io/media/screenshots/e50/e50330503cc8097980c9c37ef6edaaae.jpg,,0.0,0,[],12,0,3,0,0,0,0,,,,,0,0,0,0,0,40,[],,0,0,0,,0,0f0f0f,0f0f0f,"[{'platform': {'id': 9, 'name': 'Atari', 'slug': 'atari'}}]","[{'platform': {'id': 23, 'name': 'Atari 2600', 'slug': 'atari-2600', 'image': None, 'year_end': None, 'year_start': None, 'games_count': 294, 'image_background': 'https://media.rawg.io/media/screenshots/ff6/ff623993a854663931c1e78d72a16a5a.jpg'}, 'released_at': '1983-01-01', 'requirements': {}}]",[],"[{'id': 656, 'name': 'Atari', 'slug': 'atari', 'games_count': 137, 'image_background': 'https://media.rawg.io/media/games/0d2/0d2d6f345cd77639d65a235cb7dd0a21.jpg'}, {'id': 25938, 'name': ""Children's Computer Workshop"", 'slug': 'childrens-computer-workshop', 'games_count': 1, 'image_background': 'https://media.rawg.io/media/screenshots/10a/10ad4120181213080f3062b60f8e1b16.jpg'}]",[],"[{'id': 31, 'name': 'Singleplayer', 'slug': 'singleplayer', 'language': 'eng', 'games_count': 238404, 'image_background': 'https://media.rawg.io/media/games/26d/26d4437715bee60138dab4a7c8c59c92.jpg'}]","[{'id': 1779, 'name': 'Atari', 'slug': 'atari', 'games_count': 507, 'image_background': 'https://media.rawg.io/media/games/d82/d82dbcf92ded452bf8c6fb1bbdd62e52.jpg'}]",,Alpha Beam With Ernie is an edutainment video game released for the Atari 2600 by Atari in 1983. It was developed in conjunction with the Children's Computer Workshop. The game was programmed by Michael Callahan and Preston Stuart.,,,6.0,3.0,2.0,1.0,,,,,,,,,,,,,0.0
32124,gato,GATO,GATO,"<p>GATO is a simulation game developed by Spectrum Holobyte. It was originally released in 1983. It was published by Spectrum Holobyte. The game is rated as ""Exceptional"" on RAWG. <br>You can play GATO on PC. </p>

<p></p>",,[],1983-01-01,False,2023-02-08T10:51:52,https://media.rawg.io/media/screenshots/26c/26c7877520e1539422837465a26797a0.jpg,https://media.rawg.io/media/screenshots/f8e/f8eb34432641c15a8c05e585560a80dc.jpg,,0.0,0,"[{'id': 5, 'title': 'exceptional', 'count': 1, 'percent': 100.0}]",12,0,15,0,2,0,0,,,,,0,0,0,0,1,131,[],,0,0,0,,1,0f0f0f,0f0f0f,"[{'platform': {'id': 1, 'name': 'PC', 'slug': 'pc'}}]","[{'platform': {'id': 4, 'name': 'PC', 'slug': 'pc', 'image': None, 'year_end': None, 'year_start': None, 'games_count': 547196, 'image_background': 'https://media.rawg.io/media/games/6fc/6fcf4cd3b17c288821388e6085bb0fc9.jpg'}, 'released_at': '1983-01-01', 'requirements': {}}]",[],"[{'id': 11918, 'name': 'Spectrum Holobyte', 'slug': 'spectrum-holobyte', 'games_count': 16, 'image_background': 'https://media.rawg.io/media/screenshots/3b8/3b8abab49a324c9d69fdc6792090ff8b.jpg'}]","[{'id': 14, 'name': 'Simulation', 'slug': 'simulation', 'games_count': 73491, 'image_background': 'https://media.rawg.io/media/games/48c/48cb04ca483be865e3a83119c94e6097.jpg'}]",[],"[{'id': 11891, 'name': 'Spectrum Holobyte', 'slug': 'spectrum-holobyte', 'games_count': 21, 'image_background': 'https://media.rawg.io/media/screenshots/f5d/f5d764bd8c8999bd6f4348b7f3dd6681.jpg'}]",,,,1.0,6.0,2.0,2.0,1.0,,,,,,,,,,,,,0.0
52433,krull,Krull,Krull,"<p>Krull is an Atari 2600 video game based on the 1983 science fantasy film Krull and published in 1983 by Atari, Inc. It was written by Dave Staugas who later ported Millipede to the 2600. Gottlieb manufactured an arcade shooter of the same name in the same year, but it is unrelated to the Atari 2600 cartridge other than the Krull license.</p>",,[],1983-09-01,False,2019-08-28T22:26:31,https://media.rawg.io/media/screenshots/810/81030c033b314bd818ad0099dce0bf50.jpg,https://media.rawg.io/media/screenshots/36c/36c8258ddc9ba13b41cd5a2e933fa9c2.jpg,,0.0,0,[],12,0,8,0,1,0,0,,,,,0,0,0,0,0,158,[],,0,0,0,,0,0f0f0f,0f0f0f,"[{'platform': {'id': 9, 'name': 'Atari', 'slug': 'atari'}}]","[{'platform': {'id': 23, 'name': 'Atari 2600', 'slug': 'atari-2600', 'image': None, 'year_end': None, 'year_start': None, 'games_count': 294, 'image_background': 'https://media.rawg.io/media/screenshots/ff6/ff623993a854663931c1e78d72a16a5a.jpg'}, 'released_at': '1983-09-01', 'requirements': {}}]",[],"[{'id': 656, 'name': 'Atari', 'slug': 'atari', 'games_count': 137, 'image_background': 'https://media.rawg.io/media/games/0d2/0d2d6f345cd77639d65a235cb7dd0a21.jpg'}]","[{'id': 3, 'name': 'Adventure', 'slug': 'adventure', 'games_count': 146481, 'image_background': 'https://media.rawg.io/media/games/b6b/b6b20bfc4b34e312dbc8aac53c95a348.jpg'}]","[{'id': 31, 'name': 'Singleplayer', 'slug': 'singleplayer', 'language': 'eng', 'games_count': 238404, 'image_background': 'https://media.rawg.io/media/games/26d/26d4437715bee60138dab4a7c8c59c92.jpg'}]","[{'id': 1779, 'name': 'Atari', 'slug': 'atari', 'games_count': 507, 'image_background': 'https://media.rawg.io/media/games/d82/d82dbcf92ded452bf8c6fb1bbdd62e52.jpg'}]",,"Krull is an Atari 2600 video game based on the 1983 science fantasy film Krull and published in 1983 by Atari, Inc. It was written by Dave Staugas who later ported Millipede to the 2600. Gottlieb manufactured an arcade shooter of the same name in the same year, but it is unrelated to the Atari 2600 cartridge other than the Krull license.",,,6.0,3.0,2.0,1.0,,,,,,,,,,,,,0.0
55599,reach-for-the-stars,Reach for the Stars,Reach for the Stars,"<p>Reach for the Stars is a science fiction strategy video game. It is the earliest known commercially published example of the 4X games (Explore, Expand, Exploit, Exterminate) genre. It was written by Roger Keating and Ian Trout of SSG of Australia and published in 1983 for the Commodore 64 and then the Apple II in 1985. Version 3 added an MS-DOS port, though it did not share all of the features of the other platforms. The game was eventually ported to pre-Mac OS X versions of the Macintosh operating system, such as System 6. It was also ported to the Amiga and Apple IIGS, from the Mac OS version.</p>
<p>The player commands a home star in the galaxy, and then expands to form an interstellar empire by colonizing far-off worlds, building powerful starships, and researching new technologies.</p>
<p>Reach for the Stars was very strongly influenced by the board game Stellar Conquest. Many of RFTS's features have direct correspondence in Stellar Conquest.</p>
<p>Graphics are minimal, yet the tactical and strategic elements provide countless rich combinations for colony development and interstellar warfare. The software's AI also offered a challenging opponent in single-player games. It is not uncommon for a Reach for the Stars game to take over twelve hours to complete in single-player mode and 24 hours with multiple players.</p>",,[],1983-01-01,False,2023-02-08T10:51:49,https://media.rawg.io/media/screenshots/b3f/b3f08bd2e46652cd2c0f5d9d59e50e49.jpg,https://media.rawg.io/media/screenshots/93b/93b57f9ed194c0bf5a9d89b647971596.jpg,,0.0,0,"[{'id': 4, 'title': 'recommended', 'count': 1, 'percent': 100.0}]",12,0,10,0,0,0,0,,,,,0,0,0,0,1,243,[],,0,0,0,,1,0f0f0f,0f0f0f,"[{'platform': {'id': 1, 'name': 'PC', 'slug': 'pc'}}, {'platform': {'id': 5, 'name': 'Apple Macintosh', 'slug': 'mac'}}, {'platform': {'id': 10, 'name': 'Commodore / Amiga', 'slug': 'commodore-amiga'}}]","[{'platform': {'id': 166, 'name': 'Commodore / Amiga', 'slug': 'commodore-amiga', 'image': None, 'year_end': None, 'year_start': None, 'games_count': 2083, 'image_background': 'https://media.rawg.io/media/games/cce/cce8bebe861f295003f5a9fe5b11233f.jpg'}, 'released_at': '1983-01-01', 'requirements': {}}, {'platform': {'id': 41, 'name': 'Apple II', 'slug': 'apple-ii', 'image': None, 'year_end': None, 'year_start': None, 'games_count': 424, 'image_background': 'https://media.rawg.io/media/screenshots/3d2/3d2bb57b39e2efa39d1c385585b2ea8b.jpg'}, 'released_at': '1983-01-01', 'requirements': {}}, {'platform': {'id': 55, 'name': 'Classic Macintosh', 'slug': 'macintosh', 'image': None, 'year_end': None, 'year_start': None, 'games_count': 675, 'image_background': 'https://media.rawg.io/media/games/38a/38af969459ad6e5de116ec8a4a84218c.jpg'}, 'released_at': '1983-01-01', 'requirements': {}}, {'platform': {'id': 4, 'name': 'PC', 'slug': 'pc', 'image': None, 'year_end': None, 'year_start': None, 'games_count': 547196, 'image_background': 'https://media.rawg.io/media/games/6fc/6fcf4cd3b17c288821388e6085bb0fc9.jpg'}, 'released_at': '1983-01-01', 'requirements': {}}]",[],"[{'id': 13228, 'name': 'Strategic Studies Group', 'slug': 'strategic-studies-group', 'games_count': 24, 'image_background': 'https://media.rawg.io/media/screenshots/b3f/b3f08bd2e46652cd2c0f5d9d59e50e49.jpg'}]",[],"[{'id': 31, 'name': 'Singleplayer', 'slug': 'singleplayer', 'language': 'eng', 'games_count': 238404, 'image_background': 'https://media.rawg.io/media/games/26d/26d4437715bee60138dab4a7c8c59c92.jpg'}, {'id': 7, 'name': 'Multiplayer', 'slug': 'multiplayer', 'language': 'eng', 'games_count': 40505, 'image_background': 'https://media.rawg.io/media/games/021/021c4e21a1824d2526f925eff6324653.jpg'}]","[{'id': 12132, 'name': 'Strategic Studies Group', 'slug': 'strategic-studies-group', 'games_count': 7, 'image_background': 'https://media.rawg.io/media/screenshots/7e3/7e328d7c065e896027afe0d632a859d2.jpg'}]",,"Reach for the Stars is a science fiction strategy video game. It is the earliest known commercially published example of the 4X games (Explore, Expand, Exploit, Exterminate) genre. It was written by Roger Keating and Ian Trout of SSG of Australia and published in 1983 for the Commodore 64 and then the Apple II in 1985. Version 3 added an MS-DOS port, though it did not share all of the features of the other platforms. The game was eventually ported to pre-Mac OS X versions of the Macintosh operating system, such as System 6. It was also ported to the Amiga and Apple IIGS, from the Mac OS version.
The player commands a home star in the galaxy, and then expands to form an interstellar empire by colonizing far-off worlds, building powerful starships, and researching new technologies.
Reach for the Stars was very strongly influenced by the board game Stellar Conquest. Many of RFTS's features have direct correspondence in Stellar Conquest.
Graphics are minimal, yet the tactical and strategic elements provide countless rich combinations for colony development and interstellar warfare. The software's AI also offered a challenging opponent in single-player games. It is not uncommon for a Reach for the Stars game to take over twelve hours to complete in single-player mode and 24 hours with multiple players.",,1.0,5.0,3.0,2.0,1.0,,,,,,,,,,,,,0.0
55437,enchanter-1983,Enchanter (1983),Enchanter (1983),"<p>Enchanter is a 1983 interactive fiction computer game written by Marc Blank and Dave Lebling and published by Infocom. It belongs to the fantasy genre and was the first fantasy game published by Infocom after the Zork trilogy (it was originally intended to be Zork IV). The game had a parser that understood over 700 words, making it the most advanced interactive fiction game of its time. It was Infocom's ninth game.</p>",,[],1983-08-10,False,2023-02-08T10:51:52,https://media.rawg.io/media/screenshots/32f/32f9df44c8730bfa8a51d8a474c3a724.jpg,https://media.rawg.io/media/screenshots/438/4380f3aeea90e02fa9c6e9bfd0f44c5b.jpg,,0.0,0,[],12,0,22,0,2,0,0,,,,,0,0,0,0,0,131,[],,0,0,0,,0,0f0f0f,0f0f0f,"[{'platform': {'id': 1, 'name': 'PC', 'slug': 'pc'}}, {'platform': {'id': 5, 'name': 'Apple Macintosh', 'slug': 'mac'}}, {'platform': {'id': 9, 'name': 'Atari', 'slug': 'atari'}}, {'platform': {'id': 10, 'name': 'Commodore / Amiga', 'slug': 'commodore-amiga'}}]","[{'platform': {'id': 34, 'name': 'Atari ST', 'slug': 'atari-st', 'image': None, 'year_end': None, 'year_start': None, 'games_count': 836, 'image_background': 'https://media.rawg.io/media/games/637/637d7dc2f44d0f6ddd3ee2c0b1366962.jpg'}, 'released_at': '1983-08-10', 'requirements': {}}, {'platform': {'id': 41, 'name': 'Apple II', 'slug': 'apple-ii', 'image': None, 'year_end': None, 'year_start': None, 'games_count': 424, 'image_background': 'https://media.rawg.io/media/screenshots/3d2/3d2bb57b39e2efa39d1c385585b2ea8b.jpg'}, 'released_at': '1983-08-10', 'requirements': {}}, {'platform': {'id': 25, 'name': 'Atari 8-bit', 'slug': 'atari-8-bit', 'image': None, 'year_end': None, 'year_start': None, 'games_count': 308, 'image_background': 'https://media.rawg.io/media/screenshots/038/0385a47d3a43b218204268af5361a19e.jpg'}, 'released_at': '1983-08-10', 'requirements': {}}, {'platform': {'id': 55, 'name': 'Classic Macintosh', 'slug': 'macintosh', 'image': None, 'year_end': None, 'year_start': None, 'games_count': 675, 'image_background': 'https://media.rawg.io/media/games/38a/38af969459ad6e5de116ec8a4a84218c.jpg'}, 'released_at': '1983-08-10', 'requirements': {}}, {'platform': {'id': 166, 'name': 'Commodore / Amiga', 'slug': 'commodore-amiga', 'image': None, 'year_end': None, 'year_start': None, 'games_count': 2083, 'image_background': 'https://media.rawg.io/media/games/cce/cce8bebe861f295003f5a9fe5b11233f.jpg'}, 'released_at': '1983-08-10', 'requirements': {}}, {'platform': {'id': 4, 'name': 'PC', 'slug': 'pc', 'image': None, 'year_end': None, 'year_start': None, 'games_count': 547196, 'image_background': 'https://media.rawg.io/media/games/6fc/6fcf4cd3b17c288821388e6085bb0fc9.jpg'}, 'released_at': '1983-08-10', 'requirements': {}}]",[],"[{'id': 12929, 'name': 'Infocom', 'slug': 'infocom', 'games_count': 48, 'image_background': 'https://media.rawg.io/media/screenshots/782/7822ae77e839fa2db05cd53d08225dd8.jpg'}]",[],"[{'id': 31, 'name': 'Singleplayer', 'slug': 'singleplayer', 'language': 'eng', 'games_count': 238404, 'image_background': 'https://media.rawg.io/media/games/26d/26d4437715bee60138dab4a7c8c59c92.jpg'}]","[{'id': 11435, 'name': 'Infocom', 'slug': 'infocom', 'games_count': 45, 'image_background': 'https://media.rawg.io/media/screenshots/3d4/3d4094f02e71cb3439ab3c8af62809c0.jpg'}]",,"Enchanter is a 1983 interactive fiction computer game written by Marc Blank and Dave Lebling and published by Infocom. It belongs to the fantasy genre and was the first fantasy game published by Infocom after the Zork trilogy (it was originally intended to be Zork IV). The game had a parser that understood over 700 words, making it the most advanced interactive fiction game of its time. It was Infocom's ninth game.",,1.0,6.0,2.0,2.0,1.0,,,,,,,,,,,,,0.0
52491,beamrider,Beamrider,Beamrider,"<p>Beamrider is a fixed shooter designed for the Intellivision by David Rolfe and published by Activision in 1983. The game was then ported to the Atari 2600 (with a slightly reduced feature set), Atari 5200, Atari 8-bit family, ColecoVision, Commodore 64, ZX Spectrum and MSX platforms.</p>",,[],1983-01-01,False,2019-08-28T22:26:31,https://media.rawg.io/media/screenshots/5b2/5b281b0f52a2c86cc0a33f7442680860.jpg,https://media.rawg.io/media/screenshots/c59/c597fbfae459b5d54e74f8afab7ae3f8.jpg,,0.0,0,[],12,0,16,0,1,0,0,,,,,0,0,0,0,0,142,[],,0,0,0,,0,0f0f0f,0f0f0f,"[{'platform': {'id': 9, 'name': 'Atari', 'slug': 'atari'}}, {'platform': {'id': 10, 'name': 'Commodore / Amiga', 'slug': 'commodore-amiga'}}]","[{'platform': {'id': 25, 'name': 'Atari 8-bit', 'slug': 'atari-8-bit', 'image': None, 'year_end': None, 'year_start': None, 'games_count': 308, 'image_background': 'https://media.rawg.io/media/screenshots/038/0385a47d3a43b218204268af5361a19e.jpg'}, 'released_at': '1983-01-01', 'requirements': {}}, {'platform': {'id': 23, 'name': 'Atari 2600', 'slug': 'atari-2600', 'image': None, 'year_end': None, 'year_start': None, 'games_count': 294, 'image_background': 'https://media.rawg.io/media/screenshots/ff6/ff623993a854663931c1e78d72a16a5a.jpg'}, 'released_at': '1983-01-01', 'requirements': {}}, {'platform': {'id': 31, 'name': 'Atari 5200', 'slug': 'atari-5200', 'image': None, 'year_end': None, 'year_start': None, 'games_count': 64, 'image_background': 'https://media.rawg.io/media/screenshots/678/6786598cba3939d48ed60cbd1a3723f4.jpg'}, 'released_at': '1983-01-01', 'requirements': {}}, {'platform': {'id': 166, 'name': 'Commodore / Amiga', 'slug': 'commodore-amiga', 'image': None, 'year_end': None, 'year_start': None, 'games_count': 2083, 'image_background': 'https://media.rawg.io/media/games/cce/cce8bebe861f295003f5a9fe5b11233f.jpg'}, 'released_at': '1983-01-01', 'requirements': {}}]",[],"[{'id': 11, 'name': 'Activision', 'slug': 'activision', 'games_count': 163, 'image_background': 'https://media.rawg.io/media/screenshots/d05/d0524e9b2e276dd9c8351881e897f7c9.jpg'}]",[],"[{'id': 31, 'name': 'Singleplayer', 'slug': 'singleplayer', 'language': 'eng', 'games_count': 238404, 'image_background': 'https://media.rawg.io/media/games/26d/26d4437715bee60138dab4a7c8c59c92.jpg'}]","[{'id': 10830, 'name': 'Activision Blizzard', 'slug': 'activision-blizzard', 'games_count': 691, 'image_background': 'https://media.rawg.io/media/games/445/44507fdd60a8ec02b1c3c64a293ca754.jpg'}]",,"Beamrider is a fixed shooter designed for the Intellivision by David Rolfe and published by Activision in 1983. The game was then ported to the Atari 2600 (with a slightly reduced feature set), Atari 5200, Atari 8-bit family, ColecoVision, Commodore 64, ZX Spectrum and MSX platforms.",,,7.0,2.0,2.0,1.0,,,,,,,,,,,,,0.0
56371,broadsides,Broadsides,Broadsides,"<p>Broadsides is a 1983 videogame that simulated naval combat in the Age of Sail for the Atari 8-bit family, Apple II, and Commodore 64. Giant warships circled each other, waiting for the best time to unleash a broadside upon the enemy. Cannons could be loaded with various types of ordnance; cannonballs to destroy the hull, chain shot to destroy the sails, and grape shot to kill the enemy crew.</p>
<p>One could also close with the enemy ship and attempt to board their ship. This aspect of the game played a lot like rock-paper-scissors, where the player controlled one crew member and which sort of attack he made with his sword. This was compared against the enemy attack, and the results were used to decrease the crew count on one side. Once one side's crew was all dead, the other side was the victor.</p>
<p>The game also offers a simplified, arcade-combat mode in which the player fights an endless number of enemy ships.</p>",,[],1983-01-01,False,2019-08-28T22:00:31,https://media.rawg.io/media/screenshots/14b/14b95872ec48eb0f78b1f634addc0368.jpg,https://media.rawg.io/media/screenshots/6bb/6bbc3a4170be1fb6cddb30db8e4ccfbe.jpg,,0.0,0,[],12,0,9,0,1,0,0,,,,,0,0,0,0,0,223,[],,0,0,0,,0,0f0f0f,0f0f0f,"[{'platform': {'id': 5, 'name': 'Apple Macintosh', 'slug': 'mac'}}, {'platform': {'id': 9, 'name': 'Atari', 'slug': 'atari'}}, {'platform': {'id': 10, 'name': 'Commodore / Amiga', 'slug': 'commodore-amiga'}}]","[{'platform': {'id': 166, 'name': 'Commodore / Amiga', 'slug': 'commodore-amiga', 'image': None, 'year_end': None, 'year_start': None, 'games_count': 2083, 'image_background': 'https://media.rawg.io/media/games/cce/cce8bebe861f295003f5a9fe5b11233f.jpg'}, 'released_at': '1983-01-01', 'requirements': {}}, {'platform': {'id': 41, 'name': 'Apple II', 'slug': 'apple-ii', 'image': None, 'year_end': None, 'year_start': None, 'games_count': 424, 'image_background': 'https://media.rawg.io/media/screenshots/3d2/3d2bb57b39e2efa39d1c385585b2ea8b.jpg'}, 'released_at': '1983-01-01', 'requirements': {}}, {'platform': {'id': 25, 'name': 'Atari 8-bit', 'slug': 'atari-8-bit', 'image': None, 'year_end': None, 'year_start': None, 'games_count': 308, 'image_background': 'https://media.rawg.io/media/screenshots/038/0385a47d3a43b218204268af5361a19e.jpg'}, 'released_at': '1983-01-01', 'requirements': {}}]",[],"[{'id': 13148, 'name': 'Strategic Simulations', 'slug': 'strategic-simulations', 'games_count': 85, 'image_background': 'https://media.rawg.io/media/screenshots/4ce/4ce8db24d00f54368491e29b090dfba6.jpg'}]","[{'id': 10, 'name': 'Strategy', 'slug': 'strategy', 'games_count': 59661, 'image_background': 'https://media.rawg.io/media/games/08b/08b2eee52a9876a48b955e5149affe5b.jpg'}]","[{'id': 31, 'name': 'Singleplayer', 'slug': 'singleplayer', 'language': 'eng', 'games_count': 238404, 'image_background': 'https://media.rawg.io/media/games/26d/26d4437715bee60138dab4a7c8c59c92.jpg'}]","[{'id': 19851, 'name': 'Strategic Simulations', 'slug': 'strategic-simulations', 'games_count': 113, 'image_background': 'https://media.rawg.io/media/screenshots/55c/55cd1c62d524e51467185c94839b08c4.jpg'}]",,"Broadsides is a 1983 videogame that simulated naval combat in the Age of Sail for the Atari 8-bit family, Apple II, and Commodore 64. Giant warships circled each other, waiting for the best time to unleash a broadside upon the enemy. Cannons could be loaded with various types of ordnance; cannonballs to destroy the hull, chain shot to destroy the sails, and grape shot to kill the enemy crew.
One could also close with the enemy ship and attempt to board their ship. This aspect of the game played a lot like rock-paper-scissors, where the player controlled one crew member and which sort of attack he made with his sword. This was compared against the enemy attack, and the results were used to decrease the crew count on one side. Once one side's crew was all dead, the other side was the victor.
The game also offers a simplified, arcade-combat mode in which the player fights an endless number of enemy ships.",,,7.0,2.0,2.0,1.0,,,,,,,,,,,,,0.0
33122,centipede-1983,Centipede (1983),Centipede (1983),"<p>Centipede (1983) is an arcade game developed by Atari. It was originally released in 1983. Atarisoft published the game. Most rawgers rated the game as ""Exceptional"". <br>You can play Centipede (1983) on PC. </p>

<p></p>",,[],1983-01-01,False,2023-02-08T10:51:54,https://media.rawg.io/media/screenshots/e1c/e1c4d3cd93f323d0ad52f103c3ea1814.jpg,https://media.rawg.io/media/screenshots/249/2490cea58c11a92f039085b1f000a888.jpg,,0.0,0,"[{'id': 5, 'title': 'exceptional', 'count': 1, 'percent': 50.0}, {'id': 4, 'title': 'recommended', 'count': 1, 'percent': 50.0}]",12,0,4,0,0,0,0,,,,,0,0,0,0,2,63,[],,0,0,0,,2,0f0f0f,0f0f0f,"[{'platform': {'id': 1, 'name': 'PC', 'slug': 'pc'}}]","[{'platform': {'id': 4, 'name': 'PC', 'slug': 'pc', 'image': None, 'year_end': None, 'year_start': None, 'games_count': 547196, 'image_background': 'https://media.rawg.io/media/games/6fc/6fcf4cd3b17c288821388e6085bb0fc9.jpg'}, 'released_at': '1983-01-01', 'requirements': {}}]",[],"[{'id': 656, 'name': 'Atari', 'slug': 'atari', 'games_count': 137, 'image_background': 'https://media.rawg.io/media/games/0d2/0d2d6f345cd77639d65a235cb7dd0a21.jpg'}]","[{'id': 11, 'name': 'Arcade', 'slug': 'arcade', 'games_count': 22658, 'image_background': 'https://media.rawg.io/media/games/556/556157feed9ee1f55f2b12b2973e30a3.jpg'}]",[],"[{'id': 11859, 'name': 'Atarisoft', 'slug': 'atarisoft', 'games_count': 7, 'image_background': 'https://media.rawg.io/media/screenshots/565/56504b28b184dbc630a7de118e39d822.jpg'}]",,,,1.0,5.0,3.0,2.0,1.0,,,,,,,,,,,,,0.0
52486,assault-1983,Assault (1983),Assault (1983),"<p>Assault is a fixed shooter video game released in 1983, in the United States, by Bomb for the Atari 2600.</p>",,[],1983-01-01,False,2019-08-28T22:02:36,https://media.rawg.io/media/screenshots/8e6/8e6f492add5fd34e7c0768581d0704d4.jpg,https://media.rawg.io/media/screenshots/25f/25fc48e39b1e3286e223190d520f8946.jpg,,0.0,0,[],12,0,4,0,0,0,0,,,,,0,0,0,0,0,46,[],,0,0,0,,0,0f0f0f,0f0f0f,"[{'platform': {'id': 9, 'name': 'Atari', 'slug': 'atari'}}]","[{'platform': {'id': 23, 'name': 'Atari 2600', 'slug': 'atari-2600', 'image': None, 'year_end': None, 'year_start': None, 'games_count': 294, 'image_background': 'https://media.rawg.io/media/screenshots/ff6/ff623993a854663931c1e78d72a16a5a.jpg'}, 'released_at': '1983-01-01', 'requirements': {}}]",[],[],[],"[{'id': 31, 'name': 'Singleplayer', 'slug': 'singleplayer', 'language': 'eng', 'games_count': 238404, 'image_background': 'https://media.rawg.io/media/games/26d/26d4437715bee60138dab4a7c8c59c92.jpg'}]","[{'id': 19446, 'name': 'Bomb', 'slug': 'bomb', 'games_count': 1, 'image_background': 'https://media.rawg.io/media/screenshots/8e6/8e6f492add5fd34e7c0768581d0704d4.jpg'}]",,"Assault is a fixed shooter video game released in 1983, in the United States, by Bomb for the Atari 2600.",,,6.0,2.0,2.0,1.0,1.0,,,,,,,,,,,,0.0
52443,pepsi-invaders,Pepsi Invaders,Pepsi Invaders,"<p>Pepsi Invaders (also known as Coke Wins) is a video game for the Atari 2600 platform, based on the popular Space Invaders. It was commissioned by Coca-Cola for their 1983 sales convention, and developed by Atari as a modification of the original Space Invaders cartridge (essentially, an official ROM hack).</p>
<p>The game is a modification of Space Invaders, with each row consisting of the letters P E P S I followed by an alien, instead of the original six aliens. In addition, the game was changed from having limited lives but unlimited time as in the original Space Invaders, to having unlimited lives but a three-minute time limit in which to shoot as many of the enemies and complete as many levels as possible.</p>",,[],1983-01-01,False,2019-08-28T22:26:31,https://media.rawg.io/media/screenshots/eb3/eb3b382a140114bc5eac316295fc71ac.jpg,https://media.rawg.io/media/screenshots/806/806a1cbc4bd88695326f2e7f5afeab75.jpg,,0.0,0,[],12,0,3,0,1,0,0,,,,,0,0,0,0,0,35,[],,0,0,0,,0,0f0f0f,0f0f0f,"[{'platform': {'id': 9, 'name': 'Atari', 'slug': 'atari'}}]","[{'platform': {'id': 23, 'name': 'Atari 2600', 'slug': 'atari-2600', 'image': None, 'year_end': None, 'year_start': None, 'games_count': 294, 'image_background': 'https://media.rawg.io/media/screenshots/ff6/ff623993a854663931c1e78d72a16a5a.jpg'}, 'released_at': '1983-01-01', 'requirements': {}}]",[],"[{'id': 656, 'name': 'Atari', 'slug': 'atari', 'games_count': 137, 'image_background': 'https://media.rawg.io/media/games/0d2/0d2d6f345cd77639d65a235cb7dd0a21.jpg'}]",[],"[{'id': 31, 'name': 'Singleplayer', 'slug': 'singleplayer', 'language': 'eng', 'games_count': 238404, 'image_background': 'https://media.rawg.io/media/games/26d/26d4437715bee60138dab4a7c8c59c92.jpg'}]","[{'id': 19423, 'name': 'Coca-Cola', 'slug': 'coca-cola', 'games_count': 1, 'image_background': 'https://media.rawg.io/media/screenshots/eb3/eb3b382a140114bc5eac316295fc71ac.jpg'}]",,"Pepsi Invaders (also known as Coke Wins) is a video game for the Atari 2600 platform, based on the popular Space Invaders. It was commissioned by Coca-Cola for their 1983 sales convention, and developed by Atari as a modification of the original Space Invaders cartridge (essentially, an official ROM hack).
The game is a modification of Space Invaders, with each row consisting of the letters P E P S I followed by an alien, instead of the original six aliens. In addition, the game was changed from having limited lives but unlimited time as in the original Space Invaders, to having unlimited lives but a three-minute time limit in which to shoot as many of the enemies and complete as many levels as possible.",,,6.0,3.0,2.0,1.0,,,,,,,,,,,,,0.0
295012,star-wars-return-of-the-jedi-death-star-battle,Star Wars: Return of The Jedi - Death Star Battle,Star Wars: Return of The Jedi - Death Star Battle,"<p>Star Wars: Return of The Jedi - Death Star Battle is an action game. It came out on 01-01-1983. Parker Brothers published the game. The game is rated as ""Meh"" on RAWG. <br>You can play Star Wars: Return of The Jedi - Death Star Battle on Atari 2600. </p>

<p></p>",,[],1983-01-01,False,2019-02-19T15:47:21,,,,0.0,0,"[{'id': 3, 'title': 'meh', 'count': 1, 'percent': 100.0}]",12,0,0,0,0,0,0,,,,,0,0,0,0,1,0,[],,0,0,0,,1,0f0f0f,0f0f0f,"[{'platform': {'id': 9, 'name': 'Atari', 'slug': 'atari'}}]","[{'platform': {'id': 23, 'name': 'Atari 2600', 'slug': 'atari-2600', 'image': None, 'year_end': None, 'year_start': None, 'games_count': 294, 'image_background': 'https://media.rawg.io/media/screenshots/ff6/ff623993a854663931c1e78d72a16a5a.jpg'}, 'released_at': '1983-01-01', 'requirements': {}}]",[],[],"[{'id': 4, 'name': 'Action', 'slug': 'action', 'games_count': 186608, 'image_background': 'https://media.rawg.io/media/games/618/618c2031a07bbff6b4f611f10b6bcdbc.jpg'}]",[],"[{'id': 19460, 'name': 'Parker Brothers', 'slug': 'parker-brothers', 'games_count': 19, 'image_background': 'https://media.rawg.io/media/screenshots/c06/c06937e1c4e9a46874dcf2223de70593.jpg'}]",,,,,6.0,3.0,2.0,1.0,,,,,,,,,,,,,0.0
56563,in-search-of-the-most-amazing-thing,In Search of the Most Amazing Thing,In Search of the Most Amazing Thing,"<p>In Search of the Most Amazing Thing (ISOTMAT) is a computer game designed by Tom Snyder Productions and published by Spinnaker Software in 1983. Although marketed as a children's game, ISOTMAT drew acclaim from players of all ages for its original concept and imaginative game world.</p>",,[],1983-01-01,False,2023-02-08T10:51:51,https://media.rawg.io/media/screenshots/e21/e211c75455cdda99420835d9984b9149.jpg,https://media.rawg.io/media/screenshots/f78/f787a98be28d21a8880c7f4fbaccd9ea.jpg,,0.0,0,[],11,0,9,0,0,0,0,,,,,0,0,0,0,0,174,[],,0,0,0,,0,0f0f0f,0f0f0f,"[{'platform': {'id': 1, 'name': 'PC', 'slug': 'pc'}}, {'platform': {'id': 5, 'name': 'Apple Macintosh', 'slug': 'mac'}}, {'platform': {'id': 9, 'name': 'Atari', 'slug': 'atari'}}, {'platform': {'id': 10, 'name': 'Commodore / Amiga', 'slug': 'commodore-amiga'}}]","[{'platform': {'id': 166, 'name': 'Commodore / Amiga', 'slug': 'commodore-amiga', 'image': None, 'year_end': None, 'year_start': None, 'games_count': 2083, 'image_background': 'https://media.rawg.io/media/games/cce/cce8bebe861f295003f5a9fe5b11233f.jpg'}, 'released_at': '1983-01-01', 'requirements': {}}, {'platform': {'id': 41, 'name': 'Apple II', 'slug': 'apple-ii', 'image': None, 'year_end': None, 'year_start': None, 'games_count': 424, 'image_background': 'https://media.rawg.io/media/screenshots/3d2/3d2bb57b39e2efa39d1c385585b2ea8b.jpg'}, 'released_at': '1983-01-01', 'requirements': {}}, {'platform': {'id': 25, 'name': 'Atari 8-bit', 'slug': 'atari-8-bit', 'image': None, 'year_end': None, 'year_start': None, 'games_count': 308, 'image_background': 'https://media.rawg.io/media/screenshots/038/0385a47d3a43b218204268af5361a19e.jpg'}, 'released_at': '1983-01-01', 'requirements': {}}, {'platform': {'id': 4, 'name': 'PC', 'slug': 'pc', 'image': None, 'year_end': None, 'year_start': None, 'games_count': 547196, 'image_background': 'https://media.rawg.io/media/games/6fc/6fcf4cd3b17c288821388e6085bb0fc9.jpg'}, 'released_at': '1983-01-01', 'requirements': {}}]",[],"[{'id': 27352, 'name': 'Tom Snyder Productions', 'slug': 'tom-snyder-productions', 'games_count': 3, 'image_background': 'https://media.rawg.io/media/screenshots/c57/c5724a0689807f5c3f411cf32c02676e.jpg'}, {'id': 27353, 'name': 'Soup2Nuts', 'slug': 'soup2nuts', 'games_count': 3, 'image_background': 'https://media.rawg.io/media/screenshots/9f0/9f0337e1b6b0146c81efc5992f6c0820.jpg'}]","[{'id': 3, 'name': 'Adventure', 'slug': 'adventure', 'games_count': 146481, 'image_background': 'https://media.rawg.io/media/games/b6b/b6b20bfc4b34e312dbc8aac53c95a348.jpg'}]","[{'id': 31, 'name': 'Singleplayer', 'slug': 'singleplayer', 'language': 'eng', 'games_count': 238404, 'image_background': 'https://media.rawg.io/media/games/26d/26d4437715bee60138dab4a7c8c59c92.jpg'}]","[{'id': 20538, 'name': 'Spinnaker Software', 'slug': 'spinnaker-software', 'games_count': 2, 'image_background': 'https://media.rawg.io/media/screenshots/e21/e211c75455cdda99420835d9984b9149.jpg'}]",,"In Search of the Most Amazing Thing (ISOTMAT) is a computer game designed by Tom Snyder Productions and published by Spinnaker Software in 1983. Although marketed as a children's game, ISOTMAT drew acclaim from players of all ages for its original concept and imaginative game world.",,1.0,5.0,2.0,2.0,1.0,,,,,,,,,,,,,0.0
58019,alpha-blaster,Alpha Blaster,Alpha Blaster,<p>Alpha Blaster is a fixed shooter video game developed by Dave Aron at Sumlock for the VIC-20 home computer and published by LiveWire Software in 1983. Aackosoft published an MSX adaptation of the game in the following year.</p>,,[],1983-01-01,False,2019-08-28T22:25:46,https://media.rawg.io/media/screenshots/990/990772a3f02cd3e897609b4eced32847.jpg,https://media.rawg.io/media/screenshots/2f1/2f103b26d23148ac5d22226dc8b5ec54.jpg,,0.0,0,[],11,0,7,0,1,0,0,,,,,0,0,0,0,0,149,[],,0,0,0,,0,0f0f0f,0f0f0f,[],[],[],"[{'id': 27869, 'name': 'Sumlock', 'slug': 'sumlock', 'games_count': 1, 'image_background': 'https://media.rawg.io/media/screenshots/990/990772a3f02cd3e897609b4eced32847.jpg'}]",[],"[{'id': 31, 'name': 'Singleplayer', 'slug': 'singleplayer', 'language': 'eng', 'games_count': 238404, 'image_background': 'https://media.rawg.io/media/games/26d/26d4437715bee60138dab4a7c8c59c92.jpg'}]","[{'id': 20527, 'name': 'Aackosoft', 'slug': 'aackosoft', 'games_count': 2, 'image_background': 'https://media.rawg.io/media/screenshots/edd/edd58211e69e258dccb3eb390c93703c.jpg'}, {'id': 20844, 'name': 'LiveWire Software', 'slug': 'livewire-software', 'games_count': 1, 'image_background': 'https://media.rawg.io/media/screenshots/990/990772a3f02cd3e897609b4eced32847.jpg'}]",,Alpha Blaster is a fixed shooter video game developed by Dave Aron at Sumlock for the VIC-20 home computer and published by LiveWire Software in 1983. Aackosoft published an MSX adaptation of the game in the following year.,,,6.0,2.0,2.0,1.0,,,,,,,,,,,,,0.0
52490,bank-heist,Bank Heist,Bank Heist,<p>Bank Heist is a maze video game published by 20th Century Fox for the Atari 2600.</p>,,[],1983-01-01,False,2019-08-28T22:26:31,https://media.rawg.io/media/screenshots/98d/98d4b1610d13d754d580f0f65b2941e9.jpg,https://media.rawg.io/media/screenshots/cab/cab06c02503dbf3cce22147e00ada71d.jpg,,0.0,0,[],11,0,7,0,1,0,0,,,,,0,0,0,0,0,43,[],,0,0,0,,0,0f0f0f,0f0f0f,"[{'platform': {'id': 9, 'name': 'Atari', 'slug': 'atari'}}]","[{'platform': {'id': 23, 'name': 'Atari 2600', 'slug': 'atari-2600', 'image': None, 'year_end': None, 'year_start': None, 'games_count': 294, 'image_background': 'https://media.rawg.io/media/screenshots/ff6/ff623993a854663931c1e78d72a16a5a.jpg'}, 'released_at': '1983-01-01', 'requirements': {}}]",[],"[{'id': 14722, 'name': 'Fox Interactive', 'slug': 'fox-interactive', 'games_count': 10, 'image_background': 'https://media.rawg.io/media/screenshots/4c6/4c6d4b9fedb4adcf428b7cb000510965.jpg'}, {'id': 25965, 'name': '20th Century Fox', 'slug': '20th-century-fox', 'games_count': 1, 'image_background': 'https://media.rawg.io/media/screenshots/98d/98d4b1610d13d754d580f0f65b2941e9.jpg'}]",[],"[{'id': 31, 'name': 'Singleplayer', 'slug': 'singleplayer', 'language': 'eng', 'games_count': 238404, 'image_background': 'https://media.rawg.io/media/games/26d/26d4437715bee60138dab4a7c8c59c92.jpg'}]","[{'id': 19450, 'name': '20th Century Fox', 'slug': '20th-century-fox', 'games_count': 3, 'image_background': 'https://media.rawg.io/media/games/db4/db4d474031c73087027cbf09e43e3282.jpg'}]",,Bank Heist is a maze video game published by 20th Century Fox for the Atari 2600.,,,6.0,2.0,2.0,1.0,,,,,,,,,,,,,0.0
56346,bear-bovver,Bear Bovver,Bear Bovver,<p>Bear Bovver is a computer game released in 1983 for the ZX Spectrum and Commodore 64 and was developed by Jon Ritman.</p>,,[],1983-01-01,False,2019-08-28T22:25:59,https://media.rawg.io/media/screenshots/75d/75d4c57e65ab7d1d7b49899083348c83.jpg,https://media.rawg.io/media/screenshots/e36/e368336ae9e3f75686aee54f6f53ca2d.jpg,,0.0,0,[],11,0,8,0,0,0,0,,,,,0,0,0,0,0,152,[],,0,0,0,,0,0f0f0f,0f0f0f,"[{'platform': {'id': 10, 'name': 'Commodore / Amiga', 'slug': 'commodore-amiga'}}]","[{'platform': {'id': 166, 'name': 'Commodore / Amiga', 'slug': 'commodore-amiga', 'image': None, 'year_end': None, 'year_start': None, 'games_count': 2083, 'image_background': 'https://media.rawg.io/media/games/cce/cce8bebe861f295003f5a9fe5b11233f.jpg'}, 'released_at': '1983-01-01', 'requirements': {}}]",[],"[{'id': 27394, 'name': 'Jon Ritman', 'slug': 'jon-ritman', 'games_count': 1, 'image_background': 'https://media.rawg.io/media/screenshots/75d/75d4c57e65ab7d1d7b49899083348c83.jpg'}]",[],"[{'id': 31, 'name': 'Singleplayer', 'slug': 'singleplayer', 'language': 'eng', 'games_count': 238404, 'image_background': 'https://media.rawg.io/media/games/26d/26d4437715bee60138dab4a7c8c59c92.jpg'}]","[{'id': 20495, 'name': 'Artic Computing', 'slug': 'artic-computing', 'games_count': 1, 'image_background': 'https://media.rawg.io/media/screenshots/75d/75d4c57e65ab7d1d7b49899083348c83.jpg'}, {'id': 20496, 'name': 'Artic Software', 'slug': 'artic-software', 'games_count': 1, 'image_background': 'https://media.rawg.io/media/screenshots/75d/75d4c57e65ab7d1d7b49899083348c83.jpg'}]",,Bear Bovver is a computer game released in 1983 for the ZX Spectrum and Commodore 64 and was developed by Jon Ritman.,,,6.0,2.0,2.0,1.0,,,,,,,,,,,,,0.0
52447,quadrun,Quadrun,Quadrun,"<p>Quadrun is a video game for the Atari 2600 developed by Steve Woita and published in 1983 by Atari, Inc.. One of the four Atari Club games available exclusively via mail order, this title may have been available later in stores in very limited quantities. This is one of the rarest games from Atari, as only approximately 10,000 were initially made. Quadrun is the first Atari 2600 game to feature voice synthesis (""Quadrun! Quadrun! Quadrun!""); the only other is Open Sesame, made by Bit Corp.</p>",,[],1983-01-01,False,2019-08-28T22:02:37,https://media.rawg.io/media/screenshots/61b/61ba2fb829f48f7c4a9d0e3d8ecc8b75.jpg,https://media.rawg.io/media/screenshots/303/303b6cfa7ec5968de58133f1f23e4847.jpg,,0.0,0,[],11,0,7,0,1,0,0,,,,,0,0,0,0,0,83,[],,0,0,0,,0,0f0f0f,0f0f0f,"[{'platform': {'id': 9, 'name': 'Atari', 'slug': 'atari'}}]","[{'platform': {'id': 22, 'name': 'Atari Flashback', 'slug': 'atari-flashback', 'image': None, 'year_end': None, 'year_start': None, 'games_count': 30, 'image_background': 'https://media.rawg.io/media/screenshots/2aa/2aa07f58491e14b0183333f8956bc802.jpg'}, 'released_at': '1983-01-01', 'requirements': {}}, {'platform': {'id': 23, 'name': 'Atari 2600', 'slug': 'atari-2600', 'image': None, 'year_end': None, 'year_start': None, 'games_count': 294, 'image_background': 'https://media.rawg.io/media/screenshots/ff6/ff623993a854663931c1e78d72a16a5a.jpg'}, 'released_at': '1983-01-01', 'requirements': {}}]",[],"[{'id': 656, 'name': 'Atari', 'slug': 'atari', 'games_count': 137, 'image_background': 'https://media.rawg.io/media/games/0d2/0d2d6f345cd77639d65a235cb7dd0a21.jpg'}]",[],"[{'id': 31, 'name': 'Singleplayer', 'slug': 'singleplayer', 'language': 'eng', 'games_count': 238404, 'image_background': 'https://media.rawg.io/media/games/26d/26d4437715bee60138dab4a7c8c59c92.jpg'}]","[{'id': 1779, 'name': 'Atari', 'slug': 'atari', 'games_count': 507, 'image_background': 'https://media.rawg.io/media/games/d82/d82dbcf92ded452bf8c6fb1bbdd62e52.jpg'}]",,"Quadrun is a video game for the Atari 2600 developed by Steve Woita and published in 1983 by Atari, Inc.. One of the four Atari Club games available exclusively via mail order, this title may have been available later in stores in very limited quantities. This is one of the rarest games from Atari, as only approximately 10,000 were initially made. Quadrun is the first Atari 2600 game to feature voice synthesis (""Quadrun! Quadrun! Quadrun!""); the only other is Open Sesame, made by Bit Corp.",,1.0,5.0,3.0,1.0,1.0,,,,,,,,,,,,,0.0
52519,frankensteins-monster,Frankenstein's Monster,Frankenstein's Monster,"<p>Frankenstein's Monster is a platform game developed for the Atari 2600 video game console, based on Mary Shelly's Frankenstein. It was released by third-party developer Data Age in 1983.</p>",,[],1983-01-01,False,2019-08-28T22:26:30,https://media.rawg.io/media/screenshots/b86/b86b021e9371456297efb59f36b32225.jpg,https://media.rawg.io/media/screenshots/8da/8dab051809222a6a89505a3c7bdac206.jpg,,0.0,0,[],11,0,8,0,0,0,0,,,,,0,0,0,0,0,59,[],,0,0,0,,0,0f0f0f,0f0f0f,"[{'platform': {'id': 9, 'name': 'Atari', 'slug': 'atari'}}]","[{'platform': {'id': 23, 'name': 'Atari 2600', 'slug': 'atari-2600', 'image': None, 'year_end': None, 'year_start': None, 'games_count': 294, 'image_background': 'https://media.rawg.io/media/screenshots/ff6/ff623993a854663931c1e78d72a16a5a.jpg'}, 'released_at': '1983-01-01', 'requirements': {}}]",[],[],[],"[{'id': 31, 'name': 'Singleplayer', 'slug': 'singleplayer', 'language': 'eng', 'games_count': 238404, 'image_background': 'https://media.rawg.io/media/games/26d/26d4437715bee60138dab4a7c8c59c92.jpg'}, {'id': 7, 'name': 'Multiplayer', 'slug': 'multiplayer', 'language': 'eng', 'games_count': 40505, 'image_background': 'https://media.rawg.io/media/games/021/021c4e21a1824d2526f925eff6324653.jpg'}]","[{'id': 19442, 'name': 'Data Age', 'slug': 'data-age', 'games_count': 4, 'image_background': 'https://media.rawg.io/media/screenshots/b86/b86b021e9371456297efb59f36b32225.jpg'}]",,"Frankenstein's Monster is a platform game developed for the Atari 2600 video game console, based on Mary Shelly's Frankenstein. It was released by third-party developer Data Age in 1983.",,,5.0,3.0,2.0,1.0,,,,,,,,,,,,,0.0
56431,dino-eggs,Dino Eggs,Dino Eggs,"<p>Dino Eggs is an Apple II platform game designed by David Schroeder and published by Micro Fun in 1983. It was ported to the Commodore 64 by Leonard Bertoni and the IBM PC. Dino Eggs is Schroeder's second published game, after Crisis Mountain.</p>",,[],1983-01-01,False,2019-08-28T22:00:29,https://media.rawg.io/media/screenshots/96a/96afd9f921a30adcecfe6fd361e1bff5.jpg,https://media.rawg.io/media/screenshots/9fd/9fd040dd351054a0d69aa0964f130dea.jpg,,0.0,0,[],11,0,9,0,3,0,0,,,,,0,0,0,0,0,232,[],,0,0,0,,0,0f0f0f,0f0f0f,"[{'platform': {'id': 5, 'name': 'Apple Macintosh', 'slug': 'mac'}}, {'platform': {'id': 10, 'name': 'Commodore / Amiga', 'slug': 'commodore-amiga'}}]","[{'platform': {'id': 166, 'name': 'Commodore / Amiga', 'slug': 'commodore-amiga', 'image': None, 'year_end': None, 'year_start': None, 'games_count': 2083, 'image_background': 'https://media.rawg.io/media/games/cce/cce8bebe861f295003f5a9fe5b11233f.jpg'}, 'released_at': '1983-01-01', 'requirements': {}}, {'platform': {'id': 41, 'name': 'Apple II', 'slug': 'apple-ii', 'image': None, 'year_end': None, 'year_start': None, 'games_count': 424, 'image_background': 'https://media.rawg.io/media/screenshots/3d2/3d2bb57b39e2efa39d1c385585b2ea8b.jpg'}, 'released_at': '1983-01-01', 'requirements': {}}]",[],"[{'id': 27432, 'name': 'Micro Fun', 'slug': 'micro-fun', 'games_count': 1, 'image_background': 'https://media.rawg.io/media/screenshots/96a/96afd9f921a30adcecfe6fd361e1bff5.jpg'}]",[],"[{'id': 31, 'name': 'Singleplayer', 'slug': 'singleplayer', 'language': 'eng', 'games_count': 238404, 'image_background': 'https://media.rawg.io/media/games/26d/26d4437715bee60138dab4a7c8c59c92.jpg'}]","[{'id': 20524, 'name': 'Micro Fun', 'slug': 'micro-fun', 'games_count': 1, 'image_background': 'https://media.rawg.io/media/screenshots/96a/96afd9f921a30adcecfe6fd361e1bff5.jpg'}]",,"Dino Eggs is an Apple II platform game designed by David Schroeder and published by Micro Fun in 1983. It was ported to the Commodore 64 by Leonard Bertoni and the IBM PC. Dino Eggs is Schroeder's second published game, after Crisis Mountain.",,,6.0,2.0,2.0,1.0,,,,,,,,,,,,,0.0
52483,artillery-duel,Artillery Duel,Artillery Duel,<p>Artillery Duel is a strategy game and artillery clone for home console and computer systems developed by Xonox. Artillery Duel was featured in a few double-ender configurations as well as in a single cartridge.</p>,,[],1983-01-01,False,2019-08-28T22:02:36,https://media.rawg.io/media/screenshots/5ca/5ca1d9249662b53a97bb1aa2a0f634c0.jpg,https://media.rawg.io/media/screenshots/9e3/9e30f958d97b167a9ea8327c255d9beb.jpg,,0.0,0,[],11,0,8,0,1,0,0,,,,,0,0,0,0,0,149,[],,0,0,0,,0,0f0f0f,0f0f0f,"[{'platform': {'id': 9, 'name': 'Atari', 'slug': 'atari'}}, {'platform': {'id': 10, 'name': 'Commodore / Amiga', 'slug': 'commodore-amiga'}}]","[{'platform': {'id': 166, 'name': 'Commodore / Amiga', 'slug': 'commodore-amiga', 'image': None, 'year_end': None, 'year_start': None, 'games_count': 2083, 'image_background': 'https://media.rawg.io/media/games/cce/cce8bebe861f295003f5a9fe5b11233f.jpg'}, 'released_at': '1983-01-01', 'requirements': {}}, {'platform': {'id': 23, 'name': 'Atari 2600', 'slug': 'atari-2600', 'image': None, 'year_end': None, 'year_start': None, 'games_count': 294, 'image_background': 'https://media.rawg.io/media/screenshots/ff6/ff623993a854663931c1e78d72a16a5a.jpg'}, 'released_at': '1983-01-01', 'requirements': {}}]",[],"[{'id': 25961, 'name': 'Xonox', 'slug': 'xonox', 'games_count': 3, 'image_background': 'https://media.rawg.io/media/screenshots/c02/c025a98c6aca950331884a1c2f10d592.jpg'}]","[{'id': 10, 'name': 'Strategy', 'slug': 'strategy', 'games_count': 59661, 'image_background': 'https://media.rawg.io/media/games/08b/08b2eee52a9876a48b955e5149affe5b.jpg'}]","[{'id': 31, 'name': 'Singleplayer', 'slug': 'singleplayer', 'language': 'eng', 'games_count': 238404, 'image_background': 'https://media.rawg.io/media/games/26d/26d4437715bee60138dab4a7c8c59c92.jpg'}]","[{'id': 19445, 'name': 'Xonox', 'slug': 'xonox', 'games_count': 3, 'image_background': 'https://media.rawg.io/media/screenshots/5ca/5ca1d9249662b53a97bb1aa2a0f634c0.jpg'}]",,Artillery Duel is a strategy game and artillery clone for home console and computer systems developed by Xonox. Artillery Duel was featured in a few double-ender configurations as well as in a single cartridge.,,,6.0,2.0,1.0,1.0,1.0,,,,,,,,,,,,0.0
30660,defender-1983,Defender (1983),Defender (1983),"<p>Defender (1983) is an arcade game developed by Williams Electronics. It came out on 01-01-1983. It was published by Atarisoft. Most rawgers rated the game as ""Exceptional"". <br>Defender (1983) is available on PC. </p>

<p></p>",,[],1983-01-01,False,2023-02-08T10:51:53,https://media.rawg.io/media/screenshots/127/1274085794a7712913cf32b1fa577bde.jpg,https://media.rawg.io/media/screenshots/1a8/1a82e4339638a5171eae810955208ecd.jpg,,0.0,0,"[{'id': 5, 'title': 'exceptional', 'count': 1, 'percent': 100.0}]",11,0,4,0,0,0,0,,,,,0,0,0,0,1,61,[],,0,0,0,,1,0f0f0f,0f0f0f,"[{'platform': {'id': 1, 'name': 'PC', 'slug': 'pc'}}]","[{'platform': {'id': 4, 'name': 'PC', 'slug': 'pc', 'image': None, 'year_end': None, 'year_start': None, 'games_count': 547196, 'image_background': 'https://media.rawg.io/media/games/6fc/6fcf4cd3b17c288821388e6085bb0fc9.jpg'}, 'released_at': '1983-01-01', 'requirements': {}}]",[],"[{'id': 15124, 'name': 'Williams Electronics', 'slug': 'williams-electronics', 'games_count': 4, 'image_background': 'https://media.rawg.io/media/screenshots/746/74611799f79eb84894560bece6215dfd.jpg'}]","[{'id': 11, 'name': 'Arcade', 'slug': 'arcade', 'games_count': 22658, 'image_background': 'https://media.rawg.io/media/games/556/556157feed9ee1f55f2b12b2973e30a3.jpg'}]",[],"[{'id': 11859, 'name': 'Atarisoft', 'slug': 'atarisoft', 'games_count': 7, 'image_background': 'https://media.rawg.io/media/screenshots/565/56504b28b184dbc630a7de118e39d822.jpg'}]",,,,1.0,6.0,2.0,1.0,1.0,,,,,,,,,,,,,0.0
56489,forbidden-forest,Forbidden Forest,Forbidden Forest,"<p>Forbidden Forest is a game designed by Paul Norman, published by Cosmi Corporation in 1983 for the Commodore 64 and Atari 8-bit family. The cassette tape release for the Commodore 64 is the first game to use the Novaload fast loader.</p>",,[],1983-01-01,False,2022-03-27T08:46:41,https://media.rawg.io/media/screenshots/568/568fc3f1f556dfa08b6af1c8477f915e.jpg,https://media.rawg.io/media/screenshots/684/6847095b98b171a6a4956b9d3e9169cf.jpg,,0.0,0,[],11,0,8,0,2,0,0,,,,,0,0,0,0,0,156,['Der Wald von Demogargon: Forbidden Forest'],,0,0,0,,0,0f0f0f,0f0f0f,"[{'platform': {'id': 9, 'name': 'Atari', 'slug': 'atari'}}, {'platform': {'id': 10, 'name': 'Commodore / Amiga', 'slug': 'commodore-amiga'}}]","[{'platform': {'id': 25, 'name': 'Atari 8-bit', 'slug': 'atari-8-bit', 'image': None, 'year_end': None, 'year_start': None, 'games_count': 308, 'image_background': 'https://media.rawg.io/media/screenshots/038/0385a47d3a43b218204268af5361a19e.jpg'}, 'released_at': '1983-01-01', 'requirements': {}}, {'platform': {'id': 166, 'name': 'Commodore / Amiga', 'slug': 'commodore-amiga', 'image': None, 'year_end': None, 'year_start': None, 'games_count': 2083, 'image_background': 'https://media.rawg.io/media/games/cce/cce8bebe861f295003f5a9fe5b11233f.jpg'}, 'released_at': '1983-01-01', 'requirements': {}}]",[],"[{'id': 8329, 'name': 'Cosmi', 'slug': 'cosmi', 'games_count': 5, 'image_background': 'https://media.rawg.io/media/screenshots/911/91108d06742349192cb5947893a2082b.jpg'}]","[{'id': 4, 'name': 'Action', 'slug': 'action', 'games_count': 186608, 'image_background': 'https://media.rawg.io/media/games/618/618c2031a07bbff6b4f611f10b6bcdbc.jpg'}]","[{'id': 31, 'name': 'Singleplayer', 'slug': 'singleplayer', 'language': 'eng', 'games_count': 238404, 'image_background': 'https://media.rawg.io/media/games/26d/26d4437715bee60138dab4a7c8c59c92.jpg'}]","[{'id': 20597, 'name': 'Cosmi', 'slug': 'cosmi', 'games_count': 4, 'image_background': 'https://media.rawg.io/media/screenshots/911/91108d06742349192cb5947893a2082b.jpg'}]",,"Forbidden Forest is a game designed by Paul Norman, published by Cosmi Corporation in 1983 for the Commodore 64 and Atari 8-bit family. The cassette tape release for the Commodore 64 is the first game to use the Novaload fast loader.",,,6.0,2.0,2.0,1.0,,,,,,,,,,,,,0.0
52510,dishaster,Dishaster,Dishaster,"<p>Dishaster is an action game released for the Atari 2600 in 1983 by Zimag. Another version of the game was released by Bit Corporation under the name Dancing Plates which features oriental-themed graphics and adds eight game variations.</p>
<p>Dishaster was inspired by the circus tradition of keeping spinning plates suspended on poles. The player controls a girl attempting to keep a group of several spinning plates balanced on poles from falling. The game received negative reviews; criticism focused on the game's repetition and monotony.</p>",,[],1983-01-01,False,2019-08-28T22:02:35,https://media.rawg.io/media/screenshots/cea/cea9989b0387d746072d78bec6dbd931.jpg,https://media.rawg.io/media/screenshots/1f1/1f1ed552e6639739fe631646d6672966.jpg,,0.0,0,[],11,0,7,0,0,0,0,,,,,0,0,0,0,0,32,[],,0,0,0,,0,0f0f0f,0f0f0f,"[{'platform': {'id': 9, 'name': 'Atari', 'slug': 'atari'}}]","[{'platform': {'id': 23, 'name': 'Atari 2600', 'slug': 'atari-2600', 'image': None, 'year_end': None, 'year_start': None, 'games_count': 294, 'image_background': 'https://media.rawg.io/media/screenshots/ff6/ff623993a854663931c1e78d72a16a5a.jpg'}, 'released_at': '1983-01-01', 'requirements': {}}]",[],"[{'id': 25972, 'name': 'Zimag', 'slug': 'zimag', 'games_count': 2, 'image_background': 'https://media.rawg.io/media/screenshots/cea/cea9989b0387d746072d78bec6dbd931.jpg'}]","[{'id': 4, 'name': 'Action', 'slug': 'action', 'games_count': 186608, 'image_background': 'https://media.rawg.io/media/games/618/618c2031a07bbff6b4f611f10b6bcdbc.jpg'}]","[{'id': 31, 'name': 'Singleplayer', 'slug': 'singleplayer', 'language': 'eng', 'games_count': 238404, 'image_background': 'https://media.rawg.io/media/games/26d/26d4437715bee60138dab4a7c8c59c92.jpg'}]","[{'id': 19455, 'name': 'Zimag', 'slug': 'zimag', 'games_count': 2, 'image_background': 'https://media.rawg.io/media/screenshots/f43/f431344f0dfc068246924cff31be7d9b.jpg'}]",,"Dishaster is an action game released for the Atari 2600 in 1983 by Zimag. Another version of the game was released by Bit Corporation under the name Dancing Plates which features oriental-themed graphics and adds eight game variations.
Dishaster was inspired by the circus tradition of keeping spinning plates suspended on poles. The player controls a girl attempting to keep a group of several spinning plates balanced on poles from falling. The game received negative reviews; criticism focused on the game's repetition and monotony.",,,6.0,2.0,2.0,1.0,,,,,,,,,,,,,0.0
52407,taz,Taz,Taz,"<p>Taz is a video game developed and released by Atari in 1983 for the Atari 2600. It features the Looney Tunes character the Tasmanian Devil in a food frenzy. Within the game, Taz only appears as a tornado. The same game was released outside the United States featuring Asterix instead of Taz.</p>",,[],1983-01-01,False,2019-08-28T22:02:38,https://media.rawg.io/media/screenshots/433/433f71d392429aa2acf1aa5b65cef084.jpg,https://media.rawg.io/media/screenshots/ec5/ec51823cfd44719e2ea9fbdc2d70ed61.jpg,,0.0,0,"[{'id': 4, 'title': 'recommended', 'count': 1, 'percent': 100.0}]",11,0,7,0,1,0,0,,,,,0,0,0,0,1,68,[],,0,0,21,,1,0f0f0f,0f0f0f,"[{'platform': {'id': 9, 'name': 'Atari', 'slug': 'atari'}}]","[{'platform': {'id': 23, 'name': 'Atari 2600', 'slug': 'atari-2600', 'image': None, 'year_end': None, 'year_start': None, 'games_count': 294, 'image_background': 'https://media.rawg.io/media/screenshots/ff6/ff623993a854663931c1e78d72a16a5a.jpg'}, 'released_at': '1983-01-01', 'requirements': {}}]",[],"[{'id': 656, 'name': 'Atari', 'slug': 'atari', 'games_count': 137, 'image_background': 'https://media.rawg.io/media/games/0d2/0d2d6f345cd77639d65a235cb7dd0a21.jpg'}]","[{'id': 4, 'name': 'Action', 'slug': 'action', 'games_count': 186608, 'image_background': 'https://media.rawg.io/media/games/618/618c2031a07bbff6b4f611f10b6bcdbc.jpg'}]","[{'id': 31, 'name': 'Singleplayer', 'slug': 'singleplayer', 'language': 'eng', 'games_count': 238404, 'image_background': 'https://media.rawg.io/media/games/26d/26d4437715bee60138dab4a7c8c59c92.jpg'}]","[{'id': 1779, 'name': 'Atari', 'slug': 'atari', 'games_count': 507, 'image_background': 'https://media.rawg.io/media/games/d82/d82dbcf92ded452bf8c6fb1bbdd62e52.jpg'}]",,"Taz is a video game developed and released by Atari in 1983 for the Atari 2600. It features the Looney Tunes character the Tasmanian Devil in a food frenzy. Within the game, Taz only appears as a tornado. The same game was released outside the United States featuring Asterix instead of Taz.",,,5.0,4.0,1.0,1.0,,,,,,,,,,,,,0.0
52625,juno-first,Juno First,Juno First,"<p>Juno First (ジュノファースト) is a shoot 'em up arcade game developed by Konami and released in 1983. It was licensed to Gottlieb in the United States. The game is a vertical scrolling shooter, with a third-person perspective like Radar Scope. It follows in the tradition of space-themed shooting-galleries such as Space Invaders and Galaga. Juno First, however, is notable for its frenetic gameplay (like Defender and Xevious).</p>
<p>Juno First was ported to the Commodore 64 and Atari 8-bit by Greg Hiscott and published by Datasoft.</p>",,[],1983-01-01,False,2019-08-28T22:02:32,https://media.rawg.io/media/screenshots/b9f/b9f3c45ee168f8a4e03d9036c72aa7b6.jpg,https://media.rawg.io/media/screenshots/e80/e801a659035d6b81e6183a1a71f978d7.jpg,,0.0,0,"[{'id': 5, 'title': 'exceptional', 'count': 2, 'percent': 100.0}]",11,0,8,0,0,0,0,,,,,0,0,0,0,2,262,[],,0,0,0,,2,0f0f0f,0f0f0f,"[{'platform': {'id': 9, 'name': 'Atari', 'slug': 'atari'}}, {'platform': {'id': 10, 'name': 'Commodore / Amiga', 'slug': 'commodore-amiga'}}]","[{'platform': {'id': 25, 'name': 'Atari 8-bit', 'slug': 'atari-8-bit', 'image': None, 'year_end': None, 'year_start': None, 'games_count': 308, 'image_background': 'https://media.rawg.io/media/screenshots/038/0385a47d3a43b218204268af5361a19e.jpg'}, 'released_at': '1983-01-01', 'requirements': {}}, {'platform': {'id': 23, 'name': 'Atari 2600', 'slug': 'atari-2600', 'image': None, 'year_end': None, 'year_start': None, 'games_count': 294, 'image_background': 'https://media.rawg.io/media/screenshots/ff6/ff623993a854663931c1e78d72a16a5a.jpg'}, 'released_at': '1983-01-01', 'requirements': {}}, {'platform': {'id': 166, 'name': 'Commodore / Amiga', 'slug': 'commodore-amiga', 'image': None, 'year_end': None, 'year_start': None, 'games_count': 2083, 'image_background': 'https://media.rawg.io/media/games/cce/cce8bebe861f295003f5a9fe5b11233f.jpg'}, 'released_at': '1983-01-01', 'requirements': {}}]",[],"[{'id': 1971, 'name': 'Konami Digital Entertainment', 'slug': 'konami-digital-entertainment', 'games_count': 467, 'image_background': 'https://media.rawg.io/media/games/d56/d56412cd670313ef306da64669c381d8.jpg'}]",[],"[{'id': 31, 'name': 'Singleplayer', 'slug': 'singleplayer', 'language': 'eng', 'games_count': 238404, 'image_background': 'https://media.rawg.io/media/games/26d/26d4437715bee60138dab4a7c8c59c92.jpg'}, {'id': 418, 'name': '2 players', 'slug': '2-players', 'language': 'eng', 'games_count': 1244, 'image_background': 'https://media.rawg.io/media/screenshots/f9a/f9ac59bb4af2ca2193ee9ffb979577cf.jpg'}]","[{'id': 10691, 'name': 'Konami', 'slug': 'konami', 'games_count': 788, 'image_background': 'https://media.rawg.io/media/games/85e/85e4c8a78cf9b82b5ed19262fe00c00f.jpg'}, {'id': 19481, 'name': 'Gottlieb', 'slug': 'gottlieb', 'games_count': 3, 'image_background': 'https://media.rawg.io/media/screenshots/b9f/b9f3c45ee168f8a4e03d9036c72aa7b6.jpg'}]",,"Juno First (ジュノファースト) is a shoot 'em up arcade game developed by Konami and released in 1983. It was licensed to Gottlieb in the United States. The game is a vertical scrolling shooter, with a third-person perspective like Radar Scope. It follows in the tradition of space-themed shooting-galleries such as Space Invaders and Galaga. Juno First, however, is notable for its frenetic gameplay (like Defender and Xevious).
Juno First was ported to the Commodore 64 and Atari 8-bit by Greg Hiscott and published by Datasoft.",,,5.0,3.0,2.0,1.0,,,,,,,,,,,,,0.0
52498,chase-the-chuck-wagon,Chase the Chuck Wagon,Chase the Chuck Wagon,<p>Chase the Chuck Wagon is a 1983 promotional video game distributed by Purina for the Atari 2600/VCS home console. It was available only via mail order by sending in proofs of purchase to Purina.</p>,,[],1983-01-01,False,2019-01-09T12:41:06,https://media.rawg.io/media/screenshots/b10/b10e21ec2bed1b18d49a872dd8328d6c.jpg,https://media.rawg.io/media/screenshots/8ca/8cabd8fb315fafeaa286833abc536ef1.jpg,,0.0,0,[],11,0,5,0,1,0,0,,,,,0,0,0,0,0,58,[],,0,0,0,,0,0f0f0f,0f0f0f,"[{'platform': {'id': 9, 'name': 'Atari', 'slug': 'atari'}}]","[{'platform': {'id': 23, 'name': 'Atari 2600', 'slug': 'atari-2600', 'image': None, 'year_end': None, 'year_start': None, 'games_count': 294, 'image_background': 'https://media.rawg.io/media/screenshots/ff6/ff623993a854663931c1e78d72a16a5a.jpg'}, 'released_at': '1983-01-01', 'requirements': {}}]",[],[],[],"[{'id': 5816, 'name': 'console', 'slug': 'console', 'language': 'eng', 'games_count': 1390, 'image_background': 'https://media.rawg.io/media/games/faa/faa6a4a7a2e57faf2960329630aee211.jpg'}]","[{'id': 19453, 'name': 'Spectravideo', 'slug': 'spectravideo', 'games_count': 4, 'image_background': 'https://media.rawg.io/media/screenshots/0cb/0cb4c71338f1b50cd682c2986ffd9cab.jpg'}, {'id': 19452, 'name': 'Spectravision', 'slug': 'spectravision', 'games_count': 2, 'image_background': 'https://media.rawg.io/media/screenshots/b10/b10e21ec2bed1b18d49a872dd8328d6c.jpg'}]",,Chase the Chuck Wagon is a 1983 promotional video game distributed by Purina for the Atari 2600/VCS home console. It was available only via mail order by sending in proofs of purchase to Purina.,,,6.0,2.0,2.0,1.0,,,,,,,,,,,,,0.0
56293,ah-diddums,Ah Diddums,Ah Diddums,<p>Ah Diddums is a computer game released by Imagine for the ZX Spectrum in 1983 and the Commodore 64 in 1984.</p>,,[],1983-01-01,False,2019-08-28T22:00:34,https://media.rawg.io/media/screenshots/b0f/b0fae1bfdcf5f0400c06d67e8b960f75.jpg,https://media.rawg.io/media/screenshots/4a8/4a8f5b3dee8d8845a7a8530beca51e34.jpg,,0.0,0,"[{'id': 5, 'title': 'exceptional', 'count': 1, 'percent': 100.0}]",11,0,8,0,1,0,0,,,,,0,0,0,0,1,89,[],,0,0,0,,1,0f0f0f,0f0f0f,"[{'platform': {'id': 10, 'name': 'Commodore / Amiga', 'slug': 'commodore-amiga'}}]","[{'platform': {'id': 166, 'name': 'Commodore / Amiga', 'slug': 'commodore-amiga', 'image': None, 'year_end': None, 'year_start': None, 'games_count': 2083, 'image_background': 'https://media.rawg.io/media/games/cce/cce8bebe861f295003f5a9fe5b11233f.jpg'}, 'released_at': '1983-01-01', 'requirements': {}}]",[],"[{'id': 27184, 'name': 'Imagine Software', 'slug': 'imagine-software', 'games_count': 4, 'image_background': 'https://media.rawg.io/media/screenshots/b0f/b0fae1bfdcf5f0400c06d67e8b960f75.jpg'}]","[{'id': 4, 'name': 'Action', 'slug': 'action', 'games_count': 186608, 'image_background': 'https://media.rawg.io/media/games/618/618c2031a07bbff6b4f611f10b6bcdbc.jpg'}]","[{'id': 31, 'name': 'Singleplayer', 'slug': 'singleplayer', 'language': 'eng', 'games_count': 238404, 'image_background': 'https://media.rawg.io/media/games/26d/26d4437715bee60138dab4a7c8c59c92.jpg'}]","[{'id': 19864, 'name': 'Imagine Software', 'slug': 'imagine-software', 'games_count': 16, 'image_background': 'https://media.rawg.io/media/screenshots/f7b/f7b58fc768c19977174c96a0acd2dbfb.jpg'}]",,Ah Diddums is a computer game released by Imagine for the ZX Spectrum in 1983 and the Commodore 64 in 1984.,,,6.0,2.0,2.0,1.0,,,,,,,,,,,,,0.0
58546,the-return-of-heracles,The Return of Heracles,The Return of Heracles,Old adventure/RPG based on Greek myths.,,[],1983-01-01,False,2019-01-09T12:41:06,https://media.rawg.io/media/games/abe/abe2683bdbc6198bf7b267c927031c39.png,https://media.rawg.io/media/screenshots/440/440d2e82324dc3fa1e6230ca16ef8cad.jpg,,0.0,0,"[{'id': 4, 'title': 'recommended', 'count': 1, 'percent': 100.0}]",11,0,12,0,1,0,0,,,,,0,0,0,0,1,173,[],,0,0,0,,1,0f0f0f,0f0f0f,"[{'platform': {'id': 5, 'name': 'Apple Macintosh', 'slug': 'mac'}}, {'platform': {'id': 9, 'name': 'Atari', 'slug': 'atari'}}, {'platform': {'id': 10, 'name': 'Commodore / Amiga', 'slug': 'commodore-amiga'}}]","[{'platform': {'id': 41, 'name': 'Apple II', 'slug': 'apple-ii', 'image': None, 'year_end': None, 'year_start': None, 'games_count': 424, 'image_background': 'https://media.rawg.io/media/screenshots/3d2/3d2bb57b39e2efa39d1c385585b2ea8b.jpg'}, 'released_at': '1983-01-01', 'requirements': {}}, {'platform': {'id': 25, 'name': 'Atari 8-bit', 'slug': 'atari-8-bit', 'image': None, 'year_end': None, 'year_start': None, 'games_count': 308, 'image_background': 'https://media.rawg.io/media/screenshots/038/0385a47d3a43b218204268af5361a19e.jpg'}, 'released_at': '1983-01-01', 'requirements': {}}, {'platform': {'id': 166, 'name': 'Commodore / Amiga', 'slug': 'commodore-amiga', 'image': None, 'year_end': None, 'year_start': None, 'games_count': 2083, 'image_background': 'https://media.rawg.io/media/games/cce/cce8bebe861f295003f5a9fe5b11233f.jpg'}, 'released_at': '1985-01-01', 'requirements': {}}]",[],[],"[{'id': 3, 'name': 'Adventure', 'slug': 'adventure', 'games_count': 146481, 'image_background': 'https://media.rawg.io/media/games/b6b/b6b20bfc4b34e312dbc8aac53c95a348.jpg'}, {'id': 5, 'name': 'RPG', 'slug': 'role-playing-games-rpg', 'games_count': 59370, 'image_background': 'https://media.rawg.io/media/games/f6b/f6bed028b02369d4cab548f4f9337e81.jpg'}]","[{'id': 108, 'name': 'Mythology', 'slug': 'mythology', 'language': 'eng', 'games_count': 2277, 'image_background': 'https://media.rawg.io/media/games/6e9/6e9136f09bb9daaaed5a0e6d508028b4.jpg'}]","[{'id': 20988, 'name': 'Quality Software', 'slug': 'quality-software', 'games_count': 1, 'image_background': 'https://media.rawg.io/media/games/abe/abe2683bdbc6198bf7b267c927031c39.png'}]",,Old adventure/RPG based on Greek myths.,,,5.0,2.0,3.0,1.0,,,,,,,,,,,,,0.0
56783,solo-flight,Solo Flight,Solo Flight,"<p>Solo Flight is a flight simulator written by Sid Meier for the Atari 8-bit family and published by MicroProse in 1983. It was ported to the Apple II, Commodore 64, and later the IBM PC. It was published in the UK by U.S. Gold.</p>",,[],1983-01-01,False,2019-08-28T22:00:18,https://media.rawg.io/media/screenshots/395/395f4bceccc80845639d8b82110b83ae.jpg,https://media.rawg.io/media/screenshots/ad9/ad9a33d4de7791e5e1a3af01b0bf07ad.jpg,,0.0,0,[],11,0,8,0,1,0,0,,,,,0,0,0,0,0,167,[],,0,0,0,,0,0f0f0f,0f0f0f,"[{'platform': {'id': 5, 'name': 'Apple Macintosh', 'slug': 'mac'}}, {'platform': {'id': 9, 'name': 'Atari', 'slug': 'atari'}}, {'platform': {'id': 10, 'name': 'Commodore / Amiga', 'slug': 'commodore-amiga'}}]","[{'platform': {'id': 166, 'name': 'Commodore / Amiga', 'slug': 'commodore-amiga', 'image': None, 'year_end': None, 'year_start': None, 'games_count': 2083, 'image_background': 'https://media.rawg.io/media/games/cce/cce8bebe861f295003f5a9fe5b11233f.jpg'}, 'released_at': '1983-01-01', 'requirements': {}}, {'platform': {'id': 41, 'name': 'Apple II', 'slug': 'apple-ii', 'image': None, 'year_end': None, 'year_start': None, 'games_count': 424, 'image_background': 'https://media.rawg.io/media/screenshots/3d2/3d2bb57b39e2efa39d1c385585b2ea8b.jpg'}, 'released_at': '1983-01-01', 'requirements': {}}, {'platform': {'id': 25, 'name': 'Atari 8-bit', 'slug': 'atari-8-bit', 'image': None, 'year_end': None, 'year_start': None, 'games_count': 308, 'image_background': 'https://media.rawg.io/media/screenshots/038/0385a47d3a43b218204268af5361a19e.jpg'}, 'released_at': '1983-01-01', 'requirements': {}}]",[],"[{'id': 14511, 'name': 'MicroProse Software', 'slug': 'microprose-software', 'games_count': 122, 'image_background': 'https://media.rawg.io/media/screenshots/5e9/5e92af32e3cf118d0aa6a64acfd89ada.jpg'}]","[{'id': 14, 'name': 'Simulation', 'slug': 'simulation', 'games_count': 73491, 'image_background': 'https://media.rawg.io/media/games/48c/48cb04ca483be865e3a83119c94e6097.jpg'}]","[{'id': 31, 'name': 'Singleplayer', 'slug': 'singleplayer', 'language': 'eng', 'games_count': 238404, 'image_background': 'https://media.rawg.io/media/games/26d/26d4437715bee60138dab4a7c8c59c92.jpg'}]","[{'id': 11455, 'name': 'MicroProse', 'slug': 'microprose', 'games_count': 130, 'image_background': 'https://media.rawg.io/media/screenshots/05f/05f21409dac9ce60809bc1bce40d657a.jpg'}, {'id': 11527, 'name': 'U.S. Gold', 'slug': 'us-gold-2', 'games_count': 95, 'image_background': 'https://media.rawg.io/media/games/eaa/eaa94a1203b9b8fdf5b01575c9e91591.jpg'}]",,"Solo Flight is a flight simulator written by Sid Meier for the Atari 8-bit family and published by MicroProse in 1983. It was ported to the Apple II, Commodore 64, and later the IBM PC. It was published in the UK by U.S. Gold.",,,7.0,1.0,2.0,1.0,,,,,,,,,,,,,0.0
52484,chuck-norris-superkicks,Chuck Norris Superkicks,Chuck Norris Superkicks,"<p>Chuck Norris Superkicks, is a 1983 video game produced by Xonox where the player takes control of Chuck Norris. It was later sold as Kung Fu Superkicks when the license for the use of the name Chuck Norris expired. The game was produced for the Commodore 64, Commodore VIC-20, Atari 2600, and Colecovision as part of Xonox's double-ender cartridge line (cartridges with two games and two connectors that were flipped over depending on which one the user wanted to play).</p>",,[],1983-01-01,False,2019-08-28T22:02:36,https://media.rawg.io/media/screenshots/c02/c025a98c6aca950331884a1c2f10d592.jpg,https://media.rawg.io/media/screenshots/1a5/1a5bec3720863e55c0f2fcb9c5a94c9e.jpg,,0.0,0,[],11,0,8,0,0,0,0,,,,,0,0,0,0,0,70,[],,0,0,0,,0,0f0f0f,0f0f0f,"[{'platform': {'id': 9, 'name': 'Atari', 'slug': 'atari'}}, {'platform': {'id': 10, 'name': 'Commodore / Amiga', 'slug': 'commodore-amiga'}}]","[{'platform': {'id': 23, 'name': 'Atari 2600', 'slug': 'atari-2600', 'image': None, 'year_end': None, 'year_start': None, 'games_count': 294, 'image_background': 'https://media.rawg.io/media/screenshots/ff6/ff623993a854663931c1e78d72a16a5a.jpg'}, 'released_at': '1983-01-01', 'requirements': {}}, {'platform': {'id': 166, 'name': 'Commodore / Amiga', 'slug': 'commodore-amiga', 'image': None, 'year_end': None, 'year_start': None, 'games_count': 2083, 'image_background': 'https://media.rawg.io/media/games/cce/cce8bebe861f295003f5a9fe5b11233f.jpg'}, 'released_at': '1983-01-01', 'requirements': {}}]",[],"[{'id': 25961, 'name': 'Xonox', 'slug': 'xonox', 'games_count': 3, 'image_background': 'https://media.rawg.io/media/screenshots/c02/c025a98c6aca950331884a1c2f10d592.jpg'}]","[{'id': 4, 'name': 'Action', 'slug': 'action', 'games_count': 186608, 'image_background': 'https://media.rawg.io/media/games/618/618c2031a07bbff6b4f611f10b6bcdbc.jpg'}]","[{'id': 31, 'name': 'Singleplayer', 'slug': 'singleplayer', 'language': 'eng', 'games_count': 238404, 'image_background': 'https://media.rawg.io/media/games/26d/26d4437715bee60138dab4a7c8c59c92.jpg'}]","[{'id': 19445, 'name': 'Xonox', 'slug': 'xonox', 'games_count': 3, 'image_background': 'https://media.rawg.io/media/screenshots/5ca/5ca1d9249662b53a97bb1aa2a0f634c0.jpg'}]",,"Chuck Norris Superkicks, is a 1983 video game produced by Xonox where the player takes control of Chuck Norris. It was later sold as Kung Fu Superkicks when the license for the use of the name Chuck Norris expired. The game was produced for the Commodore 64, Commodore VIC-20, Atari 2600, and Colecovision as part of Xonox's double-ender cartridge line (cartridges with two games and two connectors that were flipped over depending on which one the user wanted to play).",,,6.0,2.0,2.0,1.0,,,,,,,,,,,,,0.0
389815,chackn-pop,Chack'n Pop,Chack'n Pop,<p>Chack&#39;n Pop (ちゃっくんぽっぷ Chakkunpoppu) is an arcade game released by Taito in 1983.</p>,,[],1983-01-01,False,2019-11-10T10:31:20,,,,0.0,0,[],11,0,0,0,0,0,0,,,,,0,0,0,0,0,0,[],,0,0,0,,0,0f0f0f,0f0f0f,"[{'platform': {'id': 7, 'name': 'Nintendo', 'slug': 'nintendo'}}]","[{'platform': {'id': 49, 'name': 'NES', 'slug': 'nes', 'image': None, 'year_end': None, 'year_start': None, 'games_count': 1015, 'image_background': 'https://media.rawg.io/media/games/7c5/7c50dd0415eb0a57505c58d4e50e4d24.jpg'}, 'released_at': '1983-01-01', 'requirements': {}}]",[],[],"[{'id': 11, 'name': 'Arcade', 'slug': 'arcade', 'games_count': 22658, 'image_background': 'https://media.rawg.io/media/games/556/556157feed9ee1f55f2b12b2973e30a3.jpg'}, {'id': 7, 'name': 'Puzzle', 'slug': 'puzzle', 'games_count': 97333, 'image_background': 'https://media.rawg.io/media/games/9f4/9f418898f5415668ca47b5f4ab1ecfeb.jpg'}]",[],"[{'id': 10867, 'name': 'Taito', 'slug': 'taito', 'games_count': 200, 'image_background': 'https://media.rawg.io/media/games/541/541de539db14b477a5ae9973f6ea8193.jpg'}]",,Chack'n Pop (ちゃっくんぽっぷ Chakkunpoppu) is an arcade game released by Taito in 1983.,,,6.0,1.0,1.0,3.0,,,,,,,,,,,,,0.0
52577,robot-tank,Robot Tank,Robot Tank,"<p>Robot Tank is a 1983 video game for the Atari 2600 similar in design to Atari's Battlezone arcade game, and more so to its 2600 port. It was written by Alan Miller and published by Activision.</p>",,[],1983-01-01,False,2019-08-28T22:26:30,https://media.rawg.io/media/screenshots/5ad/5ad344299b43217bbfa6ab1d6b8e47d8.jpg,https://media.rawg.io/media/screenshots/6c9/6c99cbd57e60f6e75076dad6f6ec0d64.jpg,,0.0,0,[],11,0,7,0,1,0,0,,,,,0,0,0,0,0,121,[],,0,0,0,,0,0f0f0f,0f0f0f,"[{'platform': {'id': 9, 'name': 'Atari', 'slug': 'atari'}}]","[{'platform': {'id': 23, 'name': 'Atari 2600', 'slug': 'atari-2600', 'image': None, 'year_end': None, 'year_start': None, 'games_count': 294, 'image_background': 'https://media.rawg.io/media/screenshots/ff6/ff623993a854663931c1e78d72a16a5a.jpg'}, 'released_at': '1983-01-01', 'requirements': {}}]",[],"[{'id': 11, 'name': 'Activision', 'slug': 'activision', 'games_count': 163, 'image_background': 'https://media.rawg.io/media/screenshots/d05/d0524e9b2e276dd9c8351881e897f7c9.jpg'}]",[],"[{'id': 31, 'name': 'Singleplayer', 'slug': 'singleplayer', 'language': 'eng', 'games_count': 238404, 'image_background': 'https://media.rawg.io/media/games/26d/26d4437715bee60138dab4a7c8c59c92.jpg'}]","[{'id': 10830, 'name': 'Activision Blizzard', 'slug': 'activision-blizzard', 'games_count': 691, 'image_background': 'https://media.rawg.io/media/games/445/44507fdd60a8ec02b1c3c64a293ca754.jpg'}]",,"Robot Tank is a 1983 video game for the Atari 2600 similar in design to Atari's Battlezone arcade game, and more so to its 2600 port. It was written by Alan Miller and published by Activision.",,,6.0,2.0,2.0,1.0,,,,,,,,,,,,,0.0
56535,hard-hat-mack,Hard Hat Mack,Hard Hat Mack,"<p>Hard Hat Mack is a platform game developed by Michael Abbot and Matthew Alexander for the Apple II which was published by Electronic Arts in 1983. Ports for the Atari 8-bit family and Commodore 64 were released simultaneously. It is one of the first batch of five games published by Electronic Arts, and EA specifically calls it out as ""truly EA's first game."" Versions for the Amstrad CPC and IBM PC (as a PC booter) followed in 1984</p>
<p>Hard Hat Mack is similar in theme and gameplay to Nintendo's Donkey Kong arcade game of 1981.</p>",,[],1983-01-01,False,2019-08-28T22:25:57,https://media.rawg.io/media/screenshots/57b/57b7f7ccf8188b42cfb7892ea523121f.jpg,https://media.rawg.io/media/screenshots/e3e/e3e161d16bff8d397763eb789a5c2212.jpg,,0.0,0,[],11,0,10,0,2,0,0,,,,,0,0,0,0,0,200,[],,0,0,0,,0,0f0f0f,0f0f0f,"[{'platform': {'id': 5, 'name': 'Apple Macintosh', 'slug': 'mac'}}, {'platform': {'id': 9, 'name': 'Atari', 'slug': 'atari'}}, {'platform': {'id': 10, 'name': 'Commodore / Amiga', 'slug': 'commodore-amiga'}}]","[{'platform': {'id': 166, 'name': 'Commodore / Amiga', 'slug': 'commodore-amiga', 'image': None, 'year_end': None, 'year_start': None, 'games_count': 2083, 'image_background': 'https://media.rawg.io/media/games/cce/cce8bebe861f295003f5a9fe5b11233f.jpg'}, 'released_at': '1983-01-01', 'requirements': {}}, {'platform': {'id': 41, 'name': 'Apple II', 'slug': 'apple-ii', 'image': None, 'year_end': None, 'year_start': None, 'games_count': 424, 'image_background': 'https://media.rawg.io/media/screenshots/3d2/3d2bb57b39e2efa39d1c385585b2ea8b.jpg'}, 'released_at': '1983-01-01', 'requirements': {}}, {'platform': {'id': 25, 'name': 'Atari 8-bit', 'slug': 'atari-8-bit', 'image': None, 'year_end': None, 'year_start': None, 'games_count': 308, 'image_background': 'https://media.rawg.io/media/screenshots/038/0385a47d3a43b218204268af5361a19e.jpg'}, 'released_at': '1983-01-01', 'requirements': {}}]",[],[],[],"[{'id': 31, 'name': 'Singleplayer', 'slug': 'singleplayer', 'language': 'eng', 'games_count': 238404, 'image_background': 'https://media.rawg.io/media/games/26d/26d4437715bee60138dab4a7c8c59c92.jpg'}]","[{'id': 354, 'name': 'Electronic Arts', 'slug': 'electronic-arts', 'games_count': 1332, 'image_background': 'https://media.rawg.io/media/games/45b/45b57ed59de4b84effd8f6bc4b7bf515.jpg'}]",,"Hard Hat Mack is a platform game developed by Michael Abbot and Matthew Alexander for the Apple II which was published by Electronic Arts in 1983. Ports for the Atari 8-bit family and Commodore 64 were released simultaneously. It is one of the first batch of five games published by Electronic Arts, and EA specifically calls it out as ""truly EA's first game."" Versions for the Amstrad CPC and IBM PC (as a PC booter) followed in 1984
Hard Hat Mack is similar in theme and gameplay to Nintendo's Donkey Kong arcade game of 1981.",,,6.0,2.0,2.0,1.0,,,,,,,,,,,,,0.0
52529,gi-joe-cobra-strike,G.I. Joe: Cobra Strike (1983),G.I. Joe: Cobra Strike (1983),<p>G.I. Joe: Cobra Strike is the title of a video game released for the Atari 2600 in 1983. The game was developed and published by Parker Brothers and involves three different types of gameplay. The game is loosely based on the G.I. Joe franchise of the same name. The U.K. version of the game was renamed Action Man: Action Force.</p>,,[],1983-01-01,False,2022-12-21T13:10:49,https://media.rawg.io/media/games/f0d/f0d4300d02b2851e483daed64d7e910d.jpg,https://media.rawg.io/media/screenshots/bc7/bc7361520af6185adbcd40f9c380baa0.jpg,,0.0,0,"[{'id': 1, 'title': 'skip', 'count': 1, 'percent': 100.0}]",11,0,2,0,1,0,0,,,,,0,0,0,0,1,40,['Action Man: Action Force'],,0,0,14,,1,0f0f0f,0f0f0f,"[{'platform': {'id': 9, 'name': 'Atari', 'slug': 'atari'}}]","[{'platform': {'id': 23, 'name': 'Atari 2600', 'slug': 'atari-2600', 'image': None, 'year_end': None, 'year_start': None, 'games_count': 294, 'image_background': 'https://media.rawg.io/media/screenshots/ff6/ff623993a854663931c1e78d72a16a5a.jpg'}, 'released_at': '1983-01-01', 'requirements': {}}]",[],"[{'id': 25978, 'name': 'Parker Brothers', 'slug': 'parker-brothers', 'games_count': 7, 'image_background': 'https://media.rawg.io/media/screenshots/b4d/b4d6b718197121e14efa7dc796f532ac.jpg'}]","[{'id': 4, 'name': 'Action', 'slug': 'action', 'games_count': 186608, 'image_background': 'https://media.rawg.io/media/games/618/618c2031a07bbff6b4f611f10b6bcdbc.jpg'}, {'id': 83, 'name': 'Platformer', 'slug': 'platformer', 'games_count': 100869, 'image_background': 'https://media.rawg.io/media/games/f8c/f8c6a262ead4c16b47e1219310210eb3.jpg'}]","[{'id': 31, 'name': 'Singleplayer', 'slug': 'singleplayer', 'language': 'eng', 'games_count': 238404, 'image_background': 'https://media.rawg.io/media/games/26d/26d4437715bee60138dab4a7c8c59c92.jpg'}, {'id': 7, 'name': 'Multiplayer', 'slug': 'multiplayer', 'language': 'eng', 'games_count': 40505, 'image_background': 'https://media.rawg.io/media/games/021/021c4e21a1824d2526f925eff6324653.jpg'}, {'id': 411, 'name': 'cooperative', 'slug': 'cooperative', 'language': 'eng', 'games_count': 5855, 'image_background': 'https://media.rawg.io/media/games/1bd/1bd2657b81eb0c99338120ad444b24ff.jpg'}]","[{'id': 19460, 'name': 'Parker Brothers', 'slug': 'parker-brothers', 'games_count': 19, 'image_background': 'https://media.rawg.io/media/screenshots/c06/c06937e1c4e9a46874dcf2223de70593.jpg'}]",,G.I. Joe: Cobra Strike is the title of a video game released for the Atari 2600 in 1983. The game was developed and published by Parker Brothers and involves three different types of gameplay. The game is loosely based on the G.I. Joe franchise of the same name. The U.K. version of the game was renamed Action Man: Action Force.,,,6.0,2.0,2.0,1.0,,2.0,Everyone 10+,everyone-10-plus,,,,,,,,,0.0
56504,gateway-to-apshai,Gateway to Apshai,Gateway to Apshai,"<p>Gateway to Apshai is an action-adventure game for the Commodore 64, ColecoVision and Atari 400/800 home computers, developed by The Connelley Group and published by Epyx as a prequel to Temple of Apshai. It is, in principle, a more action-oriented version of Temple of Apshai, with smoother and faster graphics routines, more intuitive controls, fewer role-playing video game elements, and fewer room descriptions.</p>",,[],1983-01-01,False,2019-08-28T22:00:27,https://media.rawg.io/media/screenshots/ef8/ef82cc07edafa5244d60e557217c62e5.jpg,https://media.rawg.io/media/screenshots/0cf/0cf15bc09d475f28fcef234658bb8c96.jpg,,0.0,0,[],11,0,9,0,0,0,0,,,,,0,0,0,0,0,184,[],,0,0,0,,0,0f0f0f,0f0f0f,"[{'platform': {'id': 9, 'name': 'Atari', 'slug': 'atari'}}, {'platform': {'id': 10, 'name': 'Commodore / Amiga', 'slug': 'commodore-amiga'}}]","[{'platform': {'id': 166, 'name': 'Commodore / Amiga', 'slug': 'commodore-amiga', 'image': None, 'year_end': None, 'year_start': None, 'games_count': 2083, 'image_background': 'https://media.rawg.io/media/games/cce/cce8bebe861f295003f5a9fe5b11233f.jpg'}, 'released_at': '1983-01-01', 'requirements': {}}, {'platform': {'id': 25, 'name': 'Atari 8-bit', 'slug': 'atari-8-bit', 'image': None, 'year_end': None, 'year_start': None, 'games_count': 308, 'image_background': 'https://media.rawg.io/media/screenshots/038/0385a47d3a43b218204268af5361a19e.jpg'}, 'released_at': '1983-01-01', 'requirements': {}}]",[],"[{'id': 14767, 'name': 'The Connelley Group', 'slug': 'the-connelley-group', 'games_count': 3, 'image_background': 'https://media.rawg.io/media/screenshots/ef8/ef82cc07edafa5244d60e557217c62e5.jpg'}]",[],"[{'id': 31, 'name': 'Singleplayer', 'slug': 'singleplayer', 'language': 'eng', 'games_count': 238404, 'image_background': 'https://media.rawg.io/media/games/26d/26d4437715bee60138dab4a7c8c59c92.jpg'}]","[{'id': 11929, 'name': 'Epyx', 'slug': 'epyx', 'games_count': 44, 'image_background': 'https://media.rawg.io/media/screenshots/189/1890b76089fc24b04ca7ce2fc3299274.jpg'}]",,"Gateway to Apshai is an action-adventure game for the Commodore 64, ColecoVision and Atari 400/800 home computers, developed by The Connelley Group and published by Epyx as a prequel to Temple of Apshai. It is, in principle, a more action-oriented version of Temple of Apshai, with smoother and faster graphics routines, more intuitive controls, fewer role-playing video game elements, and fewer room descriptions.",,,5.0,2.0,3.0,1.0,,,,,,,,,,,,,0.0
56473,the-farmers-daughter,The Farmer's Daughter,The Farmer's Daughter,"<p>The Farmer's Daughter is an erotic text-based video game for the Commodore 64 produced by Nocturnal Software and written by R.W. Fisher and D.W.J. Sarhan. The video game was produced in 1983 for the Commodore 64 and was released in 2002 for personal computers running MS-DOS.</p>
<p>The player's character is a traveling lightning rod salesman whose car breaks down near an old farmhouse. At the house, the player is met at the door by the title character, a gorgeous young girl who disappears from sight as soon as he asks to use the phone. While rummaging through the house the player finds her diary and learns which objects need to be collected to make her wildest sexual fantasy come true. While avoiding various pitfalls including her oversexed brothers, her father (who thinks the character is a revenuer) and his dog, the objects described are collected leading to a final encounter with the farmer's daughter in the hayloft. The game is timed by movements so that all objectives must be completed in 180 moves, lest the player miss the tow truck and lose the game.</p>
<p>The game is a fairly standard text-based adventure, and despite its risque subject matter there are no visuals.</p>",,[],1983-01-01,False,2023-02-08T10:51:47,https://media.rawg.io/media/screenshots/df7/df7c60d13104bca0a5a08d16d1a26357.jpg,https://media.rawg.io/media/screenshots/738/738313073b327bf98188d062b96ddfd2.jpg,,0.0,0,[],11,0,6,0,2,0,0,,,,,0,0,0,0,0,88,[],,0,0,0,,0,0f0f0f,0f0f0f,"[{'platform': {'id': 1, 'name': 'PC', 'slug': 'pc'}}, {'platform': {'id': 10, 'name': 'Commodore / Amiga', 'slug': 'commodore-amiga'}}]","[{'platform': {'id': 166, 'name': 'Commodore / Amiga', 'slug': 'commodore-amiga', 'image': None, 'year_end': None, 'year_start': None, 'games_count': 2083, 'image_background': 'https://media.rawg.io/media/games/cce/cce8bebe861f295003f5a9fe5b11233f.jpg'}, 'released_at': '1983-01-01', 'requirements': {}}, {'platform': {'id': 4, 'name': 'PC', 'slug': 'pc', 'image': None, 'year_end': None, 'year_start': None, 'games_count': 547196, 'image_background': 'https://media.rawg.io/media/games/6fc/6fcf4cd3b17c288821388e6085bb0fc9.jpg'}, 'released_at': '1983-01-01', 'requirements': {}}]",[],"[{'id': 27450, 'name': 'Nocturnal Software', 'slug': 'nocturnal-software', 'games_count': 1, 'image_background': 'https://media.rawg.io/media/screenshots/df7/df7c60d13104bca0a5a08d16d1a26357.jpg'}]",[],"[{'id': 31, 'name': 'Singleplayer', 'slug': 'singleplayer', 'language': 'eng', 'games_count': 238404, 'image_background': 'https://media.rawg.io/media/games/26d/26d4437715bee60138dab4a7c8c59c92.jpg'}]","[{'id': 20535, 'name': 'Nocturnal Software', 'slug': 'nocturnal-software', 'games_count': 1, 'image_background': 'https://media.rawg.io/media/screenshots/df7/df7c60d13104bca0a5a08d16d1a26357.jpg'}]",,"The Farmer's Daughter is an erotic text-based video game for the Commodore 64 produced by Nocturnal Software and written by R.W. Fisher and D.W.J. Sarhan. The video game was produced in 1983 for the Commodore 64 and was released in 2002 for personal computers running MS-DOS.
The player's character is a traveling lightning rod salesman whose car breaks down near an old farmhouse. At the house, the player is met at the door by the title character, a gorgeous young girl who disappears from sight as soon as he asks to use the phone. While rummaging through the house the player finds her diary and learns which objects need to be collected to make her wildest sexual fantasy come true. While avoiding various pitfalls including her oversexed brothers, her father (who thinks the character is a revenuer) and his dog, the objects described are collected leading to a final encounter with the farmer's daughter in the hayloft. The game is timed by movements so that all objectives must be completed in 180 moves, lest the player miss the tow truck and lose the game.
The game is a fairly standard text-based adventure, and despite its risque subject matter there are no visuals.",,1.0,5.0,2.0,2.0,1.0,,,,,,,,,,,,,0.0
56866,upn-down,Up'n Down,Up'n Down,"<p>Up'n Down is a video game developed and published by Sega. It was first released in 1983 as an arcade game, then later ported to the Atari 2600, ColecoVision, Atari 8-bit family, and Commodore 64. In Up'n Down the player drives a car forward and backward along a branching, vertically scrolling track, collecting flags and jumping on other cars to destroy them.</p>",,[],1983-01-01,False,2019-01-09T12:41:06,,,,0.0,0,[],11,0,0,0,0,0,0,,,,,0,0,0,0,0,0,[],,0,0,0,,0,0f0f0f,0f0f0f,"[{'platform': {'id': 9, 'name': 'Atari', 'slug': 'atari'}}, {'platform': {'id': 10, 'name': 'Commodore / Amiga', 'slug': 'commodore-amiga'}}]","[{'platform': {'id': 166, 'name': 'Commodore / Amiga', 'slug': 'commodore-amiga', 'image': None, 'year_end': None, 'year_start': None, 'games_count': 2083, 'image_background': 'https://media.rawg.io/media/games/cce/cce8bebe861f295003f5a9fe5b11233f.jpg'}, 'released_at': '1983-01-01', 'requirements': {}}, {'platform': {'id': 23, 'name': 'Atari 2600', 'slug': 'atari-2600', 'image': None, 'year_end': None, 'year_start': None, 'games_count': 294, 'image_background': 'https://media.rawg.io/media/screenshots/ff6/ff623993a854663931c1e78d72a16a5a.jpg'}, 'released_at': '1983-01-01', 'requirements': {}}]",[],"[{'id': 425, 'name': 'SEGA', 'slug': 'sega', 'games_count': 578, 'image_background': 'https://media.rawg.io/media/screenshots/845/84595759d06a7c5ed2eab76f623454f7.jpeg'}]","[{'id': 1, 'name': 'Racing', 'slug': 'racing', 'games_count': 25359, 'image_background': 'https://media.rawg.io/media/screenshots/69b/69bb243ea9896ddfc2e051b58e81624d.jpg'}]","[{'id': 418, 'name': '2 players', 'slug': '2-players', 'language': 'eng', 'games_count': 1244, 'image_background': 'https://media.rawg.io/media/screenshots/f9a/f9ac59bb4af2ca2193ee9ffb979577cf.jpg'}, {'id': 348, 'name': 'alternating turns', 'slug': 'alternating-turns', 'language': 'eng', 'games_count': 64, 'image_background': 'https://media.rawg.io/media/games/6f8/6f8fb1e98393f72b47f1f909d5b649d4.jpg'}]","[{'id': 3408, 'name': 'SEGA', 'slug': 'sega-2', 'games_count': 1262, 'image_background': 'https://media.rawg.io/media/games/be9/be9cf02720c9326e11d0fda14518554f.jpg'}]",,"Up'n Down is a video game developed and published by Sega. It was first released in 1983 as an arcade game, then later ported to the Atari 2600, ColecoVision, Atari 8-bit family, and Commodore 64. In Up'n Down the player drives a car forward and backward along a branching, vertically scrolling track, collecting flags and jumping on other cars to destroy them.",,,5.0,2.0,2.0,2.0,,,,,,,,,,,,,0.0
52534,i-want-my-mommy,I Want My Mommy,I Want My Mommy,"<p>I Want My Mommy is a video game for the Atari 2600, released exclusively to North America. It is a platform game (then called ""climbing games"" by the US press) where teleportation beams connect upward on the playing field. Monsters can be faked out by partially going up a teleporter then coming back down again.</p>
<p>The game was given the KidStuff panel on the cover art; meaning it was aimed at gamers under the age of nine.</p>
<p>Bootleg versions of the game were sold around the world as ""Open Sesame"", ""Apples and Dolls"", ""Teddy Apple"", and ""Ursinho Esperto"".</p>",,[],1983-01-01,False,2019-08-28T22:02:35,https://media.rawg.io/media/screenshots/f43/f431344f0dfc068246924cff31be7d9b.jpg,https://media.rawg.io/media/screenshots/0a7/0a72fab9fe62ee77a264c2bfe945c6a9.jpg,,0.0,0,[],11,0,6,0,0,0,0,,,,,0,0,0,0,0,76,[],,0,0,0,,0,0f0f0f,0f0f0f,"[{'platform': {'id': 9, 'name': 'Atari', 'slug': 'atari'}}]","[{'platform': {'id': 23, 'name': 'Atari 2600', 'slug': 'atari-2600', 'image': None, 'year_end': None, 'year_start': None, 'games_count': 294, 'image_background': 'https://media.rawg.io/media/screenshots/ff6/ff623993a854663931c1e78d72a16a5a.jpg'}, 'released_at': '1983-01-01', 'requirements': {}}]",[],"[{'id': 25972, 'name': 'Zimag', 'slug': 'zimag', 'games_count': 2, 'image_background': 'https://media.rawg.io/media/screenshots/cea/cea9989b0387d746072d78bec6dbd931.jpg'}]","[{'id': 4, 'name': 'Action', 'slug': 'action', 'games_count': 186608, 'image_background': 'https://media.rawg.io/media/games/618/618c2031a07bbff6b4f611f10b6bcdbc.jpg'}]","[{'id': 31, 'name': 'Singleplayer', 'slug': 'singleplayer', 'language': 'eng', 'games_count': 238404, 'image_background': 'https://media.rawg.io/media/games/26d/26d4437715bee60138dab4a7c8c59c92.jpg'}, {'id': 418, 'name': '2 players', 'slug': '2-players', 'language': 'eng', 'games_count': 1244, 'image_background': 'https://media.rawg.io/media/screenshots/f9a/f9ac59bb4af2ca2193ee9ffb979577cf.jpg'}]","[{'id': 19455, 'name': 'Zimag', 'slug': 'zimag', 'games_count': 2, 'image_background': 'https://media.rawg.io/media/screenshots/f43/f431344f0dfc068246924cff31be7d9b.jpg'}]",,"I Want My Mommy is a video game for the Atari 2600, released exclusively to North America. It is a platform game (then called ""climbing games"" by the US press) where teleportation beams connect upward on the playing field. Monsters can be faked out by partially going up a teleporter then coming back down again.
The game was given the KidStuff panel on the cover art; meaning it was aimed at gamers under the age of nine.
Bootleg versions of the game were sold around the world as ""Open Sesame"", ""Apples and Dolls"", ""Teddy Apple"", and ""Ursinho Esperto"".",,,6.0,2.0,2.0,1.0,,,,,,,,,,,,,0.0
56413,cuthbert-goes-walkabout,Cuthbert Goes Walkabout,Cuthbert Goes Walkabout,"<p>Cuthbert Goes Walkabout is a 1983 computer game for the Dragon 32/64, TRS-80 CoCo, Commodore 64 and Atari 8-bit family home computers. Produced by Microdeal, the game features the hero Cuthbert (a character who also appeared in Cuthbert Goes Digging, Cuthbert in Space, Cuthbert in the Jungle and Cuthbert in the Mines). The game is based on the Konami arcade game Amidar. The player has to guide Cuthbert around a grid-like level of squares. When the player walks all the way around each square it is filled with colour. If all the squares are filled, and Cuthbert successfully avoids the monsters and finishes before the time runs out, the player progresses to the next level.</p>
<p>The levels have a green background, except for every third which is white as a sort of bonus level.</p>",,[],1983-01-01,False,2019-08-28T22:25:58,https://media.rawg.io/media/screenshots/1e3/1e3dc39506017f1a3d130aff2fb81e63.jpg,https://media.rawg.io/media/screenshots/b62/b6276c9c8309dbd9c5697db397bb8fa0.jpg,,0.0,0,[],11,0,8,0,0,0,0,,,,,0,0,0,0,0,111,[],,0,0,0,,0,0f0f0f,0f0f0f,"[{'platform': {'id': 9, 'name': 'Atari', 'slug': 'atari'}}, {'platform': {'id': 10, 'name': 'Commodore / Amiga', 'slug': 'commodore-amiga'}}]","[{'platform': {'id': 166, 'name': 'Commodore / Amiga', 'slug': 'commodore-amiga', 'image': None, 'year_end': None, 'year_start': None, 'games_count': 2083, 'image_background': 'https://media.rawg.io/media/games/cce/cce8bebe861f295003f5a9fe5b11233f.jpg'}, 'released_at': '1983-01-01', 'requirements': {}}, {'platform': {'id': 25, 'name': 'Atari 8-bit', 'slug': 'atari-8-bit', 'image': None, 'year_end': None, 'year_start': None, 'games_count': 308, 'image_background': 'https://media.rawg.io/media/screenshots/038/0385a47d3a43b218204268af5361a19e.jpg'}, 'released_at': '1983-01-01', 'requirements': {}}]",[],"[{'id': 14978, 'name': 'MicroDeal', 'slug': 'microdeal', 'games_count': 7, 'image_background': 'https://media.rawg.io/media/screenshots/6a5/6a5ecd0ae8f3fc0cc39bf0ff8e665274.jpg'}]","[{'id': 4, 'name': 'Action', 'slug': 'action', 'games_count': 186608, 'image_background': 'https://media.rawg.io/media/games/618/618c2031a07bbff6b4f611f10b6bcdbc.jpg'}]","[{'id': 31, 'name': 'Singleplayer', 'slug': 'singleplayer', 'language': 'eng', 'games_count': 238404, 'image_background': 'https://media.rawg.io/media/games/26d/26d4437715bee60138dab4a7c8c59c92.jpg'}]","[{'id': 11777, 'name': 'MicroDeal', 'slug': 'microdeal', 'games_count': 5, 'image_background': 'https://media.rawg.io/media/screenshots/33e/33ea11f6d98ea539c4fbf2753428f021.jpg'}]",,"Cuthbert Goes Walkabout is a 1983 computer game for the Dragon 32/64, TRS-80 CoCo, Commodore 64 and Atari 8-bit family home computers. Produced by Microdeal, the game features the hero Cuthbert (a character who also appeared in Cuthbert Goes Digging, Cuthbert in Space, Cuthbert in the Jungle and Cuthbert in the Mines). The game is based on the Konami arcade game Amidar. The player has to guide Cuthbert around a grid-like level of squares. When the player walks all the way around each square it is filled with colour. If all the squares are filled, and Cuthbert successfully avoids the monsters and finishes before the time runs out, the player progresses to the next level.
The levels have a green background, except for every third which is white as a sort of bonus level.",,,6.0,2.0,2.0,1.0,,,,,,,,,,,,,0.0
52547,masters-of-the-universe-the-power-of-he-man,Masters of the Universe: The Power of He-Man,Masters of the Universe: The Power of He-Man,<p>Masters of the Universe: The Power of He-Man is a video game designed by Intellivision in 1983. It is based on the multimedia franchise of the same name and marks the first video game in the series.</p>,,[],1983-01-01,False,2019-08-28T22:02:34,https://media.rawg.io/media/screenshots/301/3016368c081c8e44eb498cb9d02e447d.jpg,https://media.rawg.io/media/screenshots/5e2/5e2c03252ea4d70ce6512b9603ab764f.jpg,,0.0,0,[],11,0,6,0,1,0,0,,,,,0,0,0,0,0,134,[],,0,0,0,,0,0f0f0f,0f0f0f,"[{'platform': {'id': 9, 'name': 'Atari', 'slug': 'atari'}}]","[{'platform': {'id': 23, 'name': 'Atari 2600', 'slug': 'atari-2600', 'image': None, 'year_end': None, 'year_start': None, 'games_count': 294, 'image_background': 'https://media.rawg.io/media/screenshots/ff6/ff623993a854663931c1e78d72a16a5a.jpg'}, 'released_at': '1983-01-01', 'requirements': {}}]",[],"[{'id': 25962, 'name': 'Mattel', 'slug': 'mattel', 'games_count': 28, 'image_background': 'https://media.rawg.io/media/screenshots/301/3016368c081c8e44eb498cb9d02e447d.jpg'}, {'id': 25984, 'name': 'Intellivision', 'slug': 'intellivision', 'games_count': 1, 'image_background': 'https://media.rawg.io/media/screenshots/301/3016368c081c8e44eb498cb9d02e447d.jpg'}]","[{'id': 2, 'name': 'Shooter', 'slug': 'shooter', 'games_count': 59560, 'image_background': 'https://media.rawg.io/media/games/d58/d588947d4286e7b5e0e12e1bea7d9844.jpg'}]","[{'id': 31, 'name': 'Singleplayer', 'slug': 'singleplayer', 'language': 'eng', 'games_count': 238404, 'image_background': 'https://media.rawg.io/media/games/26d/26d4437715bee60138dab4a7c8c59c92.jpg'}, {'id': 7, 'name': 'Multiplayer', 'slug': 'multiplayer', 'language': 'eng', 'games_count': 40505, 'image_background': 'https://media.rawg.io/media/games/021/021c4e21a1824d2526f925eff6324653.jpg'}]","[{'id': 19440, 'name': 'Mattel', 'slug': 'mattel', 'games_count': 43, 'image_background': 'https://media.rawg.io/media/screenshots/d5b/d5b78615f64bd294cdc406089126bcd1.jpg'}, {'id': 19474, 'name': 'Intellivision', 'slug': 'intellivision', 'games_count': 2, 'image_background': 'https://media.rawg.io/media/screenshots/301/3016368c081c8e44eb498cb9d02e447d.jpg'}]",,Masters of the Universe: The Power of He-Man is a video game designed by Intellivision in 1983. It is based on the multimedia franchise of the same name and marks the first video game in the series.,,,6.0,2.0,2.0,1.0,,,,,,,,,,,,,0.0
56343,beach-head,Beach Head,Beach Head,"<p>Beach-Head is a video game developed and published in 1983 by Access Software for the Atari 8-bit and Commodore 64 home computers in the US. Versions for the C16, ZX Spectrum, BBC Micro and Acorn Electron (as well as the Atari and C64 versions) were published in Europe by U.S. Gold in 1984, followed by a version for the Amstrad CPC platform in 1985.</p>",,[],1983-01-01,False,2019-08-28T22:25:59,https://media.rawg.io/media/screenshots/747/747390700d8125f7fce385ac02a14df7.jpg,https://media.rawg.io/media/screenshots/42a/42a4bfcb048871fafead5edbdf7c83fe.jpg,,0.0,0,[],11,0,16,0,0,0,0,,,,,0,0,0,0,0,137,[],,0,0,0,,0,0f0f0f,0f0f0f,"[{'platform': {'id': 5, 'name': 'Apple Macintosh', 'slug': 'mac'}}, {'platform': {'id': 9, 'name': 'Atari', 'slug': 'atari'}}, {'platform': {'id': 10, 'name': 'Commodore / Amiga', 'slug': 'commodore-amiga'}}]","[{'platform': {'id': 166, 'name': 'Commodore / Amiga', 'slug': 'commodore-amiga', 'image': None, 'year_end': None, 'year_start': None, 'games_count': 2083, 'image_background': 'https://media.rawg.io/media/games/cce/cce8bebe861f295003f5a9fe5b11233f.jpg'}, 'released_at': '1983-01-01', 'requirements': {}}, {'platform': {'id': 41, 'name': 'Apple II', 'slug': 'apple-ii', 'image': None, 'year_end': None, 'year_start': None, 'games_count': 424, 'image_background': 'https://media.rawg.io/media/screenshots/3d2/3d2bb57b39e2efa39d1c385585b2ea8b.jpg'}, 'released_at': '1983-01-01', 'requirements': {}}, {'platform': {'id': 25, 'name': 'Atari 8-bit', 'slug': 'atari-8-bit', 'image': None, 'year_end': None, 'year_start': None, 'games_count': 308, 'image_background': 'https://media.rawg.io/media/screenshots/038/0385a47d3a43b218204268af5361a19e.jpg'}, 'released_at': '1983-01-01', 'requirements': {}}]",[],"[{'id': 11075, 'name': 'Access Software', 'slug': 'access-software', 'games_count': 27, 'image_background': 'https://media.rawg.io/media/screenshots/0fd/0fd5f4646fceea9149cf7f04ee7c92a0.jpg'}, {'id': 13945, 'name': 'Indie Built', 'slug': 'indie-built', 'games_count': 9, 'image_background': 'https://media.rawg.io/media/screenshots/02d/02d59d0cfa748e4e60460bd6d2a5df72.jpg'}]","[{'id': 2, 'name': 'Shooter', 'slug': 'shooter', 'games_count': 59560, 'image_background': 'https://media.rawg.io/media/games/d58/d588947d4286e7b5e0e12e1bea7d9844.jpg'}]","[{'id': 31, 'name': 'Singleplayer', 'slug': 'singleplayer', 'language': 'eng', 'games_count': 238404, 'image_background': 'https://media.rawg.io/media/games/26d/26d4437715bee60138dab4a7c8c59c92.jpg'}]","[{'id': 11527, 'name': 'U.S. Gold', 'slug': 'us-gold-2', 'games_count': 95, 'image_background': 'https://media.rawg.io/media/games/eaa/eaa94a1203b9b8fdf5b01575c9e91591.jpg'}, {'id': 11551, 'name': 'Access Software', 'slug': 'access-software', 'games_count': 16, 'image_background': 'https://media.rawg.io/media/screenshots/49a/49a69bea74c924d41086f5e1bcb4d829.jpg'}, {'id': 20044, 'name': 'Indie Built', 'slug': 'indie-built', 'games_count': 4, 'image_background': 'https://media.rawg.io/media/screenshots/747/747390700d8125f7fce385ac02a14df7.jpg'}, {'id': 20493, 'name': 'Eaglesoft', 'slug': 'eaglesoft', 'games_count': 1, 'image_background': 'https://media.rawg.io/media/screenshots/747/747390700d8125f7fce385ac02a14df7.jpg'}]",,"Beach-Head is a video game developed and published in 1983 by Access Software for the Atari 8-bit and Commodore 64 home computers in the US. Versions for the C16, ZX Spectrum, BBC Micro and Acorn Electron (as well as the Atari and C64 versions) were published in Europe by U.S. Gold in 1984, followed by a version for the Amstrad CPC platform in 1985.",,,6.0,2.0,2.0,1.0,,,,,,,,,,,,,0.0
58025,chariot-race,Chariot Race,Chariot Race,"<p>Chariot Race is a 2D racing game for the Commodore VIC-20 home computer published in 1983 by Micro-Antics. Each player attempts to take out the opponent's chariot on the way to the finish. The design, programming, and sound were done by Paul Hope, who died in 2011.</p>",,[],1983-01-01,False,2019-08-28T21:59:36,,,,0.0,0,[],11,0,0,0,1,0,0,,,,,0,0,0,0,0,0,[],,0,0,0,,0,0f0f0f,0f0f0f,[],[],[],"[{'id': 27870, 'name': 'Micro-Antics', 'slug': 'micro-antics', 'games_count': 1, 'image_background': ''}]","[{'id': 1, 'name': 'Racing', 'slug': 'racing', 'games_count': 25359, 'image_background': 'https://media.rawg.io/media/screenshots/69b/69bb243ea9896ddfc2e051b58e81624d.jpg'}]","[{'id': 31, 'name': 'Singleplayer', 'slug': 'singleplayer', 'language': 'eng', 'games_count': 238404, 'image_background': 'https://media.rawg.io/media/games/26d/26d4437715bee60138dab4a7c8c59c92.jpg'}, {'id': 7, 'name': 'Multiplayer', 'slug': 'multiplayer', 'language': 'eng', 'games_count': 40505, 'image_background': 'https://media.rawg.io/media/games/021/021c4e21a1824d2526f925eff6324653.jpg'}]","[{'id': 20845, 'name': 'Micro-Antics', 'slug': 'micro-antics', 'games_count': 1, 'image_background': ''}]",,"Chariot Race is a 2D racing game for the Commodore VIC-20 home computer published in 1983 by Micro-Antics. Each player attempts to take out the opponent's chariot on the way to the finish. The design, programming, and sound were done by Paul Hope, who died in 2011.",,,5.0,2.0,3.0,1.0,,,,,,,,,,,,,0.0
56306,apple-cider-spider,Apple Cider Spider,Apple Cider Spider,"<p>Apple Cider Spider is a platform game written for the Apple II by Ivan Strand and published by Sierra On-Line in 1983. A Commodore 64 port followed. In the game, the player takes the role of a spider in an apple cider factory. The goal is to progress through three screens to reach the top of the factory, to join the company of other spiders.</p>",,[],1983-01-01,False,2019-08-28T22:26:00,https://media.rawg.io/media/screenshots/950/950e728c8179dc2bba5cea7923934ae7.jpg,https://media.rawg.io/media/screenshots/886/886678a792b2ef0f650d986318a02dd3.jpg,,0.0,0,[],11,0,7,0,1,0,0,,,,,0,0,0,0,0,137,[],,0,0,0,,0,0f0f0f,0f0f0f,"[{'platform': {'id': 5, 'name': 'Apple Macintosh', 'slug': 'mac'}}, {'platform': {'id': 10, 'name': 'Commodore / Amiga', 'slug': 'commodore-amiga'}}]","[{'platform': {'id': 166, 'name': 'Commodore / Amiga', 'slug': 'commodore-amiga', 'image': None, 'year_end': None, 'year_start': None, 'games_count': 2083, 'image_background': 'https://media.rawg.io/media/games/cce/cce8bebe861f295003f5a9fe5b11233f.jpg'}, 'released_at': '1983-01-01', 'requirements': {}}, {'platform': {'id': 41, 'name': 'Apple II', 'slug': 'apple-ii', 'image': None, 'year_end': None, 'year_start': None, 'games_count': 424, 'image_background': 'https://media.rawg.io/media/screenshots/3d2/3d2bb57b39e2efa39d1c385585b2ea8b.jpg'}, 'released_at': '1983-01-01', 'requirements': {}}]",[],"[{'id': 1497, 'name': 'Sierra Entertainment', 'slug': 'sierra-entertainment', 'games_count': 46, 'image_background': 'https://media.rawg.io/media/screenshots/e5c/e5c9f61c648beb97143c5d70396240fe.jpg'}, {'id': 7564, 'name': 'Sierra On-Line', 'slug': 'sierra-on-line', 'games_count': 119, 'image_background': 'https://media.rawg.io/media/screenshots/3d7/3d7f9baa0db4d6fb67a5e17c29bda07f.jpg'}]",[],"[{'id': 31, 'name': 'Singleplayer', 'slug': 'singleplayer', 'language': 'eng', 'games_count': 238404, 'image_background': 'https://media.rawg.io/media/games/26d/26d4437715bee60138dab4a7c8c59c92.jpg'}]","[{'id': 11434, 'name': 'Sierra On-Line', 'slug': 'sierra-on-line', 'games_count': 256, 'image_background': 'https://media.rawg.io/media/games/bc8/bc84784c2630f46ed2e675d0b4a59d62.jpg'}]",,"Apple Cider Spider is a platform game written for the Apple II by Ivan Strand and published by Sierra On-Line in 1983. A Commodore 64 port followed. In the game, the player takes the role of a spider in an apple cider factory. The goal is to progress through three screens to reach the top of the factory, to join the company of other spiders.",,,6.0,2.0,2.0,1.0,,,,,,,,,,,,,0.0
52559,parachute,Parachute,Parachute,"<p>Parachute (aka Von Himmel durch die Hoelle) is a video game released in 1983 by Homevision for the Atari 2600. The game puts the player in the role of parachutist who is falling gently from the sky.</p>
<p>In order to land safely, the player must evade aeroplanes, helicopters, birds and hot air balloons. After successfully navigating several screens that progressively increase in speed, the parachutist finally emerges near ground level. In order to achieve a safe landing, the player must simultaneously avoid touching the pacing guard at the bottom while positioning the parachuter on the ground. A higher point bonus is awarded if the parachuter lands near the center of the screen. After landing, the game begins again at an increased difficulty level.</p>
<p>Parachute was one of a few Atari 2600 games to employ in-game background music. The main theme loops throughout the game while occasionally changing pitch.</p>",,[],1983-01-01,False,2019-08-28T22:02:34,https://media.rawg.io/media/screenshots/c30/c300db529e79ea8d559a83d4fd884663.jpg,https://media.rawg.io/media/screenshots/084/084b05d7ed5961cb412e83569d71b109.jpg,,0.0,0,[],11,0,6,0,0,0,0,,,,,0,0,0,0,0,68,[],,0,0,0,,0,0f0f0f,0f0f0f,"[{'platform': {'id': 9, 'name': 'Atari', 'slug': 'atari'}}]","[{'platform': {'id': 23, 'name': 'Atari 2600', 'slug': 'atari-2600', 'image': None, 'year_end': None, 'year_start': None, 'games_count': 294, 'image_background': 'https://media.rawg.io/media/screenshots/ff6/ff623993a854663931c1e78d72a16a5a.jpg'}, 'released_at': '1983-01-01', 'requirements': {}}]",[],"[{'id': 25954, 'name': 'Gem International', 'slug': 'gem-international-corporation', 'games_count': 2, 'image_background': 'https://media.rawg.io/media/screenshots/c30/c300db529e79ea8d559a83d4fd884663.jpg'}]","[{'id': 4, 'name': 'Action', 'slug': 'action', 'games_count': 186608, 'image_background': 'https://media.rawg.io/media/games/618/618c2031a07bbff6b4f611f10b6bcdbc.jpg'}]","[{'id': 31, 'name': 'Singleplayer', 'slug': 'singleplayer', 'language': 'eng', 'games_count': 238404, 'image_background': 'https://media.rawg.io/media/games/26d/26d4437715bee60138dab4a7c8c59c92.jpg'}]","[{'id': 19436, 'name': 'Home Vision/VDI', 'slug': 'home-visionvdi', 'games_count': 2, 'image_background': 'https://media.rawg.io/media/screenshots/c30/c300db529e79ea8d559a83d4fd884663.jpg'}, {'id': 19437, 'name': 'Home Vision', 'slug': 'home-vision', 'games_count': 2, 'image_background': 'https://media.rawg.io/media/screenshots/c30/c300db529e79ea8d559a83d4fd884663.jpg'}]",,"Parachute (aka Von Himmel durch die Hoelle) is a video game released in 1983 by Homevision for the Atari 2600. The game puts the player in the role of parachutist who is falling gently from the sky.
In order to land safely, the player must evade aeroplanes, helicopters, birds and hot air balloons. After successfully navigating several screens that progressively increase in speed, the parachutist finally emerges near ground level. In order to achieve a safe landing, the player must simultaneously avoid touching the pacing guard at the bottom while positioning the parachuter on the ground. A higher point bonus is awarded if the parachuter lands near the center of the screen. After landing, the game begins again at an increased difficulty level.
Parachute was one of a few Atari 2600 games to employ in-game background music. The main theme loops throughout the game while occasionally changing pitch.",,,5.0,2.0,3.0,1.0,,,,,,,,,,,,,0.0
56823,stroker,Stroker,Stroker,"<p>Stroker (also called Stroker Ace) is a computer game for the Commodore 64, created by Magic Carpet Software in 1983. The game was written in BASIC and included with the game, therefore the source code is available for ports.</p>",,[],1983-01-01,False,2024-12-17T03:58:41,https://media.rawg.io/media/screenshots/7cc/7cc4985324b2589713f58f8521fff8a6.jpg,https://media.rawg.io/media/screenshots/485/4851c23fce4fda478fbcb6d1915300a7.jpg,,0.0,0,"[{'id': 5, 'title': 'exceptional', 'count': 1, 'percent': 100.0}]",11,0,7,0,0,0,0,,,,,0,0,0,0,1,100,[],,0,0,0,,1,0f0f0f,0f0f0f,"[{'platform': {'id': 10, 'name': 'Commodore / Amiga', 'slug': 'commodore-amiga'}}]","[{'platform': {'id': 166, 'name': 'Commodore / Amiga', 'slug': 'commodore-amiga', 'image': None, 'year_end': None, 'year_start': None, 'games_count': 2083, 'image_background': 'https://media.rawg.io/media/games/cce/cce8bebe861f295003f5a9fe5b11233f.jpg'}, 'released_at': '1983-01-01', 'requirements': {}}]",[],"[{'id': 27609, 'name': 'Magic Carpet Software', 'slug': 'magic-carpet-software', 'games_count': 1, 'image_background': 'https://media.rawg.io/media/screenshots/7cc/7cc4985324b2589713f58f8521fff8a6.jpg'}]",[],"[{'id': 31, 'name': 'Singleplayer', 'slug': 'singleplayer', 'language': 'eng', 'games_count': 238404, 'image_background': 'https://media.rawg.io/media/games/26d/26d4437715bee60138dab4a7c8c59c92.jpg'}]","[{'id': 20617, 'name': 'Magic Carpet Software', 'slug': 'magic-carpet-software', 'games_count': 1, 'image_background': 'https://media.rawg.io/media/screenshots/7cc/7cc4985324b2589713f58f8521fff8a6.jpg'}]",,"Stroker (also called Stroker Ace) is a computer game for the Commodore 64, created by Magic Carpet Software in 1983. The game was written in BASIC and included with the game, therefore the source code is available for ports.",,1.0,6.0,2.0,1.0,1.0,,,,,,,,,,,,,0.0
54586,one-on-one-dr-j-vs-larry-bird,One on One: Dr. J vs. Larry Bird,One on One: Dr. J vs. Larry Bird,"<p>Dr. J and Larry Bird Go One on One, commonly known as One on One, is a 1983 computer basketball game written by Eric Hammond for the Apple II and published by Electronic Arts. It was ported to the Atari 8-bit family, ColecoVision, Commodore 64, MS-DOS, Tandy Color Computer, and later to the Macintosh, Amiga, and Atari 7800. In Europe the publisher was Ariolasoft.</p>",,[],1983-01-01,False,2019-08-28T22:01:28,https://media.rawg.io/media/screenshots/44c/44ccf719cc50615f15eb0cd87db27986.jpg,https://media.rawg.io/media/screenshots/c60/c607659c8adebd3203548877aec304de.jpg,,0.0,0,[],10,0,20,0,1,0,0,,,,,0,0,0,0,0,213,[],,0,0,0,,0,0f0f0f,0f0f0f,"[{'platform': {'id': 5, 'name': 'Apple Macintosh', 'slug': 'mac'}}, {'platform': {'id': 9, 'name': 'Atari', 'slug': 'atari'}}, {'platform': {'id': 10, 'name': 'Commodore / Amiga', 'slug': 'commodore-amiga'}}]","[{'platform': {'id': 166, 'name': 'Commodore / Amiga', 'slug': 'commodore-amiga', 'image': None, 'year_end': None, 'year_start': None, 'games_count': 2083, 'image_background': 'https://media.rawg.io/media/games/cce/cce8bebe861f295003f5a9fe5b11233f.jpg'}, 'released_at': '1983-01-01', 'requirements': {}}, {'platform': {'id': 25, 'name': 'Atari 8-bit', 'slug': 'atari-8-bit', 'image': None, 'year_end': None, 'year_start': None, 'games_count': 308, 'image_background': 'https://media.rawg.io/media/screenshots/038/0385a47d3a43b218204268af5361a19e.jpg'}, 'released_at': '1983-01-01', 'requirements': {}}, {'platform': {'id': 28, 'name': 'Atari 7800', 'slug': 'atari-7800', 'image': None, 'year_end': None, 'year_start': None, 'games_count': 64, 'image_background': 'https://media.rawg.io/media/screenshots/565/56504b28b184dbc630a7de118e39d822.jpg'}, 'released_at': '1983-01-01', 'requirements': {}}, {'platform': {'id': 41, 'name': 'Apple II', 'slug': 'apple-ii', 'image': None, 'year_end': None, 'year_start': None, 'games_count': 424, 'image_background': 'https://media.rawg.io/media/screenshots/3d2/3d2bb57b39e2efa39d1c385585b2ea8b.jpg'}, 'released_at': '1983-01-01', 'requirements': {}}, {'platform': {'id': 55, 'name': 'Classic Macintosh', 'slug': 'macintosh', 'image': None, 'year_end': None, 'year_start': None, 'games_count': 675, 'image_background': 'https://media.rawg.io/media/games/38a/38af969459ad6e5de116ec8a4a84218c.jpg'}, 'released_at': '1983-01-01', 'requirements': {}}, {'platform': {'id': 50, 'name': 'Atari XEGS', 'slug': 'atari-xegs', 'image': None, 'year_end': None, 'year_start': None, 'games_count': 22, 'image_background': 'https://media.rawg.io/media/screenshots/769/7691726d70c23c029903df08858df001.jpg'}, 'released_at': '1983-01-01', 'requirements': {}}]",[],"[{'id': 109, 'name': 'Electronic Arts', 'slug': 'electronic-arts', 'games_count': 318, 'image_background': 'https://media.rawg.io/media/games/979/979155841412068e7adf8c83dee94a4a.jpg'}]","[{'id': 15, 'name': 'Sports', 'slug': 'sports', 'games_count': 22123, 'image_background': 'https://media.rawg.io/media/games/5eb/5eb49eb2fa0738fdb5bacea557b1bc57.jpg'}]","[{'id': 31, 'name': 'Singleplayer', 'slug': 'singleplayer', 'language': 'eng', 'games_count': 238404, 'image_background': 'https://media.rawg.io/media/games/26d/26d4437715bee60138dab4a7c8c59c92.jpg'}, {'id': 7, 'name': 'Multiplayer', 'slug': 'multiplayer', 'language': 'eng', 'games_count': 40505, 'image_background': 'https://media.rawg.io/media/games/021/021c4e21a1824d2526f925eff6324653.jpg'}]","[{'id': 19708, 'name': 'Ariolasoft', 'slug': 'ariolasoft', 'games_count': 19, 'image_background': 'https://media.rawg.io/media/screenshots/f4b/f4b8e0b7e42013d1051cca8ce9c55df9.jpg'}]",,"Dr. J and Larry Bird Go One on One, commonly known as One on One, is a 1983 computer basketball game written by Eric Hammond for the Apple II and published by Electronic Arts. It was ported to the Atari 8-bit family, ColecoVision, Commodore 64, MS-DOS, Tandy Color Computer, and later to the Macintosh, Amiga, and Atari 7800. In Europe the publisher was Ariolasoft.",,,6.0,2.0,1.0,1.0,,,,,,,,,,,,,0.0
56486,flip-and-flop,Flip and Flop,Flip and Flop,"<p>Flip and Flop is an isometric platform game for the Atari 8-bit family designed by Jim Nangano and published in 1983 by First Star Software. Statesoft released a Commodore 64 port the following year. The Commodore 64 box cover, which features a photo of acrobats that does not relate to the game itself, changes the name to Flip &amp; Flop; it remains Flip and Flop on the title screen.</p>",,[],1983-01-01,False,2019-08-28T22:00:27,https://media.rawg.io/media/screenshots/6d7/6d7bdf4599f2032b22a93cfb66cb4777.jpg,https://media.rawg.io/media/screenshots/8d3/8d3a2f15a2a9e5e8a0ed1fee608eee72.jpg,,0.0,0,[],10,0,8,0,1,0,0,,,,,0,0,0,0,0,137,[],,0,0,0,,0,0f0f0f,0f0f0f,"[{'platform': {'id': 9, 'name': 'Atari', 'slug': 'atari'}}, {'platform': {'id': 10, 'name': 'Commodore / Amiga', 'slug': 'commodore-amiga'}}]","[{'platform': {'id': 166, 'name': 'Commodore / Amiga', 'slug': 'commodore-amiga', 'image': None, 'year_end': None, 'year_start': None, 'games_count': 2083, 'image_background': 'https://media.rawg.io/media/games/cce/cce8bebe861f295003f5a9fe5b11233f.jpg'}, 'released_at': '1983-01-01', 'requirements': {}}, {'platform': {'id': 25, 'name': 'Atari 8-bit', 'slug': 'atari-8-bit', 'image': None, 'year_end': None, 'year_start': None, 'games_count': 308, 'image_background': 'https://media.rawg.io/media/screenshots/038/0385a47d3a43b218204268af5361a19e.jpg'}, 'released_at': '1983-01-01', 'requirements': {}}]",[],"[{'id': 16596, 'name': 'First Star Software', 'slug': 'first-star-software', 'games_count': 9, 'image_background': 'https://media.rawg.io/media/screenshots/ac7/ac7952f6cf796911f5ce857eeaede015.jpg'}]",[],"[{'id': 31, 'name': 'Singleplayer', 'slug': 'singleplayer', 'language': 'eng', 'games_count': 238404, 'image_background': 'https://media.rawg.io/media/games/26d/26d4437715bee60138dab4a7c8c59c92.jpg'}]","[{'id': 19500, 'name': 'First Star Software', 'slug': 'first-star-software', 'games_count': 6, 'image_background': 'https://media.rawg.io/media/screenshots/ac7/ac7952f6cf796911f5ce857eeaede015.jpg'}, {'id': 20536, 'name': 'Statesoft', 'slug': 'statesoft', 'games_count': 1, 'image_background': 'https://media.rawg.io/media/screenshots/6d7/6d7bdf4599f2032b22a93cfb66cb4777.jpg'}]",,"Flip and Flop is an isometric platform game for the Atari 8-bit family designed by Jim Nangano and published in 1983 by First Star Software. Statesoft released a Commodore 64 port the following year. The Commodore 64 box cover, which features a photo of acrobats that does not relate to the game itself, changes the name to Flip & Flop; it remains Flip and Flop on the title screen.",,,5.0,2.0,2.0,1.0,,,,,,,,,,,,,0.0
56653,moondust,Moondust,Moondust,"<p>Moondust is a 1983 generative music video game created for the Commodore 64 by virtual reality pioneer, Jaron Lanier. Moondust was programmed in 6502 assembly in 1982, and is considered the first art video game. Moondust has frequently been used as an art installation piece in museum exhibitions from Corcoran Gallery of Art's 1983 ""ARTcade"" to the Smithsonian's 2012 ""The Art of Video Games"". It has also been used by Lanier and others in papers and lectures as an example to demonstrate the unexpected ephemerality of digital data.</p>
<p>Moondust is also considered to be the first interactive music publication, and it sold quite successfully. With the profits from Moondust and additional funding from Marvin Minsky, Lanier formed VPL which would later go on to create the DataGlove and the DataSuit and to become one of the primary innovators of virtual-reality research and development throughout the 1980s.</p>",,[],1983-01-01,False,2019-08-28T22:25:55,https://media.rawg.io/media/screenshots/0e2/0e2fc7a6cca7696114e76e5ce38028b3.jpg,https://media.rawg.io/media/screenshots/53c/53c4fbc99f1b65258b3168629117f142.jpg,,0.0,0,[],10,0,8,0,1,0,0,,,,,0,0,0,0,0,156,[],,0,0,0,,0,0f0f0f,0f0f0f,"[{'platform': {'id': 10, 'name': 'Commodore / Amiga', 'slug': 'commodore-amiga'}}]","[{'platform': {'id': 166, 'name': 'Commodore / Amiga', 'slug': 'commodore-amiga', 'image': None, 'year_end': None, 'year_start': None, 'games_count': 2083, 'image_background': 'https://media.rawg.io/media/games/cce/cce8bebe861f295003f5a9fe5b11233f.jpg'}, 'released_at': '1983-01-01', 'requirements': {}}]",[],[],[],"[{'id': 31, 'name': 'Singleplayer', 'slug': 'singleplayer', 'language': 'eng', 'games_count': 238404, 'image_background': 'https://media.rawg.io/media/games/26d/26d4437715bee60138dab4a7c8c59c92.jpg'}]","[{'id': 20582, 'name': 'Creative Software', 'slug': 'creative-software', 'games_count': 2, 'image_background': 'https://media.rawg.io/media/screenshots/0e2/0e2fc7a6cca7696114e76e5ce38028b3.jpg'}]",,"Moondust is a 1983 generative music video game created for the Commodore 64 by virtual reality pioneer, Jaron Lanier. Moondust was programmed in 6502 assembly in 1982, and is considered the first art video game. Moondust has frequently been used as an art installation piece in museum exhibitions from Corcoran Gallery of Art's 1983 ""ARTcade"" to the Smithsonian's 2012 ""The Art of Video Games"". It has also been used by Lanier and others in papers and lectures as an example to demonstrate the unexpected ephemerality of digital data.
Moondust is also considered to be the first interactive music publication, and it sold quite successfully. With the profits from Moondust and additional funding from Marvin Minsky, Lanier formed VPL which would later go on to create the DataGlove and the DataSuit and to become one of the primary innovators of virtual-reality research and development throughout the 1980s.",,,6.0,2.0,1.0,1.0,,,,,,,,,,,,,0.0
56444,drol,Drol,Drol,"<p>Drol is a 1983 computer game published by Brøderbund. It was originally written for the Apple II by Benny Aik Beng Ngo, and was ported to the Commodore 64 and Atari 8-bit family. It later appeared for the Sega SG-1000 and Amiga.</p>",,[],1983-01-01,False,2019-08-28T22:00:29,https://media.rawg.io/media/screenshots/2c9/2c9a23a7ba3c72a130525f314ccdcb0b.jpg,https://media.rawg.io/media/screenshots/694/694c8de1b9342e315429fea22672cf77.jpg,,0.0,0,[],10,0,10,0,1,0,0,,,,,0,0,0,0,0,248,[],,0,0,0,,0,0f0f0f,0f0f0f,"[{'platform': {'id': 5, 'name': 'Apple Macintosh', 'slug': 'mac'}}, {'platform': {'id': 9, 'name': 'Atari', 'slug': 'atari'}}, {'platform': {'id': 10, 'name': 'Commodore / Amiga', 'slug': 'commodore-amiga'}}]","[{'platform': {'id': 166, 'name': 'Commodore / Amiga', 'slug': 'commodore-amiga', 'image': None, 'year_end': None, 'year_start': None, 'games_count': 2083, 'image_background': 'https://media.rawg.io/media/games/cce/cce8bebe861f295003f5a9fe5b11233f.jpg'}, 'released_at': '1983-01-01', 'requirements': {}}, {'platform': {'id': 41, 'name': 'Apple II', 'slug': 'apple-ii', 'image': None, 'year_end': None, 'year_start': None, 'games_count': 424, 'image_background': 'https://media.rawg.io/media/screenshots/3d2/3d2bb57b39e2efa39d1c385585b2ea8b.jpg'}, 'released_at': '1983-01-01', 'requirements': {}}, {'platform': {'id': 25, 'name': 'Atari 8-bit', 'slug': 'atari-8-bit', 'image': None, 'year_end': None, 'year_start': None, 'games_count': 308, 'image_background': 'https://media.rawg.io/media/screenshots/038/0385a47d3a43b218204268af5361a19e.jpg'}, 'released_at': '1983-01-01', 'requirements': {}}]",[],[],"[{'id': 4, 'name': 'Action', 'slug': 'action', 'games_count': 186608, 'image_background': 'https://media.rawg.io/media/games/618/618c2031a07bbff6b4f611f10b6bcdbc.jpg'}]","[{'id': 31, 'name': 'Singleplayer', 'slug': 'singleplayer', 'language': 'eng', 'games_count': 238404, 'image_background': 'https://media.rawg.io/media/games/26d/26d4437715bee60138dab4a7c8c59c92.jpg'}]","[{'id': 19491, 'name': 'Brøderbund', 'slug': 'broderbund', 'games_count': 32, 'image_background': 'https://media.rawg.io/media/games/054/0540c8fc8eed3fc13d3990f419c61c6f.jpg'}]",,"Drol is a 1983 computer game published by Brøderbund. It was originally written for the Apple II by Benny Aik Beng Ngo, and was ported to the Commodore 64 and Atari 8-bit family. It later appeared for the Sega SG-1000 and Amiga.",,,5.0,2.0,2.0,1.0,,,,,,,,,,,,,0.0
56800,squish-em,Squish 'em,Squish 'em,"<p>Squish'em, also known as Squish'em Sam, is a 1983 video game designed by Tony Ngo and published by Sirius Software for the Atari 8-bit family, VIC-20, Commodore 64, MSX and the Colecovision game console. The Colecovision version features digitised speech without additional hardware and was published as Squish'em Featuring Sam. The game is the sequel to Sewer Sam.</p>",,[],1983-01-01,False,2019-08-28T22:00:18,https://media.rawg.io/media/screenshots/6e6/6e675172370c9f6040510a1e4e498e34.jpg,https://media.rawg.io/media/screenshots/651/6511424b8df0b017badd8dc7336d3183.jpg,,0.0,0,[],10,0,12,0,2,0,0,,,,,0,0,0,0,0,172,[],,0,0,0,,0,0f0f0f,0f0f0f,"[{'platform': {'id': 9, 'name': 'Atari', 'slug': 'atari'}}, {'platform': {'id': 10, 'name': 'Commodore / Amiga', 'slug': 'commodore-amiga'}}]","[{'platform': {'id': 166, 'name': 'Commodore / Amiga', 'slug': 'commodore-amiga', 'image': None, 'year_end': None, 'year_start': None, 'games_count': 2083, 'image_background': 'https://media.rawg.io/media/games/cce/cce8bebe861f295003f5a9fe5b11233f.jpg'}, 'released_at': '1983-01-01', 'requirements': {}}, {'platform': {'id': 25, 'name': 'Atari 8-bit', 'slug': 'atari-8-bit', 'image': None, 'year_end': None, 'year_start': None, 'games_count': 308, 'image_background': 'https://media.rawg.io/media/screenshots/038/0385a47d3a43b218204268af5361a19e.jpg'}, 'released_at': '1983-01-01', 'requirements': {}}, {'platform': {'id': 23, 'name': 'Atari 2600', 'slug': 'atari-2600', 'image': None, 'year_end': None, 'year_start': None, 'games_count': 294, 'image_background': 'https://media.rawg.io/media/screenshots/ff6/ff623993a854663931c1e78d72a16a5a.jpg'}, 'released_at': '1983-01-01', 'requirements': {}}]",[],"[{'id': 27599, 'name': 'Interphase Technologies', 'slug': 'interphase-technologies', 'games_count': 1, 'image_background': 'https://media.rawg.io/media/screenshots/6e6/6e675172370c9f6040510a1e4e498e34.jpg'}]","[{'id': 4, 'name': 'Action', 'slug': 'action', 'games_count': 186608, 'image_background': 'https://media.rawg.io/media/games/618/618c2031a07bbff6b4f611f10b6bcdbc.jpg'}]","[{'id': 31, 'name': 'Singleplayer', 'slug': 'singleplayer', 'language': 'eng', 'games_count': 238404, 'image_background': 'https://media.rawg.io/media/games/26d/26d4437715bee60138dab4a7c8c59c92.jpg'}]","[{'id': 20505, 'name': 'Sirius Software', 'slug': 'sirius-software', 'games_count': 4, 'image_background': 'https://media.rawg.io/media/screenshots/efe/efee62b4b18de9e2fd0c4845fd467362.jpg'}]",,"Squish'em, also known as Squish'em Sam, is a 1983 video game designed by Tony Ngo and published by Sirius Software for the Atari 8-bit family, VIC-20, Commodore 64, MSX and the Colecovision game console. The Colecovision version features digitised speech without additional hardware and was published as Squish'em Featuring Sam. The game is the sequel to Sewer Sam.",,,5.0,2.0,2.0,1.0,,,,,,,,,,,,,0.0
56533,halls-of-the-things,Halls of the Things,Halls of the Things,"<p>Halls of the Things is a ZX Spectrum video game developed by Design Design and released by Crystal Computing in 1983. The player travels through seven floors of a tower, searching for seven rings, with each floor being a complex maze of corridors and rooms. Once the player has the rings they must then find the magical key hidden in the dungeon, which opens the drawbridge allowing the player to escape. To hinder the player's progress they are attacked by ""things"", but the player is armed with a sword, arrows, fireballs and lightning to aid you in your quest.</p>
<p>The game was re-released by both Design Design Software and Firebird Software. A sequel, Return of the Things, was released in 1984.</p>",,[],1983-01-01,False,2019-01-09T12:41:06,https://media.rawg.io/media/screenshots/866/866da8db726761a58cf5b699e02023df.jpg,https://media.rawg.io/media/screenshots/3cb/3cbe6ce76d1db731f988eb44cdc30014.jpg,,0.0,0,[],10,0,9,0,0,0,0,,,,,0,0,0,0,0,168,[],,0,0,0,,0,0f0f0f,0f0f0f,"[{'platform': {'id': 10, 'name': 'Commodore / Amiga', 'slug': 'commodore-amiga'}}]","[{'platform': {'id': 166, 'name': 'Commodore / Amiga', 'slug': 'commodore-amiga', 'image': None, 'year_end': None, 'year_start': None, 'games_count': 2083, 'image_background': 'https://media.rawg.io/media/games/cce/cce8bebe861f295003f5a9fe5b11233f.jpg'}, 'released_at': '1983-01-01', 'requirements': {}}]",[],"[{'id': 27470, 'name': 'Martin S. Horsley', 'slug': 'martin-s-horsley', 'games_count': 1, 'image_background': 'https://media.rawg.io/media/screenshots/866/866da8db726761a58cf5b699e02023df.jpg'}, {'id': 27471, 'name': 'Simon Brattel', 'slug': 'simon-brattel', 'games_count': 1, 'image_background': 'https://media.rawg.io/media/screenshots/866/866da8db726761a58cf5b699e02023df.jpg'}, {'id': 27472, 'name': 'Neil Mottershead', 'slug': 'neil-mottershead', 'games_count': 1, 'image_background': 'https://media.rawg.io/media/screenshots/866/866da8db726761a58cf5b699e02023df.jpg'}]","[{'id': 4, 'name': 'Action', 'slug': 'action', 'games_count': 186608, 'image_background': 'https://media.rawg.io/media/games/618/618c2031a07bbff6b4f611f10b6bcdbc.jpg'}]","[{'id': 822, 'name': 'escape', 'slug': 'escape', 'language': 'eng', 'games_count': 7640, 'image_background': 'https://media.rawg.io/media/games/751/75127366e445a0f6bbb730b3af6e7a7f.jpg'}, {'id': 878, 'name': 'sword', 'slug': 'sword', 'language': 'eng', 'games_count': 1424, 'image_background': 'https://media.rawg.io/media/screenshots/c80/c80f6c86de421615f4e84a07e5dde573.jpg'}, {'id': 1454, 'name': 'quest', 'slug': 'quest', 'language': 'eng', 'games_count': 757, 'image_background': 'https://media.rawg.io/media/screenshots/22f/22f6c67caf82ea860078bc9d4a5fcbdf.jpg'}, {'id': 1796, 'name': 'dungeon', 'slug': 'dungeon', 'language': 'eng', 'games_count': 2526, 'image_background': 'https://media.rawg.io/media/screenshots/3d0/3d08aa7aca4e1631c747446057794b1f.jpg'}, {'id': 2286, 'name': 'tower', 'slug': 'tower', 'language': 'eng', 'games_count': 2496, 'image_background': 'https://media.rawg.io/media/screenshots/d69/d69f71a42cecfdfff02f86483a79fd9b.jpg'}, {'id': 646, 'name': 'maze', 'slug': 'maze', 'language': 'eng', 'games_count': 5522, 'image_background': 'https://media.rawg.io/media/screenshots/56e/56eb117a5df8203765eae49807104fe0.jpg'}]","[{'id': 20549, 'name': 'Crystal Computing', 'slug': 'crystal-computing', 'games_count': 1, 'image_background': 'https://media.rawg.io/media/screenshots/866/866da8db726761a58cf5b699e02023df.jpg'}]",,"Halls of the Things is a ZX Spectrum video game developed by Design Design and released by Crystal Computing in 1983. The player travels through seven floors of a tower, searching for seven rings, with each floor being a complex maze of corridors and rooms. Once the player has the rings they must then find the magical key hidden in the dungeon, which opens the drawbridge allowing the player to escape. To hinder the player's progress they are attacked by ""things"", but the player is armed with a sword, arrows, fireballs and lightning to aid you in your quest.
The game was re-released by both Design Design Software and Firebird Software. A sequel, Return of the Things, was released in 1984.",,,5.0,2.0,2.0,1.0,,,,,,,,,,,,,0.0
56785,son-of-blagger,Son of Blagger,Son of Blagger,"<p>Son of Blagger, the sequel to Blagger, is a scrolling platform game created by Tony Crowther and released by Alligata for the Commodore 64 computer in 1983. A ZX Spectrum port by Elliot Gay and a BBC Micro port were released in 1984.</p>
<p>A clone of Son of Blagger was released for Amiga, titled Jonas Fulstrand. The game was released on a PD-Soft disk as Son of Blagger.</p>
<p>A modern remake has been done for Windows with Game Maker Studio and a JavaScript version has been created with the help of the Phaser framework.</p>",,[],1983-01-01,False,2019-08-28T22:00:18,https://media.rawg.io/media/screenshots/d54/d54f284b514b2a65ec8240942f9596fd.jpg,https://media.rawg.io/media/screenshots/2eb/2eb08f753eb563112bd7c86437196fa2.jpg,,0.0,0,[],10,0,8,0,0,0,0,,,,,0,0,0,0,0,202,[],,0,0,0,,0,0f0f0f,0f0f0f,"[{'platform': {'id': 10, 'name': 'Commodore / Amiga', 'slug': 'commodore-amiga'}}]","[{'platform': {'id': 166, 'name': 'Commodore / Amiga', 'slug': 'commodore-amiga', 'image': None, 'year_end': None, 'year_start': None, 'games_count': 2083, 'image_background': 'https://media.rawg.io/media/games/cce/cce8bebe861f295003f5a9fe5b11233f.jpg'}, 'released_at': '1983-01-01', 'requirements': {}}]",[],"[{'id': 27402, 'name': 'Antony Crowther', 'slug': 'antony-crowther', 'games_count': 5, 'image_background': 'https://media.rawg.io/media/screenshots/717/7174dc8dfc8346678d4d70c0bdcfc875.jpg'}]",[],"[{'id': 31, 'name': 'Singleplayer', 'slug': 'singleplayer', 'language': 'eng', 'games_count': 238404, 'image_background': 'https://media.rawg.io/media/games/26d/26d4437715bee60138dab4a7c8c59c92.jpg'}]","[{'id': 20243, 'name': 'Alligata', 'slug': 'alligata', 'games_count': 4, 'image_background': 'https://media.rawg.io/media/screenshots/d54/d54f284b514b2a65ec8240942f9596fd.jpg'}]",,"Son of Blagger, the sequel to Blagger, is a scrolling platform game created by Tony Crowther and released by Alligata for the Commodore 64 computer in 1983. A ZX Spectrum port by Elliot Gay and a BBC Micro port were released in 1984.
A clone of Son of Blagger was released for Amiga, titled Jonas Fulstrand. The game was released on a PD-Soft disk as Son of Blagger.
A modern remake has been done for Windows with Game Maker Studio and a JavaScript version has been created with the help of the Phaser framework.",,,5.0,2.0,2.0,1.0,,,,,,,,,,,,,0.0
55201,the-dreadnaught-factor,The Dreadnaught Factor,The Dreadnaught Factor,<p>The Dreadnaught Factor is a video game written by Tom Loughry for the Mattel Intellivision and published by Activision in 1983. Atari 5200 and Atari 8-bit family ports followed in 1984.</p>,,[],1983-01-01,False,2019-01-09T12:41:06,https://media.rawg.io/media/screenshots/1d2/1d2032bbdc952fa980ac63a5b8a56b1b.jpg,https://media.rawg.io/media/screenshots/c67/c67fb60d1d79702f6530a987f3a61f00.jpg,,0.0,0,[],10,0,9,0,1,0,0,,,,,0,0,0,0,0,152,[],,0,0,0,,0,0f0f0f,0f0f0f,"[{'platform': {'id': 9, 'name': 'Atari', 'slug': 'atari'}}]","[{'platform': {'id': 25, 'name': 'Atari 8-bit', 'slug': 'atari-8-bit', 'image': None, 'year_end': None, 'year_start': None, 'games_count': 308, 'image_background': 'https://media.rawg.io/media/screenshots/038/0385a47d3a43b218204268af5361a19e.jpg'}, 'released_at': '1983-01-01', 'requirements': {}}, {'platform': {'id': 31, 'name': 'Atari 5200', 'slug': 'atari-5200', 'image': None, 'year_end': None, 'year_start': None, 'games_count': 64, 'image_background': 'https://media.rawg.io/media/screenshots/678/6786598cba3939d48ed60cbd1a3723f4.jpg'}, 'released_at': '1983-01-01', 'requirements': {}}]",[],"[{'id': 11, 'name': 'Activision', 'slug': 'activision', 'games_count': 163, 'image_background': 'https://media.rawg.io/media/screenshots/d05/d0524e9b2e276dd9c8351881e897f7c9.jpg'}]","[{'id': 2, 'name': 'Shooter', 'slug': 'shooter', 'games_count': 59560, 'image_background': 'https://media.rawg.io/media/games/d58/d588947d4286e7b5e0e12e1bea7d9844.jpg'}]","[{'id': 1534, 'name': 'atari', 'slug': 'atari', 'language': 'eng', 'games_count': 1158, 'image_background': 'https://media.rawg.io/media/screenshots/d10/d10fdd0fc764ad4a5d70fffa6aee1175.jpg'}]","[{'id': 10830, 'name': 'Activision Blizzard', 'slug': 'activision-blizzard', 'games_count': 691, 'image_background': 'https://media.rawg.io/media/games/445/44507fdd60a8ec02b1c3c64a293ca754.jpg'}]",,The Dreadnaught Factor is a video game written by Tom Loughry for the Mattel Intellivision and published by Activision in 1983. Atari 5200 and Atari 8-bit family ports followed in 1984.,,,5.0,2.0,2.0,1.0,,,,,,,,,,,,,0.0
56814,stop-the-express,Stop the Express,Stop the Express,"<p>Stop the Express (in Japan, the game was known as Bousou Tokkyuu SOS (暴走特急SOS, ""Runaway Express SOS"")) is a video game made by Hudson Soft in 1983 for Sharp X1 . There were also versions for the ZX Spectrum, Commodore 64 and the MSX.</p>
<p>It was remade for Nintendo Family Computer as Challenger(チャレンジャー) in 1985.</p>",,[],1983-01-01,False,2019-08-28T22:25:53,https://media.rawg.io/media/screenshots/de7/de7d2517881b6b230098ec649132e9c0.jpg,https://media.rawg.io/media/screenshots/337/33730c83480eb1b3f9edf165caebc0d8.jpg,,0.0,0,"[{'id': 5, 'title': 'exceptional', 'count': 1, 'percent': 100.0}]",10,0,9,0,0,0,0,,,,,0,0,0,0,1,162,[],,0,0,0,,1,0f0f0f,0f0f0f,"[{'platform': {'id': 10, 'name': 'Commodore / Amiga', 'slug': 'commodore-amiga'}}]","[{'platform': {'id': 166, 'name': 'Commodore / Amiga', 'slug': 'commodore-amiga', 'image': None, 'year_end': None, 'year_start': None, 'games_count': 2083, 'image_background': 'https://media.rawg.io/media/games/cce/cce8bebe861f295003f5a9fe5b11233f.jpg'}, 'released_at': '1983-01-01', 'requirements': {}}]",[],"[{'id': 14652, 'name': 'Hudson Soft', 'slug': 'hudson-soft', 'games_count': 114, 'image_background': 'https://media.rawg.io/media/screenshots/e87/e87bd8b2b7cff248c4d1af8264d25d09.jpg'}]","[{'id': 4, 'name': 'Action', 'slug': 'action', 'games_count': 186608, 'image_background': 'https://media.rawg.io/media/games/618/618c2031a07bbff6b4f611f10b6bcdbc.jpg'}]","[{'id': 31, 'name': 'Singleplayer', 'slug': 'singleplayer', 'language': 'eng', 'games_count': 238404, 'image_background': 'https://media.rawg.io/media/games/26d/26d4437715bee60138dab4a7c8c59c92.jpg'}]","[{'id': 10831, 'name': 'HUDSON SOFT', 'slug': 'hudson-soft', 'games_count': 198, 'image_background': 'https://media.rawg.io/media/games/d51/d519cdf7f6c11951ce87a01fab5ee34e.jpg'}, {'id': 20269, 'name': 'Sinclair Research', 'slug': 'sinclair-research', 'games_count': 3, 'image_background': 'https://media.rawg.io/media/screenshots/de7/de7d2517881b6b230098ec649132e9c0.jpg'}]",,"Stop the Express (in Japan, the game was known as Bousou Tokkyuu SOS (暴走特急SOS, ""Runaway Express SOS"")) is a video game made by Hudson Soft in 1983 for Sharp X1 . There were also versions for the ZX Spectrum, Commodore 64 and the MSX.
It was remade for Nintendo Family Computer as Challenger(チャレンジャー) in 1985.",,,5.0,2.0,2.0,1.0,,,,,,,,,,,,,0.0
56523,grannys-garden,Granny's Garden,Granny's Garden,"<p>Granny's Garden is an educational adventure game for the British BBC Micro computer, released in 1983. It served as a first introduction to computers for many schoolchildren in the United Kingdom during the 1980s and 1990s. According to the 4Mation webpage about the original version, it was the reason many teachers decided that computers had a real place in education. The software is still available in its original and updated formats.</p>
<p>Created by Mike Matson for 4Mation, the game takes place in the Kingdom of the Mountains. The aim is to find the six missing children of the King and Queen (Esther, Tom, Clare, Anna, Jessica, and Daniel), while avoiding the evil witch, by solving puzzles.</p>
<p>Let's Play videos have been published by fans of the game via YouTube.</p>",,[],1983-01-01,False,2019-08-28T22:25:57,https://media.rawg.io/media/screenshots/559/559f2e58f74dde9b8aa7436b39b57a6f.jpg,https://media.rawg.io/media/screenshots/692/692d701c68f78a0af8acdd159f492b03.jpg,,0.0,0,[],10,0,9,0,1,0,0,,,,,0,0,0,0,0,153,[],,0,0,0,,0,0f0f0f,0f0f0f,"[{'platform': {'id': 4, 'name': 'iOS', 'slug': 'ios'}}, {'platform': {'id': 10, 'name': 'Commodore / Amiga', 'slug': 'commodore-amiga'}}]","[{'platform': {'id': 3, 'name': 'iOS', 'slug': 'ios', 'image': None, 'year_end': None, 'year_start': None, 'games_count': 77392, 'image_background': 'https://media.rawg.io/media/games/5fa/5fae5fec3c943179e09da67a4427d68f.jpg'}, 'released_at': '1983-01-01', 'requirements': {}}, {'platform': {'id': 166, 'name': 'Commodore / Amiga', 'slug': 'commodore-amiga', 'image': None, 'year_end': None, 'year_start': None, 'games_count': 2083, 'image_background': 'https://media.rawg.io/media/games/cce/cce8bebe861f295003f5a9fe5b11233f.jpg'}, 'released_at': '1983-01-01', 'requirements': {}}]",[],"[{'id': 27465, 'name': '4Mation', 'slug': '4mation', 'games_count': 1, 'image_background': 'https://media.rawg.io/media/screenshots/559/559f2e58f74dde9b8aa7436b39b57a6f.jpg'}]","[{'id': 3, 'name': 'Adventure', 'slug': 'adventure', 'games_count': 146481, 'image_background': 'https://media.rawg.io/media/games/b6b/b6b20bfc4b34e312dbc8aac53c95a348.jpg'}]","[{'id': 31, 'name': 'Singleplayer', 'slug': 'singleplayer', 'language': 'eng', 'games_count': 238404, 'image_background': 'https://media.rawg.io/media/games/26d/26d4437715bee60138dab4a7c8c59c92.jpg'}]","[{'id': 20545, 'name': '4Mation', 'slug': '4mation', 'games_count': 1, 'image_background': 'https://media.rawg.io/media/screenshots/559/559f2e58f74dde9b8aa7436b39b57a6f.jpg'}]",,"Granny's Garden is an educational adventure game for the British BBC Micro computer, released in 1983. It served as a first introduction to computers for many schoolchildren in the United Kingdom during the 1980s and 1990s. According to the 4Mation webpage about the original version, it was the reason many teachers decided that computers had a real place in education. The software is still available in its original and updated formats.
Created by Mike Matson for 4Mation, the game takes place in the Kingdom of the Mountains. The aim is to find the six missing children of the King and Queen (Esther, Tom, Clare, Anna, Jessica, and Daniel), while avoiding the evil witch, by solving puzzles.
Let's Play videos have been published by fans of the game via YouTube.",,,5.0,3.0,1.0,1.0,,,,,,,,,,,,,0.0
56731,rdf-1985,RDF 1985,RDF 1985,"<p>RDF 1985 is a computer wargame published in 1983 by Strategic Simulations. Developed by Roger Keating, it was the second in the ""When Superpowers Collide"" series.</p>",,[],1983-01-01,False,2019-08-28T22:00:19,https://media.rawg.io/media/screenshots/91d/91d73da9786551b6790c9aeb0c7262b3.jpg,https://media.rawg.io/media/screenshots/cdd/cdd535b8063d3d6d7ac75dcc62389e23.jpg,,0.0,0,[],10,0,7,0,0,0,0,,,,,0,0,0,0,0,113,[],,0,0,0,,0,0f0f0f,0f0f0f,"[{'platform': {'id': 5, 'name': 'Apple Macintosh', 'slug': 'mac'}}, {'platform': {'id': 10, 'name': 'Commodore / Amiga', 'slug': 'commodore-amiga'}}]","[{'platform': {'id': 166, 'name': 'Commodore / Amiga', 'slug': 'commodore-amiga', 'image': None, 'year_end': None, 'year_start': None, 'games_count': 2083, 'image_background': 'https://media.rawg.io/media/games/cce/cce8bebe861f295003f5a9fe5b11233f.jpg'}, 'released_at': '1983-01-01', 'requirements': {}}, {'platform': {'id': 41, 'name': 'Apple II', 'slug': 'apple-ii', 'image': None, 'year_end': None, 'year_start': None, 'games_count': 424, 'image_background': 'https://media.rawg.io/media/screenshots/3d2/3d2bb57b39e2efa39d1c385585b2ea8b.jpg'}, 'released_at': '1983-01-01', 'requirements': {}}]",[],"[{'id': 27384, 'name': 'Roger Keating', 'slug': 'roger-keating', 'games_count': 4, 'image_background': 'https://media.rawg.io/media/screenshots/566/566c6c706a02ac444f68c6edb580f5c0.jpg'}]",[],"[{'id': 31, 'name': 'Singleplayer', 'slug': 'singleplayer', 'language': 'eng', 'games_count': 238404, 'image_background': 'https://media.rawg.io/media/games/26d/26d4437715bee60138dab4a7c8c59c92.jpg'}, {'id': 7, 'name': 'Multiplayer', 'slug': 'multiplayer', 'language': 'eng', 'games_count': 40505, 'image_background': 'https://media.rawg.io/media/games/021/021c4e21a1824d2526f925eff6324653.jpg'}]","[{'id': 19851, 'name': 'Strategic Simulations', 'slug': 'strategic-simulations', 'games_count': 113, 'image_background': 'https://media.rawg.io/media/screenshots/55c/55cd1c62d524e51467185c94839b08c4.jpg'}]",,"RDF 1985 is a computer wargame published in 1983 by Strategic Simulations. Developed by Roger Keating, it was the second in the ""When Superpowers Collide"" series.",,,5.0,2.0,2.0,1.0,,,,,,,,,,,,,0.0
52568,pressure-cooker,Pressure Cooker,Pressure Cooker,<p>Pressure Cooker is an Atari 2600 video game written by Garry Kitchen and released by Activision in 1983. The player is a short-order cook at a hamburger stand who must assemble and package hamburgers to order without letting ingredients or hamburgers fall to the floor. Pressure Cooker was not ported to other systems. Kitchen also wrote the Atari 2600 game Keystone Kapers for Activision.</p>,,[],1983-01-01,False,2019-01-09T12:41:06,https://media.rawg.io/media/screenshots/1e6/1e6a6a599bb2ea0a055dfff1f14d4a9c.jpg,https://media.rawg.io/media/screenshots/b34/b34a54fa9eb5c36a60110ae8bad90103.jpg,,0.0,0,[],10,0,5,0,1,0,0,,,,,0,0,0,0,0,53,[],,0,0,0,,0,0f0f0f,0f0f0f,"[{'platform': {'id': 9, 'name': 'Atari', 'slug': 'atari'}}]","[{'platform': {'id': 23, 'name': 'Atari 2600', 'slug': 'atari-2600', 'image': None, 'year_end': None, 'year_start': None, 'games_count': 294, 'image_background': 'https://media.rawg.io/media/screenshots/ff6/ff623993a854663931c1e78d72a16a5a.jpg'}, 'released_at': '1983-01-01', 'requirements': {}}]",[],"[{'id': 11, 'name': 'Activision', 'slug': 'activision', 'games_count': 163, 'image_background': 'https://media.rawg.io/media/screenshots/d05/d0524e9b2e276dd9c8351881e897f7c9.jpg'}]",[],"[{'id': 8234, 'name': 'fall', 'slug': 'fall', 'language': 'eng', 'games_count': 3543, 'image_background': 'https://media.rawg.io/media/screenshots/e14/e14435ba87a1502f64f0618de88ea531.jpg'}, {'id': 1534, 'name': 'atari', 'slug': 'atari', 'language': 'eng', 'games_count': 1158, 'image_background': 'https://media.rawg.io/media/screenshots/d10/d10fdd0fc764ad4a5d70fffa6aee1175.jpg'}]","[{'id': 10830, 'name': 'Activision Blizzard', 'slug': 'activision-blizzard', 'games_count': 691, 'image_background': 'https://media.rawg.io/media/games/445/44507fdd60a8ec02b1c3c64a293ca754.jpg'}]",,Pressure Cooker is an Atari 2600 video game written by Garry Kitchen and released by Activision in 1983. The player is a short-order cook at a hamburger stand who must assemble and package hamburgers to order without letting ingredients or hamburgers fall to the floor. Pressure Cooker was not ported to other systems. Kitchen also wrote the Atari 2600 game Keystone Kapers for Activision.,,,5.0,2.0,2.0,1.0,,,,,,,,,,,,,0.0
55202,k-razy-shoot-out,K-Razy Shoot-Out,K-Razy Shoot-Out,"<p>K-Razy Shoot-Out is a clone of the arcade game Berzerk developed by K-Byte, a division of Kay Enterprises, and released for the Atari 8-bit family in 1981. The game was written by Torre Meeder and Dr. Keith Dreyer, and was the first Atari 8-bit cartridge from a third-party developer. An Atari 5200 version followed in 1983.</p>
<p>The game is part of a series of titles with the ""K-"" prefix, including K-Razy Kritters and K-Star Patrol. All of them were published on cartridge. The K-Byte games were later published by CBS Software, including the Atari 5200 port of K-Razy Shoot-Out.</p>",,[],1983-10-01,False,2019-01-09T12:41:06,https://media.rawg.io/media/screenshots/f7b/f7b95c8ccde13effdd21b0bc0fba4a02.jpg,https://media.rawg.io/media/screenshots/7ae/7ae10f06abcb85bb7a4a5c4eb81bb962.jpg,,0.0,0,[],10,0,8,0,2,0,0,,,,,0,0,0,0,0,127,[],,0,0,0,,0,0f0f0f,0f0f0f,"[{'platform': {'id': 9, 'name': 'Atari', 'slug': 'atari'}}]","[{'platform': {'id': 25, 'name': 'Atari 8-bit', 'slug': 'atari-8-bit', 'image': None, 'year_end': None, 'year_start': None, 'games_count': 308, 'image_background': 'https://media.rawg.io/media/screenshots/038/0385a47d3a43b218204268af5361a19e.jpg'}, 'released_at': '1983-10-01', 'requirements': {}}, {'platform': {'id': 31, 'name': 'Atari 5200', 'slug': 'atari-5200', 'image': None, 'year_end': None, 'year_start': None, 'games_count': 64, 'image_background': 'https://media.rawg.io/media/screenshots/678/6786598cba3939d48ed60cbd1a3723f4.jpg'}, 'released_at': '1983-10-01', 'requirements': {}}]",[],"[{'id': 27035, 'name': 'K-Byte', 'slug': 'k-byte', 'games_count': 2, 'image_background': 'https://media.rawg.io/media/screenshots/765/7653487cf57a242364f6e308509efab6_ZO3TLvy.jpg'}]","[{'id': 4, 'name': 'Action', 'slug': 'action', 'games_count': 186608, 'image_background': 'https://media.rawg.io/media/games/618/618c2031a07bbff6b4f611f10b6bcdbc.jpg'}]","[{'id': 625, 'name': 'party', 'slug': 'party', 'language': 'eng', 'games_count': 4183, 'image_background': 'https://media.rawg.io/media/games/13d/13de6701089d2e84bab0a17d75b86857.jpg'}, {'id': 3117, 'name': 'shoot', 'slug': 'shoot', 'language': 'eng', 'games_count': 9955, 'image_background': 'https://media.rawg.io/media/screenshots/471/47138dfaf3865699a2cf2561e15f659e.jpg'}, {'id': 3992, 'name': 'clone', 'slug': 'clone', 'language': 'eng', 'games_count': 1008, 'image_background': 'https://media.rawg.io/media/screenshots/990/9906c5c53cc94be308a69f0b585711d6.jpg'}, {'id': 1534, 'name': 'atari', 'slug': 'atari', 'language': 'eng', 'games_count': 1158, 'image_background': 'https://media.rawg.io/media/screenshots/d10/d10fdd0fc764ad4a5d70fffa6aee1175.jpg'}]","[{'id': 20267, 'name': 'CBS Software', 'slug': 'cbs-software', 'games_count': 2, 'image_background': 'https://media.rawg.io/media/screenshots/f7b/f7b95c8ccde13effdd21b0bc0fba4a02.jpg'}, {'id': 20268, 'name': 'K-Byte', 'slug': 'k-byte', 'games_count': 1, 'image_background': 'https://media.rawg.io/media/screenshots/f7b/f7b95c8ccde13effdd21b0bc0fba4a02.jpg'}]",,"K-Razy Shoot-Out is a clone of the arcade game Berzerk developed by K-Byte, a division of Kay Enterprises, and released for the Atari 8-bit family in 1981. The game was written by Torre Meeder and Dr. Keith Dreyer, and was the first Atari 8-bit cartridge from a third-party developer. An Atari 5200 version followed in 1983.
The game is part of a series of titles with the ""K-"" prefix, including K-Razy Kritters and K-Star Patrol. All of them were published on cartridge. The K-Byte games were later published by CBS Software, including the Atari 5200 port of K-Razy Shoot-Out.",,,5.0,2.0,2.0,1.0,,,,,,,,,,,,,0.0
56572,jack-attack,Jack Attack,Jack Attack,<p>Jack Attack is a platform action video game released for the Commodore 64 home computer. It was published in 1983 by Commodore International for the North American and European markets. A version for the Commodore 16 and Commodore Plus/4 was also released in 1984. The game is said to have been named after Commodore's founder Jack Tramiel.</p>,,[],1983-01-01,False,2019-08-28T22:00:25,https://media.rawg.io/media/screenshots/129/1299e3a1a7d9422b8b5c9b3e3a921b51.jpg,https://media.rawg.io/media/screenshots/b96/b96ee1ab6021eed31fd7f9d802908ea5.jpg,,0.0,0,[],10,0,7,0,0,0,0,,,,,0,0,0,0,0,160,[],,0,0,0,,0,0f0f0f,0f0f0f,"[{'platform': {'id': 10, 'name': 'Commodore / Amiga', 'slug': 'commodore-amiga'}}]","[{'platform': {'id': 166, 'name': 'Commodore / Amiga', 'slug': 'commodore-amiga', 'image': None, 'year_end': None, 'year_start': None, 'games_count': 2083, 'image_background': 'https://media.rawg.io/media/games/cce/cce8bebe861f295003f5a9fe5b11233f.jpg'}, 'released_at': '1983-01-01', 'requirements': {}}]",[],"[{'id': 27491, 'name': 'Kevin Kieller and John Traynor', 'slug': 'kevin-kieller-and-john-traynor', 'games_count': 1, 'image_background': 'https://media.rawg.io/media/screenshots/129/1299e3a1a7d9422b8b5c9b3e3a921b51.jpg'}]","[{'id': 4, 'name': 'Action', 'slug': 'action', 'games_count': 186608, 'image_background': 'https://media.rawg.io/media/games/618/618c2031a07bbff6b4f611f10b6bcdbc.jpg'}]","[{'id': 31, 'name': 'Singleplayer', 'slug': 'singleplayer', 'language': 'eng', 'games_count': 238404, 'image_background': 'https://media.rawg.io/media/games/26d/26d4437715bee60138dab4a7c8c59c92.jpg'}]","[{'id': 20263, 'name': 'Commodore', 'slug': 'commodore', 'games_count': 11, 'image_background': 'https://media.rawg.io/media/screenshots/990/9906c5c53cc94be308a69f0b585711d6.jpg'}, {'id': 19461, 'name': 'Commodore International', 'slug': 'commodore-international', 'games_count': 7, 'image_background': 'https://media.rawg.io/media/screenshots/e95/e953e28fea45c8a4c5d811cc5f43e03f.jpg'}]",,Jack Attack is a platform action video game released for the Commodore 64 home computer. It was published in 1983 by Commodore International for the North American and European markets. A version for the Commodore 16 and Commodore Plus/4 was also released in 1984. The game is said to have been named after Commodore's founder Jack Tramiel.,,,5.0,2.0,2.0,1.0,,,,,,,,,,,,,0.0
56440,dragonriders-of-pern,Dragonriders of Pern,Dragonriders of Pern,"<p>Dragonriders of Pern is a 1983 video game release by Epyx that is based on Anne McCaffrey's book series of the same name. The game was released for the Atari 8-bit family and Commodore 64.</p>
<p>The player acts as the ruler of a ""weyr"", a mountaintop redoubt where the people of the planet Pern raise dragons in order to protect against periodic invasions of deadly ""thread"" that falls from a nearby planet. The game is primarily a strategic one, in which the user attempts to form alliances, but it also includes an action portion where the player controls a dragon in an attempt to destroy falling thread.</p>
<p>The game was one of several adaptations of the Pern story made in the 1983 time frame, which also included a board game and arcade game. This version, for the Atari 8-bit family and Commodore 64, was considered a forerunner of similar games based on novels, although similar adaptations did not become common at the time. A sequel for the C64, Moreta: Dragonlady of Pern, was cancelled and not completed.</p>",,[],1983-01-01,False,2019-08-28T22:25:58,https://media.rawg.io/media/screenshots/7da/7da4234479a06906c2b51c190b71ba4e.jpg,https://media.rawg.io/media/screenshots/29f/29ffb57f446b16e545e2f3a726c99a39.jpg,,0.0,0,[],10,0,7,0,1,0,0,,,,,0,0,0,0,0,137,[],,0,0,0,,0,0f0f0f,0f0f0f,"[{'platform': {'id': 9, 'name': 'Atari', 'slug': 'atari'}}, {'platform': {'id': 10, 'name': 'Commodore / Amiga', 'slug': 'commodore-amiga'}}]","[{'platform': {'id': 166, 'name': 'Commodore / Amiga', 'slug': 'commodore-amiga', 'image': None, 'year_end': None, 'year_start': None, 'games_count': 2083, 'image_background': 'https://media.rawg.io/media/games/cce/cce8bebe861f295003f5a9fe5b11233f.jpg'}, 'released_at': '1983-01-01', 'requirements': {}}, {'platform': {'id': 25, 'name': 'Atari 8-bit', 'slug': 'atari-8-bit', 'image': None, 'year_end': None, 'year_start': None, 'games_count': 308, 'image_background': 'https://media.rawg.io/media/screenshots/038/0385a47d3a43b218204268af5361a19e.jpg'}, 'released_at': '1983-01-01', 'requirements': {}}]",[],"[{'id': 14767, 'name': 'The Connelley Group', 'slug': 'the-connelley-group', 'games_count': 3, 'image_background': 'https://media.rawg.io/media/screenshots/ef8/ef82cc07edafa5244d60e557217c62e5.jpg'}]","[{'id': 10, 'name': 'Strategy', 'slug': 'strategy', 'games_count': 59661, 'image_background': 'https://media.rawg.io/media/games/08b/08b2eee52a9876a48b955e5149affe5b.jpg'}]","[{'id': 31, 'name': 'Singleplayer', 'slug': 'singleplayer', 'language': 'eng', 'games_count': 238404, 'image_background': 'https://media.rawg.io/media/games/26d/26d4437715bee60138dab4a7c8c59c92.jpg'}, {'id': 351, 'name': 'Two-player', 'slug': 'two-player', 'language': 'eng', 'games_count': 272, 'image_background': 'https://media.rawg.io/media/screenshots/1c1/1c1c7ba1dc364dc71e522acd045aa428.jpg'}]","[{'id': 11929, 'name': 'Epyx', 'slug': 'epyx', 'games_count': 44, 'image_background': 'https://media.rawg.io/media/screenshots/189/1890b76089fc24b04ca7ce2fc3299274.jpg'}]",,"Dragonriders of Pern is a 1983 video game release by Epyx that is based on Anne McCaffrey's book series of the same name. The game was released for the Atari 8-bit family and Commodore 64.
The player acts as the ruler of a ""weyr"", a mountaintop redoubt where the people of the planet Pern raise dragons in order to protect against periodic invasions of deadly ""thread"" that falls from a nearby planet. The game is primarily a strategic one, in which the user attempts to form alliances, but it also includes an action portion where the player controls a dragon in an attempt to destroy falling thread.
The game was one of several adaptations of the Pern story made in the 1983 time frame, which also included a board game and arcade game. This version, for the Atari 8-bit family and Commodore 64, was considered a forerunner of similar games based on novels, although similar adaptations did not become common at the time. A sequel for the C64, Moreta: Dragonlady of Pern, was cancelled and not completed.",,,5.0,2.0,2.0,1.0,,,,,,,,,,,,,0.0
56693,perseus-and-andromeda,Perseus and Andromeda,Perseus and Andromeda,"<p>Perseus and Andromeda is a text adventure game released in 1983 by Digital Fantasia on the Mysterious Adventures label. It was available on most home computers of the day including the ZX Spectrum, Atari 8-bit, BBC Micro, Commodore 64, Commodore 16 and Oric-1.</p>
<p>Perseus and Andromeda was written by Brian Howarth in Scott Adams database. The story is an adaptation of the Greek myth of Perseus and includes characters and artifacts such as the winged sandals, Pegasus, the harpies and Medusa. The objective is to save Andromeda from the sea-monster Ceto.</p>",,[],1983-01-01,False,2019-08-28T22:25:55,https://media.rawg.io/media/screenshots/1ef/1effb55eb5baf4e84fe51d8671a6177a.jpg,https://media.rawg.io/media/screenshots/e61/e6187dddf4a6d859ba33add5ab01c079.jpg,,0.0,0,[],10,0,9,0,0,0,0,,,,,0,0,0,0,0,168,[],,0,0,0,,0,0f0f0f,0f0f0f,"[{'platform': {'id': 9, 'name': 'Atari', 'slug': 'atari'}}, {'platform': {'id': 10, 'name': 'Commodore / Amiga', 'slug': 'commodore-amiga'}}]","[{'platform': {'id': 166, 'name': 'Commodore / Amiga', 'slug': 'commodore-amiga', 'image': None, 'year_end': None, 'year_start': None, 'games_count': 2083, 'image_background': 'https://media.rawg.io/media/games/cce/cce8bebe861f295003f5a9fe5b11233f.jpg'}, 'released_at': '1983-01-01', 'requirements': {}}, {'platform': {'id': 25, 'name': 'Atari 8-bit', 'slug': 'atari-8-bit', 'image': None, 'year_end': None, 'year_start': None, 'games_count': 308, 'image_background': 'https://media.rawg.io/media/screenshots/038/0385a47d3a43b218204268af5361a19e.jpg'}, 'released_at': '1983-01-01', 'requirements': {}}]",[],"[{'id': 27552, 'name': 'Brian Howarth', 'slug': 'brian-howarth', 'games_count': 2, 'image_background': 'https://media.rawg.io/media/screenshots/ae7/ae77b12e3e02fd2ce94bbf3ac8d51163.jpg'}]",[],"[{'id': 31, 'name': 'Singleplayer', 'slug': 'singleplayer', 'language': 'eng', 'games_count': 238404, 'image_background': 'https://media.rawg.io/media/games/26d/26d4437715bee60138dab4a7c8c59c92.jpg'}]","[{'id': 20590, 'name': 'Digital Fantasia', 'slug': 'digital-fantasia', 'games_count': 1, 'image_background': 'https://media.rawg.io/media/screenshots/1ef/1effb55eb5baf4e84fe51d8671a6177a.jpg'}, {'id': 20591, 'name': 'Brian Howarth', 'slug': 'brian-howarth', 'games_count': 1, 'image_background': 'https://media.rawg.io/media/screenshots/1ef/1effb55eb5baf4e84fe51d8671a6177a.jpg'}]",,"Perseus and Andromeda is a text adventure game released in 1983 by Digital Fantasia on the Mysterious Adventures label. It was available on most home computers of the day including the ZX Spectrum, Atari 8-bit, BBC Micro, Commodore 64, Commodore 16 and Oric-1.
Perseus and Andromeda was written by Brian Howarth in Scott Adams database. The story is an adaptation of the Greek myth of Perseus and includes characters and artifacts such as the winged sandals, Pegasus, the harpies and Medusa. The objective is to save Andromeda from the sea-monster Ceto.",,,5.0,2.0,2.0,1.0,,,,,,,,,,,,,0.0
56304,ant-attack,Ant Attack,Ant Attack,"<p>Ant Attack is a ZX Spectrum computer game by Sandy White, published by Quicksilva in 1983. It was converted to the Commodore 64 in 1984.<br />
While both Q*bert and Zaxxon previously used isometric projection, Ant Attack added an extra degree of freedom (ability to go up and down instead of just north, south, east and west), and it may be the first isometric game for personal computers. The author argued that it &quot;was the first true isometric 3D game&quot;. The same type of isometric projection was used in Sandy White&#39;s later Zombie Zombie.</p>",,[],1983-01-01,False,2019-11-16T19:29:15,https://media.rawg.io/media/screenshots/413/41384ae3119c38b8e77fde5d38384e88.jpg,https://media.rawg.io/media/screenshots/fa1/fa1f517b5a3149a79a112d76160cc4d0.jpg,,0.0,0,"[{'id': 4, 'title': 'recommended', 'count': 1, 'percent': 100.0}]",10,0,1,0,0,0,0,,,,,0,0,0,0,1,108,[],,0,0,0,,1,0f0f0f,0f0f0f,"[{'platform': {'id': 10, 'name': 'Commodore / Amiga', 'slug': 'commodore-amiga'}}]","[{'platform': {'id': 166, 'name': 'Commodore / Amiga', 'slug': 'commodore-amiga', 'image': None, 'year_end': None, 'year_start': None, 'games_count': 2083, 'image_background': 'https://media.rawg.io/media/games/cce/cce8bebe861f295003f5a9fe5b11233f.jpg'}, 'released_at': '1983-01-01', 'requirements': {}}]",[],"[{'id': 27361, 'name': 'Quicksilva', 'slug': 'quicksilva', 'games_count': 4, 'image_background': 'https://media.rawg.io/media/screenshots/a66/a667bbfeb01e23bedc1e6a0eb9774770.jpg'}, {'id': 27360, 'name': 'Sandy White', 'slug': 'sandy-white', 'games_count': 1, 'image_background': 'https://media.rawg.io/media/screenshots/413/41384ae3119c38b8e77fde5d38384e88.jpg'}]","[{'id': 4, 'name': 'Action', 'slug': 'action', 'games_count': 186608, 'image_background': 'https://media.rawg.io/media/games/618/618c2031a07bbff6b4f611f10b6bcdbc.jpg'}]","[{'id': 31, 'name': 'Singleplayer', 'slug': 'singleplayer', 'language': 'eng', 'games_count': 238404, 'image_background': 'https://media.rawg.io/media/games/26d/26d4437715bee60138dab4a7c8c59c92.jpg'}]","[{'id': 20358, 'name': 'Quicksilva', 'slug': 'quicksilva', 'games_count': 8, 'image_background': 'https://media.rawg.io/media/screenshots/259/2594266d718720ba25f9351c3f22c16a.jpg'}]",,"Ant Attack is a ZX Spectrum computer game by Sandy White, published by Quicksilva in 1983. It was converted to the Commodore 64 in 1984.
While both Q*bert and Zaxxon previously used isometric projection, Ant Attack added an extra degree of freedom (ability to go up and down instead of just north, south, east and west), and it may be the first isometric game for personal computers. The author argued that it ""was the first true isometric 3D game"". The same type of isometric projection was used in Sandy White's later Zombie Zombie.",,,5.0,2.0,1.0,2.0,,,,,,,,,,,,,0.0
56355,blagger,Blagger,Blagger,"<p>Blagger is a platform game created by Antony Crowther for the Commodore 64 and released by Alligata in 1983. A BBC Micro port was released the same year, Acorn Electron, Amstrad CPC (through Amsoft) and MSX in 1984, and the Commodore 16 and Plus/4 in 1985. In some countries this game was released under the name Gangster. The gameplay is similar to that of Manic Miner, also released in 1983. A sequel, Son of Blagger, was released in 1984 with a third and final title Blagger Goes to Hollywood released in 1985.</p>",,[],1983-01-01,False,2019-08-28T22:00:32,https://media.rawg.io/media/screenshots/da3/da3586ddc32d6096baec738689e7150b.jpg,https://media.rawg.io/media/screenshots/cdc/cdc14bb22fb612e6d63f6184b688b28f.jpg,,0.0,0,[],10,0,12,0,2,0,0,,,,,0,0,0,0,0,186,[],,0,0,0,,0,0f0f0f,0f0f0f,"[{'platform': {'id': 10, 'name': 'Commodore / Amiga', 'slug': 'commodore-amiga'}}]","[{'platform': {'id': 166, 'name': 'Commodore / Amiga', 'slug': 'commodore-amiga', 'image': None, 'year_end': None, 'year_start': None, 'games_count': 2083, 'image_background': 'https://media.rawg.io/media/games/cce/cce8bebe861f295003f5a9fe5b11233f.jpg'}, 'released_at': '1983-01-01', 'requirements': {}}]",[],"[{'id': 27402, 'name': 'Antony Crowther', 'slug': 'antony-crowther', 'games_count': 5, 'image_background': 'https://media.rawg.io/media/screenshots/717/7174dc8dfc8346678d4d70c0bdcfc875.jpg'}]",[],"[{'id': 31, 'name': 'Singleplayer', 'slug': 'singleplayer', 'language': 'eng', 'games_count': 238404, 'image_background': 'https://media.rawg.io/media/games/26d/26d4437715bee60138dab4a7c8c59c92.jpg'}]","[{'id': 19775, 'name': 'Amsoft', 'slug': 'amsoft', 'games_count': 3, 'image_background': 'https://media.rawg.io/media/screenshots/6ce/6ce73bd2347fd7bd6a4de06619cd29fa.jpg'}, {'id': 20243, 'name': 'Alligata', 'slug': 'alligata', 'games_count': 4, 'image_background': 'https://media.rawg.io/media/screenshots/d54/d54f284b514b2a65ec8240942f9596fd.jpg'}]",,"Blagger is a platform game created by Antony Crowther for the Commodore 64 and released by Alligata in 1983. A BBC Micro port was released the same year, Acorn Electron, Amstrad CPC (through Amsoft) and MSX in 1984, and the Commodore 16 and Plus/4 in 1985. In some countries this game was released under the name Gangster. The gameplay is similar to that of Manic Miner, also released in 1983. A sequel, Son of Blagger, was released in 1984 with a third and final title Blagger Goes to Hollywood released in 1985.",,,6.0,2.0,1.0,1.0,,,,,,,,,,,,,0.0
58069,traxx,Traxx,Traxx,<p>Traxx is a computer game released in 1983 by Quicksilva for the ZX Spectrum and Commodore VIC-20. It was inspired by the arcade game Amidar.</p>,,[],1983-01-01,False,2019-08-28T21:59:35,https://media.rawg.io/media/screenshots/161/1611fca202a29612a643ee2b6c7aa2b5.jpg,https://media.rawg.io/media/screenshots/81e/81e75924933971c4c99927e923758144.jpg,,0.0,0,[],10,0,8,0,1,0,0,,,,,0,0,0,0,0,124,[],,0,0,0,,0,0f0f0f,0f0f0f,[],[],[],"[{'id': 27882, 'name': 'Salamander Software', 'slug': 'salamander-software', 'games_count': 1, 'image_background': 'https://media.rawg.io/media/screenshots/161/1611fca202a29612a643ee2b6c7aa2b5.jpg'}]","[{'id': 4, 'name': 'Action', 'slug': 'action', 'games_count': 186608, 'image_background': 'https://media.rawg.io/media/games/618/618c2031a07bbff6b4f611f10b6bcdbc.jpg'}]","[{'id': 31, 'name': 'Singleplayer', 'slug': 'singleplayer', 'language': 'eng', 'games_count': 238404, 'image_background': 'https://media.rawg.io/media/games/26d/26d4437715bee60138dab4a7c8c59c92.jpg'}, {'id': 418, 'name': '2 players', 'slug': '2-players', 'language': 'eng', 'games_count': 1244, 'image_background': 'https://media.rawg.io/media/screenshots/f9a/f9ac59bb4af2ca2193ee9ffb979577cf.jpg'}]","[{'id': 20358, 'name': 'Quicksilva', 'slug': 'quicksilva', 'games_count': 8, 'image_background': 'https://media.rawg.io/media/screenshots/259/2594266d718720ba25f9351c3f22c16a.jpg'}]",,Traxx is a computer game released in 1983 by Quicksilva for the ZX Spectrum and Commodore VIC-20. It was inspired by the arcade game Amidar.,,,5.0,2.0,2.0,1.0,,,,,,,,,,,,,0.0
385402,texas-chainsaw-massacre,Texas Chainsaw Massacre,Texas Chainsaw Massacre,"<p>As one of the first horror-themed video games, The Texas Chainsaw Massacre caused controversy when it was released because of the violent nature of the video game and sold poorly; many stores refused to carry it.</p>",,[],1983-03-14,False,2019-10-23T11:06:42,https://media.rawg.io/media/games/ad0/ad0334c478baffdf2dcc14de07303655.jpg,https://media.rawg.io/media/screenshots/c36/c3643ddcf864e6e257053e9d069f2dce.jpg,,0.0,0,"[{'id': 1, 'title': 'skip', 'count': 2, 'percent': 100.0}]",10,0,3,0,0,0,0,,,,,0,0,0,0,2,28,[],,0,0,0,,2,0f0f0f,0f0f0f,"[{'platform': {'id': 9, 'name': 'Atari', 'slug': 'atari'}}]","[{'platform': {'id': 23, 'name': 'Atari 2600', 'slug': 'atari-2600', 'image': None, 'year_end': None, 'year_start': None, 'games_count': 294, 'image_background': 'https://media.rawg.io/media/screenshots/ff6/ff623993a854663931c1e78d72a16a5a.jpg'}, 'released_at': '1983-03-14', 'requirements': {}}]",[],[],"[{'id': 4, 'name': 'Action', 'slug': 'action', 'games_count': 186608, 'image_background': 'https://media.rawg.io/media/games/618/618c2031a07bbff6b4f611f10b6bcdbc.jpg'}]","[{'id': 16, 'name': 'Horror', 'slug': 'horror', 'language': 'eng', 'games_count': 46987, 'image_background': 'https://media.rawg.io/media/games/942/9424d6bb763dc38d9378b488603c87fa.jpg'}, {'id': 774, 'name': 'nature', 'slug': 'nature', 'language': 'eng', 'games_count': 6661, 'image_background': 'https://media.rawg.io/media/screenshots/e0b/e0b7df921a951ec97fa4d7c595dac410.jpg'}]",[],,"As one of the first horror-themed video games, The Texas Chainsaw Massacre caused controversy when it was released because of the violent nature of the video game and sold poorly; many stores refused to carry it.",,,4.0,3.0,1.0,2.0,,,,,,,,,,,,,0.0
56323,attack-of-the-mutant-camels,Attack of the Mutant Camels,Attack of the Mutant Camels,"<p>Attack of the Mutant Camels is a surrealist computer game written by Jeff Minter and released for the Commodore 64 and Atari 8-bit family in 1983 by Minter's Llamasoft. The horizontally scrolling shooter is similar to the Atari 2600 game The Empire Strikes Back (1982), with AT-AT walkers replaced by giant camels. Confusingly, a very different game from Jeff Minter's Gridrunner series was also released in the US under the name Attack of the Mutant Camels.</p>
<p>Llamasoft released a sequel, Revenge of the Mutant Camels, in 1984.</p>",,[],1983-01-01,False,2019-08-28T22:00:33,https://media.rawg.io/media/screenshots/f37/f3740d0e6bd103a200f1979cae6a1519.jpg,https://media.rawg.io/media/screenshots/cdc/cdc4121022e84969ab6933dc64c5a752.jpg,,0.0,0,[],10,0,9,0,1,0,0,,,,,0,0,0,0,0,194,[],,0,0,0,,0,0f0f0f,0f0f0f,"[{'platform': {'id': 10, 'name': 'Commodore / Amiga', 'slug': 'commodore-amiga'}}]","[{'platform': {'id': 166, 'name': 'Commodore / Amiga', 'slug': 'commodore-amiga', 'image': None, 'year_end': None, 'year_start': None, 'games_count': 2083, 'image_background': 'https://media.rawg.io/media/games/cce/cce8bebe861f295003f5a9fe5b11233f.jpg'}, 'released_at': '1983-01-01', 'requirements': {}}]",[],"[{'id': 14259, 'name': 'Llamasoft', 'slug': 'llamasoft', 'games_count': 12, 'image_background': 'https://media.rawg.io/media/screenshots/573/573ff013e5cc31d064d3d1b5aa0f8bb2.jpg'}, {'id': 26993, 'name': 'Jeff Minter', 'slug': 'jeff-minter', 'games_count': 6, 'image_background': 'https://media.rawg.io/media/screenshots/f37/f3740d0e6bd103a200f1979cae6a1519.jpg'}]",[],"[{'id': 31, 'name': 'Singleplayer', 'slug': 'singleplayer', 'language': 'eng', 'games_count': 238404, 'image_background': 'https://media.rawg.io/media/games/26d/26d4437715bee60138dab4a7c8c59c92.jpg'}]","[{'id': 20246, 'name': 'Llamasoft', 'slug': 'llamasoft', 'games_count': 12, 'image_background': 'https://media.rawg.io/media/screenshots/b80/b802500e88adbb10b6b2c604e9631da9.jpg'}]",,"Attack of the Mutant Camels is a surrealist computer game written by Jeff Minter and released for the Commodore 64 and Atari 8-bit family in 1983 by Minter's Llamasoft. The horizontally scrolling shooter is similar to the Atari 2600 game The Empire Strikes Back (1982), with AT-AT walkers replaced by giant camels. Confusingly, a very different game from Jeff Minter's Gridrunner series was also released in the US under the name Attack of the Mutant Camels.
Llamasoft released a sequel, Revenge of the Mutant Camels, in 1984.",,,6.0,2.0,1.0,1.0,,,,,,,,,,,,,0.0
52416,dandy,Dandy,Dandy,"<p>Dandy (later Dandy Dungeon) is a dungeon crawl for the Atari 8-bit family published by the Atari Program Exchange in 1983. It was written by John Howard Palevich, originally for his undergraduate thesis while at MIT. Dandy is one of the first games to offer simultaneous, four-player, cooperative play. It was the direct inspiration for the popular 1985 Atari Games coin-op, Gauntlet, and later turned into the Dark Chambers home game published by Atari Corporation.</p>
<p>The name Dandy is a play on D&amp;D, the common abbreviation for Dungeons &amp; Dragons.</p>",,[],1983-01-01,False,2019-08-28T22:26:31,https://media.rawg.io/media/screenshots/2b0/2b07a4f2d90cae3b95d4275216299316.jpg,https://media.rawg.io/media/screenshots/7d6/7d6a608a1b7da18deb7f088822460c5c.jpg,,0.0,0,[],10,0,8,0,1,0,0,,,,,0,0,0,0,0,207,[],,0,0,0,,0,0f0f0f,0f0f0f,"[{'platform': {'id': 9, 'name': 'Atari', 'slug': 'atari'}}]","[{'platform': {'id': 50, 'name': 'Atari XEGS', 'slug': 'atari-xegs', 'image': None, 'year_end': None, 'year_start': None, 'games_count': 22, 'image_background': 'https://media.rawg.io/media/screenshots/769/7691726d70c23c029903df08858df001.jpg'}, 'released_at': '1983-01-01', 'requirements': {}}, {'platform': {'id': 23, 'name': 'Atari 2600', 'slug': 'atari-2600', 'image': None, 'year_end': None, 'year_start': None, 'games_count': 294, 'image_background': 'https://media.rawg.io/media/screenshots/ff6/ff623993a854663931c1e78d72a16a5a.jpg'}, 'released_at': '1983-01-01', 'requirements': {}}]",[],[],[],"[{'id': 31, 'name': 'Singleplayer', 'slug': 'singleplayer', 'language': 'eng', 'games_count': 238404, 'image_background': 'https://media.rawg.io/media/games/26d/26d4437715bee60138dab4a7c8c59c92.jpg'}, {'id': 7, 'name': 'Multiplayer', 'slug': 'multiplayer', 'language': 'eng', 'games_count': 40505, 'image_background': 'https://media.rawg.io/media/games/021/021c4e21a1824d2526f925eff6324653.jpg'}, {'id': 355, 'name': '2-4 player multiplayer', 'slug': '2-4-player-multiplayer', 'language': 'eng', 'games_count': 1, 'image_background': 'https://media.rawg.io/media/screenshots/2b0/2b07a4f2d90cae3b95d4275216299316.jpg'}]","[{'id': 1779, 'name': 'Atari', 'slug': 'atari', 'games_count': 507, 'image_background': 'https://media.rawg.io/media/games/d82/d82dbcf92ded452bf8c6fb1bbdd62e52.jpg'}, {'id': 19416, 'name': 'Electric Dreams', 'slug': 'electric-dreams', 'games_count': 4, 'image_background': 'https://media.rawg.io/media/screenshots/4b1/4b1806673ad09956a15e1a85ba41dbe6.jpg'}, {'id': 19415, 'name': 'Antic Software', 'slug': 'antic-software', 'games_count': 1, 'image_background': 'https://media.rawg.io/media/screenshots/2b0/2b07a4f2d90cae3b95d4275216299316.jpg'}]",,"Dandy (later Dandy Dungeon) is a dungeon crawl for the Atari 8-bit family published by the Atari Program Exchange in 1983. It was written by John Howard Palevich, originally for his undergraduate thesis while at MIT. Dandy is one of the first games to offer simultaneous, four-player, cooperative play. It was the direct inspiration for the popular 1985 Atari Games coin-op, Gauntlet, and later turned into the Dark Chambers home game published by Atari Corporation.
The name Dandy is a play on D&D, the common abbreviation for Dungeons & Dragons.",,,6.0,2.0,1.0,1.0,,,,,,,,,,,,,0.0
56412,crystals-of-zong,Crystals of Zong,Crystals of Zong,<p>Crystals of Zong maze-chase game written by Sean McKinnon for the Commodore 64 and published by Cymbal Software in 1983.</p>,,[],1983-01-01,False,2019-08-28T22:00:30,https://media.rawg.io/media/screenshots/06f/06ffc03337056fa7ca47ce2890389052.jpg,https://media.rawg.io/media/screenshots/bcb/bcbb7301b00a249c4394ef708418e918.jpg,,0.0,0,[],10,0,8,0,1,0,0,,,,,0,0,0,0,0,46,[],,0,0,0,,0,0f0f0f,0f0f0f,"[{'platform': {'id': 10, 'name': 'Commodore / Amiga', 'slug': 'commodore-amiga'}}]","[{'platform': {'id': 166, 'name': 'Commodore / Amiga', 'slug': 'commodore-amiga', 'image': None, 'year_end': None, 'year_start': None, 'games_count': 2083, 'image_background': 'https://media.rawg.io/media/games/cce/cce8bebe861f295003f5a9fe5b11233f.jpg'}, 'released_at': '1983-01-01', 'requirements': {}}]",[],[],"[{'id': 4, 'name': 'Action', 'slug': 'action', 'games_count': 186608, 'image_background': 'https://media.rawg.io/media/games/618/618c2031a07bbff6b4f611f10b6bcdbc.jpg'}]","[{'id': 31, 'name': 'Singleplayer', 'slug': 'singleplayer', 'language': 'eng', 'games_count': 238404, 'image_background': 'https://media.rawg.io/media/games/26d/26d4437715bee60138dab4a7c8c59c92.jpg'}]","[{'id': 20517, 'name': 'Cymbal Software', 'slug': 'cymbal-software', 'games_count': 1, 'image_background': 'https://media.rawg.io/media/screenshots/06f/06ffc03337056fa7ca47ce2890389052.jpg'}]",,Crystals of Zong maze-chase game written by Sean McKinnon for the Commodore 64 and published by Cymbal Software in 1983.,,,5.0,2.0,2.0,1.0,,,,,,,,,,,,,0.0
56491,fraction-fever,Fraction Fever,Fraction Fever,<p>Fraction Fever is an educational video game created by Tom Snyder Productions and published by Spinnaker Software in 1983. The TRS-80 version was sold through Radio Shack. The game involves moving a pogo stick laterally on a platform to find a fraction equivalent to the one shown on-screen.</p>,,[],1983-01-01,False,2019-08-28T22:00:27,https://media.rawg.io/media/screenshots/c57/c5724a0689807f5c3f411cf32c02676e.jpg,https://media.rawg.io/media/screenshots/a67/a67329d5c4c142819f7db7af70a39a00.jpg,,0.0,0,[],10,0,12,0,1,0,0,,,,,0,0,0,0,0,181,[],,0,0,0,,0,0f0f0f,0f0f0f,"[{'platform': {'id': 5, 'name': 'Apple Macintosh', 'slug': 'mac'}}, {'platform': {'id': 9, 'name': 'Atari', 'slug': 'atari'}}, {'platform': {'id': 10, 'name': 'Commodore / Amiga', 'slug': 'commodore-amiga'}}]","[{'platform': {'id': 166, 'name': 'Commodore / Amiga', 'slug': 'commodore-amiga', 'image': None, 'year_end': None, 'year_start': None, 'games_count': 2083, 'image_background': 'https://media.rawg.io/media/games/cce/cce8bebe861f295003f5a9fe5b11233f.jpg'}, 'released_at': '1983-01-01', 'requirements': {}}, {'platform': {'id': 41, 'name': 'Apple II', 'slug': 'apple-ii', 'image': None, 'year_end': None, 'year_start': None, 'games_count': 424, 'image_background': 'https://media.rawg.io/media/screenshots/3d2/3d2bb57b39e2efa39d1c385585b2ea8b.jpg'}, 'released_at': '1983-01-01', 'requirements': {}}, {'platform': {'id': 25, 'name': 'Atari 8-bit', 'slug': 'atari-8-bit', 'image': None, 'year_end': None, 'year_start': None, 'games_count': 308, 'image_background': 'https://media.rawg.io/media/screenshots/038/0385a47d3a43b218204268af5361a19e.jpg'}, 'released_at': '1983-01-01', 'requirements': {}}]",[],"[{'id': 27352, 'name': 'Tom Snyder Productions', 'slug': 'tom-snyder-productions', 'games_count': 3, 'image_background': 'https://media.rawg.io/media/screenshots/c57/c5724a0689807f5c3f411cf32c02676e.jpg'}, {'id': 27353, 'name': 'Soup2Nuts', 'slug': 'soup2nuts', 'games_count': 3, 'image_background': 'https://media.rawg.io/media/screenshots/9f0/9f0337e1b6b0146c81efc5992f6c0820.jpg'}]","[{'id': 34, 'name': 'Educational', 'slug': 'educational', 'games_count': 15690, 'image_background': 'https://media.rawg.io/media/games/7ca/7ca90d463ea0c0252e7d01afe897ffa8.jpg'}]","[{'id': 31, 'name': 'Singleplayer', 'slug': 'singleplayer', 'language': 'eng', 'games_count': 238404, 'image_background': 'https://media.rawg.io/media/games/26d/26d4437715bee60138dab4a7c8c59c92.jpg'}]","[{'id': 20538, 'name': 'Spinnaker Software', 'slug': 'spinnaker-software', 'games_count': 2, 'image_background': 'https://media.rawg.io/media/screenshots/e21/e211c75455cdda99420835d9984b9149.jpg'}]",,Fraction Fever is an educational video game created by Tom Snyder Productions and published by Spinnaker Software in 1983. The TRS-80 version was sold through Radio Shack. The game involves moving a pogo stick laterally on a platform to find a fraction equivalent to the one shown on-screen.,,,5.0,2.0,2.0,1.0,,,,,,,,,,,,,0.0
52555,mr-dos-castle,Mr. Do's Castle,Mr. Do's Castle,"<p>Mr. Do's Castle is an arcade game created by Universal in September 1983. The Asian title of the game is Mr. Do! versus Unicorns. Though marketed as a sequel to the original Mr. Do! released one year earlier, the game bears a far closer resemblance to Space Panic. It is the second of the Mr. Do series of video games, although it wasn't intended to be. It began life as a game called ""Knights vs. Unicorns"", but the U.S. division of Universal persuaded the Japanese arm to modify the graphics into a Mr. Do! game, taking into account the first game's popularity.</p>",,[],1983-01-01,False,2019-01-09T12:41:06,https://media.rawg.io/media/screenshots/3ef/3ef2f471d0a3cf7dbe8c9a0049702c85.jpg,https://media.rawg.io/media/screenshots/539/5394d8b07c109d3a03a6a4bac390d91e.jpg,,0.0,0,"[{'id': 4, 'title': 'recommended', 'count': 1, 'percent': 100.0}]",10,0,14,0,0,0,0,,,,,0,0,0,0,1,253,[],,0,0,0,,1,0f0f0f,0f0f0f,"[{'platform': {'id': 9, 'name': 'Atari', 'slug': 'atari'}}, {'platform': {'id': 10, 'name': 'Commodore / Amiga', 'slug': 'commodore-amiga'}}]","[{'platform': {'id': 25, 'name': 'Atari 8-bit', 'slug': 'atari-8-bit', 'image': None, 'year_end': None, 'year_start': None, 'games_count': 308, 'image_background': 'https://media.rawg.io/media/screenshots/038/0385a47d3a43b218204268af5361a19e.jpg'}, 'released_at': '1983-01-01', 'requirements': {}}, {'platform': {'id': 23, 'name': 'Atari 2600', 'slug': 'atari-2600', 'image': None, 'year_end': None, 'year_start': None, 'games_count': 294, 'image_background': 'https://media.rawg.io/media/screenshots/ff6/ff623993a854663931c1e78d72a16a5a.jpg'}, 'released_at': '1983-01-01', 'requirements': {}}, {'platform': {'id': 31, 'name': 'Atari 5200', 'slug': 'atari-5200', 'image': None, 'year_end': None, 'year_start': None, 'games_count': 64, 'image_background': 'https://media.rawg.io/media/screenshots/678/6786598cba3939d48ed60cbd1a3723f4.jpg'}, 'released_at': '1983-01-01', 'requirements': {}}, {'platform': {'id': 166, 'name': 'Commodore / Amiga', 'slug': 'commodore-amiga', 'image': None, 'year_end': None, 'year_start': None, 'games_count': 2083, 'image_background': 'https://media.rawg.io/media/games/cce/cce8bebe861f295003f5a9fe5b11233f.jpg'}, 'released_at': '1983-01-01', 'requirements': {}}]",[],"[{'id': 25988, 'name': 'Universal Entertainment', 'slug': 'universal-entertainment-corporation', 'games_count': 6, 'image_background': 'https://media.rawg.io/media/screenshots/909/9091d02f13477bede3bf9b724a672ae9.jpg'}, {'id': 25987, 'name': 'Universal', 'slug': 'universal', 'games_count': 4, 'image_background': 'https://media.rawg.io/media/screenshots/613/613e9e31c18f53a871d305befcda4151.jpg'}]","[{'id': 7, 'name': 'Puzzle', 'slug': 'puzzle', 'games_count': 97333, 'image_background': 'https://media.rawg.io/media/games/9f4/9f418898f5415668ca47b5f4ab1ecfeb.jpg'}]","[{'id': 418, 'name': '2 players', 'slug': '2-players', 'language': 'eng', 'games_count': 1244, 'image_background': 'https://media.rawg.io/media/screenshots/f9a/f9ac59bb4af2ca2193ee9ffb979577cf.jpg'}, {'id': 348, 'name': 'alternating turns', 'slug': 'alternating-turns', 'language': 'eng', 'games_count': 64, 'image_background': 'https://media.rawg.io/media/games/6f8/6f8fb1e98393f72b47f1f909d5b649d4.jpg'}]","[{'id': 19478, 'name': 'Universal', 'slug': 'universal', 'games_count': 3, 'image_background': 'https://media.rawg.io/media/screenshots/909/9091d02f13477bede3bf9b724a672ae9.jpg'}]",,"Mr. Do's Castle is an arcade game created by Universal in September 1983. The Asian title of the game is Mr. Do! versus Unicorns. Though marketed as a sequel to the original Mr. Do! released one year earlier, the game bears a far closer resemblance to Space Panic. It is the second of the Mr. Do series of video games, although it wasn't intended to be. It began life as a game called ""Knights vs. Unicorns"", but the U.S. division of Universal persuaded the Japanese arm to modify the graphics into a Mr. Do! game, taking into account the first game's popularity.",,,5.0,3.0,1.0,1.0,,,,,,,,,,,,,0.0
56667,nato-commander,NATO Commander,NATO Commander,"<p>NATO Commander is a commercial computer strategy game designed by Sid Meier and released in 1983 by MicroProse. The game ran on 8-bit home computers of its day such as the Atari 8-bit family, Apple II and Commodore 64.</p>
<p>The player takes the role of the Supreme Allied Commander of NATO forces in Europe as they respond to a massive Warsaw Pact attack. The goal is to slow their advance and inflict casualties, hoping to force a diplomatic end to the war before West Germany is overrun.</p>
<p>The same game engine was also used as the basis for Conflict in Vietnam, Crusade in Europe and Decision in the Desert.</p>",,[],1983-01-01,False,2019-08-28T22:25:55,https://media.rawg.io/media/screenshots/106/106573f4fc646c2afe648f66608b238a.jpg,https://media.rawg.io/media/screenshots/df5/df53c157903981f38a8e56d115d697ef.jpg,,0.0,0,[],10,0,7,0,2,0,0,,,,,0,0,0,0,0,152,[],,0,0,0,,0,0f0f0f,0f0f0f,"[{'platform': {'id': 5, 'name': 'Apple Macintosh', 'slug': 'mac'}}, {'platform': {'id': 9, 'name': 'Atari', 'slug': 'atari'}}, {'platform': {'id': 10, 'name': 'Commodore / Amiga', 'slug': 'commodore-amiga'}}]","[{'platform': {'id': 166, 'name': 'Commodore / Amiga', 'slug': 'commodore-amiga', 'image': None, 'year_end': None, 'year_start': None, 'games_count': 2083, 'image_background': 'https://media.rawg.io/media/games/cce/cce8bebe861f295003f5a9fe5b11233f.jpg'}, 'released_at': '1983-01-01', 'requirements': {}}, {'platform': {'id': 41, 'name': 'Apple II', 'slug': 'apple-ii', 'image': None, 'year_end': None, 'year_start': None, 'games_count': 424, 'image_background': 'https://media.rawg.io/media/screenshots/3d2/3d2bb57b39e2efa39d1c385585b2ea8b.jpg'}, 'released_at': '1983-01-01', 'requirements': {}}, {'platform': {'id': 25, 'name': 'Atari 8-bit', 'slug': 'atari-8-bit', 'image': None, 'year_end': None, 'year_start': None, 'games_count': 308, 'image_background': 'https://media.rawg.io/media/screenshots/038/0385a47d3a43b218204268af5361a19e.jpg'}, 'released_at': '1983-01-01', 'requirements': {}}]",[],"[{'id': 14511, 'name': 'MicroProse Software', 'slug': 'microprose-software', 'games_count': 122, 'image_background': 'https://media.rawg.io/media/screenshots/5e9/5e92af32e3cf118d0aa6a64acfd89ada.jpg'}]","[{'id': 10, 'name': 'Strategy', 'slug': 'strategy', 'games_count': 59661, 'image_background': 'https://media.rawg.io/media/games/08b/08b2eee52a9876a48b955e5149affe5b.jpg'}]","[{'id': 31, 'name': 'Singleplayer', 'slug': 'singleplayer', 'language': 'eng', 'games_count': 238404, 'image_background': 'https://media.rawg.io/media/games/26d/26d4437715bee60138dab4a7c8c59c92.jpg'}]","[{'id': 11455, 'name': 'MicroProse', 'slug': 'microprose', 'games_count': 130, 'image_background': 'https://media.rawg.io/media/screenshots/05f/05f21409dac9ce60809bc1bce40d657a.jpg'}]",,"NATO Commander is a commercial computer strategy game designed by Sid Meier and released in 1983 by MicroProse. The game ran on 8-bit home computers of its day such as the Atari 8-bit family, Apple II and Commodore 64.
The player takes the role of the Supreme Allied Commander of NATO forces in Europe as they respond to a massive Warsaw Pact attack. The goal is to slow their advance and inflict casualties, hoping to force a diplomatic end to the war before West Germany is overrun.
The same game engine was also used as the basis for Conflict in Vietnam, Crusade in Europe and Decision in the Desert.",,,5.0,2.0,2.0,1.0,,,,,,,,,,,,,0.0
52612,tooth-protectors,Tooth Protectors,Tooth Protectors,<p>Tooth Protectors is a rare video game for the Atari 2600 video game console. It was released exclusively via mail order in 1983 by American pharmaceutical and consumer goods manufacturer Johnson &amp; Johnson.</p>,,[],1983-01-01,False,2019-08-28T22:26:29,https://media.rawg.io/media/screenshots/0d1/0d185b648cf307eb198d07f0799345c1.jpg,https://media.rawg.io/media/screenshots/467/467ed391b0f9a21ef5393d0dcb30a886.jpg,,0.0,0,[],10,0,8,0,0,0,0,,,,,0,0,0,0,0,81,[],,0,0,0,,0,0f0f0f,0f0f0f,"[{'platform': {'id': 9, 'name': 'Atari', 'slug': 'atari'}}]","[{'platform': {'id': 23, 'name': 'Atari 2600', 'slug': 'atari-2600', 'image': None, 'year_end': None, 'year_start': None, 'games_count': 294, 'image_background': 'https://media.rawg.io/media/screenshots/ff6/ff623993a854663931c1e78d72a16a5a.jpg'}, 'released_at': '1983-01-01', 'requirements': {}}]",[],"[{'id': 26005, 'name': 'DSD/Camelot', 'slug': 'dsdcamelot', 'games_count': 1, 'image_background': 'https://media.rawg.io/media/screenshots/0d1/0d185b648cf307eb198d07f0799345c1.jpg'}]","[{'id': 4, 'name': 'Action', 'slug': 'action', 'games_count': 186608, 'image_background': 'https://media.rawg.io/media/games/618/618c2031a07bbff6b4f611f10b6bcdbc.jpg'}]","[{'id': 31, 'name': 'Singleplayer', 'slug': 'singleplayer', 'language': 'eng', 'games_count': 238404, 'image_background': 'https://media.rawg.io/media/games/26d/26d4437715bee60138dab4a7c8c59c92.jpg'}]","[{'id': 19498, 'name': 'Johnson & Johnson', 'slug': 'johnson-johnson', 'games_count': 1, 'image_background': 'https://media.rawg.io/media/screenshots/0d1/0d185b648cf307eb198d07f0799345c1.jpg'}]",,Tooth Protectors is a rare video game for the Atari 2600 video game console. It was released exclusively via mail order in 1983 by American pharmaceutical and consumer goods manufacturer Johnson & Johnson.,,,5.0,2.0,2.0,1.0,,,,,,,,,,,,,0.0
56757,save-new-york,Save New York,Save New York,<p>Save New York is a 1983 computer game for the Commodore 64 by Creative Software Inc.</p>,,[],1983-01-01,False,2019-08-28T22:00:19,https://media.rawg.io/media/screenshots/8d6/8d6417f054d92959a1f9b6332f82b317.jpg,https://media.rawg.io/media/screenshots/ca8/ca89754d914174dd65cb3abeed32eb65.jpg,,0.0,0,[],10,0,6,0,0,0,0,,,,,0,0,0,0,0,78,[],,0,0,0,,0,0f0f0f,0f0f0f,"[{'platform': {'id': 10, 'name': 'Commodore / Amiga', 'slug': 'commodore-amiga'}}]","[{'platform': {'id': 166, 'name': 'Commodore / Amiga', 'slug': 'commodore-amiga', 'image': None, 'year_end': None, 'year_start': None, 'games_count': 2083, 'image_background': 'https://media.rawg.io/media/games/cce/cce8bebe861f295003f5a9fe5b11233f.jpg'}, 'released_at': '1983-01-01', 'requirements': {}}]",[],"[{'id': 27584, 'name': 'Creative Software', 'slug': 'creative-software', 'games_count': 4, 'image_background': 'https://media.rawg.io/media/screenshots/616/6166de7ee836084fe621443782d48e82.jpg'}]",[],"[{'id': 31, 'name': 'Singleplayer', 'slug': 'singleplayer', 'language': 'eng', 'games_count': 238404, 'image_background': 'https://media.rawg.io/media/games/26d/26d4437715bee60138dab4a7c8c59c92.jpg'}, {'id': 7, 'name': 'Multiplayer', 'slug': 'multiplayer', 'language': 'eng', 'games_count': 40505, 'image_background': 'https://media.rawg.io/media/games/021/021c4e21a1824d2526f925eff6324653.jpg'}]","[{'id': 20582, 'name': 'Creative Software', 'slug': 'creative-software', 'games_count': 2, 'image_background': 'https://media.rawg.io/media/screenshots/0e2/0e2fc7a6cca7696114e76e5ce38028b3.jpg'}]",,Save New York is a 1983 computer game for the Commodore 64 by Creative Software Inc.,,,5.0,2.0,2.0,1.0,,,,,,,,,,,,,0.0
52546,kool-aid-man,Kool-Aid Man,Kool-Aid Man,"<p>Kool-Aid Man is an Atari 2600 video game is centered on the Kool-Aid Man, the television mascot of the beverage Kool-Aid. A second, unique video game cartridge was also made for the Intellivision.</p>
<p>The game remains as one of the most obvious product placements in video game history, and in a further attempt at marketing the beverage, the game could be obtained for free by mailing in 125 proof of purchase points.</p>
<p>While it was initially available exclusively through mail-order, it was later released through traditional retail outlets.</p>",,[],1983-01-01,False,2019-08-28T22:02:34,https://media.rawg.io/media/screenshots/ad6/ad6fa29a87ac6354976eaef1a1cfee5c.jpg,https://media.rawg.io/media/screenshots/a04/a043e1968ebaba048f435b4cdc6bce2c.jpg,,0.0,0,[],10,0,4,0,2,0,0,,,,,0,0,0,0,0,26,[],,0,0,0,,0,0f0f0f,0f0f0f,"[{'platform': {'id': 9, 'name': 'Atari', 'slug': 'atari'}}]","[{'platform': {'id': 23, 'name': 'Atari 2600', 'slug': 'atari-2600', 'image': None, 'year_end': None, 'year_start': None, 'games_count': 294, 'image_background': 'https://media.rawg.io/media/screenshots/ff6/ff623993a854663931c1e78d72a16a5a.jpg'}, 'released_at': '1983-01-01', 'requirements': {}}]",[],"[{'id': 25962, 'name': 'Mattel', 'slug': 'mattel', 'games_count': 28, 'image_background': 'https://media.rawg.io/media/screenshots/301/3016368c081c8e44eb498cb9d02e447d.jpg'}]","[{'id': 4, 'name': 'Action', 'slug': 'action', 'games_count': 186608, 'image_background': 'https://media.rawg.io/media/games/618/618c2031a07bbff6b4f611f10b6bcdbc.jpg'}]","[{'id': 31, 'name': 'Singleplayer', 'slug': 'singleplayer', 'language': 'eng', 'games_count': 238404, 'image_background': 'https://media.rawg.io/media/games/26d/26d4437715bee60138dab4a7c8c59c92.jpg'}]","[{'id': 19440, 'name': 'Mattel', 'slug': 'mattel', 'games_count': 43, 'image_background': 'https://media.rawg.io/media/screenshots/d5b/d5b78615f64bd294cdc406089126bcd1.jpg'}, {'id': 19473, 'name': 'M Network', 'slug': 'm-network-2', 'games_count': 1, 'image_background': 'https://media.rawg.io/media/screenshots/ad6/ad6fa29a87ac6354976eaef1a1cfee5c.jpg'}]",,"Kool-Aid Man is an Atari 2600 video game is centered on the Kool-Aid Man, the television mascot of the beverage Kool-Aid. A second, unique video game cartridge was also made for the Intellivision.
The game remains as one of the most obvious product placements in video game history, and in a further attempt at marketing the beverage, the game could be obtained for free by mailing in 125 proof of purchase points.
While it was initially available exclusively through mail-order, it was later released through traditional retail outlets.",,,5.0,2.0,2.0,1.0,,,,,,,,,,,,,0.0
33796,pango,Pango,Pango,"<p>Pango is an arcade game developed by Sheng-Chung Liu. It came out on 01-01-1983. It was published by Sheng-Chung Liu. The game is rated as ""Exceptional"" on RAWG. <br>Pango is available on PC. </p>

<p></p>",,[],1983-01-01,False,2023-02-08T10:51:50,https://media.rawg.io/media/screenshots/d5c/d5c9e2154c32651fd3065399eb2ece3c.jpg,https://media.rawg.io/media/screenshots/33c/33c197b0650683788bac4c2b45052e8e.jpg,,0.0,0,"[{'id': 5, 'title': 'exceptional', 'count': 2, 'percent': 100.0}]",10,0,2,0,2,0,0,,,,,0,0,0,0,2,20,[],,0,0,0,,2,0f0f0f,0f0f0f,"[{'platform': {'id': 1, 'name': 'PC', 'slug': 'pc'}}]","[{'platform': {'id': 4, 'name': 'PC', 'slug': 'pc', 'image': None, 'year_end': None, 'year_start': None, 'games_count': 547196, 'image_background': 'https://media.rawg.io/media/games/6fc/6fcf4cd3b17c288821388e6085bb0fc9.jpg'}, 'released_at': '1983-01-01', 'requirements': {}}]",[],"[{'id': 16388, 'name': 'Sheng-Chung Liu', 'slug': 'sheng-chung-liu', 'games_count': 1, 'image_background': 'https://media.rawg.io/media/screenshots/d5c/d5c9e2154c32651fd3065399eb2ece3c.jpg'}]","[{'id': 11, 'name': 'Arcade', 'slug': 'arcade', 'games_count': 22658, 'image_background': 'https://media.rawg.io/media/games/556/556157feed9ee1f55f2b12b2973e30a3.jpg'}]",[],"[{'id': 12634, 'name': 'Sheng-Chung Liu', 'slug': 'sheng-chung-liu', 'games_count': 1, 'image_background': 'https://media.rawg.io/media/screenshots/d5c/d5c9e2154c32651fd3065399eb2ece3c.jpg'}]",,,,1.0,5.0,1.0,2.0,1.0,,,,,,,,,,,,,0.0
56773,sierra-championship-boxing,Sierra Championship Boxing,Sierra Championship Boxing,"<p>Sierra Championship Boxing is a boxing video game developed by Evryware and published by Sierra On-Line in 1983. Versions were released for Apple II, Commodore 64, DOS, and Macintosh.</p>",,[],1983-01-01,False,2019-08-28T22:25:54,https://media.rawg.io/media/screenshots/0e2/0e25a141463b5be2d146818f0538dacd.jpg,https://media.rawg.io/media/screenshots/884/8845a52c60646346e8a83535bc5c6510.jpg,,0.0,0,[],10,0,8,0,0,0,0,,,,,0,0,0,0,0,206,[],,0,0,0,,0,0f0f0f,0f0f0f,"[{'platform': {'id': 5, 'name': 'Apple Macintosh', 'slug': 'mac'}}, {'platform': {'id': 10, 'name': 'Commodore / Amiga', 'slug': 'commodore-amiga'}}]","[{'platform': {'id': 166, 'name': 'Commodore / Amiga', 'slug': 'commodore-amiga', 'image': None, 'year_end': None, 'year_start': None, 'games_count': 2083, 'image_background': 'https://media.rawg.io/media/games/cce/cce8bebe861f295003f5a9fe5b11233f.jpg'}, 'released_at': '1983-01-01', 'requirements': {}}, {'platform': {'id': 41, 'name': 'Apple II', 'slug': 'apple-ii', 'image': None, 'year_end': None, 'year_start': None, 'games_count': 424, 'image_background': 'https://media.rawg.io/media/screenshots/3d2/3d2bb57b39e2efa39d1c385585b2ea8b.jpg'}, 'released_at': '1983-01-01', 'requirements': {}}, {'platform': {'id': 55, 'name': 'Classic Macintosh', 'slug': 'macintosh', 'image': None, 'year_end': None, 'year_start': None, 'games_count': 675, 'image_background': 'https://media.rawg.io/media/games/38a/38af969459ad6e5de116ec8a4a84218c.jpg'}, 'released_at': '1983-01-01', 'requirements': {}}]",[],"[{'id': 14527, 'name': 'Evryware', 'slug': 'evryware', 'games_count': 7, 'image_background': 'https://media.rawg.io/media/screenshots/59f/59fc9c30602e3d03d6abb4fcb4f82cd8.jpg'}]","[{'id': 14, 'name': 'Simulation', 'slug': 'simulation', 'games_count': 73491, 'image_background': 'https://media.rawg.io/media/games/48c/48cb04ca483be865e3a83119c94e6097.jpg'}, {'id': 15, 'name': 'Sports', 'slug': 'sports', 'games_count': 22123, 'image_background': 'https://media.rawg.io/media/games/5eb/5eb49eb2fa0738fdb5bacea557b1bc57.jpg'}]","[{'id': 31, 'name': 'Singleplayer', 'slug': 'singleplayer', 'language': 'eng', 'games_count': 238404, 'image_background': 'https://media.rawg.io/media/games/26d/26d4437715bee60138dab4a7c8c59c92.jpg'}]","[{'id': 11434, 'name': 'Sierra On-Line', 'slug': 'sierra-on-line', 'games_count': 256, 'image_background': 'https://media.rawg.io/media/games/bc8/bc84784c2630f46ed2e675d0b4a59d62.jpg'}, {'id': 10887, 'name': 'Sierra Entertainment', 'slug': 'sierra-entertainment', 'games_count': 112, 'image_background': 'https://media.rawg.io/media/screenshots/058/058a71868ab884d1022023f21f2c6a47.jpg'}]",,"Sierra Championship Boxing is a boxing video game developed by Evryware and published by Sierra On-Line in 1983. Versions were released for Apple II, Commodore 64, DOS, and Macintosh.",,,6.0,2.0,1.0,1.0,,,,,,,,,,,,,0.0
56755,savage-pond,Savage Pond,Savage Pond,<p>Savage Pond is an arcade-style pond simulation game which was written by Peter Judd for the Acorn Electron and BBC Micro and Gwyll Jones for the 16k versions of the Atari 8-bit family of home computers in 1983 and the Commodore 64 in 1984. It was originally released under the Starcade label and was reissued in 1985 when Argus acquired the Bug-Byte budget label.</p>,,[],1983-01-01,False,2019-08-28T22:00:19,https://media.rawg.io/media/screenshots/fce/fcea343506fb012f88beed070f299601.jpg,https://media.rawg.io/media/screenshots/6a1/6a17e7ee108d763ef00e14d016e61f74.jpg,,0.0,0,[],10,0,8,0,0,0,0,,,,,0,0,0,0,0,117,[],,0,0,0,,0,0f0f0f,0f0f0f,"[{'platform': {'id': 9, 'name': 'Atari', 'slug': 'atari'}}, {'platform': {'id': 10, 'name': 'Commodore / Amiga', 'slug': 'commodore-amiga'}}]","[{'platform': {'id': 166, 'name': 'Commodore / Amiga', 'slug': 'commodore-amiga', 'image': None, 'year_end': None, 'year_start': None, 'games_count': 2083, 'image_background': 'https://media.rawg.io/media/games/cce/cce8bebe861f295003f5a9fe5b11233f.jpg'}, 'released_at': '1983-01-01', 'requirements': {}}, {'platform': {'id': 25, 'name': 'Atari 8-bit', 'slug': 'atari-8-bit', 'image': None, 'year_end': None, 'year_start': None, 'games_count': 308, 'image_background': 'https://media.rawg.io/media/screenshots/038/0385a47d3a43b218204268af5361a19e.jpg'}, 'released_at': '1983-01-01', 'requirements': {}}]",[],"[{'id': 27581, 'name': 'Peter Judd', 'slug': 'peter-judd', 'games_count': 1, 'image_background': 'https://media.rawg.io/media/screenshots/fce/fcea343506fb012f88beed070f299601.jpg'}, {'id': 27582, 'name': 'Gwyll Jones', 'slug': 'gwyll-jones', 'games_count': 1, 'image_background': 'https://media.rawg.io/media/screenshots/fce/fcea343506fb012f88beed070f299601.jpg'}]","[{'id': 11, 'name': 'Arcade', 'slug': 'arcade', 'games_count': 22658, 'image_background': 'https://media.rawg.io/media/games/556/556157feed9ee1f55f2b12b2973e30a3.jpg'}]","[{'id': 31, 'name': 'Singleplayer', 'slug': 'singleplayer', 'language': 'eng', 'games_count': 238404, 'image_background': 'https://media.rawg.io/media/games/26d/26d4437715bee60138dab4a7c8c59c92.jpg'}]","[{'id': 20523, 'name': 'Argus Press', 'slug': 'argus-press', 'games_count': 4, 'image_background': 'https://media.rawg.io/media/screenshots/28e/28e4452aec1021e7b9512439e40f5ad3.jpg'}]",,Savage Pond is an arcade-style pond simulation game which was written by Peter Judd for the Acorn Electron and BBC Micro and Gwyll Jones for the 16k versions of the Atari 8-bit family of home computers in 1983 and the Commodore 64 in 1984. It was originally released under the Starcade label and was reissued in 1985 when Argus acquired the Bug-Byte budget label.,,,5.0,2.0,2.0,1.0,,,,,,,,,,,,,0.0
56751,sammy-lightfoot,Sammy Lightfoot,Sammy Lightfoot,"<p>Sammy Lightfoot is a game written by Warren Schwader for the Apple II and published by Sierra On-Line in 1983. It was ported to ColecoVision, Commodore 64, and IBM PC. A multi-level platform game (or ""climbing game,"" as the genre was called in the U.S. in 1983) in the vein of Donkey Kong, Sammy Lightfoot follows the travails of a circus worker who jumps and climbs through a number of perilous situations.</p>",,[],1983-01-01,False,2019-01-09T12:41:06,https://media.rawg.io/media/screenshots/b03/b03e122e7b77da6f592f61b919ce2bc0.jpg,https://media.rawg.io/media/screenshots/934/934800d1f84e897902293ec2cb9e025d.jpg,,0.0,0,[],10,0,9,0,1,0,0,,,,,0,0,0,0,0,199,[],,0,0,0,,0,0f0f0f,0f0f0f,"[{'platform': {'id': 5, 'name': 'Apple Macintosh', 'slug': 'mac'}}, {'platform': {'id': 10, 'name': 'Commodore / Amiga', 'slug': 'commodore-amiga'}}]","[{'platform': {'id': 166, 'name': 'Commodore / Amiga', 'slug': 'commodore-amiga', 'image': None, 'year_end': None, 'year_start': None, 'games_count': 2083, 'image_background': 'https://media.rawg.io/media/games/cce/cce8bebe861f295003f5a9fe5b11233f.jpg'}, 'released_at': '1983-01-01', 'requirements': {}}, {'platform': {'id': 41, 'name': 'Apple II', 'slug': 'apple-ii', 'image': None, 'year_end': None, 'year_start': None, 'games_count': 424, 'image_background': 'https://media.rawg.io/media/screenshots/3d2/3d2bb57b39e2efa39d1c385585b2ea8b.jpg'}, 'released_at': '1983-01-01', 'requirements': {}}]",[],"[{'id': 1497, 'name': 'Sierra Entertainment', 'slug': 'sierra-entertainment', 'games_count': 46, 'image_background': 'https://media.rawg.io/media/screenshots/e5c/e5c9f61c648beb97143c5d70396240fe.jpg'}, {'id': 7564, 'name': 'Sierra On-Line', 'slug': 'sierra-on-line', 'games_count': 119, 'image_background': 'https://media.rawg.io/media/screenshots/3d7/3d7f9baa0db4d6fb67a5e17c29bda07f.jpg'}]","[{'id': 83, 'name': 'Platformer', 'slug': 'platformer', 'games_count': 100869, 'image_background': 'https://media.rawg.io/media/games/f8c/f8c6a262ead4c16b47e1219310210eb3.jpg'}]",[],"[{'id': 11434, 'name': 'Sierra On-Line', 'slug': 'sierra-on-line', 'games_count': 256, 'image_background': 'https://media.rawg.io/media/games/bc8/bc84784c2630f46ed2e675d0b4a59d62.jpg'}, {'id': 10887, 'name': 'Sierra Entertainment', 'slug': 'sierra-entertainment', 'games_count': 112, 'image_background': 'https://media.rawg.io/media/screenshots/058/058a71868ab884d1022023f21f2c6a47.jpg'}]",,"Sammy Lightfoot is a game written by Warren Schwader for the Apple II and published by Sierra On-Line in 1983. It was ported to ColecoVision, Commodore 64, and IBM PC. A multi-level platform game (or ""climbing game,"" as the genre was called in the U.S. in 1983) in the vein of Donkey Kong, Sammy Lightfoot follows the travails of a circus worker who jumps and climbs through a number of perilous situations.",,,5.0,2.0,2.0,1.0,,,,,,,,,,,,,0.0
55439,encounter,Encounter,Encounter,"<p>Encounter (also known as Encounter!) is a first person shoot 'em up game originally released in 1983 for the Atari 8-bit family and Commodore 64 programmed by Paul Woakes for Novagen Software. It was published by Novagen in the UK and Europe and by Synapse in North America. The gameplay is similar to that of Atari's 1980 arcade game Battlezone, but with scaled sprites instead of wireframe 3D graphics. Encounter is notable for moving large, screen-filling objects at a high frame rate. Woakes later developed Mercenary.</p>
<p>Versions for the Amiga and Atari ST computers followed much later, in 1991.</p>",,[],1983-01-01,False,2019-01-09T12:41:06,https://media.rawg.io/media/screenshots/d75/d750dd7ff6c068949f2b837992277cda.jpg,https://media.rawg.io/media/screenshots/3c9/3c91437992bf21e0550d428efb41552b.jpg,,0.0,0,[],10,0,5,0,1,0,0,,,,,0,0,0,0,0,75,[],,0,0,0,,0,0f0f0f,0f0f0f,"[{'platform': {'id': 10, 'name': 'Commodore / Amiga', 'slug': 'commodore-amiga'}}]","[{'platform': {'id': 166, 'name': 'Commodore / Amiga', 'slug': 'commodore-amiga', 'image': None, 'year_end': None, 'year_start': None, 'games_count': 2083, 'image_background': 'https://media.rawg.io/media/games/cce/cce8bebe861f295003f5a9fe5b11233f.jpg'}, 'released_at': '1983-01-01', 'requirements': {}}]",[],[],[],"[{'id': 3117, 'name': 'shoot', 'slug': 'shoot', 'language': 'eng', 'games_count': 9955, 'image_background': 'https://media.rawg.io/media/screenshots/471/47138dfaf3865699a2cf2561e15f659e.jpg'}, {'id': 1534, 'name': 'atari', 'slug': 'atari', 'language': 'eng', 'games_count': 1158, 'image_background': 'https://media.rawg.io/media/screenshots/d10/d10fdd0fc764ad4a5d70fffa6aee1175.jpg'}]","[{'id': 20192, 'name': 'Synapse Software', 'slug': 'synapse-software', 'games_count': 11, 'image_background': 'https://media.rawg.io/media/screenshots/7b5/7b5d23f65718fc508970819cccc7867c.jpg'}, {'id': 20325, 'name': 'Novagen Software', 'slug': 'novagen-software', 'games_count': 1, 'image_background': 'https://media.rawg.io/media/screenshots/d75/d750dd7ff6c068949f2b837992277cda.jpg'}]",,"Encounter (also known as Encounter!) is a first person shoot 'em up game originally released in 1983 for the Atari 8-bit family and Commodore 64 programmed by Paul Woakes for Novagen Software. It was published by Novagen in the UK and Europe and by Synapse in North America. The gameplay is similar to that of Atari's 1980 arcade game Battlezone, but with scaled sprites instead of wireframe 3D graphics. Encounter is notable for moving large, screen-filling objects at a high frame rate. Woakes later developed Mercenary.
Versions for the Amiga and Atari ST computers followed much later, in 1991.",,,5.0,2.0,2.0,1.0,,,,,,,,,,,,,0.0
52550,mountain-king,Mountain King,Mountain King,"<p>Mountain King is a scrolling platform video game released by CBS Electronics in 1983. It was available on the Atari 2600, Atari 5200, Atari 8-bit family, ColecoVision, Commodore 64, and VIC-20.</p>",,[],1983-01-01,False,2019-01-09T12:41:06,https://media.rawg.io/media/screenshots/e2d/e2dd6cbb8936e67941072155b7fa04f9.jpg,https://media.rawg.io/media/screenshots/917/9178d7427604b841d64aa9ae010fe4db.jpg,,0.0,0,[],10,0,12,0,0,0,0,,,,,0,0,0,0,0,208,[],,0,0,0,,0,0f0f0f,0f0f0f,"[{'platform': {'id': 9, 'name': 'Atari', 'slug': 'atari'}}, {'platform': {'id': 10, 'name': 'Commodore / Amiga', 'slug': 'commodore-amiga'}}]","[{'platform': {'id': 25, 'name': 'Atari 8-bit', 'slug': 'atari-8-bit', 'image': None, 'year_end': None, 'year_start': None, 'games_count': 308, 'image_background': 'https://media.rawg.io/media/screenshots/038/0385a47d3a43b218204268af5361a19e.jpg'}, 'released_at': '1983-01-01', 'requirements': {}}, {'platform': {'id': 31, 'name': 'Atari 5200', 'slug': 'atari-5200', 'image': None, 'year_end': None, 'year_start': None, 'games_count': 64, 'image_background': 'https://media.rawg.io/media/screenshots/678/6786598cba3939d48ed60cbd1a3723f4.jpg'}, 'released_at': '1983-01-01', 'requirements': {}}, {'platform': {'id': 23, 'name': 'Atari 2600', 'slug': 'atari-2600', 'image': None, 'year_end': None, 'year_start': None, 'games_count': 294, 'image_background': 'https://media.rawg.io/media/screenshots/ff6/ff623993a854663931c1e78d72a16a5a.jpg'}, 'released_at': '1983-01-01', 'requirements': {}}, {'platform': {'id': 166, 'name': 'Commodore / Amiga', 'slug': 'commodore-amiga', 'image': None, 'year_end': None, 'year_start': None, 'games_count': 2083, 'image_background': 'https://media.rawg.io/media/games/cce/cce8bebe861f295003f5a9fe5b11233f.jpg'}, 'released_at': '1983-01-01', 'requirements': {}}]",[],[],[],"[{'id': 1534, 'name': 'atari', 'slug': 'atari', 'language': 'eng', 'games_count': 1158, 'image_background': 'https://media.rawg.io/media/screenshots/d10/d10fdd0fc764ad4a5d70fffa6aee1175.jpg'}]","[{'id': 19462, 'name': 'CBS Electronics', 'slug': 'cbs-electronics', 'games_count': 8, 'image_background': 'https://media.rawg.io/media/screenshots/271/271596942ed202540078bf05ca4d4a6c.jpg'}]",,"Mountain King is a scrolling platform video game released by CBS Electronics in 1983. It was available on the Atari 2600, Atari 5200, Atari 8-bit family, ColecoVision, Commodore 64, and VIC-20.",,,5.0,2.0,2.0,1.0,,,,,,,,,,,,,0.0
56372,bugaboo,Bugaboo,Bugaboo,"<p>Bugaboo (The Flea), later published in Spain as La Pulga, is a computer game created in 1983 by the Spanish team of programmers Paco &amp; Paco for the Sinclair Spectrum. Later versions for the Commodore 64, Amstrad and MSX were produced. Bugaboo, besides being the first video game made in Spain, is one of the first computer games to include cut scenes. Its publication marked the official beginning of the Golden Era of Spanish Software. It was ported to the Amstrad CPC under the name Roland in the Caves, to exploit the CPC's recurring Roland character. A sequel was released in Spain by Opera Soft under the title “Poogaboo”, made by Paco Suarez, one of the authors of the original game. Paco Portalo, the other member of Paco &amp; Paco, left the project after the publication of the original game for the ZX Spectrum.</p>
<p>The player takes control of a flea who has fallen into a cavern and must escape.</p>",,[],1983-01-01,False,2019-08-28T22:25:58,,,,0.0,0,[],10,0,0,0,0,0,0,,,,,0,0,0,0,0,0,[],,0,0,0,,0,0f0f0f,0f0f0f,"[{'platform': {'id': 10, 'name': 'Commodore / Amiga', 'slug': 'commodore-amiga'}}]","[{'platform': {'id': 166, 'name': 'Commodore / Amiga', 'slug': 'commodore-amiga', 'image': None, 'year_end': None, 'year_start': None, 'games_count': 2083, 'image_background': 'https://media.rawg.io/media/games/cce/cce8bebe861f295003f5a9fe5b11233f.jpg'}, 'released_at': '1983-01-01', 'requirements': {}}]",[],"[{'id': 27409, 'name': 'Paco & Paco', 'slug': 'paco-paco-paco-suarez-and-paco-portalo-indescomp', 'games_count': 1, 'image_background': ''}]",[],"[{'id': 31, 'name': 'Singleplayer', 'slug': 'singleplayer', 'language': 'eng', 'games_count': 238404, 'image_background': 'https://media.rawg.io/media/games/26d/26d4437715bee60138dab4a7c8c59c92.jpg'}]","[{'id': 20358, 'name': 'Quicksilva', 'slug': 'quicksilva', 'games_count': 8, 'image_background': 'https://media.rawg.io/media/screenshots/259/2594266d718720ba25f9351c3f22c16a.jpg'}]",,"Bugaboo (The Flea), later published in Spain as La Pulga, is a computer game created in 1983 by the Spanish team of programmers Paco & Paco for the Sinclair Spectrum. Later versions for the Commodore 64, Amstrad and MSX were produced. Bugaboo, besides being the first video game made in Spain, is one of the first computer games to include cut scenes. Its publication marked the official beginning of the Golden Era of Spanish Software. It was ported to the Amstrad CPC under the name Roland in the Caves, to exploit the CPC's recurring Roland character. A sequel was released in Spain by Opera Soft under the title “Poogaboo”, made by Paco Suarez, one of the authors of the original game. Paco Portalo, the other member of Paco & Paco, left the project after the publication of the original game for the ZX Spectrum.
The player takes control of a flea who has fallen into a cavern and must escape.",,,5.0,2.0,2.0,1.0,,,,,,,,,,,,,0.0
56864,twin-kingdom-valley,Twin Kingdom Valley,Twin Kingdom Valley,"<p>Twin Kingdom Valley is a text adventure game with animated pictures (on most formats) for the BBC Micro, Acorn Electron, Commodore 64, Commodore 16 and ZX Spectrum. It was released in 1983 by Bug-Byte Software.</p>",,[],1983-01-01,False,2019-08-28T22:00:15,https://media.rawg.io/media/screenshots/c7f/c7f6d7806fa1be0e355ae73512a998fd.jpg,https://media.rawg.io/media/screenshots/eca/ecadfbd4985a9d7d9f1306c805ea329e.jpg,,0.0,0,[],10,0,9,0,0,0,0,,,,,0,0,0,0,0,199,[],,0,0,0,,0,0f0f0f,0f0f0f,"[{'platform': {'id': 10, 'name': 'Commodore / Amiga', 'slug': 'commodore-amiga'}}]","[{'platform': {'id': 166, 'name': 'Commodore / Amiga', 'slug': 'commodore-amiga', 'image': None, 'year_end': None, 'year_start': None, 'games_count': 2083, 'image_background': 'https://media.rawg.io/media/games/cce/cce8bebe861f295003f5a9fe5b11233f.jpg'}, 'released_at': '1983-01-01', 'requirements': {}}]",[],"[{'id': 27638, 'name': 'Trevor Hall', 'slug': 'trevor-hall', 'games_count': 1, 'image_background': 'https://media.rawg.io/media/screenshots/c7f/c7f6d7806fa1be0e355ae73512a998fd.jpg'}]",[],"[{'id': 31, 'name': 'Singleplayer', 'slug': 'singleplayer', 'language': 'eng', 'games_count': 238404, 'image_background': 'https://media.rawg.io/media/games/26d/26d4437715bee60138dab4a7c8c59c92.jpg'}]","[{'id': 19774, 'name': 'Bug-Byte', 'slug': 'bug-byte', 'games_count': 7, 'image_background': 'https://media.rawg.io/media/screenshots/a66/a667bbfeb01e23bedc1e6a0eb9774770.jpg'}]",,"Twin Kingdom Valley is a text adventure game with animated pictures (on most formats) for the BBC Micro, Acorn Electron, Commodore 64, Commodore 16 and ZX Spectrum. It was released in 1983 by Bug-Byte Software.",,,5.0,2.0,2.0,1.0,,,,,,,,,,,,,0.0
282813,star-fox-1983,Star Fox (1983),Star Fox (1983),"<p>The game takes place in the year 4024 AD. The story begins as a robot freighter carrying a cargo of extremely valuable trimetalisium energy crystals crash lands on the planetoid Beta-7. An enemy star cruiser, escorted by a squadron of fighter drones, is en route to the planetoid to seize the crystals.</p>
<p>The player&#39;s objective is to recover the crystals before the enemy while doing battle with the fighter drones.</p>",,[],1983-01-01,False,2019-01-09T12:41:06,https://media.rawg.io/media/screenshots/c1a/c1afa64e826266cbb192dda13ad72410.jpg,https://media.rawg.io/media/screenshots/2a2/2a2587f87ad7e506fe5d04f64278b03e.jpg,,0.0,0,[],10,0,3,0,1,0,0,,,,,0,0,0,0,0,16,[],,0,0,0,,0,0f0f0f,0f0f0f,"[{'platform': {'id': 9, 'name': 'Atari', 'slug': 'atari'}}]","[{'platform': {'id': 23, 'name': 'Atari 2600', 'slug': 'atari-2600', 'image': None, 'year_end': None, 'year_start': None, 'games_count': 294, 'image_background': 'https://media.rawg.io/media/screenshots/ff6/ff623993a854663931c1e78d72a16a5a.jpg'}, 'released_at': '1983-01-01', 'requirements': {}}]",[],[],"[{'id': 2, 'name': 'Shooter', 'slug': 'shooter', 'games_count': 59560, 'image_background': 'https://media.rawg.io/media/games/d58/d588947d4286e7b5e0e12e1bea7d9844.jpg'}]","[{'id': 406, 'name': 'Story', 'slug': 'story', 'language': 'eng', 'games_count': 11499, 'image_background': 'https://media.rawg.io/media/games/8ee/8eed88e297441ef9202b5d1d35d7d86f.jpg'}, {'id': 197, 'name': 'Robots', 'slug': 'robots', 'language': 'eng', 'games_count': 8570, 'image_background': 'https://media.rawg.io/media/games/e07/e07737df8469bf32d132ba9eaffc3461.jpg'}, {'id': 981, 'name': 'battle', 'slug': 'battle', 'language': 'eng', 'games_count': 10682, 'image_background': 'https://media.rawg.io/media/games/075/0753492cda7ee3c9bd4a3ca673fd0c8c.jpg'}, {'id': 7082, 'name': 'fighter', 'slug': 'fighter', 'language': 'eng', 'games_count': 1483, 'image_background': 'https://media.rawg.io/media/games/1b9/1b9b1b82d204e9656019f73c577cb804.jpg'}, {'id': 6214, 'name': 'beta', 'slug': 'beta', 'language': 'eng', 'games_count': 1239, 'image_background': 'https://media.rawg.io/media/screenshots/c9a/c9a9424dbd9e9eef723e7f1babe1f557.jpg'}]","[{'id': 19489, 'name': 'Mythicon', 'slug': 'mythicon', 'games_count': 1, 'image_background': 'https://media.rawg.io/media/screenshots/c1a/c1afa64e826266cbb192dda13ad72410.jpg'}]",,"The game takes place in the year 4024 AD. The story begins as a robot freighter carrying a cargo of extremely valuable trimetalisium energy crystals crash lands on the planetoid Beta-7. An enemy star cruiser, escorted by a squadron of fighter drones, is en route to the planetoid to seize the crystals.

The player's objective is to recover the crystals before the enemy while doing battle with the fighter drones.",,1.0,5.0,2.0,1.0,1.0,,,,,,,,,,,,,0.0
56510,germany-1985,Germany 1985,Germany 1985,"<p>Germany 1985 is a computer wargame published in 1983 by Strategic Simulations. Developed by Roger Keating, it was the first in the ""When Superpowers Collide"" series, and was followed by RDF 1985, Baltic 1985: Corridor to Berlin and Norway 1985.</p>",,[],1983-01-01,False,2019-08-28T22:00:27,https://media.rawg.io/media/screenshots/203/203d7f0fda6b278c94c390e8919171da.jpg,https://media.rawg.io/media/screenshots/501/5017fcbc6f683f3fcd2fea996e3e8fee.jpg,,0.0,0,[],10,0,8,0,0,0,0,,,,,0,0,0,0,0,115,[],,0,0,0,,0,0f0f0f,0f0f0f,"[{'platform': {'id': 5, 'name': 'Apple Macintosh', 'slug': 'mac'}}, {'platform': {'id': 10, 'name': 'Commodore / Amiga', 'slug': 'commodore-amiga'}}]","[{'platform': {'id': 166, 'name': 'Commodore / Amiga', 'slug': 'commodore-amiga', 'image': None, 'year_end': None, 'year_start': None, 'games_count': 2083, 'image_background': 'https://media.rawg.io/media/games/cce/cce8bebe861f295003f5a9fe5b11233f.jpg'}, 'released_at': '1983-01-01', 'requirements': {}}, {'platform': {'id': 41, 'name': 'Apple II', 'slug': 'apple-ii', 'image': None, 'year_end': None, 'year_start': None, 'games_count': 424, 'image_background': 'https://media.rawg.io/media/screenshots/3d2/3d2bb57b39e2efa39d1c385585b2ea8b.jpg'}, 'released_at': '1983-01-01', 'requirements': {}}]",[],"[{'id': 27384, 'name': 'Roger Keating', 'slug': 'roger-keating', 'games_count': 4, 'image_background': 'https://media.rawg.io/media/screenshots/566/566c6c706a02ac444f68c6edb580f5c0.jpg'}]",[],"[{'id': 31, 'name': 'Singleplayer', 'slug': 'singleplayer', 'language': 'eng', 'games_count': 238404, 'image_background': 'https://media.rawg.io/media/games/26d/26d4437715bee60138dab4a7c8c59c92.jpg'}, {'id': 7, 'name': 'Multiplayer', 'slug': 'multiplayer', 'language': 'eng', 'games_count': 40505, 'image_background': 'https://media.rawg.io/media/games/021/021c4e21a1824d2526f925eff6324653.jpg'}, {'id': 351, 'name': 'Two-player', 'slug': 'two-player', 'language': 'eng', 'games_count': 272, 'image_background': 'https://media.rawg.io/media/screenshots/1c1/1c1c7ba1dc364dc71e522acd045aa428.jpg'}]","[{'id': 19851, 'name': 'Strategic Simulations', 'slug': 'strategic-simulations', 'games_count': 113, 'image_background': 'https://media.rawg.io/media/screenshots/55c/55cd1c62d524e51467185c94839b08c4.jpg'}]",,"Germany 1985 is a computer wargame published in 1983 by Strategic Simulations. Developed by Roger Keating, it was the first in the ""When Superpowers Collide"" series, and was followed by RDF 1985, Baltic 1985: Corridor to Berlin and Norway 1985.",,,5.0,2.0,2.0,1.0,,,,,,,,,,,,,0.0
52570,private-eye,Private Eye,Private Eye,"<p>Private Eye is a video game produced and published by Activision and released in 1983 for the Atari 2600 video game system. Designed by Bob Whitehead, who also wrote Chopper Command, Private Eye requires players to track down clues and recover items stolen by a master criminal, ultimately leading to his capture and arrest.</p>
<p>During the game's original release, players who successfully completed the game's third case could photograph their scores on their TV screens and send the pictures to Activision in exchange for a ""Super Sleuth"" patch.</p>",,[],1983-09-19,False,2019-08-28T22:02:34,https://media.rawg.io/media/screenshots/599/599762bbdb672628b88314ac3b3e9b70.jpg,https://media.rawg.io/media/screenshots/5f8/5f880f879ba4d052a902fafa95b974ce.jpg,,0.0,0,[],10,0,6,0,1,0,0,,,,,0,0,0,0,0,52,[],,0,0,0,,0,0f0f0f,0f0f0f,"[{'platform': {'id': 9, 'name': 'Atari', 'slug': 'atari'}}]","[{'platform': {'id': 23, 'name': 'Atari 2600', 'slug': 'atari-2600', 'image': None, 'year_end': None, 'year_start': None, 'games_count': 294, 'image_background': 'https://media.rawg.io/media/screenshots/ff6/ff623993a854663931c1e78d72a16a5a.jpg'}, 'released_at': '1983-09-19', 'requirements': {}}]",[],"[{'id': 11, 'name': 'Activision', 'slug': 'activision', 'games_count': 163, 'image_background': 'https://media.rawg.io/media/screenshots/d05/d0524e9b2e276dd9c8351881e897f7c9.jpg'}]","[{'id': 4, 'name': 'Action', 'slug': 'action', 'games_count': 186608, 'image_background': 'https://media.rawg.io/media/games/618/618c2031a07bbff6b4f611f10b6bcdbc.jpg'}]","[{'id': 31, 'name': 'Singleplayer', 'slug': 'singleplayer', 'language': 'eng', 'games_count': 238404, 'image_background': 'https://media.rawg.io/media/games/26d/26d4437715bee60138dab4a7c8c59c92.jpg'}]","[{'id': 10830, 'name': 'Activision Blizzard', 'slug': 'activision-blizzard', 'games_count': 691, 'image_background': 'https://media.rawg.io/media/games/445/44507fdd60a8ec02b1c3c64a293ca754.jpg'}]",,"Private Eye is a video game produced and published by Activision and released in 1983 for the Atari 2600 video game system. Designed by Bob Whitehead, who also wrote Chopper Command, Private Eye requires players to track down clues and recover items stolen by a master criminal, ultimately leading to his capture and arrest.
During the game's original release, players who successfully completed the game's third case could photograph their scores on their TV screens and send the pictures to Activision in exchange for a ""Super Sleuth"" patch.",,,5.0,2.0,2.0,1.0,,,,,,,,,,,,,0.0
428558,pac-pal,Pac & Pal,Pac & Pal,"<p>Pac & Pal is an arcade game developed by NAMCO. It came out on 30-07-1983. Namco published the game. Most rawgers rated the game as ""Recommended"". </p>

<p>It was scored by Yuriko Keino. <br></p>",,[],1983-07-30,False,2022-10-29T14:47:51,https://media.rawg.io/media/screenshots/e6f/e6fa6aa26db8c241ad4f42d340763a56.jpg,,,0.0,0,"[{'id': 4, 'title': 'recommended', 'count': 3, 'percent': 100.0}]",10,0,1,0,1,0,0,,,,,0,0,0,0,3,24,[],,0,0,0,,3,0f0f0f,0f0f0f,[],[],[],"[{'id': 10055, 'name': 'NAMCO', 'slug': 'namco', 'games_count': 127, 'image_background': 'https://media.rawg.io/media/games/2ff/2ff5b06428e4b016f3b79cf299bd6596.jpg'}]","[{'id': 11, 'name': 'Arcade', 'slug': 'arcade', 'games_count': 22658, 'image_background': 'https://media.rawg.io/media/games/556/556157feed9ee1f55f2b12b2973e30a3.jpg'}]",[],"[{'id': 10901, 'name': 'Namco', 'slug': 'namco', 'games_count': 215, 'image_background': 'https://media.rawg.io/media/games/fc5/fc503876ca1ca34e160e88671af86e88.jpg'}]",,,,,4.0,4.0,1.0,1.0,,,,,,,,,,,,,0.0
56495,frantic-freddie,Frantic Freddie,Frantic Freddie,<p>Frantic Freddie is a 1983 platform game for the Commodore 64 written by Kris Hatlelid and Gregor Larson and published by Commercial Data Systems.</p>,,[],1983-01-01,False,2019-08-28T22:25:57,https://media.rawg.io/media/screenshots/bbf/bbf4f098eaee1db3cd753c81fe456438.jpg,https://media.rawg.io/media/screenshots/e82/e825195cc2b30fdc62e673e54501fc1e.jpg,,0.0,0,[],10,0,8,0,2,0,0,,,,,0,0,0,0,0,164,[],,0,0,0,,0,0f0f0f,0f0f0f,"[{'platform': {'id': 10, 'name': 'Commodore / Amiga', 'slug': 'commodore-amiga'}}]","[{'platform': {'id': 166, 'name': 'Commodore / Amiga', 'slug': 'commodore-amiga', 'image': None, 'year_end': None, 'year_start': None, 'games_count': 2083, 'image_background': 'https://media.rawg.io/media/games/cce/cce8bebe861f295003f5a9fe5b11233f.jpg'}, 'released_at': '1983-01-01', 'requirements': {}}]",[],[],[],"[{'id': 31, 'name': 'Singleplayer', 'slug': 'singleplayer', 'language': 'eng', 'games_count': 238404, 'image_background': 'https://media.rawg.io/media/games/26d/26d4437715bee60138dab4a7c8c59c92.jpg'}]","[{'id': 20541, 'name': 'Commercial Data Systems', 'slug': 'commercial-data-systems', 'games_count': 1, 'image_background': 'https://media.rawg.io/media/screenshots/bbf/bbf4f098eaee1db3cd753c81fe456438.jpg'}]",,Frantic Freddie is a 1983 platform game for the Commodore 64 written by Kris Hatlelid and Gregor Larson and published by Commercial Data Systems.,,,5.0,1.0,2.0,2.0,,,,,,,,,,,,,0.0
52511,dolphin,Dolphin,Dolphin,<p>Dolphin is a side-scrolling video game created by Matthew Hubbard for the Atari 2600 and released by Activision in 1983. Hubbard later designed Zenji for Activision.</p>,,[],1983-01-01,False,2019-08-28T22:26:31,https://media.rawg.io/media/screenshots/e58/e58fb855249351d377e8741fefb17751.jpg,https://media.rawg.io/media/screenshots/544/5440a52087941455c29027137a4f9877.jpg,,0.0,0,[],10,0,4,0,1,0,0,,,,,0,0,0,0,0,51,[],,0,0,0,,0,0f0f0f,0f0f0f,"[{'platform': {'id': 9, 'name': 'Atari', 'slug': 'atari'}}]","[{'platform': {'id': 23, 'name': 'Atari 2600', 'slug': 'atari-2600', 'image': None, 'year_end': None, 'year_start': None, 'games_count': 294, 'image_background': 'https://media.rawg.io/media/screenshots/ff6/ff623993a854663931c1e78d72a16a5a.jpg'}, 'released_at': '1983-01-01', 'requirements': {}}]",[],"[{'id': 11, 'name': 'Activision', 'slug': 'activision', 'games_count': 163, 'image_background': 'https://media.rawg.io/media/screenshots/d05/d0524e9b2e276dd9c8351881e897f7c9.jpg'}]","[{'id': 4, 'name': 'Action', 'slug': 'action', 'games_count': 186608, 'image_background': 'https://media.rawg.io/media/games/618/618c2031a07bbff6b4f611f10b6bcdbc.jpg'}]","[{'id': 31, 'name': 'Singleplayer', 'slug': 'singleplayer', 'language': 'eng', 'games_count': 238404, 'image_background': 'https://media.rawg.io/media/games/26d/26d4437715bee60138dab4a7c8c59c92.jpg'}]","[{'id': 10830, 'name': 'Activision Blizzard', 'slug': 'activision-blizzard', 'games_count': 691, 'image_background': 'https://media.rawg.io/media/games/445/44507fdd60a8ec02b1c3c64a293ca754.jpg'}]",,Dolphin is a side-scrolling video game created by Matthew Hubbard for the Atari 2600 and released by Activision in 1983. Hubbard later designed Zenji for Activision.,,,5.0,2.0,2.0,1.0,,,,,,,,,,,,,0.0
52580,revenge-of-the-beefsteak-tomatoes,Revenge of the Beefsteak Tomatoes,Revenge of the Beefsteak Tomatoes,"<p>Revenge of the Beefsteak Tomatoes is a video game for the Atari 2600 written by John Russell, and published by Fox Video Games, Inc. in 1983. Upon its release in 1983, the game cost roughly $30.</p>
<p>The back of the box reads ""Perhaps it was a form of protest against bottled Ketchup, or maybe they were provoked by acid rain."" However they came into awareness, tomatoes have become killers that cannot be destroyed by mankind's weapons. The tomatoes can only be trapped by building brick wall.</p>
<p>It is believed that title and the concept of this game are inspired by the cult movie Attack of the Killer Tomatoes.</p>",,[],1983-01-01,False,2019-08-28T22:26:30,https://media.rawg.io/media/screenshots/71c/71c69b5415bcbfdd055b2629ac4f9cd0.jpg,https://media.rawg.io/media/screenshots/a5a/a5a3e3ff4e980528a4061098b481736b.jpg,,0.0,0,[],10,0,5,0,1,0,0,,,,,0,0,0,0,0,34,[],,0,0,0,,0,0f0f0f,0f0f0f,"[{'platform': {'id': 9, 'name': 'Atari', 'slug': 'atari'}}]","[{'platform': {'id': 23, 'name': 'Atari 2600', 'slug': 'atari-2600', 'image': None, 'year_end': None, 'year_start': None, 'games_count': 294, 'image_background': 'https://media.rawg.io/media/screenshots/ff6/ff623993a854663931c1e78d72a16a5a.jpg'}, 'released_at': '1983-01-01', 'requirements': {}}]",[],[],"[{'id': 4, 'name': 'Action', 'slug': 'action', 'games_count': 186608, 'image_background': 'https://media.rawg.io/media/games/618/618c2031a07bbff6b4f611f10b6bcdbc.jpg'}]","[{'id': 31, 'name': 'Singleplayer', 'slug': 'singleplayer', 'language': 'eng', 'games_count': 238404, 'image_background': 'https://media.rawg.io/media/games/26d/26d4437715bee60138dab4a7c8c59c92.jpg'}]","[{'id': 19485, 'name': 'Fox Video Games', 'slug': 'fox-video-games', 'games_count': 2, 'image_background': 'https://media.rawg.io/media/screenshots/71c/71c69b5415bcbfdd055b2629ac4f9cd0.jpg'}]",,"Revenge of the Beefsteak Tomatoes is a video game for the Atari 2600 written by John Russell, and published by Fox Video Games, Inc. in 1983. Upon its release in 1983, the game cost roughly $30.
The back of the box reads ""Perhaps it was a form of protest against bottled Ketchup, or maybe they were provoked by acid rain."" However they came into awareness, tomatoes have become killers that cannot be destroyed by mankind's weapons. The tomatoes can only be trapped by building brick wall.
It is believed that title and the concept of this game are inspired by the cult movie Attack of the Killer Tomatoes.",,,5.0,2.0,2.0,1.0,,,,,,,,,,,,,0.0
55205,return-of-the-jedi-death-star-battle,Return of the Jedi: Death Star Battle,Return of the Jedi: Death Star Battle,"<p>Return of the Jedi: Death Star Battle is a shoot 'em up video game published by Parker Brothers in 1983 for the Atari 2600, Atari 5200, and Atari 8-bit family. In 1984 it was published for the Sinclair ZX Spectrum. It was the second Star Wars-related video game ever to be released, following Star Wars: The Empire Strikes Back in 1982, and the first released video game to be based on the film Return of the Jedi.</p>",,[],1983-01-01,False,2019-08-28T22:26:07,,,,0.0,0,[],10,0,0,0,0,0,0,,,,,0,0,0,0,0,0,[],,0,0,0,,0,0f0f0f,0f0f0f,"[{'platform': {'id': 9, 'name': 'Atari', 'slug': 'atari'}}]","[{'platform': {'id': 31, 'name': 'Atari 5200', 'slug': 'atari-5200', 'image': None, 'year_end': None, 'year_start': None, 'games_count': 64, 'image_background': 'https://media.rawg.io/media/screenshots/678/6786598cba3939d48ed60cbd1a3723f4.jpg'}, 'released_at': '1983-01-01', 'requirements': {}}]",[],"[{'id': 25978, 'name': 'Parker Brothers', 'slug': 'parker-brothers', 'games_count': 7, 'image_background': 'https://media.rawg.io/media/screenshots/b4d/b4d6b718197121e14efa7dc796f532ac.jpg'}]",[],"[{'id': 31, 'name': 'Singleplayer', 'slug': 'singleplayer', 'language': 'eng', 'games_count': 238404, 'image_background': 'https://media.rawg.io/media/games/26d/26d4437715bee60138dab4a7c8c59c92.jpg'}]","[{'id': 19460, 'name': 'Parker Brothers', 'slug': 'parker-brothers', 'games_count': 19, 'image_background': 'https://media.rawg.io/media/screenshots/c06/c06937e1c4e9a46874dcf2223de70593.jpg'}, {'id': 20269, 'name': 'Sinclair Research', 'slug': 'sinclair-research', 'games_count': 3, 'image_background': 'https://media.rawg.io/media/screenshots/de7/de7d2517881b6b230098ec649132e9c0.jpg'}]",,"Return of the Jedi: Death Star Battle is a shoot 'em up video game published by Parker Brothers in 1983 for the Atari 2600, Atari 5200, and Atari 8-bit family. In 1984 it was published for the Sinclair ZX Spectrum. It was the second Star Wars-related video game ever to be released, following Star Wars: The Empire Strikes Back in 1982, and the first released video game to be based on the film Return of the Jedi.",,,4.0,2.0,3.0,1.0,,,,,,,,,,,,,0.0
56774,siren-city,Siren City,Siren City,"<p>Siren City is a game for the Commodore 64 which involves the player taking the role of an American ""cop car"" patrolling the streets of dangerous Siren City.</p>
<p>Siren City is one of the roughest towns in the whole of the U.S.A. Starting as a rookie driving through a maze of Skyscrapers and seemingly peaceful streets your job is to keep law &amp; order but you are dealing with some of the toughest criminals not behind bars. These include Public Enemy No1 : Slit-Throat Steve, Public Enemy No 7 : Dune Buggy Jon and Dr J. Davies Ph.D, V.E.A.S.</p>",,[],1983-01-01,False,2019-08-28T22:25:53,https://media.rawg.io/media/screenshots/227/227b8ecf0ea0cf26961ab3ac7c961c36.jpg,https://media.rawg.io/media/screenshots/504/50431b2889d01bb38f0824d73f680f17.jpg,,0.0,0,[],10,0,8,0,1,0,0,,,,,0,0,0,0,0,105,[],,0,0,0,,0,0f0f0f,0f0f0f,"[{'platform': {'id': 10, 'name': 'Commodore / Amiga', 'slug': 'commodore-amiga'}}]","[{'platform': {'id': 166, 'name': 'Commodore / Amiga', 'slug': 'commodore-amiga', 'image': None, 'year_end': None, 'year_start': None, 'games_count': 2083, 'image_background': 'https://media.rawg.io/media/games/cce/cce8bebe861f295003f5a9fe5b11233f.jpg'}, 'released_at': '1983-01-01', 'requirements': {}}]",[],"[{'id': 27588, 'name': 'Ian Gray', 'slug': 'ian-gray', 'games_count': 1, 'image_background': 'https://media.rawg.io/media/screenshots/227/227b8ecf0ea0cf26961ab3ac7c961c36.jpg'}]","[{'id': 4, 'name': 'Action', 'slug': 'action', 'games_count': 186608, 'image_background': 'https://media.rawg.io/media/games/618/618c2031a07bbff6b4f611f10b6bcdbc.jpg'}]","[{'id': 31, 'name': 'Singleplayer', 'slug': 'singleplayer', 'language': 'eng', 'games_count': 238404, 'image_background': 'https://media.rawg.io/media/games/26d/26d4437715bee60138dab4a7c8c59c92.jpg'}]","[{'id': 19488, 'name': 'GameFAQs', 'slug': 'gamefaqs', 'games_count': 19, 'image_background': 'https://media.rawg.io/media/screenshots/99f/99ffb87e2b981aadb300329e31162eab.jpg'}, {'id': 20529, 'name': 'Interceptor Micros', 'slug': 'interceptor-micros', 'games_count': 4, 'image_background': 'https://media.rawg.io/media/screenshots/a05/a054ffaffdaf83b041fedbb8cfd7f65d.jpg'}]",,"Siren City is a game for the Commodore 64 which involves the player taking the role of an American ""cop car"" patrolling the streets of dangerous Siren City.
Siren City is one of the roughest towns in the whole of the U.S.A. Starting as a rookie driving through a maze of Skyscrapers and seemingly peaceful streets your job is to keep law & order but you are dealing with some of the toughest criminals not behind bars. These include Public Enemy No1 : Slit-Throat Steve, Public Enemy No 7 : Dune Buggy Jon and Dr J. Davies Ph.D, V.E.A.S.",,,5.0,2.0,2.0,1.0,,,,,,,,,,,,,0.0
55150,time-bandit-1983,Time Bandit (1983),Time Bandit (1983),"<p>Time Bandit is an action/adventure video game that was written originally for the TRS-80 Model I and soon ported to the TRS-80 Color Computer and Dragon 32, but enjoyed its greatest popularity with the 1985 version for the Atari ST and Amiga. The game was written by Bill Dunlevy and Harry Lafnear, who also created Cashman,and published by MichTron. Later versions were created for various other platforms, including the pseudo-PC-compatible Sanyo MBC-55x with its unique 8-color display. The Amiga and MS-DOS versions were ported by Timothy Purves.</p>",,[],1983-01-01,False,2023-02-08T10:51:47,https://media.rawg.io/media/screenshots/c16/c16240fe5927b5ce90f555f9a38cdc6c.jpg,https://media.rawg.io/media/screenshots/d7d/d7d5b768eca09e7cb95e33a98d86db63.jpg,,0.0,0,[],10,0,12,0,0,0,0,,,,,0,0,0,0,0,216,[],,0,0,0,,0,0f0f0f,0f0f0f,"[{'platform': {'id': 1, 'name': 'PC', 'slug': 'pc'}}, {'platform': {'id': 9, 'name': 'Atari', 'slug': 'atari'}}, {'platform': {'id': 10, 'name': 'Commodore / Amiga', 'slug': 'commodore-amiga'}}]","[{'platform': {'id': 34, 'name': 'Atari ST', 'slug': 'atari-st', 'image': None, 'year_end': None, 'year_start': None, 'games_count': 836, 'image_background': 'https://media.rawg.io/media/games/637/637d7dc2f44d0f6ddd3ee2c0b1366962.jpg'}, 'released_at': '1983-01-01', 'requirements': {}}, {'platform': {'id': 166, 'name': 'Commodore / Amiga', 'slug': 'commodore-amiga', 'image': None, 'year_end': None, 'year_start': None, 'games_count': 2083, 'image_background': 'https://media.rawg.io/media/games/cce/cce8bebe861f295003f5a9fe5b11233f.jpg'}, 'released_at': '1983-01-01', 'requirements': {}}, {'platform': {'id': 4, 'name': 'PC', 'slug': 'pc', 'image': None, 'year_end': None, 'year_start': None, 'games_count': 547196, 'image_background': 'https://media.rawg.io/media/games/6fc/6fcf4cd3b17c288821388e6085bb0fc9.jpg'}, 'released_at': '1983-01-01', 'requirements': {}}]",[],"[{'id': 27011, 'name': 'Bill Dunlevy', 'slug': 'bill-dunlevy', 'games_count': 1, 'image_background': 'https://media.rawg.io/media/screenshots/c16/c16240fe5927b5ce90f555f9a38cdc6c.jpg'}, {'id': 27012, 'name': 'Harry Lafnear', 'slug': 'harry-lafnear', 'games_count': 1, 'image_background': 'https://media.rawg.io/media/screenshots/c16/c16240fe5927b5ce90f555f9a38cdc6c.jpg'}]",[],"[{'id': 3189, 'name': 'color', 'slug': 'color', 'language': 'eng', 'games_count': 6503, 'image_background': 'https://media.rawg.io/media/games/55a/55a685051caa3d478836fa7c1d074694.jpg'}, {'id': 1534, 'name': 'atari', 'slug': 'atari', 'language': 'eng', 'games_count': 1158, 'image_background': 'https://media.rawg.io/media/screenshots/d10/d10fdd0fc764ad4a5d70fffa6aee1175.jpg'}, {'id': 860, 'name': 'DOS', 'slug': 'dos', 'language': 'eng', 'games_count': 1055, 'image_background': 'https://media.rawg.io/media/screenshots/40f/40fcb5ba54917d3e2f0c59bbbf03adca.jpg'}]","[{'id': 20259, 'name': 'MichTron', 'slug': 'michtron', 'games_count': 1, 'image_background': 'https://media.rawg.io/media/screenshots/c16/c16240fe5927b5ce90f555f9a38cdc6c.jpg'}]",,"Time Bandit is an action/adventure video game that was written originally for the TRS-80 Model I and soon ported to the TRS-80 Color Computer and Dragon 32, but enjoyed its greatest popularity with the 1985 version for the Atari ST and Amiga. The game was written by Bill Dunlevy and Harry Lafnear, who also created Cashman,and published by MichTron. Later versions were created for various other platforms, including the pseudo-PC-compatible Sanyo MBC-55x with its unique 8-color display. The Amiga and MS-DOS versions were ported by Timothy Purves.",,1.0,5.0,2.0,1.0,1.0,,,,,,,,,,,,,0.0
52588,space-shuttle-a-journey-into-space,Space Shuttle: A Journey into Space,Space Shuttle: A Journey into Space,"<p>Space Shuttle: A Journey into Space is a space flight simulator game designed by Steve Kitchen for the Atari 2600 and published by Activision in 1983. It is one of the first realistic spacecraft simulations available for home systems. Space Shuttle was adapted to the Atari 8-bit family and Atari 5200 by Bob Henderson (1984), then ported to the ZX Spectrum (1984), Commodore 64 (1984), Amstrad CPC (1986), and MSX (1986). The 1984 Activision Software catalog also mentions an Apple II version.</p>
<p>The player controls the most critical flight phases such as Launch, Stabilizing Orbit, Docking, Deorbit Burn, Reentry, and Landing, each with its own set of instructions to follow. The original Atari 2600 version came with an overlay since it made use of all the switches.</p>",,[],1983-01-01,False,2019-08-28T22:02:33,https://media.rawg.io/media/screenshots/2ca/2ca0f62c5a9def28c1d5f3cfadbc6e59.jpg,https://media.rawg.io/media/screenshots/4f2/4f2804963d8f07885aaed81620b85edd.jpg,,0.0,0,[],10,0,16,0,1,0,0,,,,,0,0,0,0,0,235,[],,0,0,0,,0,0f0f0f,0f0f0f,"[{'platform': {'id': 5, 'name': 'Apple Macintosh', 'slug': 'mac'}}, {'platform': {'id': 9, 'name': 'Atari', 'slug': 'atari'}}, {'platform': {'id': 10, 'name': 'Commodore / Amiga', 'slug': 'commodore-amiga'}}]","[{'platform': {'id': 25, 'name': 'Atari 8-bit', 'slug': 'atari-8-bit', 'image': None, 'year_end': None, 'year_start': None, 'games_count': 308, 'image_background': 'https://media.rawg.io/media/screenshots/038/0385a47d3a43b218204268af5361a19e.jpg'}, 'released_at': '1983-01-01', 'requirements': {}}, {'platform': {'id': 31, 'name': 'Atari 5200', 'slug': 'atari-5200', 'image': None, 'year_end': None, 'year_start': None, 'games_count': 64, 'image_background': 'https://media.rawg.io/media/screenshots/678/6786598cba3939d48ed60cbd1a3723f4.jpg'}, 'released_at': '1983-01-01', 'requirements': {}}, {'platform': {'id': 41, 'name': 'Apple II', 'slug': 'apple-ii', 'image': None, 'year_end': None, 'year_start': None, 'games_count': 424, 'image_background': 'https://media.rawg.io/media/screenshots/3d2/3d2bb57b39e2efa39d1c385585b2ea8b.jpg'}, 'released_at': '1983-01-01', 'requirements': {}}, {'platform': {'id': 23, 'name': 'Atari 2600', 'slug': 'atari-2600', 'image': None, 'year_end': None, 'year_start': None, 'games_count': 294, 'image_background': 'https://media.rawg.io/media/screenshots/ff6/ff623993a854663931c1e78d72a16a5a.jpg'}, 'released_at': '1983-01-01', 'requirements': {}}, {'platform': {'id': 166, 'name': 'Commodore / Amiga', 'slug': 'commodore-amiga', 'image': None, 'year_end': None, 'year_start': None, 'games_count': 2083, 'image_background': 'https://media.rawg.io/media/games/cce/cce8bebe861f295003f5a9fe5b11233f.jpg'}, 'released_at': '1983-01-01', 'requirements': {}}]",[],"[{'id': 11, 'name': 'Activision', 'slug': 'activision', 'games_count': 163, 'image_background': 'https://media.rawg.io/media/screenshots/d05/d0524e9b2e276dd9c8351881e897f7c9.jpg'}]",[],"[{'id': 31, 'name': 'Singleplayer', 'slug': 'singleplayer', 'language': 'eng', 'games_count': 238404, 'image_background': 'https://media.rawg.io/media/games/26d/26d4437715bee60138dab4a7c8c59c92.jpg'}]","[{'id': 10830, 'name': 'Activision Blizzard', 'slug': 'activision-blizzard', 'games_count': 691, 'image_background': 'https://media.rawg.io/media/games/445/44507fdd60a8ec02b1c3c64a293ca754.jpg'}]",,"Space Shuttle: A Journey into Space is a space flight simulator game designed by Steve Kitchen for the Atari 2600 and published by Activision in 1983. It is one of the first realistic spacecraft simulations available for home systems. Space Shuttle was adapted to the Atari 8-bit family and Atari 5200 by Bob Henderson (1984), then ported to the ZX Spectrum (1984), Commodore 64 (1984), Amstrad CPC (1986), and MSX (1986). The 1984 Activision Software catalog also mentions an Apple II version.
The player controls the most critical flight phases such as Launch, Stabilizing Orbit, Docking, Deorbit Burn, Reentry, and Landing, each with its own set of instructions to follow. The original Atari 2600 version came with an overlay since it made use of all the switches.",,,6.0,2.0,1.0,1.0,,,,,,,,,,,,,0.0
56638,maziacs,Maziacs,Maziacs,"<p>Maziacs is an action adventure maze game published by DK'Tronics in 1983 for the ZX Spectrum, Commodore 64, and MSX.</p>",,[],1983-01-01,False,2019-08-28T22:25:55,https://media.rawg.io/media/screenshots/848/84882c2d765b0fed60df6df7195a413a.jpg,https://media.rawg.io/media/screenshots/211/2110739f4996f893a04a923054dc453d.jpg,,0.0,0,"[{'id': 1, 'title': 'skip', 'count': 1, 'percent': 100.0}]",10,0,8,0,2,0,0,,,,,0,0,0,0,1,219,[],,0,0,0,,1,0f0f0f,0f0f0f,"[{'platform': {'id': 10, 'name': 'Commodore / Amiga', 'slug': 'commodore-amiga'}}]","[{'platform': {'id': 166, 'name': 'Commodore / Amiga', 'slug': 'commodore-amiga', 'image': None, 'year_end': None, 'year_start': None, 'games_count': 2083, 'image_background': 'https://media.rawg.io/media/games/cce/cce8bebe861f295003f5a9fe5b11233f.jpg'}, 'released_at': '1983-01-01', 'requirements': {}}]",[],"[{'id': 27346, 'name': 'Don Priestley', 'slug': 'don-priestley', 'games_count': 4, 'image_background': 'https://media.rawg.io/media/screenshots/13a/13a99b7e3c7e4680fa5b07d93d5e1a4b.jpg'}, {'id': 27347, 'name': ""DK'Tronics"", 'slug': 'dktronics', 'games_count': 3, 'image_background': 'https://media.rawg.io/media/screenshots/3fb/3fb32870bf8daa2e66f4a872ff192833.jpg'}]","[{'id': 4, 'name': 'Action', 'slug': 'action', 'games_count': 186608, 'image_background': 'https://media.rawg.io/media/games/618/618c2031a07bbff6b4f611f10b6bcdbc.jpg'}]","[{'id': 31, 'name': 'Singleplayer', 'slug': 'singleplayer', 'language': 'eng', 'games_count': 238404, 'image_background': 'https://media.rawg.io/media/games/26d/26d4437715bee60138dab4a7c8c59c92.jpg'}]","[{'id': 20471, 'name': ""DK'Tronics"", 'slug': 'dktronics', 'games_count': 3, 'image_background': 'https://media.rawg.io/media/screenshots/3fb/3fb32870bf8daa2e66f4a872ff192833.jpg'}]",,"Maziacs is an action adventure maze game published by DK'Tronics in 1983 for the ZX Spectrum, Commodore 64, and MSX.",,,5.0,2.0,2.0,1.0,,,,,,,,,,,,,0.0
52560,party-mix,Party Mix,Party Mix,"<p>Five games in one, Party Mix is a collection title developed in 1983 by Starpath for the Starpath Supercharger add-on to the Atari 2600 console. Being one of the first party video games, it became notable for its inventive one-on-one and two-on-two split-screen multiplayer gameplay types.</p>
<p>The anthology consists of the following titles:</p>
<ul><li>Bop a Buggy</li>
<li>Tug of War</li>
<li>Wizard's Keep</li>
<li>Down on the Line</li>
<li>Handcar</li>
</ul>",,[],1983-01-01,False,2019-01-09T12:41:06,https://media.rawg.io/media/screenshots/c84/c84111795676c015aff66e39cc8f3724.jpg,https://media.rawg.io/media/screenshots/cbf/cbfdd9feaf0ce48ad7c97af7e1131242.jpg,,0.0,0,[],10,0,7,0,1,0,0,,,,,0,0,0,0,0,87,[],,0,0,0,,0,0f0f0f,0f0f0f,"[{'platform': {'id': 9, 'name': 'Atari', 'slug': 'atari'}}]","[{'platform': {'id': 23, 'name': 'Atari 2600', 'slug': 'atari-2600', 'image': None, 'year_end': None, 'year_start': None, 'games_count': 294, 'image_background': 'https://media.rawg.io/media/screenshots/ff6/ff623993a854663931c1e78d72a16a5a.jpg'}, 'released_at': '1983-01-01', 'requirements': {}}]",[],"[{'id': 25969, 'name': 'Starpath', 'slug': 'starpath', 'games_count': 5, 'image_background': 'https://media.rawg.io/media/screenshots/85e/85eca09049b98434d86d495eeb9d5a5f.jpg'}]",[],"[{'id': 7, 'name': 'Multiplayer', 'slug': 'multiplayer', 'language': 'eng', 'games_count': 40505, 'image_background': 'https://media.rawg.io/media/games/021/021c4e21a1824d2526f925eff6324653.jpg'}, {'id': 375, 'name': '2 or 4 players', 'slug': '2-or-4-players', 'language': 'eng', 'games_count': 1, 'image_background': 'https://media.rawg.io/media/screenshots/c84/c84111795676c015aff66e39cc8f3724.jpg'}]","[{'id': 19457, 'name': 'Starpath', 'slug': 'starpath', 'games_count': 4, 'image_background': 'https://media.rawg.io/media/screenshots/3ab/3abaafd8c4014bd052931cc0e486cd69.jpg'}]",,"Five games in one, Party Mix is a collection title developed in 1983 by Starpath for the Starpath Supercharger add-on to the Atari 2600 console. Being one of the first party video games, it became notable for its inventive one-on-one and two-on-two split-screen multiplayer gameplay types.
The anthology consists of the following titles:
Bop a Buggy
Tug of War
Wizard's Keep
Down on the Line
Handcar",,,5.0,2.0,2.0,1.0,,,,,,,,,,,,,0.0
56359,bonka,Bonka,Bonka,<p>Bonka is a clone of the arcade game Space Panic released for the Dragon 32 and Commodore 64 in 1983.</p>,,[],1983-01-01,False,2019-01-09T12:41:06,https://media.rawg.io/media/screenshots/9d0/9d0ba064aadf071324dd459188050b49.jpg,https://media.rawg.io/media/screenshots/c90/c907cf256b24fa80260e557d03fe6e34.jpg,,0.0,0,[],10,0,8,0,0,0,0,,,,,0,0,0,0,0,136,[],,0,0,0,,0,0f0f0f,0f0f0f,"[{'platform': {'id': 10, 'name': 'Commodore / Amiga', 'slug': 'commodore-amiga'}}]","[{'platform': {'id': 166, 'name': 'Commodore / Amiga', 'slug': 'commodore-amiga', 'image': None, 'year_end': None, 'year_start': None, 'games_count': 2083, 'image_background': 'https://media.rawg.io/media/games/cce/cce8bebe861f295003f5a9fe5b11233f.jpg'}, 'released_at': '1983-01-01', 'requirements': {}}]",[],[],[],"[{'id': 25, 'name': 'Space', 'slug': 'space', 'language': 'eng', 'games_count': 43594, 'image_background': 'https://media.rawg.io/media/games/ebd/ebdbb7eb52bd58b0e7fa4538d9757b60.jpg'}, {'id': 3992, 'name': 'clone', 'slug': 'clone', 'language': 'eng', 'games_count': 1008, 'image_background': 'https://media.rawg.io/media/screenshots/990/9906c5c53cc94be308a69f0b585711d6.jpg'}]","[{'id': 20500, 'name': 'J. Morrison', 'slug': 'j-morrison-micros-ltd', 'games_count': 1, 'image_background': 'https://media.rawg.io/media/screenshots/9d0/9d0ba064aadf071324dd459188050b49.jpg'}]",,Bonka is a clone of the arcade game Space Panic released for the Dragon 32 and Commodore 64 in 1983.,,,5.0,2.0,2.0,1.0,,,,,,,,,,,,,0.0
52471,aliens-return,Alien's Return,Alien's Return,"<p>Alien's Return (also known as Col 'N', E.T. Go Home and Go Go Home Monster) is a video game released in 1983 by ITT Family Games for the Atari 2600.</p>",,[],1983-01-01,False,2019-08-28T22:02:36,,,,0.0,0,[],10,0,0,0,0,0,0,,,,,0,0,0,0,0,0,[],,0,0,0,,0,0f0f0f,0f0f0f,"[{'platform': {'id': 9, 'name': 'Atari', 'slug': 'atari'}}]","[{'platform': {'id': 23, 'name': 'Atari 2600', 'slug': 'atari-2600', 'image': None, 'year_end': None, 'year_start': None, 'games_count': 294, 'image_background': 'https://media.rawg.io/media/screenshots/ff6/ff623993a854663931c1e78d72a16a5a.jpg'}, 'released_at': '1983-01-01', 'requirements': {}}]",[],"[{'id': 25954, 'name': 'Gem International', 'slug': 'gem-international-corporation', 'games_count': 2, 'image_background': 'https://media.rawg.io/media/screenshots/c30/c300db529e79ea8d559a83d4fd884663.jpg'}]",[],"[{'id': 31, 'name': 'Singleplayer', 'slug': 'singleplayer', 'language': 'eng', 'games_count': 238404, 'image_background': 'https://media.rawg.io/media/games/26d/26d4437715bee60138dab4a7c8c59c92.jpg'}]","[{'id': 19436, 'name': 'Home Vision/VDI', 'slug': 'home-visionvdi', 'games_count': 2, 'image_background': 'https://media.rawg.io/media/screenshots/c30/c300db529e79ea8d559a83d4fd884663.jpg'}, {'id': 19437, 'name': 'Home Vision', 'slug': 'home-vision', 'games_count': 2, 'image_background': 'https://media.rawg.io/media/screenshots/c30/c300db529e79ea8d559a83d4fd884663.jpg'}]",,"Alien's Return (also known as Col 'N', E.T. Go Home and Go Go Home Monster) is a video game released in 1983 by ITT Family Games for the Atari 2600.",,,5.0,2.0,2.0,1.0,,,,,,,,,,,,,0.0
52485,ghost-manor,Ghost Manor,Ghost Manor,"<p>Ghost Manor is a horror video game that was released by Xonox in 1983 for the Atari 2600 and VIC-20. It was generally packaged in a double ended cartridge and a cassette tape along with one of three other games in an effort to appeal to budget conscious buyers who would purchase two games for the price of one cartridge and one cassette tape. There was also a more limited release of single ended cartridges and cassette tapes containing Ghost Manor by itself. The double ended cartridges and cassette tapes paired Ghost Manor with the platform game Spike's Peak, the fighting game Chuck Norris Superkicks, and a strategy game called Artillery Duel.</p>",,[],1983-01-01,False,2019-08-28T22:02:36,https://media.rawg.io/media/screenshots/9d9/9d9f4173504a023c62cf138fbd90aeec.jpg,https://media.rawg.io/media/screenshots/d5d/d5de994a97f7d10c01d03e61af723b4f.jpg,,0.0,0,[],10,0,9,0,0,0,0,,,,,0,0,0,0,0,89,[],,0,0,0,,0,0f0f0f,0f0f0f,"[{'platform': {'id': 9, 'name': 'Atari', 'slug': 'atari'}}, {'platform': {'id': 10, 'name': 'Commodore / Amiga', 'slug': 'commodore-amiga'}}]","[{'platform': {'id': 23, 'name': 'Atari 2600', 'slug': 'atari-2600', 'image': None, 'year_end': None, 'year_start': None, 'games_count': 294, 'image_background': 'https://media.rawg.io/media/screenshots/ff6/ff623993a854663931c1e78d72a16a5a.jpg'}, 'released_at': '1983-01-01', 'requirements': {}}, {'platform': {'id': 166, 'name': 'Commodore / Amiga', 'slug': 'commodore-amiga', 'image': None, 'year_end': None, 'year_start': None, 'games_count': 2083, 'image_background': 'https://media.rawg.io/media/games/cce/cce8bebe861f295003f5a9fe5b11233f.jpg'}, 'released_at': '1983-01-01', 'requirements': {}}]",[],"[{'id': 25961, 'name': 'Xonox', 'slug': 'xonox', 'games_count': 3, 'image_background': 'https://media.rawg.io/media/screenshots/c02/c025a98c6aca950331884a1c2f10d592.jpg'}]","[{'id': 4, 'name': 'Action', 'slug': 'action', 'games_count': 186608, 'image_background': 'https://media.rawg.io/media/games/618/618c2031a07bbff6b4f611f10b6bcdbc.jpg'}]","[{'id': 31, 'name': 'Singleplayer', 'slug': 'singleplayer', 'language': 'eng', 'games_count': 238404, 'image_background': 'https://media.rawg.io/media/games/26d/26d4437715bee60138dab4a7c8c59c92.jpg'}]","[{'id': 19445, 'name': 'Xonox', 'slug': 'xonox', 'games_count': 3, 'image_background': 'https://media.rawg.io/media/screenshots/5ca/5ca1d9249662b53a97bb1aa2a0f634c0.jpg'}]",,"Ghost Manor is a horror video game that was released by Xonox in 1983 for the Atari 2600 and VIC-20. It was generally packaged in a double ended cartridge and a cassette tape along with one of three other games in an effort to appeal to budget conscious buyers who would purchase two games for the price of one cartridge and one cassette tape. There was also a more limited release of single ended cartridges and cassette tapes containing Ghost Manor by itself. The double ended cartridges and cassette tapes paired Ghost Manor with the platform game Spike's Peak, the fighting game Chuck Norris Superkicks, and a strategy game called Artillery Duel.",,,5.0,2.0,2.0,1.0,,,,,,,,,,,,,0.0
56873,valhalla-1983,Valhalla (1983),Valhalla (1983),<p>Valhalla is a ZX Spectrum and Commodore 64 adventure game published in 1983 by Legend.</p>,,[],1983-01-01,False,2019-08-28T22:25:52,https://media.rawg.io/media/screenshots/8e7/8e77756c2587b93f92d8be58e12bf044.jpg,https://media.rawg.io/media/screenshots/4b7/4b700221b63e24f6f50edea02b697c96.jpg,,0.0,0,[],9,0,8,0,0,0,0,,,,,0,0,0,0,0,103,[],,0,0,0,,0,0f0f0f,0f0f0f,"[{'platform': {'id': 10, 'name': 'Commodore / Amiga', 'slug': 'commodore-amiga'}}]","[{'platform': {'id': 166, 'name': 'Commodore / Amiga', 'slug': 'commodore-amiga', 'image': None, 'year_end': None, 'year_start': None, 'games_count': 2083, 'image_background': 'https://media.rawg.io/media/games/cce/cce8bebe861f295003f5a9fe5b11233f.jpg'}, 'released_at': '1983-01-01', 'requirements': {}}]",[],"[{'id': 27642, 'name': 'Legend', 'slug': 'legend', 'games_count': 3, 'image_background': 'https://media.rawg.io/media/screenshots/d71/d717ace215b2536ec0a11dcf8c701042.jpg'}]","[{'id': 3, 'name': 'Adventure', 'slug': 'adventure', 'games_count': 146481, 'image_background': 'https://media.rawg.io/media/games/b6b/b6b20bfc4b34e312dbc8aac53c95a348.jpg'}]","[{'id': 31, 'name': 'Singleplayer', 'slug': 'singleplayer', 'language': 'eng', 'games_count': 238404, 'image_background': 'https://media.rawg.io/media/games/26d/26d4437715bee60138dab4a7c8c59c92.jpg'}]","[{'id': 20642, 'name': 'Legend', 'slug': 'legend', 'games_count': 1, 'image_background': 'https://media.rawg.io/media/screenshots/8e7/8e77756c2587b93f92d8be58e12bf044.jpg'}]",,Valhalla is a ZX Spectrum and Commodore 64 adventure game published in 1983 by Legend.,,,4.0,2.0,2.0,1.0,,,,,,,,,,,,,0.0
56827,super-pipeline,Super Pipeline,Super Pipeline,"<p>Super Pipeline is a 1983 action puzzle game released for the Commodore 64. The objective is to keep a series of pipes unblocked so that water may flow through them. Enemies include saboteurs that plug up the pipes, bugs that fall from the ceiling to kill the player, and a monster that patrols the pipe in later levels. The player is armed with a gun that can kill bugs, saboteurs, as well as the monster (but only from behind), and is followed by a helper that can remove plugs and kill the smaller bugs. In later levels, a series of walls protect the enemies as they climb the ladder on the right towards the roof. A level ends when a set amount of water enters the barrel at the end of the pipe.</p>",,[],1983-01-01,False,2019-08-28T22:25:53,https://media.rawg.io/media/screenshots/d73/d73529d58f80719c7b0bef2ef3050eca.jpg,https://media.rawg.io/media/screenshots/2fe/2fe8714d9fa9e31d6f43c2077ffb9df3.jpg,,0.0,0,"[{'id': 1, 'title': 'skip', 'count': 1, 'percent': 100.0}]",9,0,5,0,0,0,0,,,,,0,0,0,0,1,120,[],,0,0,0,,1,0f0f0f,0f0f0f,"[{'platform': {'id': 10, 'name': 'Commodore / Amiga', 'slug': 'commodore-amiga'}}]","[{'platform': {'id': 166, 'name': 'Commodore / Amiga', 'slug': 'commodore-amiga', 'image': None, 'year_end': None, 'year_start': None, 'games_count': 2083, 'image_background': 'https://media.rawg.io/media/games/cce/cce8bebe861f295003f5a9fe5b11233f.jpg'}, 'released_at': '1983-01-01', 'requirements': {}}]",[],[],"[{'id': 7, 'name': 'Puzzle', 'slug': 'puzzle', 'games_count': 97333, 'image_background': 'https://media.rawg.io/media/games/9f4/9f418898f5415668ca47b5f4ab1ecfeb.jpg'}]","[{'id': 31, 'name': 'Singleplayer', 'slug': 'singleplayer', 'language': 'eng', 'games_count': 238404, 'image_background': 'https://media.rawg.io/media/games/26d/26d4437715bee60138dab4a7c8c59c92.jpg'}, {'id': 418, 'name': '2 players', 'slug': '2-players', 'language': 'eng', 'games_count': 1244, 'image_background': 'https://media.rawg.io/media/screenshots/f9a/f9ac59bb4af2ca2193ee9ffb979577cf.jpg'}]","[{'id': 20619, 'name': 'Taskset', 'slug': 'taskset', 'games_count': 1, 'image_background': 'https://media.rawg.io/media/screenshots/d73/d73529d58f80719c7b0bef2ef3050eca.jpg'}]",,"Super Pipeline is a 1983 action puzzle game released for the Commodore 64. The objective is to keep a series of pipes unblocked so that water may flow through them. Enemies include saboteurs that plug up the pipes, bugs that fall from the ceiling to kill the player, and a monster that patrols the pipe in later levels. The player is armed with a gun that can kill bugs, saboteurs, as well as the monster (but only from behind), and is followed by a helper that can remove plugs and kill the smaller bugs. In later levels, a series of walls protect the enemies as they climb the ladder on the right towards the roof. A level ends when a set amount of water enters the barrel at the end of the pipe.",,,4.0,2.0,2.0,1.0,,,,,,,,,,,,,0.0
52569,rocn-rope,Roc'n Rope,Roc'n Rope,"<p>Roc'n Rope (ロックンロープ) is a 1983 arcade game developed and published by Konami (published by Kosuka/Interlogic in some markets). The player, a flashlight- and harpoon gun- equipped archaeologist, had to ascend a series of rocky platforms in a Lost World scenario to reach a Phoenix bird, the object of his quest. Along the way he had to avoid ferocious man-sized dinosaurs and belligerent red-haired cavemen against whom he had no direct means of offense. The only ways to defeat the opponents were either temporary (dazing them with the flashlight) or indirect (waiting for them to be suspended on a harpoon rope to make them fall down), an element which added a certain amount of trickiness to the game, unusual for its time. Bonus items to collect along the way included fallen phoenix feathers and phoenix eggs, which granted the player invulnerability from the prehistoric denizens for a short period of time.</p>
<p>Roc'n Rope was ported to the Atari 2600 and ColecoVision.</p>",,[],1983-01-01,False,2019-01-09T12:41:06,,,,0.0,0,[],9,0,0,0,1,0,0,,,,,0,0,0,0,0,0,[],,0,0,0,,0,0f0f0f,0f0f0f,"[{'platform': {'id': 9, 'name': 'Atari', 'slug': 'atari'}}]","[{'platform': {'id': 23, 'name': 'Atari 2600', 'slug': 'atari-2600', 'image': None, 'year_end': None, 'year_start': None, 'games_count': 294, 'image_background': 'https://media.rawg.io/media/screenshots/ff6/ff623993a854663931c1e78d72a16a5a.jpg'}, 'released_at': '1983-01-01', 'requirements': {}}]",[],"[{'id': 1971, 'name': 'Konami Digital Entertainment', 'slug': 'konami-digital-entertainment', 'games_count': 467, 'image_background': 'https://media.rawg.io/media/games/d56/d56412cd670313ef306da64669c381d8.jpg'}]","[{'id': 4, 'name': 'Action', 'slug': 'action', 'games_count': 186608, 'image_background': 'https://media.rawg.io/media/games/618/618c2031a07bbff6b4f611f10b6bcdbc.jpg'}]","[{'id': 418, 'name': '2 players', 'slug': '2-players', 'language': 'eng', 'games_count': 1244, 'image_background': 'https://media.rawg.io/media/screenshots/f9a/f9ac59bb4af2ca2193ee9ffb979577cf.jpg'}, {'id': 348, 'name': 'alternating turns', 'slug': 'alternating-turns', 'language': 'eng', 'games_count': 64, 'image_background': 'https://media.rawg.io/media/games/6f8/6f8fb1e98393f72b47f1f909d5b649d4.jpg'}]","[{'id': 10691, 'name': 'Konami', 'slug': 'konami', 'games_count': 788, 'image_background': 'https://media.rawg.io/media/games/85e/85e4c8a78cf9b82b5ed19262fe00c00f.jpg'}, {'id': 19480, 'name': 'Kosuka', 'slug': 'kosuka', 'games_count': 1, 'image_background': ''}]",,"Roc'n Rope (ロックンロープ) is a 1983 arcade game developed and published by Konami (published by Kosuka/Interlogic in some markets). The player, a flashlight- and harpoon gun- equipped archaeologist, had to ascend a series of rocky platforms in a Lost World scenario to reach a Phoenix bird, the object of his quest. Along the way he had to avoid ferocious man-sized dinosaurs and belligerent red-haired cavemen against whom he had no direct means of offense. The only ways to defeat the opponents were either temporary (dazing them with the flashlight) or indirect (waiting for them to be suspended on a harpoon rope to make them fall down), an element which added a certain amount of trickiness to the game, unusual for its time. Bonus items to collect along the way included fallen phoenix feathers and phoenix eggs, which granted the player invulnerability from the prehistoric denizens for a short period of time.
Roc'n Rope was ported to the Atari 2600 and ColecoVision.",,,5.0,1.0,2.0,1.0,,,,,,,,,,,,,0.0
52551,mangia,Mangia,Mangia,"<p>Mangia (also styled Mangia', with a trailing apostrophe) is a 1983 video game by Spectravision for the Atari 2600 video game console. The North American (NTSC) version is one of the rarest games for the 2600, and has earned a rating of 10 (""Unbelievably rare"") from the AtariAge rarity guide.</p>",,[],1983-01-01,False,2019-08-28T22:26:30,,,,0.0,0,[],9,0,0,0,0,0,0,,,,,0,0,0,0,0,0,[],,0,0,0,,0,0f0f0f,0f0f0f,"[{'platform': {'id': 9, 'name': 'Atari', 'slug': 'atari'}}]","[{'platform': {'id': 23, 'name': 'Atari 2600', 'slug': 'atari-2600', 'image': None, 'year_end': None, 'year_start': None, 'games_count': 294, 'image_background': 'https://media.rawg.io/media/screenshots/ff6/ff623993a854663931c1e78d72a16a5a.jpg'}, 'released_at': '1983-01-01', 'requirements': {}}]",[],[],"[{'id': 4, 'name': 'Action', 'slug': 'action', 'games_count': 186608, 'image_background': 'https://media.rawg.io/media/games/618/618c2031a07bbff6b4f611f10b6bcdbc.jpg'}]","[{'id': 31, 'name': 'Singleplayer', 'slug': 'singleplayer', 'language': 'eng', 'games_count': 238404, 'image_background': 'https://media.rawg.io/media/games/26d/26d4437715bee60138dab4a7c8c59c92.jpg'}]","[{'id': 19453, 'name': 'Spectravideo', 'slug': 'spectravideo', 'games_count': 4, 'image_background': 'https://media.rawg.io/media/screenshots/0cb/0cb4c71338f1b50cd682c2986ffd9cab.jpg'}, {'id': 19452, 'name': 'Spectravision', 'slug': 'spectravision', 'games_count': 2, 'image_background': 'https://media.rawg.io/media/screenshots/b10/b10e21ec2bed1b18d49a872dd8328d6c.jpg'}]",,"Mangia (also styled Mangia', with a trailing apostrophe) is a 1983 video game by Spectravision for the Atari 2600 video game console. The North American (NTSC) version is one of the rarest games for the 2600, and has earned a rating of 10 (""Unbelievably rare"") from the AtariAge rarity guide.",,,5.0,2.0,1.0,1.0,,,,,,,,,,,,,0.0
56692,pharaohs-curse,Pharaoh's Curse,Pharaoh's Curse,"<p>The Pharaoh's Curse, or simply Pharaoh's Curse, is a 1983 platform adventure game written by Steve Coleman and published by Synapse Software for the Atari 8-bit family. Pharaoh's Curse was ported to the Commodore 64 and VIC-20. Coleman also wrote Rainbow Walker for Synapse. In Pharaoh's Curse, the player attempts to collect 16 treasures from an Egyptian tomb while avoiding the pharaoh, his mummy, and various traps.</p>
<p>John Szczepaniak, writing for GamesTM magazine, called The Pharaoh's Curse an early example of what later became known as the Metroidvania genre.</p>",,[],1983-01-01,False,2019-08-28T22:00:21,,,,0.0,0,[],9,0,0,0,1,0,0,,,,,0,0,0,0,0,0,[],,0,0,0,,0,0f0f0f,0f0f0f,"[{'platform': {'id': 10, 'name': 'Commodore / Amiga', 'slug': 'commodore-amiga'}}]","[{'platform': {'id': 166, 'name': 'Commodore / Amiga', 'slug': 'commodore-amiga', 'image': None, 'year_end': None, 'year_start': None, 'games_count': 2083, 'image_background': 'https://media.rawg.io/media/games/cce/cce8bebe861f295003f5a9fe5b11233f.jpg'}, 'released_at': '1983-01-01', 'requirements': {}}]",[],"[{'id': 27063, 'name': 'Synapse Software', 'slug': 'synapse-software', 'games_count': 7, 'image_background': 'https://media.rawg.io/media/screenshots/7b5/7b5d23f65718fc508970819cccc7867c.jpg'}]",[],"[{'id': 31, 'name': 'Singleplayer', 'slug': 'singleplayer', 'language': 'eng', 'games_count': 238404, 'image_background': 'https://media.rawg.io/media/games/26d/26d4437715bee60138dab4a7c8c59c92.jpg'}]","[{'id': 20192, 'name': 'Synapse Software', 'slug': 'synapse-software', 'games_count': 11, 'image_background': 'https://media.rawg.io/media/screenshots/7b5/7b5d23f65718fc508970819cccc7867c.jpg'}]",,"The Pharaoh's Curse, or simply Pharaoh's Curse, is a 1983 platform adventure game written by Steve Coleman and published by Synapse Software for the Atari 8-bit family. Pharaoh's Curse was ported to the Commodore 64 and VIC-20. Coleman also wrote Rainbow Walker for Synapse. In Pharaoh's Curse, the player attempts to collect 16 treasures from an Egyptian tomb while avoiding the pharaoh, his mummy, and various traps.
John Szczepaniak, writing for GamesTM magazine, called The Pharaoh's Curse an early example of what later became known as the Metroidvania genre.",,,4.0,2.0,2.0,1.0,,,,,,,,,,,,,0.0
56571,the-institute,The Institute,The Institute,"<p>The Institute is a 1983 graphic adventure game released for the TRS-80, Commodore 64 and Atari 8-bit family by Screenplay.</p>",,[],1983-01-01,False,2019-01-09T12:41:06,https://media.rawg.io/media/screenshots/3eb/3eb38a3c368bcbd71afe258d9f690273.jpg,https://media.rawg.io/media/screenshots/478/4785dbe76b50b4e0925dc304b9c875d3.jpg,,0.0,0,[],9,0,8,0,0,0,0,,,,,0,0,0,0,0,239,[],,0,0,0,,0,0f0f0f,0f0f0f,"[{'platform': {'id': 5, 'name': 'Apple Macintosh', 'slug': 'mac'}}, {'platform': {'id': 9, 'name': 'Atari', 'slug': 'atari'}}, {'platform': {'id': 10, 'name': 'Commodore / Amiga', 'slug': 'commodore-amiga'}}]","[{'platform': {'id': 41, 'name': 'Apple II', 'slug': 'apple-ii', 'image': None, 'year_end': None, 'year_start': None, 'games_count': 424, 'image_background': 'https://media.rawg.io/media/screenshots/3d2/3d2bb57b39e2efa39d1c385585b2ea8b.jpg'}, 'released_at': '1983-01-01', 'requirements': {}}, {'platform': {'id': 25, 'name': 'Atari 8-bit', 'slug': 'atari-8-bit', 'image': None, 'year_end': None, 'year_start': None, 'games_count': 308, 'image_background': 'https://media.rawg.io/media/screenshots/038/0385a47d3a43b218204268af5361a19e.jpg'}, 'released_at': '1983-01-01', 'requirements': {}}, {'platform': {'id': 166, 'name': 'Commodore / Amiga', 'slug': 'commodore-amiga', 'image': None, 'year_end': None, 'year_start': None, 'games_count': 2083, 'image_background': 'https://media.rawg.io/media/games/cce/cce8bebe861f295003f5a9fe5b11233f.jpg'}, 'released_at': '1983-01-01', 'requirements': {}}]",[],"[{'id': 27489, 'name': 'Robyn Pearson', 'slug': 'robyn-pearson', 'games_count': 1, 'image_background': 'https://media.rawg.io/media/screenshots/3eb/3eb38a3c368bcbd71afe258d9f690273.jpg'}, {'id': 27490, 'name': 'Jyym Pearson', 'slug': 'jyym-pearson', 'games_count': 1, 'image_background': 'https://media.rawg.io/media/screenshots/3eb/3eb38a3c368bcbd71afe258d9f690273.jpg'}]","[{'id': 3, 'name': 'Adventure', 'slug': 'adventure', 'games_count': 146481, 'image_background': 'https://media.rawg.io/media/games/b6b/b6b20bfc4b34e312dbc8aac53c95a348.jpg'}]","[{'id': 1534, 'name': 'atari', 'slug': 'atari', 'language': 'eng', 'games_count': 1158, 'image_background': 'https://media.rawg.io/media/screenshots/d10/d10fdd0fc764ad4a5d70fffa6aee1175.jpg'}]","[{'id': 20560, 'name': 'Screenplay', 'slug': 'screenplay', 'games_count': 2, 'image_background': 'https://media.rawg.io/media/screenshots/3eb/3eb38a3c368bcbd71afe258d9f690273.jpg'}]",,"The Institute is a 1983 graphic adventure game released for the TRS-80, Commodore 64 and Atari 8-bit family by Screenplay.",,,4.0,2.0,2.0,1.0,,,,,,,,,,,,,0.0
56784,space-action,Space Action,Space Action,"<p>Space Action is a horizontally scrolling shooter, created for the Commodore 64 and developed by Arne Fernlund. The game took three months to develop and was distributed on cartridge by the Swedish company Handic. More than 10,000 copies were sold world-wide. The game became very popular in Italy, where about 7,000 of the copies were sold, and was also a minor success in Australia.</p>
<p>Space Action made an appearance at an exhibition that the Swedish National Museum of Science and Technology held back in 2008.</p>
<p>Fernlund did some work on a sequel, Space Action 2, but it was never completed.</p>",,[],1983-01-01,False,2019-01-09T12:41:06,,,,0.0,0,[],9,0,0,0,0,0,0,,,,,0,0,0,0,0,0,[],,0,0,0,,0,0f0f0f,0f0f0f,"[{'platform': {'id': 10, 'name': 'Commodore / Amiga', 'slug': 'commodore-amiga'}}]","[{'platform': {'id': 166, 'name': 'Commodore / Amiga', 'slug': 'commodore-amiga', 'image': None, 'year_end': None, 'year_start': None, 'games_count': 2083, 'image_background': 'https://media.rawg.io/media/games/cce/cce8bebe861f295003f5a9fe5b11233f.jpg'}, 'released_at': '1983-01-01', 'requirements': {}}]",[],"[{'id': 27594, 'name': 'Arne Fernlund', 'slug': 'arne-fernlund', 'games_count': 1, 'image_background': ''}]",[],"[{'id': 25, 'name': 'Space', 'slug': 'space', 'language': 'eng', 'games_count': 43594, 'image_background': 'https://media.rawg.io/media/games/ebd/ebdbb7eb52bd58b0e7fa4538d9757b60.jpg'}, {'id': 87, 'name': 'Science', 'slug': 'science', 'language': 'eng', 'games_count': 1880, 'image_background': 'https://media.rawg.io/media/games/4a1/4a1ee7cf3792722dcd11638e542405c3.jpg'}, {'id': 1709, 'name': 'work', 'slug': 'work', 'language': 'eng', 'games_count': 9271, 'image_background': 'https://media.rawg.io/media/games/bfb/bfb28df4f345165327555507c955a62a.jpg'}, {'id': 1627, 'name': 'museum', 'slug': 'museum', 'language': 'eng', 'games_count': 540, 'image_background': 'https://media.rawg.io/media/games/8df/8df18af38346f2a208d355daf7246d11.jpg'}]","[{'id': 20611, 'name': 'Handic Software', 'slug': 'handic-software-ab', 'games_count': 1, 'image_background': ''}]",,"Space Action is a horizontally scrolling shooter, created for the Commodore 64 and developed by Arne Fernlund. The game took three months to develop and was distributed on cartridge by the Swedish company Handic. More than 10,000 copies were sold world-wide. The game became very popular in Italy, where about 7,000 of the copies were sold, and was also a minor success in Australia.
Space Action made an appearance at an exhibition that the Swedish National Museum of Science and Technology held back in 2008.
Fernlund did some work on a sequel, Space Action 2, but it was never completed.",,,5.0,2.0,1.0,1.0,,,,,,,,,,,,,0.0
56496,frogrun,Frogrun!,Frogrun!,<p>Frogrun! (also Frog Run) is a Frogger clone published by Anirog Software for the VIC-20 home computer in 1983. A Commodore 64 version programmed by Jef Gamon was published in 1984 as Frogrun 64. A ZX Spectrum version by S.J. Dann was released with the name Frog Run.</p>,,[],1983-01-01,False,2019-08-28T22:00:27,https://media.rawg.io/media/screenshots/ab4/ab471056bdc2efc3f6396e6f62e267d7.jpg,https://media.rawg.io/media/screenshots/b44/b44136ea49312fd4342e71252f749e7e.jpg,,0.0,0,[],9,0,4,0,2,0,0,,,,,0,0,0,0,0,47,[],,0,0,0,,0,0f0f0f,0f0f0f,"[{'platform': {'id': 10, 'name': 'Commodore / Amiga', 'slug': 'commodore-amiga'}}]","[{'platform': {'id': 166, 'name': 'Commodore / Amiga', 'slug': 'commodore-amiga', 'image': None, 'year_end': None, 'year_start': None, 'games_count': 2083, 'image_background': 'https://media.rawg.io/media/games/cce/cce8bebe861f295003f5a9fe5b11233f.jpg'}, 'released_at': '1983-01-01', 'requirements': {}}]",[],[],"[{'id': 4, 'name': 'Action', 'slug': 'action', 'games_count': 186608, 'image_background': 'https://media.rawg.io/media/games/618/618c2031a07bbff6b4f611f10b6bcdbc.jpg'}]","[{'id': 31, 'name': 'Singleplayer', 'slug': 'singleplayer', 'language': 'eng', 'games_count': 238404, 'image_background': 'https://media.rawg.io/media/games/26d/26d4437715bee60138dab4a7c8c59c92.jpg'}]","[{'id': 20489, 'name': 'Anirog Software', 'slug': 'anirog-software', 'games_count': 2, 'image_background': 'https://media.rawg.io/media/screenshots/ab4/ab471056bdc2efc3f6396e6f62e267d7.jpg'}]",,Frogrun! (also Frog Run) is a Frogger clone published by Anirog Software for the VIC-20 home computer in 1983. A Commodore 64 version programmed by Jef Gamon was published in 1984 as Frogrun 64. A ZX Spectrum version by S.J. Dann was released with the name Frog Run.,,,4.0,2.0,2.0,1.0,,,,,,,,,,,,,0.0
52615,tunnel-runner,Tunnel Runner,Tunnel Runner,"<p>Tunnel Runner is a 3D maze game released by CBS Electronics in 1983 for the Atari 2600. It was programmed by Richard K. Balaska Jr.</p>
<p>Tunnel Runner is one of three games for the Atari 2600 featuring RAM Plus (the other two are Omega Race and Mountain King), where the cartridge itself contains an additional 256 bytes of RAM to supplement the console's 128 bytes.</p>",,[],1983-01-01,False,2019-01-09T12:41:06,https://media.rawg.io/media/screenshots/271/271596942ed202540078bf05ca4d4a6c.jpg,https://media.rawg.io/media/screenshots/2db/2dbd53582a53df651f8bcf2dc229da4c.jpg,,0.0,0,[],9,0,8,0,0,0,0,,,,,0,0,0,0,0,89,[],,0,0,0,,0,0f0f0f,0f0f0f,"[{'platform': {'id': 9, 'name': 'Atari', 'slug': 'atari'}}]","[{'platform': {'id': 23, 'name': 'Atari 2600', 'slug': 'atari-2600', 'image': None, 'year_end': None, 'year_start': None, 'games_count': 294, 'image_background': 'https://media.rawg.io/media/screenshots/ff6/ff623993a854663931c1e78d72a16a5a.jpg'}, 'released_at': '1983-01-01', 'requirements': {}}]",[],[],[],"[{'id': 5816, 'name': 'console', 'slug': 'console', 'language': 'eng', 'games_count': 1390, 'image_background': 'https://media.rawg.io/media/games/faa/faa6a4a7a2e57faf2960329630aee211.jpg'}, {'id': 1407, 'name': 'race', 'slug': 'race', 'language': 'eng', 'games_count': 6793, 'image_background': 'https://media.rawg.io/media/games/553/553274881e0897c95ad75de9627265c3.jpg'}, {'id': 310, 'name': 'Runner', 'slug': 'runner', 'language': 'eng', 'games_count': 10310, 'image_background': 'https://media.rawg.io/media/screenshots/72f/72f1e176e1affdf7a6c0e49e167080d7.jpg'}, {'id': 646, 'name': 'maze', 'slug': 'maze', 'language': 'eng', 'games_count': 5522, 'image_background': 'https://media.rawg.io/media/screenshots/56e/56eb117a5df8203765eae49807104fe0.jpg'}, {'id': 1534, 'name': 'atari', 'slug': 'atari', 'language': 'eng', 'games_count': 1158, 'image_background': 'https://media.rawg.io/media/screenshots/d10/d10fdd0fc764ad4a5d70fffa6aee1175.jpg'}]","[{'id': 19462, 'name': 'CBS Electronics', 'slug': 'cbs-electronics', 'games_count': 8, 'image_background': 'https://media.rawg.io/media/screenshots/271/271596942ed202540078bf05ca4d4a6c.jpg'}, {'id': 19487, 'name': 'CBS', 'slug': 'cbs', 'games_count': 3, 'image_background': 'https://media.rawg.io/media/screenshots/38d/38dfce54058a500f6c0bed89b87faeba.jpg'}]",,"Tunnel Runner is a 3D maze game released by CBS Electronics in 1983 for the Atari 2600. It was programmed by Richard K. Balaska Jr.
Tunnel Runner is one of three games for the Atari 2600 featuring RAM Plus (the other two are Omega Race and Mountain King), where the cartridge itself contains an additional 256 bytes of RAM to supplement the console's 128 bytes.",,,5.0,2.0,1.0,1.0,,,,,,,,,,,,,0.0
56665,mushroom-alley,Mushroom Alley,Mushroom Alley,<p>Mushroom Alley is a Centipede clone developed by Victory Software and published by Mogul Communications for the VIC-20 and Commodore 64 1983. A ZX Spectrum port followed in 1984.</p>,,[],1983-01-01,False,2019-08-28T22:25:55,https://media.rawg.io/media/screenshots/b96/b96a4b34405f2d83a1f5f8a6f29cdf8c.jpg,https://media.rawg.io/media/screenshots/cca/ccabfcbb0e8818c759f716ec5423df00.jpg,,0.0,0,[],9,0,3,0,2,0,0,,,,,0,0,0,0,0,55,[],,0,0,0,,0,0f0f0f,0f0f0f,"[{'platform': {'id': 10, 'name': 'Commodore / Amiga', 'slug': 'commodore-amiga'}}]","[{'platform': {'id': 166, 'name': 'Commodore / Amiga', 'slug': 'commodore-amiga', 'image': None, 'year_end': None, 'year_start': None, 'games_count': 2083, 'image_background': 'https://media.rawg.io/media/games/cce/cce8bebe861f295003f5a9fe5b11233f.jpg'}, 'released_at': '1983-01-01', 'requirements': {}}]",[],"[{'id': 27538, 'name': 'Victory Software', 'slug': 'victory-software', 'games_count': 1, 'image_background': 'https://media.rawg.io/media/screenshots/b96/b96a4b34405f2d83a1f5f8a6f29cdf8c.jpg'}]",[],"[{'id': 31, 'name': 'Singleplayer', 'slug': 'singleplayer', 'language': 'eng', 'games_count': 238404, 'image_background': 'https://media.rawg.io/media/games/26d/26d4437715bee60138dab4a7c8c59c92.jpg'}]","[{'id': 20586, 'name': 'Mogul Communications', 'slug': 'mogul-communications', 'games_count': 1, 'image_background': 'https://media.rawg.io/media/screenshots/b96/b96a4b34405f2d83a1f5f8a6f29cdf8c.jpg'}]",,Mushroom Alley is a Centipede clone developed by Victory Software and published by Mogul Communications for the VIC-20 and Commodore 64 1983. A ZX Spectrum port followed in 1984.,,,4.0,2.0,2.0,1.0,,,,,,,,,,,,,0.0
56377,capture-the-flag-1983,Capture the Flag (1983),Capture the Flag (1983),"<p>Capture the Flag is a 3D first-person perspective, two player, video game, released for the Atari 8-bit family by Sirius Software in 1983. It was written by Paul Allen Edelstein as the follow-up to his 1983 game, Wayout, which featured similar maze-based gameplay for one player. Along with its predecessor, Capture the Flag was among the first 3D maze games to offer the player full 360 degree movement, and one of the earliest multiplayer games from a first-person perspective within a 3D rendered environment. A VIC-20 version was also released.</p>",,[],1983-01-01,False,2019-08-28T22:25:58,https://media.rawg.io/media/screenshots/756/7563ab2199daf05ffa83186e308f392b.jpg,https://media.rawg.io/media/screenshots/986/986850a5f753c4ee55da3f9d3d79489a.jpg,,0.0,0,[],9,0,8,0,1,0,0,,,,,0,0,0,0,0,61,[],,0,0,0,,0,0f0f0f,0f0f0f,"[{'platform': {'id': 9, 'name': 'Atari', 'slug': 'atari'}}, {'platform': {'id': 10, 'name': 'Commodore / Amiga', 'slug': 'commodore-amiga'}}]","[{'platform': {'id': 166, 'name': 'Commodore / Amiga', 'slug': 'commodore-amiga', 'image': None, 'year_end': None, 'year_start': None, 'games_count': 2083, 'image_background': 'https://media.rawg.io/media/games/cce/cce8bebe861f295003f5a9fe5b11233f.jpg'}, 'released_at': '1983-01-01', 'requirements': {}}, {'platform': {'id': 25, 'name': 'Atari 8-bit', 'slug': 'atari-8-bit', 'image': None, 'year_end': None, 'year_start': None, 'games_count': 308, 'image_background': 'https://media.rawg.io/media/screenshots/038/0385a47d3a43b218204268af5361a19e.jpg'}, 'released_at': '1983-01-01', 'requirements': {}}]",[],"[{'id': 25971, 'name': 'Sirius Software', 'slug': 'sirius-software', 'games_count': 7, 'image_background': 'https://media.rawg.io/media/screenshots/756/7563ab2199daf05ffa83186e308f392b.jpg'}]",[],"[{'id': 31, 'name': 'Singleplayer', 'slug': 'singleplayer', 'language': 'eng', 'games_count': 238404, 'image_background': 'https://media.rawg.io/media/games/26d/26d4437715bee60138dab4a7c8c59c92.jpg'}, {'id': 7, 'name': 'Multiplayer', 'slug': 'multiplayer', 'language': 'eng', 'games_count': 40505, 'image_background': 'https://media.rawg.io/media/games/021/021c4e21a1824d2526f925eff6324653.jpg'}]","[{'id': 20505, 'name': 'Sirius Software', 'slug': 'sirius-software', 'games_count': 4, 'image_background': 'https://media.rawg.io/media/screenshots/efe/efee62b4b18de9e2fd0c4845fd467362.jpg'}]",,"Capture the Flag is a 3D first-person perspective, two player, video game, released for the Atari 8-bit family by Sirius Software in 1983. It was written by Paul Allen Edelstein as the follow-up to his 1983 game, Wayout, which featured similar maze-based gameplay for one player. Along with its predecessor, Capture the Flag was among the first 3D maze games to offer the player full 360 degree movement, and one of the earliest multiplayer games from a first-person perspective within a 3D rendered environment. A VIC-20 version was also released.",,,6.0,2.0,,1.0,,,,,,,,,,,,,0.0
56579,jet-boot-jack,Jet-Boot Jack,Jet-Boot Jack,"<p>Jet-Boot Jack is a platform game first published for the Atari 8-bit family of home computers by English Software in 1983. It was later ported to a number of other platforms and spawned a sequel, Legend of the Knucker-Hole.</p>",,[],1983-01-01,False,2019-01-09T12:41:06,https://media.rawg.io/media/screenshots/f9c/f9ca9d236f117a834d21ebb7ff25bbd3.jpg,https://media.rawg.io/media/screenshots/f29/f296efd272460c45e9fde347a6e8871b.jpg,,0.0,0,[],9,0,10,0,5,0,0,,,,,0,0,0,0,0,247,[],,0,0,0,,0,0f0f0f,0f0f0f,"[{'platform': {'id': 9, 'name': 'Atari', 'slug': 'atari'}}, {'platform': {'id': 10, 'name': 'Commodore / Amiga', 'slug': 'commodore-amiga'}}]","[{'platform': {'id': 166, 'name': 'Commodore / Amiga', 'slug': 'commodore-amiga', 'image': None, 'year_end': None, 'year_start': None, 'games_count': 2083, 'image_background': 'https://media.rawg.io/media/games/cce/cce8bebe861f295003f5a9fe5b11233f.jpg'}, 'released_at': '1983-01-01', 'requirements': {}}, {'platform': {'id': 25, 'name': 'Atari 8-bit', 'slug': 'atari-8-bit', 'image': None, 'year_end': None, 'year_start': None, 'games_count': 308, 'image_background': 'https://media.rawg.io/media/screenshots/038/0385a47d3a43b218204268af5361a19e.jpg'}, 'released_at': '1983-01-01', 'requirements': {}}]",[],[],[],"[{'id': 1534, 'name': 'atari', 'slug': 'atari', 'language': 'eng', 'games_count': 1158, 'image_background': 'https://media.rawg.io/media/screenshots/d10/d10fdd0fc764ad4a5d70fffa6aee1175.jpg'}]","[{'id': 20488, 'name': 'Datamost', 'slug': 'datamost', 'games_count': 4, 'image_background': 'https://media.rawg.io/media/screenshots/006/006b69f10a85b7cd2bbb9a302d010ce8.jpg'}, {'id': 20512, 'name': 'English Software', 'slug': 'english-software', 'games_count': 2, 'image_background': 'https://media.rawg.io/media/screenshots/f9c/f9ca9d236f117a834d21ebb7ff25bbd3.jpg'}]",,"Jet-Boot Jack is a platform game first published for the Atari 8-bit family of home computers by English Software in 1983. It was later ported to a number of other platforms and spawned a sequel, Legend of the Knucker-Hole.",,,5.0,2.0,1.0,1.0,,,,,,,,,,,,,0.0
56883,waxworks-1983,Waxworks (1983),Waxworks (1983),"<p>Waxworks is a text adventure game by Brian Howarth and Cliff J. Ogden. It was originally published by Digital Fantasia in 1983 for the Commodore 64, Commodore Plus/4, ZX Spectrum and BBC Micro. It was the 11th game in the Mysterious Adventures series.</p>
<p>The story is about a waxworks in which the protagonist is trapped. Escaping involves finding statues of famous people (like Hillary and Tenzing).</p>
<p>Whilst some of the statues are exceptionally easy to identify, others are not so simple without acquiring the necessary clues earlier in the game. For example, identifying the British Prime Minister David Lloyd George is exceptionally problematic without first finding a clue to his whereabouts. It was also noted that, owing to limited graphics capacity, several of the statues bear a striking resemblance to actor David Niven.</p>",,[],1983-01-01,False,2019-08-28T22:25:52,https://media.rawg.io/media/screenshots/ae7/ae77b12e3e02fd2ce94bbf3ac8d51163.jpg,https://media.rawg.io/media/screenshots/26f/26fa942af20102a2ea95d7cc05ac51f6.jpg,,0.0,0,[],9,0,11,0,0,0,0,,,,,0,0,0,0,0,238,[],,0,0,0,,0,0f0f0f,0f0f0f,"[{'platform': {'id': 9, 'name': 'Atari', 'slug': 'atari'}}, {'platform': {'id': 10, 'name': 'Commodore / Amiga', 'slug': 'commodore-amiga'}}]","[{'platform': {'id': 166, 'name': 'Commodore / Amiga', 'slug': 'commodore-amiga', 'image': None, 'year_end': None, 'year_start': None, 'games_count': 2083, 'image_background': 'https://media.rawg.io/media/games/cce/cce8bebe861f295003f5a9fe5b11233f.jpg'}, 'released_at': '1983-01-01', 'requirements': {}}, {'platform': {'id': 25, 'name': 'Atari 8-bit', 'slug': 'atari-8-bit', 'image': None, 'year_end': None, 'year_start': None, 'games_count': 308, 'image_background': 'https://media.rawg.io/media/screenshots/038/0385a47d3a43b218204268af5361a19e.jpg'}, 'released_at': '1983-01-01', 'requirements': {}}]",[],"[{'id': 27552, 'name': 'Brian Howarth', 'slug': 'brian-howarth', 'games_count': 2, 'image_background': 'https://media.rawg.io/media/screenshots/ae7/ae77b12e3e02fd2ce94bbf3ac8d51163.jpg'}]",[],"[{'id': 31, 'name': 'Singleplayer', 'slug': 'singleplayer', 'language': 'eng', 'games_count': 238404, 'image_background': 'https://media.rawg.io/media/games/26d/26d4437715bee60138dab4a7c8c59c92.jpg'}]","[{'id': 20643, 'name': 'Molimerx', 'slug': 'molimerx', 'games_count': 1, 'image_background': 'https://media.rawg.io/media/screenshots/ae7/ae77b12e3e02fd2ce94bbf3ac8d51163.jpg'}]",,"Waxworks is a text adventure game by Brian Howarth and Cliff J. Ogden. It was originally published by Digital Fantasia in 1983 for the Commodore 64, Commodore Plus/4, ZX Spectrum and BBC Micro. It was the 11th game in the Mysterious Adventures series.
The story is about a waxworks in which the protagonist is trapped. Escaping involves finding statues of famous people (like Hillary and Tenzing).
Whilst some of the statues are exceptionally easy to identify, others are not so simple without acquiring the necessary clues earlier in the game. For example, identifying the British Prime Minister David Lloyd George is exceptionally problematic without first finding a clue to his whereabouts. It was also noted that, owing to limited graphics capacity, several of the statues bear a striking resemblance to actor David Niven.",,,5.0,2.0,1.0,1.0,,,,,,,,,,,,,0.0
56467,everest-ascent,Everest Ascent,Everest Ascent,<p>Everest Ascent is a text and graphics adventure game for the ZX Spectrum and Commodore 64 computers. It was published by Richard Shepherd Software in 1984. The goal of the game is to reach the top of Mount Everest in 20 days. The player has limited funds to keep his or her sherpas well fed and supplied in order to reach the summit.</p>,,[],1983-01-01,False,2019-08-28T22:25:58,https://media.rawg.io/media/screenshots/a9c/a9c1653b411358338784e42c6a46a762.jpg,https://media.rawg.io/media/screenshots/78c/78c08e21a1a12f077f0e43d42899eb7f.jpg,,0.0,0,[],9,0,7,0,0,0,0,,,,,0,0,0,0,0,108,[],,0,0,0,,0,0f0f0f,0f0f0f,"[{'platform': {'id': 10, 'name': 'Commodore / Amiga', 'slug': 'commodore-amiga'}}]","[{'platform': {'id': 166, 'name': 'Commodore / Amiga', 'slug': 'commodore-amiga', 'image': None, 'year_end': None, 'year_start': None, 'games_count': 2083, 'image_background': 'https://media.rawg.io/media/games/cce/cce8bebe861f295003f5a9fe5b11233f.jpg'}, 'released_at': '1983-01-01', 'requirements': {}}]",[],"[{'id': 27447, 'name': 'Richard Shepherd Software', 'slug': 'richard-shepherd-software', 'games_count': 1, 'image_background': 'https://media.rawg.io/media/screenshots/a9c/a9c1653b411358338784e42c6a46a762.jpg'}]","[{'id': 3, 'name': 'Adventure', 'slug': 'adventure', 'games_count': 146481, 'image_background': 'https://media.rawg.io/media/games/b6b/b6b20bfc4b34e312dbc8aac53c95a348.jpg'}, {'id': 10, 'name': 'Strategy', 'slug': 'strategy', 'games_count': 59661, 'image_background': 'https://media.rawg.io/media/games/08b/08b2eee52a9876a48b955e5149affe5b.jpg'}]","[{'id': 31, 'name': 'Singleplayer', 'slug': 'singleplayer', 'language': 'eng', 'games_count': 238404, 'image_background': 'https://media.rawg.io/media/games/26d/26d4437715bee60138dab4a7c8c59c92.jpg'}]","[{'id': 20533, 'name': 'Richard Shepherd Software', 'slug': 'richard-shepherd-software', 'games_count': 2, 'image_background': 'https://media.rawg.io/media/screenshots/4ac/4ac66abafca96e4b2958e85d5e0b55f5.jpg'}]",,Everest Ascent is a text and graphics adventure game for the ZX Spectrum and Commodore 64 computers. It was published by Richard Shepherd Software in 1984. The goal of the game is to reach the top of Mount Everest in 20 days. The player has limited funds to keep his or her sherpas well fed and supplied in order to reach the summit.,,,4.0,2.0,2.0,1.0,,,,,,,,,,,,,0.0
56825,super-bunny,Super Bunny,Super Bunny,"<p>Super Bunny is a 1983 computer game for the Apple II family of computers, written by Vic Leone and published by Datamost.</p>",,[],1983-01-01,False,2019-08-28T22:25:53,https://media.rawg.io/media/screenshots/006/006b69f10a85b7cd2bbb9a302d010ce8.jpg,https://media.rawg.io/media/screenshots/566/56699ed5bdcde769f7670713d023f24b.jpg,,0.0,0,[],9,0,9,0,1,0,0,,,,,0,0,0,0,0,330,[],,0,0,0,,0,0f0f0f,0f0f0f,"[{'platform': {'id': 5, 'name': 'Apple Macintosh', 'slug': 'mac'}}, {'platform': {'id': 9, 'name': 'Atari', 'slug': 'atari'}}, {'platform': {'id': 10, 'name': 'Commodore / Amiga', 'slug': 'commodore-amiga'}}]","[{'platform': {'id': 166, 'name': 'Commodore / Amiga', 'slug': 'commodore-amiga', 'image': None, 'year_end': None, 'year_start': None, 'games_count': 2083, 'image_background': 'https://media.rawg.io/media/games/cce/cce8bebe861f295003f5a9fe5b11233f.jpg'}, 'released_at': '1983-01-01', 'requirements': {}}, {'platform': {'id': 41, 'name': 'Apple II', 'slug': 'apple-ii', 'image': None, 'year_end': None, 'year_start': None, 'games_count': 424, 'image_background': 'https://media.rawg.io/media/screenshots/3d2/3d2bb57b39e2efa39d1c385585b2ea8b.jpg'}, 'released_at': '1983-01-01', 'requirements': {}}, {'platform': {'id': 25, 'name': 'Atari 8-bit', 'slug': 'atari-8-bit', 'image': None, 'year_end': None, 'year_start': None, 'games_count': 308, 'image_background': 'https://media.rawg.io/media/screenshots/038/0385a47d3a43b218204268af5361a19e.jpg'}, 'released_at': '1983-01-01', 'requirements': {}}]",[],"[{'id': 27610, 'name': 'Vic Leone', 'slug': 'vic-leone', 'games_count': 1, 'image_background': 'https://media.rawg.io/media/screenshots/006/006b69f10a85b7cd2bbb9a302d010ce8.jpg'}]",[],"[{'id': 31, 'name': 'Singleplayer', 'slug': 'singleplayer', 'language': 'eng', 'games_count': 238404, 'image_background': 'https://media.rawg.io/media/games/26d/26d4437715bee60138dab4a7c8c59c92.jpg'}]","[{'id': 20488, 'name': 'Datamost', 'slug': 'datamost', 'games_count': 4, 'image_background': 'https://media.rawg.io/media/screenshots/006/006b69f10a85b7cd2bbb9a302d010ce8.jpg'}]",,"Super Bunny is a 1983 computer game for the Apple II family of computers, written by Vic Leone and published by Datamost.",,,5.0,1.0,2.0,1.0,,,,,,,,,,,,,0.0
56664,murder-on-the-zinderneuf,Murder on the Zinderneuf,Murder on the Zinderneuf,"<p>Murder on the Zinderneuf is 1983 computer game designed by Jon Freeman and Paul Reiche III and one of the first six games published by Electronic Arts. It was developed for the Apple II, Commodore 64, Atari 8-bit family, and the PC as a booter.</p>
<p>The Apple II version was programmed by Alan Pavlish of Designer Software. All other versions were programmed by Robert Leyland. The Commodore 64 version states it was by Mission Accomplished, Inc., but also gives credit to Leyland for programming.</p>",,[],1983-01-01,False,2019-08-28T22:00:22,https://media.rawg.io/media/screenshots/bd5/bd548b242c6f732f1a7673b716aacca9.jpg,https://media.rawg.io/media/screenshots/b60/b6097c1acb0898d4ffdacc1d95c0e6e9.jpg,,0.0,0,[],9,0,8,0,4,0,0,,,,,0,0,0,0,0,170,[],,0,0,0,,0,0f0f0f,0f0f0f,"[{'platform': {'id': 5, 'name': 'Apple Macintosh', 'slug': 'mac'}}, {'platform': {'id': 9, 'name': 'Atari', 'slug': 'atari'}}, {'platform': {'id': 10, 'name': 'Commodore / Amiga', 'slug': 'commodore-amiga'}}]","[{'platform': {'id': 166, 'name': 'Commodore / Amiga', 'slug': 'commodore-amiga', 'image': None, 'year_end': None, 'year_start': None, 'games_count': 2083, 'image_background': 'https://media.rawg.io/media/games/cce/cce8bebe861f295003f5a9fe5b11233f.jpg'}, 'released_at': '1983-01-01', 'requirements': {}}, {'platform': {'id': 41, 'name': 'Apple II', 'slug': 'apple-ii', 'image': None, 'year_end': None, 'year_start': None, 'games_count': 424, 'image_background': 'https://media.rawg.io/media/screenshots/3d2/3d2bb57b39e2efa39d1c385585b2ea8b.jpg'}, 'released_at': '1983-01-01', 'requirements': {}}, {'platform': {'id': 25, 'name': 'Atari 8-bit', 'slug': 'atari-8-bit', 'image': None, 'year_end': None, 'year_start': None, 'games_count': 308, 'image_background': 'https://media.rawg.io/media/screenshots/038/0385a47d3a43b218204268af5361a19e.jpg'}, 'released_at': '1983-01-01', 'requirements': {}}]",[],"[{'id': 109, 'name': 'Electronic Arts', 'slug': 'electronic-arts', 'games_count': 318, 'image_background': 'https://media.rawg.io/media/games/979/979155841412068e7adf8c83dee94a4a.jpg'}, {'id': 14814, 'name': 'Free Fall Associates', 'slug': 'free-fall-associates', 'games_count': 5, 'image_background': 'https://media.rawg.io/media/screenshots/1a2/1a275a8547972d7b02845d0edb48c7dd.jpg'}]","[{'id': 3, 'name': 'Adventure', 'slug': 'adventure', 'games_count': 146481, 'image_background': 'https://media.rawg.io/media/games/b6b/b6b20bfc4b34e312dbc8aac53c95a348.jpg'}, {'id': 7, 'name': 'Puzzle', 'slug': 'puzzle', 'games_count': 97333, 'image_background': 'https://media.rawg.io/media/games/9f4/9f418898f5415668ca47b5f4ab1ecfeb.jpg'}]","[{'id': 31, 'name': 'Singleplayer', 'slug': 'singleplayer', 'language': 'eng', 'games_count': 238404, 'image_background': 'https://media.rawg.io/media/games/26d/26d4437715bee60138dab4a7c8c59c92.jpg'}]","[{'id': 354, 'name': 'Electronic Arts', 'slug': 'electronic-arts', 'games_count': 1332, 'image_background': 'https://media.rawg.io/media/games/45b/45b57ed59de4b84effd8f6bc4b7bf515.jpg'}, {'id': 20585, 'name': 'Free Fall Associates', 'slug': 'free-fall-associates', 'games_count': 1, 'image_background': 'https://media.rawg.io/media/screenshots/bd5/bd548b242c6f732f1a7673b716aacca9.jpg'}]",,"Murder on the Zinderneuf is 1983 computer game designed by Jon Freeman and Paul Reiche III and one of the first six games published by Electronic Arts. It was developed for the Apple II, Commodore 64, Atari 8-bit family, and the PC as a booter.
The Apple II version was programmed by Alan Pavlish of Designer Software. All other versions were programmed by Robert Leyland. The Commodore 64 version states it was by Mission Accomplished, Inc., but also gives credit to Leyland for programming.",,,5.0,1.0,2.0,1.0,,,,,,,,,,,,,0.0
56651,monster-munch,Monster Munch,Monster Munch,<p>Monster Munch is a clone of Pac-Man for the Commodore 64 programmed by Mark Trotter. It was published by Atlantis Software in 1983.</p>,,[],1983-01-01,False,2019-08-28T22:25:55,https://media.rawg.io/media/screenshots/247/2477ab7bf6cd551b08fab3f0883bace4.jpg,https://media.rawg.io/media/screenshots/c4a/c4a88daa9a0452e43770753a5782ad79.jpg,,0.0,0,[],9,0,3,0,1,0,0,,,,,0,0,0,0,0,85,[],,0,0,0,,0,0f0f0f,0f0f0f,"[{'platform': {'id': 10, 'name': 'Commodore / Amiga', 'slug': 'commodore-amiga'}}]","[{'platform': {'id': 166, 'name': 'Commodore / Amiga', 'slug': 'commodore-amiga', 'image': None, 'year_end': None, 'year_start': None, 'games_count': 2083, 'image_background': 'https://media.rawg.io/media/games/cce/cce8bebe861f295003f5a9fe5b11233f.jpg'}, 'released_at': '1983-01-01', 'requirements': {}}]",[],[],[],"[{'id': 31, 'name': 'Singleplayer', 'slug': 'singleplayer', 'language': 'eng', 'games_count': 238404, 'image_background': 'https://media.rawg.io/media/games/26d/26d4437715bee60138dab4a7c8c59c92.jpg'}]","[{'id': 20581, 'name': 'Atlantis Software', 'slug': 'atlantis-software', 'games_count': 3, 'image_background': 'https://media.rawg.io/media/screenshots/a17/a1741983051eec63f26c7c76c9a562ca.jpg'}]",,Monster Munch is a clone of Pac-Man for the Commodore 64 programmed by Mark Trotter. It was published by Atlantis Software in 1983.,,,5.0,1.0,2.0,1.0,,,,,,,,,,,,,0.0
56894,worms-5,Worms?,Worms?,"<p>Worms? is a computer game written by David Maynard and published by Electronic Arts in 1983 for the Atari 8-bit family and Commodore 64. It is one of the five initial titles from the company. More a software toy than a game, Worms? is an interactive version of Paterson's Worms. Maynard later worked on the 8-bit word processor from Electronic Arts, Cut &amp; Paste.</p>",,[],1983-01-01,False,2019-08-28T22:25:52,https://media.rawg.io/media/screenshots/2cf/2cfb7e79520d801df549e1a1f560dd5a.jpg,https://media.rawg.io/media/screenshots/3fb/3fbdaf44b1484d7e25f044099555c789.jpg,,0.0,0,[],9,0,6,0,1,0,0,,,,,0,0,0,0,0,64,[],,0,0,0,,0,0f0f0f,0f0f0f,"[{'platform': {'id': 10, 'name': 'Commodore / Amiga', 'slug': 'commodore-amiga'}}]","[{'platform': {'id': 166, 'name': 'Commodore / Amiga', 'slug': 'commodore-amiga', 'image': None, 'year_end': None, 'year_start': None, 'games_count': 2083, 'image_background': 'https://media.rawg.io/media/games/cce/cce8bebe861f295003f5a9fe5b11233f.jpg'}, 'released_at': '1983-01-01', 'requirements': {}}]",[],[],[],"[{'id': 31, 'name': 'Singleplayer', 'slug': 'singleplayer', 'language': 'eng', 'games_count': 238404, 'image_background': 'https://media.rawg.io/media/games/26d/26d4437715bee60138dab4a7c8c59c92.jpg'}]","[{'id': 354, 'name': 'Electronic Arts', 'slug': 'electronic-arts', 'games_count': 1332, 'image_background': 'https://media.rawg.io/media/games/45b/45b57ed59de4b84effd8f6bc4b7bf515.jpg'}, {'id': 19708, 'name': 'Ariolasoft', 'slug': 'ariolasoft', 'games_count': 19, 'image_background': 'https://media.rawg.io/media/screenshots/f4b/f4b8e0b7e42013d1051cca8ce9c55df9.jpg'}]",,"Worms? is a computer game written by David Maynard and published by Electronic Arts in 1983 for the Atari 8-bit family and Commodore 64. It is one of the five initial titles from the company. More a software toy than a game, Worms? is an interactive version of Paterson's Worms. Maynard later worked on the 8-bit word processor from Electronic Arts, Cut & Paste.",,,5.0,2.0,1.0,1.0,,,,,,,,,,,,,0.0
56706,pogo-joe,Pogo Joe,Pogo Joe,"<p>Pogo Joe is a computer game for the Commodore 64 and Atari 8-bit family, written by William F. Denman, Jr. and Oliver Steele. Michael Haire did the artwork, and Steven Baumrucker wrote the sound and music subroutines, designed and named the levels, and wrote the music. It was published by Screenplay in 1983. Pogo Joe is a Q*Bert clone with several extra features.</p>",,[],1983-01-01,False,2019-08-28T22:00:20,https://media.rawg.io/media/screenshots/d10/d10fe66ad059a1136e98fe5751734ade.jpg,https://media.rawg.io/media/screenshots/f7c/f7c422c22b4db874e61684bd7ca8e75b.jpg,,0.0,0,[],9,0,5,0,3,0,0,,,,,0,0,0,0,0,86,[],,0,0,0,,0,0f0f0f,0f0f0f,"[{'platform': {'id': 9, 'name': 'Atari', 'slug': 'atari'}}, {'platform': {'id': 10, 'name': 'Commodore / Amiga', 'slug': 'commodore-amiga'}}]","[{'platform': {'id': 166, 'name': 'Commodore / Amiga', 'slug': 'commodore-amiga', 'image': None, 'year_end': None, 'year_start': None, 'games_count': 2083, 'image_background': 'https://media.rawg.io/media/games/cce/cce8bebe861f295003f5a9fe5b11233f.jpg'}, 'released_at': '1983-01-01', 'requirements': {}}, {'platform': {'id': 25, 'name': 'Atari 8-bit', 'slug': 'atari-8-bit', 'image': None, 'year_end': None, 'year_start': None, 'games_count': 308, 'image_background': 'https://media.rawg.io/media/screenshots/038/0385a47d3a43b218204268af5361a19e.jpg'}, 'released_at': '1983-01-01', 'requirements': {}}]",[],[],[],"[{'id': 31, 'name': 'Singleplayer', 'slug': 'singleplayer', 'language': 'eng', 'games_count': 238404, 'image_background': 'https://media.rawg.io/media/games/26d/26d4437715bee60138dab4a7c8c59c92.jpg'}]","[{'id': 20560, 'name': 'Screenplay', 'slug': 'screenplay', 'games_count': 2, 'image_background': 'https://media.rawg.io/media/screenshots/3eb/3eb38a3c368bcbd71afe258d9f690273.jpg'}]",,"Pogo Joe is a computer game for the Commodore 64 and Atari 8-bit family, written by William F. Denman, Jr. and Oliver Steele. Michael Haire did the artwork, and Steven Baumrucker wrote the sound and music subroutines, designed and named the levels, and wrote the music. It was published by Screenplay in 1983. Pogo Joe is a Q*Bert clone with several extra features.",,,5.0,1.0,2.0,1.0,,,,,,,,,,,,,0.0
56705,potty-painter,Potty Painter,Potty Painter,"<p>Potty Painter is a computer game for the ZX Spectrum and released by Rabbit Software in 1983. The game had a Maze format to it with bonus games in between levels. The game's sequel, Potty Painter in the Jungle, was also released in 1983 for both the ZX Spectrum and Commodore 64.</p>",,[],1983-01-01,False,2019-08-28T22:25:55,,,,0.0,0,[],9,0,0,0,0,0,0,,,,,0,0,0,0,0,0,[],,0,0,0,,0,0f0f0f,0f0f0f,"[{'platform': {'id': 10, 'name': 'Commodore / Amiga', 'slug': 'commodore-amiga'}}]","[{'platform': {'id': 166, 'name': 'Commodore / Amiga', 'slug': 'commodore-amiga', 'image': None, 'year_end': None, 'year_start': None, 'games_count': 2083, 'image_background': 'https://media.rawg.io/media/games/cce/cce8bebe861f295003f5a9fe5b11233f.jpg'}, 'released_at': '1983-01-01', 'requirements': {}}]",[],"[{'id': 27556, 'name': 'J.F.Cain', 'slug': 'jfcain', 'games_count': 1, 'image_background': ''}]",[],"[{'id': 31, 'name': 'Singleplayer', 'slug': 'singleplayer', 'language': 'eng', 'games_count': 238404, 'image_background': 'https://media.rawg.io/media/games/26d/26d4437715bee60138dab4a7c8c59c92.jpg'}]","[{'id': 20596, 'name': 'Rabbit Software', 'slug': 'rabbit-software', 'games_count': 1, 'image_background': ''}]",,"Potty Painter is a computer game for the ZX Spectrum and released by Rabbit Software in 1983. The game had a Maze format to it with bonus games in between levels. The game's sequel, Potty Painter in the Jungle, was also released in 1983 for both the ZX Spectrum and Commodore 64.",,,4.0,2.0,2.0,1.0,,,,,,,,,,,,,0.0
54086,tag-team-wrestling,Tag Team Wrestling,Tag Team Wrestling,"<p>Tag Team Wrestling, known in Japan as The Big Pro Wrestling! (ザ・ビッグプロレスリング), is a 1983 arcade video game published by Data East and developed by Technōs Japan.</p>",,[],1983-01-01,False,2019-08-28T22:26:19,https://media.rawg.io/media/screenshots/471/4718ee3ee8f6fbe5738ea7f4fc547e12.jpg,https://media.rawg.io/media/screenshots/73d/73d911f5b2a8c75a3139ba261414e34e.jpg,,0.0,0,[],9,0,10,0,0,0,0,,,,,0,0,0,0,0,259,[],,0,0,0,,0,0f0f0f,0f0f0f,"[{'platform': {'id': 5, 'name': 'Apple Macintosh', 'slug': 'mac'}}, {'platform': {'id': 7, 'name': 'Nintendo', 'slug': 'nintendo'}}, {'platform': {'id': 10, 'name': 'Commodore / Amiga', 'slug': 'commodore-amiga'}}]","[{'platform': {'id': 166, 'name': 'Commodore / Amiga', 'slug': 'commodore-amiga', 'image': None, 'year_end': None, 'year_start': None, 'games_count': 2083, 'image_background': 'https://media.rawg.io/media/games/cce/cce8bebe861f295003f5a9fe5b11233f.jpg'}, 'released_at': '1983-01-01', 'requirements': {}}, {'platform': {'id': 41, 'name': 'Apple II', 'slug': 'apple-ii', 'image': None, 'year_end': None, 'year_start': None, 'games_count': 424, 'image_background': 'https://media.rawg.io/media/screenshots/3d2/3d2bb57b39e2efa39d1c385585b2ea8b.jpg'}, 'released_at': '1983-01-01', 'requirements': {}}, {'platform': {'id': 49, 'name': 'NES', 'slug': 'nes', 'image': None, 'year_end': None, 'year_start': None, 'games_count': 1015, 'image_background': 'https://media.rawg.io/media/games/7c5/7c50dd0415eb0a57505c58d4e50e4d24.jpg'}, 'released_at': '1983-01-01', 'requirements': {}}]",[],"[{'id': 25975, 'name': 'Technōs Japan', 'slug': 'technos-japan-2', 'games_count': 17, 'image_background': 'https://media.rawg.io/media/screenshots/e2a/e2af1fcbd58c3a1ce69f6b4907fab687.jpg'}, {'id': 15837, 'name': 'Data East', 'slug': 'data-east', 'games_count': 71, 'image_background': 'https://media.rawg.io/media/games/3b9/3b98e6b2552b49a95f9505351ff4fba7.jpg'}, {'id': 25967, 'name': 'Sakata SAS', 'slug': 'sakata-sas', 'games_count': 6, 'image_background': 'https://media.rawg.io/media/screenshots/471/4718ee3ee8f6fbe5738ea7f4fc547e12.jpg'}]","[{'id': 15, 'name': 'Sports', 'slug': 'sports', 'games_count': 22123, 'image_background': 'https://media.rawg.io/media/games/5eb/5eb49eb2fa0738fdb5bacea557b1bc57.jpg'}, {'id': 6, 'name': 'Fighting', 'slug': 'fighting', 'games_count': 11763, 'image_background': 'https://media.rawg.io/media/games/35b/35b47c4d85cd6e08f3e2ca43ea5ce7bb.jpg'}]","[{'id': 31, 'name': 'Singleplayer', 'slug': 'singleplayer', 'language': 'eng', 'games_count': 238404, 'image_background': 'https://media.rawg.io/media/games/26d/26d4437715bee60138dab4a7c8c59c92.jpg'}, {'id': 7, 'name': 'Multiplayer', 'slug': 'multiplayer', 'language': 'eng', 'games_count': 40505, 'image_background': 'https://media.rawg.io/media/games/021/021c4e21a1824d2526f925eff6324653.jpg'}]","[{'id': 12214, 'name': 'Data East', 'slug': 'data-east', 'games_count': 64, 'image_background': 'https://media.rawg.io/media/screenshots/765/765f5b0640d1049558d0a8cc769ba227.jpg'}, {'id': 19928, 'name': 'Namcot', 'slug': 'namcot', 'games_count': 5, 'image_background': 'https://media.rawg.io/media/screenshots/471/4718ee3ee8f6fbe5738ea7f4fc547e12.jpg'}]",,"Tag Team Wrestling, known in Japan as The Big Pro Wrestling! (ザ・ビッグプロレスリング), is a 1983 arcade video game published by Data East and developed by Technōs Japan.",,,5.0,2.0,1.0,1.0,,,,,,,,,,,,,0.0
58045,mutant-herd,Mutant Herd,Mutant Herd,<p>Mutant Herd is a 1983 action game for the VIC-20 developed by and published by Thorn EMI.</p>,,[],1983-01-01,False,2019-01-09T12:41:06,,,,0.0,0,[],9,0,0,0,2,0,0,,,,,0,0,0,0,0,0,[],,0,0,0,,0,0f0f0f,0f0f0f,"[{'platform': {'id': 10, 'name': 'Commodore / Amiga', 'slug': 'commodore-amiga'}}]","[{'platform': {'id': 166, 'name': 'Commodore / Amiga', 'slug': 'commodore-amiga', 'image': None, 'year_end': None, 'year_start': None, 'games_count': 2083, 'image_background': 'https://media.rawg.io/media/games/cce/cce8bebe861f295003f5a9fe5b11233f.jpg'}, 'released_at': '1983-01-01', 'requirements': {}}]",[],"[{'id': 27875, 'name': 'Thorn EMI', 'slug': 'thorn-emi', 'games_count': 1, 'image_background': ''}]","[{'id': 4, 'name': 'Action', 'slug': 'action', 'games_count': 186608, 'image_background': 'https://media.rawg.io/media/games/618/618c2031a07bbff6b4f611f10b6bcdbc.jpg'}]","[{'id': 7, 'name': 'Multiplayer', 'slug': 'multiplayer', 'language': 'eng', 'games_count': 40505, 'image_background': 'https://media.rawg.io/media/games/021/021c4e21a1824d2526f925eff6324653.jpg'}]","[{'id': 20850, 'name': 'Thorn EMI', 'slug': 'thorn-emi', 'games_count': 1, 'image_background': ''}]",,Mutant Herd is a 1983 action game for the VIC-20 developed by and published by Thorn EMI.,,,4.0,2.0,2.0,1.0,,,,,,,,,,,,,0.0
56352,the-birds-and-the-bees-ii-antics,The Birds and the Bees II: Antics,The Birds and the Bees II: Antics,"<p>The Birds and the Bees II: Antics is a computer game released for the Commodore 64 and ZX Spectrum.</p>
<p>Boris the Bee was kidnapped by a group of anti-social ants and his cousin Barnabee must rescue him. The player must travel through an underground ant complex; which has four different entrances into the above-ground world. Ants must be avoided; as they force the player to lose strength. Pollen must be accessed through flowers in order to gain lost strength.</p>
<p>The general arrangement of the game is a maze; flowers will remove barriers elsewhere in the complex. The individual screens are also self-contained mazes. Each screen may have more than one exit.</p>",,[],1983-01-01,False,2019-08-28T22:25:59,https://media.rawg.io/media/screenshots/b76/b76d488763f2e400368ba50c4013b6ca.jpg,https://media.rawg.io/media/screenshots/088/088926b6784595e6b0d2db095a887cad.jpg,,0.0,0,[],9,0,8,0,0,0,0,,,,,0,0,0,0,0,115,[],,0,0,0,,0,0f0f0f,0f0f0f,"[{'platform': {'id': 10, 'name': 'Commodore / Amiga', 'slug': 'commodore-amiga'}}]","[{'platform': {'id': 166, 'name': 'Commodore / Amiga', 'slug': 'commodore-amiga', 'image': None, 'year_end': None, 'year_start': None, 'games_count': 2083, 'image_background': 'https://media.rawg.io/media/games/cce/cce8bebe861f295003f5a9fe5b11233f.jpg'}, 'released_at': '1983-01-01', 'requirements': {}}]",[],"[{'id': 27396, 'name': 'Adrian Sherwin', 'slug': 'adrian-sherwin', 'games_count': 1, 'image_background': 'https://media.rawg.io/media/screenshots/b76/b76d488763f2e400368ba50c4013b6ca.jpg'}, {'id': 27397, 'name': 'Tim Lewis', 'slug': 'tim-lewis', 'games_count': 1, 'image_background': 'https://media.rawg.io/media/screenshots/b76/b76d488763f2e400368ba50c4013b6ca.jpg'}, {'id': 27398, 'name': 'Andrew Peckham', 'slug': 'andrew-peckham', 'games_count': 1, 'image_background': 'https://media.rawg.io/media/screenshots/b76/b76d488763f2e400368ba50c4013b6ca.jpg'}]","[{'id': 4, 'name': 'Action', 'slug': 'action', 'games_count': 186608, 'image_background': 'https://media.rawg.io/media/games/618/618c2031a07bbff6b4f611f10b6bcdbc.jpg'}]","[{'id': 31, 'name': 'Singleplayer', 'slug': 'singleplayer', 'language': 'eng', 'games_count': 238404, 'image_background': 'https://media.rawg.io/media/games/26d/26d4437715bee60138dab4a7c8c59c92.jpg'}]","[{'id': 19774, 'name': 'Bug-Byte', 'slug': 'bug-byte', 'games_count': 7, 'image_background': 'https://media.rawg.io/media/screenshots/a66/a667bbfeb01e23bedc1e6a0eb9774770.jpg'}]",,"The Birds and the Bees II: Antics is a computer game released for the Commodore 64 and ZX Spectrum.
Boris the Bee was kidnapped by a group of anti-social ants and his cousin Barnabee must rescue him. The player must travel through an underground ant complex; which has four different entrances into the above-ground world. Ants must be avoided; as they force the player to lose strength. Pollen must be accessed through flowers in order to gain lost strength.
The general arrangement of the game is a maze; flowers will remove barriers elsewhere in the complex. The individual screens are also self-contained mazes. Each screen may have more than one exit.",,,5.0,2.0,1.0,1.0,,,,,,,,,,,,,0.0
55594,quasar-1983,Quasar (1983),Quasar (1983),"<p>Quasar is a snake game for the Apple II computer, created by Jonathan Dubman and published by Aristotle Software in 1983.</p>",,[],1983-01-01,False,2019-08-28T22:26:03,https://media.rawg.io/media/screenshots/f8c/f8c9bcd016228214e8488141c1f2909e.jpg,https://media.rawg.io/media/screenshots/89c/89c5f2c85b493a104c3a633b6ff0c784.jpg,,0.0,0,[],8,0,4,0,1,0,0,,,,,0,0,0,0,0,50,[],,0,0,0,,0,0f0f0f,0f0f0f,"[{'platform': {'id': 10, 'name': 'Commodore / Amiga', 'slug': 'commodore-amiga'}}]","[{'platform': {'id': 166, 'name': 'Commodore / Amiga', 'slug': 'commodore-amiga', 'image': None, 'year_end': None, 'year_start': None, 'games_count': 2083, 'image_background': 'https://media.rawg.io/media/games/cce/cce8bebe861f295003f5a9fe5b11233f.jpg'}, 'released_at': '1983-01-01', 'requirements': {}}]",[],"[{'id': 27181, 'name': 'Jonathan Dubman', 'slug': 'jonathan-dubman', 'games_count': 1, 'image_background': 'https://media.rawg.io/media/screenshots/f8c/f8c9bcd016228214e8488141c1f2909e.jpg'}]","[{'id': 10, 'name': 'Strategy', 'slug': 'strategy', 'games_count': 59661, 'image_background': 'https://media.rawg.io/media/games/08b/08b2eee52a9876a48b955e5149affe5b.jpg'}]","[{'id': 31, 'name': 'Singleplayer', 'slug': 'singleplayer', 'language': 'eng', 'games_count': 238404, 'image_background': 'https://media.rawg.io/media/games/26d/26d4437715bee60138dab4a7c8c59c92.jpg'}]","[{'id': 20366, 'name': 'Aristotle Software', 'slug': 'aristotle-software', 'games_count': 1, 'image_background': 'https://media.rawg.io/media/screenshots/f8c/f8c9bcd016228214e8488141c1f2909e.jpg'}]",,"Quasar is a snake game for the Apple II computer, created by Jonathan Dubman and published by Aristotle Software in 1983.",,,4.0,2.0,1.0,1.0,,,,,,,,,,,,,0.0
359002,mig-alley-ace,MiG Alley Ace,MiG Alley Ace,"<p>MiG Alley Ace is an action-based simulation of air combat during the Korean War. The titular MiG Alley was the area over North Korea near the Chinese border where the world&#39;s first large-scale jet-to-jet air battles took place, with, among others, the American F-86 Sabre facing off against the Soviet MiG-15 Fagot.</p>",,[],1983-01-01,False,2019-08-02T15:38:47,,,,0.0,0,[],8,0,0,0,1,0,0,,,,,0,0,0,0,0,0,[],,0,0,0,,0,0f0f0f,0f0f0f,"[{'platform': {'id': 9, 'name': 'Atari', 'slug': 'atari'}}, {'platform': {'id': 10, 'name': 'Commodore / Amiga', 'slug': 'commodore-amiga'}}]","[{'platform': {'id': 166, 'name': 'Commodore / Amiga', 'slug': 'commodore-amiga', 'image': None, 'year_end': None, 'year_start': None, 'games_count': 2083, 'image_background': 'https://media.rawg.io/media/games/cce/cce8bebe861f295003f5a9fe5b11233f.jpg'}, 'released_at': '1983-01-01', 'requirements': {}}, {'platform': {'id': 28, 'name': 'Atari 7800', 'slug': 'atari-7800', 'image': None, 'year_end': None, 'year_start': None, 'games_count': 64, 'image_background': 'https://media.rawg.io/media/screenshots/565/56504b28b184dbc630a7de118e39d822.jpg'}, 'released_at': '1983-01-01', 'requirements': {}}]",[],"[{'id': 14511, 'name': 'MicroProse Software', 'slug': 'microprose-software', 'games_count': 122, 'image_background': 'https://media.rawg.io/media/screenshots/5e9/5e92af32e3cf118d0aa6a64acfd89ada.jpg'}]","[{'id': 14, 'name': 'Simulation', 'slug': 'simulation', 'games_count': 73491, 'image_background': 'https://media.rawg.io/media/games/48c/48cb04ca483be865e3a83119c94e6097.jpg'}]","[{'id': 70, 'name': 'War', 'slug': 'war', 'language': 'eng', 'games_count': 9755, 'image_background': 'https://media.rawg.io/media/games/736/73619bd336c894d6941d926bfd563946.jpg'}, {'id': 1465, 'name': 'combat', 'slug': 'combat', 'language': 'eng', 'games_count': 14418, 'image_background': 'https://media.rawg.io/media/games/f54/f54e9fb2f4aac37810ea1a69a3e4480a.jpg'}]",[],,"MiG Alley Ace is an action-based simulation of air combat during the Korean War. The titular MiG Alley was the area over North Korea near the Chinese border where the world's first large-scale jet-to-jet air battles took place, with, among others, the American F-86 Sabre facing off against the Soviet MiG-15 Fagot.",,,5.0,1.0,1.0,1.0,,,,,,,,,,,,,0.0
56767,shamus-case-ii,Shamus: Case II,Shamus: Case II,"<p>Shamus: Case II is a 1983 video game for the Atari 8-bit family written by William Mataga and published by Synapse Software. Mataga also wrote the original Shamus and the scrolling shooter Zeppelin. A port to the Commodore 64 by Joe Vierra was released in 1984.</p>
<p>Although ostensibly a sequel to Shamus, the gameplay is very different, combining aspects of platformers, maze games, and even Breakout.</p>
<p>Case II was as well received as the original, it did not inspire a Case III, and Synapse was soon insolvent.</p>",,[],1983-01-01,False,2019-08-28T22:25:54,https://media.rawg.io/media/screenshots/808/8081a1e7e8e5c0c9d2932bdb541bd2ec.jpg,https://media.rawg.io/media/screenshots/5c4/5c4534d817077ce1e9927f1db5192270.jpg,,0.0,0,[],8,0,8,0,2,0,0,,,,,0,0,0,0,0,165,[],,0,0,0,,0,0f0f0f,0f0f0f,"[{'platform': {'id': 9, 'name': 'Atari', 'slug': 'atari'}}, {'platform': {'id': 10, 'name': 'Commodore / Amiga', 'slug': 'commodore-amiga'}}]","[{'platform': {'id': 166, 'name': 'Commodore / Amiga', 'slug': 'commodore-amiga', 'image': None, 'year_end': None, 'year_start': None, 'games_count': 2083, 'image_background': 'https://media.rawg.io/media/games/cce/cce8bebe861f295003f5a9fe5b11233f.jpg'}, 'released_at': '1983-01-01', 'requirements': {}}, {'platform': {'id': 25, 'name': 'Atari 8-bit', 'slug': 'atari-8-bit', 'image': None, 'year_end': None, 'year_start': None, 'games_count': 308, 'image_background': 'https://media.rawg.io/media/screenshots/038/0385a47d3a43b218204268af5361a19e.jpg'}, 'released_at': '1983-01-01', 'requirements': {}}]",[],[],"[{'id': 4, 'name': 'Action', 'slug': 'action', 'games_count': 186608, 'image_background': 'https://media.rawg.io/media/games/618/618c2031a07bbff6b4f611f10b6bcdbc.jpg'}]","[{'id': 31, 'name': 'Singleplayer', 'slug': 'singleplayer', 'language': 'eng', 'games_count': 238404, 'image_background': 'https://media.rawg.io/media/games/26d/26d4437715bee60138dab4a7c8c59c92.jpg'}]","[{'id': 20192, 'name': 'Synapse Software', 'slug': 'synapse-software', 'games_count': 11, 'image_background': 'https://media.rawg.io/media/screenshots/7b5/7b5d23f65718fc508970819cccc7867c.jpg'}]",,"Shamus: Case II is a 1983 video game for the Atari 8-bit family written by William Mataga and published by Synapse Software. Mataga also wrote the original Shamus and the scrolling shooter Zeppelin. A port to the Commodore 64 by Joe Vierra was released in 1984.
Although ostensibly a sequel to Shamus, the gameplay is very different, combining aspects of platformers, maze games, and even Breakout.
Case II was as well received as the original, it did not inspire a Case III, and Synapse was soon insolvent.",,,4.0,2.0,1.0,1.0,,,,,,,,,,,,,0.0
56871,urban-upstart,Urban Upstart,Urban Upstart,<p>Urban Upstart is a 1983 text adventure video game. It was programmed by Pete Cooke and published by Richard Shepherd Software for the ZX Spectrum and Commodore 64.</p>,,[],1983-01-01,False,2019-08-28T22:00:15,https://media.rawg.io/media/screenshots/4ac/4ac66abafca96e4b2958e85d5e0b55f5.jpg,https://media.rawg.io/media/screenshots/e95/e95430c8cb80dc267e6120f8846d78d7.jpg,,0.0,0,[],8,0,8,0,0,0,0,,,,,0,0,0,0,0,81,[],,0,0,0,,0,0f0f0f,0f0f0f,"[{'platform': {'id': 10, 'name': 'Commodore / Amiga', 'slug': 'commodore-amiga'}}]","[{'platform': {'id': 166, 'name': 'Commodore / Amiga', 'slug': 'commodore-amiga', 'image': None, 'year_end': None, 'year_start': None, 'games_count': 2083, 'image_background': 'https://media.rawg.io/media/games/cce/cce8bebe861f295003f5a9fe5b11233f.jpg'}, 'released_at': '1983-01-01', 'requirements': {}}]",[],"[{'id': 27641, 'name': 'Pete Cooke', 'slug': 'pete-cooke', 'games_count': 1, 'image_background': 'https://media.rawg.io/media/screenshots/4ac/4ac66abafca96e4b2958e85d5e0b55f5.jpg'}]",[],"[{'id': 31, 'name': 'Singleplayer', 'slug': 'singleplayer', 'language': 'eng', 'games_count': 238404, 'image_background': 'https://media.rawg.io/media/games/26d/26d4437715bee60138dab4a7c8c59c92.jpg'}]","[{'id': 20533, 'name': 'Richard Shepherd Software', 'slug': 'richard-shepherd-software', 'games_count': 2, 'image_background': 'https://media.rawg.io/media/screenshots/4ac/4ac66abafca96e4b2958e85d5e0b55f5.jpg'}]",,Urban Upstart is a 1983 text adventure video game. It was programmed by Pete Cooke and published by Richard Shepherd Software for the ZX Spectrum and Commodore 64.,,,4.0,2.0,1.0,1.0,,,,,,,,,,,,,0.0
55533,lords-of-time,Lords of Time,Lords of Time,"<p>Lords of Time is an interactive fiction computer game designed by Sue Gazzard and released by Level 9 Computing in 1983. Originally purely a textual adventure for 8 bit microcomputers, the game was later released as part of the Time and Magik compilation where graphics were added for all floppy disk versions. Like all Level 9 adventures of its time it was written in the in-house A-code language which was platform-independent – this implementation of a virtual machine allowed for quick porting across platforms.</p>",,[],1983-01-01,False,2019-08-28T22:00:59,https://media.rawg.io/media/screenshots/c41/c419c7e0439697e0b8a895930896ce3d.jpg,https://media.rawg.io/media/screenshots/93c/93cd127b634045a422c532fde6c432f2.jpg,,0.0,0,[],8,0,8,0,1,0,0,,,,,0,0,0,0,0,106,[],,0,0,0,,0,0f0f0f,0f0f0f,"[{'platform': {'id': 9, 'name': 'Atari', 'slug': 'atari'}}, {'platform': {'id': 10, 'name': 'Commodore / Amiga', 'slug': 'commodore-amiga'}}]","[{'platform': {'id': 25, 'name': 'Atari 8-bit', 'slug': 'atari-8-bit', 'image': None, 'year_end': None, 'year_start': None, 'games_count': 308, 'image_background': 'https://media.rawg.io/media/screenshots/038/0385a47d3a43b218204268af5361a19e.jpg'}, 'released_at': '1983-01-01', 'requirements': {}}, {'platform': {'id': 166, 'name': 'Commodore / Amiga', 'slug': 'commodore-amiga', 'image': None, 'year_end': None, 'year_start': None, 'games_count': 2083, 'image_background': 'https://media.rawg.io/media/games/cce/cce8bebe861f295003f5a9fe5b11233f.jpg'}, 'released_at': '1983-01-01', 'requirements': {}}]",[],"[{'id': 26917, 'name': 'Level 9 Computing', 'slug': 'level-9-computing', 'games_count': 14, 'image_background': 'https://media.rawg.io/media/screenshots/e13/e138543a6b16ec409eb856656de24e67.jpg'}]","[{'id': 3, 'name': 'Adventure', 'slug': 'adventure', 'games_count': 146481, 'image_background': 'https://media.rawg.io/media/games/b6b/b6b20bfc4b34e312dbc8aac53c95a348.jpg'}]","[{'id': 31, 'name': 'Singleplayer', 'slug': 'singleplayer', 'language': 'eng', 'games_count': 238404, 'image_background': 'https://media.rawg.io/media/games/26d/26d4437715bee60138dab4a7c8c59c92.jpg'}]","[{'id': 20345, 'name': 'Level 9 Computing', 'slug': 'level-9-computing', 'games_count': 3, 'image_background': 'https://media.rawg.io/media/screenshots/ec8/ec826b6ff428fd493386a5f27dac89b8.jpg'}]",,"Lords of Time is an interactive fiction computer game designed by Sue Gazzard and released by Level 9 Computing in 1983. Originally purely a textual adventure for 8 bit microcomputers, the game was later released as part of the Time and Magik compilation where graphics were added for all floppy disk versions. Like all Level 9 adventures of its time it was written in the in-house A-code language which was platform-independent – this implementation of a virtual machine allowed for quick porting across platforms.",,,4.0,2.0,1.0,1.0,,,,,,,,,,,,,0.0
56780,snooker,Snooker,Snooker,<p>Snooker is a 1983 sports simulation video game published by Visions Software Factory.</p>,,[],1983-01-01,False,2019-08-28T22:00:18,https://media.rawg.io/media/screenshots/919/9197b99a8482caad3b9edaf03106a834.jpg,https://media.rawg.io/media/screenshots/a5d/a5ddca86ef6658b573d293cadb089525.jpg,,0.0,0,[],8,0,7,0,0,0,0,,,,,0,0,0,0,0,72,[],,0,0,0,,0,0f0f0f,0f0f0f,"[{'platform': {'id': 10, 'name': 'Commodore / Amiga', 'slug': 'commodore-amiga'}}]","[{'platform': {'id': 166, 'name': 'Commodore / Amiga', 'slug': 'commodore-amiga', 'image': None, 'year_end': None, 'year_start': None, 'games_count': 2083, 'image_background': 'https://media.rawg.io/media/games/cce/cce8bebe861f295003f5a9fe5b11233f.jpg'}, 'released_at': '1983-01-01', 'requirements': {}}]",[],"[{'id': 27593, 'name': 'Tim Bell', 'slug': 'tim-bell', 'games_count': 1, 'image_background': 'https://media.rawg.io/media/screenshots/919/9197b99a8482caad3b9edaf03106a834.jpg'}]","[{'id': 14, 'name': 'Simulation', 'slug': 'simulation', 'games_count': 73491, 'image_background': 'https://media.rawg.io/media/games/48c/48cb04ca483be865e3a83119c94e6097.jpg'}, {'id': 15, 'name': 'Sports', 'slug': 'sports', 'games_count': 22123, 'image_background': 'https://media.rawg.io/media/games/5eb/5eb49eb2fa0738fdb5bacea557b1bc57.jpg'}]","[{'id': 31, 'name': 'Singleplayer', 'slug': 'singleplayer', 'language': 'eng', 'games_count': 238404, 'image_background': 'https://media.rawg.io/media/games/26d/26d4437715bee60138dab4a7c8c59c92.jpg'}, {'id': 351, 'name': 'Two-player', 'slug': 'two-player', 'language': 'eng', 'games_count': 272, 'image_background': 'https://media.rawg.io/media/screenshots/1c1/1c1c7ba1dc364dc71e522acd045aa428.jpg'}, {'id': 379, 'name': 'One', 'slug': 'one', 'language': 'eng', 'games_count': 38, 'image_background': 'https://media.rawg.io/media/screenshots/814/814ea074d6b0b31d5f8cbc68c4b280fd.jpg'}]","[{'id': 20610, 'name': 'Visions Software Factory', 'slug': 'visions-software-factory', 'games_count': 1, 'image_background': 'https://media.rawg.io/media/screenshots/919/9197b99a8482caad3b9edaf03106a834.jpg'}]",,Snooker is a 1983 sports simulation video game published by Visions Software Factory.,,,4.0,1.0,2.0,1.0,,,,,,,,,,,,,0.0
318349,metagalactic-llamas-battle-at-the-edge-of-time,Metagalactic Llamas Battle at the Edge of Time,Metagalactic Llamas Battle at the Edge of Time,"<p>Metagalactic Llamas Battle at the Edge of Time is an action game developed by Jeff Minter. It was originally released in 1983. <br>You can play Metagalactic Llamas Battle at the Edge of Time on Commodore / Amiga. </p>

<p></p>",,[],1983-12-31,False,2019-05-10T13:26:21,https://media.rawg.io/media/screenshots/468/468ccf9c8197fbcdcc87b726556c08a1.jpg,https://media.rawg.io/media/screenshots/432/432f2ab4df024675038f608e198448f4.jpg,,0.0,0,[],8,0,3,0,0,0,0,,,,,0,0,0,0,0,23,[],,0,0,0,,0,0f0f0f,0f0f0f,"[{'platform': {'id': 10, 'name': 'Commodore / Amiga', 'slug': 'commodore-amiga'}}]","[{'platform': {'id': 166, 'name': 'Commodore / Amiga', 'slug': 'commodore-amiga', 'image': None, 'year_end': None, 'year_start': None, 'games_count': 2083, 'image_background': 'https://media.rawg.io/media/games/cce/cce8bebe861f295003f5a9fe5b11233f.jpg'}, 'released_at': '1983-12-31', 'requirements': {}}]",[],"[{'id': 26993, 'name': 'Jeff Minter', 'slug': 'jeff-minter', 'games_count': 6, 'image_background': 'https://media.rawg.io/media/screenshots/f37/f3740d0e6bd103a200f1979cae6a1519.jpg'}]","[{'id': 4, 'name': 'Action', 'slug': 'action', 'games_count': 186608, 'image_background': 'https://media.rawg.io/media/games/618/618c2031a07bbff6b4f611f10b6bcdbc.jpg'}]",[],[],,,,,4.0,2.0,1.0,1.0,,,,,,,,,,,,,0.0
56534,harrier-attack,Harrier Attack,Harrier Attack,"<p>Harrier Attack is a computer game for the Amstrad CPC, Commodore 64, Oric 1 and ZX Spectrum initially released in 1983 by Durell Software.</p>",,[],1983-01-01,False,2019-08-28T22:00:26,,,,0.0,0,[],8,0,0,0,0,0,0,,,,,0,0,0,0,0,0,[],,0,0,0,,0,0f0f0f,0f0f0f,"[{'platform': {'id': 10, 'name': 'Commodore / Amiga', 'slug': 'commodore-amiga'}}]","[{'platform': {'id': 166, 'name': 'Commodore / Amiga', 'slug': 'commodore-amiga', 'image': None, 'year_end': None, 'year_start': None, 'games_count': 2083, 'image_background': 'https://media.rawg.io/media/games/cce/cce8bebe861f295003f5a9fe5b11233f.jpg'}, 'released_at': '1983-01-01', 'requirements': {}}]",[],"[{'id': 15479, 'name': 'Durell Software', 'slug': 'durell-software', 'games_count': 3, 'image_background': 'https://media.rawg.io/media/screenshots/5ff/5ffb1e3d69a7c62ec9e54b872efb589e.jpg'}]",[],"[{'id': 31, 'name': 'Singleplayer', 'slug': 'singleplayer', 'language': 'eng', 'games_count': 238404, 'image_background': 'https://media.rawg.io/media/games/26d/26d4437715bee60138dab4a7c8c59c92.jpg'}]","[{'id': 12020, 'name': 'Durell Software', 'slug': 'durell-software', 'games_count': 6, 'image_background': 'https://media.rawg.io/media/screenshots/2ad/2addfda33dac77dd659fd3276a7aa8dd.jpg'}]",,"Harrier Attack is a computer game for the Amstrad CPC, Commodore 64, Oric 1 and ZX Spectrum initially released in 1983 by Durell Software.",,,4.0,1.0,2.0,1.0,,,,,,,,,,,,,0.0
56678,oils-well,Oil's Well,Oil's Well,"<p>Oil's Well is a computer game published by Sierra On-Line in 1983. The game was written for the Atari 8-bit family by Thomas J. Mitchell. Oil's Well is similar to the 1982 arcade game Anteater, re-themed to be about drilling for oil instead of a hungry insectivore. Ports were released in 1983 for the Apple II and Commodore 64, in 1984 for ColecoVision and as a PC booter, then in 1985 for MSX and the Sharp X1. A version with improved visuals and without Mitchell's involvement was released for MS-DOS in 1990.</p>",,[],1983-01-01,False,2019-08-28T22:00:21,https://media.rawg.io/media/screenshots/02c/02c377f61340eb9ae7e65dbbff13382d.jpg,https://media.rawg.io/media/screenshots/980/98083d5cf4b1785c53cac548c9386b01.jpg,,0.0,0,[],8,0,12,0,3,0,0,,,,,0,0,0,0,0,202,[],,0,0,0,,0,0f0f0f,0f0f0f,"[{'platform': {'id': 5, 'name': 'Apple Macintosh', 'slug': 'mac'}}, {'platform': {'id': 9, 'name': 'Atari', 'slug': 'atari'}}, {'platform': {'id': 10, 'name': 'Commodore / Amiga', 'slug': 'commodore-amiga'}}]","[{'platform': {'id': 166, 'name': 'Commodore / Amiga', 'slug': 'commodore-amiga', 'image': None, 'year_end': None, 'year_start': None, 'games_count': 2083, 'image_background': 'https://media.rawg.io/media/games/cce/cce8bebe861f295003f5a9fe5b11233f.jpg'}, 'released_at': '1983-01-01', 'requirements': {}}, {'platform': {'id': 41, 'name': 'Apple II', 'slug': 'apple-ii', 'image': None, 'year_end': None, 'year_start': None, 'games_count': 424, 'image_background': 'https://media.rawg.io/media/screenshots/3d2/3d2bb57b39e2efa39d1c385585b2ea8b.jpg'}, 'released_at': '1983-01-01', 'requirements': {}}, {'platform': {'id': 25, 'name': 'Atari 8-bit', 'slug': 'atari-8-bit', 'image': None, 'year_end': None, 'year_start': None, 'games_count': 308, 'image_background': 'https://media.rawg.io/media/screenshots/038/0385a47d3a43b218204268af5361a19e.jpg'}, 'released_at': '1983-01-01', 'requirements': {}}]",[],"[{'id': 1497, 'name': 'Sierra Entertainment', 'slug': 'sierra-entertainment', 'games_count': 46, 'image_background': 'https://media.rawg.io/media/screenshots/e5c/e5c9f61c648beb97143c5d70396240fe.jpg'}, {'id': 7564, 'name': 'Sierra On-Line', 'slug': 'sierra-on-line', 'games_count': 119, 'image_background': 'https://media.rawg.io/media/screenshots/3d7/3d7f9baa0db4d6fb67a5e17c29bda07f.jpg'}]",[],"[{'id': 31, 'name': 'Singleplayer', 'slug': 'singleplayer', 'language': 'eng', 'games_count': 238404, 'image_background': 'https://media.rawg.io/media/games/26d/26d4437715bee60138dab4a7c8c59c92.jpg'}]","[{'id': 11434, 'name': 'Sierra On-Line', 'slug': 'sierra-on-line', 'games_count': 256, 'image_background': 'https://media.rawg.io/media/games/bc8/bc84784c2630f46ed2e675d0b4a59d62.jpg'}]",,"Oil's Well is a computer game published by Sierra On-Line in 1983. The game was written for the Atari 8-bit family by Thomas J. Mitchell. Oil's Well is similar to the 1982 arcade game Anteater, re-themed to be about drilling for oil instead of a hungry insectivore. Ports were released in 1983 for the Apple II and Commodore 64, in 1984 for ColecoVision and as a PC booter, then in 1985 for MSX and the Sharp X1. A version with improved visuals and without Mitchell's involvement was released for MS-DOS in 1990.",,,5.0,1.0,1.0,1.0,,,,,,,,,,,,,0.0
56677,oil-barons,Oil Barons,Oil Barons,"<p>Oil Barons is both a strategy and simulation-type, turn-based game, published by Epyx in 1983. It was released for the Apple II, Commodore 64 and MS-DOS computers. It is considered to be one of the rarest of all Epyx games.</p>
<p>Oil Barons represents an unusual fusion between a computer game and a board game, in that it included a game board consisting of a 50 X 40 square grid, as well as numerous individual game tokens, used to denote the significance of various grid locations (which corresponded to various terrain-specific locations within the game). Oil Barons was thus much like a numerically complex board game, in which the computer kept track of the numerous variables. The game could be played in any one of several modes, and with from one to eight players. Unfortunately, the fact this game has been out-of-print since the mid-1980s, and thus very few people today have an Oil Barons game board and tokens (particularly in light of the fact that only a very small number of copies were sold when it was in publication), potentially limits the game's appeal in contemporary times.</p>
<p>On 26 December 2014, the Internet Archive published the game as a DOSBox game.</p>",,[],1983-01-01,False,2023-02-08T10:51:50,https://media.rawg.io/media/screenshots/8fa/8fad9b2e1b38d84693a229f8718e4948.jpg,https://media.rawg.io/media/screenshots/4c2/4c2fb16db2b4fbbe7fee8d862bfe1418.jpg,,0.0,0,[],8,0,9,0,1,0,0,,,,,0,0,0,0,0,127,[],,0,0,0,,0,0f0f0f,0f0f0f,"[{'platform': {'id': 1, 'name': 'PC', 'slug': 'pc'}}, {'platform': {'id': 5, 'name': 'Apple Macintosh', 'slug': 'mac'}}, {'platform': {'id': 10, 'name': 'Commodore / Amiga', 'slug': 'commodore-amiga'}}]","[{'platform': {'id': 166, 'name': 'Commodore / Amiga', 'slug': 'commodore-amiga', 'image': None, 'year_end': None, 'year_start': None, 'games_count': 2083, 'image_background': 'https://media.rawg.io/media/games/cce/cce8bebe861f295003f5a9fe5b11233f.jpg'}, 'released_at': '1983-01-01', 'requirements': {}}, {'platform': {'id': 41, 'name': 'Apple II', 'slug': 'apple-ii', 'image': None, 'year_end': None, 'year_start': None, 'games_count': 424, 'image_background': 'https://media.rawg.io/media/screenshots/3d2/3d2bb57b39e2efa39d1c385585b2ea8b.jpg'}, 'released_at': '1983-01-01', 'requirements': {}}, {'platform': {'id': 4, 'name': 'PC', 'slug': 'pc', 'image': None, 'year_end': None, 'year_start': None, 'games_count': 547196, 'image_background': 'https://media.rawg.io/media/games/6fc/6fcf4cd3b17c288821388e6085bb0fc9.jpg'}, 'released_at': '1983-01-01', 'requirements': {}}]",[],"[{'id': 15055, 'name': 'Epyx', 'slug': 'epyx', 'games_count': 47, 'image_background': 'https://media.rawg.io/media/screenshots/e33/e333909a54369eb4ec75e2e80b8da927.jpg'}]","[{'id': 10, 'name': 'Strategy', 'slug': 'strategy', 'games_count': 59661, 'image_background': 'https://media.rawg.io/media/games/08b/08b2eee52a9876a48b955e5149affe5b.jpg'}]","[{'id': 31, 'name': 'Singleplayer', 'slug': 'singleplayer', 'language': 'eng', 'games_count': 238404, 'image_background': 'https://media.rawg.io/media/games/26d/26d4437715bee60138dab4a7c8c59c92.jpg'}, {'id': 7, 'name': 'Multiplayer', 'slug': 'multiplayer', 'language': 'eng', 'games_count': 40505, 'image_background': 'https://media.rawg.io/media/games/021/021c4e21a1824d2526f925eff6324653.jpg'}]","[{'id': 11929, 'name': 'Epyx', 'slug': 'epyx', 'games_count': 44, 'image_background': 'https://media.rawg.io/media/screenshots/189/1890b76089fc24b04ca7ce2fc3299274.jpg'}]",,"Oil Barons is both a strategy and simulation-type, turn-based game, published by Epyx in 1983. It was released for the Apple II, Commodore 64 and MS-DOS computers. It is considered to be one of the rarest of all Epyx games.
Oil Barons represents an unusual fusion between a computer game and a board game, in that it included a game board consisting of a 50 X 40 square grid, as well as numerous individual game tokens, used to denote the significance of various grid locations (which corresponded to various terrain-specific locations within the game). Oil Barons was thus much like a numerically complex board game, in which the computer kept track of the numerous variables. The game could be played in any one of several modes, and with from one to eight players. Unfortunately, the fact this game has been out-of-print since the mid-1980s, and thus very few people today have an Oil Barons game board and tokens (particularly in light of the fact that only a very small number of copies were sold when it was in publication), potentially limits the game's appeal in contemporary times.
On 26 December 2014, the Internet Archive published the game as a DOSBox game.",,1.0,4.0,1.0,1.0,1.0,,,,,,,,,,,,,0.0
56586,kawasaki-synthesizer,Kawasaki Synthesizer,Kawasaki Synthesizer,"<p>The Kawasaki Synthesizer is a musical software tool for the Commodore 64 created in 1983 by Japanese jazz musician, Ryo Kawasaki. The first of four music programs created by Kawasaki, Kawasaki Synthesizer was followed by Kawasaki Rhythm Rocker in 1985, and then Kawasaki Magical Musiquill in 1985. Following this Kawasaki created Kawasaki MIDI Workstation his only software title intended for professional use instead of personal or educational use.</p>",,[],1983-01-01,False,2019-08-28T22:00:24,,,,0.0,0,[],8,0,0,0,2,0,0,,,,,0,0,0,0,0,0,[],,0,0,0,,0,0f0f0f,0f0f0f,"[{'platform': {'id': 10, 'name': 'Commodore / Amiga', 'slug': 'commodore-amiga'}}]","[{'platform': {'id': 166, 'name': 'Commodore / Amiga', 'slug': 'commodore-amiga', 'image': None, 'year_end': None, 'year_start': None, 'games_count': 2083, 'image_background': 'https://media.rawg.io/media/games/cce/cce8bebe861f295003f5a9fe5b11233f.jpg'}, 'released_at': '1983-01-01', 'requirements': {}}]",[],"[{'id': 27501, 'name': 'Ryō Kawasaki', 'slug': 'ryo-kawasaki', 'games_count': 1, 'image_background': ''}, {'id': 27502, 'name': 'Ryo Kawasaki', 'slug': 'ryo-kawasaki-2', 'games_count': 1, 'image_background': ''}]",[],"[{'id': 31, 'name': 'Singleplayer', 'slug': 'singleplayer', 'language': 'eng', 'games_count': 238404, 'image_background': 'https://media.rawg.io/media/games/26d/26d4437715bee60138dab4a7c8c59c92.jpg'}]","[{'id': 20564, 'name': 'date', 'slug': 'date', 'games_count': 2, 'image_background': ''}, {'id': 20563, 'name': 'January 2009', 'slug': 'january-2009', 'games_count': 1, 'image_background': ''}]",,"The Kawasaki Synthesizer is a musical software tool for the Commodore 64 created in 1983 by Japanese jazz musician, Ryo Kawasaki. The first of four music programs created by Kawasaki, Kawasaki Synthesizer was followed by Kawasaki Rhythm Rocker in 1985, and then Kawasaki Magical Musiquill in 1985. Following this Kawasaki created Kawasaki MIDI Workstation his only software title intended for professional use instead of personal or educational use.",,,3.0,2.0,2.0,1.0,,,,,,,,,,,,,0.0
56794,splat,Splat!,Splat!,"<p>Splat! is a maze computer game published for the ZX Spectrum in 1983 by Incentive Software of Reading, England and subsequently released for the Amstrad CPC, Commodore 64 and SAM Coupé.</p>",,[],1983-01-01,False,2019-08-28T22:00:18,https://media.rawg.io/media/screenshots/bc2/bc220922b1284abe16691b0881c174b5.jpg,https://media.rawg.io/media/screenshots/3e7/3e772d50a9b2b77ead87bead6c7cdc41.jpg,,0.0,0,[],8,0,9,0,0,0,0,,,,,0,0,0,0,0,125,[],,0,0,0,,0,0f0f0f,0f0f0f,"[{'platform': {'id': 10, 'name': 'Commodore / Amiga', 'slug': 'commodore-amiga'}}]","[{'platform': {'id': 166, 'name': 'Commodore / Amiga', 'slug': 'commodore-amiga', 'image': None, 'year_end': None, 'year_start': None, 'games_count': 2083, 'image_background': 'https://media.rawg.io/media/games/cce/cce8bebe861f295003f5a9fe5b11233f.jpg'}, 'released_at': '1983-01-01', 'requirements': {}}]",[],"[{'id': 27596, 'name': 'Ian Morgan', 'slug': 'ian-morgan', 'games_count': 1, 'image_background': 'https://media.rawg.io/media/screenshots/bc2/bc220922b1284abe16691b0881c174b5.jpg'}, {'id': 27597, 'name': 'Ian Andrew', 'slug': 'ian-andrew', 'games_count': 1, 'image_background': 'https://media.rawg.io/media/screenshots/bc2/bc220922b1284abe16691b0881c174b5.jpg'}]",[],"[{'id': 31, 'name': 'Singleplayer', 'slug': 'singleplayer', 'language': 'eng', 'games_count': 238404, 'image_background': 'https://media.rawg.io/media/games/26d/26d4437715bee60138dab4a7c8c59c92.jpg'}]","[{'id': 20198, 'name': 'Incentive Software', 'slug': 'incentive-software', 'games_count': 8, 'image_background': 'https://media.rawg.io/media/screenshots/885/885ef2a81df4623673ed14e906bf4eb7.jpg'}]",,"Splat! is a maze computer game published for the ZX Spectrum in 1983 by Incentive Software of Reading, England and subsequently released for the Amstrad CPC, Commodore 64 and SAM Coupé.",,,4.0,2.0,1.0,1.0,,,,,,,,,,,,,0.0
25865,mappy,MAPPY,MAPPY,"<p>Mappy (マッピー) is a Arcade/Platformer 2D video game published by Namco released on 1991 for the Game Gear.<br />
Play as Mappy the police mouse to collect items that were stolen by Goro and his gang.<br />
Collect all of the stolen goods in the mansion to advance to the next round. If you come into contact with an enemy or fall into a pit, you&#39;ll lose a life. Once you lose all of your lives, the game is over. Extra lives will be awarded upon reaching certain point intervals.</p>",,[],1983-01-17,False,2023-08-01T11:14:49,https://media.rawg.io/media/games/007/007cf08e7699756f9d86f2c2b40f0d20.jpg,https://media.rawg.io/media/screenshots/61a/61a0eea2ec36c9f8c9a0ab06fdbdff6d.jpg,,0.0,0,"[{'id': 5, 'title': 'exceptional', 'count': 1, 'percent': 100.0}]",7,0,6,0,2,0,0,,,,,0,0,0,0,1,149,['マッピー'],,0,1,2,,1,0f0f0f,0f0f0f,"[{'platform': {'id': 4, 'name': 'iOS', 'slug': 'ios'}}, {'platform': {'id': 8, 'name': 'Android', 'slug': 'android'}}, {'platform': {'id': 7, 'name': 'Nintendo', 'slug': 'nintendo'}}, {'platform': {'id': 11, 'name': 'SEGA', 'slug': 'sega'}}]","[{'platform': {'id': 21, 'name': 'Android', 'slug': 'android', 'image': None, 'year_end': None, 'year_start': None, 'games_count': 52427, 'image_background': 'https://media.rawg.io/media/games/198/1988a337305e008b41d7f536ce9b73f6.jpg'}, 'released_at': '1983-01-17', 'requirements': {}}, {'platform': {'id': 3, 'name': 'iOS', 'slug': 'ios', 'image': None, 'year_end': None, 'year_start': None, 'games_count': 77392, 'image_background': 'https://media.rawg.io/media/games/5fa/5fae5fec3c943179e09da67a4427d68f.jpg'}, 'released_at': '1983-01-17', 'requirements': {}}, {'platform': {'id': 77, 'name': 'Game Gear', 'slug': 'game-gear', 'image': None, 'year_end': None, 'year_start': None, 'games_count': 228, 'image_background': 'https://media.rawg.io/media/games/e48/e4852b9be5eb6859870288d91f74aab6.jpg'}, 'released_at': '1983-01-17', 'requirements': {}}, {'platform': {'id': 49, 'name': 'NES', 'slug': 'nes', 'image': None, 'year_end': None, 'year_start': None, 'games_count': 1015, 'image_background': 'https://media.rawg.io/media/games/7c5/7c50dd0415eb0a57505c58d4e50e4d24.jpg'}, 'released_at': '1983-01-17', 'requirements': {}}, {'platform': {'id': 24, 'name': 'Game Boy Advance', 'slug': 'game-boy-advance', 'image': None, 'year_end': None, 'year_start': None, 'games_count': 950, 'image_background': 'https://media.rawg.io/media/games/98c/98c87b286cd2a2ba942167df384a9bd3.jpg'}, 'released_at': '1983-01-17', 'requirements': {}}]",[],"[{'id': 10055, 'name': 'NAMCO', 'slug': 'namco', 'games_count': 127, 'image_background': 'https://media.rawg.io/media/games/2ff/2ff5b06428e4b016f3b79cf299bd6596.jpg'}]","[{'id': 4, 'name': 'Action', 'slug': 'action', 'games_count': 186608, 'image_background': 'https://media.rawg.io/media/games/618/618c2031a07bbff6b4f611f10b6bcdbc.jpg'}, {'id': 83, 'name': 'Platformer', 'slug': 'platformer', 'games_count': 100869, 'image_background': 'https://media.rawg.io/media/games/f8c/f8c6a262ead4c16b47e1219310210eb3.jpg'}]",[],"[{'id': 10901, 'name': 'Namco', 'slug': 'namco', 'games_count': 215, 'image_background': 'https://media.rawg.io/media/games/fc5/fc503876ca1ca34e160e88671af86e88.jpg'}]",,"Mappy (マッピー) is a Arcade/Platformer 2D video game published by Namco released on 1991 for the Game Gear.
Play as Mappy the police mouse to collect items that were stolen by Goro and his gang.
Collect all of the stolen goods in the mansion to advance to the next round. If you come into contact with an enemy or fall into a pit, you'll lose a life. Once you lose all of your lives, the game is over. Extra lives will be awarded upon reaching certain point intervals.",,,3.0,,,4.0,,1.0,Everyone,everyone,,,,,,,,,0.0
974498,lolita-syndrome,Lolita Syndrome,Lolita Syndrome,<p>Lolita Syndrome (ロリータ・シンドローム) is a Japanese adult computer game created by Katsumi Mochizuki and distributed by Enix. It was the winner of Enix&#39;s second bi-annual Game Hobby Program Contest. The game was released for the FM-7 and PC-8801 platforms on 31 October 1983.</p>,,[],1983-10-31,False,2024-01-04T16:08:52,https://media.rawg.io/media/screenshots/16e/16ee8da6263aa098b8a59eaabf777527.jpg,https://media.rawg.io/media/screenshots/e7f/e7f7f47f313190cf0d367ae5766250b9.jpg,,0.0,0,[],7,0,3,0,0,0,0,,,,,0,0,0,0,0,77,['ロリータ・シンドローム'],,0,0,0,,0,0f0f0f,0f0f0f,"[{'platform': {'id': 1, 'name': 'PC', 'slug': 'pc'}}]","[{'platform': {'id': 4, 'name': 'PC', 'slug': 'pc', 'image': None, 'year_end': None, 'year_start': None, 'games_count': 547194, 'image_background': 'https://media.rawg.io/media/games/4be/4be6a6ad0364751a96229c56bf69be59.jpg'}, 'released_at': '1983-10-31', 'requirements': {}}]",[],[],"[{'id': 40, 'name': 'Casual', 'slug': 'casual', 'games_count': 61303, 'image_background': 'https://media.rawg.io/media/games/e44/e445335e611b4ccf03af71fffcbd30a4.jpg'}]","[{'id': 44, 'name': 'Nudity', 'slug': 'nudity', 'language': 'eng', 'games_count': 7711, 'image_background': 'https://media.rawg.io/media/games/bee/bee483efadcf9d7e657e52184316a34e.jpg'}, {'id': 312, 'name': 'NSFW', 'slug': 'nsfw', 'language': 'eng', 'games_count': 4133, 'image_background': 'https://media.rawg.io/media/screenshots/2c3/2c3a799964d6cc311f022e0e0896a1e8.jpg'}, {'id': 1081, 'name': 'adult', 'slug': 'adult', 'language': 'eng', 'games_count': 1672, 'image_background': 'https://media.rawg.io/media/screenshots/370/3702b7056a560955ecd3c0679c8e8b65.jpg'}, {'id': 18188, 'name': 'controversial', 'slug': 'controversial', 'language': 'eng', 'games_count': 51, 'image_background': 'https://media.rawg.io/media/screenshots/ddf/ddf4f720f2718af7c8e911d2f125b651.jpg'}, {'id': 890, 'name': 'eroge', 'slug': 'eroge', 'language': 'eng', 'games_count': 517, 'image_background': 'https://media.rawg.io/media/screenshots/507/5072bcbd06b4aaf5fb137414408f7f95.jpg'}]","[{'id': 19552, 'name': 'Enix', 'slug': 'enix', 'games_count': 39, 'image_background': 'https://media.rawg.io/media/screenshots/40b/40b05f83bfb73679bec0cd064c529fd4.jpg'}]",,Lolita Syndrome (ロリータ・シンドローム) is a Japanese adult computer game created by Katsumi Mochizuki and distributed by Enix. It was the winner of Enix's second bi-annual Game Hobby Program Contest. The game was released for the FM-7 and PC-8801 platforms on 31 October 1983.,,,2.0,,4.0,,1.0,,,,,,,,,,,,0.0
56735,repton,Repton,Repton,"<p>Repton is a Defender-inspired game written by Dan Thompson and Andy Kaluzniacki for the Apple II and published by Sirius Software in 1983. The game was ported to the Atari 8-bit, and Commodore 64.</p>
<p>In 2011 Kaluzniacki rewrote Repton for the iPhone. The iPhone version features high-resolution visuals instead of pixel art.</p>",,[],1983-01-01,False,2019-08-28T22:00:19,https://media.rawg.io/media/screenshots/7b0/7b0a228eb69c323dfebf38f605997609.jpg,https://media.rawg.io/media/screenshots/ee5/ee504c3753f912777c25656e9bca9ceb.jpg,,0.0,0,[],7,0,7,0,2,0,0,,,,,0,0,0,0,0,126,[],,0,0,0,,0,0f0f0f,0f0f0f,"[{'platform': {'id': 5, 'name': 'Apple Macintosh', 'slug': 'mac'}}, {'platform': {'id': 9, 'name': 'Atari', 'slug': 'atari'}}, {'platform': {'id': 10, 'name': 'Commodore / Amiga', 'slug': 'commodore-amiga'}}]","[{'platform': {'id': 166, 'name': 'Commodore / Amiga', 'slug': 'commodore-amiga', 'image': None, 'year_end': None, 'year_start': None, 'games_count': 2083, 'image_background': 'https://media.rawg.io/media/games/cce/cce8bebe861f295003f5a9fe5b11233f.jpg'}, 'released_at': '1983-01-01', 'requirements': {}}, {'platform': {'id': 41, 'name': 'Apple II', 'slug': 'apple-ii', 'image': None, 'year_end': None, 'year_start': None, 'games_count': 424, 'image_background': 'https://media.rawg.io/media/screenshots/3d2/3d2bb57b39e2efa39d1c385585b2ea8b.jpg'}, 'released_at': '1983-01-01', 'requirements': {}}, {'platform': {'id': 25, 'name': 'Atari 8-bit', 'slug': 'atari-8-bit', 'image': None, 'year_end': None, 'year_start': None, 'games_count': 308, 'image_background': 'https://media.rawg.io/media/screenshots/038/0385a47d3a43b218204268af5361a19e.jpg'}, 'released_at': '1983-01-01', 'requirements': {}}]",[],"[{'id': 25971, 'name': 'Sirius Software', 'slug': 'sirius-software', 'games_count': 7, 'image_background': 'https://media.rawg.io/media/screenshots/756/7563ab2199daf05ffa83186e308f392b.jpg'}]",[],"[{'id': 31, 'name': 'Singleplayer', 'slug': 'singleplayer', 'language': 'eng', 'games_count': 238404, 'image_background': 'https://media.rawg.io/media/games/26d/26d4437715bee60138dab4a7c8c59c92.jpg'}]","[{'id': 20505, 'name': 'Sirius Software', 'slug': 'sirius-software', 'games_count': 4, 'image_background': 'https://media.rawg.io/media/screenshots/efe/efee62b4b18de9e2fd0c4845fd467362.jpg'}]",,"Repton is a Defender-inspired game written by Dan Thompson and Andy Kaluzniacki for the Apple II and published by Sirius Software in 1983. The game was ported to the Atari 8-bit, and Commodore 64.
In 2011 Kaluzniacki rewrote Repton for the iPhone. The iPhone version features high-resolution visuals instead of pixel art.",,,4.0,1.0,1.0,1.0,,,,,,,,,,,,,0.0
340782,the-dark-crystal,The Dark Crystal,The Dark Crystal,"<p>The Dark Crystal is set in Thra, a world with three suns. Every thousand years the three suns come together in an event known as &quot;The Great Conjunction&quot;.</p>",,[],1983-01-01,False,2019-07-12T13:35:25,,,,0.0,0,[],7,0,0,0,2,0,0,,,,,0,0,0,0,0,0,[],,0,0,0,,0,0f0f0f,0f0f0f,"[{'platform': {'id': 5, 'name': 'Apple Macintosh', 'slug': 'mac'}}, {'platform': {'id': 9, 'name': 'Atari', 'slug': 'atari'}}]","[{'platform': {'id': 41, 'name': 'Apple II', 'slug': 'apple-ii', 'image': None, 'year_end': None, 'year_start': None, 'games_count': 424, 'image_background': 'https://media.rawg.io/media/screenshots/3d2/3d2bb57b39e2efa39d1c385585b2ea8b.jpg'}, 'released_at': '1983-01-01', 'requirements': {}}, {'platform': {'id': 25, 'name': 'Atari 8-bit', 'slug': 'atari-8-bit', 'image': None, 'year_end': None, 'year_start': None, 'games_count': 308, 'image_background': 'https://media.rawg.io/media/screenshots/038/0385a47d3a43b218204268af5361a19e.jpg'}, 'released_at': '1983-01-01', 'requirements': {}}]",[],"[{'id': 14262, 'name': 'Sierra Online', 'slug': 'sierra-online', 'games_count': 1, 'image_background': ''}]","[{'id': 3, 'name': 'Adventure', 'slug': 'adventure', 'games_count': 146480, 'image_background': 'https://media.rawg.io/media/games/562/562553814dd54e001a541e4ee83a591c.jpg'}]","[{'id': 41, 'name': 'Dark', 'slug': 'dark', 'language': 'eng', 'games_count': 17353, 'image_background': 'https://media.rawg.io/media/games/4fb/4fb548e4816c84d1d70f1a228fb167cc.jpg'}]",[],,"The Dark Crystal is set in Thra, a world with three suns. Every thousand years the three suns come together in an event known as ""The Great Conjunction"".",,1.0,3.0,1.0,1.0,1.0,,,,,,,,,,,,,0.0
56760,the-secret-of-bastow-manor,The Secret of Bastow Manor,The Secret of Bastow Manor,"<p>The Secret of Bastow Manor is a 1983 graphical adventure game for the Commodore VIC-20 and Commodore 64 home computers. The Commodore 64 version is formally titled The Secret of Bastow Manor 64 as per the tradition at the time to distinguish C64 titles by addition of the 64 moniker.</p>
<p>The Secret of Bastow Manor is notable for being an early video game title on these platforms and for being a pioneer in 8-bit adventure games. The graphics were done using PETSCII characters and the programming code used was BASIC.</p>",,[],1983-01-01,False,2019-08-28T22:00:18,,,,0.0,0,[],7,0,0,0,0,0,0,,,,,0,0,0,0,0,0,[],,0,0,0,,0,0f0f0f,0f0f0f,"[{'platform': {'id': 10, 'name': 'Commodore / Amiga', 'slug': 'commodore-amiga'}}]","[{'platform': {'id': 166, 'name': 'Commodore / Amiga', 'slug': 'commodore-amiga', 'image': None, 'year_end': None, 'year_start': None, 'games_count': 2083, 'image_background': 'https://media.rawg.io/media/games/cce/cce8bebe861f295003f5a9fe5b11233f.jpg'}, 'released_at': '1983-01-01', 'requirements': {}}]",[],"[{'id': 27585, 'name': 'Daryll Reynolds', 'slug': 'daryll-reynolds', 'games_count': 1, 'image_background': ''}]","[{'id': 3, 'name': 'Adventure', 'slug': 'adventure', 'games_count': 146481, 'image_background': 'https://media.rawg.io/media/games/b6b/b6b20bfc4b34e312dbc8aac53c95a348.jpg'}]","[{'id': 31, 'name': 'Singleplayer', 'slug': 'singleplayer', 'language': 'eng', 'games_count': 238404, 'image_background': 'https://media.rawg.io/media/games/26d/26d4437715bee60138dab4a7c8c59c92.jpg'}]","[{'id': 20606, 'name': 'SoftGold', 'slug': 'softgold', 'games_count': 2, 'image_background': 'https://media.rawg.io/media/screenshots/a43/a4371cb5008abc07805f7c5015165360.jpg'}, {'id': 20605, 'name': 'Dotsoft', 'slug': 'dotsoft', 'games_count': 1, 'image_background': ''}]",,"The Secret of Bastow Manor is a 1983 graphical adventure game for the Commodore VIC-20 and Commodore 64 home computers. The Commodore 64 version is formally titled The Secret of Bastow Manor 64 as per the tradition at the time to distinguish C64 titles by addition of the 64 moniker.
The Secret of Bastow Manor is notable for being an early video game title on these platforms and for being a pioneer in 8-bit adventure games. The graphics were done using PETSCII characters and the programming code used was BASIC.",,,4.0,2.0,,1.0,,,,,,,,,,,,,0.0
750316,door-door,Door Door,Door Door,"<p>Door Door is a 1983 single-screen platform video game developed and published by Enix in Japan. Originally released for the NEC PC-8801, it was ported to a number of other platforms, including the Family Computer. Controlling a small character named Chun, the player is tasked with completing each stage by trapping different kinds of aliens behind sliding doors. Chun can jump over the aliens and climb ladders, and must also avoid obstacles such as large nails and bombs.</p>
<p>Door Door was designed by Koichi Nakamura, known as one of the creators of Dragon Quest. The game was the runner-up in the Enix-sponsored &quot;First Game and Hobby Program Contest&quot; in 1982, winning the Outstanding Program Award with a prize of 500,000 yen. Enix was given the rights to the game and ported it to several Japanese home computers. Chun, the name of the protagonist, was a nickname given to Nakamura by one of his friends.</p>",,[],1983-02-01,False,2022-08-18T15:39:03,https://media.rawg.io/media/screenshots/cb3/cb31933976dd8a71f60643d5f79e0048.jpg,https://media.rawg.io/media/screenshots/603/603ad0871d7abb2eaaea3f13be8894d1.jpg,,0.0,0,"[{'id': 3, 'title': 'meh', 'count': 1, 'percent': 100.0}]",6,0,4,0,1,0,0,,,,,0,0,0,0,1,47,[],,0,0,0,,1,0f0f0f,0f0f0f,"[{'platform': {'id': 7, 'name': 'Nintendo', 'slug': 'nintendo'}}]","[{'platform': {'id': 49, 'name': 'NES', 'slug': 'nes', 'image': None, 'year_end': None, 'year_start': None, 'games_count': 1015, 'image_background': 'https://media.rawg.io/media/games/7c5/7c50dd0415eb0a57505c58d4e50e4d24.jpg'}, 'released_at': '1983-02-01', 'requirements': {}}]",[],[],"[{'id': 11, 'name': 'Arcade', 'slug': 'arcade', 'games_count': 22658, 'image_background': 'https://media.rawg.io/media/games/556/556157feed9ee1f55f2b12b2973e30a3.jpg'}]","[{'id': 63223, 'name': 'pc-8801', 'slug': 'pc-8801', 'language': 'eng', 'games_count': 2, 'image_background': 'https://media.rawg.io/media/screenshots/cb0/cb0d0f950c015645160fdca06625e05e.jpg'}]",[],,"Door Door is a 1983 single-screen platform video game developed and published by Enix in Japan. Originally released for the NEC PC-8801, it was ported to a number of other platforms, including the Family Computer. Controlling a small character named Chun, the player is tasked with completing each stage by trapping different kinds of aliens behind sliding doors. Chun can jump over the aliens and climb ladders, and must also avoid obstacles such as large nails and bombs.

Door Door was designed by Koichi Nakamura, known as one of the creators of Dragon Quest. The game was the runner-up in the Enix-sponsored ""First Game and Hobby Program Contest"" in 1982, winning the Outstanding Program Award with a prize of 500,000 yen. Enix was given the rights to the game and ported it to several Japanese home computers. Chun, the name of the protagonist, was a nickname given to Nakamura by one of his friends.",,,4.0,,1.0,1.0,,,,,,,,,,,,,0.0
938018,halloween-1983,Halloween (1983),Halloween (1983),"<p>Protect the children and fight for your life &quot;the night HE came home!&quot;</p>
<p>Babysitting a group of children in a large two-story house, players assume the role of Laurie Strode as psychopath Michael Myers has escaped from the mental institution and has come back for revenge. Players must guide the children to safe rooms while avoiding Michael Myers and his knife.</p>
<p>The house is large and full of dangerous blackouts and dead-ends within its sixteen rooms. However, Laurie is not completely defenseless. There is a knife that can be found to protect herself once the familiar theme music begins to play and killer remains in pursuit.</p>
<p>Players will advance to the next level by either stabbing Michael Myers twice, or rescuing five of the children.</p>",,[],1983-01-01,False,2023-03-10T01:08:02,https://media.rawg.io/media/screenshots/6f5/6f5360fde8145f5481ede4c32ef9aa1d.jpg,https://media.rawg.io/media/screenshots/61f/61f8e556f519ea197a7f16225848a510.jpg,,0.0,0,[],5,0,5,0,0,0,0,,,,,0,0,0,0,0,62,['Halloween'],,0,0,0,,0,0f0f0f,0f0f0f,"[{'platform': {'id': 9, 'name': 'Atari', 'slug': 'atari'}}]","[{'platform': {'id': 23, 'name': 'Atari 2600', 'slug': 'atari-2600', 'image': None, 'year_end': None, 'year_start': None, 'games_count': 294, 'image_background': 'https://media.rawg.io/media/screenshots/ff6/ff623993a854663931c1e78d72a16a5a.jpg'}, 'released_at': '1983-01-01', 'requirements': {}}]",[],[],"[{'id': 4, 'name': 'Action', 'slug': 'action', 'games_count': 186608, 'image_background': 'https://media.rawg.io/media/games/618/618c2031a07bbff6b4f611f10b6bcdbc.jpg'}]",[],[],,"Protect the children and fight for your life ""the night HE came home!""

Babysitting a group of children in a large two-story house, players assume the role of Laurie Strode as psychopath Michael Myers has escaped from the mental institution and has come back for revenge. Players must guide the children to safe rooms while avoiding Michael Myers and his knife.

The house is large and full of dangerous blackouts and dead-ends within its sixteen rooms. However, Laurie is not completely defenseless. There is a knife that can be found to protect herself once the familiar theme music begins to play and killer remains in pursuit.

Players will advance to the next level by either stabbing Michael Myers twice, or rescuing five of the children.",,,3.0,,1.0,1.0,,,,,,,,,,,,,0.0
698998,expedition-amazon,Expedition Amazon,Expedition Amazon,"<p>Ever since Aunt Gertrude gave you that pith helmet for your birthday you have been trying to find a job that would require you to don khakis and your exotic chapeau. While hitchhiking through the Southwest, you stopped for lunch at the &#39;Dillo Diner in Nihil, Texas. The woman behind the counter noticed your helmet and mentioned that Professor Arrowhead &quot;over to the university&quot; was looking for &quot;some crazy to go to the jungle.&quot;</p>
<p>Intrigued, you headed over to Flint University, located in the Tarsand Trailer Park, to talk to this Arrowhead character. The professor turned out in be a rather persuasive fellow with a well-stocked bar, and before you know it you found yourself on a plane bound for Iquitos, Peru, armed with S6,000, a degree in Archeology printed on the back of a matchbox, and a mission.<br />
After scouring every dive in the Texas panhandle for recruits, you must lead an expedition to the Amazon jungles in search of the fabled Lost City of Ka. So what if before the third bottle of sherry with the professor you had never heard of Ka. It certainly sounded alluring when Arrowhead described it. And a vacation in the tropics certainly wasn&#39;t something to scoff at . . . .</p>
<p>Expedition Amazon is a fantasy role-playing game of exploration and adventure in which the player controls a four-person team in the peril-filled jungles of Peru. Dozens of high-resolution screens and nine levels of difficulty make the game challenging, enjoyable, and promise many, many hours of entertainment.</p>",,[],1983-01-02,False,2023-02-08T10:51:52,https://media.rawg.io/media/screenshots/ea3/ea30558872850f437425a9bad0a1b769.jpg,https://media.rawg.io/media/screenshots/5bb/5bb3379c2f8d9546fb9450b0565c713c.jpg,,0.0,0,[],5,0,5,0,3,0,0,,,,,0,0,0,0,0,224,"['Amazon Gakujutsu Tanken', 'アマゾン学術探検']",,0,0,0,,0,0f0f0f,0f0f0f,"[{'platform': {'id': 1, 'name': 'PC', 'slug': 'pc'}}, {'platform': {'id': 5, 'name': 'Apple Macintosh', 'slug': 'mac'}}, {'platform': {'id': 10, 'name': 'Commodore / Amiga', 'slug': 'commodore-amiga'}}]","[{'platform': {'id': 4, 'name': 'PC', 'slug': 'pc', 'image': None, 'year_end': None, 'year_start': None, 'games_count': 547194, 'image_background': 'https://media.rawg.io/media/games/4be/4be6a6ad0364751a96229c56bf69be59.jpg'}, 'released_at': '1983-01-02', 'requirements': {}}, {'platform': {'id': 41, 'name': 'Apple II', 'slug': 'apple-ii', 'image': None, 'year_end': None, 'year_start': None, 'games_count': 424, 'image_background': 'https://media.rawg.io/media/screenshots/3d2/3d2bb57b39e2efa39d1c385585b2ea8b.jpg'}, 'released_at': '1983-01-02', 'requirements': {}}, {'platform': {'id': 166, 'name': 'Commodore / Amiga', 'slug': 'commodore-amiga', 'image': None, 'year_end': None, 'year_start': None, 'games_count': 2083, 'image_background': 'https://media.rawg.io/media/games/cce/cce8bebe861f295003f5a9fe5b11233f.jpg'}, 'released_at': '1983-01-02', 'requirements': {}}]",[],"[{'id': 27076, 'name': 'Penguin Software', 'slug': 'penguin-software', 'games_count': 3, 'image_background': 'https://media.rawg.io/media/screenshots/aa3/aa3cabcaeeaa49955d69308fd6cfccfb.jpg'}]","[{'id': 3, 'name': 'Adventure', 'slug': 'adventure', 'games_count': 146479, 'image_background': 'https://media.rawg.io/media/games/cee/cee577e2097a59b77193fe2bce94667d.jpg'}, {'id': 5, 'name': 'RPG', 'slug': 'role-playing-games-rpg', 'games_count': 59369, 'image_background': 'https://media.rawg.io/media/games/995/9951d9d55323d08967640f7b9ab3e342.jpg'}]","[{'id': 6, 'name': 'Exploration', 'slug': 'exploration', 'language': 'eng', 'games_count': 26374, 'image_background': 'https://media.rawg.io/media/games/511/5118aff5091cb3efec399c808f8c598f.jpg'}, {'id': 1618, 'name': 'jungle', 'slug': 'jungle', 'language': 'eng', 'games_count': 1388, 'image_background': 'https://media.rawg.io/media/screenshots/45a/45af34fdb6e49b9438cd40163b4f5f5e.jpeg'}, {'id': 4027, 'name': 'travel', 'slug': 'travel', 'language': 'eng', 'games_count': 788, 'image_background': 'https://media.rawg.io/media/games/c79/c796e3d98693899f65be6874349ea245.jpg'}, {'id': 943, 'name': 'wildlife', 'slug': 'wildlife', 'language': 'eng', 'games_count': 22, 'image_background': 'https://media.rawg.io/media/screenshots/913/91356658df426b026d162d087ac0eeea.jpg'}, {'id': 7550, 'name': 'ruins', 'slug': 'ruins', 'language': 'eng', 'games_count': 36, 'image_background': 'https://media.rawg.io/media/screenshots/953/953f169d1cc7fca646e871e5a4d08545.jpg'}, {'id': 29756, 'name': 'hazards', 'slug': 'hazards', 'language': 'eng', 'games_count': 4, 'image_background': 'https://media.rawg.io/media/screenshots/765/7653487cf57a242364f6e308509efab6_ZO3TLvy.jpg'}, {'id': 1868, 'name': 'amazon', 'slug': 'amazon', 'language': 'eng', 'games_count': 18, 'image_background': 'https://media.rawg.io/media/screenshots/6ce/6ce4e9ea8322d2fb3a568d1d5d8df855.jpg'}, {'id': 73238, 'name': 'supplies', 'slug': 'supplies', 'language': 'eng', 'games_count': 2, 'image_background': 'https://media.rawg.io/media/screenshots/ea3/ea30558872850f437425a9bad0a1b769.jpg'}, {'id': 40393, 'name': 'mosquitos', 'slug': 'mosquitos', 'language': 'eng', 'games_count': 3, 'image_background': 'https://media.rawg.io/media/screenshots/be8/be851b2b8f3ce351f28896cf9d08a262.jpg'}, {'id': 39440, 'name': 'incan', 'slug': 'incan', 'language': 'eng', 'games_count': 1, 'image_background': ''}, {'id': 15227, 'name': 'expedition', 'slug': 'expedition', 'language': 'eng', 'games_count': 5, 'image_background': 'https://media.rawg.io/media/screenshots/5b9/5b91b14ba37e089d4e19940e2e592570.jpg'}, {'id': 34752, 'name': 'incan-empire', 'slug': 'incan-empire', 'language': 'eng', 'games_count': 2, 'image_background': 'https://media.rawg.io/media/screenshots/0ab/0abfa76a4d32493728782951404c98bf.jpg'}]","[{'id': 19940, 'name': 'StarCraft', 'slug': 'starcraft', 'games_count': 7, 'image_background': 'https://media.rawg.io/media/screenshots/ea3/ea30558872850f437425a9bad0a1b769.jpg'}, {'id': 20612, 'name': 'Penguin Software', 'slug': 'penguin-software', 'games_count': 4, 'image_background': 'https://media.rawg.io/media/screenshots/aa3/aa3cabcaeeaa49955d69308fd6cfccfb.jpg'}]",,"Ever since Aunt Gertrude gave you that pith helmet for your birthday you have been trying to find a job that would require you to don khakis and your exotic chapeau. While hitchhiking through the Southwest, you stopped for lunch at the 'Dillo Diner in Nihil, Texas. The woman behind the counter noticed your helmet and mentioned that Professor Arrowhead ""over to the university"" was looking for ""some crazy to go to the jungle.""

Intrigued, you headed over to Flint University, located in the Tarsand Trailer Park, to talk to this Arrowhead character. The professor turned out in be a rather persuasive fellow with a well-stocked bar, and before you know it you found yourself on a plane bound for Iquitos, Peru, armed with S6,000, a degree in Archeology printed on the back of a matchbox, and a mission.
After scouring every dive in the Texas panhandle for recruits, you must lead an expedition to the Amazon jungles in search of the fabled Lost City of Ka. So what if before the third bottle of sherry with the professor you had never heard of Ka. It certainly sounded alluring when Arrowhead described it. And a vacation in the tropics certainly wasn't something to scoff at . . . .


Expedition Amazon is a fantasy role-playing game of exploration and adventure in which the player controls a four-person team in the peril-filled jungles of Peru. Dozens of high-resolution screens and nine levels of difficulty make the game challenging, enjoyable, and promise many, many hours of entertainment.",,1.0,3.0,,,1.0,,,,,,,,,,,,,0.0
602228,donkey-kong-ii,Donkey Kong II,Donkey Kong II,"<p>Donkey Kong II is a Game &amp; Watch game released as a part of the Multi Screen series on March 7, 1983. It was later rereleased as part of Game &amp; Watch Gallery 3. It is an indirect sequel to the Donkey Kong Jr. Game &amp; Watch game and a direct follow-up to Donkey Kong. While Donkey Kong Jr. is based on the first level of the arcade game of the same name, Donkey Kong II appears to be based on the third and fourth levels. </p>
<p>The above text is from the Super Mario Wiki and is available under a Creative Commons license. Attribution must be provided through a list of authors or a link back to the original article. Source: https://www.mariowiki.com/Donkey_Kong_II</p>",,[],1983-03-07,False,2021-05-11T17:28:57,,,,0.0,0,"[{'id': 1, 'title': 'skip', 'count': 1, 'percent': 100.0}]",4,0,0,0,0,0,0,,,,,0,0,0,0,1,0,[],,0,0,0,,1,0f0f0f,0f0f0f,[],[],[],"[{'id': 16257, 'name': 'Nintendo', 'slug': 'nintendo', 'games_count': 426, 'image_background': 'https://media.rawg.io/media/games/d9c/d9c8b7edc78391619566adfeb52b5a9a.jpg'}]","[{'id': 83, 'name': 'Platformer', 'slug': 'platformer', 'games_count': 100868, 'image_background': 'https://media.rawg.io/media/games/4cb/4cb855e8ef1578415a928e53c9f51867.png'}]",[],"[{'id': 10681, 'name': 'Nintendo', 'slug': 'nintendo', 'games_count': 1235, 'image_background': 'https://media.rawg.io/media/games/dd1/dd167cf8753db3748a975d61cc926e54.jpg'}]",,"Donkey Kong II is a Game & Watch game released as a part of the Multi Screen series on March 7, 1983. It was later rereleased as part of Game & Watch Gallery 3. It is an indirect sequel to the Donkey Kong Jr. Game & Watch game and a direct follow-up to Donkey Kong. While Donkey Kong Jr. is based on the first level of the arcade game of the same name, Donkey Kong II appears to be based on the third and fourth levels. 

The above text is from the Super Mario Wiki and is available under a Creative Commons license. Attribution must be provided through a list of authors or a link back to the original article. Source: https://www.mariowiki.com/Donkey_Kong_II",,,2.0,1.0,,1.0,,,,,,,,,,,,,0.0
627511,mountains-of-ket,Mountains of Ket,Mountains of Ket,"<p>Your society is suffering from frequent attacks by forces from the east, lead by Vran Verusbel and princess Delphia. You have been charged with murder, and have only one option to escape death - travel east and kill Vran and Delphia. The only safe way to cross the mountains is to find a secret path leading to an underground passageway. You are not fully trusted, so an implant known as Edgar is fitted - it will know when you are not sticking to the task, and kill you if that happens.</p>",,[],1983-01-01,False,2021-06-26T17:44:25,,,,0.0,0,[],3,0,0,0,0,0,0,,,,,0,0,0,0,0,0,[],,0,0,0,,0,0f0f0f,0f0f0f,[],[],[],[],"[{'id': 3, 'name': 'Adventure', 'slug': 'adventure', 'games_count': 146479, 'image_background': 'https://media.rawg.io/media/games/cee/cee577e2097a59b77193fe2bce94667d.jpg'}]",[],"[{'id': 20198, 'name': 'Incentive Software', 'slug': 'incentive-software', 'games_count': 8, 'image_background': 'https://media.rawg.io/media/screenshots/885/885ef2a81df4623673ed14e906bf4eb7.jpg'}]",,"Your society is suffering from frequent attacks by forces from the east, lead by Vran Verusbel and princess Delphia. You have been charged with murder, and have only one option to escape death - travel east and kill Vran and Delphia. The only safe way to cross the mountains is to find a secret path leading to an underground passageway. You are not fully trusted, so an implant known as Edgar is fitted - it will know when you are not sticking to the task, and kill you if that happens.",,,2.0,,,1.0,,,,,,,,,,,,,0.0
750315,moritas-battlefield,Morita's Battlefield,Morita's Battlefield,"<p>Morita's Battlefield is a strategy game. It came out on 01-02-1983. </p>

<p></p>",,[],1983-02-01,False,2022-03-05T00:34:27,https://media.rawg.io/media/screenshots/08b/08bc24cc88525e43600a4bd8c7c3bead.jpg,https://media.rawg.io/media/screenshots/510/510ba981705650869891f1220367bfaa.jpg,,0.0,0,[],3,0,3,0,0,0,0,,,,,0,0,0,0,0,67,['Morita Battlefield '],,0,0,0,,0,0f0f0f,0f0f0f,[],[],[],[],"[{'id': 10, 'name': 'Strategy', 'slug': 'strategy', 'games_count': 59661, 'image_background': 'https://media.rawg.io/media/games/08b/08b2eee52a9876a48b955e5149affe5b.jpg'}]",[],[],,,,,1.0,,1.0,1.0,,,,,,,,,,,,,0.0
926671,amazonia-2,Amazônia,Amazônia,"<p>You were flying a plane, and due to an engine failure you had to make an emergency landing in the middle of the Amazon jungle. You survived, and now you must find a way to escape the numerous traps and surprises that a trip through the jungle reserves for these &quot;fortunate ones&quot;. Good luck, my friend...</p>
<p>Thus began the player&#39;s journey through Amazônia, the first Brazilian game, released in its initial version in August 1983. In these last three decades, the adventure set in the Amazon jungle continued to be improved and made available to players on different computers. Its importance to the history of electronic games in Brazil is inestimable, and its influence on the national industry cannot be measured.</p>",,[],1983-08-01,False,2023-02-16T15:00:22,https://media.rawg.io/media/screenshots/0ce/0cecff955e16b6b623dedeb2ced8a046.jpg,https://media.rawg.io/media/screenshots/242/242d9dd1b211695701eba0a68a97bc99.jpg,http://tilt.net/amz2023/index.htm,0.0,0,[],3,0,5,0,0,0,0,,,,,0,0,0,0,0,175,"['Amazonia', 'Aventuras na Selva']",,0,0,0,,0,0f0f0f,0f0f0f,"[{'platform': {'id': 1, 'name': 'PC', 'slug': 'pc'}}]","[{'platform': {'id': 4, 'name': 'PC', 'slug': 'pc', 'image': None, 'year_end': None, 'year_start': None, 'games_count': 547194, 'image_background': 'https://media.rawg.io/media/games/4be/4be6a6ad0364751a96229c56bf69be59.jpg'}, 'released_at': '1983-08-01', 'requirements': {}}]",[],[],"[{'id': 3, 'name': 'Adventure', 'slug': 'adventure', 'games_count': 146479, 'image_background': 'https://media.rawg.io/media/games/cee/cee577e2097a59b77193fe2bce94667d.jpg'}]","[{'id': 5054, 'name': 'freeware', 'slug': 'freeware', 'language': 'eng', 'games_count': 606, 'image_background': 'https://media.rawg.io/media/screenshots/a46/a46521daebc50a5db2e57d6aa40412de.jpg'}]",[],,"You were flying a plane, and due to an engine failure you had to make an emergency landing in the middle of the Amazon jungle. You survived, and now you must find a way to escape the numerous traps and surprises that a trip through the jungle reserves for these ""fortunate ones"". Good luck, my friend...

Thus began the player's journey through Amazônia, the first Brazilian game, released in its initial version in August 1983. In these last three decades, the adventure set in the Amazon jungle continued to be improved and made available to players on different computers. Its importance to the history of electronic games in Brazil is inestimable, and its influence on the national industry cannot be measured.",,,2.0,,1.0,,,,,,,,,,,,,,0.0
989336,mr-postman-1983,Mr. Postman (1983),Mr. Postman (1983),"<p>A SECRET, AN EMERGENCY OR SIMPLY, SIMPLY A LOVE MESSAGE THAT MR. POSTMAN CAREFULLY CARRIES AND WALKS IN SUCH A HURRY?<br />
IN THIS DARK STORMING NIGHT, IT IS THE MIGHTY OR THE NAUGHTY THAT IS THROWING DOWN ALL HIS SPEARS AND COMMAND LIGHTNING FROM THE SKY?<br />
A-HA, HOWEVER, IT IS STILL MOST FREE TO FLY. MAY YOU GIVE HIM A HAND, MR. POSTMAN IS REACHING THE SILEND LAND.<br />
A JUNGLE? A TUNNEL? BUT WHO CAN GUESS IT IS HEAVEN OR HELL BEHIND.</p>",,[],1983-07-01,False,2024-09-26T00:42:25,https://media.rawg.io/media/screenshots/020/0202093be36845f8f40908bbec21d4b2.jpg,https://media.rawg.io/media/screenshots/dc1/dc12d163dec029db072fc3a6efdaed12.jpg,,0.0,0,[],2,0,3,0,0,0,0,,,,,0,0,0,0,0,0,[],,0,0,0,,0,0f0f0f,0f0f0f,"[{'platform': {'id': 9, 'name': 'Atari', 'slug': 'atari'}}]","[{'platform': {'id': 23, 'name': 'Atari 2600', 'slug': 'atari-2600', 'image': None, 'year_end': None, 'year_start': None, 'games_count': 294, 'image_background': 'https://media.rawg.io/media/screenshots/ff6/ff623993a854663931c1e78d72a16a5a.jpg'}, 'released_at': '1983-07-01', 'requirements': {}}]",[],[],"[{'id': 83, 'name': 'Platformer', 'slug': 'platformer', 'games_count': 100868, 'image_background': 'https://media.rawg.io/media/games/4cb/4cb855e8ef1578415a928e53c9f51867.png'}]",[],[],,"A SECRET, AN EMERGENCY OR SIMPLY, SIMPLY A LOVE MESSAGE THAT MR. POSTMAN CAREFULLY CARRIES AND WALKS IN SUCH A HURRY?
IN THIS DARK STORMING NIGHT, IT IS THE MIGHTY OR THE NAUGHTY THAT IS THROWING DOWN ALL HIS SPEARS AND COMMAND LIGHTNING FROM THE SKY?
A-HA, HOWEVER, IT IS STILL MOST FREE TO FLY. MAY YOU GIVE HIM A HAND, MR. POSTMAN IS REACHING THE SILEND LAND.
A JUNGLE? A TUNNEL? BUT WHO CAN GUESS IT IS HEAVEN OR HELL BEHIND.",,,1.0,,,1.0,,,,,,,,,,,,,0.0
988979,gas-hog,Gas Hog,Gas Hog,<p>You drive your GasHog across the ever-changing landscape while trying to avoid obstacles such as enemy ships and giant holes by jumping over them.</p>,,[],1983-07-01,False,2024-09-19T01:33:13,https://media.rawg.io/media/screenshots/0cb/0cb4c71338f1b50cd682c2986ffd9cab.jpg,https://media.rawg.io/media/screenshots/88b/88bdb8cabe53d289231c77de44446a6e.jpg,,0.0,0,[],2,0,3,0,0,0,0,,,,,0,0,0,0,0,54,[],,0,0,0,,0,0f0f0f,0f0f0f,"[{'platform': {'id': 9, 'name': 'Atari', 'slug': 'atari'}}]","[{'platform': {'id': 23, 'name': 'Atari 2600', 'slug': 'atari-2600', 'image': None, 'year_end': None, 'year_start': None, 'games_count': 294, 'image_background': 'https://media.rawg.io/media/screenshots/ff6/ff623993a854663931c1e78d72a16a5a.jpg'}, 'released_at': '1983-07-01', 'requirements': {}}]",[],[],"[{'id': 2, 'name': 'Shooter', 'slug': 'shooter', 'games_count': 59560, 'image_background': 'https://media.rawg.io/media/games/d58/d588947d4286e7b5e0e12e1bea7d9844.jpg'}]",[],"[{'id': 19453, 'name': 'Spectravideo', 'slug': 'spectravideo', 'games_count': 4, 'image_background': 'https://media.rawg.io/media/screenshots/0cb/0cb4c71338f1b50cd682c2986ffd9cab.jpg'}]",,You drive your GasHog across the ever-changing landscape while trying to avoid obstacles such as enemy ships and giant holes by jumping over them.,,,1.0,,,1.0,,,,,,,,,,,,,0.0
988982,laser-gates,Laser Gates,Laser Gates,"<p>The thousand galaxies quake at the news: The Cryptic Computer, the galactic defense synthesizer which has maintained peace for the five centuries since the Wars on Zevon, has malfunctioned! Four Failsafe Detonators inside the Computer will now initiate universal self-destruct! The Governors of Enderby order the Dante Dart into action. Only it can spiral down through the nearly-impenetrable defenses of the Computer in order to reach and destroy the Detonators! Forcefields, Densepack Columns, Radar Mortars, Rock Munchers and other obstacles make this one harrowing mission! Chances for success may seem slim - but consider the alternative!</p>",,[],1983-07-01,False,2024-09-19T13:44:00,https://media.rawg.io/media/screenshots/9a7/9a78ced1ef705e9bc57e9e2df77c6f37.jpg,https://media.rawg.io/media/screenshots/8b4/8b43165e6eb21ea17718c4bef73ed94a.jpg,,0.0,0,[],1,0,4,0,0,0,0,,,,,0,0,0,0,0,48,[],,0,0,0,,0,0f0f0f,0f0f0f,"[{'platform': {'id': 9, 'name': 'Atari', 'slug': 'atari'}}]","[{'platform': {'id': 23, 'name': 'Atari 2600', 'slug': 'atari-2600', 'image': None, 'year_end': None, 'year_start': None, 'games_count': 294, 'image_background': 'https://media.rawg.io/media/screenshots/ff6/ff623993a854663931c1e78d72a16a5a.jpg'}, 'released_at': '1983-07-01', 'requirements': {}}]",[],"[{'id': 25963, 'name': 'Imagic', 'slug': 'imagic', 'games_count': 7, 'image_background': 'https://media.rawg.io/media/screenshots/d83/d83d732da30f7eb9d5fada4f55e4be7f.jpg'}]","[{'id': 2, 'name': 'Shooter', 'slug': 'shooter', 'games_count': 59560, 'image_background': 'https://media.rawg.io/media/games/d58/d588947d4286e7b5e0e12e1bea7d9844.jpg'}]",[],[],,"The thousand galaxies quake at the news: The Cryptic Computer, the galactic defense synthesizer which has maintained peace for the five centuries since the Wars on Zevon, has malfunctioned! Four Failsafe Detonators inside the Computer will now initiate universal self-destruct! The Governors of Enderby order the Dante Dart into action. Only it can spiral down through the nearly-impenetrable defenses of the Computer in order to reach and destroy the Detonators! Forcefields, Densepack Columns, Radar Mortars, Rock Munchers and other obstacles make this one harrowing mission! Chances for success may seem slim - but consider the alternative!",,,,,,1.0,,,,,,,,,,,,,0.0
988978,flash-gordon-1983,Flash Gordon (1983),Flash Gordon (1983),"<p>You are Flash Gordon. Many spacemen have entered Spider City but never returned. Your job, Flash, is two fold. Rescue any spacemen you find in the tunnels of Spider City and destroy all the hatching pods.</p>",,[],1983-05-01,False,2024-09-19T01:12:41,https://media.rawg.io/media/screenshots/831/831e99dca4016dabed358854efdc2daa.jpg,https://media.rawg.io/media/screenshots/cab/cab721f3171805d0e95ee2134d5b35cb.jpg,,0.0,0,[],1,0,4,0,0,0,0,,,,,0,0,0,0,0,14,[],,0,0,0,,0,0f0f0f,0f0f0f,"[{'platform': {'id': 9, 'name': 'Atari', 'slug': 'atari'}}]","[{'platform': {'id': 23, 'name': 'Atari 2600', 'slug': 'atari-2600', 'image': None, 'year_end': None, 'year_start': None, 'games_count': 294, 'image_background': 'https://media.rawg.io/media/screenshots/ff6/ff623993a854663931c1e78d72a16a5a.jpg'}, 'released_at': '1983-05-01', 'requirements': {}}]",[],"[{'id': 25971, 'name': 'Sirius Software', 'slug': 'sirius-software', 'games_count': 7, 'image_background': 'https://media.rawg.io/media/screenshots/756/7563ab2199daf05ffa83186e308f392b.jpg'}]","[{'id': 2, 'name': 'Shooter', 'slug': 'shooter', 'games_count': 59560, 'image_background': 'https://media.rawg.io/media/games/d58/d588947d4286e7b5e0e12e1bea7d9844.jpg'}]",[],"[{'id': 19485, 'name': 'Fox Video Games', 'slug': 'fox-video-games', 'games_count': 2, 'image_background': 'https://media.rawg.io/media/screenshots/71c/71c69b5415bcbfdd055b2629ac4f9cd0.jpg'}]",,"You are Flash Gordon. Many spacemen have entered Spider City but never returned. Your job, Flash, is two fold. Rescue any spacemen you find in the tunnels of Spider City and destroy all the hatching pods.",,,,,,1.0,,,,,,,,,,,,,0.0
