id,slug,name,name_original,description,metacritic,metacritic_platforms,released,tba,updated,background_image,background_image_additional,website,rating,rating_top,ratings,added,playtime,screenshots_count,movies_count,creators_count,achievements_count,parent_achievements_count,reddit_url,reddit_name,reddit_description,reddit_logo,reddit_count,twitch_count,youtube_count,reviews_text_count,ratings_count,suggestions_count,alternative_names,metacritic_url,parents_count,additions_count,game_series_count,user_game,reviews_count,saturated_color,dominant_color,parent_platforms,platforms,stores,developers,genres,tags,publishers,clip,description_raw,reactions.1,added_by_status.yet,added_by_status.owned,added_by_status.beaten,added_by_status.toplay,added_by_status.dropped,added_by_status.playing,esrb_rating.id,esrb_rating.name,esrb_rating.slug,reactions.4,reactions.6,reactions.12,esrb_rating,reactions.21,reactions.18,reactions.2,reactions.3,reactions.7,reactions.9,reactions.11,community_rating,reactions,reactions.19
24072,the-legend-of-zelda,The Legend of Zelda,The Legend of Zelda,"<p>Ganon, the King of Evil, has broken free of the Dark World and has captured Hyrule&#39;s beloved Princess Zelda. But, before she was caught, Zelda managed to shatter the Triforce of Wisdom and scatter its eight pieces throughout Hyrule. You begin your adventure by finding a small wooden sword in a dark cave. Then, as you grow in stature, experience, and strength, so do your weapons. Help Link collect the captured pieces of the Triforce, rescue the princess, and thwart Ganon’s evil plans!</p>
<p>The epic series The Legend of Zelda began here, with the heroic Link on a hazardous journey through the fantastic world of Hyrule. Using your sword, your shield and your wits, retrieve the eight fragments of the Triforce and save Princess Zelda.</p>
<p>This groundbreaking game introduced innovative ideas that are still present in Zelda games more than 25 years later. Not only is Link&#39;s original adventure action-packed, it also features puzzling dungeons to explore and a myriad of secrets to discover.</p>",,[],1986-02-21,False,2025-04-12T13:29:56,https://media.rawg.io/media/games/f87/f87de0e93f02007fd044e4bf04d453d8.jpg,https://media.rawg.io/media/screenshots/772/7729c8b6d6a41781236d856890739c6d.jpg,,4.07,4,"[{'id': 4, 'title': 'recommended', 'count': 160, 'percent': 51.45}, {'id': 5, 'title': 'exceptional', 'count': 96, 'percent': 30.87}, {'id': 3, 'title': 'meh', 'count': 45, 'percent': 14.47}, {'id': 1, 'title': 'skip', 'count': 10, 'percent': 3.22}]",749,6,31,0,9,0,0,https://www.reddit.com/r/zelda/,,,,11662,100,1000000,6,305,190,[],https://www.metacritic.com/game/the-legend-of-zelda/,0,0,26,,311,0f0f0f,0f0f0f,"[{'platform': {'id': 7, 'name': 'Nintendo', 'slug': 'nintendo'}}]","[{'platform': {'id': 7, 'name': 'Nintendo Switch', 'slug': 'nintendo-switch', 'image': None, 'year_end': None, 'year_start': None, 'games_count': 5623, 'image_background': 'https://media.rawg.io/media/games/f99/f9979698c43fd84c3ab69280576dd3af.jpg'}, 'released_at': '1986-02-21', 'requirements': {}}, {'platform': {'id': 10, 'name': 'Wii U', 'slug': 'wii-u', 'image': None, 'year_end': None, 'year_start': None, 'games_count': 1114, 'image_background': 'https://media.rawg.io/media/games/85c/85c8ae70e7cdf0105f06ef6bdce63b8b.jpg'}, 'released_at': '1986-02-21', 'requirements': {}}, {'platform': {'id': 11, 'name': 'Wii', 'slug': 'wii', 'image': None, 'year_end': None, 'year_start': None, 'games_count': 2209, 'image_background': 'https://media.rawg.io/media/games/9ca/9ca31615beee447f3ae1dc9b3b736dce.jpg'}, 'released_at': '1986-02-21', 'requirements': {}}, {'platform': {'id': 24, 'name': 'Game Boy Advance', 'slug': 'game-boy-advance', 'image': None, 'year_end': None, 'year_start': None, 'games_count': 950, 'image_background': 'https://media.rawg.io/media/games/98c/98c87b286cd2a2ba942167df384a9bd3.jpg'}, 'released_at': '1986-02-21', 'requirements': {}}, {'platform': {'id': 8, 'name': 'Nintendo 3DS', 'slug': 'nintendo-3ds', 'image': None, 'year_end': None, 'year_start': None, 'games_count': 1682, 'image_background': 'https://media.rawg.io/media/screenshots/42d/42d770eb49f2ba01cd4045e0d92af7a9.jpg'}, 'released_at': '1986-02-21', 'requirements': {}}, {'platform': {'id': 49, 'name': 'NES', 'slug': 'nes', 'image': None, 'year_end': None, 'year_start': None, 'games_count': 1015, 'image_background': 'https://media.rawg.io/media/games/7c5/7c50dd0415eb0a57505c58d4e50e4d24.jpg'}, 'released_at': '1986-02-21', 'requirements': {}}]","[{'id': 28322, 'url': '', 'store': {'id': 6, 'name': 'Nintendo Store', 'slug': 'nintendo', 'domain': 'nintendo.com', 'games_count': 9128, 'image_background': 'https://media.rawg.io/media/games/fc1/fc1307a2774506b5bd65d7e8424664a7.jpg'}}]","[{'id': 16257, 'name': 'Nintendo', 'slug': 'nintendo', 'games_count': 426, 'image_background': 'https://media.rawg.io/media/games/d9c/d9c8b7edc78391619566adfeb52b5a9a.jpg'}]","[{'id': 4, 'name': 'Action', 'slug': 'action', 'games_count': 186608, 'image_background': 'https://media.rawg.io/media/games/618/618c2031a07bbff6b4f611f10b6bcdbc.jpg'}, {'id': 3, 'name': 'Adventure', 'slug': 'adventure', 'games_count': 146481, 'image_background': 'https://media.rawg.io/media/games/b6b/b6b20bfc4b34e312dbc8aac53c95a348.jpg'}, {'id': 5, 'name': 'RPG', 'slug': 'role-playing-games-rpg', 'games_count': 59370, 'image_background': 'https://media.rawg.io/media/games/f6b/f6bed028b02369d4cab548f4f9337e81.jpg'}]","[{'id': 41, 'name': 'Dark', 'slug': 'dark', 'language': 'eng', 'games_count': 17353, 'image_background': 'https://media.rawg.io/media/games/4fb/4fb548e4816c84d1d70f1a228fb167cc.jpg'}, {'id': 581, 'name': 'Epic', 'slug': 'epic', 'language': 'eng', 'games_count': 4124, 'image_background': 'https://media.rawg.io/media/games/cd8/cd89ed5083a6cca9c2768ebca7a73b2d.jpg'}, {'id': 2326, 'name': 'explore', 'slug': 'explore', 'language': 'eng', 'games_count': 3350, 'image_background': 'https://media.rawg.io/media/games/ccf/ccfd3fd488a8ed61145a3da96c080131.jpg'}, {'id': 820, 'name': 'secrets', 'slug': 'secrets', 'language': 'eng', 'games_count': 3386, 'image_background': 'https://media.rawg.io/media/screenshots/81e/81e17d5b2a1cb89835234fe2d28950bd.jpg'}, {'id': 878, 'name': 'sword', 'slug': 'sword', 'language': 'eng', 'games_count': 1424, 'image_background': 'https://media.rawg.io/media/screenshots/c80/c80f6c86de421615f4e84a07e5dde573.jpg'}, {'id': 1156, 'name': 'princess', 'slug': 'princess', 'language': 'eng', 'games_count': 1269, 'image_background': 'https://media.rawg.io/media/screenshots/10e/10e9593297ae69b0411befed961c28e5.jpg'}, {'id': 867, 'name': 'zelda', 'slug': 'zelda', 'language': 'eng', 'games_count': 451, 'image_background': 'https://media.rawg.io/media/games/7df/7dfbdcb58a03fcddc68479454fc1f7de.jpg'}]","[{'id': 10681, 'name': 'Nintendo', 'slug': 'nintendo', 'games_count': 1235, 'image_background': 'https://media.rawg.io/media/games/dd1/dd167cf8753db3748a975d61cc926e54.jpg'}]",,"Ganon, the King of Evil, has broken free of the Dark World and has captured Hyrule's beloved Princess Zelda. But, before she was caught, Zelda managed to shatter the Triforce of Wisdom and scatter its eight pieces throughout Hyrule. You begin your adventure by finding a small wooden sword in a dark cave. Then, as you grow in stature, experience, and strength, so do your weapons. Help Link collect the captured pieces of the Triforce, rescue the princess, and thwart Ganon’s evil plans!

The epic series The Legend of Zelda began here, with the heroic Link on a hazardous journey through the fantastic world of Hyrule. Using your sword, your shield and your wits, retrieve the eight fragments of the Triforce and save Princess Zelda.

This groundbreaking game introduced innovative ideas that are still present in Zelda games more than 25 years later. Not only is Link's original adventure action-packed, it also features puzzling dungeons to explore and a myriad of secrets to discover.",1.0,65.0,152,310.0,63.0,138.0,21.0,1.0,Everyone,everyone,,,,,,,,,,,,,,
40129,breach,Breach,Breach,"<p>Seventy thousand years ago, humanity was on the verge of extinction until a group of Immortals created the Veil, splitting Earth into two realities: one that has the Earth we know, and an alternate Earth where all that we have come to know as mythology thrives.  Now the Veil has been shattered and the two worlds are collapsing into each other with catastrophic consequences.  You and your friends are among the rare few who can wield magic and defend humanity against this cataclysm.<br />
Breach is a fast-paced third person co-op action RPG.  Create your own character, customize your appearance, and choose from dozens of classes with gameplay inspired by multiple genres.  Launch your enemies in the air and juggle them with rapid attacks.  Play as a classic support healer.  Sit on the edge of the action and snipe your enemies from a distance.  Endlessly customize your character and class to find your own unique playstyle.<br />
Take your unique character onto Missions across the globe in Solo or Co-op modes with any number of players up to 4.  Fight your way through mythological monsters toward a final area where you will face a giant boss monster.  Along the way you will be challenged by an all new kind of enemy, the Veil Demon.  This smoke-like spirit can possess and empower any monster you encounter and create breaches, pulling in environmental hazards from the parallel, Mythological Earth.<br />
In addition to playing as a Hero, you can also play as the Veil Demon in Solo or Versus modes!  Breach also has a Custom mode where you can play with any number of friends (up to 5), playing as either a Hero or Veil Demon.</p>",59.0,"[{'metascore': 61, 'url': 'https://www.metacritic.com/game/pc/breach-2011', 'platform': {'platform': 4, 'name': 'PC', 'slug': 'pc'}}, {'metascore': 57, 'url': 'https://www.metacritic.com/game/xbox-360/breach', 'platform': {'platform': 14, 'name': 'Xbox 360', 'slug': 'xbox360'}}]",1986-12-31,False,2025-01-02T03:38:38,https://media.rawg.io/media/games/781/78147bbd2444a3c6e2525c72edd7118f.jpg,https://media.rawg.io/media/screenshots/27f/27f85454adb3e9caec90e9fffd2e1f43.jpg,http://breachgame.com,1.9,1,"[{'id': 1, 'title': 'skip', 'count': 29, 'percent': 60.42}, {'id': 3, 'title': 'meh', 'count': 15, 'percent': 31.25}, {'id': 4, 'title': 'recommended', 'count': 3, 'percent': 6.25}, {'id': 5, 'title': 'exceptional', 'count': 1, 'percent': 2.08}]",586,1,51,0,0,16,12,,,,,0,0,1000000,0,48,698,[],https://www.metacritic.com/game/xbox-360/breach,0,0,0,,48,0f0f0f,0f0f0f,"[{'platform': {'id': 1, 'name': 'PC', 'slug': 'pc'}}]","[{'platform': {'id': 4, 'name': 'PC', 'slug': 'pc', 'image': None, 'year_end': None, 'year_start': None, 'games_count': 547196, 'image_background': 'https://media.rawg.io/media/games/6fc/6fcf4cd3b17c288821388e6085bb0fc9.jpg'}, 'released_at': '1986-12-31', 'requirements': {'minimum': 'Minimum:\nRequires a 64-bit processor and operating system\nOS: Windows 7/8/10/11\nProcessor: Dual Core 2.4Ghz\nMemory: 8 GB RAM\nGraphics: GTX 1050 / AMD Radeon RX 480\nDirectX: Version 12\nStorage: 1 GB available space', 'recommended': 'Recommended:\nRequires a 64-bit processor and operating system\nOS: Windows 7/8/10/11\nProcessor: Quad Core 3.2Ghz\nMemory: 8 GB RAM\nGraphics: GTX 1050 / AMD Radeon RX 480\nDirectX: Version 12\nNetwork: Broadband Internet connection\nStorage: 1 GB available space'}}]","[{'id': 967574, 'url': '', 'store': {'id': 5, 'name': 'GOG', 'slug': 'gog', 'domain': 'gog.com', 'games_count': 6713, 'image_background': 'https://media.rawg.io/media/games/5c0/5c0dd63002cb23f804aab327d40ef119.jpg'}}, {'id': 52660, 'url': '', 'store': {'id': 1, 'name': 'Steam', 'slug': 'steam', 'domain': 'store.steampowered.com', 'games_count': 110181, 'image_background': 'https://media.rawg.io/media/games/7fa/7fa0b586293c5861ee32490e953a4996.jpg'}}]","[{'id': 15080, 'name': 'Atomic Games', 'slug': 'atomic-games', 'games_count': 61, 'image_background': 'https://media.rawg.io/media/screenshots/e80/e802d3a53193550b891a9f661c0ec12e.jpg'}, {'id': 27093, 'name': 'Omnitrend Software', 'slug': 'omnitrend-software', 'games_count': 9, 'image_background': 'https://media.rawg.io/media/games/781/78147bbd2444a3c6e2525c72edd7118f.jpg'}, {'id': 30384, 'name': 'QC Games', 'slug': 'qc-games', 'games_count': 2, 'image_background': 'https://media.rawg.io/media/games/781/78147bbd2444a3c6e2525c72edd7118f.jpg'}, {'id': 428859, 'name': 'NullReferenceGames', 'slug': 'nullreferencegames', 'games_count': 2, 'image_background': 'https://media.rawg.io/media/games/781/78147bbd2444a3c6e2525c72edd7118f.jpg'}]","[{'id': 4, 'name': 'Action', 'slug': 'action', 'games_count': 186608, 'image_background': 'https://media.rawg.io/media/games/618/618c2031a07bbff6b4f611f10b6bcdbc.jpg'}, {'id': 2, 'name': 'Shooter', 'slug': 'shooter', 'games_count': 59560, 'image_background': 'https://media.rawg.io/media/games/d58/d588947d4286e7b5e0e12e1bea7d9844.jpg'}, {'id': 5, 'name': 'RPG', 'slug': 'role-playing-games-rpg', 'games_count': 59370, 'image_background': 'https://media.rawg.io/media/games/f6b/f6bed028b02369d4cab548f4f9337e81.jpg'}, {'id': 51, 'name': 'Indie', 'slug': 'indie', 'games_count': 76957, 'image_background': 'https://media.rawg.io/media/games/dd5/dd50d4266915d56dd5b63ae1bf72606a.jpg'}]","[{'id': 31, 'name': 'Singleplayer', 'slug': 'singleplayer', 'language': 'eng', 'games_count': 238404, 'image_background': 'https://media.rawg.io/media/games/26d/26d4437715bee60138dab4a7c8c59c92.jpg'}, {'id': 7, 'name': 'Multiplayer', 'slug': 'multiplayer', 'language': 'eng', 'games_count': 40505, 'image_background': 'https://media.rawg.io/media/games/021/021c4e21a1824d2526f925eff6324653.jpg'}, {'id': 24, 'name': 'RPG', 'slug': 'rpg', 'language': 'eng', 'games_count': 24108, 'image_background': 'https://media.rawg.io/media/games/7cf/7cfc9220b401b7a300e409e539c9afd5.jpg'}, {'id': 18, 'name': 'Co-op', 'slug': 'co-op', 'language': 'eng', 'games_count': 13123, 'image_background': 'https://media.rawg.io/media/games/55e/55ee6432ac2bf224610fa17e4c652107.jpg'}, {'id': 149, 'name': 'Third Person', 'slug': 'third-person', 'language': 'eng', 'games_count': 13253, 'image_background': 'https://media.rawg.io/media/games/00d/00d374f12a3ab5f96c500a2cfa901e15.jpg'}, {'id': 40845, 'name': 'Partial Controller Support', 'slug': 'partial-controller-support', 'language': 'eng', 'games_count': 12999, 'image_background': 'https://media.rawg.io/media/games/587/587588c64afbff80e6f444eb2e46f9da.jpg'}, {'id': 9, 'name': 'Online Co-Op', 'slug': 'online-co-op', 'language': 'eng', 'games_count': 6716, 'image_background': 'https://media.rawg.io/media/games/8cc/8cce7c0e99dcc43d66c8efd42f9d03e3.jpg'}, {'id': 79, 'name': 'Free to Play', 'slug': 'free-to-play', 'language': 'eng', 'games_count': 8488, 'image_background': 'https://media.rawg.io/media/games/efd/efd6b2cb621c41a2b6580d8ac260b8ba.jpg'}, {'id': 397, 'name': 'Online multiplayer', 'slug': 'online-multiplayer', 'language': 'eng', 'games_count': 3804, 'image_background': 'https://media.rawg.io/media/games/21b/21babfc41e2a6972290833d1b860f13e.jpg'}, {'id': 80, 'name': 'Tactical', 'slug': 'tactical', 'language': 'eng', 'games_count': 5900, 'image_background': 'https://media.rawg.io/media/games/0bd/0bd5646a3d8ee0ac3314bced91ea306d.jpg'}, {'id': 14, 'name': 'Early Access', 'slug': 'early-access', 'language': 'eng', 'games_count': 17611, 'image_background': 'https://media.rawg.io/media/games/66e/66e90c9d7b9a17335b310ceb294e9365.jpg'}, {'id': 157, 'name': 'PvP', 'slug': 'pvp', 'language': 'eng', 'games_count': 10819, 'image_background': 'https://media.rawg.io/media/games/b29/b294fdd866dcdb643e7bab370a552855.jpg'}, {'id': 468, 'name': 'role-playing', 'slug': 'role-playing', 'language': 'eng', 'games_count': 1621, 'image_background': 'https://media.rawg.io/media/games/14a/14a83c56ff668baaced6e8c8704b6391.jpg'}, {'id': 40837, 'name': 'In-App Purchases', 'slug': 'in-app-purchases', 'language': 'eng', 'games_count': 3078, 'image_background': 'https://media.rawg.io/media/games/934/9346092ae11bf7582c883869468171cc.jpg'}, {'id': 121, 'name': 'Character Customization', 'slug': 'character-customization', 'language': 'eng', 'games_count': 5766, 'image_background': 'https://media.rawg.io/media/games/29c/29c6c21cc0c78cff6f45d23631cc82f4.jpg'}, {'id': 1465, 'name': 'combat', 'slug': 'combat', 'language': 'eng', 'games_count': 14418, 'image_background': 'https://media.rawg.io/media/games/f54/f54e9fb2f4aac37810ea1a69a3e4480a.jpg'}, {'id': 45878, 'name': 'Online PvP', 'slug': 'online-pvp', 'language': 'eng', 'games_count': 5584, 'image_background': 'https://media.rawg.io/media/games/ac7/ac7b8327343da12c971cfc418f390a11.jpg'}, {'id': 151, 'name': 'Modern', 'slug': 'modern', 'language': 'eng', 'games_count': 1953, 'image_background': 'https://media.rawg.io/media/screenshots/0b1/0b11c690545dcc0a61e7cb95d62f78b0.jpg'}, {'id': 274, 'name': 'Gun Customization', 'slug': 'gun-customization', 'language': 'eng', 'games_count': 720, 'image_background': 'https://media.rawg.io/media/games/73e/73eecb8909e0c39fb246f457b5d6cbbe.jpg'}, {'id': 2879, 'name': 'esports', 'slug': 'esports', 'language': 'eng', 'games_count': 777, 'image_background': 'https://media.rawg.io/media/screenshots/c05/c055292c8d9419424ee03822cfc4086f.jpeg'}, {'id': 49961, 'name': '3D Fighter', 'slug': '3d-fighter-2', 'language': 'eng', 'games_count': 1129, 'image_background': 'https://media.rawg.io/media/games/b66/b6601abafd9fa58ff7453808ca3581c2.jpg'}, {'id': 56826, 'name': '3D-файтинг', 'slug': '3d-faiting', 'language': 'eng', 'games_count': 1083, 'image_background': 'https://media.rawg.io/media/games/9d3/9d335d988b809912a3f7876523916578.jpg'}]","[{'id': 10382, 'name': 'Throwback Entertainment', 'slug': 'throwback-entertainment', 'games_count': 30, 'image_background': 'https://media.rawg.io/media/screenshots/d5d/d5d3b088dc053f9404ec568dc09187a6.jpg'}, {'id': 14139, 'name': 'Atomic Games', 'slug': 'atomic-games', 'games_count': 46, 'image_background': 'https://media.rawg.io/media/screenshots/bc7/bc78f001b860bdfe4eedddc46745c1e5.jpg'}, {'id': 22593, 'name': 'QC Games', 'slug': 'qc-games', 'games_count': 1, 'image_background': 'https://media.rawg.io/media/games/781/78147bbd2444a3c6e2525c72edd7118f.jpg'}, {'id': 63961, 'name': 'NullReferenceGames', 'slug': 'nullreferencegames', 'games_count': 2, 'image_background': 'https://media.rawg.io/media/screenshots/0b0/0b07a44c0c8d59323654709b3d943b88.jpg'}]",,"Seventy thousand years ago, humanity was on the verge of extinction until a group of Immortals created the Veil, splitting Earth into two realities: one that has the Earth we know, and an alternate Earth where all that we have come to know as mythology thrives.  Now the Veil has been shattered and the two worlds are collapsing into each other with catastrophic consequences.  You and your friends are among the rare few who can wield magic and defend humanity against this cataclysm.
Breach is a fast-paced third person co-op action RPG.  Create your own character, customize your appearance, and choose from dozens of classes with gameplay inspired by multiple genres.  Launch your enemies in the air and juggle them with rapid attacks.  Play as a classic support healer.  Sit on the edge of the action and snipe your enemies from a distance.  Endlessly customize your character and class to find your own unique playstyle.
Take your unique character onto Missions across the globe in Solo or Co-op modes with any number of players up to 4.  Fight your way through mythological monsters toward a final area where you will face a giant boss monster.  Along the way you will be challenged by an all new kind of enemy, the Veil Demon.  This smoke-like spirit can possess and empower any monster you encounter and create breaches, pulling in environmental hazards from the parallel, Mythological Earth.
In addition to playing as a Hero, you can also play as the Veil Demon in Solo or Versus modes!  Breach also has a Custom mode where you can play with any number of friends (up to 5), playing as either a Hero or Veil Demon.",,19.0,556,,4.0,7.0,,3.0,Teen,teen,,,,,,,,,,,,,,
25137,castlevania,Castlevania,Castlevania,"<p>Beware of Dracula and his ghoulish minions as you enter his lair…</p>
<p>Castlevania marked the beginning of Konami’s acclaimed series, one that is still going strong today!</p>
<p>As vampire hunter Simon Belmont, you must fight your way through Dracula&#39;s castle teeming with ghosts, goblins, demons and other supernatural creatures. Six challenging levels await before you finally confront the Count himself.</p>
<p>Step into the shadows of the deadliest dwelling on Earth. You’ve arrived at Castlevania, and you’re here on business: to destroy the curse of the Evil Count, once and for all. Make your way through six monstrous floors filled with bats, ghosts, zombies, and every kind of ghoulish creature you can imagine. Use the legendary whip Vampire Killer and a host of deadly weapons to battle your way to Dracula’s chamber and.the ultimate duel of good vs. evil.</p>
<p>You&#39;ll need your wits and weapons to survive because when you finally meet Dracula, you know he’ll be going for the jugular. So keep your courage up and your stake sharp!</p>",,[],1986-09-26,False,2025-04-11T17:54:26,https://media.rawg.io/media/games/2ab/2ab7fb76bcc7ac73265ff3f949937e72.jpg,https://media.rawg.io/media/screenshots/e43/e434e71bd6b39b73e970904fe6f22f9e.jpg,,4.06,4,"[{'id': 4, 'title': 'recommended', 'count': 121, 'percent': 62.37}, {'id': 5, 'title': 'exceptional', 'count': 46, 'percent': 23.71}, {'id': 3, 'title': 'meh', 'count': 23, 'percent': 11.86}, {'id': 1, 'title': 'skip', 'count': 4, 'percent': 2.06}]",450,3,18,0,11,0,0,,,,,0,119,1000000,6,188,321,['Akumajou Dracula'],,0,0,30,,194,0f0f0f,0f0f0f,"[{'platform': {'id': 1, 'name': 'PC', 'slug': 'pc'}}, {'platform': {'id': 2, 'name': 'PlayStation', 'slug': 'playstation'}}, {'platform': {'id': 7, 'name': 'Nintendo', 'slug': 'nintendo'}}, {'platform': {'id': 10, 'name': 'Commodore / Amiga', 'slug': 'commodore-amiga'}}]","[{'platform': {'id': 49, 'name': 'NES', 'slug': 'nes', 'image': None, 'year_end': None, 'year_start': None, 'games_count': 1015, 'image_background': 'https://media.rawg.io/media/games/7c5/7c50dd0415eb0a57505c58d4e50e4d24.jpg'}, 'released_at': '1986-09-26', 'requirements': {}}, {'platform': {'id': 24, 'name': 'Game Boy Advance', 'slug': 'game-boy-advance', 'image': None, 'year_end': None, 'year_start': None, 'games_count': 950, 'image_background': 'https://media.rawg.io/media/games/98c/98c87b286cd2a2ba942167df384a9bd3.jpg'}, 'released_at': '1986-09-26', 'requirements': {}}, {'platform': {'id': 11, 'name': 'Wii', 'slug': 'wii', 'image': None, 'year_end': None, 'year_start': None, 'games_count': 2209, 'image_background': 'https://media.rawg.io/media/games/9ca/9ca31615beee447f3ae1dc9b3b736dce.jpg'}, 'released_at': '1986-09-26', 'requirements': {}}, {'platform': {'id': 10, 'name': 'Wii U', 'slug': 'wii-u', 'image': None, 'year_end': None, 'year_start': None, 'games_count': 1114, 'image_background': 'https://media.rawg.io/media/games/85c/85c8ae70e7cdf0105f06ef6bdce63b8b.jpg'}, 'released_at': '1986-09-26', 'requirements': {}}, {'platform': {'id': 166, 'name': 'Commodore / Amiga', 'slug': 'commodore-amiga', 'image': None, 'year_end': None, 'year_start': None, 'games_count': 2083, 'image_background': 'https://media.rawg.io/media/games/cce/cce8bebe861f295003f5a9fe5b11233f.jpg'}, 'released_at': '1986-09-26', 'requirements': {}}, {'platform': {'id': 18, 'name': 'PlayStation 4', 'slug': 'playstation4', 'image': None, 'year_end': None, 'year_start': None, 'games_count': 6916, 'image_background': 'https://media.rawg.io/media/games/f46/f466571d536f2e3ea9e815ad17177501.jpg'}, 'released_at': '1986-09-26', 'requirements': {}}, {'platform': {'id': 8, 'name': 'Nintendo 3DS', 'slug': 'nintendo-3ds', 'image': None, 'year_end': None, 'year_start': None, 'games_count': 1682, 'image_background': 'https://media.rawg.io/media/screenshots/42d/42d770eb49f2ba01cd4045e0d92af7a9.jpg'}, 'released_at': '1986-09-26', 'requirements': {}}, {'platform': {'id': 4, 'name': 'PC', 'slug': 'pc', 'image': None, 'year_end': None, 'year_start': None, 'games_count': 547196, 'image_background': 'https://media.rawg.io/media/games/6fc/6fcf4cd3b17c288821388e6085bb0fc9.jpg'}, 'released_at': '1986-09-26', 'requirements': {}}, {'platform': {'id': 7, 'name': 'Nintendo Switch', 'slug': 'nintendo-switch', 'image': None, 'year_end': None, 'year_start': None, 'games_count': 5623, 'image_background': 'https://media.rawg.io/media/games/f99/f9979698c43fd84c3ab69280576dd3af.jpg'}, 'released_at': '1986-09-26', 'requirements': {}}]","[{'id': 29533, 'url': '', 'store': {'id': 6, 'name': 'Nintendo Store', 'slug': 'nintendo', 'domain': 'nintendo.com', 'games_count': 9128, 'image_background': 'https://media.rawg.io/media/games/fc1/fc1307a2774506b5bd65d7e8424664a7.jpg'}}]","[{'id': 1971, 'name': 'Konami Digital Entertainment', 'slug': 'konami-digital-entertainment', 'games_count': 467, 'image_background': 'https://media.rawg.io/media/games/d56/d56412cd670313ef306da64669c381d8.jpg'}, {'id': 15063, 'name': 'Unlimited Software', 'slug': 'unlimited-software', 'games_count': 4, 'image_background': 'https://media.rawg.io/media/screenshots/6b3/6b3198c6153b0e5e7ece3f1763bb6c9a.jpg'}]","[{'id': 4, 'name': 'Action', 'slug': 'action', 'games_count': 186608, 'image_background': 'https://media.rawg.io/media/games/618/618c2031a07bbff6b4f611f10b6bcdbc.jpg'}, {'id': 11, 'name': 'Arcade', 'slug': 'arcade', 'games_count': 22658, 'image_background': 'https://media.rawg.io/media/games/556/556157feed9ee1f55f2b12b2973e30a3.jpg'}, {'id': 83, 'name': 'Platformer', 'slug': 'platformer', 'games_count': 100869, 'image_background': 'https://media.rawg.io/media/games/f8c/f8c6a262ead4c16b47e1219310210eb3.jpg'}]","[{'id': 31, 'name': 'Singleplayer', 'slug': 'singleplayer', 'language': 'eng', 'games_count': 238404, 'image_background': 'https://media.rawg.io/media/games/26d/26d4437715bee60138dab4a7c8c59c92.jpg'}]","[{'id': 10691, 'name': 'Konami', 'slug': 'konami', 'games_count': 788, 'image_background': 'https://media.rawg.io/media/games/85e/85e4c8a78cf9b82b5ed19262fe00c00f.jpg'}, {'id': 19739, 'name': 'Appaloosa Interactive', 'slug': 'appaloosa-interactive', 'games_count': 1, 'image_background': 'https://media.rawg.io/media/games/2ab/2ab7fb76bcc7ac73265ff3f949937e72.jpg'}]",,"Beware of Dracula and his ghoulish minions as you enter his lair…

Castlevania marked the beginning of Konami’s acclaimed series, one that is still going strong today!

As vampire hunter Simon Belmont, you must fight your way through Dracula's castle teeming with ghosts, goblins, demons and other supernatural creatures. Six challenging levels await before you finally confront the Count himself.

Step into the shadows of the deadliest dwelling on Earth. You’ve arrived at Castlevania, and you’re here on business: to destroy the curse of the Evil Count, once and for all. Make your way through six monstrous floors filled with bats, ghosts, zombies, and every kind of ghoulish creature you can imagine. Use the legendary whip Vampire Killer and a host of deadly weapons to battle your way to Dracula’s chamber and.the ultimate duel of good vs. evil.

You'll need your wits and weapons to survive because when you finally meet Dracula, you know he’ll be going for the jugular. So keep your courage up and your stake sharp!",,35.0,97,206.0,23.0,79.0,10.0,2.0,Everyone 10+,everyone-10-plus,1.0,2.0,3.0,,,,,,,,,,,
24138,metroid,Metroid,Metroid,"<p>The first installment of the immensely successful Metroid series<br />
introduces us to the hideous title creatures and the slick, cybernetic<br />
bounty hunter Samus Aran. As Samus™, your mission is to penetrate the<br />
space pirates&#39; home planet, Zebes, and keep them from destroying the<br />
galaxy with the dangerous life forms known as Metroids. Metroid has all<br />
the high-tech weaponry, creepy tunnels and crawly alien creatures that<br />
anyone could ask for. With its deep and complex game play, excellent<br />
music and a rare sense of setting, it establishes a frightening ambience<br />
that will haunt and entertain you for a very long time.<br />
This classic game is part of the Virtual Console service, which brings you great games created for consoles such as NES™, Super NES™ and Game Boy™ Advance. We hope you&#39;ll enjoy the new features (including off-TV play) that have been added to this title. See more Virtual Console games for Wii U.</p>",58.0,"[{'metascore': 58, 'url': 'https://www.metacritic.com/game/game-boy-advance/classic-nes-series-metroid', 'platform': {'platform': 24, 'name': 'Game Boy Advance', 'slug': 'game-boy-advance'}}]",1986-08-06,False,2025-01-21T21:18:58,https://media.rawg.io/media/games/5fe/5fe62882f1af83e36480ded84c49b984.jpg,https://media.rawg.io/media/screenshots/230/2303b90b3009a705235f392e61550929.jpg,,3.63,4,"[{'id': 4, 'title': 'recommended', 'count': 68, 'percent': 48.57}, {'id': 3, 'title': 'meh', 'count': 42, 'percent': 30.0}, {'id': 5, 'title': 'exceptional', 'count': 20, 'percent': 14.29}, {'id': 1, 'title': 'skip', 'count': 10, 'percent': 7.14}]",377,9,40,0,9,0,0,,,,,0,109,1000000,4,136,259,"['Classic NES Series: Metroid', 'Famicom Mini: Metroid']",https://www.metacritic.com/game/game-boy-advance/classic-nes-series-metroid,0,1,13,,140,0f0f0f,0f0f0f,"[{'platform': {'id': 7, 'name': 'Nintendo', 'slug': 'nintendo'}}]","[{'platform': {'id': 24, 'name': 'Game Boy Advance', 'slug': 'game-boy-advance', 'image': None, 'year_end': None, 'year_start': None, 'games_count': 950, 'image_background': 'https://media.rawg.io/media/games/98c/98c87b286cd2a2ba942167df384a9bd3.jpg'}, 'released_at': '1986-08-06', 'requirements': {}}, {'platform': {'id': 49, 'name': 'NES', 'slug': 'nes', 'image': None, 'year_end': None, 'year_start': None, 'games_count': 1015, 'image_background': 'https://media.rawg.io/media/games/7c5/7c50dd0415eb0a57505c58d4e50e4d24.jpg'}, 'released_at': '1986-08-06', 'requirements': {}}]","[{'id': 28408, 'url': '', 'store': {'id': 6, 'name': 'Nintendo Store', 'slug': 'nintendo', 'domain': 'nintendo.com', 'games_count': 9128, 'image_background': 'https://media.rawg.io/media/games/fc1/fc1307a2774506b5bd65d7e8424664a7.jpg'}}]","[{'id': 16257, 'name': 'Nintendo', 'slug': 'nintendo', 'games_count': 426, 'image_background': 'https://media.rawg.io/media/games/d9c/d9c8b7edc78391619566adfeb52b5a9a.jpg'}]","[{'id': 4, 'name': 'Action', 'slug': 'action', 'games_count': 186608, 'image_background': 'https://media.rawg.io/media/games/618/618c2031a07bbff6b4f611f10b6bcdbc.jpg'}, {'id': 83, 'name': 'Platformer', 'slug': 'platformer', 'games_count': 100869, 'image_background': 'https://media.rawg.io/media/games/f8c/f8c6a262ead4c16b47e1219310210eb3.jpg'}]","[{'id': 25, 'name': 'Space', 'slug': 'space', 'language': 'eng', 'games_count': 43594, 'image_background': 'https://media.rawg.io/media/games/ebd/ebdbb7eb52bd58b0e7fa4538d9757b60.jpg'}, {'id': 136, 'name': 'Music', 'slug': 'music', 'language': 'eng', 'games_count': 26142, 'image_background': 'https://media.rawg.io/media/screenshots/db5/db5ab0d41a2a57274902d32ea8e6f1ec.jpg'}, {'id': 5816, 'name': 'console', 'slug': 'console', 'language': 'eng', 'games_count': 1390, 'image_background': 'https://media.rawg.io/media/games/faa/faa6a4a7a2e57faf2960329630aee211.jpg'}, {'id': 6903, 'name': 'galaxy', 'slug': 'galaxy', 'language': 'eng', 'games_count': 1203, 'image_background': 'https://media.rawg.io/media/games/c03/c03965311ed72ba0629b84f4db45aebf.jpg'}, {'id': 731, 'name': 'NES', 'slug': 'nes', 'language': 'eng', 'games_count': 1335, 'image_background': 'https://media.rawg.io/media/games/5fe/5fe62882f1af83e36480ded84c49b984.jpg'}, {'id': 668, 'name': 'creepy', 'slug': 'creepy', 'language': 'eng', 'games_count': 7581, 'image_background': 'https://media.rawg.io/media/games/e7a/e7af014eeaed0ffb909dda3f0cfaa472.jpg'}]","[{'id': 10681, 'name': 'Nintendo', 'slug': 'nintendo', 'games_count': 1235, 'image_background': 'https://media.rawg.io/media/games/dd1/dd167cf8753db3748a975d61cc926e54.jpg'}]",,"The first installment of the immensely successful Metroid series
introduces us to the hideous title creatures and the slick, cybernetic
bounty hunter Samus Aran. As Samus™, your mission is to penetrate the
space pirates' home planet, Zebes, and keep them from destroying the
galaxy with the dangerous life forms known as Metroids. Metroid has all
the high-tech weaponry, creepy tunnels and crawly alien creatures that
anyone could ask for. With its deep and complex game play, excellent
music and a rare sense of setting, it establishes a frightening ambience
that will haunt and entertain you for a very long time.
This classic game is part of the Virtual Console service, which brings you great games created for consoles such as NES™, Super NES™ and Game Boy™ Advance. We hope you'll enjoy the new features (including off-TV play) that have been added to this title. See more Virtual Console games for Wii U.",1.0,37.0,96,114.0,38.0,86.0,6.0,1.0,Everyone,everyone,,,,,,,,,,,,,,
24107,super-mario-bros-the-lost-levels,Super Mario Bros.: The Lost Levels,Super Mario Bros.: The Lost Levels,"<p>Originally released in Japan as Super Mario Bros.® 2, this game has previously made only brief cameo appearances in the Western Hemisphere. Mario fans will appreciate the familiar look and feel of the game, while finding that its updated game play creates an entirely new challenge. In addition to the classic enemies already known to fans worldwide, there are also Poison Mushrooms, backward Warp Zones, and the occasional wind gust (which can help or hinder your progress). If that’s somehow not enough, expert players can go looking for the game’s secret worlds. So get ready to put your Mario skills to the ultimate test, and save the Princess again. Just don’t be surprised if she’s in another castle! This game is only playable in 2D.This classic game is part of the Virtual Console service, which brings you great games created for consoles such as NES™, Super NES™ and Game Boy™ Advance.</p>",,[],1986-06-03,False,2025-01-20T17:12:14,https://media.rawg.io/media/games/521/521e0d24d09c535b2e1c8dd11c59b6d9.jpg,https://media.rawg.io/media/screenshots/b9a/b9a2cb235617e2529033afbfd2c3d7e5.jpg,,3.66,4,"[{'id': 4, 'title': 'recommended', 'count': 44, 'percent': 55.7}, {'id': 3, 'title': 'meh', 'count': 21, 'percent': 26.58}, {'id': 5, 'title': 'exceptional', 'count': 9, 'percent': 11.39}, {'id': 1, 'title': 'skip', 'count': 5, 'percent': 6.33}]",210,0,37,0,4,0,0,,,,,0,192,0,0,79,170,['Super Mario Bros. 2 (JP)'],,0,0,0,,79,0f0f0f,0f0f0f,"[{'platform': {'id': 7, 'name': 'Nintendo', 'slug': 'nintendo'}}]","[{'platform': {'id': 49, 'name': 'NES', 'slug': 'nes', 'image': None, 'year_end': None, 'year_start': None, 'games_count': 1015, 'image_background': 'https://media.rawg.io/media/games/7c5/7c50dd0415eb0a57505c58d4e50e4d24.jpg'}, 'released_at': '1986-06-03', 'requirements': {}}, {'platform': {'id': 10, 'name': 'Wii U', 'slug': 'wii-u', 'image': None, 'year_end': None, 'year_start': None, 'games_count': 1114, 'image_background': 'https://media.rawg.io/media/games/85c/85c8ae70e7cdf0105f06ef6bdce63b8b.jpg'}, 'released_at': '1986-06-03', 'requirements': {}}, {'platform': {'id': 8, 'name': 'Nintendo 3DS', 'slug': 'nintendo-3ds', 'image': None, 'year_end': None, 'year_start': None, 'games_count': 1682, 'image_background': 'https://media.rawg.io/media/screenshots/42d/42d770eb49f2ba01cd4045e0d92af7a9.jpg'}, 'released_at': '1986-06-03', 'requirements': {}}, {'platform': {'id': 7, 'name': 'Nintendo Switch', 'slug': 'nintendo-switch', 'image': None, 'year_end': None, 'year_start': None, 'games_count': 5623, 'image_background': 'https://media.rawg.io/media/games/f99/f9979698c43fd84c3ab69280576dd3af.jpg'}, 'released_at': '1986-06-03', 'requirements': {}}, {'platform': {'id': 24, 'name': 'Game Boy Advance', 'slug': 'game-boy-advance', 'image': None, 'year_end': None, 'year_start': None, 'games_count': 950, 'image_background': 'https://media.rawg.io/media/games/98c/98c87b286cd2a2ba942167df384a9bd3.jpg'}, 'released_at': '1986-06-03', 'requirements': {}}, {'platform': {'id': 11, 'name': 'Wii', 'slug': 'wii', 'image': None, 'year_end': None, 'year_start': None, 'games_count': 2209, 'image_background': 'https://media.rawg.io/media/games/9ca/9ca31615beee447f3ae1dc9b3b736dce.jpg'}, 'released_at': '1986-06-03', 'requirements': {}}]","[{'id': 28364, 'url': '', 'store': {'id': 6, 'name': 'Nintendo Store', 'slug': 'nintendo', 'domain': 'nintendo.com', 'games_count': 9128, 'image_background': 'https://media.rawg.io/media/games/fc1/fc1307a2774506b5bd65d7e8424664a7.jpg'}}]","[{'id': 16257, 'name': 'Nintendo', 'slug': 'nintendo', 'games_count': 426, 'image_background': 'https://media.rawg.io/media/games/d9c/d9c8b7edc78391619566adfeb52b5a9a.jpg'}]","[{'id': 83, 'name': 'Platformer', 'slug': 'platformer', 'games_count': 100869, 'image_background': 'https://media.rawg.io/media/games/f8c/f8c6a262ead4c16b47e1219310210eb3.jpg'}]","[{'id': 31, 'name': 'Singleplayer', 'slug': 'singleplayer', 'language': 'eng', 'games_count': 238404, 'image_background': 'https://media.rawg.io/media/games/26d/26d4437715bee60138dab4a7c8c59c92.jpg'}, {'id': 40878, 'name': 'Import', 'slug': 'import', 'language': 'eng', 'games_count': 21, 'image_background': 'https://media.rawg.io/media/games/303/3032e2341af421e6385e8f5b17c23e50.jpg'}]","[{'id': 10681, 'name': 'Nintendo', 'slug': 'nintendo', 'games_count': 1235, 'image_background': 'https://media.rawg.io/media/games/dd1/dd167cf8753db3748a975d61cc926e54.jpg'}]",,"Originally released in Japan as Super Mario Bros.® 2, this game has previously made only brief cameo appearances in the Western Hemisphere. Mario fans will appreciate the familiar look and feel of the game, while finding that its updated game play creates an entirely new challenge. In addition to the classic enemies already known to fans worldwide, there are also Poison Mushrooms, backward Warp Zones, and the occasional wind gust (which can help or hinder your progress). If that’s somehow not enough, expert players can go looking for the game’s secret worlds. So get ready to put your Mario skills to the ultimate test, and save the Princess again. Just don’t be surprised if she’s in another castle! This game is only playable in 2D.This classic game is part of the Virtual Console service, which brings you great games created for consoles such as NES™, Super NES™ and Game Boy™ Advance.",,14.0,50,67.0,21.0,56.0,2.0,,,,,,,,,,,,,,,,,
53191,adventure-island-1986,Adventure Island (1986),Adventure Island (1986),"<p>Hudson&#39;s Adventure Island is a side-scrolling platform game produced by Hudson Soft that was first released in Japan for the Famicom and MSX on September 12, 1986. It was later released in North America for the Nintendo Entertainment System on September 1988 and in the PAL region in 1992 under the title of Adventure Island Classic.<br />
Adventure Island is an adaptation of the arcade game Wonder Boy, developed by Escape for Sega. Adventure Island was followed by a series of sequels with no connection to the Wonder Boy series.</p>",,[],1986-09-12,False,2025-04-11T17:55:25,https://media.rawg.io/media/games/d51/d519cdf7f6c11951ce87a01fab5ee34e.jpg,https://media.rawg.io/media/screenshots/267/26710db91b49bcc7eeca37777a182337.jpg,,3.62,4,"[{'id': 4, 'title': 'recommended', 'count': 52, 'percent': 55.32}, {'id': 3, 'title': 'meh', 'count': 31, 'percent': 32.98}, {'id': 5, 'title': 'exceptional', 'count': 7, 'percent': 7.45}, {'id': 1, 'title': 'skip', 'count': 4, 'percent': 4.26}]",194,0,9,0,3,0,0,,,,,0,0,0,2,92,195,"['Adventure Island Classic', 'Famicom Mini: Takahashi Meijin no Bouken Jima', 'Takahashi Meijin no Bouken Jima']",,0,0,8,,94,0f0f0f,0f0f0f,"[{'platform': {'id': 7, 'name': 'Nintendo', 'slug': 'nintendo'}}]","[{'platform': {'id': 49, 'name': 'NES', 'slug': 'nes', 'image': None, 'year_end': None, 'year_start': None, 'games_count': 1015, 'image_background': 'https://media.rawg.io/media/games/7c5/7c50dd0415eb0a57505c58d4e50e4d24.jpg'}, 'released_at': '1986-09-12', 'requirements': {}}, {'platform': {'id': 24, 'name': 'Game Boy Advance', 'slug': 'game-boy-advance', 'image': None, 'year_end': None, 'year_start': None, 'games_count': 950, 'image_background': 'https://media.rawg.io/media/games/98c/98c87b286cd2a2ba942167df384a9bd3.jpg'}, 'released_at': '1986-09-12', 'requirements': {}}]",[],"[{'id': 14652, 'name': 'Hudson Soft', 'slug': 'hudson-soft', 'games_count': 114, 'image_background': 'https://media.rawg.io/media/screenshots/e87/e87bd8b2b7cff248c4d1af8264d25d09.jpg'}]","[{'id': 4, 'name': 'Action', 'slug': 'action', 'games_count': 186608, 'image_background': 'https://media.rawg.io/media/games/618/618c2031a07bbff6b4f611f10b6bcdbc.jpg'}, {'id': 83, 'name': 'Platformer', 'slug': 'platformer', 'games_count': 100869, 'image_background': 'https://media.rawg.io/media/games/f8c/f8c6a262ead4c16b47e1219310210eb3.jpg'}]","[{'id': 31, 'name': 'Singleplayer', 'slug': 'singleplayer', 'language': 'eng', 'games_count': 238404, 'image_background': 'https://media.rawg.io/media/games/26d/26d4437715bee60138dab4a7c8c59c92.jpg'}]","[{'id': 10831, 'name': 'HUDSON SOFT', 'slug': 'hudson-soft', 'games_count': 198, 'image_background': 'https://media.rawg.io/media/games/d51/d519cdf7f6c11951ce87a01fab5ee34e.jpg'}]",,"Hudson's Adventure Island is a side-scrolling platform game produced by Hudson Soft that was first released in Japan for the Famicom and MSX on September 12, 1986. It was later released in North America for the Nintendo Entertainment System on September 1988 and in the PAL region in 1992 under the title of Adventure Island Classic.
Adventure Island is an adaptation of the arcade game Wonder Boy, developed by Escape for Sega. Adventure Island was followed by a series of sequels with no connection to the Wonder Boy series.",,8.0,53,57.0,11.0,64.0,1.0,1.0,Everyone,everyone,,,,,1.0,,,,,,,,,
53171,bubble-bobble-1986,Bubble Bobble (1986),Bubble Bobble (1986),"<p>Bubble Bobble (バブルボブル, Baburu Boburu) is an comical action platformer video game by Taito, first released in arcades in 1986 and later ported to home systems. The game, starring the twin Bubble Dragons Bub and Bob, tasks players with travelling through one hundred stages, blowing and bursting bubbles, jumping on and off blown bubbles to navigate level obstacles, dodging and eliminating enemies, and collecting a variety of items including some that carry power-ups and significant bonuses. For example, some wrapped candies allow Bub and Bob to move faster, blow bubbles faster, and blow bubbles at greater distances. Other items, such as umbrellas, allow to skip numerous levels, moving closer to the final level. The game became popular and led to a long series of sequels and spin-offs. The main goal of the game is to rescue Bub and Bob's girlfriends from the Cave of Monsters. The game has multiple endings, which depend on the player's performance and discovery of secrets.</p>
<p>The creator of Bubble Bobble Fukio Mitsuji (MTJ) went on to create other games such as Rainbow Islands, Syvalion and Volfied. He died on December 11, 2008.</p>",,[],1986-01-01,False,2025-04-11T17:31:48,https://media.rawg.io/media/screenshots/2a5/2a5404773ab69671bb6585cd46dd0a97.jpg,https://media.rawg.io/media/screenshots/cce/cce7179196651c0684291334b7598279.jpg,,4.21,4,"[{'id': 4, 'title': 'recommended', 'count': 28, 'percent': 52.83}, {'id': 5, 'title': 'exceptional', 'count': 18, 'percent': 33.96}, {'id': 3, 'title': 'meh', 'count': 7, 'percent': 13.21}]",135,0,12,0,13,0,0,,,,,0,0,0,0,53,214,[],,0,0,16,,53,0f0f0f,0f0f0f,"[{'platform': {'id': 1, 'name': 'PC', 'slug': 'pc'}}, {'platform': {'id': 2, 'name': 'PlayStation', 'slug': 'playstation'}}, {'platform': {'id': 5, 'name': 'Apple Macintosh', 'slug': 'mac'}}, {'platform': {'id': 7, 'name': 'Nintendo', 'slug': 'nintendo'}}, {'platform': {'id': 9, 'name': 'Atari', 'slug': 'atari'}}, {'platform': {'id': 10, 'name': 'Commodore / Amiga', 'slug': 'commodore-amiga'}}, {'platform': {'id': 11, 'name': 'SEGA', 'slug': 'sega'}}]","[{'platform': {'id': 8, 'name': 'Nintendo 3DS', 'slug': 'nintendo-3ds', 'image': None, 'year_end': None, 'year_start': None, 'games_count': 1682, 'image_background': 'https://media.rawg.io/media/screenshots/42d/42d770eb49f2ba01cd4045e0d92af7a9.jpg'}, 'released_at': '1986-01-01', 'requirements': {}}, {'platform': {'id': 34, 'name': 'Atari ST', 'slug': 'atari-st', 'image': None, 'year_end': None, 'year_start': None, 'games_count': 836, 'image_background': 'https://media.rawg.io/media/games/637/637d7dc2f44d0f6ddd3ee2c0b1366962.jpg'}, 'released_at': '1986-01-01', 'requirements': {}}, {'platform': {'id': 18, 'name': 'PlayStation 4', 'slug': 'playstation4', 'image': None, 'year_end': None, 'year_start': None, 'games_count': 6916, 'image_background': 'https://media.rawg.io/media/games/f46/f466571d536f2e3ea9e815ad17177501.jpg'}, 'released_at': '1986-01-01', 'requirements': {}}, {'platform': {'id': 11, 'name': 'Wii', 'slug': 'wii', 'image': None, 'year_end': None, 'year_start': None, 'games_count': 2209, 'image_background': 'https://media.rawg.io/media/games/9ca/9ca31615beee447f3ae1dc9b3b736dce.jpg'}, 'released_at': '1986-01-01', 'requirements': {}}, {'platform': {'id': 49, 'name': 'NES', 'slug': 'nes', 'image': None, 'year_end': None, 'year_start': None, 'games_count': 1015, 'image_background': 'https://media.rawg.io/media/games/7c5/7c50dd0415eb0a57505c58d4e50e4d24.jpg'}, 'released_at': '1986-01-01', 'requirements': {}}, {'platform': {'id': 74, 'name': 'SEGA Master System', 'slug': 'sega-master-system', 'image': None, 'year_end': None, 'year_start': None, 'games_count': 234, 'image_background': 'https://media.rawg.io/media/screenshots/a7f/a7f3cb62af2ee95d92065da88583338b.jpg'}, 'released_at': '1986-01-01', 'requirements': {}}, {'platform': {'id': 77, 'name': 'Game Gear', 'slug': 'game-gear', 'image': None, 'year_end': None, 'year_start': None, 'games_count': 228, 'image_background': 'https://media.rawg.io/media/games/e48/e4852b9be5eb6859870288d91f74aab6.jpg'}, 'released_at': '1986-01-01', 'requirements': {}}, {'platform': {'id': 41, 'name': 'Apple II', 'slug': 'apple-ii', 'image': None, 'year_end': None, 'year_start': None, 'games_count': 424, 'image_background': 'https://media.rawg.io/media/screenshots/3d2/3d2bb57b39e2efa39d1c385585b2ea8b.jpg'}, 'released_at': '1986-01-01', 'requirements': {}}, {'platform': {'id': 26, 'name': 'Game Boy', 'slug': 'game-boy', 'image': None, 'year_end': None, 'year_start': None, 'games_count': 617, 'image_background': 'https://media.rawg.io/media/games/057/0573c1c9e1f2414c1f4acabe86ee9fd9.jpg'}, 'released_at': '1986-01-01', 'requirements': {}}, {'platform': {'id': 4, 'name': 'PC', 'slug': 'pc', 'image': None, 'year_end': None, 'year_start': None, 'games_count': 547196, 'image_background': 'https://media.rawg.io/media/games/6fc/6fcf4cd3b17c288821388e6085bb0fc9.jpg'}, 'released_at': '1986-01-01', 'requirements': {}}, {'platform': {'id': 24, 'name': 'Game Boy Advance', 'slug': 'game-boy-advance', 'image': None, 'year_end': None, 'year_start': None, 'games_count': 950, 'image_background': 'https://media.rawg.io/media/games/98c/98c87b286cd2a2ba942167df384a9bd3.jpg'}, 'released_at': '1986-01-01', 'requirements': {}}, {'platform': {'id': 10, 'name': 'Wii U', 'slug': 'wii-u', 'image': None, 'year_end': None, 'year_start': None, 'games_count': 1114, 'image_background': 'https://media.rawg.io/media/games/85c/85c8ae70e7cdf0105f06ef6bdce63b8b.jpg'}, 'released_at': '1986-01-01', 'requirements': {}}, {'platform': {'id': 166, 'name': 'Commodore / Amiga', 'slug': 'commodore-amiga', 'image': None, 'year_end': None, 'year_start': None, 'games_count': 2083, 'image_background': 'https://media.rawg.io/media/games/cce/cce8bebe861f295003f5a9fe5b11233f.jpg'}, 'released_at': '1986-01-01', 'requirements': {}}]",[],"[{'id': 6586, 'name': 'Taito', 'slug': 'taito', 'games_count': 158, 'image_background': 'https://media.rawg.io/media/screenshots/89d/89d33b5f76431cbbc5c8a8f89c98825d.jpeg'}]",[],"[{'id': 31, 'name': 'Singleplayer', 'slug': 'singleplayer', 'language': 'eng', 'games_count': 238404, 'image_background': 'https://media.rawg.io/media/games/26d/26d4437715bee60138dab4a7c8c59c92.jpg'}, {'id': 7, 'name': 'Multiplayer', 'slug': 'multiplayer', 'language': 'eng', 'games_count': 40505, 'image_background': 'https://media.rawg.io/media/games/021/021c4e21a1824d2526f925eff6324653.jpg'}, {'id': 411, 'name': 'cooperative', 'slug': 'cooperative', 'language': 'eng', 'games_count': 5855, 'image_background': 'https://media.rawg.io/media/games/1bd/1bd2657b81eb0c99338120ad444b24ff.jpg'}]","[{'id': 10867, 'name': 'Taito', 'slug': 'taito', 'games_count': 200, 'image_background': 'https://media.rawg.io/media/games/541/541de539db14b477a5ae9973f6ea8193.jpg'}, {'id': 19733, 'name': 'Romstar', 'slug': 'romstar', 'games_count': 13, 'image_background': 'https://media.rawg.io/media/screenshots/b39/b3991acd25749955822c1704e3d336d9.jpg'}]",,"Bubble Bobble (バブルボブル, Baburu Boburu) is an comical action platformer video game by Taito, first released in arcades in 1986 and later ported to home systems. The game, starring the twin Bubble Dragons Bub and Bob, tasks players with travelling through one hundred stages, blowing and bursting bubbles, jumping on and off blown bubbles to navigate level obstacles, dodging and eliminating enemies, and collecting a variety of items including some that carry power-ups and significant bonuses. For example, some wrapped candies allow Bub and Bob to move faster, blow bubbles faster, and blow bubbles at greater distances. Other items, such as umbrellas, allow to skip numerous levels, moving closer to the final level. The game became popular and led to a long series of sequels and spin-offs. The main goal of the game is to rescue Bub and Bob's girlfriends from the Cave of Monsters. The game has multiple endings, which depend on the player's performance and discovery of secrets.
The creator of Bubble Bobble Fukio Mitsuji (MTJ) went on to create other games such as Rainbow Islands, Syvalion and Volfied. He died on December 11, 2008.",,9.0,50,32.0,11.0,30.0,3.0,,,,,,,,,,,,,,,,,
53684,arkanoid-1986,Arkanoid (1986),Arkanoid (1986),"<p>Arkanoid (アルカノイド, Arukanoido) is an arcade game released by Taito in 1986. It expanded upon Atari&#39;s Breakout games of the 1970s by adding power-ups, different types of bricks, a variety of level layouts, and visual layering and depth. The title refers to a doomed mother ship from which the player&#39;s ship, the Vaus, escapes. It was widely ported to contemporary systems and followed by a series of remakes and sequels, including the 1987 arcade game Arkanoid: Revenge of Doh. Arkanoid revived the Breakout concept, resulting in many clones and similar games for home computers, even over a decade later.</p>",,[],1986-01-01,False,2025-04-11T17:51:11,https://media.rawg.io/media/games/6da/6da8ab4f77ecf00143be5a7e394b4437.jpg,https://media.rawg.io/media/screenshots/c9c/c9ceca6b28ce424698645b1de277c8ff.jpg,,3.89,4,"[{'id': 4, 'title': 'recommended', 'count': 39, 'percent': 73.58}, {'id': 5, 'title': 'exceptional', 'count': 7, 'percent': 13.21}, {'id': 3, 'title': 'meh', 'count': 4, 'percent': 7.55}, {'id': 1, 'title': 'skip', 'count': 3, 'percent': 5.66}]",130,0,7,0,16,0,0,,,,,0,0,0,0,53,259,[],,0,0,7,,53,0f0f0f,0f0f0f,"[{'platform': {'id': 1, 'name': 'PC', 'slug': 'pc'}}, {'platform': {'id': 5, 'name': 'Apple Macintosh', 'slug': 'mac'}}, {'platform': {'id': 7, 'name': 'Nintendo', 'slug': 'nintendo'}}, {'platform': {'id': 9, 'name': 'Atari', 'slug': 'atari'}}, {'platform': {'id': 10, 'name': 'Commodore / Amiga', 'slug': 'commodore-amiga'}}]","[{'platform': {'id': 25, 'name': 'Atari 8-bit', 'slug': 'atari-8-bit', 'image': None, 'year_end': None, 'year_start': None, 'games_count': 308, 'image_background': 'https://media.rawg.io/media/screenshots/038/0385a47d3a43b218204268af5361a19e.jpg'}, 'released_at': '1986-01-01', 'requirements': {}}, {'platform': {'id': 4, 'name': 'PC', 'slug': 'pc', 'image': None, 'year_end': None, 'year_start': None, 'games_count': 547196, 'image_background': 'https://media.rawg.io/media/games/6fc/6fcf4cd3b17c288821388e6085bb0fc9.jpg'}, 'released_at': '1986-01-01', 'requirements': {}}, {'platform': {'id': 49, 'name': 'NES', 'slug': 'nes', 'image': None, 'year_end': None, 'year_start': None, 'games_count': 1015, 'image_background': 'https://media.rawg.io/media/games/7c5/7c50dd0415eb0a57505c58d4e50e4d24.jpg'}, 'released_at': '1986-01-01', 'requirements': {}}, {'platform': {'id': 166, 'name': 'Commodore / Amiga', 'slug': 'commodore-amiga', 'image': None, 'year_end': None, 'year_start': None, 'games_count': 2083, 'image_background': 'https://media.rawg.io/media/games/cce/cce8bebe861f295003f5a9fe5b11233f.jpg'}, 'released_at': '1986-01-01', 'requirements': {}}, {'platform': {'id': 55, 'name': 'Classic Macintosh', 'slug': 'macintosh', 'image': None, 'year_end': None, 'year_start': None, 'games_count': 675, 'image_background': 'https://media.rawg.io/media/games/38a/38af969459ad6e5de116ec8a4a84218c.jpg'}, 'released_at': '1986-01-01', 'requirements': {}}, {'platform': {'id': 34, 'name': 'Atari ST', 'slug': 'atari-st', 'image': None, 'year_end': None, 'year_start': None, 'games_count': 836, 'image_background': 'https://media.rawg.io/media/games/637/637d7dc2f44d0f6ddd3ee2c0b1366962.jpg'}, 'released_at': '1986-01-01', 'requirements': {}}, {'platform': {'id': 41, 'name': 'Apple II', 'slug': 'apple-ii', 'image': None, 'year_end': None, 'year_start': None, 'games_count': 424, 'image_background': 'https://media.rawg.io/media/screenshots/3d2/3d2bb57b39e2efa39d1c385585b2ea8b.jpg'}, 'released_at': '1986-01-01', 'requirements': {}}]",[],"[{'id': 13953, 'name': 'Atlus', 'slug': 'atlus', 'games_count': 114, 'image_background': 'https://media.rawg.io/media/games/68a/68a5aaddf51fa089fe1d2fcc9aa1b62b.jpg'}, {'id': 6586, 'name': 'Taito', 'slug': 'taito', 'games_count': 158, 'image_background': 'https://media.rawg.io/media/screenshots/89d/89d33b5f76431cbbc5c8a8f89c98825d.jpeg'}]",[],"[{'id': 31, 'name': 'Singleplayer', 'slug': 'singleplayer', 'language': 'eng', 'games_count': 238404, 'image_background': 'https://media.rawg.io/media/games/26d/26d4437715bee60138dab4a7c8c59c92.jpg'}, {'id': 418, 'name': '2 players', 'slug': '2-players', 'language': 'eng', 'games_count': 1244, 'image_background': 'https://media.rawg.io/media/screenshots/f9a/f9ac59bb4af2ca2193ee9ffb979577cf.jpg'}]","[{'id': 10867, 'name': 'Taito', 'slug': 'taito', 'games_count': 200, 'image_background': 'https://media.rawg.io/media/games/541/541de539db14b477a5ae9973f6ea8193.jpg'}, {'id': 19733, 'name': 'Romstar', 'slug': 'romstar', 'games_count': 13, 'image_background': 'https://media.rawg.io/media/screenshots/b39/b3991acd25749955822c1704e3d336d9.jpg'}]",,"Arkanoid (アルカノイド, Arukanoido) is an arcade game released by Taito in 1986. It expanded upon Atari's Breakout games of the 1970s by adding power-ups, different types of bricks, a variety of level layouts, and visual layering and depth. The title refers to a doomed mother ship from which the player's ship, the Vaus, escapes. It was widely ported to contemporary systems and followed by a series of remakes and sequels, including the 1987 arcade game Arkanoid: Revenge of Doh. Arkanoid revived the Breakout concept, resulting in many clones and similar games for home computers, even over a decade later.",,4.0,39,27.0,12.0,47.0,1.0,,,,,,,,,,,,,,,,,
4364,alex-kidd-in-miracle-world,Alex Kidd in Miracle World,Alex Kidd in Miracle World,"<p>The Kingdom of Radactian has fallen to the evil Janken the Great and its citizens have been turned to stone! As Alex Kidd, use your unique fighting abilities to destroy Janken and his minions and save the kingdom!</p>
<p>Now on PlayStation®Network, earn brand new trophies, challenge yourself with all new trial modes and compete against other users across the online leaderboards!</p>
<p>© SEGA. SEGA is registered in the U.S. Patent and Trademark Office. SEGA, the SEGA logo, Alex Kidd in Miracle World are either registered trademarks or trademarks of SEGA Corporation. All rights reserved.<br />
Purchase or use of this item is subject to the PlayStation®Network Terms of Service and User Agreement. This item has been sublicensed to you by Sony Computer Entertainment America.</p>",,[],1986-11-06,False,2024-01-23T01:40:13,https://media.rawg.io/media/screenshots/7c8/7c819a5aee2861c71cff0e14f2007f39.jpg,https://media.rawg.io/media/screenshots/267/26730548053792798299c717d73a2205.jpg,,3.88,4,"[{'id': 4, 'title': 'recommended', 'count': 21, 'percent': 63.64}, {'id': 3, 'title': 'meh', 'count': 6, 'percent': 18.18}, {'id': 5, 'title': 'exceptional', 'count': 5, 'percent': 15.15}, {'id': 1, 'title': 'skip', 'count': 1, 'percent': 3.03}]",129,3,6,0,6,12,12,,,,,0,107,152723,0,32,192,[],,0,1,5,,33,0f0f0f,0f0f0f,"[{'platform': {'id': 2, 'name': 'PlayStation', 'slug': 'playstation'}}, {'platform': {'id': 7, 'name': 'Nintendo', 'slug': 'nintendo'}}, {'platform': {'id': 11, 'name': 'SEGA', 'slug': 'sega'}}]","[{'platform': {'id': 7, 'name': 'Nintendo Switch', 'slug': 'nintendo-switch', 'image': None, 'year_end': None, 'year_start': None, 'games_count': 5623, 'image_background': 'https://media.rawg.io/media/games/f99/f9979698c43fd84c3ab69280576dd3af.jpg'}, 'released_at': '1986-11-06', 'requirements': {}}, {'platform': {'id': 16, 'name': 'PlayStation 3', 'slug': 'playstation3', 'image': None, 'year_end': None, 'year_start': None, 'games_count': 3167, 'image_background': 'https://media.rawg.io/media/games/736/73619bd336c894d6941d926bfd563946.jpg'}, 'released_at': '1986-11-06', 'requirements': {}}, {'platform': {'id': 11, 'name': 'Wii', 'slug': 'wii', 'image': None, 'year_end': None, 'year_start': None, 'games_count': 2209, 'image_background': 'https://media.rawg.io/media/games/9ca/9ca31615beee447f3ae1dc9b3b736dce.jpg'}, 'released_at': '1986-11-06', 'requirements': {}}, {'platform': {'id': 74, 'name': 'SEGA Master System', 'slug': 'sega-master-system', 'image': None, 'year_end': None, 'year_start': None, 'games_count': 234, 'image_background': 'https://media.rawg.io/media/screenshots/a7f/a7f3cb62af2ee95d92065da88583338b.jpg'}, 'released_at': '1986-11-06', 'requirements': {}}]","[{'id': 4692, 'url': '', 'store': {'id': 3, 'name': 'PlayStation Store', 'slug': 'playstation-store', 'domain': 'store.playstation.com', 'games_count': 8037, 'image_background': 'https://media.rawg.io/media/games/618/618c2031a07bbff6b4f611f10b6bcdbc.jpg'}}, {'id': 29092, 'url': '', 'store': {'id': 6, 'name': 'Nintendo Store', 'slug': 'nintendo', 'domain': 'nintendo.com', 'games_count': 9128, 'image_background': 'https://media.rawg.io/media/games/fc1/fc1307a2774506b5bd65d7e8424664a7.jpg'}}]","[{'id': 425, 'name': 'SEGA', 'slug': 'sega', 'games_count': 578, 'image_background': 'https://media.rawg.io/media/screenshots/845/84595759d06a7c5ed2eab76f623454f7.jpeg'}]","[{'id': 4, 'name': 'Action', 'slug': 'action', 'games_count': 186608, 'image_background': 'https://media.rawg.io/media/games/618/618c2031a07bbff6b4f611f10b6bcdbc.jpg'}, {'id': 5, 'name': 'RPG', 'slug': 'role-playing-games-rpg', 'games_count': 59370, 'image_background': 'https://media.rawg.io/media/games/f6b/f6bed028b02369d4cab548f4f9337e81.jpg'}]","[{'id': 413, 'name': 'online', 'slug': 'online', 'language': 'eng', 'games_count': 6554, 'image_background': 'https://media.rawg.io/media/games/9ca/9ca31615beee447f3ae1dc9b3b736dce.jpg'}, {'id': 1863, 'name': 'challenge', 'slug': 'challenge', 'language': 'eng', 'games_count': 12762, 'image_background': 'https://media.rawg.io/media/games/19e/19ea8efb10fcbcf1b9c60729d510ed14.jpg'}, {'id': 6465, 'name': 'unique', 'slug': 'unique', 'language': 'eng', 'games_count': 2638, 'image_background': 'https://media.rawg.io/media/screenshots/3df/3dfd3645632346929da6d01483ea52d5.jpg'}, {'id': 1328, 'name': 'office', 'slug': 'office', 'language': 'eng', 'games_count': 1072, 'image_background': 'https://media.rawg.io/media/games/ae4/ae4a8087739c065fb6ddda1308820ece.jpg'}]","[{'id': 3408, 'name': 'SEGA', 'slug': 'sega-2', 'games_count': 1262, 'image_background': 'https://media.rawg.io/media/games/be9/be9cf02720c9326e11d0fda14518554f.jpg'}]",,"The Kingdom of Radactian has fallen to the evil Janken the Great and its citizens have been turned to stone! As Alex Kidd, use your unique fighting abilities to destroy Janken and his minions and save the kingdom!

Now on PlayStation®Network, earn brand new trophies, challenge yourself with all new trial modes and compete against other users across the online leaderboards!

© SEGA. SEGA is registered in the U.S. Patent and Trademark Office. SEGA, the SEGA logo, Alex Kidd in Miracle World are either registered trademarks or trademarks of SEGA Corporation. All rights reserved.
Purchase or use of this item is subject to the PlayStation®Network Terms of Service and User Agreement. This item has been sublicensed to you by Sony Computer Entertainment America.",,6.0,72,22.0,6.0,19.0,4.0,2.0,Everyone 10+,everyone-10-plus,,,,,,,,,,,,,,
53800,dragon-quest-1986,Dragon Quest (1986),Dragon Quest (1986),"<p>Dragon Quest is the first role-playing video game (RPG) in the Dragon Quest media franchise. It was developed by Chunsoft for the Family Computer (or Famicom for short) and published by Enix in Japan in 1986 as Dragon Quest and by Nintendo in 1989 in North America for the Nintendo Entertainment System (or NES) as Dragon Warrior. Dragon Quest has been ported and remade for several video game platforms, including the MSX, PC-9801, Super Famicom, Game Boy Color, Nintendo 3DS, PlayStation 4 and mobile phones. In play, players control a hero character who is charged with saving the Kingdom of Alefgard and rescuing its princess from the evil Dragonlord. Dragon Warrior&#39;s story became the second part in a trilogy. Several more anime and manga games, which revolved around this overarching plot were created.<br />
Dragon Quest was created by Yuji Horii, who took inspiration from previous role-playing games such as Wizardry, Ultima, and his own 1983 title The Portopia Serial Murder Case. Horii wanted to create an RPG which would appeal to a wide audience of people who were unfamiliar with the genre of video games in general. He tried to place a greater emphasis on storytelling and emotional involvement, as well as simplify the interface and expose the mostly Western computer genre to the Japanese console market. Manga artist and Dragon Ball creator Akira Toriyama produced the game&#39;s artwork and Koichi Sugiyama composed its music. The North American version featured numerous changes, including battery-backed RAM save games (rather than using a password save system), modified character sprites and pseudo-Elizabethan English style dialog.<br />
Dragon Quest was commercially successful in Japan, with more than 2 million copies sold. Its release as Dragon Warrior in North America, and other Western countries, was less favorably received. Later, Western critics noted the game&#39;s shortcomings but acknowledged its importance to the genre. Its original pseudo-Elizabethan English script has been praised in many of these reviews. Fan-made ROM hacks were released with substantial changes to the game. The game&#39;s sound effects have also been orchestrated, and its music has been performed at numerous concerts. As a whole, Dragon Warrior has been credited with establishing the basic template for the Japanese console RPGs that followed.</p>",,[],1986-05-27,False,2024-10-25T00:26:00,https://media.rawg.io/media/screenshots/ecb/ecbb1fe5a3b0e585c2a2e58a39762f38.jpg,https://media.rawg.io/media/screenshots/805/80591c547961659cd9689c566e8d8cb2.jpg,,3.89,4,"[{'id': 4, 'title': 'recommended', 'count': 39, 'percent': 73.58}, {'id': 5, 'title': 'exceptional', 'count': 6, 'percent': 11.32}, {'id': 3, 'title': 'meh', 'count': 6, 'percent': 11.32}, {'id': 1, 'title': 'skip', 'count': 2, 'percent': 3.77}]",124,0,16,0,5,0,0,,,,,0,0,0,3,50,269,['Dragon Warrior'],,0,0,35,,53,0f0f0f,0f0f0f,"[{'platform': {'id': 4, 'name': 'iOS', 'slug': 'ios'}}, {'platform': {'id': 8, 'name': 'Android', 'slug': 'android'}}, {'platform': {'id': 7, 'name': 'Nintendo', 'slug': 'nintendo'}}]","[{'platform': {'id': 49, 'name': 'NES', 'slug': 'nes', 'image': None, 'year_end': None, 'year_start': None, 'games_count': 1015, 'image_background': 'https://media.rawg.io/media/games/7c5/7c50dd0415eb0a57505c58d4e50e4d24.jpg'}, 'released_at': '1986-05-27', 'requirements': {}}, {'platform': {'id': 43, 'name': 'Game Boy Color', 'slug': 'game-boy-color', 'image': None, 'year_end': None, 'year_start': None, 'games_count': 427, 'image_background': 'https://media.rawg.io/media/games/28b/28b088364ecab7870dffc3b710104734.jpg'}, 'released_at': '1986-05-27', 'requirements': {}}, {'platform': {'id': 26, 'name': 'Game Boy', 'slug': 'game-boy', 'image': None, 'year_end': None, 'year_start': None, 'games_count': 617, 'image_background': 'https://media.rawg.io/media/games/057/0573c1c9e1f2414c1f4acabe86ee9fd9.jpg'}, 'released_at': '1986-05-27', 'requirements': {}}, {'platform': {'id': 21, 'name': 'Android', 'slug': 'android', 'image': None, 'year_end': None, 'year_start': None, 'games_count': 52427, 'image_background': 'https://media.rawg.io/media/games/198/1988a337305e008b41d7f536ce9b73f6.jpg'}, 'released_at': '1986-05-27', 'requirements': {}}, {'platform': {'id': 7, 'name': 'Nintendo Switch', 'slug': 'nintendo-switch', 'image': None, 'year_end': None, 'year_start': None, 'games_count': 5623, 'image_background': 'https://media.rawg.io/media/games/f99/f9979698c43fd84c3ab69280576dd3af.jpg'}, 'released_at': '1986-05-27', 'requirements': {}}, {'platform': {'id': 3, 'name': 'iOS', 'slug': 'ios', 'image': None, 'year_end': None, 'year_start': None, 'games_count': 77392, 'image_background': 'https://media.rawg.io/media/games/5fa/5fae5fec3c943179e09da67a4427d68f.jpg'}, 'released_at': '1986-05-27', 'requirements': {}}]",[],"[{'id': 4132, 'name': 'Square Enix', 'slug': 'square-enix', 'games_count': 368, 'image_background': 'https://media.rawg.io/media/games/214/2140885d34e3a3398b45036e5d870971.jpg'}, {'id': 132405, 'name': 'Level 5', 'slug': 'level-5-2', 'games_count': 68, 'image_background': 'https://media.rawg.io/media/screenshots/861/8611a2305de71619925ed4b64621925c.jpg'}, {'id': 19299, 'name': 'Armor Project', 'slug': 'armor-project', 'games_count': 5, 'image_background': 'https://media.rawg.io/media/screenshots/d2f/d2f0449ba85517b144ace60e496350e5.jpg'}, {'id': 26340, 'name': 'Chunsoft', 'slug': 'chunsoft', 'games_count': 20, 'image_background': 'https://media.rawg.io/media/screenshots/271/2717882cb18cb7f317d71b4f175e5b91.jpg'}, {'id': 20499, 'name': 'Bird Studio', 'slug': 'bird-studio', 'games_count': 2, 'image_background': 'https://media.rawg.io/media/screenshots/782/782e85426ac03b6f9c2d38f37b31b060.jpg'}, {'id': 19473, 'name': 'ArtePiazza', 'slug': 'artepiazza', 'games_count': 8, 'image_background': 'https://media.rawg.io/media/screenshots/667/66774382eb3120b324a4132f0c8460c5.jpg'}, {'id': 26883, 'name': 'Heartbeat', 'slug': 'heartbeat', 'games_count': 3, 'image_background': 'https://media.rawg.io/media/screenshots/ecb/ecbb1fe5a3b0e585c2a2e58a39762f38.jpg'}, {'id': 26885, 'name': ""'''Game design:'''"", 'slug': 'game-design', 'games_count': 1, 'image_background': 'https://media.rawg.io/media/screenshots/ecb/ecbb1fe5a3b0e585c2a2e58a39762f38.jpg'}, {'id': 26884, 'name': ""'''Main series programming:'''"", 'slug': 'main-series-programming', 'games_count': 1, 'image_background': 'https://media.rawg.io/media/screenshots/ecb/ecbb1fe5a3b0e585c2a2e58a39762f38.jpg'}]","[{'id': 5, 'name': 'RPG', 'slug': 'role-playing-games-rpg', 'games_count': 59370, 'image_background': 'https://media.rawg.io/media/games/f6b/f6bed028b02369d4cab548f4f9337e81.jpg'}]","[{'id': 31, 'name': 'Singleplayer', 'slug': 'singleplayer', 'language': 'eng', 'games_count': 238404, 'image_background': 'https://media.rawg.io/media/games/26d/26d4437715bee60138dab4a7c8c59c92.jpg'}]","[{'id': 308, 'name': 'Square Enix', 'slug': 'square-enix', 'games_count': 601, 'image_background': 'https://media.rawg.io/media/games/59a/59a3ebcba3d08c51532c6ca877aff256.jpg'}, {'id': 10681, 'name': 'Nintendo', 'slug': 'nintendo', 'games_count': 1235, 'image_background': 'https://media.rawg.io/media/games/dd1/dd167cf8753db3748a975d61cc926e54.jpg'}, {'id': 19552, 'name': 'Enix', 'slug': 'enix', 'games_count': 39, 'image_background': 'https://media.rawg.io/media/screenshots/40b/40b05f83bfb73679bec0cd064c529fd4.jpg'}, {'id': 20178, 'name': 'Euro PAL', 'slug': 'euro-pal', 'games_count': 1, 'image_background': 'https://media.rawg.io/media/screenshots/ecb/ecbb1fe5a3b0e585c2a2e58a39762f38.jpg'}]",,"Dragon Quest is the first role-playing video game (RPG) in the Dragon Quest media franchise. It was developed by Chunsoft for the Family Computer (or Famicom for short) and published by Enix in Japan in 1986 as Dragon Quest and by Nintendo in 1989 in North America for the Nintendo Entertainment System (or NES) as Dragon Warrior. Dragon Quest has been ported and remade for several video game platforms, including the MSX, PC-9801, Super Famicom, Game Boy Color, Nintendo 3DS, PlayStation 4 and mobile phones. In play, players control a hero character who is charged with saving the Kingdom of Alefgard and rescuing its princess from the evil Dragonlord. Dragon Warrior's story became the second part in a trilogy. Several more anime and manga games, which revolved around this overarching plot were created.
Dragon Quest was created by Yuji Horii, who took inspiration from previous role-playing games such as Wizardry, Ultima, and his own 1983 title The Portopia Serial Murder Case. Horii wanted to create an RPG which would appeal to a wide audience of people who were unfamiliar with the genre of video games in general. He tried to place a greater emphasis on storytelling and emotional involvement, as well as simplify the interface and expose the mostly Western computer genre to the Japanese console market. Manga artist and Dragon Ball creator Akira Toriyama produced the game's artwork and Koichi Sugiyama composed its music. The North American version featured numerous changes, including battery-backed RAM save games (rather than using a password save system), modified character sprites and pseudo-Elizabethan English style dialog.
Dragon Quest was commercially successful in Japan, with more than 2 million copies sold. Its release as Dragon Warrior in North America, and other Western countries, was less favorably received. Later, Western critics noted the game's shortcomings but acknowledged its importance to the genre. Its original pseudo-Elizabethan English script has been praised in many of these reviews. Fan-made ROM hacks were released with substantial changes to the game. The game's sound effects have also been orchestrated, and its music has been performed at numerous concerts. As a whole, Dragon Warrior has been credited with establishing the basic template for the Japanese console RPGs that followed.",,13.0,35,49.0,14.0,9.0,4.0,,,,,,,,,,,,,,,,,
53195,kid-icarus-1986,Kid Icarus (1986),Kid Icarus (1986),"<p>Kid Icarus, known in Japan as Light Mythology: Palutena&#39;s Mirror, is an action platform video game for the Family Computer Disk System in Japan and the Nintendo Entertainment System in Europe and North America. The first entry in Nintendo&#39;s Kid Icarus series, it was published in Japan in December 1986, and in Europe and North America in February and July 1987, respectively. It was later re-released for the Game Boy Advance in Japan during 2004, and for the Wii&#39;s Virtual Console online service in 2007. A sequel to this game was released for the Game Boy in 1991, and a third entry to the series was published for the Nintendo 3DS handheld console in March 2012.<br />
The plot of Kid Icarus revolves around protagonist Pit&#39;s quest for three sacred treasures, which he must equip to rescue the Grecian fantasy world Angel Land and its ruler, the goddess Palutena. The player controls Pit through platform areas while fighting monsters and collecting items. Their objective is to reach the end of the levels, and to find and defeat boss monsters that guard the three treasures. The game was developed by Nintendo&#39;s Research and Development 1 division, and co-developed with TOSE, who helped with additional programming. It was designed by Toru Osawa and Yoshio Sakamoto, directed by Satoru Okada, and produced by Gunpei Yokoi.<br />
Despite its mixed critical reception, Kid Icarus is a cult classic. Reviewers praised the game for its music and its mixture of gameplay elements from different genres, but criticized its graphics and high difficulty level. It was included in several lists of the best games compiled by IGN and Nintendo Power. After the release of the Game Boy sequel Kid Icarus: Of Myths and Monsters in 1991, the game series lay dormant for 21 years. It was eventually revived with a 3D shooter for the Nintendo 3DS, titled Kid Icarus: Uprising, after Pit&#39;s inclusion as a playable character in Super Smash Bros. Brawl.</p>",,[],1986-12-19,False,2024-02-14T15:17:02,https://media.rawg.io/media/games/9a9/9a982da190ff3bbbf36511675d174d89.jpg,https://media.rawg.io/media/screenshots/4d6/4d634fb4ad4122cfed942f100ec608bf.jpg,,3.49,4,"[{'id': 4, 'title': 'recommended', 'count': 19, 'percent': 48.72}, {'id': 3, 'title': 'meh', 'count': 14, 'percent': 35.9}, {'id': 5, 'title': 'exceptional', 'count': 3, 'percent': 7.69}, {'id': 1, 'title': 'skip', 'count': 3, 'percent': 7.69}]",117,0,5,0,5,0,0,,,,,0,0,0,1,37,134,"['3D Classics: Palutena no Kagami', 'Hikari Shinwa: Palutena no Kagami', ""The Myth of Light: Palutena's Mirror"", '光神話\u3000パルテナの鏡']",https://www.metacritic.com/game/3ds/3d-classics-kid-icarus,0,3,2,,39,0f0f0f,0f0f0f,"[{'platform': {'id': 7, 'name': 'Nintendo', 'slug': 'nintendo'}}]","[{'platform': {'id': 24, 'name': 'Game Boy Advance', 'slug': 'game-boy-advance', 'image': None, 'year_end': None, 'year_start': None, 'games_count': 950, 'image_background': 'https://media.rawg.io/media/games/98c/98c87b286cd2a2ba942167df384a9bd3.jpg'}, 'released_at': '1986-12-19', 'requirements': {}}, {'platform': {'id': 49, 'name': 'NES', 'slug': 'nes', 'image': None, 'year_end': None, 'year_start': None, 'games_count': 1015, 'image_background': 'https://media.rawg.io/media/games/7c5/7c50dd0415eb0a57505c58d4e50e4d24.jpg'}, 'released_at': '1986-12-19', 'requirements': {}}]",[],"[{'id': 16257, 'name': 'Nintendo', 'slug': 'nintendo', 'games_count': 426, 'image_background': 'https://media.rawg.io/media/games/d9c/d9c8b7edc78391619566adfeb52b5a9a.jpg'}, {'id': 18965, 'name': 'Tose', 'slug': 'tose', 'games_count': 104, 'image_background': 'https://media.rawg.io/media/screenshots/b99/b99368acaff24dbda444f4ed613fedd1.jpg'}]","[{'id': 4, 'name': 'Action', 'slug': 'action', 'games_count': 186608, 'image_background': 'https://media.rawg.io/media/games/618/618c2031a07bbff6b4f611f10b6bcdbc.jpg'}]","[{'id': 31, 'name': 'Singleplayer', 'slug': 'singleplayer', 'language': 'eng', 'games_count': 238404, 'image_background': 'https://media.rawg.io/media/games/26d/26d4437715bee60138dab4a7c8c59c92.jpg'}]","[{'id': 10681, 'name': 'Nintendo', 'slug': 'nintendo', 'games_count': 1235, 'image_background': 'https://media.rawg.io/media/games/dd1/dd167cf8753db3748a975d61cc926e54.jpg'}]",,"Kid Icarus, known in Japan as Light Mythology: Palutena's Mirror, is an action platform video game for the Family Computer Disk System in Japan and the Nintendo Entertainment System in Europe and North America. The first entry in Nintendo's Kid Icarus series, it was published in Japan in December 1986, and in Europe and North America in February and July 1987, respectively. It was later re-released for the Game Boy Advance in Japan during 2004, and for the Wii's Virtual Console online service in 2007. A sequel to this game was released for the Game Boy in 1991, and a third entry to the series was published for the Nintendo 3DS handheld console in March 2012.
The plot of Kid Icarus revolves around protagonist Pit's quest for three sacred treasures, which he must equip to rescue the Grecian fantasy world Angel Land and its ruler, the goddess Palutena. The player controls Pit through platform areas while fighting monsters and collecting items. Their objective is to reach the end of the levels, and to find and defeat boss monsters that guard the three treasures. The game was developed by Nintendo's Research and Development 1 division, and co-developed with TOSE, who helped with additional programming. It was designed by Toru Osawa and Yoshio Sakamoto, directed by Satoru Okada, and produced by Gunpei Yokoi.
Despite its mixed critical reception, Kid Icarus is a cult classic. Reviewers praised the game for its music and its mixture of gameplay elements from different genres, but criticized its graphics and high difficulty level. It was included in several lists of the best games compiled by IGN and Nintendo Power. After the release of the Game Boy sequel Kid Icarus: Of Myths and Monsters in 1991, the game series lay dormant for 21 years. It was eventually revived with a 3D shooter for the Nintendo 3DS, titled Kid Icarus: Uprising, after Pit's inclusion as a playable character in Super Smash Bros. Brawl.",,12.0,37,22.0,15.0,29.0,2.0,1.0,Everyone,everyone,,,,,,,,,,,,,,
53877,jackal-1986,Jackal (1986),Jackal (1986),"<p>Jackal (特殊部隊ジャッカル, Tokushu Butai Jakkaru, &quot;Special Forces Jackal&quot;), also distributed under the title of Top Gunner, is an overhead run&#39;n gun-style shoot-&#39;em-up video game by Konami released for the arcades in 1986. The player must maneuver an armed jeep in order to rescue prisoners of war (POWs) trapped in enemy territory.</p>",,[],1986-06-27,False,2025-04-11T17:29:31,https://media.rawg.io/media/games/5bd/5bd8dbfb7d039deb57eb814e70328e1d.jpg,https://media.rawg.io/media/screenshots/7a2/7a2a966c815541bb676c5cf682a53c81.jpg,,4.11,4,"[{'id': 4, 'title': 'recommended', 'count': 29, 'percent': 52.73}, {'id': 5, 'title': 'exceptional', 'count': 17, 'percent': 30.91}, {'id': 3, 'title': 'meh', 'count': 8, 'percent': 14.55}, {'id': 1, 'title': 'skip', 'count': 1, 'percent': 1.82}]",109,0,6,0,0,0,0,,,,,0,0,0,1,54,290,[],,0,0,0,,55,0f0f0f,0f0f0f,"[{'platform': {'id': 1, 'name': 'PC', 'slug': 'pc'}}, {'platform': {'id': 7, 'name': 'Nintendo', 'slug': 'nintendo'}}, {'platform': {'id': 10, 'name': 'Commodore / Amiga', 'slug': 'commodore-amiga'}}]","[{'platform': {'id': 4, 'name': 'PC', 'slug': 'pc', 'image': None, 'year_end': None, 'year_start': None, 'games_count': 547196, 'image_background': 'https://media.rawg.io/media/games/6fc/6fcf4cd3b17c288821388e6085bb0fc9.jpg'}, 'released_at': '1986-06-27', 'requirements': {}}, {'platform': {'id': 49, 'name': 'NES', 'slug': 'nes', 'image': None, 'year_end': None, 'year_start': None, 'games_count': 1015, 'image_background': 'https://media.rawg.io/media/games/7c5/7c50dd0415eb0a57505c58d4e50e4d24.jpg'}, 'released_at': '1986-06-27', 'requirements': {}}, {'platform': {'id': 166, 'name': 'Commodore / Amiga', 'slug': 'commodore-amiga', 'image': None, 'year_end': None, 'year_start': None, 'games_count': 2083, 'image_background': 'https://media.rawg.io/media/games/cce/cce8bebe861f295003f5a9fe5b11233f.jpg'}, 'released_at': '1986-06-27', 'requirements': {}}]",[],"[{'id': 1971, 'name': 'Konami Digital Entertainment', 'slug': 'konami-digital-entertainment', 'games_count': 467, 'image_background': 'https://media.rawg.io/media/games/d56/d56412cd670313ef306da64669c381d8.jpg'}]",[],"[{'id': 31, 'name': 'Singleplayer', 'slug': 'singleplayer', 'language': 'eng', 'games_count': 238404, 'image_background': 'https://media.rawg.io/media/games/26d/26d4437715bee60138dab4a7c8c59c92.jpg'}, {'id': 7, 'name': 'Multiplayer', 'slug': 'multiplayer', 'language': 'eng', 'games_count': 40505, 'image_background': 'https://media.rawg.io/media/games/021/021c4e21a1824d2526f925eff6324653.jpg'}, {'id': 411, 'name': 'cooperative', 'slug': 'cooperative', 'language': 'eng', 'games_count': 5855, 'image_background': 'https://media.rawg.io/media/games/1bd/1bd2657b81eb0c99338120ad444b24ff.jpg'}]","[{'id': 10691, 'name': 'Konami', 'slug': 'konami', 'games_count': 788, 'image_background': 'https://media.rawg.io/media/games/85e/85e4c8a78cf9b82b5ed19262fe00c00f.jpg'}]",,"Jackal (特殊部隊ジャッカル, Tokushu Butai Jakkaru, ""Special Forces Jackal""), also distributed under the title of Top Gunner, is an overhead run'n gun-style shoot-'em-up video game by Konami released for the arcades in 1986. The player must maneuver an armed jeep in order to rescue prisoners of war (POWs) trapped in enemy territory.",,2.0,33,50.0,4.0,18.0,2.0,,,,,,,,,1.0,,,,,,,,
55084,out-run,Out Run,Out Run,"<p>Out Run (アウトラン, Auto Ran) is an arcade game released by Sega in 1986. It was designed by Yu Suzuki and developed by Sega AM2. The game was a critical and commercial success, becoming one of the best-selling video games of its time. It is notable for its pioneering hardware and graphics, and innovative features such as a selectable soundtrack with music composed by Hiroshi Kawaguchi, along with nonlinear gameplay.</p>",,[],1986-09-20,False,2024-09-19T18:19:53,https://media.rawg.io/media/screenshots/2d9/2d937c875cfb39571993e23713a358c4.jpg,https://media.rawg.io/media/screenshots/d68/d68f8a42283de7a74735bca5301b2766.jpg,,3.84,4,"[{'id': 4, 'title': 'recommended', 'count': 19, 'percent': 59.38}, {'id': 3, 'title': 'meh', 'count': 7, 'percent': 21.88}, {'id': 5, 'title': 'exceptional', 'count': 5, 'percent': 15.62}, {'id': 1, 'title': 'skip', 'count': 1, 'percent': 3.12}]",83,0,26,0,2,0,0,,,,,0,0,0,1,31,300,[],,0,0,0,,32,0f0f0f,0f0f0f,"[{'platform': {'id': 1, 'name': 'PC', 'slug': 'pc'}}, {'platform': {'id': 7, 'name': 'Nintendo', 'slug': 'nintendo'}}, {'platform': {'id': 9, 'name': 'Atari', 'slug': 'atari'}}, {'platform': {'id': 10, 'name': 'Commodore / Amiga', 'slug': 'commodore-amiga'}}, {'platform': {'id': 11, 'name': 'SEGA', 'slug': 'sega'}}]","[{'platform': {'id': 166, 'name': 'Commodore / Amiga', 'slug': 'commodore-amiga', 'image': None, 'year_end': None, 'year_start': None, 'games_count': 2083, 'image_background': 'https://media.rawg.io/media/games/cce/cce8bebe861f295003f5a9fe5b11233f.jpg'}, 'released_at': '1986-09-20', 'requirements': {}}, {'platform': {'id': 4, 'name': 'PC', 'slug': 'pc', 'image': None, 'year_end': None, 'year_start': None, 'games_count': 547196, 'image_background': 'https://media.rawg.io/media/games/6fc/6fcf4cd3b17c288821388e6085bb0fc9.jpg'}, 'released_at': '1986-09-20', 'requirements': {}}, {'platform': {'id': 34, 'name': 'Atari ST', 'slug': 'atari-st', 'image': None, 'year_end': None, 'year_start': None, 'games_count': 836, 'image_background': 'https://media.rawg.io/media/games/637/637d7dc2f44d0f6ddd3ee2c0b1366962.jpg'}, 'released_at': '1986-09-20', 'requirements': {}}, {'platform': {'id': 107, 'name': 'SEGA Saturn', 'slug': 'sega-saturn', 'image': None, 'year_end': None, 'year_start': None, 'games_count': 372, 'image_background': 'https://media.rawg.io/media/screenshots/0fa/0fa357fe0160e2b592a6fafff0e6683e.jpg'}, 'released_at': '1986-09-20', 'requirements': {}}, {'platform': {'id': 74, 'name': 'SEGA Master System', 'slug': 'sega-master-system', 'image': None, 'year_end': None, 'year_start': None, 'games_count': 234, 'image_background': 'https://media.rawg.io/media/screenshots/a7f/a7f3cb62af2ee95d92065da88583338b.jpg'}, 'released_at': '1986-09-20', 'requirements': {}}, {'platform': {'id': 8, 'name': 'Nintendo 3DS', 'slug': 'nintendo-3ds', 'image': None, 'year_end': None, 'year_start': None, 'games_count': 1682, 'image_background': 'https://media.rawg.io/media/screenshots/42d/42d770eb49f2ba01cd4045e0d92af7a9.jpg'}, 'released_at': '1986-09-20', 'requirements': {}}, {'platform': {'id': 77, 'name': 'Game Gear', 'slug': 'game-gear', 'image': None, 'year_end': None, 'year_start': None, 'games_count': 228, 'image_background': 'https://media.rawg.io/media/games/e48/e4852b9be5eb6859870288d91f74aab6.jpg'}, 'released_at': '1986-09-20', 'requirements': {}}, {'platform': {'id': 167, 'name': 'Genesis', 'slug': 'genesis', 'image': None, 'year_end': None, 'year_start': None, 'games_count': 849, 'image_background': 'https://media.rawg.io/media/screenshots/180/180b5f6e5d8c770bbbf941b9875046b6.jpg'}, 'released_at': '1986-09-20', 'requirements': {}}]",[],"[{'id': 425, 'name': 'SEGA', 'slug': 'sega', 'games_count': 578, 'image_background': 'https://media.rawg.io/media/screenshots/845/84595759d06a7c5ed2eab76f623454f7.jpeg'}]","[{'id': 1, 'name': 'Racing', 'slug': 'racing', 'games_count': 25359, 'image_background': 'https://media.rawg.io/media/screenshots/69b/69bb243ea9896ddfc2e051b58e81624d.jpg'}]","[{'id': 31, 'name': 'Singleplayer', 'slug': 'singleplayer', 'language': 'eng', 'games_count': 238404, 'image_background': 'https://media.rawg.io/media/games/26d/26d4437715bee60138dab4a7c8c59c92.jpg'}]","[{'id': 3408, 'name': 'SEGA', 'slug': 'sega-2', 'games_count': 1262, 'image_background': 'https://media.rawg.io/media/games/be9/be9cf02720c9326e11d0fda14518554f.jpg'}]",,"Out Run (アウトラン, Auto Ran) is an arcade game released by Sega in 1986. It was designed by Yu Suzuki and developed by Sega AM2. The game was a critical and commercial success, becoming one of the best-selling video games of its time. It is notable for its pioneering hardware and graphics, and innovative features such as a selectable soundtrack with music composed by Hiroshi Kawaguchi, along with nonlinear gameplay.",1.0,2.0,28,18.0,8.0,26.0,1.0,,,,1.0,,1.0,,,,1.0,1.0,1.0,1.0,1.0,,,
20590,falcon,Falcon,Falcon,"When you climb into the cockpit of the F-16 Fighting Falcon, get set for the ""flight of your life"" as the powerful FALCON F-16 takes you streaking across the sky at Mach 2. Accurate weapons system, head-up-displays, cockpit controls, and overall flight characteristics make this the ultimate in simulations. The enemy MiGs you encounter are resourceful and very skilled.<br/><br/>Whether you are a novice pilot or a real ""top gun,"" FALCON is for you! 3-D graphic images of buildings, forests, freeways, and bridges flash by as you fly at the speed of sound only 150 feet above the deck. Take out bridges, power stations, tanks, airfields, and SAM sites. Even fly with an F-16 wingman as you take on one of the many daring missions.<br/><br/>""Sweaty palms"" and a pounding heart are normal occurrences during dogfight engagements in FALCON. Mastering the most effective use of your heat-seeking missiles, Maverick missiles, bombs and cannon systems will determine your destiny. The MiG-21's will be merciless. FALCON - you won't believe it!<br/><br/>Features:<br/><ul><li>Take advantage of 16-bit technology<br/></li><li>3-D graphics displays<br/></li><li>Complete weapons system, including AIM9J and AIM9L heat-seeking missiles, AGM-65B Maverick missiles, MK 84 bombs, and more<br/></li><li>Comprehensive suite of F-16 electronics and counter measures<br/></li><li>Multiple views (four cockpit views, chase point vantage, tower, MiG, or missile viewpoint)<br/></li><li>Blackbox flight recorder<br/></li><li>Twelve exciting missions<br/></li><li>Five skill levels (Lieutenant to Colonel)<br/></li><li>Ability to re-arm and refuel<br/></li><li>Awards and commendations</li></ul>",,[],1986-12-31,False,2024-04-02T13:46:14,https://media.rawg.io/media/screenshots/cd1/cd1b5ca5668553267422582f9f1cdc1a.jpg,https://media.rawg.io/media/screenshots/626/6260a77013eec5178a7c80a77a920dbb.jpg,http://retroism.com/,0.0,0,"[{'id': 5, 'title': 'exceptional', 'count': 1, 'percent': 50.0}, {'id': 1, 'title': 'skip', 'count': 1, 'percent': 50.0}]",81,1,13,0,2,0,0,,,,,0,2,0,0,2,212,[],,0,0,5,,2,0f0f0f,0f0f0f,"[{'platform': {'id': 1, 'name': 'PC', 'slug': 'pc'}}, {'platform': {'id': 5, 'name': 'Apple Macintosh', 'slug': 'mac'}}, {'platform': {'id': 9, 'name': 'Atari', 'slug': 'atari'}}, {'platform': {'id': 10, 'name': 'Commodore / Amiga', 'slug': 'commodore-amiga'}}]","[{'platform': {'id': 55, 'name': 'Classic Macintosh', 'slug': 'macintosh', 'image': None, 'year_end': None, 'year_start': None, 'games_count': 675, 'image_background': 'https://media.rawg.io/media/games/38a/38af969459ad6e5de116ec8a4a84218c.jpg'}, 'released_at': None, 'requirements': {}}, {'platform': {'id': 34, 'name': 'Atari ST', 'slug': 'atari-st', 'image': None, 'year_end': None, 'year_start': None, 'games_count': 836, 'image_background': 'https://media.rawg.io/media/games/637/637d7dc2f44d0f6ddd3ee2c0b1366962.jpg'}, 'released_at': None, 'requirements': {}}, {'platform': {'id': 166, 'name': 'Commodore / Amiga', 'slug': 'commodore-amiga', 'image': None, 'year_end': None, 'year_start': None, 'games_count': 2083, 'image_background': 'https://media.rawg.io/media/games/cce/cce8bebe861f295003f5a9fe5b11233f.jpg'}, 'released_at': None, 'requirements': {}}, {'platform': {'id': 4, 'name': 'PC', 'slug': 'pc', 'image': None, 'year_end': None, 'year_start': None, 'games_count': 547196, 'image_background': 'https://media.rawg.io/media/games/6fc/6fcf4cd3b17c288821388e6085bb0fc9.jpg'}, 'released_at': '1986-12-31', 'requirements': {'minimum': 'Minimum:\nOS: Windows XP / Vista / 7 / 8 / 10\nProcessor: 1.8 GHz Processor\nMemory: 512 MB RAM\nGraphics: 3D graphics card compatible with DirectX 7\nStorage: 50 MB available space\nSound Card: 100% DirectX compatible card or onboard sound', 'recommended': 'Recommended:\nOS: Windows 10\nProcessor: 1.8 GHz Processor\nMemory: 1 GB RAM\nGraphics: 3D graphics card compatible with DirectX 9\nStorage: 50 MB available space\nSound Card: 100% DirectX compatible card or onboard sound'}}]","[{'id': 960697, 'url': '', 'store': {'id': 5, 'name': 'GOG', 'slug': 'gog', 'domain': 'gog.com', 'games_count': 6713, 'image_background': 'https://media.rawg.io/media/games/5c0/5c0dd63002cb23f804aab327d40ef119.jpg'}}, {'id': 23159, 'url': '', 'store': {'id': 1, 'name': 'Steam', 'slug': 'steam', 'domain': 'store.steampowered.com', 'games_count': 110181, 'image_background': 'https://media.rawg.io/media/games/7fa/7fa0b586293c5861ee32490e953a4996.jpg'}}]","[{'id': 11918, 'name': 'Spectrum Holobyte', 'slug': 'spectrum-holobyte', 'games_count': 16, 'image_background': 'https://media.rawg.io/media/screenshots/3b8/3b8abab49a324c9d69fdc6792090ff8b.jpg'}, {'id': 14599, 'name': 'Rowan Software', 'slug': 'rowan-software', 'games_count': 11, 'image_background': 'https://media.rawg.io/media/screenshots/dde/dde2fb99e8022798ccff204f3061d476.jpg'}, {'id': 15330, 'name': 'Sphere', 'slug': 'sphere', 'games_count': 5, 'image_background': 'https://media.rawg.io/media/screenshots/000/000744ed6dfa75c7b8efc3e87a1fc5af.jpg'}, {'id': 26947, 'name': 'Turbo Technologies', 'slug': 'turbo-technologies', 'games_count': 4, 'image_background': 'https://media.rawg.io/media/games/1ec/1ec16c256ffc85e3dfcbeb96f1303311.jpg'}]","[{'id': 14, 'name': 'Simulation', 'slug': 'simulation', 'games_count': 73491, 'image_background': 'https://media.rawg.io/media/games/48c/48cb04ca483be865e3a83119c94e6097.jpg'}]","[{'id': 31, 'name': 'Singleplayer', 'slug': 'singleplayer', 'language': 'eng', 'games_count': 238404, 'image_background': 'https://media.rawg.io/media/games/26d/26d4437715bee60138dab4a7c8c59c92.jpg'}, {'id': 7, 'name': 'Multiplayer', 'slug': 'multiplayer', 'language': 'eng', 'games_count': 40505, 'image_background': 'https://media.rawg.io/media/games/021/021c4e21a1824d2526f925eff6324653.jpg'}, {'id': 74, 'name': 'Retro', 'slug': 'retro', 'language': 'eng', 'games_count': 43195, 'image_background': 'https://media.rawg.io/media/games/e04/e04963f3ac4c4fa83a1dc0b9231e50db.jpg'}]","[{'id': 4801, 'name': 'Retroism', 'slug': 'retroism', 'games_count': 96, 'image_background': 'https://media.rawg.io/media/screenshots/7a3/7a32b396c30e2421e79b85f25c7c640d.jpg'}, {'id': 11455, 'name': 'MicroProse', 'slug': 'microprose', 'games_count': 130, 'image_background': 'https://media.rawg.io/media/screenshots/05f/05f21409dac9ce60809bc1bce40d657a.jpg'}, {'id': 12092, 'name': 'Mirrorsoft', 'slug': 'mirrorsoft', 'games_count': 32, 'image_background': 'https://media.rawg.io/media/screenshots/dc4/dc41719cdc3e2d85103ccde3d6ca976e.jpg'}, {'id': 11891, 'name': 'Spectrum Holobyte', 'slug': 'spectrum-holobyte', 'games_count': 21, 'image_background': 'https://media.rawg.io/media/screenshots/f5d/f5d764bd8c8999bd6f4348b7f3dd6681.jpg'}]",,"When you climb into the cockpit of the F-16 Fighting Falcon, get set for the ""flight of your life"" as the powerful FALCON F-16 takes you streaking across the sky at Mach 2. Accurate weapons system, head-up-displays, cockpit controls, and overall flight characteristics make this the ultimate in simulations. The enemy MiGs you encounter are resourceful and very skilled.
Whether you are a novice pilot or a real ""top gun,"" FALCON is for you! 3-D graphic images of buildings, forests, freeways, and bridges flash by as you fly at the speed of sound only 150 feet above the deck. Take out bridges, power stations, tanks, airfields, and SAM sites. Even fly with an F-16 wingman as you take on one of the many daring missions.
""Sweaty palms"" and a pounding heart are normal occurrences during dogfight engagements in FALCON. Mastering the most effective use of your heat-seeking missiles, Maverick missiles, bombs and cannon systems will determine your destiny. The MiG-21's will be merciless. FALCON - you won't believe it!
Features:
Take advantage of 16-bit technology
3-D graphics displays
Complete weapons system, including AIM9J and AIM9L heat-seeking missiles, AGM-65B Maverick missiles, MK 84 bombs, and more
Comprehensive suite of F-16 electronics and counter measures
Multiple views (four cockpit views, chase point vantage, tower, MiG, or missile viewpoint)
Blackbox flight recorder
Twelve exciting missions
Five skill levels (Lieutenant to Colonel)
Ability to re-arm and refuel
Awards and commendations",,2.0,76,1.0,,2.0,,,,,,,,,,,,,,,,0.0,,
22975,defender-of-the-crown,Defender of the Crown,Defender of the Crown,"The Age of Chivalry! A time of lusty wenches and black hearted villains. King Richard has been murdered and England is thrown into civil war! Amidst the ringing clash of steel and the thunder of charging steeds the bold Saxon knights have chosen you to lead them into battle against the hated Normans. Victory will not come easy. To save England your skills as swordsman and military leader will be severely tested. But should you succeed you'll win the Crown of England and the love of many a beautiful damsel!
<br/><br/>
Defender of the Crown is a turn-based startegy where you vie for control of a war-torn England. Starting out with a small band of soldiers, you'll gather your military strength to take England back from the Norman menace. Joust for fame and glory! Engage in swordfights to save damsels in distress! Siege Norman castles - all the while revelling in the Amiga quality sound and beautiful graphics!A classic gaming gem returns - with glorious Amiga sounds and graphics!
Heart pounding action as you enter joust tournaments, swordfight to save the damsel in distress, or siege Norman castles.
A unique blend of role playing and strategy combined with dazzling arcade style sequences",,[],1986-01-01,False,2025-02-19T07:40:37,https://media.rawg.io/media/screenshots/8a4/8a4b97a41f775cdf0d6539b237d4fd7e.jpg,https://media.rawg.io/media/screenshots/ae3/ae30f4adf2cfe7e253c012c7a441364a.jpg,,3.67,4,"[{'id': 4, 'title': 'recommended', 'count': 8, 'percent': 66.67}, {'id': 5, 'title': 'exceptional', 'count': 2, 'percent': 16.67}, {'id': 1, 'title': 'skip', 'count': 2, 'percent': 16.67}]",65,1,12,0,23,0,0,,,,,0,0,0,0,12,375,[],,0,0,0,,12,0f0f0f,0f0f0f,"[{'platform': {'id': 1, 'name': 'PC', 'slug': 'pc'}}, {'platform': {'id': 4, 'name': 'iOS', 'slug': 'ios'}}, {'platform': {'id': 8, 'name': 'Android', 'slug': 'android'}}, {'platform': {'id': 5, 'name': 'Apple Macintosh', 'slug': 'mac'}}, {'platform': {'id': 7, 'name': 'Nintendo', 'slug': 'nintendo'}}, {'platform': {'id': 9, 'name': 'Atari', 'slug': 'atari'}}, {'platform': {'id': 10, 'name': 'Commodore / Amiga', 'slug': 'commodore-amiga'}}]","[{'platform': {'id': 41, 'name': 'Apple II', 'slug': 'apple-ii', 'image': None, 'year_end': None, 'year_start': None, 'games_count': 424, 'image_background': 'https://media.rawg.io/media/screenshots/3d2/3d2bb57b39e2efa39d1c385585b2ea8b.jpg'}, 'released_at': '1986-01-01', 'requirements': {}}, {'platform': {'id': 3, 'name': 'iOS', 'slug': 'ios', 'image': None, 'year_end': None, 'year_start': None, 'games_count': 77392, 'image_background': 'https://media.rawg.io/media/games/5fa/5fae5fec3c943179e09da67a4427d68f.jpg'}, 'released_at': '1986-01-01', 'requirements': {}}, {'platform': {'id': 34, 'name': 'Atari ST', 'slug': 'atari-st', 'image': None, 'year_end': None, 'year_start': None, 'games_count': 836, 'image_background': 'https://media.rawg.io/media/games/637/637d7dc2f44d0f6ddd3ee2c0b1366962.jpg'}, 'released_at': '1986-01-01', 'requirements': {}}, {'platform': {'id': 21, 'name': 'Android', 'slug': 'android', 'image': None, 'year_end': None, 'year_start': None, 'games_count': 52427, 'image_background': 'https://media.rawg.io/media/games/198/1988a337305e008b41d7f536ce9b73f6.jpg'}, 'released_at': '1986-01-01', 'requirements': {}}, {'platform': {'id': 55, 'name': 'Classic Macintosh', 'slug': 'macintosh', 'image': None, 'year_end': None, 'year_start': None, 'games_count': 675, 'image_background': 'https://media.rawg.io/media/games/38a/38af969459ad6e5de116ec8a4a84218c.jpg'}, 'released_at': '1986-01-01', 'requirements': {}}, {'platform': {'id': 24, 'name': 'Game Boy Advance', 'slug': 'game-boy-advance', 'image': None, 'year_end': None, 'year_start': None, 'games_count': 950, 'image_background': 'https://media.rawg.io/media/games/98c/98c87b286cd2a2ba942167df384a9bd3.jpg'}, 'released_at': '1986-01-01', 'requirements': {}}, {'platform': {'id': 166, 'name': 'Commodore / Amiga', 'slug': 'commodore-amiga', 'image': None, 'year_end': None, 'year_start': None, 'games_count': 2083, 'image_background': 'https://media.rawg.io/media/games/cce/cce8bebe861f295003f5a9fe5b11233f.jpg'}, 'released_at': '1986-01-01', 'requirements': {}}, {'platform': {'id': 49, 'name': 'NES', 'slug': 'nes', 'image': None, 'year_end': None, 'year_start': None, 'games_count': 1015, 'image_background': 'https://media.rawg.io/media/games/7c5/7c50dd0415eb0a57505c58d4e50e4d24.jpg'}, 'released_at': '1986-01-01', 'requirements': {}}, {'platform': {'id': 4, 'name': 'PC', 'slug': 'pc', 'image': None, 'year_end': None, 'year_start': None, 'games_count': 547196, 'image_background': 'https://media.rawg.io/media/games/6fc/6fcf4cd3b17c288821388e6085bb0fc9.jpg'}, 'released_at': '1986-01-01', 'requirements': {'minimum': 'Windows XP SP 3 / Vista / 7 / 8 / 10, 1.8 GHz Processor, 512 MB RAM (1 GB recommended), 3D graphics card compatible with DirectX 7 (compatible with DirectX 9 recommended), 50 MB HDD, Mouse, Keyboard.'}}, {'platform': {'id': 5, 'name': 'macOS', 'slug': 'macos', 'image': None, 'year_end': None, 'year_start': None, 'games_count': 106181, 'image_background': 'https://media.rawg.io/media/games/6fc/6fcf4cd3b17c288821388e6085bb0fc9.jpg'}, 'released_at': '1986-01-01', 'requirements': {'minimum': 'OS X 10.7.0 or later. Processor: 2 Ghz Intel Core 2 Duo Memory: 512 MB Graphics: 256 MB of video RAM, Hard drive space: 50 MB Recommended two-button mouse, or Apple mouse with Secondary Button / Secondary Click enabled.'}}]","[{'id': 26230, 'url': '', 'store': {'id': 5, 'name': 'GOG', 'slug': 'gog', 'domain': 'gog.com', 'games_count': 6713, 'image_background': 'https://media.rawg.io/media/games/5c0/5c0dd63002cb23f804aab327d40ef119.jpg'}}]","[{'id': 7566, 'name': 'Cinemaware', 'slug': 'cinemaware', 'games_count': 16, 'image_background': 'https://media.rawg.io/media/screenshots/146/1460d1591fa3bd1c49cd9dc49c8b09b2.jpg'}, {'id': 13289, 'name': 'Master Designer Software', 'slug': 'master-designer-software', 'games_count': 3, 'image_background': 'https://media.rawg.io/media/screenshots/f7e/f7e76e7af0196701c08251857c44d4b6.jpg'}]","[{'id': 10, 'name': 'Strategy', 'slug': 'strategy', 'games_count': 59661, 'image_background': 'https://media.rawg.io/media/games/08b/08b2eee52a9876a48b955e5149affe5b.jpg'}]","[{'id': 31, 'name': 'Singleplayer', 'slug': 'singleplayer', 'language': 'eng', 'games_count': 238404, 'image_background': 'https://media.rawg.io/media/games/26d/26d4437715bee60138dab4a7c8c59c92.jpg'}]","[{'id': 6368, 'name': 'Cinemaware', 'slug': 'cinemaware', 'games_count': 16, 'image_background': 'https://media.rawg.io/media/screenshots/bd0/bd02a1028759306d8108769a2e66b9b4.jpg'}]",,"The Age of Chivalry! A time of lusty wenches and black hearted villains. King Richard has been murdered and England is thrown into civil war! Amidst the ringing clash of steel and the thunder of charging steeds the bold Saxon knights have chosen you to lead them into battle against the hated Normans. Victory will not come easy. To save England your skills as swordsman and military leader will be severely tested. But should you succeed you'll win the Crown of England and the love of many a beautiful damsel!
Defender of the Crown is a turn-based startegy where you vie for control of a war-torn England. Starting out with a small band of soldiers, you'll gather your military strength to take England back from the Norman menace. Joust for fame and glory! Engage in swordfights to save damsels in distress! Siege Norman castles - all the while revelling in the Amiga quality sound and beautiful graphics!A classic gaming gem returns - with glorious Amiga sounds and graphics!
Heart pounding action as you enter joust tournaments, swordfight to save the damsel in distress, or siege Norman castles.
A unique blend of role playing and strategy combined with dazzling arcade style sequences",,4.0,45,8.0,6.0,2.0,,2.0,Everyone 10+,everyone-10-plus,,,,,,,,,,,,,,
54039,side-pocket-1986,Side Pocket (1986),Side Pocket (1986),"<p>Side Pocket (Japanese: サイドポケット, Hepburn: Saido Poketto) is a pocket billiards video game released into arcades by Data East in 1986. The arcade version was eventually ported to six home console platforms and two sequels to the game were produced, as well as a spin-off series called Pocket Gal.<br />
G-Mode currently owns the intellectual property rights to the Side Pocket series, and licenses these games globally.</p>",,[],1986-01-01,False,2024-10-15T13:38:28,https://media.rawg.io/media/games/cc5/cc5c0767d6b6e3865eba8dd68131c69b.jpg,https://media.rawg.io/media/screenshots/e05/e0507c0931053928acee132a0611c5b3.jpg,,3.92,4,"[{'id': 4, 'title': 'recommended', 'count': 19, 'percent': 76.0}, {'id': 5, 'title': 'exceptional', 'count': 3, 'percent': 12.0}, {'id': 3, 'title': 'meh', 'count': 2, 'percent': 8.0}, {'id': 1, 'title': 'skip', 'count': 1, 'percent': 4.0}]",63,0,5,0,6,0,0,,,,,0,0,0,0,25,239,[],,0,0,0,,25,0f0f0f,0f0f0f,"[{'platform': {'id': 7, 'name': 'Nintendo', 'slug': 'nintendo'}}, {'platform': {'id': 11, 'name': 'SEGA', 'slug': 'sega'}}]","[{'platform': {'id': 8, 'name': 'Nintendo 3DS', 'slug': 'nintendo-3ds', 'image': None, 'year_end': None, 'year_start': None, 'games_count': 1682, 'image_background': 'https://media.rawg.io/media/screenshots/42d/42d770eb49f2ba01cd4045e0d92af7a9.jpg'}, 'released_at': '1986-01-01', 'requirements': {}}, {'platform': {'id': 26, 'name': 'Game Boy', 'slug': 'game-boy', 'image': None, 'year_end': None, 'year_start': None, 'games_count': 617, 'image_background': 'https://media.rawg.io/media/games/057/0573c1c9e1f2414c1f4acabe86ee9fd9.jpg'}, 'released_at': '1986-01-01', 'requirements': {}}, {'platform': {'id': 49, 'name': 'NES', 'slug': 'nes', 'image': None, 'year_end': None, 'year_start': None, 'games_count': 1015, 'image_background': 'https://media.rawg.io/media/games/7c5/7c50dd0415eb0a57505c58d4e50e4d24.jpg'}, 'released_at': '1986-01-01', 'requirements': {}}, {'platform': {'id': 77, 'name': 'Game Gear', 'slug': 'game-gear', 'image': None, 'year_end': None, 'year_start': None, 'games_count': 228, 'image_background': 'https://media.rawg.io/media/games/e48/e4852b9be5eb6859870288d91f74aab6.jpg'}, 'released_at': '1986-01-01', 'requirements': {}}, {'platform': {'id': 79, 'name': 'SNES', 'slug': 'snes', 'image': None, 'year_end': None, 'year_start': None, 'games_count': 982, 'image_background': 'https://media.rawg.io/media/games/087/08727beb32c364d30e8b2a1aa8595f8e.jpg'}, 'released_at': '1986-01-01', 'requirements': {}}, {'platform': {'id': 167, 'name': 'Genesis', 'slug': 'genesis', 'image': None, 'year_end': None, 'year_start': None, 'games_count': 849, 'image_background': 'https://media.rawg.io/media/screenshots/180/180b5f6e5d8c770bbbf941b9875046b6.jpg'}, 'released_at': '1986-01-01', 'requirements': {}}]",[],"[{'id': 15837, 'name': 'Data East', 'slug': 'data-east', 'games_count': 71, 'image_background': 'https://media.rawg.io/media/games/3b9/3b98e6b2552b49a95f9505351ff4fba7.jpg'}, {'id': 26653, 'name': 'ISCO/Opera House', 'slug': 'iscoopera-house-game-gear', 'games_count': 1, 'image_background': 'https://media.rawg.io/media/games/cc5/cc5c0767d6b6e3865eba8dd68131c69b.jpg'}]","[{'id': 15, 'name': 'Sports', 'slug': 'sports', 'games_count': 22123, 'image_background': 'https://media.rawg.io/media/games/5eb/5eb49eb2fa0738fdb5bacea557b1bc57.jpg'}]","[{'id': 31, 'name': 'Singleplayer', 'slug': 'singleplayer', 'language': 'eng', 'games_count': 238404, 'image_background': 'https://media.rawg.io/media/games/26d/26d4437715bee60138dab4a7c8c59c92.jpg'}, {'id': 7, 'name': 'Multiplayer', 'slug': 'multiplayer', 'language': 'eng', 'games_count': 40505, 'image_background': 'https://media.rawg.io/media/games/021/021c4e21a1824d2526f925eff6324653.jpg'}]","[{'id': 3408, 'name': 'SEGA', 'slug': 'sega-2', 'games_count': 1262, 'image_background': 'https://media.rawg.io/media/games/be9/be9cf02720c9326e11d0fda14518554f.jpg'}, {'id': 12214, 'name': 'Data East', 'slug': 'data-east', 'games_count': 64, 'image_background': 'https://media.rawg.io/media/screenshots/765/765f5b0640d1049558d0a8cc769ba227.jpg'}, {'id': 10813, 'name': 'G-Mode', 'slug': 'g-mode', 'games_count': 77, 'image_background': 'https://media.rawg.io/media/screenshots/85e/85e0b53f5114546e008b1ec861c3325c.jpg'}]",,"Side Pocket (Japanese: サイドポケット, Hepburn: Saido Poketto) is a pocket billiards video game released into arcades by Data East in 1986. The arcade version was eventually ported to six home console platforms and two sequels to the game were produced, as well as a spin-off series called Pocket Gal.
G-Mode currently owns the intellectual property rights to the Side Pocket series, and licenses these games globally.",,3.0,21,20.0,3.0,16.0,,,,,,,,,,,,,,,,,,
53916,life-force,Life Force,Life Force,"<p>Salamander (沙羅曼蛇 / サラマンダ, Saramanda), retitled Life Force (ライフフォース, Raifu Fōsu) in North America and in the Japanese arcade re-release, in Europe known as Life Force: Salamander, is a scrolling shooter arcade game by Konami. Released in 1986 as a spin-off of Gradius, Salamander introduced a simplified power-up system, two-player cooperative gameplay and both horizontally and vertically scrolling stages. Some of these later became the norm for future Gradius games.<br />
Salamander was followed with a sequel in 1996 entitled Salamander 2.</p>",,[],1986-07-04,False,2024-10-15T12:33:36,https://media.rawg.io/media/screenshots/01d/01de299be9b2885bbcba885362d09d0f.jpg,https://media.rawg.io/media/screenshots/94d/94d4ba762f57af90eddc773eb8938d78.jpg,,4.06,4,"[{'id': 4, 'title': 'recommended', 'count': 11, 'percent': 61.11}, {'id': 5, 'title': 'exceptional', 'count': 4, 'percent': 22.22}, {'id': 3, 'title': 'meh', 'count': 3, 'percent': 16.67}]",55,0,36,0,18,0,0,,,,,0,0,0,0,18,281,"['Life Force', 'Salamander (1986) ']",,0,1,0,,18,0f0f0f,0f0f0f,"[{'platform': {'id': 2, 'name': 'PlayStation', 'slug': 'playstation'}}, {'platform': {'id': 7, 'name': 'Nintendo', 'slug': 'nintendo'}}, {'platform': {'id': 10, 'name': 'Commodore / Amiga', 'slug': 'commodore-amiga'}}]","[{'platform': {'id': 49, 'name': 'NES', 'slug': 'nes', 'image': None, 'year_end': None, 'year_start': None, 'games_count': 1015, 'image_background': 'https://media.rawg.io/media/games/7c5/7c50dd0415eb0a57505c58d4e50e4d24.jpg'}, 'released_at': '1986-07-04', 'requirements': {}}, {'platform': {'id': 8, 'name': 'Nintendo 3DS', 'slug': 'nintendo-3ds', 'image': None, 'year_end': None, 'year_start': None, 'games_count': 1682, 'image_background': 'https://media.rawg.io/media/screenshots/42d/42d770eb49f2ba01cd4045e0d92af7a9.jpg'}, 'released_at': '1986-07-04', 'requirements': {}}, {'platform': {'id': 10, 'name': 'Wii U', 'slug': 'wii-u', 'image': None, 'year_end': None, 'year_start': None, 'games_count': 1114, 'image_background': 'https://media.rawg.io/media/games/85c/85c8ae70e7cdf0105f06ef6bdce63b8b.jpg'}, 'released_at': '1986-07-04', 'requirements': {}}, {'platform': {'id': 11, 'name': 'Wii', 'slug': 'wii', 'image': None, 'year_end': None, 'year_start': None, 'games_count': 2209, 'image_background': 'https://media.rawg.io/media/games/9ca/9ca31615beee447f3ae1dc9b3b736dce.jpg'}, 'released_at': '1986-07-04', 'requirements': {}}, {'platform': {'id': 18, 'name': 'PlayStation 4', 'slug': 'playstation4', 'image': None, 'year_end': None, 'year_start': None, 'games_count': 6916, 'image_background': 'https://media.rawg.io/media/games/f46/f466571d536f2e3ea9e815ad17177501.jpg'}, 'released_at': '1986-07-04', 'requirements': {}}, {'platform': {'id': 166, 'name': 'Commodore / Amiga', 'slug': 'commodore-amiga', 'image': None, 'year_end': None, 'year_start': None, 'games_count': 2083, 'image_background': 'https://media.rawg.io/media/games/cce/cce8bebe861f295003f5a9fe5b11233f.jpg'}, 'released_at': '1986-07-04', 'requirements': {}}]","[{'id': 448853, 'url': '', 'store': {'id': 6, 'name': 'Nintendo Store', 'slug': 'nintendo', 'domain': 'nintendo.com', 'games_count': 9128, 'image_background': 'https://media.rawg.io/media/games/fc1/fc1307a2774506b5bd65d7e8424664a7.jpg'}}]","[{'id': 1971, 'name': 'Konami Digital Entertainment', 'slug': 'konami-digital-entertainment', 'games_count': 467, 'image_background': 'https://media.rawg.io/media/games/d56/d56412cd670313ef306da64669c381d8.jpg'}, {'id': 25259, 'name': 'SPS', 'slug': 'sps', 'games_count': 5, 'image_background': 'https://media.rawg.io/media/screenshots/2c6/2c6262d0430405cf74e23fe81522544c.jpg'}]","[{'id': 4, 'name': 'Action', 'slug': 'action', 'games_count': 186608, 'image_background': 'https://media.rawg.io/media/games/618/618c2031a07bbff6b4f611f10b6bcdbc.jpg'}, {'id': 11, 'name': 'Arcade', 'slug': 'arcade', 'games_count': 22658, 'image_background': 'https://media.rawg.io/media/games/556/556157feed9ee1f55f2b12b2973e30a3.jpg'}, {'id': 83, 'name': 'Platformer', 'slug': 'platformer', 'games_count': 100869, 'image_background': 'https://media.rawg.io/media/games/f8c/f8c6a262ead4c16b47e1219310210eb3.jpg'}]","[{'id': 31, 'name': 'Singleplayer', 'slug': 'singleplayer', 'language': 'eng', 'games_count': 238404, 'image_background': 'https://media.rawg.io/media/games/26d/26d4437715bee60138dab4a7c8c59c92.jpg'}, {'id': 411, 'name': 'cooperative', 'slug': 'cooperative', 'language': 'eng', 'games_count': 5855, 'image_background': 'https://media.rawg.io/media/games/1bd/1bd2657b81eb0c99338120ad444b24ff.jpg'}, {'id': 5816, 'name': 'console', 'slug': 'console', 'language': 'eng', 'games_count': 1390, 'image_background': 'https://media.rawg.io/media/games/faa/faa6a4a7a2e57faf2960329630aee211.jpg'}, {'id': 1505, 'name': 'ship', 'slug': 'ship', 'language': 'eng', 'games_count': 2794, 'image_background': 'https://media.rawg.io/media/games/e74/e74458058b35e01c1ae3feeb39a3f724.jpg'}, {'id': 500, 'name': 'Solo', 'slug': 'solo', 'language': 'eng', 'games_count': 1637, 'image_background': 'https://media.rawg.io/media/games/9f1/9f1891779cb20f44de93cef33b067e50.jpg'}, {'id': 1105, 'name': 'planet', 'slug': 'planet', 'language': 'eng', 'games_count': 3020, 'image_background': 'https://media.rawg.io/media/games/89c/89ceadfd42109aa0d80e9c5dbc86f277.jpg'}, {'id': 3758, 'name': 'speed', 'slug': 'speed', 'language': 'eng', 'games_count': 8092, 'image_background': 'https://media.rawg.io/media/screenshots/cc0/cc035b82249521dbd232b975b80a1b95.jpg'}, {'id': 731, 'name': 'NES', 'slug': 'nes', 'language': 'eng', 'games_count': 1335, 'image_background': 'https://media.rawg.io/media/games/5fe/5fe62882f1af83e36480ded84c49b984.jpg'}, {'id': 2022, 'name': 'wave', 'slug': 'wave', 'language': 'eng', 'games_count': 585, 'image_background': 'https://media.rawg.io/media/screenshots/adc/adc93412db528d31d0fbaec1d71c1070_lFL5A0X.jpg'}]","[{'id': 10691, 'name': 'Konami', 'slug': 'konami', 'games_count': 788, 'image_background': 'https://media.rawg.io/media/games/85e/85e4c8a78cf9b82b5ed19262fe00c00f.jpg'}, {'id': 19492, 'name': 'Japan', 'slug': 'japan', 'games_count': 27, 'image_background': 'https://media.rawg.io/media/screenshots/291/291eb34b435ecdad82aecf7d60310aa2.jpg'}, {'id': 19804, 'name': 'Sharp', 'slug': 'sharp', 'games_count': 6, 'image_background': 'https://media.rawg.io/media/games/b21/b21555abc69d04d9b5d7663d478ca81e.jpg'}, {'id': 19864, 'name': 'Imagine Software', 'slug': 'imagine-software', 'games_count': 16, 'image_background': 'https://media.rawg.io/media/screenshots/f7b/f7b58fc768c19977174c96a0acd2dbfb.jpg'}]",,"Salamander (沙羅曼蛇 / サラマンダ, Saramanda), retitled Life Force (ライフフォース, Raifu Fōsu) in North America and in the Japanese arcade re-release, in Europe known as Life Force: Salamander, is a scrolling shooter arcade game by Konami. Released in 1986 as a spin-off of Gradius, Salamander introduced a simplified power-up system, two-player cooperative gameplay and both horizontally and vertically scrolling stages. Some of these later became the norm for future Gradius games.
Salamander was followed with a sequel in 1996 entitled Salamander 2.",,4.0,16,19.0,5.0,10.0,1.0,,,,,,,,,,,,,,,,,
52573,rampage,Rampage,Rampage,<p>Rampage is a 1986 arcade game by Bally Midway. Players take control of gigantic monsters trying to survive against onslaughts of military forces. Each round is completed when a particular city is completely reduced to rubble. Warner Bros. currently owns all rights to the property via their purchase of Midway Games.</p>,,[],1986-01-01,False,2023-02-08T10:51:10,https://media.rawg.io/media/screenshots/b12/b12ed274eed80e4aced37badf228d1cf.jpg,https://media.rawg.io/media/screenshots/8e1/8e1319bc35b12f398e084a48cec85cce.jpg,,3.5,4,"[{'id': 4, 'title': 'recommended', 'count': 13, 'percent': 72.22}, {'id': 3, 'title': 'meh', 'count': 3, 'percent': 16.67}, {'id': 1, 'title': 'skip', 'count': 2, 'percent': 11.11}]",54,0,30,0,3,0,0,,,,,0,0,0,0,17,320,[],,0,0,0,,18,0f0f0f,0f0f0f,"[{'platform': {'id': 1, 'name': 'PC', 'slug': 'pc'}}, {'platform': {'id': 5, 'name': 'Apple Macintosh', 'slug': 'mac'}}, {'platform': {'id': 7, 'name': 'Nintendo', 'slug': 'nintendo'}}, {'platform': {'id': 9, 'name': 'Atari', 'slug': 'atari'}}, {'platform': {'id': 10, 'name': 'Commodore / Amiga', 'slug': 'commodore-amiga'}}, {'platform': {'id': 11, 'name': 'SEGA', 'slug': 'sega'}}]","[{'platform': {'id': 74, 'name': 'SEGA Master System', 'slug': 'sega-master-system', 'image': None, 'year_end': None, 'year_start': None, 'games_count': 234, 'image_background': 'https://media.rawg.io/media/screenshots/a7f/a7f3cb62af2ee95d92065da88583338b.jpg'}, 'released_at': '1986-01-01', 'requirements': {}}, {'platform': {'id': 34, 'name': 'Atari ST', 'slug': 'atari-st', 'image': None, 'year_end': None, 'year_start': None, 'games_count': 836, 'image_background': 'https://media.rawg.io/media/games/637/637d7dc2f44d0f6ddd3ee2c0b1366962.jpg'}, 'released_at': '1986-01-01', 'requirements': {}}, {'platform': {'id': 24, 'name': 'Game Boy Advance', 'slug': 'game-boy-advance', 'image': None, 'year_end': None, 'year_start': None, 'games_count': 950, 'image_background': 'https://media.rawg.io/media/games/98c/98c87b286cd2a2ba942167df384a9bd3.jpg'}, 'released_at': '1986-01-01', 'requirements': {}}, {'platform': {'id': 41, 'name': 'Apple II', 'slug': 'apple-ii', 'image': None, 'year_end': None, 'year_start': None, 'games_count': 424, 'image_background': 'https://media.rawg.io/media/screenshots/3d2/3d2bb57b39e2efa39d1c385585b2ea8b.jpg'}, 'released_at': '1986-01-01', 'requirements': {}}, {'platform': {'id': 25, 'name': 'Atari 8-bit', 'slug': 'atari-8-bit', 'image': None, 'year_end': None, 'year_start': None, 'games_count': 308, 'image_background': 'https://media.rawg.io/media/screenshots/038/0385a47d3a43b218204268af5361a19e.jpg'}, 'released_at': '1986-01-01', 'requirements': {}}, {'platform': {'id': 28, 'name': 'Atari 7800', 'slug': 'atari-7800', 'image': None, 'year_end': None, 'year_start': None, 'games_count': 64, 'image_background': 'https://media.rawg.io/media/screenshots/565/56504b28b184dbc630a7de118e39d822.jpg'}, 'released_at': '1986-01-01', 'requirements': {}}, {'platform': {'id': 49, 'name': 'NES', 'slug': 'nes', 'image': None, 'year_end': None, 'year_start': None, 'games_count': 1015, 'image_background': 'https://media.rawg.io/media/games/7c5/7c50dd0415eb0a57505c58d4e50e4d24.jpg'}, 'released_at': '1986-01-01', 'requirements': {}}, {'platform': {'id': 23, 'name': 'Atari 2600', 'slug': 'atari-2600', 'image': None, 'year_end': None, 'year_start': None, 'games_count': 294, 'image_background': 'https://media.rawg.io/media/screenshots/ff6/ff623993a854663931c1e78d72a16a5a.jpg'}, 'released_at': '1986-01-01', 'requirements': {}}, {'platform': {'id': 4, 'name': 'PC', 'slug': 'pc', 'image': None, 'year_end': None, 'year_start': None, 'games_count': 547196, 'image_background': 'https://media.rawg.io/media/games/6fc/6fcf4cd3b17c288821388e6085bb0fc9.jpg'}, 'released_at': '1986-01-01', 'requirements': {}}, {'platform': {'id': 166, 'name': 'Commodore / Amiga', 'slug': 'commodore-amiga', 'image': None, 'year_end': None, 'year_start': None, 'games_count': 2083, 'image_background': 'https://media.rawg.io/media/games/cce/cce8bebe861f295003f5a9fe5b11233f.jpg'}, 'released_at': '1986-01-01', 'requirements': {}}]",[],"[{'id': 13149, 'name': 'Midway Games', 'slug': 'midway-games', 'games_count': 77, 'image_background': 'https://media.rawg.io/media/screenshots/529/5292fb5f3c458a027a1bb91540d22312.jpg'}, {'id': 25946, 'name': 'Bally Midway', 'slug': 'bally-midway', 'games_count': 8, 'image_background': 'https://media.rawg.io/media/screenshots/a19/a1994bb9ef2cd1d6f396e49d5e891712.jpg'}]","[{'id': 4, 'name': 'Action', 'slug': 'action', 'games_count': 186608, 'image_background': 'https://media.rawg.io/media/games/618/618c2031a07bbff6b4f611f10b6bcdbc.jpg'}, {'id': 11, 'name': 'Arcade', 'slug': 'arcade', 'games_count': 22658, 'image_background': 'https://media.rawg.io/media/games/556/556157feed9ee1f55f2b12b2973e30a3.jpg'}]","[{'id': 31, 'name': 'Singleplayer', 'slug': 'singleplayer', 'language': 'eng', 'games_count': 238404, 'image_background': 'https://media.rawg.io/media/games/26d/26d4437715bee60138dab4a7c8c59c92.jpg'}, {'id': 7, 'name': 'Multiplayer', 'slug': 'multiplayer', 'language': 'eng', 'games_count': 40505, 'image_background': 'https://media.rawg.io/media/games/021/021c4e21a1824d2526f925eff6324653.jpg'}, {'id': 377, 'name': 'One to three simultaneous players', 'slug': 'one-to-three-simultaneous-players', 'language': 'eng', 'games_count': 1, 'image_background': 'https://media.rawg.io/media/screenshots/b12/b12ed274eed80e4aced37badf228d1cf.jpg'}]","[{'id': 3408, 'name': 'SEGA', 'slug': 'sega-2', 'games_count': 1262, 'image_background': 'https://media.rawg.io/media/games/be9/be9cf02720c9326e11d0fda14518554f.jpg'}, {'id': 10830, 'name': 'Activision Blizzard', 'slug': 'activision-blizzard', 'games_count': 691, 'image_background': 'https://media.rawg.io/media/games/445/44507fdd60a8ec02b1c3c64a293ca754.jpg'}, {'id': 1779, 'name': 'Atari', 'slug': 'atari', 'games_count': 507, 'image_background': 'https://media.rawg.io/media/games/d82/d82dbcf92ded452bf8c6fb1bbdd62e52.jpg'}, {'id': 10879, 'name': 'Midway Games', 'slug': 'midway-games', 'games_count': 142, 'image_background': 'https://media.rawg.io/media/screenshots/3db/3dbec4b488796ef8e70a73389155a58f.jpg'}, {'id': 12214, 'name': 'Data East', 'slug': 'data-east', 'games_count': 64, 'image_background': 'https://media.rawg.io/media/screenshots/765/765f5b0640d1049558d0a8cc769ba227.jpg'}, {'id': 19419, 'name': 'Bally Midway', 'slug': 'bally-midway', 'games_count': 14, 'image_background': 'https://media.rawg.io/media/screenshots/a9d/a9d6ecfce2839af25e2e74ff8821094d.jpg'}]",,Rampage is a 1986 arcade game by Bally Midway. Players take control of gigantic monsters trying to survive against onslaughts of military forces. Each round is completed when a particular city is completely reduced to rubble. Warner Bros. currently owns all rights to the property via their purchase of Midway Games.,,5.0,18,15.0,8.0,8.0,,,,,,,,,,,,,,,,,,
32970,tetris-1986,Tetris (1986),Tetris (1986),"<p>Tetris (1986) is an arcade game developed by Пажитнов Алексей. It came out on 01-01-1986. It was published by AcademySoft CCAS. Most rawgers rated the game as ""Exceptional"". <br>Tetris (1986) is available on PC. </p>

<p></p>",,[],1986-01-01,False,2025-04-13T15:22:44,https://media.rawg.io/media/screenshots/aad/aadb30bdba0aa2a00de2323c50f6947b.jpg,https://media.rawg.io/media/screenshots/1da/1da8ebc611c9642f8543dab12216ffab.jpg,,4.17,5,"[{'id': 5, 'title': 'exceptional', 'count': 10, 'percent': 43.48}, {'id': 4, 'title': 'recommended', 'count': 9, 'percent': 39.13}, {'id': 3, 'title': 'meh', 'count': 3, 'percent': 13.04}, {'id': 1, 'title': 'skip', 'count': 1, 'percent': 4.35}]",48,0,2,0,1,0,0,,,,,0,0,0,0,23,41,[],,0,0,0,,23,0f0f0f,0f0f0f,"[{'platform': {'id': 1, 'name': 'PC', 'slug': 'pc'}}]","[{'platform': {'id': 4, 'name': 'PC', 'slug': 'pc', 'image': None, 'year_end': None, 'year_start': None, 'games_count': 547196, 'image_background': 'https://media.rawg.io/media/games/6fc/6fcf4cd3b17c288821388e6085bb0fc9.jpg'}, 'released_at': '1986-01-01', 'requirements': {}}]",[],"[{'id': 15981, 'name': 'Пажитнов Алексей', 'slug': 'developer-59', 'games_count': 1, 'image_background': 'https://media.rawg.io/media/screenshots/aad/aadb30bdba0aa2a00de2323c50f6947b.jpg'}]","[{'id': 11, 'name': 'Arcade', 'slug': 'arcade', 'games_count': 22658, 'image_background': 'https://media.rawg.io/media/games/556/556157feed9ee1f55f2b12b2973e30a3.jpg'}]",[],"[{'id': 12293, 'name': 'AcademySoft CCAS', 'slug': 'academysoft-ccas', 'games_count': 1, 'image_background': 'https://media.rawg.io/media/screenshots/aad/aadb30bdba0aa2a00de2323c50f6947b.jpg'}]",,,,2.0,16,14.0,5.0,11.0,,,,,,,,,,,,,,,,,,
55117,space-harrier-1986,Space Harrier (1986),Space Harrier (1986),"<p>Space Harrier (Japanese: スペースハリアー, Hepburn: Supēsu Hariā) is an arcade video game developed and released by Sega Enterprises in December 1985. Originally conceived as a realistic military-themed game played in the third-person perspective and featuring a player-controlled fighter jet, technical and memory restrictions at the time resulted in Sega developer Yu Suzuki redesigning it to fit a fantasy setting centered around a jet-propelled human character. Critically praised for its innovative graphics and gameplay, Space Harrier is often ranked among Suzuki's best works and considered the first successful entry in the third-person and rail shooter game genres. It has made several crossover appearances in other Sega titles and inspired clone games by various developers, while PlatinumGames director Hideki Kamiya cited it as an inspiration for his entering the video game industry.</p>
<p>Space Harrier has been ported to over twenty different home computer and gaming platforms, either by Sega or outside developers such as Dempa in Japan and Elite Systems in North America and Europe. Two home-system sequels followed in Space Harrier 3-D and Space Harrier II (both released in 1988), and the arcade spinoff Planet Harriers (2000). A polygon-based remake of the original game was released by Sega for the PlayStation 2 as part of their Sega Ages series in 2003.</p>",,[],1986-12-12,False,2024-05-17T21:55:18,https://media.rawg.io/media/screenshots/3df/3dfa71e841586f0659e61c3b9f1f6ea5.jpg,https://media.rawg.io/media/screenshots/12c/12cb417108bb6c60002d174753f643a1.jpg,,3.93,4,"[{'id': 4, 'title': 'recommended', 'count': 10, 'percent': 66.67}, {'id': 3, 'title': 'meh', 'count': 3, 'percent': 20.0}, {'id': 5, 'title': 'exceptional', 'count': 2, 'percent': 13.33}]",44,0,32,0,4,0,0,,,,,0,0,0,0,14,416,[],,0,0,0,,15,0f0f0f,0f0f0f,"[{'platform': {'id': 1, 'name': 'PC', 'slug': 'pc'}}, {'platform': {'id': 7, 'name': 'Nintendo', 'slug': 'nintendo'}}, {'platform': {'id': 9, 'name': 'Atari', 'slug': 'atari'}}, {'platform': {'id': 10, 'name': 'Commodore / Amiga', 'slug': 'commodore-amiga'}}, {'platform': {'id': 11, 'name': 'SEGA', 'slug': 'sega'}}]","[{'platform': {'id': 34, 'name': 'Atari ST', 'slug': 'atari-st', 'image': None, 'year_end': None, 'year_start': None, 'games_count': 836, 'image_background': 'https://media.rawg.io/media/games/637/637d7dc2f44d0f6ddd3ee2c0b1366962.jpg'}, 'released_at': '1986-12-12', 'requirements': {}}, {'platform': {'id': 107, 'name': 'SEGA Saturn', 'slug': 'sega-saturn', 'image': None, 'year_end': None, 'year_start': None, 'games_count': 372, 'image_background': 'https://media.rawg.io/media/screenshots/0fa/0fa357fe0160e2b592a6fafff0e6683e.jpg'}, 'released_at': '1986-12-12', 'requirements': {}}, {'platform': {'id': 8, 'name': 'Nintendo 3DS', 'slug': 'nintendo-3ds', 'image': None, 'year_end': None, 'year_start': None, 'games_count': 1682, 'image_background': 'https://media.rawg.io/media/screenshots/42d/42d770eb49f2ba01cd4045e0d92af7a9.jpg'}, 'released_at': '1986-12-12', 'requirements': {}}, {'platform': {'id': 117, 'name': 'SEGA 32X', 'slug': 'sega-32x', 'image': None, 'year_end': None, 'year_start': None, 'games_count': 46, 'image_background': 'https://media.rawg.io/media/screenshots/d9f/d9f308b5d824ae8f047edc0a998a587b.jpg'}, 'released_at': '1986-12-12', 'requirements': {}}, {'platform': {'id': 11, 'name': 'Wii', 'slug': 'wii', 'image': None, 'year_end': None, 'year_start': None, 'games_count': 2209, 'image_background': 'https://media.rawg.io/media/games/9ca/9ca31615beee447f3ae1dc9b3b736dce.jpg'}, 'released_at': '1986-12-12', 'requirements': {}}, {'platform': {'id': 77, 'name': 'Game Gear', 'slug': 'game-gear', 'image': None, 'year_end': None, 'year_start': None, 'games_count': 228, 'image_background': 'https://media.rawg.io/media/games/e48/e4852b9be5eb6859870288d91f74aab6.jpg'}, 'released_at': '1986-12-12', 'requirements': {}}, {'platform': {'id': 166, 'name': 'Commodore / Amiga', 'slug': 'commodore-amiga', 'image': None, 'year_end': None, 'year_start': None, 'games_count': 2083, 'image_background': 'https://media.rawg.io/media/games/cce/cce8bebe861f295003f5a9fe5b11233f.jpg'}, 'released_at': '1986-12-12', 'requirements': {}}, {'platform': {'id': 74, 'name': 'SEGA Master System', 'slug': 'sega-master-system', 'image': None, 'year_end': None, 'year_start': None, 'games_count': 234, 'image_background': 'https://media.rawg.io/media/screenshots/a7f/a7f3cb62af2ee95d92065da88583338b.jpg'}, 'released_at': '1986-12-12', 'requirements': {}}, {'platform': {'id': 49, 'name': 'NES', 'slug': 'nes', 'image': None, 'year_end': None, 'year_start': None, 'games_count': 1015, 'image_background': 'https://media.rawg.io/media/games/7c5/7c50dd0415eb0a57505c58d4e50e4d24.jpg'}, 'released_at': '1986-12-12', 'requirements': {}}, {'platform': {'id': 4, 'name': 'PC', 'slug': 'pc', 'image': None, 'year_end': None, 'year_start': None, 'games_count': 547196, 'image_background': 'https://media.rawg.io/media/games/6fc/6fcf4cd3b17c288821388e6085bb0fc9.jpg'}, 'released_at': '1986-12-12', 'requirements': {}}]",[],"[{'id': 425, 'name': 'SEGA', 'slug': 'sega', 'games_count': 578, 'image_background': 'https://media.rawg.io/media/screenshots/845/84595759d06a7c5ed2eab76f623454f7.jpeg'}, {'id': 15420, 'name': 'Elite Systems', 'slug': 'elite-systems', 'games_count': 27, 'image_background': 'https://media.rawg.io/media/screenshots/caa/caa0c02cbf754482c07398d49211bb5e.jpg'}, {'id': 26996, 'name': 'Dempa', 'slug': 'dempa', 'games_count': 5, 'image_background': 'https://media.rawg.io/media/games/b21/b21555abc69d04d9b5d7663d478ca81e.jpg'}, {'id': 26997, 'name': 'Rutubo Games', 'slug': 'rutubo-games', 'games_count': 1, 'image_background': 'https://media.rawg.io/media/screenshots/3df/3dfa71e841586f0659e61c3b9f1f6ea5.jpg'}]",[],"[{'id': 31, 'name': 'Singleplayer', 'slug': 'singleplayer', 'language': 'eng', 'games_count': 238404, 'image_background': 'https://media.rawg.io/media/games/26d/26d4437715bee60138dab4a7c8c59c92.jpg'}]","[{'id': 3408, 'name': 'SEGA', 'slug': 'sega-2', 'games_count': 1262, 'image_background': 'https://media.rawg.io/media/games/be9/be9cf02720c9326e11d0fda14518554f.jpg'}, {'id': 11855, 'name': 'Elite Systems', 'slug': 'elite-systems', 'games_count': 28, 'image_background': 'https://media.rawg.io/media/screenshots/310/310b7ee55711ca5b0b4e7cd11a6bf3d1_FhUKexc.jpg'}, {'id': 19742, 'name': 'NEC', 'slug': 'nec', 'games_count': 30, 'image_background': 'https://media.rawg.io/media/screenshots/706/706727780cd957d288fe7e3a23bc787c.jpg'}, {'id': 20249, 'name': 'Micomsoft', 'slug': 'micomsoft', 'games_count': 4, 'image_background': 'https://media.rawg.io/media/screenshots/3df/3dfa71e841586f0659e61c3b9f1f6ea5.jpg'}, {'id': 19559, 'name': 'Takara', 'slug': 'takara', 'games_count': 37, 'image_background': 'https://media.rawg.io/media/screenshots/4ce/4cef5e7f1160babf298b37702810b6b8.jpg'}, {'id': 20250, 'name': 'Dempa', 'slug': 'dempa', 'games_count': 3, 'image_background': 'https://media.rawg.io/media/games/b21/b21555abc69d04d9b5d7663d478ca81e.jpg'}]",,"Space Harrier (Japanese: スペースハリアー, Hepburn: Supēsu Hariā) is an arcade video game developed and released by Sega Enterprises in December 1985. Originally conceived as a realistic military-themed game played in the third-person perspective and featuring a player-controlled fighter jet, technical and memory restrictions at the time resulted in Sega developer Yu Suzuki redesigning it to fit a fantasy setting centered around a jet-propelled human character. Critically praised for its innovative graphics and gameplay, Space Harrier is often ranked among Suzuki's best works and considered the first successful entry in the third-person and rail shooter game genres. It has made several crossover appearances in other Sega titles and inspired clone games by various developers, while PlatinumGames director Hideki Kamiya cited it as an inspiration for his entering the video game industry.
Space Harrier has been ported to over twenty different home computer and gaming platforms, either by Sega or outside developers such as Dempa in Japan and Elite Systems in North America and Europe. Two home-system sequels followed in Space Harrier 3-D and Space Harrier II (both released in 1988), and the arcade spinoff Planet Harriers (2000). A polygon-based remake of the original game was released by Sega for the PlayStation 2 as part of their Sega Ages series in 2003.",,2.0,16,6.0,7.0,13.0,,,,,,,,,,,,,,,,,,
30768,might-and-magic-book-one-secret-of-the-inner-sanct,Might and Magic: Book One - Secret of the Inner Sanctum,Might and Magic: Book One - Secret of the Inner Sanctum,"<p>Might and Magic: Book One - Secret of the Inner Sanctum is a RPG game developed by New World Computing. It was originally released in 1986. It was published by StarCraft. Most rawgers rated the game as ""Skip"". <br>You can play Might and Magic: Book One - Secret of the Inner Sanctum on Commodore / Amiga, Apple II, NES and PC. <br>It was scored by Masaharu Iwata. <br></p>",,[],1986-01-01,False,2024-01-06T11:27:22,https://media.rawg.io/media/screenshots/34e/34e66b569ef5833ac9c1b8b202b64cea.jpg,https://media.rawg.io/media/screenshots/708/708a84e9e3e60ac8d92f0fa499db5fe2.jpg,,2.1,1,"[{'id': 1, 'title': 'skip', 'count': 6, 'percent': 60.0}, {'id': 4, 'title': 'recommended', 'count': 3, 'percent': 30.0}, {'id': 3, 'title': 'meh', 'count': 1, 'percent': 10.0}]",42,0,8,0,2,0,0,,,,,0,0,0,0,10,242,[],,0,0,9,,10,0f0f0f,0f0f0f,"[{'platform': {'id': 1, 'name': 'PC', 'slug': 'pc'}}, {'platform': {'id': 5, 'name': 'Apple Macintosh', 'slug': 'mac'}}, {'platform': {'id': 7, 'name': 'Nintendo', 'slug': 'nintendo'}}, {'platform': {'id': 10, 'name': 'Commodore / Amiga', 'slug': 'commodore-amiga'}}]","[{'platform': {'id': 166, 'name': 'Commodore / Amiga', 'slug': 'commodore-amiga', 'image': None, 'year_end': None, 'year_start': None, 'games_count': 2083, 'image_background': 'https://media.rawg.io/media/games/cce/cce8bebe861f295003f5a9fe5b11233f.jpg'}, 'released_at': '1986-01-01', 'requirements': {}}, {'platform': {'id': 41, 'name': 'Apple II', 'slug': 'apple-ii', 'image': None, 'year_end': None, 'year_start': None, 'games_count': 424, 'image_background': 'https://media.rawg.io/media/screenshots/3d2/3d2bb57b39e2efa39d1c385585b2ea8b.jpg'}, 'released_at': '1986-01-01', 'requirements': {}}, {'platform': {'id': 49, 'name': 'NES', 'slug': 'nes', 'image': None, 'year_end': None, 'year_start': None, 'games_count': 1015, 'image_background': 'https://media.rawg.io/media/games/7c5/7c50dd0415eb0a57505c58d4e50e4d24.jpg'}, 'released_at': '1986-01-01', 'requirements': {}}, {'platform': {'id': 4, 'name': 'PC', 'slug': 'pc', 'image': None, 'year_end': None, 'year_start': None, 'games_count': 547196, 'image_background': 'https://media.rawg.io/media/games/6fc/6fcf4cd3b17c288821388e6085bb0fc9.jpg'}, 'released_at': '1986-01-01', 'requirements': {}}]",[],"[{'id': 13166, 'name': 'New World Computing', 'slug': 'new-world-computing', 'games_count': 46, 'image_background': 'https://media.rawg.io/media/games/efa/efa20a88e86267ed7c49f394fa22c1d0.jpg'}]","[{'id': 5, 'name': 'RPG', 'slug': 'role-playing-games-rpg', 'games_count': 59370, 'image_background': 'https://media.rawg.io/media/games/f6b/f6bed028b02369d4cab548f4f9337e81.jpg'}]","[{'id': 31, 'name': 'Singleplayer', 'slug': 'singleplayer', 'language': 'eng', 'games_count': 238404, 'image_background': 'https://media.rawg.io/media/games/26d/26d4437715bee60138dab4a7c8c59c92.jpg'}]","[{'id': 11457, 'name': 'New World Computing', 'slug': 'new-world-computing', 'games_count': 26, 'image_background': 'https://media.rawg.io/media/screenshots/2ba/2ba8f4d1f20dd8e33dfbd6c9550808a7.jpg'}, {'id': 19940, 'name': 'StarCraft', 'slug': 'starcraft', 'games_count': 7, 'image_background': 'https://media.rawg.io/media/screenshots/ea3/ea30558872850f437425a9bad0a1b769.jpg'}, {'id': 19938, 'name': 'Gakken', 'slug': 'gakken', 'games_count': 1, 'image_background': 'https://media.rawg.io/media/screenshots/34e/34e66b569ef5833ac9c1b8b202b64cea.jpg'}, {'id': 19939, 'name': 'Sammy USA', 'slug': 'sammy-usa', 'games_count': 1, 'image_background': 'https://media.rawg.io/media/screenshots/34e/34e66b569ef5833ac9c1b8b202b64cea.jpg'}, {'id': 19941, 'name': 'Gakken Holdings', 'slug': 'gakken-holdings', 'games_count': 1, 'image_background': 'https://media.rawg.io/media/screenshots/34e/34e66b569ef5833ac9c1b8b202b64cea.jpg'}]",,,,8.0,11,5.0,11.0,6.0,1.0,,,,,,,,,,,,,,,,,
55053,kings-quest-iii,King's Quest III,King's Quest III,"<p>King&#39;s Quest III: To Heir Is Human is the third installment in the King&#39;s Quest series of graphic adventure games developed and released by Sierra On-Line in 1986. The game was originally released for the Apple II and PC DOS, and later ported to several other computer systems. It was the first title game in the series not to feature King Graham as the player character.</p>",,[],1986-10-01,False,2025-04-15T19:26:48,https://media.rawg.io/media/screenshots/7a9/7a90c9d134e32ecc26adbd58f44587be.jpg,https://media.rawg.io/media/screenshots/fea/fea765ca4583931ddd8526919b17cc09.jpg,,3.33,3,"[{'id': 3, 'title': 'meh', 'count': 4, 'percent': 44.44}, {'id': 4, 'title': 'recommended', 'count': 3, 'percent': 33.33}, {'id': 5, 'title': 'exceptional', 'count': 1, 'percent': 11.11}, {'id': 1, 'title': 'skip', 'count': 1, 'percent': 11.11}]",41,0,12,0,8,0,0,,,,,0,0,0,0,9,220,['King’s Quest III: To Heir Is Human'],,0,0,6,,9,0f0f0f,0f0f0f,"[{'platform': {'id': 1, 'name': 'PC', 'slug': 'pc'}}, {'platform': {'id': 5, 'name': 'Apple Macintosh', 'slug': 'mac'}}, {'platform': {'id': 9, 'name': 'Atari', 'slug': 'atari'}}, {'platform': {'id': 10, 'name': 'Commodore / Amiga', 'slug': 'commodore-amiga'}}]","[{'platform': {'id': 166, 'name': 'Commodore / Amiga', 'slug': 'commodore-amiga', 'image': None, 'year_end': None, 'year_start': None, 'games_count': 2083, 'image_background': 'https://media.rawg.io/media/games/cce/cce8bebe861f295003f5a9fe5b11233f.jpg'}, 'released_at': '1986-10-01', 'requirements': {}}, {'platform': {'id': 55, 'name': 'Classic Macintosh', 'slug': 'macintosh', 'image': None, 'year_end': None, 'year_start': None, 'games_count': 675, 'image_background': 'https://media.rawg.io/media/games/38a/38af969459ad6e5de116ec8a4a84218c.jpg'}, 'released_at': '1986-10-01', 'requirements': {}}, {'platform': {'id': 41, 'name': 'Apple II', 'slug': 'apple-ii', 'image': None, 'year_end': None, 'year_start': None, 'games_count': 424, 'image_background': 'https://media.rawg.io/media/screenshots/3d2/3d2bb57b39e2efa39d1c385585b2ea8b.jpg'}, 'released_at': '1986-10-01', 'requirements': {}}, {'platform': {'id': 34, 'name': 'Atari ST', 'slug': 'atari-st', 'image': None, 'year_end': None, 'year_start': None, 'games_count': 836, 'image_background': 'https://media.rawg.io/media/games/637/637d7dc2f44d0f6ddd3ee2c0b1366962.jpg'}, 'released_at': '1986-10-01', 'requirements': {}}, {'platform': {'id': 4, 'name': 'PC', 'slug': 'pc', 'image': None, 'year_end': None, 'year_start': None, 'games_count': 547196, 'image_background': 'https://media.rawg.io/media/games/6fc/6fcf4cd3b17c288821388e6085bb0fc9.jpg'}, 'released_at': '1986-10-01', 'requirements': {}}]",[],"[{'id': 1497, 'name': 'Sierra Entertainment', 'slug': 'sierra-entertainment', 'games_count': 46, 'image_background': 'https://media.rawg.io/media/screenshots/e5c/e5c9f61c648beb97143c5d70396240fe.jpg'}, {'id': 7564, 'name': 'Sierra On-Line', 'slug': 'sierra-on-line', 'games_count': 119, 'image_background': 'https://media.rawg.io/media/screenshots/3d7/3d7f9baa0db4d6fb67a5e17c29bda07f.jpg'}]","[{'id': 3, 'name': 'Adventure', 'slug': 'adventure', 'games_count': 146481, 'image_background': 'https://media.rawg.io/media/games/b6b/b6b20bfc4b34e312dbc8aac53c95a348.jpg'}]","[{'id': 31, 'name': 'Singleplayer', 'slug': 'singleplayer', 'language': 'eng', 'games_count': 238404, 'image_background': 'https://media.rawg.io/media/games/26d/26d4437715bee60138dab4a7c8c59c92.jpg'}]","[{'id': 11434, 'name': 'Sierra On-Line', 'slug': 'sierra-on-line', 'games_count': 256, 'image_background': 'https://media.rawg.io/media/games/bc8/bc84784c2630f46ed2e675d0b4a59d62.jpg'}]",,"King's Quest III: To Heir Is Human is the third installment in the King's Quest series of graphic adventure games developed and released by Sierra On-Line in 1986. The game was originally released for the Apple II and PC DOS, and later ported to several other computer systems. It was the first title game in the series not to feature King Graham as the player character.",,5.0,15,12.0,7.0,2.0,,,,,,,,,,,,,,,,,,
56841,thanatos,Thanatos,Thanatos,"<p>Thanatos is an action game developed and published by Durell Software in 1986 for the ZX Spectrum, Commodore 64 and Amstrad CPC.</p>",,[],1986-01-01,False,2019-08-28T22:00:16,https://media.rawg.io/media/screenshots/2ad/2addfda33dac77dd659fd3276a7aa8dd.jpg,https://media.rawg.io/media/screenshots/3be/3bee4ddbca930cd90d1d843d0f445457.jpg,,0.0,0,"[{'id': 3, 'title': 'meh', 'count': 1, 'percent': 100.0}]",36,3,9,0,4,34,34,,,,,0,0,0,0,1,270,[],,0,0,0,,1,0f0f0f,0f0f0f,"[{'platform': {'id': 10, 'name': 'Commodore / Amiga', 'slug': 'commodore-amiga'}}]","[{'platform': {'id': 166, 'name': 'Commodore / Amiga', 'slug': 'commodore-amiga', 'image': None, 'year_end': None, 'year_start': None, 'games_count': 2083, 'image_background': 'https://media.rawg.io/media/games/cce/cce8bebe861f295003f5a9fe5b11233f.jpg'}, 'released_at': '1986-01-01', 'requirements': {}}]",[],"[{'id': 15479, 'name': 'Durell Software', 'slug': 'durell-software', 'games_count': 3, 'image_background': 'https://media.rawg.io/media/screenshots/5ff/5ffb1e3d69a7c62ec9e54b872efb589e.jpg'}]","[{'id': 4, 'name': 'Action', 'slug': 'action', 'games_count': 186608, 'image_background': 'https://media.rawg.io/media/games/618/618c2031a07bbff6b4f611f10b6bcdbc.jpg'}]","[{'id': 31, 'name': 'Singleplayer', 'slug': 'singleplayer', 'language': 'eng', 'games_count': 238404, 'image_background': 'https://media.rawg.io/media/games/26d/26d4437715bee60138dab4a7c8c59c92.jpg'}]","[{'id': 12020, 'name': 'Durell Software', 'slug': 'durell-software', 'games_count': 6, 'image_background': 'https://media.rawg.io/media/screenshots/2ad/2addfda33dac77dd659fd3276a7aa8dd.jpg'}]",,"Thanatos is an action game developed and published by Durell Software in 1986 for the ZX Spectrum, Commodore 64 and Amstrad CPC.",,,32,1.0,2.0,1.0,,,,,,,,,,,,,,,,0.0,,
53910,the-legend-of-kage-1986,The Legend of Kage (1986),The Legend of Kage (1986),"<p>The Legend of Kage (影の伝説, Kage no Densetsu) is a 1985 arcade game by Taito which was released for several contemporary video game home systems in 1986.</p>",,[],1986-04-18,False,2019-08-28T22:26:19,https://media.rawg.io/media/screenshots/312/312063b0d0eea0e17bbfcedc97ed9a0d.jpg,https://media.rawg.io/media/screenshots/3f4/3f46f5dda76f0a20049fea2dcfae65ce.jpg,,3.83,4,"[{'id': 4, 'title': 'recommended', 'count': 8, 'percent': 66.67}, {'id': 3, 'title': 'meh', 'count': 3, 'percent': 25.0}, {'id': 5, 'title': 'exceptional', 'count': 1, 'percent': 8.33}]",36,0,12,0,1,0,0,,,,,0,0,0,1,10,295,[],,0,0,1,,12,0f0f0f,0f0f0f,"[{'platform': {'id': 2, 'name': 'PlayStation', 'slug': 'playstation'}}, {'platform': {'id': 7, 'name': 'Nintendo', 'slug': 'nintendo'}}, {'platform': {'id': 10, 'name': 'Commodore / Amiga', 'slug': 'commodore-amiga'}}]","[{'platform': {'id': 166, 'name': 'Commodore / Amiga', 'slug': 'commodore-amiga', 'image': None, 'year_end': None, 'year_start': None, 'games_count': 2083, 'image_background': 'https://media.rawg.io/media/games/cce/cce8bebe861f295003f5a9fe5b11233f.jpg'}, 'released_at': '1986-04-18', 'requirements': {}}, {'platform': {'id': 11, 'name': 'Wii', 'slug': 'wii', 'image': None, 'year_end': None, 'year_start': None, 'games_count': 2209, 'image_background': 'https://media.rawg.io/media/games/9ca/9ca31615beee447f3ae1dc9b3b736dce.jpg'}, 'released_at': '1986-04-18', 'requirements': {}}, {'platform': {'id': 8, 'name': 'Nintendo 3DS', 'slug': 'nintendo-3ds', 'image': None, 'year_end': None, 'year_start': None, 'games_count': 1682, 'image_background': 'https://media.rawg.io/media/screenshots/42d/42d770eb49f2ba01cd4045e0d92af7a9.jpg'}, 'released_at': '1986-04-18', 'requirements': {}}, {'platform': {'id': 10, 'name': 'Wii U', 'slug': 'wii-u', 'image': None, 'year_end': None, 'year_start': None, 'games_count': 1114, 'image_background': 'https://media.rawg.io/media/games/85c/85c8ae70e7cdf0105f06ef6bdce63b8b.jpg'}, 'released_at': '1986-04-18', 'requirements': {}}, {'platform': {'id': 49, 'name': 'NES', 'slug': 'nes', 'image': None, 'year_end': None, 'year_start': None, 'games_count': 1015, 'image_background': 'https://media.rawg.io/media/games/7c5/7c50dd0415eb0a57505c58d4e50e4d24.jpg'}, 'released_at': '1986-04-18', 'requirements': {}}, {'platform': {'id': 18, 'name': 'PlayStation 4', 'slug': 'playstation4', 'image': None, 'year_end': None, 'year_start': None, 'games_count': 6916, 'image_background': 'https://media.rawg.io/media/games/f46/f466571d536f2e3ea9e815ad17177501.jpg'}, 'released_at': '1986-04-18', 'requirements': {}}]",[],"[{'id': 6586, 'name': 'Taito', 'slug': 'taito', 'games_count': 158, 'image_background': 'https://media.rawg.io/media/screenshots/89d/89d33b5f76431cbbc5c8a8f89c98825d.jpeg'}, {'id': 14880, 'name': 'iMagine Studios', 'slug': 'imagine-studios', 'games_count': 3, 'image_background': 'https://media.rawg.io/media/screenshots/5e1/5e10ed250ac9164cf25c923c81679a49.jpg'}]","[{'id': 4, 'name': 'Action', 'slug': 'action', 'games_count': 186608, 'image_background': 'https://media.rawg.io/media/games/618/618c2031a07bbff6b4f611f10b6bcdbc.jpg'}]","[{'id': 31, 'name': 'Singleplayer', 'slug': 'singleplayer', 'language': 'eng', 'games_count': 238404, 'image_background': 'https://media.rawg.io/media/games/26d/26d4437715bee60138dab4a7c8c59c92.jpg'}]","[{'id': 19492, 'name': 'Japan', 'slug': 'japan', 'games_count': 27, 'image_background': 'https://media.rawg.io/media/screenshots/291/291eb34b435ecdad82aecf7d60310aa2.jpg'}]",,"The Legend of Kage (影の伝説, Kage no Densetsu) is a 1985 arcade game by Taito which was released for several contemporary video game home systems in 1986.",,2.0,9,8.0,7.0,10.0,,,,,,,,,,,,,,,,,,1.0
54041,skate-or-die,Skate or Die!,Skate or Die!,"<p>Skate or Die! is a skateboarding game released by Electronic Arts in 1988 for the Sinclair ZX Spectrum, Commodore 64, Atari ST, Apple IIGS, Amstrad CPC, and IBM Compatibles running MS-DOS. It was ported to the Nintendo Entertainment System (NES) by Konami, and published by Ultra Games. In 2007, the NES version was re-released for Nintendo&#39;s Virtual Console service in Europe (excluding France) and Australia. The Atari ST conversion was contracted to Codemasters, who contracted Kinetic Designs to do the work.</p>",,[],1986-12-21,False,2023-02-08T10:51:08,https://media.rawg.io/media/screenshots/d66/d666aaa8e458708e1563824d83361af0.jpg,https://media.rawg.io/media/screenshots/644/64416a7e364a00c47f91d9a5bc2842e5.jpg,,3.25,4,"[{'id': 4, 'title': 'recommended', 'count': 4, 'percent': 50.0}, {'id': 1, 'title': 'skip', 'count': 2, 'percent': 25.0}, {'id': 5, 'title': 'exceptional', 'count': 1, 'percent': 12.5}, {'id': 3, 'title': 'meh', 'count': 1, 'percent': 12.5}]",36,0,3,0,12,0,0,,,,,0,0,0,1,6,68,[],,0,0,0,,8,0f0f0f,0f0f0f,"[{'platform': {'id': 1, 'name': 'PC', 'slug': 'pc'}}, {'platform': {'id': 7, 'name': 'Nintendo', 'slug': 'nintendo'}}, {'platform': {'id': 10, 'name': 'Commodore / Amiga', 'slug': 'commodore-amiga'}}]","[{'platform': {'id': 49, 'name': 'NES', 'slug': 'nes', 'image': None, 'year_end': None, 'year_start': None, 'games_count': 1015, 'image_background': 'https://media.rawg.io/media/games/7c5/7c50dd0415eb0a57505c58d4e50e4d24.jpg'}, 'released_at': '1986-12-21', 'requirements': {}}, {'platform': {'id': 166, 'name': 'Commodore / Amiga', 'slug': 'commodore-amiga', 'image': None, 'year_end': None, 'year_start': None, 'games_count': 2083, 'image_background': 'https://media.rawg.io/media/games/cce/cce8bebe861f295003f5a9fe5b11233f.jpg'}, 'released_at': '1986-12-21', 'requirements': {}}, {'platform': {'id': 4, 'name': 'PC', 'slug': 'pc', 'image': None, 'year_end': None, 'year_start': None, 'games_count': 547196, 'image_background': 'https://media.rawg.io/media/games/6fc/6fcf4cd3b17c288821388e6085bb0fc9.jpg'}, 'released_at': '1986-12-21', 'requirements': {}}]",[],"[{'id': 109, 'name': 'Electronic Arts', 'slug': 'electronic-arts', 'games_count': 318, 'image_background': 'https://media.rawg.io/media/games/979/979155841412068e7adf8c83dee94a4a.jpg'}, {'id': 1971, 'name': 'Konami Digital Entertainment', 'slug': 'konami-digital-entertainment', 'games_count': 467, 'image_background': 'https://media.rawg.io/media/games/d56/d56412cd670313ef306da64669c381d8.jpg'}]","[{'id': 15, 'name': 'Sports', 'slug': 'sports', 'games_count': 22123, 'image_background': 'https://media.rawg.io/media/games/5eb/5eb49eb2fa0738fdb5bacea557b1bc57.jpg'}]","[{'id': 31, 'name': 'Singleplayer', 'slug': 'singleplayer', 'language': 'eng', 'games_count': 238404, 'image_background': 'https://media.rawg.io/media/games/26d/26d4437715bee60138dab4a7c8c59c92.jpg'}, {'id': 7, 'name': 'Multiplayer', 'slug': 'multiplayer', 'language': 'eng', 'games_count': 40505, 'image_background': 'https://media.rawg.io/media/games/021/021c4e21a1824d2526f925eff6324653.jpg'}]","[{'id': 354, 'name': 'Electronic Arts', 'slug': 'electronic-arts', 'games_count': 1332, 'image_background': 'https://media.rawg.io/media/games/45b/45b57ed59de4b84effd8f6bc4b7bf515.jpg'}, {'id': 19468, 'name': 'Ultra Games', 'slug': 'ultra-games', 'games_count': 18, 'image_background': 'https://media.rawg.io/media/screenshots/659/659ef245ceb79091fa5dd7035bcfdd77.jpg'}]",,"Skate or Die! is a skateboarding game released by Electronic Arts in 1988 for the Sinclair ZX Spectrum, Commodore 64, Atari ST, Apple IIGS, Amstrad CPC, and IBM Compatibles running MS-DOS. It was ported to the Nintendo Entertainment System (NES) by Konami, and published by Ultra Games. In 2007, the NES version was re-released for Nintendo's Virtual Console service in Europe (excluding France) and Australia. The Atari ST conversion was contracted to Codemasters, who contracted Kinetic Designs to do the work.",,3.0,21,2.0,6.0,4.0,,,,,,,,,,,,,,,,,,
59573,penguin-adventure,Penguin Adventure,Penguin Adventure,"'Penguin Adventure' is a 2D platform jumping game with cartoon style. Players control a cute little penguin through many difficulties, and finally reach the destination.<br/>[Game Operation]<br/>Key on keyboard: Jump<br/>Down key of keyboard: Down<br/>Right click on the keyboard: Shooting<br/>[Game features]<br/>Players need to jump over various obstacles, defeat the enemy, and then pass through the castle.<br/>The way to attack the enemy can be to step on the enemy after jumping, or to fire bullets to attack the enemy.<br/>During the game, you will encounter many props, and you will get higher scores if you touch these props.<br/>The difficulty of the game will become more and more difficult with the increase of the number of levels. It is not easy to pass the level smoothly. Those who like to adjust may as well try it.<br/>",,[],1986-10-28,False,2025-01-11T20:17:06,https://media.rawg.io/media/games/299/2993993d4063615a52a86c7f1b698610.jpg,https://media.rawg.io/media/screenshots/86c/86cc253cc472bae889444fa0092dd384.jpg,,3.5,4,"[{'id': 4, 'title': 'recommended', 'count': 5, 'percent': 50.0}, {'id': 3, 'title': 'meh', 'count': 3, 'percent': 30.0}, {'id': 5, 'title': 'exceptional', 'count': 1, 'percent': 10.0}, {'id': 1, 'title': 'skip', 'count': 1, 'percent': 10.0}]",35,0,3,0,5,0,0,,,,,0,0,0,0,10,65,[],,0,0,0,,10,0f0f0f,0f0f0f,"[{'platform': {'id': 1, 'name': 'PC', 'slug': 'pc'}}]","[{'platform': {'id': 4, 'name': 'PC', 'slug': 'pc', 'image': None, 'year_end': None, 'year_start': None, 'games_count': 547196, 'image_background': 'https://media.rawg.io/media/games/6fc/6fcf4cd3b17c288821388e6085bb0fc9.jpg'}, 'released_at': '2023-01-18', 'requirements': {'minimum': 'Minimum:\nOS: win7,8,10\nProcessor: i3\nMemory: 2048 MB RAM\nGraphics: GTX960\nStorage: 2048 MB available space'}}]","[{'id': 768910, 'url': '', 'store': {'id': 1, 'name': 'Steam', 'slug': 'steam', 'domain': 'store.steampowered.com', 'games_count': 110181, 'image_background': 'https://media.rawg.io/media/games/7fa/7fa0b586293c5861ee32490e953a4996.jpg'}}]","[{'id': 1971, 'name': 'Konami Digital Entertainment', 'slug': 'konami-digital-entertainment', 'games_count': 467, 'image_background': 'https://media.rawg.io/media/games/d56/d56412cd670313ef306da64669c381d8.jpg'}, {'id': 416496, 'name': 'myh', 'slug': 'myh', 'games_count': 5, 'image_background': 'https://media.rawg.io/media/screenshots/78e/78e1cdcf549d674819a8492968dcf73e.jpg'}, {'id': 347409, 'name': 'penguin game', 'slug': 'penguin-game', 'games_count': 1, 'image_background': 'https://media.rawg.io/media/games/299/2993993d4063615a52a86c7f1b698610.jpg'}]","[{'id': 4, 'name': 'Action', 'slug': 'action', 'games_count': 186608, 'image_background': 'https://media.rawg.io/media/games/618/618c2031a07bbff6b4f611f10b6bcdbc.jpg'}, {'id': 3, 'name': 'Adventure', 'slug': 'adventure', 'games_count': 146481, 'image_background': 'https://media.rawg.io/media/games/b6b/b6b20bfc4b34e312dbc8aac53c95a348.jpg'}, {'id': 1, 'name': 'Racing', 'slug': 'racing', 'games_count': 25359, 'image_background': 'https://media.rawg.io/media/screenshots/69b/69bb243ea9896ddfc2e051b58e81624d.jpg'}, {'id': 40, 'name': 'Casual', 'slug': 'casual', 'games_count': 61303, 'image_background': 'https://media.rawg.io/media/games/e44/e445335e611b4ccf03af71fffcbd30a4.jpg'}, {'id': 51, 'name': 'Indie', 'slug': 'indie', 'games_count': 76957, 'image_background': 'https://media.rawg.io/media/games/dd5/dd50d4266915d56dd5b63ae1bf72606a.jpg'}, {'id': 83, 'name': 'Platformer', 'slug': 'platformer', 'games_count': 100869, 'image_background': 'https://media.rawg.io/media/games/f8c/f8c6a262ead4c16b47e1219310210eb3.jpg'}]","[{'id': 31, 'name': 'Singleplayer', 'slug': 'singleplayer', 'language': 'eng', 'games_count': 238404, 'image_background': 'https://media.rawg.io/media/games/26d/26d4437715bee60138dab4a7c8c59c92.jpg'}, {'id': 45, 'name': '2D', 'slug': '2d', 'language': 'eng', 'games_count': 202072, 'image_background': 'https://media.rawg.io/media/games/8ca/8ca40b562a755d6a0e30d48e6c74b178.jpg'}, {'id': 69, 'name': 'Action-Adventure', 'slug': 'action-adventure', 'language': 'eng', 'games_count': 19010, 'image_background': 'https://media.rawg.io/media/games/849/849414b978db37d4563ff9e4b0d3a787.jpg'}, {'id': 14, 'name': 'Early Access', 'slug': 'early-access', 'language': 'eng', 'games_count': 17611, 'image_background': 'https://media.rawg.io/media/games/66e/66e90c9d7b9a17335b310ceb294e9365.jpg'}, {'id': 121, 'name': 'Character Customization', 'slug': 'character-customization', 'language': 'eng', 'games_count': 5766, 'image_background': 'https://media.rawg.io/media/games/29c/29c6c21cc0c78cff6f45d23631cc82f4.jpg'}, {'id': 88, 'name': 'Cute', 'slug': 'cute', 'language': 'eng', 'games_count': 36821, 'image_background': 'https://media.rawg.io/media/games/e44/e445335e611b4ccf03af71fffcbd30a4.jpg'}, {'id': 138, 'name': 'Relaxing', 'slug': 'relaxing', 'language': 'eng', 'games_count': 19185, 'image_background': 'https://media.rawg.io/media/screenshots/066/066eb1b7a3f332b8089645fbf8c3ebdc.jpg'}, {'id': 164, 'name': 'Cartoony', 'slug': 'cartoony', 'language': 'eng', 'games_count': 7341, 'image_background': 'https://media.rawg.io/media/games/be0/be084b850302abe81675bc4ffc08a0d0.jpg'}, {'id': 808, 'name': 'character', 'slug': 'character', 'language': 'eng', 'games_count': 8871, 'image_background': 'https://media.rawg.io/media/games/43f/43ff0ac9538f82b00fb3b47d186bd46b.jpg'}, {'id': 179, 'name': 'Cartoon', 'slug': 'cartoon', 'language': 'eng', 'games_count': 6933, 'image_background': 'https://media.rawg.io/media/games/470/47058af09b864c2d211a08271eccfb4f.jpg'}, {'id': 269, 'name': 'Quick-Time Events', 'slug': 'quick-time-events', 'language': 'eng', 'games_count': 777, 'image_background': 'https://media.rawg.io/media/screenshots/e0e/e0ef96a0639af3735cb4d26160e82c16.jpg'}, {'id': 224, 'name': '1980s', 'slug': '1980s', 'language': 'eng', 'games_count': 3001, 'image_background': 'https://media.rawg.io/media/games/64a/64a7789943fe9f9d9c93f3a286ee7b20.jpg'}, {'id': 49959, 'name': '2D Platformer', 'slug': '2d-platformer-3', 'language': 'eng', 'games_count': 8052, 'image_background': 'https://media.rawg.io/media/games/470/47058af09b864c2d211a08271eccfb4f.jpg'}, {'id': 49995, 'name': '2D-платформер', 'slug': '2d-platformer-4', 'language': 'eng', 'games_count': 8007, 'image_background': 'https://media.rawg.io/media/games/bfb/bfb28df4f345165327555507c955a62a.jpg'}, {'id': 1529, 'name': 'fight', 'slug': 'fight', 'language': 'eng', 'games_count': 7907, 'image_background': 'https://media.rawg.io/media/screenshots/354/35415d87481388c8632a299ce2a97bbf.jpeg'}, {'id': 1807, 'name': 'water', 'slug': 'water', 'language': 'eng', 'games_count': 3864, 'image_background': 'https://media.rawg.io/media/screenshots/ec6/ec6eda0d3d08d023793486b253534c27.jpg'}, {'id': 5468, 'name': 'qte', 'slug': 'qte', 'language': 'eng', 'games_count': 747, 'image_background': 'https://media.rawg.io/media/screenshots/969/9695b2a2880c87a01955e519899ec16e.jpg'}, {'id': 1156, 'name': 'princess', 'slug': 'princess', 'language': 'eng', 'games_count': 1269, 'image_background': 'https://media.rawg.io/media/screenshots/10e/10e9593297ae69b0411befed961c28e5.jpg'}, {'id': 941, 'name': 'Mountains', 'slug': 'mountains', 'language': 'eng', 'games_count': 1369, 'image_background': 'https://media.rawg.io/media/screenshots/039/03959303c56feef2255725ac16696308.jpg'}, {'id': 2202, 'name': 'tree', 'slug': 'tree', 'language': 'eng', 'games_count': 993, 'image_background': 'https://media.rawg.io/media/screenshots/fb6/fb6845c1421087d9c748e10338685093.jpg'}, {'id': 4226, 'name': 'penguin', 'slug': 'penguin', 'language': 'eng', 'games_count': 580, 'image_background': 'https://media.rawg.io/media/screenshots/cb8/cb80b8683fc9d875478c9d699d7d8b76.jpg'}]","[{'id': 10691, 'name': 'Konami', 'slug': 'konami', 'games_count': 788, 'image_background': 'https://media.rawg.io/media/games/85e/85e4c8a78cf9b82b5ed19262fe00c00f.jpg'}, {'id': 63046, 'name': 'myh', 'slug': 'myh', 'games_count': 5, 'image_background': 'https://media.rawg.io/media/screenshots/a50/a503bd734cc14c58b6565ebb3b521cc1.jpg'}, {'id': 57051, 'name': 'penguin game', 'slug': 'penguin-game', 'games_count': 1, 'image_background': 'https://media.rawg.io/media/games/299/2993993d4063615a52a86c7f1b698610.jpg'}]",,"'Penguin Adventure' is a 2D platform jumping game with cartoon style. Players control a cute little penguin through many difficulties, and finally reach the destination.
[Game Operation]
Key on keyboard: Jump
Down key of keyboard: Down
Right click on the keyboard: Shooting
[Game features]
Players need to jump over various obstacles, defeat the enemy, and then pass through the castle.
The way to attack the enemy can be to step on the enemy after jumping, or to fire bullets to attack the enemy.
During the game, you will encounter many props, and you will get higher scores if you touch these props.
The difficulty of the game will become more and more difficult with the increase of the number of levels. It is not easy to pass the level smoothly. Those who like to adjust may as well try it.",,2.0,10,5.0,9.0,9.0,,,,,,,,,,,,,,,,,,
54057,solomons-key,Solomon's Key (1986),Solomon's Key (1986),"<p>Solomon&#39;s Key (ソロモンの鍵, Soromon no Kagi) is a puzzle game developed by Tecmo in 1986 for arcade release on custom hardware based on the Z80 chipset. It is better known as a 1987 port to the Commodore 64 and the Nintendo Entertainment System, although it also appeared on many other game systems of the time, like the Sega Master System in 1988 and the Famicom Disk System, released in Japan on January 25, 1991.</p>
<p>Return to an age of mystery and intrigue, to a place in which the fabled treasure of King Solomon shone brightly with its glorious wealth. Where amongst the network of mysterious rooms lies the next key that will bring you nearer to these fabulous riches. Where amongst the stone pillars and hidden dangers lie mythical creatures that can perpetuate your life, long enough to reach your ultimate goal.</p>
<p>As Dana, a skilled and talented hero, you must strategically maneuver through over 40 stages using mysterious block-creation skills and other magical powers. Free the captive Fairy in each stage by finding the Bell, and escape by grabbing the Magic Key. Use quick thinking and magical firepower to discover hidden items and evade numerous enemies as you race against the clock! Solomon&#39;s Key also features over 10 secret levels and multiple endings you can unlock! Do you have what it takes to unravel the secrets of Solomon&#39;s Key?</p>",,[],1986-07-30,False,2023-02-08T10:51:08,https://media.rawg.io/media/games/356/35673bc44f7aac83f3f71adcc66bf9a5.jpg,https://media.rawg.io/media/screenshots/d8e/d8eb52f939309b8a37504ca1f46ce06b.jpg,,3.86,4,"[{'id': 4, 'title': 'recommended', 'count': 6, 'percent': 85.71}, {'id': 3, 'title': 'meh', 'count': 1, 'percent': 14.29}]",34,0,42,0,4,0,0,,,,,0,0,0,0,6,586,"[""Arcade Archives: Solomon's Key"", 'Solomon No Kagi', 'ソロモンの鍵', 'ソロモンの鍵 王女リヒタの涙']",https://www.metacritic.com/game/switch/arcade-archives-solomons-key,0,0,4,,7,0f0f0f,0f0f0f,"[{'platform': {'id': 1, 'name': 'PC', 'slug': 'pc'}}, {'platform': {'id': 2, 'name': 'PlayStation', 'slug': 'playstation'}}, {'platform': {'id': 7, 'name': 'Nintendo', 'slug': 'nintendo'}}, {'platform': {'id': 9, 'name': 'Atari', 'slug': 'atari'}}, {'platform': {'id': 10, 'name': 'Commodore / Amiga', 'slug': 'commodore-amiga'}}, {'platform': {'id': 11, 'name': 'SEGA', 'slug': 'sega'}}]","[{'platform': {'id': 18, 'name': 'PlayStation 4', 'slug': 'playstation4', 'image': None, 'year_end': None, 'year_start': None, 'games_count': 6916, 'image_background': 'https://media.rawg.io/media/games/f46/f466571d536f2e3ea9e815ad17177501.jpg'}, 'released_at': '1986-07-30', 'requirements': {}}, {'platform': {'id': 4, 'name': 'PC', 'slug': 'pc', 'image': None, 'year_end': None, 'year_start': None, 'games_count': 547196, 'image_background': 'https://media.rawg.io/media/games/6fc/6fcf4cd3b17c288821388e6085bb0fc9.jpg'}, 'released_at': '1986-07-30', 'requirements': {}}, {'platform': {'id': 166, 'name': 'Commodore / Amiga', 'slug': 'commodore-amiga', 'image': None, 'year_end': None, 'year_start': None, 'games_count': 2083, 'image_background': 'https://media.rawg.io/media/games/cce/cce8bebe861f295003f5a9fe5b11233f.jpg'}, 'released_at': '1986-07-30', 'requirements': {}}, {'platform': {'id': 74, 'name': 'SEGA Master System', 'slug': 'sega-master-system', 'image': None, 'year_end': None, 'year_start': None, 'games_count': 234, 'image_background': 'https://media.rawg.io/media/screenshots/a7f/a7f3cb62af2ee95d92065da88583338b.jpg'}, 'released_at': '1986-07-30', 'requirements': {}}, {'platform': {'id': 49, 'name': 'NES', 'slug': 'nes', 'image': None, 'year_end': None, 'year_start': None, 'games_count': 1015, 'image_background': 'https://media.rawg.io/media/games/7c5/7c50dd0415eb0a57505c58d4e50e4d24.jpg'}, 'released_at': '1986-07-30', 'requirements': {}}, {'platform': {'id': 34, 'name': 'Atari ST', 'slug': 'atari-st', 'image': None, 'year_end': None, 'year_start': None, 'games_count': 836, 'image_background': 'https://media.rawg.io/media/games/637/637d7dc2f44d0f6ddd3ee2c0b1366962.jpg'}, 'released_at': '1986-07-30', 'requirements': {}}, {'platform': {'id': 7, 'name': 'Nintendo Switch', 'slug': 'nintendo-switch', 'image': None, 'year_end': None, 'year_start': None, 'games_count': 5623, 'image_background': 'https://media.rawg.io/media/games/f99/f9979698c43fd84c3ab69280576dd3af.jpg'}, 'released_at': '1986-07-30', 'requirements': {}}]",[],"[{'id': 26470, 'name': 'Koei Tecmo', 'slug': 'koei-tecmo', 'games_count': 152, 'image_background': 'https://media.rawg.io/media/screenshots/795/795186e3e2ed285403ec68ed93682b3d.jpg'}, {'id': 28178, 'name': 'HAMSTER', 'slug': 'hamster', 'games_count': 183, 'image_background': 'https://media.rawg.io/media/screenshots/0a1/0a185c9c745a9b19deaa3208837c76d2_jaM5ldj.jpg'}, {'id': 1696, 'name': 'Tecmo', 'slug': 'tecmo', 'games_count': 58, 'image_background': 'https://media.rawg.io/media/games/327/3271b52a14c6717920cb0cf401ec95ae.jpg'}, {'id': 26537, 'name': 'Probe Software', 'slug': 'probe-software', 'games_count': 18, 'image_background': 'https://media.rawg.io/media/screenshots/4f3/4f31d427496d39f3a02d7eadce1770c0.jpg'}, {'id': 27677, 'name': 'Aisystem Tokyo', 'slug': 'aisystem-tokyo', 'games_count': 4, 'image_background': 'https://media.rawg.io/media/screenshots/5cb/5cbc368503f194978b1bdad766e2c92c.jpg'}, {'id': 27217, 'name': 'Probe', 'slug': 'probe', 'games_count': 3, 'image_background': 'https://media.rawg.io/media/screenshots/4de/4dee76a21513eb75a04f8d2020e5300d.jpg'}]","[{'id': 4, 'name': 'Action', 'slug': 'action', 'games_count': 186608, 'image_background': 'https://media.rawg.io/media/games/618/618c2031a07bbff6b4f611f10b6bcdbc.jpg'}, {'id': 7, 'name': 'Puzzle', 'slug': 'puzzle', 'games_count': 97333, 'image_background': 'https://media.rawg.io/media/games/9f4/9f418898f5415668ca47b5f4ab1ecfeb.jpg'}, {'id': 83, 'name': 'Platformer', 'slug': 'platformer', 'games_count': 100869, 'image_background': 'https://media.rawg.io/media/games/f8c/f8c6a262ead4c16b47e1219310210eb3.jpg'}]",[],"[{'id': 14676, 'name': 'Koei Tecmo Games', 'slug': 'koei-tecmo-games', 'games_count': 181, 'image_background': 'https://media.rawg.io/media/games/e85/e85d35b22df177a435e39c071b744b4a.jpg'}, {'id': 11527, 'name': 'U.S. Gold', 'slug': 'us-gold-2', 'games_count': 95, 'image_background': 'https://media.rawg.io/media/games/eaa/eaa94a1203b9b8fdf5b01575c9e91591.jpg'}, {'id': 10692, 'name': 'HAMSTER', 'slug': 'hamster', 'games_count': 238, 'image_background': 'https://media.rawg.io/media/screenshots/74b/74bd62df16980a502dcaa7ddafb97311.jpg'}, {'id': 10787, 'name': 'Tecmo Koei', 'slug': 'tecmo-koei', 'games_count': 34, 'image_background': 'https://media.rawg.io/media/games/b44/b44e56d43b3a184d26e8f933931f8bc0.jpg'}, {'id': 10850, 'name': 'Tecmo', 'slug': 'tecmo', 'games_count': 91, 'image_background': 'https://media.rawg.io/media/screenshots/923/923af31543ea141f67665363469d0c79.jpg'}, {'id': 19837, 'name': 'Koei Tecmo', 'slug': 'koei-tecmo', 'games_count': 25, 'image_background': 'https://media.rawg.io/media/games/852/85207781f252b903fb724a82e98892c1.jpg'}, {'id': 1790, 'name': 'HAMSTER Corporariton', 'slug': 'hamster-corporariton', 'games_count': 6, 'image_background': 'https://media.rawg.io/media/screenshots/3af/3af6628d85c9fef1b9dc07ca8d700844.jpg'}, {'id': 20253, 'name': 'Kixx', 'slug': 'kixx', 'games_count': 7, 'image_background': 'https://media.rawg.io/media/screenshots/33d/33d618025f4963429ae860494b1fe9b8.jpg'}]",,"Solomon's Key (ソロモンの鍵, Soromon no Kagi) is a puzzle game developed by Tecmo in 1986 for arcade release on custom hardware based on the Z80 chipset. It is better known as a 1987 port to the Commodore 64 and the Nintendo Entertainment System, although it also appeared on many other game systems of the time, like the Sega Master System in 1988 and the Famicom Disk System, released in Japan on January 25, 1991.

Return to an age of mystery and intrigue, to a place in which the fabled treasure of King Solomon shone brightly with its glorious wealth. Where amongst the network of mysterious rooms lies the next key that will bring you nearer to these fabulous riches. Where amongst the stone pillars and hidden dangers lie mythical creatures that can perpetuate your life, long enough to reach your ultimate goal.

As Dana, a skilled and talented hero, you must strategically maneuver through over 40 stages using mysterious block-creation skills and other magical powers. Free the captive Fairy in each stage by finding the Bell, and escape by grabbing the Magic Key. Use quick thinking and magical firepower to discover hidden items and evade numerous enemies as you race against the clock! Solomon's Key also features over 10 secret levels and multiple endings you can unlock! Do you have what it takes to unravel the secrets of Solomon's Key?",,5.0,14,3.0,4.0,8.0,,1.0,Everyone,everyone,,,,,,,,,,,,,,
53833,gauntlet-ii,Gauntlet II,Gauntlet II,"<p>Gauntlet II is a 1986 arcade game released by Atari Games and the first sequel 1985's Gauntlet. Gauntlet II, like its predecessor, is a fantasy-themed hack and slash game.</p>",,[],1986-01-01,False,2023-10-27T01:06:07,https://media.rawg.io/media/screenshots/c0c/c0c5cb50b83631301cf23a34844b2c2b.jpg,https://media.rawg.io/media/screenshots/93c/93c9b73597a86730672730ad58d18a0d.jpg,,3.67,4,"[{'id': 4, 'title': 'recommended', 'count': 6, 'percent': 50.0}, {'id': 3, 'title': 'meh', 'count': 5, 'percent': 41.67}, {'id': 5, 'title': 'exceptional', 'count': 1, 'percent': 8.33}]",33,0,18,0,1,0,0,,,,,0,0,0,1,10,424,[],,0,0,6,,12,0f0f0f,0f0f0f,"[{'platform': {'id': 1, 'name': 'PC', 'slug': 'pc'}}, {'platform': {'id': 2, 'name': 'PlayStation', 'slug': 'playstation'}}, {'platform': {'id': 7, 'name': 'Nintendo', 'slug': 'nintendo'}}, {'platform': {'id': 9, 'name': 'Atari', 'slug': 'atari'}}, {'platform': {'id': 10, 'name': 'Commodore / Amiga', 'slug': 'commodore-amiga'}}]","[{'platform': {'id': 4, 'name': 'PC', 'slug': 'pc', 'image': None, 'year_end': None, 'year_start': None, 'games_count': 547196, 'image_background': 'https://media.rawg.io/media/games/6fc/6fcf4cd3b17c288821388e6085bb0fc9.jpg'}, 'released_at': '1986-01-01', 'requirements': {}}, {'platform': {'id': 34, 'name': 'Atari ST', 'slug': 'atari-st', 'image': None, 'year_end': None, 'year_start': None, 'games_count': 836, 'image_background': 'https://media.rawg.io/media/games/637/637d7dc2f44d0f6ddd3ee2c0b1366962.jpg'}, 'released_at': '1986-01-01', 'requirements': {}}, {'platform': {'id': 26, 'name': 'Game Boy', 'slug': 'game-boy', 'image': None, 'year_end': None, 'year_start': None, 'games_count': 617, 'image_background': 'https://media.rawg.io/media/games/057/0573c1c9e1f2414c1f4acabe86ee9fd9.jpg'}, 'released_at': '1986-01-01', 'requirements': {}}, {'platform': {'id': 16, 'name': 'PlayStation 3', 'slug': 'playstation3', 'image': None, 'year_end': None, 'year_start': None, 'games_count': 3167, 'image_background': 'https://media.rawg.io/media/games/736/73619bd336c894d6941d926bfd563946.jpg'}, 'released_at': '1986-01-01', 'requirements': {}}, {'platform': {'id': 49, 'name': 'NES', 'slug': 'nes', 'image': None, 'year_end': None, 'year_start': None, 'games_count': 1015, 'image_background': 'https://media.rawg.io/media/games/7c5/7c50dd0415eb0a57505c58d4e50e4d24.jpg'}, 'released_at': '1986-01-01', 'requirements': {}}, {'platform': {'id': 166, 'name': 'Commodore / Amiga', 'slug': 'commodore-amiga', 'image': None, 'year_end': None, 'year_start': None, 'games_count': 2083, 'image_background': 'https://media.rawg.io/media/games/cce/cce8bebe861f295003f5a9fe5b11233f.jpg'}, 'released_at': '1986-01-01', 'requirements': {}}]",[],"[{'id': 14828, 'name': 'Atari Games', 'slug': 'atari-games', 'games_count': 50, 'image_background': 'https://media.rawg.io/media/games/118/1189a10aafa6349dcdf24dfa2060fe57.jpg'}]","[{'id': 4, 'name': 'Action', 'slug': 'action', 'games_count': 186608, 'image_background': 'https://media.rawg.io/media/games/618/618c2031a07bbff6b4f611f10b6bcdbc.jpg'}]","[{'id': 411, 'name': 'cooperative', 'slug': 'cooperative', 'language': 'eng', 'games_count': 5855, 'image_background': 'https://media.rawg.io/media/games/1bd/1bd2657b81eb0c99338120ad444b24ff.jpg'}, {'id': 400, 'name': 'Up to 4 players simultaneously', 'slug': 'up-to-4-players-simultaneously', 'language': 'eng', 'games_count': 8, 'image_background': 'https://media.rawg.io/media/screenshots/133/133e3095f02c80776aba906b0efc7460.jpg'}]","[{'id': 1779, 'name': 'Atari', 'slug': 'atari', 'games_count': 507, 'image_background': 'https://media.rawg.io/media/games/d82/d82dbcf92ded452bf8c6fb1bbdd62e52.jpg'}]",,"Gauntlet II is a 1986 arcade game released by Atari Games and the first sequel 1985's Gauntlet. Gauntlet II, like its predecessor, is a fantasy-themed hack and slash game.",,4.0,14,6.0,4.0,5.0,,,,,,,,,,,,,,,,,,1.0
30257,space-quest-i,Space Quest 1: Roger Wilco in the Sarien Encounter,Space Quest 1: Roger Wilco in the Sarien Encounter,"<p>Space Quest: Chapter I – The Sarien Encounter, commonly known as Space Quest I, is a graphic adventure game released in October 1986 by Sierra On-Line. It is the first game in the Space Quest series. It quickly became a hit, selling in excess of 100,000 copies. Total sales are believed to be around 200,000 to date, not including the many compilations it has been included in.<br />
Space Quest was the brainchild of Sierra programmers Scott Murphy and Mark Crowe, who had worked on prior titles like King&#39;s Quest II, but had not designed their own game before. According to Murphy, &quot;at that time (1985), everything at Sierra was so somber and had an almost medieval atmosphere. So we decided &#39;Why not make a fun, silly game?&#39;&quot;</p>",,[],1986-10-01,False,2024-01-06T11:22:37,https://media.rawg.io/media/screenshots/625/625aaad2124967b7a32c083c40f63755.jpg,https://media.rawg.io/media/screenshots/1c1/1c1f57917b4e8818b348f305464cecd2.jpg,,4.1,4,"[{'id': 4, 'title': 'recommended', 'count': 5, 'percent': 50.0}, {'id': 5, 'title': 'exceptional', 'count': 3, 'percent': 30.0}, {'id': 3, 'title': 'meh', 'count': 2, 'percent': 20.0}]",33,0,2,0,5,0,0,,,,,0,0,0,0,9,85,['Space Quest: Chapter I - The Sarien Encounter'],,0,2,6,,10,0f0f0f,0f0f0f,"[{'platform': {'id': 1, 'name': 'PC', 'slug': 'pc'}}, {'platform': {'id': 10, 'name': 'Commodore / Amiga', 'slug': 'commodore-amiga'}}]","[{'platform': {'id': 4, 'name': 'PC', 'slug': 'pc', 'image': None, 'year_end': None, 'year_start': None, 'games_count': 547196, 'image_background': 'https://media.rawg.io/media/games/6fc/6fcf4cd3b17c288821388e6085bb0fc9.jpg'}, 'released_at': '1986-10-01', 'requirements': {}}, {'platform': {'id': 166, 'name': 'Commodore / Amiga', 'slug': 'commodore-amiga', 'image': None, 'year_end': None, 'year_start': None, 'games_count': 2083, 'image_background': 'https://media.rawg.io/media/games/cce/cce8bebe861f295003f5a9fe5b11233f.jpg'}, 'released_at': '1986-10-01', 'requirements': {}}]",[],"[{'id': 7564, 'name': 'Sierra On-Line', 'slug': 'sierra-on-line', 'games_count': 119, 'image_background': 'https://media.rawg.io/media/screenshots/3d7/3d7f9baa0db4d6fb67a5e17c29bda07f.jpg'}]","[{'id': 3, 'name': 'Adventure', 'slug': 'adventure', 'games_count': 146481, 'image_background': 'https://media.rawg.io/media/games/b6b/b6b20bfc4b34e312dbc8aac53c95a348.jpg'}]",[],"[{'id': 11434, 'name': 'Sierra On-Line', 'slug': 'sierra-on-line', 'games_count': 256, 'image_background': 'https://media.rawg.io/media/games/bc8/bc84784c2630f46ed2e675d0b4a59d62.jpg'}]",,"Space Quest: Chapter I – The Sarien Encounter, commonly known as Space Quest I, is a graphic adventure game released in October 1986 by Sierra On-Line. It is the first game in the Space Quest series. It quickly became a hit, selling in excess of 100,000 copies. Total sales are believed to be around 200,000 to date, not including the many compilations it has been included in.
Space Quest was the brainchild of Sierra programmers Scott Murphy and Mark Crowe, who had worked on prior titles like King's Quest II, but had not designed their own game before. According to Murphy, ""at that time (1985), everything at Sierra was so somber and had an almost medieval atmosphere. So we decided 'Why not make a fun, silly game?'""",,4.0,12,11.0,4.0,2.0,,,,,,,,,,,,,,,,,,
54015,renegade-1986,Renegade (1986),Renegade (1986),"<p>Renegade is a video game released in 1986 by Taito. It is a westernized conversion (including changes to all of the sprites and backgrounds) of the Japanese arcade game Nekketsu Kōha Kunio-kun (熱血硬派くにおくん, which roughly translates to &quot;Hot-Blooded Tough Guy Kunio&quot;), released earlier the same year by Technos. It is an immediate technological predecessor to Double Dragon, and Nekketsu Kōha Kunio-kun is the inaugural game in the Kunio-kun series (which includes Super Dodge Ball and River City Ransom).<br />
Renegade first introduced several trademarks of the beat &#39;em up genre, including 4-directional control, punch-jump-kick play action, and enemies which can sustain multiple hits. It is considered to be one of the most influential titles of the video game industry.</p>",,[],1986-01-01,False,2023-04-17T18:43:11,https://media.rawg.io/media/games/a65/a65aeaeb7dd45c2424f12eab2c77fac6.jpg,https://media.rawg.io/media/screenshots/68d/68d20ccea97142d99f65c43d5e77cfa3.jpg,,3.71,5,"[{'id': 5, 'title': 'exceptional', 'count': 3, 'percent': 42.86}, {'id': 3, 'title': 'meh', 'count': 2, 'percent': 28.57}, {'id': 4, 'title': 'recommended', 'count': 1, 'percent': 14.29}, {'id': 1, 'title': 'skip', 'count': 1, 'percent': 14.29}]",32,0,22,0,14,0,0,,,,,0,0,0,0,6,286,"['Arcade Archives: Nekketsu Kouha Kunio-Kun', 'Nekketsu Kouha Kunio-Kun ', '熱血硬派くにおくん']",,0,1,24,,7,0f0f0f,0f0f0f,"[{'platform': {'id': 5, 'name': 'Apple Macintosh', 'slug': 'mac'}}, {'platform': {'id': 7, 'name': 'Nintendo', 'slug': 'nintendo'}}, {'platform': {'id': 9, 'name': 'Atari', 'slug': 'atari'}}, {'platform': {'id': 10, 'name': 'Commodore / Amiga', 'slug': 'commodore-amiga'}}, {'platform': {'id': 11, 'name': 'SEGA', 'slug': 'sega'}}]","[{'platform': {'id': 166, 'name': 'Commodore / Amiga', 'slug': 'commodore-amiga', 'image': None, 'year_end': None, 'year_start': None, 'games_count': 2083, 'image_background': 'https://media.rawg.io/media/games/cce/cce8bebe861f295003f5a9fe5b11233f.jpg'}, 'released_at': '1986-01-01', 'requirements': {}}, {'platform': {'id': 74, 'name': 'SEGA Master System', 'slug': 'sega-master-system', 'image': None, 'year_end': None, 'year_start': None, 'games_count': 234, 'image_background': 'https://media.rawg.io/media/screenshots/a7f/a7f3cb62af2ee95d92065da88583338b.jpg'}, 'released_at': '1986-01-01', 'requirements': {}}, {'platform': {'id': 49, 'name': 'NES', 'slug': 'nes', 'image': None, 'year_end': None, 'year_start': None, 'games_count': 1015, 'image_background': 'https://media.rawg.io/media/games/7c5/7c50dd0415eb0a57505c58d4e50e4d24.jpg'}, 'released_at': '1986-01-01', 'requirements': {}}, {'platform': {'id': 41, 'name': 'Apple II', 'slug': 'apple-ii', 'image': None, 'year_end': None, 'year_start': None, 'games_count': 424, 'image_background': 'https://media.rawg.io/media/screenshots/3d2/3d2bb57b39e2efa39d1c385585b2ea8b.jpg'}, 'released_at': '1986-01-01', 'requirements': {}}, {'platform': {'id': 34, 'name': 'Atari ST', 'slug': 'atari-st', 'image': None, 'year_end': None, 'year_start': None, 'games_count': 836, 'image_background': 'https://media.rawg.io/media/games/637/637d7dc2f44d0f6ddd3ee2c0b1366962.jpg'}, 'released_at': '1986-01-01', 'requirements': {}}]",[],"[{'id': 25975, 'name': 'Technōs Japan', 'slug': 'technos-japan-2', 'games_count': 17, 'image_background': 'https://media.rawg.io/media/screenshots/e2a/e2af1fcbd58c3a1ce69f6b4907fab687.jpg'}, {'id': 15738, 'name': 'Technos Japan', 'slug': 'technos-japan', 'games_count': 9, 'image_background': 'https://media.rawg.io/media/screenshots/3de/3dec2695246145e0a8bcfa3716a37a86.jpg'}]","[{'id': 4, 'name': 'Action', 'slug': 'action', 'games_count': 186608, 'image_background': 'https://media.rawg.io/media/games/618/618c2031a07bbff6b4f611f10b6bcdbc.jpg'}, {'id': 6, 'name': 'Fighting', 'slug': 'fighting', 'games_count': 11763, 'image_background': 'https://media.rawg.io/media/games/35b/35b47c4d85cd6e08f3e2ca43ea5ce7bb.jpg'}]","[{'id': 31, 'name': 'Singleplayer', 'slug': 'singleplayer', 'language': 'eng', 'games_count': 238404, 'image_background': 'https://media.rawg.io/media/games/26d/26d4437715bee60138dab4a7c8c59c92.jpg'}, {'id': 7, 'name': 'Multiplayer', 'slug': 'multiplayer', 'language': 'eng', 'games_count': 40505, 'image_background': 'https://media.rawg.io/media/games/021/021c4e21a1824d2526f925eff6324653.jpg'}]","[{'id': 10867, 'name': 'Taito', 'slug': 'taito', 'games_count': 200, 'image_background': 'https://media.rawg.io/media/games/541/541de539db14b477a5ae9973f6ea8193.jpg'}]",,"Renegade is a video game released in 1986 by Taito. It is a westernized conversion (including changes to all of the sprites and backgrounds) of the Japanese arcade game Nekketsu Kōha Kunio-kun (熱血硬派くにおくん, which roughly translates to ""Hot-Blooded Tough Guy Kunio""), released earlier the same year by Technos. It is an immediate technological predecessor to Double Dragon, and Nekketsu Kōha Kunio-kun is the inaugural game in the Kunio-kun series (which includes Super Dodge Ball and River City Ransom).
Renegade first introduced several trademarks of the beat 'em up genre, including 4-directional control, punch-jump-kick play action, and enemies which can sustain multiple hits. It is considered to be one of the most influential titles of the video game industry.",,3.0,14,5.0,5.0,5.0,,2.0,Everyone 10+,everyone-10-plus,,,,,,,,,,,,,,
52428,ikari-warriors,Ikari Warriors (1986),Ikari Warriors (1986),"<p>Ikari Warriors is a vertically scrolling, run &amp; gun shoot &#39;em up arcade game developed by SNK, published in North America and Europe by Tradewest, and released in 1986. Originally titled Ikari (怒, &quot;Fury&quot;) in Japan, Ikari Warriors was SNK&#39;s first major breakthrough US release. The game was released at the time when there were many Commando clones on the market. What distinguished Ikari Warriors were rotary joysticks and a two-player mode.<br />
The player characters in Ikari Warriors are Colonel Ralf and Second Lieutenant Clark of the later King of Fighters series (known outside Japan as Paul and Vince in the Ikari series) battling through hordes of enemies. According to designer Keiko Iju, the game was inspired by the popular Rambo films and takes its name from the Japanese title of Rambo: First Blood Part II (Rambo: Ikari no Dasshutsu or &quot;The Furious Escape&quot;). Ralf and Clark also make an appearance as playable characters in Metal Slug 6 and Metal Slug 7, as well as the King of Fighters series.</p>",,[],1986-02-01,False,2024-02-13T09:25:02,https://media.rawg.io/media/games/e9d/e9d2b6f855998ee10cb60ff859b61f06.jpg,https://media.rawg.io/media/screenshots/f78/f782c656407c6261f497fc3b8b188594.jpg,,3.33,4,"[{'id': 4, 'title': 'recommended', 'count': 5, 'percent': 55.56}, {'id': 3, 'title': 'meh', 'count': 3, 'percent': 33.33}, {'id': 1, 'title': 'skip', 'count': 1, 'percent': 11.11}]",32,0,26,0,4,0,0,,,,,0,0,0,0,9,364,"[' Arcade Archives: Ikari ', 'Arcade Archives: Ikari Warriors', 'Ikari ']",,0,0,2,,9,0f0f0f,0f0f0f,"[{'platform': {'id': 1, 'name': 'PC', 'slug': 'pc'}}, {'platform': {'id': 2, 'name': 'PlayStation', 'slug': 'playstation'}}, {'platform': {'id': 7, 'name': 'Nintendo', 'slug': 'nintendo'}}, {'platform': {'id': 9, 'name': 'Atari', 'slug': 'atari'}}, {'platform': {'id': 10, 'name': 'Commodore / Amiga', 'slug': 'commodore-amiga'}}]","[{'platform': {'id': 166, 'name': 'Commodore / Amiga', 'slug': 'commodore-amiga', 'image': None, 'year_end': None, 'year_start': None, 'games_count': 2083, 'image_background': 'https://media.rawg.io/media/games/cce/cce8bebe861f295003f5a9fe5b11233f.jpg'}, 'released_at': '1986-02-01', 'requirements': {}}, {'platform': {'id': 49, 'name': 'NES', 'slug': 'nes', 'image': None, 'year_end': None, 'year_start': None, 'games_count': 1015, 'image_background': 'https://media.rawg.io/media/games/7c5/7c50dd0415eb0a57505c58d4e50e4d24.jpg'}, 'released_at': '1986-02-01', 'requirements': {}}, {'platform': {'id': 34, 'name': 'Atari ST', 'slug': 'atari-st', 'image': None, 'year_end': None, 'year_start': None, 'games_count': 836, 'image_background': 'https://media.rawg.io/media/games/637/637d7dc2f44d0f6ddd3ee2c0b1366962.jpg'}, 'released_at': '1986-02-01', 'requirements': {}}, {'platform': {'id': 28, 'name': 'Atari 7800', 'slug': 'atari-7800', 'image': None, 'year_end': None, 'year_start': None, 'games_count': 64, 'image_background': 'https://media.rawg.io/media/screenshots/565/56504b28b184dbc630a7de118e39d822.jpg'}, 'released_at': '1986-02-01', 'requirements': {}}, {'platform': {'id': 23, 'name': 'Atari 2600', 'slug': 'atari-2600', 'image': None, 'year_end': None, 'year_start': None, 'games_count': 294, 'image_background': 'https://media.rawg.io/media/screenshots/ff6/ff623993a854663931c1e78d72a16a5a.jpg'}, 'released_at': '1986-02-01', 'requirements': {}}, {'platform': {'id': 16, 'name': 'PlayStation 3', 'slug': 'playstation3', 'image': None, 'year_end': None, 'year_start': None, 'games_count': 3167, 'image_background': 'https://media.rawg.io/media/games/736/73619bd336c894d6941d926bfd563946.jpg'}, 'released_at': '1986-02-01', 'requirements': {}}, {'platform': {'id': 4, 'name': 'PC', 'slug': 'pc', 'image': None, 'year_end': None, 'year_start': None, 'games_count': 547196, 'image_background': 'https://media.rawg.io/media/games/6fc/6fcf4cd3b17c288821388e6085bb0fc9.jpg'}, 'released_at': '1986-02-01', 'requirements': {}}, {'platform': {'id': 17, 'name': 'PSP', 'slug': 'psp', 'image': None, 'year_end': None, 'year_start': None, 'games_count': 1374, 'image_background': 'https://media.rawg.io/media/games/9ca/9ca31615beee447f3ae1dc9b3b736dce.jpg'}, 'released_at': '1986-02-01', 'requirements': {}}]","[{'id': 826592, 'url': '', 'store': {'id': 3, 'name': 'PlayStation Store', 'slug': 'playstation-store', 'domain': 'store.playstation.com', 'games_count': 8037, 'image_background': 'https://media.rawg.io/media/games/618/618c2031a07bbff6b4f611f10b6bcdbc.jpg'}}]","[{'id': 15189, 'name': 'SNK', 'slug': 'snk', 'games_count': 218, 'image_background': 'https://media.rawg.io/media/screenshots/4cc/4ccee6c3e367f4dd94d19d4857dfc1c9.jpeg'}, {'id': 26544, 'name': 'Micronics', 'slug': 'micronics', 'games_count': 11, 'image_background': 'https://media.rawg.io/media/games/e9d/e9d2b6f855998ee10cb60ff859b61f06.jpg'}]","[{'id': 4, 'name': 'Action', 'slug': 'action', 'games_count': 186608, 'image_background': 'https://media.rawg.io/media/games/618/618c2031a07bbff6b4f611f10b6bcdbc.jpg'}, {'id': 2, 'name': 'Shooter', 'slug': 'shooter', 'games_count': 59560, 'image_background': 'https://media.rawg.io/media/games/d58/d588947d4286e7b5e0e12e1bea7d9844.jpg'}, {'id': 10, 'name': 'Strategy', 'slug': 'strategy', 'games_count': 59661, 'image_background': 'https://media.rawg.io/media/games/08b/08b2eee52a9876a48b955e5149affe5b.jpg'}]","[{'id': 31, 'name': 'Singleplayer', 'slug': 'singleplayer', 'language': 'eng', 'games_count': 238404, 'image_background': 'https://media.rawg.io/media/games/26d/26d4437715bee60138dab4a7c8c59c92.jpg'}, {'id': 7, 'name': 'Multiplayer', 'slug': 'multiplayer', 'language': 'eng', 'games_count': 40505, 'image_background': 'https://media.rawg.io/media/games/021/021c4e21a1824d2526f925eff6324653.jpg'}, {'id': 411, 'name': 'cooperative', 'slug': 'cooperative', 'language': 'eng', 'games_count': 5855, 'image_background': 'https://media.rawg.io/media/games/1bd/1bd2657b81eb0c99338120ad444b24ff.jpg'}, {'id': 55, 'name': 'Tanks', 'slug': 'tanks', 'language': 'eng', 'games_count': 2893, 'image_background': 'https://media.rawg.io/media/games/0d4/0d4e5446db732e2fcce34d1dcb4dd914.jpg'}, {'id': 754, 'name': 'gun', 'slug': 'gun', 'language': 'eng', 'games_count': 3216, 'image_background': 'https://media.rawg.io/media/games/23c/23c05dddf504b4990619f5aca006ce53.jpg'}]","[{'id': 14149, 'name': 'Tradewest', 'slug': 'tradewest', 'games_count': 20, 'image_background': 'https://media.rawg.io/media/screenshots/9ee/9ee35363fc4e595dbcdbcad09be04b35.jpg'}]",,"Ikari Warriors is a vertically scrolling, run & gun shoot 'em up arcade game developed by SNK, published in North America and Europe by Tradewest, and released in 1986. Originally titled Ikari (怒, ""Fury"") in Japan, Ikari Warriors was SNK's first major breakthrough US release. The game was released at the time when there were many Commando clones on the market. What distinguished Ikari Warriors were rotary joysticks and a two-player mode.
The player characters in Ikari Warriors are Colonel Ralf and Second Lieutenant Clark of the later King of Fighters series (known outside Japan as Paul and Vince in the Ikari series) battling through hordes of enemies. According to designer Keiko Iju, the game was inspired by the popular Rambo films and takes its name from the Japanese title of Rambo: First Blood Part II (Rambo: Ikari no Dasshutsu or ""The Furious Escape""). Ralf and Clark also make an appearance as playable characters in Metal Slug 6 and Metal Slug 7, as well as the King of Fighters series.",,1.0,15,5.0,3.0,8.0,,,,,,,,,,,,,,,,,,
31845,the-bards-tale-ii-the-destiny-knight,The Bard's Tale II: The Destiny Knight,The Bard's Tale II: The Destiny Knight,"<p>The Bard&#39;s Tale II: The Destiny Knight is a fantasy role-playing video game created by Interplay Productions in 1986. It is the first sequel to The Bard&#39;s Tale, and the last game of the series that was designed and programmed by Michael Cranford.</p>
<p>The game features Dungeons and Dragons-style characters and follows in the footsteps of its predecessor, The Bard&#39;s Tale, also created by Michael Cranford. The Bard&#39;s Tale II takes place on a larger scale with an explorable wilderness, six cities, and multiple dungeons which give this game its dungeon crawl character. The game has new features such as casinos and banks, and introduces a new magic user called an Archmage, among other changes from the first game in the series.</p>
<p>The game became somewhat infamous for its very high difficulty level. Cranford acknowledged this in interviews, stating that it may not have been playtested enough and that while he wanted to make a challenging game, he did not realize just how difficult it was to complete the quest.</p>
<p>Although it received mixed reviews upon release, The Bard&#39;s Tale II won the Origins Award for Best Fantasy or Science Fiction Computer Game of 1986.</p>",,[],1986-01-01,False,2023-02-08T10:51:06,https://media.rawg.io/media/screenshots/042/0429fe43399bafa66a8a8f7e76267b09.jpg,https://media.rawg.io/media/screenshots/e11/e112c42427f679a352b7be45eaae2cc0.jpg,,2.17,1,"[{'id': 1, 'title': 'skip', 'count': 3, 'percent': 50.0}, {'id': 3, 'title': 'meh', 'count': 2, 'percent': 33.33}, {'id': 4, 'title': 'recommended', 'count': 1, 'percent': 16.67}]",32,0,25,0,11,0,0,,,,,0,0,0,0,5,213,[],,0,0,0,,6,0f0f0f,0f0f0f,"[{'platform': {'id': 1, 'name': 'PC', 'slug': 'pc'}}, {'platform': {'id': 5, 'name': 'Apple Macintosh', 'slug': 'mac'}}, {'platform': {'id': 7, 'name': 'Nintendo', 'slug': 'nintendo'}}, {'platform': {'id': 10, 'name': 'Commodore / Amiga', 'slug': 'commodore-amiga'}}]","[{'platform': {'id': 4, 'name': 'PC', 'slug': 'pc', 'image': None, 'year_end': None, 'year_start': None, 'games_count': 547196, 'image_background': 'https://media.rawg.io/media/games/6fc/6fcf4cd3b17c288821388e6085bb0fc9.jpg'}, 'released_at': '1986-01-01', 'requirements': {}}, {'platform': {'id': 41, 'name': 'Apple II', 'slug': 'apple-ii', 'image': None, 'year_end': None, 'year_start': None, 'games_count': 424, 'image_background': 'https://media.rawg.io/media/screenshots/3d2/3d2bb57b39e2efa39d1c385585b2ea8b.jpg'}, 'released_at': '1986-01-01', 'requirements': {}}, {'platform': {'id': 49, 'name': 'NES', 'slug': 'nes', 'image': None, 'year_end': None, 'year_start': None, 'games_count': 1015, 'image_background': 'https://media.rawg.io/media/games/7c5/7c50dd0415eb0a57505c58d4e50e4d24.jpg'}, 'released_at': '1986-01-01', 'requirements': {}}, {'platform': {'id': 166, 'name': 'Commodore / Amiga', 'slug': 'commodore-amiga', 'image': None, 'year_end': None, 'year_start': None, 'games_count': 2083, 'image_background': 'https://media.rawg.io/media/games/cce/cce8bebe861f295003f5a9fe5b11233f.jpg'}, 'released_at': '1986-01-01', 'requirements': {}}]",[],"[{'id': 12539, 'name': 'Interplay Entertainment', 'slug': 'interplay-entertainment', 'games_count': 61, 'image_background': 'https://media.rawg.io/media/screenshots/5ad/5adb88d1c6b9fc4fde1f372c9b6e451b.jpg'}]","[{'id': 5, 'name': 'RPG', 'slug': 'role-playing-games-rpg', 'games_count': 59370, 'image_background': 'https://media.rawg.io/media/games/f6b/f6bed028b02369d4cab548f4f9337e81.jpg'}]","[{'id': 31, 'name': 'Singleplayer', 'slug': 'singleplayer', 'language': 'eng', 'games_count': 238404, 'image_background': 'https://media.rawg.io/media/games/26d/26d4437715bee60138dab4a7c8c59c92.jpg'}]","[{'id': 354, 'name': 'Electronic Arts', 'slug': 'electronic-arts', 'games_count': 1332, 'image_background': 'https://media.rawg.io/media/games/45b/45b57ed59de4b84effd8f6bc4b7bf515.jpg'}]",,"The Bard's Tale II: The Destiny Knight is a fantasy role-playing video game created by Interplay Productions in 1986. It is the first sequel to The Bard's Tale, and the last game of the series that was designed and programmed by Michael Cranford.

The game features Dungeons and Dragons-style characters and follows in the footsteps of its predecessor, The Bard's Tale, also created by Michael Cranford. The Bard's Tale II takes place on a larger scale with an explorable wilderness, six cities, and multiple dungeons which give this game its dungeon crawl character. The game has new features such as casinos and banks, and introduces a new magic user called an Archmage, among other changes from the first game in the series.

The game became somewhat infamous for its very high difficulty level. Cranford acknowledged this in interviews, stating that it may not have been playtested enough and that while he wanted to make a challenging game, he did not realize just how difficult it was to complete the quest.

Although it received mixed reviews upon release, The Bard's Tale II won the Origins Award for Best Fantasy or Science Fiction Computer Game of 1986.",,3.0,11,5.0,8.0,4.0,1.0,,,,,,,,,,,,,,,,,
53186,chessmaster,Chessmaster,Chessmaster,"<p>Chessmaster is a chess-playing computer game series which is now owned and developed by Ubisoft. It is the best-selling chess franchise in history, with more than five million units sold as of 2002.</p>",,[],1986-01-01,False,2023-10-11T19:37:45,https://media.rawg.io/media/games/6cd/6cd59f4d517cc2b802405a897d275a32.jpg,https://media.rawg.io/media/screenshots/757/757153bee95d074bd6c535463c313b0e.jpg,,3.0,3,"[{'id': 3, 'title': 'meh', 'count': 3, 'percent': 50.0}, {'id': 4, 'title': 'recommended', 'count': 2, 'percent': 33.33}, {'id': 1, 'title': 'skip', 'count': 1, 'percent': 16.67}]",31,1,5,0,0,0,0,,,,,0,0,0,0,5,76,[],,0,0,0,,6,0f0f0f,0f0f0f,"[{'platform': {'id': 7, 'name': 'Nintendo', 'slug': 'nintendo'}}]","[{'platform': {'id': 24, 'name': 'Game Boy Advance', 'slug': 'game-boy-advance', 'image': None, 'year_end': None, 'year_start': None, 'games_count': 950, 'image_background': 'https://media.rawg.io/media/games/98c/98c87b286cd2a2ba942167df384a9bd3.jpg'}, 'released_at': '1986-01-01', 'requirements': {}}, {'platform': {'id': 49, 'name': 'NES', 'slug': 'nes', 'image': None, 'year_end': None, 'year_start': None, 'games_count': 1015, 'image_background': 'https://media.rawg.io/media/games/7c5/7c50dd0415eb0a57505c58d4e50e4d24.jpg'}, 'released_at': '1986-01-01', 'requirements': {}}]",[],"[{'id': 4112, 'name': 'Ubisoft Bucharest', 'slug': 'ubisoft-bucharest', 'games_count': 14, 'image_background': 'https://media.rawg.io/media/games/6cd/6cd59f4d517cc2b802405a897d275a32.jpg'}, {'id': 10402, 'name': 'Ubisoft Romania', 'slug': 'ubisoft-romania', 'games_count': 8, 'image_background': 'https://media.rawg.io/media/screenshots/55d/55d0a7e37d0eb7ea0f49d828ecf0b6f2.jpg'}, {'id': 27864, 'name': 'Zonic', 'slug': 'zonic', 'games_count': 1, 'image_background': 'https://media.rawg.io/media/screenshots/bec/bec71d8ec72ea2f2ff240150f18a2e78.jpg'}]",[],"[{'id': 31, 'name': 'Singleplayer', 'slug': 'singleplayer', 'language': 'eng', 'games_count': 238404, 'image_background': 'https://media.rawg.io/media/games/26d/26d4437715bee60138dab4a7c8c59c92.jpg'}, {'id': 7, 'name': 'Multiplayer', 'slug': 'multiplayer', 'language': 'eng', 'games_count': 40505, 'image_background': 'https://media.rawg.io/media/games/021/021c4e21a1824d2526f925eff6324653.jpg'}]","[{'id': 918, 'name': 'Ubisoft Entertainment', 'slug': 'ubisoft-entertainment', 'games_count': 1082, 'image_background': 'https://media.rawg.io/media/games/9f1/9f189c639f70f91166df415811a8b525.jpg'}, {'id': 19651, 'name': 'Feral Interactive', 'slug': 'feral-interactive', 'games_count': 111, 'image_background': 'https://media.rawg.io/media/games/9f7/9f750cb69a31a42648f45e3681abed3a.jpg'}]",,"Chessmaster is a chess-playing computer game series which is now owned and developed by Ubisoft. It is the best-selling chess franchise in history, with more than five million units sold as of 2002.",,2.0,15,9.0,1.0,4.0,,,,,,,,,,,,,,,,,,
264695,the-goonies,The Goonies,The Goonies,"<p>The Goonies is an action game. It came out on 21-02-1986. The game is rated as ""Recommended"" on RAWG. <br>You can play The Goonies on NES. </p>

<p></p>",,[],1986-02-21,False,2024-10-01T15:23:07,https://media.rawg.io/media/screenshots/ed9/ed9dd4d9f58f5de4320f17276ddb2775.jpg,https://media.rawg.io/media/screenshots/2f8/2f8c32712afb98c7fea01b175aa2339c.jpg,,3.82,4,"[{'id': 4, 'title': 'recommended', 'count': 9, 'percent': 81.82}, {'id': 3, 'title': 'meh', 'count': 2, 'percent': 18.18}]",29,0,6,0,0,0,0,,,,,0,0,0,1,10,152,[],,0,0,0,,11,0f0f0f,0f0f0f,"[{'platform': {'id': 7, 'name': 'Nintendo', 'slug': 'nintendo'}}]","[{'platform': {'id': 49, 'name': 'NES', 'slug': 'nes', 'image': None, 'year_end': None, 'year_start': None, 'games_count': 1015, 'image_background': 'https://media.rawg.io/media/games/7c5/7c50dd0415eb0a57505c58d4e50e4d24.jpg'}, 'released_at': '1986-02-21', 'requirements': {}}]",[],[],"[{'id': 4, 'name': 'Action', 'slug': 'action', 'games_count': 186608, 'image_background': 'https://media.rawg.io/media/games/618/618c2031a07bbff6b4f611f10b6bcdbc.jpg'}]",[],[],,,,2.0,10,9.0,2.0,6.0,,,,,,,1.0,,,,,,,,,,,
53953,mighty-bomb-jack-1986,Mighty Bomb Jack (1986),Mighty Bomb Jack (1986),"<p>Mighty Bomb Jack (マイティボンジャック, Maiti Bon Jakku) is a 1986 Nintendo Entertainment System (NES) game released by Tecmo, which was later ported to the Amiga, Atari ST and Commodore 64. Within PAL-A regions, the NES version was only released in Australia. The NES version was released on the Virtual Console on May 7, 2007 for the Wii, on December 6, 2012 for the Nintendo 3DS and on January 23, 2014 for the Wii U. Mighty Bomb Jack is a sequel to the 1984 game Bomb Jack.</p>",,[],1986-04-24,False,2024-08-12T03:52:47,https://media.rawg.io/media/screenshots/8fe/8feef028cf28b72656c600f67ddec63a.jpg,https://media.rawg.io/media/screenshots/fd4/fd4389822a62ad12d979ac4ef6f854d2.jpg,,3.83,3,"[{'id': 3, 'title': 'meh', 'count': 3, 'percent': 50.0}, {'id': 5, 'title': 'exceptional', 'count': 2, 'percent': 33.33}, {'id': 4, 'title': 'recommended', 'count': 1, 'percent': 16.67}]",25,0,10,0,2,0,0,,,,,0,0,0,0,6,323,[],,0,0,0,,6,0f0f0f,0f0f0f,"[{'platform': {'id': 1, 'name': 'PC', 'slug': 'pc'}}, {'platform': {'id': 7, 'name': 'Nintendo', 'slug': 'nintendo'}}, {'platform': {'id': 9, 'name': 'Atari', 'slug': 'atari'}}, {'platform': {'id': 10, 'name': 'Commodore / Amiga', 'slug': 'commodore-amiga'}}]","[{'platform': {'id': 34, 'name': 'Atari ST', 'slug': 'atari-st', 'image': None, 'year_end': None, 'year_start': None, 'games_count': 836, 'image_background': 'https://media.rawg.io/media/games/637/637d7dc2f44d0f6ddd3ee2c0b1366962.jpg'}, 'released_at': '1986-04-24', 'requirements': {}}, {'platform': {'id': 11, 'name': 'Wii', 'slug': 'wii', 'image': None, 'year_end': None, 'year_start': None, 'games_count': 2209, 'image_background': 'https://media.rawg.io/media/games/9ca/9ca31615beee447f3ae1dc9b3b736dce.jpg'}, 'released_at': '1986-04-24', 'requirements': {}}, {'platform': {'id': 8, 'name': 'Nintendo 3DS', 'slug': 'nintendo-3ds', 'image': None, 'year_end': None, 'year_start': None, 'games_count': 1682, 'image_background': 'https://media.rawg.io/media/screenshots/42d/42d770eb49f2ba01cd4045e0d92af7a9.jpg'}, 'released_at': '1986-04-24', 'requirements': {}}, {'platform': {'id': 10, 'name': 'Wii U', 'slug': 'wii-u', 'image': None, 'year_end': None, 'year_start': None, 'games_count': 1114, 'image_background': 'https://media.rawg.io/media/games/85c/85c8ae70e7cdf0105f06ef6bdce63b8b.jpg'}, 'released_at': '1986-04-24', 'requirements': {}}, {'platform': {'id': 49, 'name': 'NES', 'slug': 'nes', 'image': None, 'year_end': None, 'year_start': None, 'games_count': 1015, 'image_background': 'https://media.rawg.io/media/games/7c5/7c50dd0415eb0a57505c58d4e50e4d24.jpg'}, 'released_at': '1986-04-24', 'requirements': {}}, {'platform': {'id': 4, 'name': 'PC', 'slug': 'pc', 'image': None, 'year_end': None, 'year_start': None, 'games_count': 547196, 'image_background': 'https://media.rawg.io/media/games/6fc/6fcf4cd3b17c288821388e6085bb0fc9.jpg'}, 'released_at': '1986-04-24', 'requirements': {}}, {'platform': {'id': 166, 'name': 'Commodore / Amiga', 'slug': 'commodore-amiga', 'image': None, 'year_end': None, 'year_start': None, 'games_count': 2083, 'image_background': 'https://media.rawg.io/media/games/cce/cce8bebe861f295003f5a9fe5b11233f.jpg'}, 'released_at': '1986-04-24', 'requirements': {}}]",[],"[{'id': 1696, 'name': 'Tecmo', 'slug': 'tecmo', 'games_count': 58, 'image_background': 'https://media.rawg.io/media/games/327/3271b52a14c6717920cb0cf401ec95ae.jpg'}]",[],"[{'id': 31, 'name': 'Singleplayer', 'slug': 'singleplayer', 'language': 'eng', 'games_count': 238404, 'image_background': 'https://media.rawg.io/media/games/26d/26d4437715bee60138dab4a7c8c59c92.jpg'}, {'id': 7, 'name': 'Multiplayer', 'slug': 'multiplayer', 'language': 'eng', 'games_count': 40505, 'image_background': 'https://media.rawg.io/media/games/021/021c4e21a1824d2526f925eff6324653.jpg'}, {'id': 418, 'name': '2 players', 'slug': '2-players', 'language': 'eng', 'games_count': 1244, 'image_background': 'https://media.rawg.io/media/screenshots/f9a/f9ac59bb4af2ca2193ee9ffb979577cf.jpg'}]","[{'id': 10850, 'name': 'Tecmo', 'slug': 'tecmo', 'games_count': 91, 'image_background': 'https://media.rawg.io/media/screenshots/923/923af31543ea141f67665363469d0c79.jpg'}]",,"Mighty Bomb Jack (マイティボンジャック, Maiti Bon Jakku) is a 1986 Nintendo Entertainment System (NES) game released by Tecmo, which was later ported to the Amiga, Atari ST and Commodore 64. Within PAL-A regions, the NES version was only released in Australia. The NES version was released on the Virtual Console on May 7, 2007 for the Wii, on December 6, 2012 for the Nintendo 3DS and on January 23, 2014 for the Wii U. Mighty Bomb Jack is a sequel to the 1984 game Bomb Jack.",,3.0,12,1.0,3.0,6.0,,,,,,,,,,,,,,,,,,
54198,fantasy-zone-1986,Fantasy Zone (1986),Fantasy Zone (1986),"<p>Fantasy Zone (ファンタジーゾーン, Fantajī Zōn) is an 1985 arcade game by Sega, but released internationally on March 28, 1986, and is the first Fantasy Zone series. It was later ported to a wide variety of consoles, including the Sega Master System. The player controls a sentient spaceship named Opa-Opa who fights an enemy invasion in the titular group of planets. The game contains a number of features atypical of the traditional scrolling shooter. The main character, Opa-Opa, is sometimes referred to as Sega's first mascot character. The game design and main character had many similarities to the earlier TwinBee, and together the games are credited with the creation of the ""cute 'em up"" subgenre. Numerous sequels were made over the years. </p>",,[],1986-03-20,False,2024-03-16T10:41:53,https://media.rawg.io/media/screenshots/227/227b7ae15676daa387de25dcf7c164f9.jpg,https://media.rawg.io/media/screenshots/501/50131da3247c971e8471c32406d0b8c1.jpg,,3.62,3,"[{'id': 3, 'title': 'meh', 'count': 4, 'percent': 50.0}, {'id': 4, 'title': 'recommended', 'count': 3, 'percent': 37.5}, {'id': 5, 'title': 'exceptional', 'count': 1, 'percent': 12.5}]",25,0,12,0,1,0,0,,,,,0,0,0,0,8,226,[],,0,0,0,,8,0f0f0f,0f0f0f,"[{'platform': {'id': 7, 'name': 'Nintendo', 'slug': 'nintendo'}}, {'platform': {'id': 11, 'name': 'SEGA', 'slug': 'sega'}}]","[{'platform': {'id': 11, 'name': 'Wii', 'slug': 'wii', 'image': None, 'year_end': None, 'year_start': None, 'games_count': 2209, 'image_background': 'https://media.rawg.io/media/games/9ca/9ca31615beee447f3ae1dc9b3b736dce.jpg'}, 'released_at': '1986-03-20', 'requirements': {}}, {'platform': {'id': 107, 'name': 'SEGA Saturn', 'slug': 'sega-saturn', 'image': None, 'year_end': None, 'year_start': None, 'games_count': 372, 'image_background': 'https://media.rawg.io/media/screenshots/0fa/0fa357fe0160e2b592a6fafff0e6683e.jpg'}, 'released_at': '1986-03-20', 'requirements': {}}, {'platform': {'id': 74, 'name': 'SEGA Master System', 'slug': 'sega-master-system', 'image': None, 'year_end': None, 'year_start': None, 'games_count': 234, 'image_background': 'https://media.rawg.io/media/screenshots/a7f/a7f3cb62af2ee95d92065da88583338b.jpg'}, 'released_at': '1986-03-20', 'requirements': {}}, {'platform': {'id': 8, 'name': 'Nintendo 3DS', 'slug': 'nintendo-3ds', 'image': None, 'year_end': None, 'year_start': None, 'games_count': 1682, 'image_background': 'https://media.rawg.io/media/screenshots/42d/42d770eb49f2ba01cd4045e0d92af7a9.jpg'}, 'released_at': '1986-03-20', 'requirements': {}}, {'platform': {'id': 49, 'name': 'NES', 'slug': 'nes', 'image': None, 'year_end': None, 'year_start': None, 'games_count': 1015, 'image_background': 'https://media.rawg.io/media/games/7c5/7c50dd0415eb0a57505c58d4e50e4d24.jpg'}, 'released_at': '1986-03-20', 'requirements': {}}]",[],"[{'id': 425, 'name': 'SEGA', 'slug': 'sega', 'games_count': 578, 'image_background': 'https://media.rawg.io/media/screenshots/845/84595759d06a7c5ed2eab76f623454f7.jpeg'}, {'id': 14881, 'name': 'SunSoft', 'slug': 'sunsoft', 'games_count': 50, 'image_background': 'https://media.rawg.io/media/screenshots/443/44360ce0ceb75a1dd0879f46c8f72e57.jpg'}, {'id': 26626, 'name': 'Pixel', 'slug': 'pixel', 'games_count': 33, 'image_background': 'https://media.rawg.io/media/screenshots/88f/88f41dfd06f2415d62cc0badf2613741.jpg'}, {'id': 26706, 'name': 'Bits Laboratory', 'slug': 'bits-laboratory', 'games_count': 7, 'image_background': 'https://media.rawg.io/media/screenshots/f82/f82356ecda9ad3deb9c235e5a1e4d888.jpg'}, {'id': 26707, 'name': 'GRC', 'slug': 'grc', 'games_count': 2, 'image_background': 'https://media.rawg.io/media/games/4fe/4fef0c987ae23b11cbd348eac502ac29.jpg'}]",[],"[{'id': 31, 'name': 'Singleplayer', 'slug': 'singleplayer', 'language': 'eng', 'games_count': 238404, 'image_background': 'https://media.rawg.io/media/games/26d/26d4437715bee60138dab4a7c8c59c92.jpg'}]","[{'id': 3408, 'name': 'SEGA', 'slug': 'sega-2', 'games_count': 1262, 'image_background': 'https://media.rawg.io/media/games/be9/be9cf02720c9326e11d0fda14518554f.jpg'}, {'id': 19985, 'name': 'Tec Toy', 'slug': 'tec-toy', 'games_count': 19, 'image_background': 'https://media.rawg.io/media/screenshots/841/84119c458fcf8a7a2cd2ee74f3edfdf8.jpg'}, {'id': 10766, 'name': 'Sunsoft', 'slug': 'sunsoft', 'games_count': 94, 'image_background': 'https://media.rawg.io/media/games/6a7/6a77f4d4028bbb1403102cef41760164.jpg'}, {'id': 19577, 'name': 'PAL', 'slug': 'pal', 'games_count': 44, 'image_background': 'https://media.rawg.io/media/screenshots/841/84157aae901e4ec21375a8ed74d9b2ff.jpg'}, {'id': 19995, 'name': 'BRA', 'slug': 'bra', 'games_count': 5, 'image_background': 'https://media.rawg.io/media/screenshots/887/8879d408311d7614162987cc7fbd3750.jpg'}, {'id': 19742, 'name': 'NEC', 'slug': 'nec', 'games_count': 30, 'image_background': 'https://media.rawg.io/media/screenshots/706/706727780cd957d288fe7e3a23bc787c.jpg'}, {'id': 19492, 'name': 'Japan', 'slug': 'japan', 'games_count': 27, 'image_background': 'https://media.rawg.io/media/screenshots/291/291eb34b435ecdad82aecf7d60310aa2.jpg'}, {'id': 20020, 'name': 'GRC', 'slug': 'grc', 'games_count': 1, 'image_background': 'https://media.rawg.io/media/screenshots/227/227b7ae15676daa387de25dcf7c164f9.jpg'}]",,"Fantasy Zone (ファンタジーゾーン, Fantajī Zōn) is an 1985 arcade game by Sega, but released internationally on March 28, 1986, and is the first Fantasy Zone series. It was later ported to a wide variety of consoles, including the Sega Master System. The player controls a sentient spaceship named Opa-Opa who fights an enemy invasion in the titular group of planets. The game contains a number of features atypical of the traditional scrolling shooter. The main character, Opa-Opa, is sometimes referred to as Sega's first mascot character. The game design and main character had many similarities to the earlier TwinBee, and together the games are credited with the creation of the ""cute 'em up"" subgenre. Numerous sequels were made over the years.",,,10,5.0,5.0,5.0,,,,,,,,,,,,,,,,,,
56296,alter-ego-1986,Alter Ego (1986),Alter Ego (1986),"<p>Alter Ego is a role-playing video game released by Activision in 1986. It was created by Peter J. Favaro for the Commodore 64, MS-DOS, Apple II, and the Apple Macintosh. The game allows the user to make decisions for an imaginary person (being therefore the player's alter ego) and shows what possible consequences these decisions could have on that person. Alter Ego was available in both male and female versions, each using a different set of experiences.</p>
<p>The player's alter ego begins the game as an infant; the game presents the user with a tree diagram with nodes, each labeled with an icon. The player chooses an icon representing an ""experience"" or situation to explore. Each icon bears a symbol showing what kind of experience it represents (for example, a heart denotes an emotional event). After making a choice in each node, the user is moved back to the tree with that node marked as completed. In this manner, the user can progress to the next experience, thus living through his or her alter ego's entire life and examining what impact their decisions had. Some of these experiences are disturbing, and can even lead to premature death (such as being raped and killed by a child molester), though most tend to be humorous.</p>
<p>Alter Ego keeps track of certain player statistics throughout the game, which in turn affect the alter ego's ability to succeed at certain choices. For example, in the high school segment, the player might be given the choice of trying out for the school baseball team, or deciding instead to crack down and study harder to improve in math. This decision might change the alter ego's ""Physical"", ""Confidence"", and ""Intellectual"" statistics, which in future experiences might influence the alter ego's ability to get into college or succeed in social situations.</p>
<p>The game was advertised as being based on actual psychological knowledge and experience.</p>",,[],1986-01-01,False,2025-02-08T12:32:29,https://media.rawg.io/media/screenshots/b2e/b2e6f76d425169b387f81ab4b5869a3f.jpg,https://media.rawg.io/media/screenshots/d3b/d3bd125a87b0dad61b49427892ced844.jpg,,0.0,4,"[{'id': 4, 'title': 'recommended', 'count': 3, 'percent': 60.0}, {'id': 5, 'title': 'exceptional', 'count': 1, 'percent': 20.0}, {'id': 1, 'title': 'skip', 'count': 1, 'percent': 20.0}]",24,0,9,0,1,0,0,,,,,0,0,0,0,5,216,[],,0,0,0,,5,0f0f0f,0f0f0f,"[{'platform': {'id': 1, 'name': 'PC', 'slug': 'pc'}}, {'platform': {'id': 4, 'name': 'iOS', 'slug': 'ios'}}, {'platform': {'id': 8, 'name': 'Android', 'slug': 'android'}}, {'platform': {'id': 5, 'name': 'Apple Macintosh', 'slug': 'mac'}}, {'platform': {'id': 10, 'name': 'Commodore / Amiga', 'slug': 'commodore-amiga'}}]","[{'platform': {'id': 3, 'name': 'iOS', 'slug': 'ios', 'image': None, 'year_end': None, 'year_start': None, 'games_count': 77392, 'image_background': 'https://media.rawg.io/media/games/5fa/5fae5fec3c943179e09da67a4427d68f.jpg'}, 'released_at': '1986-01-01', 'requirements': {}}, {'platform': {'id': 21, 'name': 'Android', 'slug': 'android', 'image': None, 'year_end': None, 'year_start': None, 'games_count': 52427, 'image_background': 'https://media.rawg.io/media/games/198/1988a337305e008b41d7f536ce9b73f6.jpg'}, 'released_at': '1986-01-01', 'requirements': {}}, {'platform': {'id': 41, 'name': 'Apple II', 'slug': 'apple-ii', 'image': None, 'year_end': None, 'year_start': None, 'games_count': 424, 'image_background': 'https://media.rawg.io/media/screenshots/3d2/3d2bb57b39e2efa39d1c385585b2ea8b.jpg'}, 'released_at': '1986-01-01', 'requirements': {}}, {'platform': {'id': 166, 'name': 'Commodore / Amiga', 'slug': 'commodore-amiga', 'image': None, 'year_end': None, 'year_start': None, 'games_count': 2083, 'image_background': 'https://media.rawg.io/media/games/cce/cce8bebe861f295003f5a9fe5b11233f.jpg'}, 'released_at': '1986-01-01', 'requirements': {}}, {'platform': {'id': 4, 'name': 'PC', 'slug': 'pc', 'image': None, 'year_end': None, 'year_start': None, 'games_count': 547196, 'image_background': 'https://media.rawg.io/media/games/6fc/6fcf4cd3b17c288821388e6085bb0fc9.jpg'}, 'released_at': '1986-01-01', 'requirements': {}}]",[],"[{'id': 11, 'name': 'Activision', 'slug': 'activision', 'games_count': 163, 'image_background': 'https://media.rawg.io/media/screenshots/d05/d0524e9b2e276dd9c8351881e897f7c9.jpg'}]","[{'id': 5, 'name': 'RPG', 'slug': 'role-playing-games-rpg', 'games_count': 59370, 'image_background': 'https://media.rawg.io/media/games/f6b/f6bed028b02369d4cab548f4f9337e81.jpg'}]","[{'id': 31, 'name': 'Singleplayer', 'slug': 'singleplayer', 'language': 'eng', 'games_count': 238404, 'image_background': 'https://media.rawg.io/media/games/26d/26d4437715bee60138dab4a7c8c59c92.jpg'}]","[{'id': 10830, 'name': 'Activision Blizzard', 'slug': 'activision-blizzard', 'games_count': 691, 'image_background': 'https://media.rawg.io/media/games/445/44507fdd60a8ec02b1c3c64a293ca754.jpg'}]",,"Alter Ego is a role-playing video game released by Activision in 1986. It was created by Peter J. Favaro for the Commodore 64, MS-DOS, Apple II, and the Apple Macintosh. The game allows the user to make decisions for an imaginary person (being therefore the player's alter ego) and shows what possible consequences these decisions could have on that person. Alter Ego was available in both male and female versions, each using a different set of experiences.
The player's alter ego begins the game as an infant; the game presents the user with a tree diagram with nodes, each labeled with an icon. The player chooses an icon representing an ""experience"" or situation to explore. Each icon bears a symbol showing what kind of experience it represents (for example, a heart denotes an emotional event). After making a choice in each node, the user is moved back to the tree with that node marked as completed. In this manner, the user can progress to the next experience, thus living through his or her alter ego's entire life and examining what impact their decisions had. Some of these experiences are disturbing, and can even lead to premature death (such as being raped and killed by a child molester), though most tend to be humorous.
Alter Ego keeps track of certain player statistics throughout the game, which in turn affect the alter ego's ability to succeed at certain choices. For example, in the high school segment, the player might be given the choice of trying out for the school baseball team, or deciding instead to crack down and study harder to improve in math. This decision might change the alter ego's ""Physical"", ""Confidence"", and ""Intellectual"" statistics, which in future experiences might influence the alter ego's ability to get into college or succeed in social situations.
The game was advertised as being based on actual psychological knowledge and experience.",,3.0,10,5.0,5.0,1.0,,,,,,,,,,,,,,,,,,
29519,black-cauldron,Black Cauldron,Black Cauldron,"<p>Black Cauldron is an adventure game developed by Sierra. It came out on 01-01-1986. Sierra Entertainment published the game. The game is rated as ""Recommended"" on RAWG. <br>Black Cauldron is available on PC. </p>

<p></p>",,[],1986-01-01,False,2023-02-08T10:51:19,https://media.rawg.io/media/screenshots/a71/a71e0a22da91cea2326ce4c988141dd7.jpg,https://media.rawg.io/media/screenshots/548/548dbafbbea2a21b0fb42d9167f30b49.jpg,,0.0,0,"[{'id': 4, 'title': 'recommended', 'count': 2, 'percent': 66.67}, {'id': 3, 'title': 'meh', 'count': 1, 'percent': 33.33}]",22,0,12,0,0,0,0,,,,,0,0,0,0,3,240,[],,0,0,0,,3,0f0f0f,0f0f0f,"[{'platform': {'id': 1, 'name': 'PC', 'slug': 'pc'}}]","[{'platform': {'id': 4, 'name': 'PC', 'slug': 'pc', 'image': None, 'year_end': None, 'year_start': None, 'games_count': 547196, 'image_background': 'https://media.rawg.io/media/games/6fc/6fcf4cd3b17c288821388e6085bb0fc9.jpg'}, 'released_at': '1986-01-01', 'requirements': {}}]",[],"[{'id': 8615, 'name': 'Sierra', 'slug': 'sierra', 'games_count': 31, 'image_background': 'https://media.rawg.io/media/screenshots/8d5/8d573a4c6be9b077ef096e46d51bf330.jpg'}]","[{'id': 3, 'name': 'Adventure', 'slug': 'adventure', 'games_count': 146481, 'image_background': 'https://media.rawg.io/media/games/b6b/b6b20bfc4b34e312dbc8aac53c95a348.jpg'}]",[],"[{'id': 10887, 'name': 'Sierra Entertainment', 'slug': 'sierra-entertainment', 'games_count': 112, 'image_background': 'https://media.rawg.io/media/screenshots/058/058a71868ab884d1022023f21f2c6a47.jpg'}]",,,,4.0,9,4.0,3.0,2.0,,,,,,,,,,,,,,,,0.0,,
55124,starflight,Starflight,Starflight,"<p>Starflight is a space exploration role-playing adventure video game developed by Binary Systems and published by Electronic Arts in 1986. Originally developed for IBM PC compatibles, it was later released for the Amiga, Atari ST, Macintosh, and Commodore 64. A fully revamped version of the game was developed for the Sega Mega Drive/Genesis in 1991.</p>
<p>Set in the year 4620, the game puts players in the role of a starship captain sent to explore the galaxy. There is no set path, allowing players to switch freely between mining, ship-to-ship combat, and alien diplomacy. The broader plot of the game emerges slowly, as the player discovers that an ancient race of beings is causing stars to flare and destroy all living creatures.</p>
<p>The game has been widely praised by both contemporary and modern critics, and is one of the earliest instances of a sandbox game. It led to the development of a sequel, Starflight 2: Trade Routes of the Cloud Nebula, and influenced the design of numerous other games for decades after its release.</p>",,[],1986-08-15,False,2023-04-15T23:13:07,https://media.rawg.io/media/screenshots/e33/e334bcca7a6ccb03734aafe300f4cfc8.jpg,https://media.rawg.io/media/screenshots/36a/36a2cb739145550adb9965247a12729d.jpg,,0.0,0,"[{'id': 5, 'title': 'exceptional', 'count': 2, 'percent': 50.0}, {'id': 1, 'title': 'skip', 'count': 2, 'percent': 50.0}]",22,0,12,0,20,0,0,,,,,0,0,0,0,4,290,[],,0,0,0,,4,0f0f0f,0f0f0f,"[{'platform': {'id': 1, 'name': 'PC', 'slug': 'pc'}}, {'platform': {'id': 5, 'name': 'Apple Macintosh', 'slug': 'mac'}}, {'platform': {'id': 9, 'name': 'Atari', 'slug': 'atari'}}, {'platform': {'id': 10, 'name': 'Commodore / Amiga', 'slug': 'commodore-amiga'}}, {'platform': {'id': 11, 'name': 'SEGA', 'slug': 'sega'}}]","[{'platform': {'id': 55, 'name': 'Classic Macintosh', 'slug': 'macintosh', 'image': None, 'year_end': None, 'year_start': None, 'games_count': 675, 'image_background': 'https://media.rawg.io/media/games/38a/38af969459ad6e5de116ec8a4a84218c.jpg'}, 'released_at': '1986-08-15', 'requirements': {}}, {'platform': {'id': 4, 'name': 'PC', 'slug': 'pc', 'image': None, 'year_end': None, 'year_start': None, 'games_count': 547196, 'image_background': 'https://media.rawg.io/media/games/6fc/6fcf4cd3b17c288821388e6085bb0fc9.jpg'}, 'released_at': '1986-08-15', 'requirements': {}}, {'platform': {'id': 166, 'name': 'Commodore / Amiga', 'slug': 'commodore-amiga', 'image': None, 'year_end': None, 'year_start': None, 'games_count': 2083, 'image_background': 'https://media.rawg.io/media/games/cce/cce8bebe861f295003f5a9fe5b11233f.jpg'}, 'released_at': '1986-08-15', 'requirements': {}}, {'platform': {'id': 34, 'name': 'Atari ST', 'slug': 'atari-st', 'image': None, 'year_end': None, 'year_start': None, 'games_count': 836, 'image_background': 'https://media.rawg.io/media/games/637/637d7dc2f44d0f6ddd3ee2c0b1366962.jpg'}, 'released_at': '1986-08-15', 'requirements': {}}, {'platform': {'id': 167, 'name': 'Genesis', 'slug': 'genesis', 'image': None, 'year_end': None, 'year_start': None, 'games_count': 849, 'image_background': 'https://media.rawg.io/media/screenshots/180/180b5f6e5d8c770bbbf941b9875046b6.jpg'}, 'released_at': '1986-08-15', 'requirements': {}}]",[],"[{'id': 109, 'name': 'Electronic Arts', 'slug': 'electronic-arts', 'games_count': 318, 'image_background': 'https://media.rawg.io/media/games/979/979155841412068e7adf8c83dee94a4a.jpg'}, {'id': 13215, 'name': 'Binary Systems', 'slug': 'binary-systems', 'games_count': 3, 'image_background': 'https://media.rawg.io/media/screenshots/e33/e334bcca7a6ccb03734aafe300f4cfc8.jpg'}]","[{'id': 3, 'name': 'Adventure', 'slug': 'adventure', 'games_count': 146481, 'image_background': 'https://media.rawg.io/media/games/b6b/b6b20bfc4b34e312dbc8aac53c95a348.jpg'}, {'id': 5, 'name': 'RPG', 'slug': 'role-playing-games-rpg', 'games_count': 59370, 'image_background': 'https://media.rawg.io/media/games/f6b/f6bed028b02369d4cab548f4f9337e81.jpg'}, {'id': 10, 'name': 'Strategy', 'slug': 'strategy', 'games_count': 59661, 'image_background': 'https://media.rawg.io/media/games/08b/08b2eee52a9876a48b955e5149affe5b.jpg'}]","[{'id': 31, 'name': 'Singleplayer', 'slug': 'singleplayer', 'language': 'eng', 'games_count': 238404, 'image_background': 'https://media.rawg.io/media/games/26d/26d4437715bee60138dab4a7c8c59c92.jpg'}]","[{'id': 354, 'name': 'Electronic Arts', 'slug': 'electronic-arts', 'games_count': 1332, 'image_background': 'https://media.rawg.io/media/games/45b/45b57ed59de4b84effd8f6bc4b7bf515.jpg'}]",,"Starflight is a space exploration role-playing adventure video game developed by Binary Systems and published by Electronic Arts in 1986. Originally developed for IBM PC compatibles, it was later released for the Amiga, Atari ST, Macintosh, and Commodore 64. A fully revamped version of the game was developed for the Sega Mega Drive/Genesis in 1991.
Set in the year 4620, the game puts players in the role of a starship captain sent to explore the galaxy. There is no set path, allowing players to switch freely between mining, ship-to-ship combat, and alien diplomacy. The broader plot of the game emerges slowly, as the player discovers that an ancient race of beings is causing stars to flare and destroy all living creatures.
The game has been widely praised by both contemporary and modern critics, and is one of the earliest instances of a sandbox game. It led to the development of a sequel, Starflight 2: Trade Routes of the Cloud Nebula, and influenced the design of numerous other games for decades after its release.",,3.0,11,2.0,4.0,2.0,,,,,,,,,,,,,,,,0.0,,
54129,uninvited-1986,Uninvited (1986),Uninvited (1986),"<p>Uninvited is a haunted house ""point-and-click"" adventure game developed originally for the Macintosh by ICOM Simulations released in 1986 by Mindscape.</p>
<p>The game uses the MacVenture engine that was introduced in ICOM's prior game, Deja Vu: a Nightmare Comes True. It is the only MacVenture that takes place in the present day.</p>",,[],1986-01-01,False,2023-09-02T18:56:39,https://media.rawg.io/media/screenshots/55b/55b1798a4188400eed7f18e36b7a790a.jpg,https://media.rawg.io/media/screenshots/966/96674914682da1e374934664d7b5fe87.jpg,,0.0,0,"[{'id': 4, 'title': 'recommended', 'count': 1, 'percent': 50.0}, {'id': 3, 'title': 'meh', 'count': 1, 'percent': 50.0}]",21,0,16,0,1,0,0,,,,,0,0,0,0,2,273,[],,0,0,0,,2,0f0f0f,0f0f0f,"[{'platform': {'id': 1, 'name': 'PC', 'slug': 'pc'}}, {'platform': {'id': 5, 'name': 'Apple Macintosh', 'slug': 'mac'}}, {'platform': {'id': 7, 'name': 'Nintendo', 'slug': 'nintendo'}}, {'platform': {'id': 9, 'name': 'Atari', 'slug': 'atari'}}, {'platform': {'id': 10, 'name': 'Commodore / Amiga', 'slug': 'commodore-amiga'}}]","[{'platform': {'id': 34, 'name': 'Atari ST', 'slug': 'atari-st', 'image': None, 'year_end': None, 'year_start': None, 'games_count': 836, 'image_background': 'https://media.rawg.io/media/games/637/637d7dc2f44d0f6ddd3ee2c0b1366962.jpg'}, 'released_at': '1986-01-01', 'requirements': {}}, {'platform': {'id': 55, 'name': 'Classic Macintosh', 'slug': 'macintosh', 'image': None, 'year_end': None, 'year_start': None, 'games_count': 675, 'image_background': 'https://media.rawg.io/media/games/38a/38af969459ad6e5de116ec8a4a84218c.jpg'}, 'released_at': '1986-01-01', 'requirements': {}}, {'platform': {'id': 49, 'name': 'NES', 'slug': 'nes', 'image': None, 'year_end': None, 'year_start': None, 'games_count': 1015, 'image_background': 'https://media.rawg.io/media/games/7c5/7c50dd0415eb0a57505c58d4e50e4d24.jpg'}, 'released_at': '1986-01-01', 'requirements': {}}, {'platform': {'id': 4, 'name': 'PC', 'slug': 'pc', 'image': None, 'year_end': None, 'year_start': None, 'games_count': 547196, 'image_background': 'https://media.rawg.io/media/games/6fc/6fcf4cd3b17c288821388e6085bb0fc9.jpg'}, 'released_at': '1986-01-01', 'requirements': {}}, {'platform': {'id': 41, 'name': 'Apple II', 'slug': 'apple-ii', 'image': None, 'year_end': None, 'year_start': None, 'games_count': 424, 'image_background': 'https://media.rawg.io/media/screenshots/3d2/3d2bb57b39e2efa39d1c385585b2ea8b.jpg'}, 'released_at': '1986-01-01', 'requirements': {}}, {'platform': {'id': 166, 'name': 'Commodore / Amiga', 'slug': 'commodore-amiga', 'image': None, 'year_end': None, 'year_start': None, 'games_count': 2083, 'image_background': 'https://media.rawg.io/media/games/cce/cce8bebe861f295003f5a9fe5b11233f.jpg'}, 'released_at': '1986-01-01', 'requirements': {}}]",[],"[{'id': 15477, 'name': 'ICOM Simulations', 'slug': 'icom-simulations', 'games_count': 12, 'image_background': 'https://media.rawg.io/media/screenshots/d97/d977bbe3fa8e9ac17356a3db91e6835e.jpg'}]","[{'id': 3, 'name': 'Adventure', 'slug': 'adventure', 'games_count': 146481, 'image_background': 'https://media.rawg.io/media/games/b6b/b6b20bfc4b34e312dbc8aac53c95a348.jpg'}]","[{'id': 31, 'name': 'Singleplayer', 'slug': 'singleplayer', 'language': 'eng', 'games_count': 238404, 'image_background': 'https://media.rawg.io/media/games/26d/26d4437715bee60138dab4a7c8c59c92.jpg'}]","[{'id': 10943, 'name': 'MINDSCAPE', 'slug': 'mindscape', 'games_count': 108, 'image_background': 'https://media.rawg.io/media/screenshots/0b1/0b12ddf58af6047922a20dd0d310ad18.jpg'}, {'id': 5725, 'name': 'KEMCO', 'slug': 'kemco', 'games_count': 160, 'image_background': 'https://media.rawg.io/media/screenshots/f98/f98fd57fa9240bec6e4811f5d4fb704b.jpg'}]",,"Uninvited is a haunted house ""point-and-click"" adventure game developed originally for the Macintosh by ICOM Simulations released in 1986 by Mindscape.
The game uses the MacVenture engine that was introduced in ICOM's prior game, Deja Vu: a Nightmare Comes True. It is the only MacVenture that takes place in the present day.",,3.0,8,2.0,6.0,2.0,,,,,,,,,,,,,,,,0.0,,
55403,dark-castle,Dark Castle,Dark Castle,"<p>Dark Castle may also refer to the metal band Dark Castle or the movie production house Dark Castle Entertainment.<br />
Dark Castle is a 1986 computer game for the Macintosh published by Silicon Beach Software, later ported to various platforms, where it was published by Three-Sixty Pacific. It was designed and illustrated by Mark Pierce and programmed by Jonathan Gay.<br />
Dark Castle is a platform game where a young hero named Duncan tries to make his way to the evil Black Knight, dodging objects as well as solving occasional puzzles. The game is notable for its use of sampled sounds to great effect. A sequel titled Beyond Dark Castle was released in 1987. A second sequel, Return to Dark Castle, was announced in 2000, but it was not released until March 14, 2008.</p>",,[],1986-11-01,False,2023-04-20T15:50:53,https://media.rawg.io/media/screenshots/4a2/4a26bf9aead1da70c1fc0220686f44ff.jpg,https://media.rawg.io/media/screenshots/90e/90e161c3cbf62eccc416805eda252984.jpg,,0.0,3,"[{'id': 3, 'title': 'meh', 'count': 3, 'percent': 60.0}, {'id': 5, 'title': 'exceptional', 'count': 1, 'percent': 20.0}, {'id': 4, 'title': 'recommended', 'count': 1, 'percent': 20.0}]",20,0,14,0,7,0,0,,,,,0,0,0,0,5,367,[],,0,0,0,,5,0f0f0f,0f0f0f,"[{'platform': {'id': 1, 'name': 'PC', 'slug': 'pc'}}, {'platform': {'id': 5, 'name': 'Apple Macintosh', 'slug': 'mac'}}, {'platform': {'id': 9, 'name': 'Atari', 'slug': 'atari'}}, {'platform': {'id': 10, 'name': 'Commodore / Amiga', 'slug': 'commodore-amiga'}}, {'platform': {'id': 11, 'name': 'SEGA', 'slug': 'sega'}}]","[{'platform': {'id': 4, 'name': 'PC', 'slug': 'pc', 'image': None, 'year_end': None, 'year_start': None, 'games_count': 547196, 'image_background': 'https://media.rawg.io/media/games/6fc/6fcf4cd3b17c288821388e6085bb0fc9.jpg'}, 'released_at': '1986-11-01', 'requirements': {}}, {'platform': {'id': 34, 'name': 'Atari ST', 'slug': 'atari-st', 'image': None, 'year_end': None, 'year_start': None, 'games_count': 836, 'image_background': 'https://media.rawg.io/media/games/637/637d7dc2f44d0f6ddd3ee2c0b1366962.jpg'}, 'released_at': '1986-11-01', 'requirements': {}}, {'platform': {'id': 41, 'name': 'Apple II', 'slug': 'apple-ii', 'image': None, 'year_end': None, 'year_start': None, 'games_count': 424, 'image_background': 'https://media.rawg.io/media/screenshots/3d2/3d2bb57b39e2efa39d1c385585b2ea8b.jpg'}, 'released_at': '1986-11-01', 'requirements': {}}, {'platform': {'id': 166, 'name': 'Commodore / Amiga', 'slug': 'commodore-amiga', 'image': None, 'year_end': None, 'year_start': None, 'games_count': 2083, 'image_background': 'https://media.rawg.io/media/games/cce/cce8bebe861f295003f5a9fe5b11233f.jpg'}, 'released_at': '1986-11-01', 'requirements': {}}, {'platform': {'id': 55, 'name': 'Classic Macintosh', 'slug': 'macintosh', 'image': None, 'year_end': None, 'year_start': None, 'games_count': 675, 'image_background': 'https://media.rawg.io/media/games/38a/38af969459ad6e5de116ec8a4a84218c.jpg'}, 'released_at': '1986-11-01', 'requirements': {}}, {'platform': {'id': 167, 'name': 'Genesis', 'slug': 'genesis', 'image': None, 'year_end': None, 'year_start': None, 'games_count': 849, 'image_background': 'https://media.rawg.io/media/screenshots/180/180b5f6e5d8c770bbbf941b9875046b6.jpg'}, 'released_at': '1986-11-01', 'requirements': {}}]",[],"[{'id': 11974, 'name': 'Sculptured Software', 'slug': 'sculptured-software', 'games_count': 57, 'image_background': 'https://media.rawg.io/media/screenshots/c06/c06937e1c4e9a46874dcf2223de70593.jpg'}, {'id': 26685, 'name': 'Eastridge Technology', 'slug': 'eastridge-technology', 'games_count': 5, 'image_background': 'https://media.rawg.io/media/screenshots/fe1/fe17432ca7cfaaeee627119389f15259.jpg'}, {'id': 15686, 'name': 'Artech', 'slug': 'artech', 'games_count': 19, 'image_background': 'https://media.rawg.io/media/screenshots/628/628d150f6a89cc3498161310550b1a56.jpg'}, {'id': 26807, 'name': 'Artech Digital Entertainment', 'slug': 'artech-digital-entertainment', 'games_count': 11, 'image_background': 'https://media.rawg.io/media/screenshots/4a2/4a26bf9aead1da70c1fc0220686f44ff.jpg'}, {'id': 205803, 'name': 'Artech Digital Entertainments', 'slug': 'artech-digital-entertainments-inc-2', 'games_count': 3, 'image_background': 'https://media.rawg.io/media/screenshots/56d/56d6eedad44a3d035b23e07e51bb3e56.jpg'}, {'id': 27090, 'name': 'Silicon Beach Software', 'slug': 'silicon-beach-software', 'games_count': 3, 'image_background': 'https://media.rawg.io/media/screenshots/4a2/4a26bf9aead1da70c1fc0220686f44ff.jpg'}, {'id': 15762, 'name': 'Three-Sixty Pacific', 'slug': 'three-sixty-pacific', 'games_count': 4, 'image_background': 'https://media.rawg.io/media/screenshots/9f6/9f62267b19f3c56ac220d15f08c7fd2b.jpg'}]","[{'id': 4, 'name': 'Action', 'slug': 'action', 'games_count': 186608, 'image_background': 'https://media.rawg.io/media/games/618/618c2031a07bbff6b4f611f10b6bcdbc.jpg'}, {'id': 83, 'name': 'Platformer', 'slug': 'platformer', 'games_count': 100869, 'image_background': 'https://media.rawg.io/media/games/f8c/f8c6a262ead4c16b47e1219310210eb3.jpg'}]","[{'id': 31, 'name': 'Singleplayer', 'slug': 'singleplayer', 'language': 'eng', 'games_count': 238404, 'image_background': 'https://media.rawg.io/media/games/26d/26d4437715bee60138dab4a7c8c59c92.jpg'}]","[{'id': 354, 'name': 'Electronic Arts', 'slug': 'electronic-arts', 'games_count': 1332, 'image_background': 'https://media.rawg.io/media/games/45b/45b57ed59de4b84effd8f6bc4b7bf515.jpg'}, {'id': 19985, 'name': 'Tec Toy', 'slug': 'tec-toy', 'games_count': 19, 'image_background': 'https://media.rawg.io/media/screenshots/841/84119c458fcf8a7a2cd2ee74f3edfdf8.jpg'}, {'id': 12092, 'name': 'Mirrorsoft', 'slug': 'mirrorsoft', 'games_count': 32, 'image_background': 'https://media.rawg.io/media/screenshots/dc4/dc41719cdc3e2d85103ccde3d6ca976e.jpg'}, {'id': 11590, 'name': 'Three-Sixty Pacific', 'slug': 'three-sixty-pacific', 'games_count': 14, 'image_background': 'https://media.rawg.io/media/screenshots/628/628d150f6a89cc3498161310550b1a56.jpg'}, {'id': 20304, 'name': 'Silicon Beach Software', 'slug': 'silicon-beach-software', 'games_count': 3, 'image_background': 'https://media.rawg.io/media/screenshots/ad8/ad8be819644e15b69894f46b035ffc9d.jpg'}, {'id': 20063, 'name': 'Phillips Interactive Media', 'slug': 'phillips-interactive-media', 'games_count': 3, 'image_background': 'https://media.rawg.io/media/screenshots/4f8/4f890433a832ceff5c6284c2572225af.jpg'}]",,"Dark Castle may also refer to the metal band Dark Castle or the movie production house Dark Castle Entertainment.
Dark Castle is a 1986 computer game for the Macintosh published by Silicon Beach Software, later ported to various platforms, where it was published by Three-Sixty Pacific. It was designed and illustrated by Mark Pierce and programmed by Jonathan Gay.
Dark Castle is a platform game where a young hero named Duncan tries to make his way to the evil Black Knight, dodging objects as well as solving occasional puzzles. The game is notable for its use of sampled sounds to great effect. A sequel titled Beyond Dark Castle was released in 1987. A second sequel, Return to Dark Castle, was announced in 2000, but it was not released until March 14, 2008.",,2.0,10,4.0,2.0,2.0,,,,,,,,,,,,,,,,,,
33365,psi-5-trading-company,Psi 5 Trading Company,Psi 5 Trading Company,"<h3>Command your ship through an edge-of-your-seat adventure in the 35th Century. </h3><br/>Summon your management skills and man the bridge. The physical and economic survival of the Psi 5 Trading Company is in your hands.<br/><br/>You must first choose your cargo and course through the Parvin Frontier. Then select the best crew possible from a cast of human and nonhuman characters. As you take command of your space freighter on its perilous voyage, your challenge will be to command the mission by successfully managing your resources and allocating task assignments to your crew. As captain of the Space Freighter, you must constantly delegate authority throughout the mission. With space outlaws on the horizon, what do you repair first - the defense shields or your weapons?<br/><br/>If you're ripe for a stiff challenge and feel comfortable in the role of Space Freighter Captain, your ship just came in.",,[],1986-01-01,False,2023-02-08T10:51:11,https://media.rawg.io/media/screenshots/32c/32c4ee06ea95ce4b7030f6490d1a69bd.jpg,https://media.rawg.io/media/screenshots/8e3/8e3508541baa428ab03beebfdfe22bc8.jpg,,0.0,0,"[{'id': 5, 'title': 'exceptional', 'count': 1, 'percent': 100.0}]",20,0,4,0,3,0,0,,,,,0,0,0,0,1,158,[],,0,0,0,,1,0f0f0f,0f0f0f,"[{'platform': {'id': 1, 'name': 'PC', 'slug': 'pc'}}]","[{'platform': {'id': 4, 'name': 'PC', 'slug': 'pc', 'image': None, 'year_end': None, 'year_start': None, 'games_count': 547196, 'image_background': 'https://media.rawg.io/media/games/6fc/6fcf4cd3b17c288821388e6085bb0fc9.jpg'}, 'released_at': '1986-11-30', 'requirements': {'minimum': 'Minimum:\nOS: Windows 7 / 8 / 10\nProcessor: Pentium 4\nMemory: 256 MB RAM\nGraphics: Athlon 64\nStorage: 10 MB available space'}}]","[{'id': 482778, 'url': '', 'store': {'id': 1, 'name': 'Steam', 'slug': 'steam', 'domain': 'store.steampowered.com', 'games_count': 110181, 'image_background': 'https://media.rawg.io/media/games/7fa/7fa0b586293c5861ee32490e953a4996.jpg'}}, {'id': 568487, 'url': '', 'store': {'id': 5, 'name': 'GOG', 'slug': 'gog', 'domain': 'gog.com', 'games_count': 6713, 'image_background': 'https://media.rawg.io/media/games/5c0/5c0dd63002cb23f804aab327d40ef119.jpg'}}]","[{'id': 10590, 'name': 'Accolade', 'slug': 'accolade', 'games_count': 53, 'image_background': 'https://media.rawg.io/media/screenshots/cbb/cbb8ad6d2e0647a003c0dc3b254f3b19.jpg'}, {'id': 26552, 'name': 'Distinctive Software', 'slug': 'distinctive-software', 'games_count': 21, 'image_background': 'https://media.rawg.io/media/screenshots/5e2/5e28105c3119712069586474382e9336.jpg'}]","[{'id': 14, 'name': 'Simulation', 'slug': 'simulation', 'games_count': 73491, 'image_background': 'https://media.rawg.io/media/games/48c/48cb04ca483be865e3a83119c94e6097.jpg'}]","[{'id': 31, 'name': 'Singleplayer', 'slug': 'singleplayer', 'language': 'eng', 'games_count': 238404, 'image_background': 'https://media.rawg.io/media/games/26d/26d4437715bee60138dab4a7c8c59c92.jpg'}, {'id': 32, 'name': 'Sci-fi', 'slug': 'sci-fi', 'language': 'eng', 'games_count': 20746, 'image_background': 'https://media.rawg.io/media/games/198/1988a337305e008b41d7f536ce9b73f6.jpg'}, {'id': 122, 'name': 'Pixel Graphics', 'slug': 'pixel-graphics', 'language': 'eng', 'games_count': 96617, 'image_background': 'https://media.rawg.io/media/games/ffe/ffed87105b14f5beff72ff44a7793fd5.jpg'}, {'id': 74, 'name': 'Retro', 'slug': 'retro', 'language': 'eng', 'games_count': 43195, 'image_background': 'https://media.rawg.io/media/games/e04/e04963f3ac4c4fa83a1dc0b9231e50db.jpg'}, {'id': 25, 'name': 'Space', 'slug': 'space', 'language': 'eng', 'games_count': 43594, 'image_background': 'https://media.rawg.io/media/games/ebd/ebdbb7eb52bd58b0e7fa4538d9757b60.jpg'}, {'id': 1465, 'name': 'combat', 'slug': 'combat', 'language': 'eng', 'games_count': 14418, 'image_background': 'https://media.rawg.io/media/games/f54/f54e9fb2f4aac37810ea1a69a3e4480a.jpg'}, {'id': 167, 'name': 'Futuristic', 'slug': 'futuristic', 'language': 'eng', 'games_count': 6226, 'image_background': 'https://media.rawg.io/media/games/951/951572a3dd1e42544bd39a5d5b42d234.jpg'}, {'id': 172, 'name': 'Aliens', 'slug': 'aliens', 'language': 'eng', 'games_count': 7206, 'image_background': 'https://media.rawg.io/media/games/5cc/5cc765484c6df567ed9207c1781b88cb.jpg'}, {'id': 67, 'name': 'Management', 'slug': 'management', 'language': 'eng', 'games_count': 8423, 'image_background': 'https://media.rawg.io/media/games/7e4/7e4e22b76da131e9690d5757555093c2.jpg'}, {'id': 224, 'name': '1980s', 'slug': '1980s', 'language': 'eng', 'games_count': 3001, 'image_background': 'https://media.rawg.io/media/games/64a/64a7789943fe9f9d9c93f3a286ee7b20.jpg'}, {'id': 241, 'name': 'Space Sim', 'slug': 'space-sim', 'language': 'eng', 'games_count': 1991, 'image_background': 'https://media.rawg.io/media/screenshots/bc7/bc7213e54142ad1b902978395182de02.jpg'}]","[{'id': 41071, 'name': 'Ziggurat', 'slug': 'ziggurat', 'games_count': 93, 'image_background': 'https://media.rawg.io/media/screenshots/fa1/fa1fffbbabd7318f1ce7b20c7fbd7878.jpg'}, {'id': 44520, 'name': 'Ziggurat Interactive', 'slug': 'ziggurat-interactive', 'games_count': 100, 'image_background': 'https://media.rawg.io/media/screenshots/afb/afbd22c502385cd5d2017bd75f0f3282.jpg'}, {'id': 11540, 'name': 'Accolade', 'slug': 'accolade', 'games_count': 86, 'image_background': 'https://media.rawg.io/media/screenshots/d86/d86266847b2b502a7c22d3c67307626d.jpg'}]",,"Command your ship through an edge-of-your-seat adventure in the 35th Century.
Summon your management skills and man the bridge. The physical and economic survival of the Psi 5 Trading Company is in your hands.
You must first choose your cargo and course through the Parvin Frontier. Then select the best crew possible from a cast of human and nonhuman characters. As you take command of your space freighter on its perilous voyage, your challenge will be to command the mission by successfully managing your resources and allocating task assignments to your crew. As captain of the Space Freighter, you must constantly delegate authority throughout the mission. With space outlaws on the horizon, what do you repair first - the defense shields or your weapons?
If you're ripe for a stiff challenge and feel comfortable in the role of Space Freighter Captain, your ship just came in.",,1.0,13,3.0,2.0,1.0,,,,,,,,,,,,,,,,0.0,,
3745,gunship,Gunship (1986),Gunship (1986),"<p>Experience the challenge and danger of attack helicopter flying. As pilot you must fight your way through the war zones of the world. You&#39;ll use the same amazing array of advanced weapon systems as real Apache pilots - laser guided missiles, radar and infra red warnings, night viewers, cannons, rockets and jammers. The dangerous combat missions will take you from the training fields of the USA to the battlefields of South East Asia, Central America, the Middle East and Europe. If you&#39;ve got the skill to survive you&#39;ll be rewarded with medals and rank promotions. Gunship - the simulation which blows all other helicopter simulations out of the sky!</p>",,[],1986-09-01,False,2023-04-10T04:46:32,https://media.rawg.io/media/games/186/186034317830aec48777964834b6211e.jpg,https://media.rawg.io/media/screenshots/7a1/7a102aae78a282b948405f4f4516452e.jpg,,0.0,0,"[{'id': 5, 'title': 'exceptional', 'count': 1, 'percent': 50.0}, {'id': 3, 'title': 'meh', 'count': 1, 'percent': 50.0}]",19,0,6,0,9,0,0,,,,,0,0,0,0,2,176,[],,0,0,1,,2,0f0f0f,0f0f0f,"[{'platform': {'id': 1, 'name': 'PC', 'slug': 'pc'}}, {'platform': {'id': 9, 'name': 'Atari', 'slug': 'atari'}}, {'platform': {'id': 10, 'name': 'Commodore / Amiga', 'slug': 'commodore-amiga'}}, {'platform': {'id': 11, 'name': 'SEGA', 'slug': 'sega'}}]","[{'platform': {'id': 4, 'name': 'PC', 'slug': 'pc', 'image': None, 'year_end': None, 'year_start': None, 'games_count': 547196, 'image_background': 'https://media.rawg.io/media/games/6fc/6fcf4cd3b17c288821388e6085bb0fc9.jpg'}, 'released_at': '2023-04-09', 'requirements': {'minimum': 'Minimum:\nRequires a 64-bit processor and operating system\nOS: Windows 10\nMemory: 4 GB RAM\nStorage: 300 MB available space', 'recommended': 'Recommended:\nRequires a 64-bit processor and operating system'}}, {'platform': {'id': 34, 'name': 'Atari ST', 'slug': 'atari-st', 'image': None, 'year_end': None, 'year_start': None, 'games_count': 836, 'image_background': 'https://media.rawg.io/media/games/637/637d7dc2f44d0f6ddd3ee2c0b1366962.jpg'}, 'released_at': '1986-09-01', 'requirements': {}}, {'platform': {'id': 167, 'name': 'Genesis', 'slug': 'genesis', 'image': None, 'year_end': None, 'year_start': None, 'games_count': 849, 'image_background': 'https://media.rawg.io/media/screenshots/180/180b5f6e5d8c770bbbf941b9875046b6.jpg'}, 'released_at': '1986-09-01', 'requirements': {}}, {'platform': {'id': 166, 'name': 'Commodore / Amiga', 'slug': 'commodore-amiga', 'image': None, 'year_end': None, 'year_start': None, 'games_count': 2083, 'image_background': 'https://media.rawg.io/media/games/cce/cce8bebe861f295003f5a9fe5b11233f.jpg'}, 'released_at': '1986-09-01', 'requirements': {}}]","[{'id': 952655, 'url': '', 'store': {'id': 1, 'name': 'Steam', 'slug': 'steam', 'domain': 'store.steampowered.com', 'games_count': 110181, 'image_background': 'https://media.rawg.io/media/games/7fa/7fa0b586293c5861ee32490e953a4996.jpg'}}, {'id': 4053, 'url': '', 'store': {'id': 3, 'name': 'PlayStation Store', 'slug': 'playstation-store', 'domain': 'store.playstation.com', 'games_count': 8037, 'image_background': 'https://media.rawg.io/media/games/618/618c2031a07bbff6b4f611f10b6bcdbc.jpg'}}]","[{'id': 6, 'name': 'Sony Interactive Entertainment', 'slug': 'sony-interactive-entertainment', 'games_count': 527, 'image_background': 'https://media.rawg.io/media/games/596/596215939911a0d97facfc224b1bca30.jpg'}, {'id': 14511, 'name': 'MicroProse Software', 'slug': 'microprose-software', 'games_count': 122, 'image_background': 'https://media.rawg.io/media/screenshots/5e9/5e92af32e3cf118d0aa6a64acfd89ada.jpg'}, {'id': 437745, 'name': 'Takumi Abe', 'slug': 'takumi-abe', 'games_count': 2, 'image_background': 'https://media.rawg.io/media/games/186/186034317830aec48777964834b6211e.jpg'}]","[{'id': 14, 'name': 'Simulation', 'slug': 'simulation', 'games_count': 73491, 'image_background': 'https://media.rawg.io/media/games/48c/48cb04ca483be865e3a83119c94e6097.jpg'}]","[{'id': 31, 'name': 'Singleplayer', 'slug': 'singleplayer', 'language': 'eng', 'games_count': 238404, 'image_background': 'https://media.rawg.io/media/games/26d/26d4437715bee60138dab4a7c8c59c92.jpg'}, {'id': 40847, 'name': 'Steam Achievements', 'slug': 'steam-achievements', 'language': 'eng', 'games_count': 45058, 'image_background': 'https://media.rawg.io/media/games/310/3106b0e012271c5ffb16497b070be739.jpg'}, {'id': 7, 'name': 'Multiplayer', 'slug': 'multiplayer', 'language': 'eng', 'games_count': 40505, 'image_background': 'https://media.rawg.io/media/games/021/021c4e21a1824d2526f925eff6324653.jpg'}, {'id': 115, 'name': 'Controller', 'slug': 'controller', 'language': 'eng', 'games_count': 13461, 'image_background': 'https://media.rawg.io/media/games/85c/85c8ae70e7cdf0105f06ef6bdce63b8b.jpg'}, {'id': 70, 'name': 'War', 'slug': 'war', 'language': 'eng', 'games_count': 9755, 'image_background': 'https://media.rawg.io/media/games/736/73619bd336c894d6941d926bfd563946.jpg'}, {'id': 571, 'name': '3D', 'slug': '3d', 'language': 'eng', 'games_count': 89061, 'image_background': 'https://media.rawg.io/media/games/acc/acc3de7aaa850ad998d49b15f8901e23.jpg'}, {'id': 1465, 'name': 'combat', 'slug': 'combat', 'language': 'eng', 'games_count': 14418, 'image_background': 'https://media.rawg.io/media/games/f54/f54e9fb2f4aac37810ea1a69a3e4480a.jpg'}, {'id': 104, 'name': 'Wargame', 'slug': 'wargame', 'language': 'eng', 'games_count': 1712, 'image_background': 'https://media.rawg.io/media/screenshots/08f/08f861f3999fd86336a7917d6947c9a5.jpg'}, {'id': 3728, 'name': 'memory', 'slug': 'memory', 'language': 'eng', 'games_count': 3236, 'image_background': 'https://media.rawg.io/media/screenshots/ed8/ed85a588f3ea1edb4254e4a195d01157_v8LTBu6.jpg'}, {'id': 486, 'name': 'versus', 'slug': 'versus', 'language': 'eng', 'games_count': 1796, 'image_background': 'https://media.rawg.io/media/screenshots/27a/27ab5d706a13441faad8d02148dff5ae.jpg'}, {'id': 3244, 'name': 'helicopter', 'slug': 'helicopter', 'language': 'eng', 'games_count': 858, 'image_background': 'https://media.rawg.io/media/screenshots/728/7289208bd3be36d537d6d163cf97ff57.jpg'}]","[{'id': 11455, 'name': 'MicroProse', 'slug': 'microprose', 'games_count': 130, 'image_background': 'https://media.rawg.io/media/screenshots/05f/05f21409dac9ce60809bc1bce40d657a.jpg'}, {'id': 64678, 'name': 'Takumi Abe', 'slug': 'takumi-abe', 'games_count': 2, 'image_background': 'https://media.rawg.io/media/games/186/186034317830aec48777964834b6211e.jpg'}]",,"Experience the challenge and danger of attack helicopter flying. As pilot you must fight your way through the war zones of the world. You'll use the same amazing array of advanced weapon systems as real Apache pilots - laser guided missiles, radar and infra red warnings, night viewers, cannons, rockets and jammers. The dangerous combat missions will take you from the training fields of the USA to the battlefields of South East Asia, Central America, the Middle East and Europe. If you've got the skill to survive you'll be rewarded with medals and rank promotions. Gunship - the simulation which blows all other helicopter simulations out of the sky!",,1.0,10,3.0,2.0,3.0,,2.0,Everyone 10+,everyone-10-plus,,,,,,,,,,,,0.0,,
22694,kings-quest-123,King's Quest 1+2+3,King's Quest 1+2+3,"In King’s Quest: Quest for the Crown, become Sir Graham, bravest of knights. Locate and return to King Edward the three great lost treasures of the Kingdom of Daventry in order to inherit the throne. Continue your adventures as (now) King Graham in King’s Quest II: Romancing the Throne as you travel to the land of Kolyma in search of your bride. In King’s Quest III: To Heir is Human, you find yourself a servant of an evil wizard. As Gwydion, you must master spells and overcome numerous perils to escape from slavery and save a kingdom. As with all King’s Quest titles, you must be prepared. The journey will surely prove long and treacherous. You may choose among many paths open to you. The more clever and resourceful you prove yourself, the greater your reward.
Includes the original King’s Quest: Quest for the Crown, King’s Quest II: Romancing the Throne and King’s Quest III: To Heir is Human
Three intriguing, magical stories that will keep you coming back again and again
Witness the very beginnings of the graphic adventure game genre",,[],1986-09-30,False,2023-02-08T10:51:14,https://media.rawg.io/media/screenshots/23a/23aa9796d8091463b813c274c4ab85aa.jpg,https://media.rawg.io/media/screenshots/d19/d19fc523e1283976f3e398939c6d5df2.jpg,,0.0,0,"[{'id': 4, 'title': 'recommended', 'count': 1, 'percent': 50.0}, {'id': 3, 'title': 'meh', 'count': 1, 'percent': 50.0}]",18,0,12,0,0,0,0,,,,,0,0,0,0,2,286,[],,0,0,0,,2,0f0f0f,0f0f0f,"[{'platform': {'id': 1, 'name': 'PC', 'slug': 'pc'}}]","[{'platform': {'id': 4, 'name': 'PC', 'slug': 'pc', 'image': None, 'year_end': None, 'year_start': None, 'games_count': 547196, 'image_background': 'https://media.rawg.io/media/games/6fc/6fcf4cd3b17c288821388e6085bb0fc9.jpg'}, 'released_at': '1986-09-30', 'requirements': {'minimum': 'Windows XP or Windows Vista, 1 GHz Processor (1.4 GHz recommended), 256MB RAM (512 recommended), 3D graphics card compatible with DirectX 7 (compatible with DirectX 9 recommended), Mouse, Keyboard.'}}]","[{'id': 25611, 'url': '', 'store': {'id': 5, 'name': 'GOG', 'slug': 'gog', 'domain': 'gog.com', 'games_count': 6713, 'image_background': 'https://media.rawg.io/media/games/5c0/5c0dd63002cb23f804aab327d40ef119.jpg'}}]","[{'id': 8615, 'name': 'Sierra', 'slug': 'sierra', 'games_count': 31, 'image_background': 'https://media.rawg.io/media/screenshots/8d5/8d573a4c6be9b077ef096e46d51bf330.jpg'}]","[{'id': 3, 'name': 'Adventure', 'slug': 'adventure', 'games_count': 146481, 'image_background': 'https://media.rawg.io/media/games/b6b/b6b20bfc4b34e312dbc8aac53c95a348.jpg'}]","[{'id': 31, 'name': 'Singleplayer', 'slug': 'singleplayer', 'language': 'eng', 'games_count': 238404, 'image_background': 'https://media.rawg.io/media/games/26d/26d4437715bee60138dab4a7c8c59c92.jpg'}]","[{'id': 10830, 'name': 'Activision Blizzard', 'slug': 'activision-blizzard', 'games_count': 691, 'image_background': 'https://media.rawg.io/media/games/445/44507fdd60a8ec02b1c3c64a293ca754.jpg'}]",,"In King’s Quest: Quest for the Crown, become Sir Graham, bravest of knights. Locate and return to King Edward the three great lost treasures of the Kingdom of Daventry in order to inherit the throne. Continue your adventures as (now) King Graham in King’s Quest II: Romancing the Throne as you travel to the land of Kolyma in search of your bride. In King’s Quest III: To Heir is Human, you find yourself a servant of an evil wizard. As Gwydion, you must master spells and overcome numerous perils to escape from slavery and save a kingdom. As with all King’s Quest titles, you must be prepared. The journey will surely prove long and treacherous. You may choose among many paths open to you. The more clever and resourceful you prove yourself, the greater your reward.
Includes the original King’s Quest: Quest for the Crown, King’s Quest II: Romancing the Throne and King’s Quest III: To Heir is Human
Three intriguing, magical stories that will keep you coming back again and again
Witness the very beginnings of the graphic adventure game genre",,3.0,7,3.0,3.0,2.0,,1.0,Everyone,everyone,,,,,,,,,,,,0.0,,
54151,world-games,World Games,World Games,"<p>World Games is a sports video game developed by Epyx for the Commodore 64 in 1986. Versions for the Apple IIGS, Amstrad CPC, ZX Spectrum, Sega Master System and other contemporary systems were also released. The NES version was released by Milton Bradley, and ported by Rare.<br />
The game was a continuation in the Epyx sports line that previously released extremely successful titles such as Summer Games and Winter Games.</p>",,[],1986-04-25,False,2019-08-28T22:26:18,https://media.rawg.io/media/screenshots/bc4/bc45934da0d13174b9ba9d5eba81a45c.jpg,https://media.rawg.io/media/screenshots/0ea/0ea94674be6dba2bd56441accadb20aa.jpg,,3.5,4,"[{'id': 4, 'title': 'recommended', 'count': 5, 'percent': 83.33}, {'id': 1, 'title': 'skip', 'count': 1, 'percent': 16.67}]",18,0,22,0,3,0,0,,,,,0,0,0,0,6,245,[],,0,0,0,,6,0f0f0f,0f0f0f,"[{'platform': {'id': 5, 'name': 'Apple Macintosh', 'slug': 'mac'}}, {'platform': {'id': 7, 'name': 'Nintendo', 'slug': 'nintendo'}}, {'platform': {'id': 9, 'name': 'Atari', 'slug': 'atari'}}, {'platform': {'id': 10, 'name': 'Commodore / Amiga', 'slug': 'commodore-amiga'}}, {'platform': {'id': 11, 'name': 'SEGA', 'slug': 'sega'}}]","[{'platform': {'id': 11, 'name': 'Wii', 'slug': 'wii', 'image': None, 'year_end': None, 'year_start': None, 'games_count': 2209, 'image_background': 'https://media.rawg.io/media/games/9ca/9ca31615beee447f3ae1dc9b3b736dce.jpg'}, 'released_at': '1986-04-25', 'requirements': {}}, {'platform': {'id': 34, 'name': 'Atari ST', 'slug': 'atari-st', 'image': None, 'year_end': None, 'year_start': None, 'games_count': 836, 'image_background': 'https://media.rawg.io/media/games/637/637d7dc2f44d0f6ddd3ee2c0b1366962.jpg'}, 'released_at': '1986-04-25', 'requirements': {}}, {'platform': {'id': 41, 'name': 'Apple II', 'slug': 'apple-ii', 'image': None, 'year_end': None, 'year_start': None, 'games_count': 424, 'image_background': 'https://media.rawg.io/media/screenshots/3d2/3d2bb57b39e2efa39d1c385585b2ea8b.jpg'}, 'released_at': '1986-04-25', 'requirements': {}}, {'platform': {'id': 49, 'name': 'NES', 'slug': 'nes', 'image': None, 'year_end': None, 'year_start': None, 'games_count': 1015, 'image_background': 'https://media.rawg.io/media/games/7c5/7c50dd0415eb0a57505c58d4e50e4d24.jpg'}, 'released_at': '1986-04-25', 'requirements': {}}, {'platform': {'id': 74, 'name': 'SEGA Master System', 'slug': 'sega-master-system', 'image': None, 'year_end': None, 'year_start': None, 'games_count': 234, 'image_background': 'https://media.rawg.io/media/screenshots/a7f/a7f3cb62af2ee95d92065da88583338b.jpg'}, 'released_at': '1986-04-25', 'requirements': {}}, {'platform': {'id': 166, 'name': 'Commodore / Amiga', 'slug': 'commodore-amiga', 'image': None, 'year_end': None, 'year_start': None, 'games_count': 2083, 'image_background': 'https://media.rawg.io/media/games/cce/cce8bebe861f295003f5a9fe5b11233f.jpg'}, 'released_at': '1986-04-25', 'requirements': {}}]",[],"[{'id': 15055, 'name': 'Epyx', 'slug': 'epyx', 'games_count': 47, 'image_background': 'https://media.rawg.io/media/screenshots/e33/e333909a54369eb4ec75e2e80b8da927.jpg'}]","[{'id': 15, 'name': 'Sports', 'slug': 'sports', 'games_count': 22123, 'image_background': 'https://media.rawg.io/media/games/5eb/5eb49eb2fa0738fdb5bacea557b1bc57.jpg'}]","[{'id': 31, 'name': 'Singleplayer', 'slug': 'singleplayer', 'language': 'eng', 'games_count': 238404, 'image_background': 'https://media.rawg.io/media/games/26d/26d4437715bee60138dab4a7c8c59c92.jpg'}, {'id': 7, 'name': 'Multiplayer', 'slug': 'multiplayer', 'language': 'eng', 'games_count': 40505, 'image_background': 'https://media.rawg.io/media/games/021/021c4e21a1824d2526f925eff6324653.jpg'}]","[{'id': 11527, 'name': 'U.S. Gold', 'slug': 'us-gold-2', 'games_count': 95, 'image_background': 'https://media.rawg.io/media/games/eaa/eaa94a1203b9b8fdf5b01575c9e91591.jpg'}, {'id': 11929, 'name': 'Epyx', 'slug': 'epyx', 'games_count': 44, 'image_background': 'https://media.rawg.io/media/screenshots/189/1890b76089fc24b04ca7ce2fc3299274.jpg'}]",,"World Games is a sports video game developed by Epyx for the Commodore 64 in 1986. Versions for the Apple IIGS, Amstrad CPC, ZX Spectrum, Sega Master System and other contemporary systems were also released. The NES version was released by Milton Bradley, and ported by Rare.
The game was a continuation in the Epyx sports line that previously released extremely successful titles such as Summer Games and Winter Games.",,,7,5.0,3.0,3.0,,,,,,,,,,,,,,,,,,
261635,game-618,177,177,<p>177 is Japanese porn game by Macademia Soft.</p>,,[],1986-01-01,False,2025-01-21T17:27:47,https://media.rawg.io/media/screenshots/fd8/fd88e4d4edf106167ac4fc53a6ae5bf0.jpg,https://media.rawg.io/media/screenshots/607/607e0f022e46858336982de41a99f565.jpg,,0.0,0,"[{'id': 1, 'title': 'skip', 'count': 2, 'percent': 66.67}, {'id': 5, 'title': 'exceptional', 'count': 1, 'percent': 33.33}]",18,0,2,0,0,0,0,,,,,0,0,0,0,3,84,[],,0,0,0,,3,0f0f0f,0f0f0f,"[{'platform': {'id': 1, 'name': 'PC', 'slug': 'pc'}}]","[{'platform': {'id': 4, 'name': 'PC', 'slug': 'pc', 'image': None, 'year_end': None, 'year_start': None, 'games_count': 547196, 'image_background': 'https://media.rawg.io/media/games/6fc/6fcf4cd3b17c288821388e6085bb0fc9.jpg'}, 'released_at': '1986-01-01', 'requirements': {}}]",[],[],"[{'id': 14, 'name': 'Simulation', 'slug': 'simulation', 'games_count': 73491, 'image_background': 'https://media.rawg.io/media/games/48c/48cb04ca483be865e3a83119c94e6097.jpg'}]","[{'id': 312, 'name': 'NSFW', 'slug': 'nsfw', 'language': 'eng', 'games_count': 4133, 'image_background': 'https://media.rawg.io/media/screenshots/2c3/2c3a799964d6cc311f022e0e0896a1e8.jpg'}, {'id': 1081, 'name': 'adult', 'slug': 'adult', 'language': 'eng', 'games_count': 1672, 'image_background': 'https://media.rawg.io/media/screenshots/370/3702b7056a560955ecd3c0679c8e8b65.jpg'}, {'id': 18188, 'name': 'controversial', 'slug': 'controversial', 'language': 'eng', 'games_count': 51, 'image_background': 'https://media.rawg.io/media/screenshots/ddf/ddf4f720f2718af7c8e911d2f125b651.jpg'}, {'id': 890, 'name': 'eroge', 'slug': 'eroge', 'language': 'eng', 'games_count': 517, 'image_background': 'https://media.rawg.io/media/screenshots/507/5072bcbd06b4aaf5fb137414408f7f95.jpg'}, {'id': 8445, 'name': 'rape', 'slug': 'rape', 'language': 'eng', 'games_count': 12, 'image_background': 'https://media.rawg.io/media/screenshots/150/15098bb312dee2646baec9a97172e1ea.jpg'}]",[],,177 is Japanese porn game by Macademia Soft.,,1.0,9,2.0,3.0,3.0,,5.0,Adults Only,adults-only,,,,,,,,,,,,0.0,,
32227,wizardry-3-the-legacy-of-llylgamyn,Wizardry 3: The Legacy of Llylgamyn,Wizardry 3: The Legacy of Llylgamyn,"<p>Wizardry 3: The Legacy of Llylgamyn is a RPG game developed by Sir-Tech Software. It came out on 01-01-1986. Sir-Tech Software published the game. Most rawgers rated the game as ""Skip"". <br>Wizardry 3: The Legacy of Llylgamyn is available on PC. </p>

<p></p>",,[],1986-01-01,False,2023-02-08T10:51:02,https://media.rawg.io/media/screenshots/b0b/b0b7628db1e0580d5f764ee82e68273c.jpg,https://media.rawg.io/media/screenshots/31a/31a29d72d76af933fe7bd0b5779344d9.jpg,,0.0,0,"[{'id': 1, 'title': 'skip', 'count': 3, 'percent': 75.0}, {'id': 4, 'title': 'recommended', 'count': 1, 'percent': 25.0}]",18,0,5,0,0,0,0,,,,,0,0,0,0,4,131,[],,0,0,0,,4,0f0f0f,0f0f0f,"[{'platform': {'id': 1, 'name': 'PC', 'slug': 'pc'}}]","[{'platform': {'id': 4, 'name': 'PC', 'slug': 'pc', 'image': None, 'year_end': None, 'year_start': None, 'games_count': 547196, 'image_background': 'https://media.rawg.io/media/games/6fc/6fcf4cd3b17c288821388e6085bb0fc9.jpg'}, 'released_at': '1986-01-01', 'requirements': {}}]",[],"[{'id': 13172, 'name': 'Sir-Tech Software', 'slug': 'sir-tech-software', 'games_count': 11, 'image_background': 'https://media.rawg.io/media/screenshots/189/18953e3b95307fc84611d35197c7a3cc.jpg'}]","[{'id': 5, 'name': 'RPG', 'slug': 'role-playing-games-rpg', 'games_count': 59370, 'image_background': 'https://media.rawg.io/media/games/f6b/f6bed028b02369d4cab548f4f9337e81.jpg'}]",[],"[{'id': 11876, 'name': 'Sir-Tech Software', 'slug': 'sir-tech-software', 'games_count': 12, 'image_background': 'https://media.rawg.io/media/screenshots/b1d/b1d2efcab80ae5a5922421db313aafc8.jpg'}]",,,,2.0,4,2.0,7.0,3.0,,,,,,,,,,,,,,,,0.0,,
33241,the-chessmaster-2000,The Chessmaster 2000,The Chessmaster 2000,"<p>The Chessmaster 2000 is a strategy game developed by Software Toolworks, The. It was originally released in 1986. Software Toolworks, The published the game. Most rawgers rated the game as ""Recommended"". <br>The Chessmaster 2000 is available on PC and Commodore / Amiga. </p>

<p></p>",,[],1986-01-01,False,2023-02-08T10:51:06,https://media.rawg.io/media/screenshots/f28/f28d137ee4d815f425c1b1e23ca381d7.jpg,https://media.rawg.io/media/screenshots/05a/05aa2c1b6d8503d41c0ca48e46a9fdf7.jpg,,0.0,0,"[{'id': 4, 'title': 'recommended', 'count': 1, 'percent': 50.0}, {'id': 1, 'title': 'skip', 'count': 1, 'percent': 50.0}]",18,0,2,0,0,0,0,,,,,0,0,0,0,2,52,[],,0,0,0,,2,0f0f0f,0f0f0f,"[{'platform': {'id': 1, 'name': 'PC', 'slug': 'pc'}}, {'platform': {'id': 10, 'name': 'Commodore / Amiga', 'slug': 'commodore-amiga'}}]","[{'platform': {'id': 4, 'name': 'PC', 'slug': 'pc', 'image': None, 'year_end': None, 'year_start': None, 'games_count': 547196, 'image_background': 'https://media.rawg.io/media/games/6fc/6fcf4cd3b17c288821388e6085bb0fc9.jpg'}, 'released_at': '1986-01-01', 'requirements': {}}, {'platform': {'id': 166, 'name': 'Commodore / Amiga', 'slug': 'commodore-amiga', 'image': None, 'year_end': None, 'year_start': None, 'games_count': 2083, 'image_background': 'https://media.rawg.io/media/games/cce/cce8bebe861f295003f5a9fe5b11233f.jpg'}, 'released_at': '1986-01-01', 'requirements': {}}]",[],"[{'id': 16123, 'name': 'Software Toolworks, The', 'slug': 'software-toolworks-the', 'games_count': 8, 'image_background': 'https://media.rawg.io/media/screenshots/6ca/6ca15fe0309addb6044c5a0764755e57.jpg'}]","[{'id': 10, 'name': 'Strategy', 'slug': 'strategy', 'games_count': 59661, 'image_background': 'https://media.rawg.io/media/games/08b/08b2eee52a9876a48b955e5149affe5b.jpg'}]",[],"[{'id': 12056, 'name': 'Software Toolworks, The', 'slug': 'software-toolworks-the', 'games_count': 10, 'image_background': 'https://media.rawg.io/media/screenshots/809/809f642411325ca29d09c2d7d54a01d3.jpg'}]",,,,1.0,8,4.0,2.0,3.0,,,,,,,,,,,,,,,,0.0,,
54000,pro-wrestling,Pro Wrestling (1986),Pro Wrestling (1986),"<p>Pro Wrestling (プロレス, Puroresu) is a pro wrestling video game released originally for the Famicom Disk System in 1986. It was later released in North American and Europe on the Nintendo Entertainment System. The game was the third wrestling game on the Nintendo Entertainment System (after M.U.S.C.L.E. and Tag Team Wrestling).</p>",,[],1986-10-13,False,2025-04-15T19:19:14,https://media.rawg.io/media/screenshots/8f6/8f686a9bd284a13567dc4715e80b0bd2.jpg,https://media.rawg.io/media/screenshots/3e6/3e69d2826165b81759ef62308edca977.jpg,,4.33,5,"[{'id': 5, 'title': 'exceptional', 'count': 3, 'percent': 50.0}, {'id': 4, 'title': 'recommended', 'count': 2, 'percent': 33.33}, {'id': 3, 'title': 'meh', 'count': 1, 'percent': 16.67}]",18,0,5,0,1,0,0,,,,,0,0,0,0,6,203,[],,0,0,0,,6,0f0f0f,0f0f0f,"[{'platform': {'id': 11, 'name': 'SEGA', 'slug': 'sega'}}]","[{'platform': {'id': 74, 'name': 'SEGA Master System', 'slug': 'sega-master-system', 'image': None, 'year_end': None, 'year_start': None, 'games_count': 234, 'image_background': 'https://media.rawg.io/media/screenshots/a7f/a7f3cb62af2ee95d92065da88583338b.jpg'}, 'released_at': '1986-10-13', 'requirements': {}}]",[],[],"[{'id': 4, 'name': 'Action', 'slug': 'action', 'games_count': 186608, 'image_background': 'https://media.rawg.io/media/games/618/618c2031a07bbff6b4f611f10b6bcdbc.jpg'}]","[{'id': 31, 'name': 'Singleplayer', 'slug': 'singleplayer', 'language': 'eng', 'games_count': 238404, 'image_background': 'https://media.rawg.io/media/games/26d/26d4437715bee60138dab4a7c8c59c92.jpg'}, {'id': 7, 'name': 'Multiplayer', 'slug': 'multiplayer', 'language': 'eng', 'games_count': 40505, 'image_background': 'https://media.rawg.io/media/games/021/021c4e21a1824d2526f925eff6324653.jpg'}, {'id': 37796, 'name': 'exclusive', 'slug': 'exclusive', 'language': 'eng', 'games_count': 4491, 'image_background': 'https://media.rawg.io/media/games/f24/f2493ea338fe7bd3c7d73750a85a0959.jpeg'}, {'id': 37797, 'name': 'true exclusive', 'slug': 'true-exclusive', 'language': 'eng', 'games_count': 3980, 'image_background': 'https://media.rawg.io/media/games/4be/4be6a6ad0364751a96229c56bf69be59.jpg'}]",[],,"Pro Wrestling (プロレス, Puroresu) is a pro wrestling video game released originally for the Famicom Disk System in 1986. It was later released in North American and Europe on the Nintendo Entertainment System. The game was the third wrestling game on the Nintendo Entertainment System (after M.U.S.C.L.E. and Tag Team Wrestling).",,1.0,7,4.0,2.0,4.0,,,,,,,,,,,,,,,,,,
55155,trinity-1986,Trinity (1986),Trinity (1986),"<p>Trinity is an interactive fiction computer game written by Brian Moriarty and published in 1986 by Infocom. It is widely regarded as one of the company's best works. Trinity was included as one of the titles in the 2010 book 1001 Video Games You Must Play Before You Die.</p>
<p>The plot blends historical and fantastic elements as part of a prose poem regarding the destructive power of the atomic bomb and the futile nature of war in the atomic age. The name refers to the Trinity test, the first nuclear explosion, which took place in July 1945. It is Infocom's twentieth game and the last game released by the company when it was solvent.</p>",,[],1986-05-09,False,2023-02-08T10:51:04,https://media.rawg.io/media/screenshots/be0/be0f291abd1d8e97ccb09a8db9e086db.jpg,https://media.rawg.io/media/screenshots/e94/e9469dabc9ad54cd20a30ed9f1ea64e9.jpg,,0.0,0,"[{'id': 4, 'title': 'recommended', 'count': 2, 'percent': 100.0}]",18,0,8,0,1,0,0,,,,,0,0,0,0,2,95,[],,0,0,0,,2,0f0f0f,0f0f0f,"[{'platform': {'id': 1, 'name': 'PC', 'slug': 'pc'}}, {'platform': {'id': 5, 'name': 'Apple Macintosh', 'slug': 'mac'}}, {'platform': {'id': 9, 'name': 'Atari', 'slug': 'atari'}}, {'platform': {'id': 10, 'name': 'Commodore / Amiga', 'slug': 'commodore-amiga'}}]","[{'platform': {'id': 4, 'name': 'PC', 'slug': 'pc', 'image': None, 'year_end': None, 'year_start': None, 'games_count': 547196, 'image_background': 'https://media.rawg.io/media/games/6fc/6fcf4cd3b17c288821388e6085bb0fc9.jpg'}, 'released_at': '1986-05-09', 'requirements': {}}, {'platform': {'id': 166, 'name': 'Commodore / Amiga', 'slug': 'commodore-amiga', 'image': None, 'year_end': None, 'year_start': None, 'games_count': 2083, 'image_background': 'https://media.rawg.io/media/games/cce/cce8bebe861f295003f5a9fe5b11233f.jpg'}, 'released_at': '1986-05-09', 'requirements': {}}, {'platform': {'id': 41, 'name': 'Apple II', 'slug': 'apple-ii', 'image': None, 'year_end': None, 'year_start': None, 'games_count': 424, 'image_background': 'https://media.rawg.io/media/screenshots/3d2/3d2bb57b39e2efa39d1c385585b2ea8b.jpg'}, 'released_at': '1986-05-09', 'requirements': {}}, {'platform': {'id': 55, 'name': 'Classic Macintosh', 'slug': 'macintosh', 'image': None, 'year_end': None, 'year_start': None, 'games_count': 675, 'image_background': 'https://media.rawg.io/media/games/38a/38af969459ad6e5de116ec8a4a84218c.jpg'}, 'released_at': '1986-05-09', 'requirements': {}}, {'platform': {'id': 34, 'name': 'Atari ST', 'slug': 'atari-st', 'image': None, 'year_end': None, 'year_start': None, 'games_count': 836, 'image_background': 'https://media.rawg.io/media/games/637/637d7dc2f44d0f6ddd3ee2c0b1366962.jpg'}, 'released_at': '1986-05-09', 'requirements': {}}]",[],"[{'id': 12929, 'name': 'Infocom', 'slug': 'infocom', 'games_count': 48, 'image_background': 'https://media.rawg.io/media/screenshots/782/7822ae77e839fa2db05cd53d08225dd8.jpg'}]","[{'id': 3, 'name': 'Adventure', 'slug': 'adventure', 'games_count': 146481, 'image_background': 'https://media.rawg.io/media/games/b6b/b6b20bfc4b34e312dbc8aac53c95a348.jpg'}]","[{'id': 31, 'name': 'Singleplayer', 'slug': 'singleplayer', 'language': 'eng', 'games_count': 238404, 'image_background': 'https://media.rawg.io/media/games/26d/26d4437715bee60138dab4a7c8c59c92.jpg'}]","[{'id': 11435, 'name': 'Infocom', 'slug': 'infocom', 'games_count': 45, 'image_background': 'https://media.rawg.io/media/screenshots/3d4/3d4094f02e71cb3439ab3c8af62809c0.jpg'}]",,"Trinity is an interactive fiction computer game written by Brian Moriarty and published in 1986 by Infocom. It is widely regarded as one of the company's best works. Trinity was included as one of the titles in the 2010 book 1001 Video Games You Must Play Before You Die.
The plot blends historical and fantastic elements as part of a prose poem regarding the destructive power of the atomic bomb and the futile nature of war in the atomic age. The name refers to the Trinity test, the first nuclear explosion, which took place in July 1945. It is Infocom's twentieth game and the last game released by the company when it was solvent.",,1.0,7,3.0,6.0,1.0,,,,,,,,,,,,,,,,0.0,,
54116,trojan,Trojan,Trojan,"<p>Trojan (闘いの挽歌, Tatakai no Banka, literally &quot;Requiem for Battle&quot;) is a side-scrolling action game produced by Capcom originally released as a coin-operated video game in 1986. The arcade version was distributed in North America by Romstar and is included in Capcom Classics Collection Vol. 1 for PlayStation 2 and Xbox.<br />
Home versions for DOS and the Nintendo Entertainment System were released during the same year. A ZX Spectrum version was programmed by Clive Townsend for Elite Systems in 1987 for their Durell publishing line of games, but was never released; a ROM has since been leaked from a collection of Townsend&#39;s ZX Microdrive disk files.</p>",,[],1986-12-24,False,2024-12-05T09:32:44,https://media.rawg.io/media/games/194/1941b55aef04ed16aed02b7c01cee6ca.jpg,https://media.rawg.io/media/screenshots/a3a/a3a3f1ebcee35752d1bce398fc783cbf.jpg,,3.43,4,"[{'id': 4, 'title': 'recommended', 'count': 5, 'percent': 71.43}, {'id': 3, 'title': 'meh', 'count': 1, 'percent': 14.29}, {'id': 1, 'title': 'skip', 'count': 1, 'percent': 14.29}]",18,0,9,0,2,0,0,,,,,0,0,0,1,6,382,"['Requiem for Battle', 'Tatakai no Banka', '闘いの挽歌']",,0,0,0,,7,0f0f0f,0f0f0f,"[{'platform': {'id': 1, 'name': 'PC', 'slug': 'pc'}}, {'platform': {'id': 7, 'name': 'Nintendo', 'slug': 'nintendo'}}]","[{'platform': {'id': 49, 'name': 'NES', 'slug': 'nes', 'image': None, 'year_end': None, 'year_start': None, 'games_count': 1015, 'image_background': 'https://media.rawg.io/media/games/7c5/7c50dd0415eb0a57505c58d4e50e4d24.jpg'}, 'released_at': '1986-12-24', 'requirements': {}}, {'platform': {'id': 4, 'name': 'PC', 'slug': 'pc', 'image': None, 'year_end': None, 'year_start': None, 'games_count': 547196, 'image_background': 'https://media.rawg.io/media/games/6fc/6fcf4cd3b17c288821388e6085bb0fc9.jpg'}, 'released_at': '1986-12-24', 'requirements': {}}]",[],"[{'id': 3678, 'name': 'Capcom', 'slug': 'capcom', 'games_count': 466, 'image_background': 'https://media.rawg.io/media/games/cee/cee577e2097a59b77193fe2bce94667d.jpg'}]","[{'id': 4, 'name': 'Action', 'slug': 'action', 'games_count': 186608, 'image_background': 'https://media.rawg.io/media/games/618/618c2031a07bbff6b4f611f10b6bcdbc.jpg'}, {'id': 11, 'name': 'Arcade', 'slug': 'arcade', 'games_count': 22658, 'image_background': 'https://media.rawg.io/media/games/556/556157feed9ee1f55f2b12b2973e30a3.jpg'}]","[{'id': 418, 'name': '2 players', 'slug': '2-players', 'language': 'eng', 'games_count': 1244, 'image_background': 'https://media.rawg.io/media/screenshots/f9a/f9ac59bb4af2ca2193ee9ffb979577cf.jpg'}]","[{'id': 2150, 'name': 'Capcom', 'slug': 'capcom', 'games_count': 623, 'image_background': 'https://media.rawg.io/media/games/21c/21cc15d233117c6809ec86870559e105.jpg'}]",,"Trojan (闘いの挽歌, Tatakai no Banka, literally ""Requiem for Battle"") is a side-scrolling action game produced by Capcom originally released as a coin-operated video game in 1986. The arcade version was distributed in North America by Romstar and is included in Capcom Classics Collection Vol. 1 for PlayStation 2 and Xbox.
Home versions for DOS and the Nintendo Entertainment System were released during the same year. A ZX Spectrum version was programmed by Clive Townsend for Elite Systems in 1987 for their Durell publishing line of games, but was never released; a ROM has since been leaked from a collection of Townsend's ZX Microdrive disk files.",,1.0,7,5.0,3.0,2.0,,1.0,Everyone,everyone,,,,,,,,,,,,,,
56303,amnesia,Amnesia,Amnesia,<p>Amnesia is a 1986 text adventure by Cognetics Corporation. It was written by science fiction author Thomas M. Disch and programmed by Kevin Bentley. It was published by Electronic Arts (EA) for DOS and Apple II. A version for Commodore 64 was released in 1987.</p>,,[],1986-01-01,False,2019-08-28T22:26:00,https://media.rawg.io/media/screenshots/528/528a09b03530c3b6a1e3ac6c846e20a9.jpg,https://media.rawg.io/media/screenshots/e13/e139522785c05ab0487433ac2fef8501.jpg,,0.0,0,"[{'id': 4, 'title': 'recommended', 'count': 2, 'percent': 66.67}, {'id': 1, 'title': 'skip', 'count': 1, 'percent': 33.33}]",17,0,6,0,1,0,0,,,,,0,0,0,0,3,103,[],,0,0,0,,3,0f0f0f,0f0f0f,"[{'platform': {'id': 5, 'name': 'Apple Macintosh', 'slug': 'mac'}}, {'platform': {'id': 10, 'name': 'Commodore / Amiga', 'slug': 'commodore-amiga'}}]","[{'platform': {'id': 166, 'name': 'Commodore / Amiga', 'slug': 'commodore-amiga', 'image': None, 'year_end': None, 'year_start': None, 'games_count': 2083, 'image_background': 'https://media.rawg.io/media/games/cce/cce8bebe861f295003f5a9fe5b11233f.jpg'}, 'released_at': '1986-01-01', 'requirements': {}}, {'platform': {'id': 41, 'name': 'Apple II', 'slug': 'apple-ii', 'image': None, 'year_end': None, 'year_start': None, 'games_count': 424, 'image_background': 'https://media.rawg.io/media/screenshots/3d2/3d2bb57b39e2efa39d1c385585b2ea8b.jpg'}, 'released_at': '1986-01-01', 'requirements': {}}]",[],"[{'id': 27359, 'name': 'Cognetics', 'slug': 'cognetics-corporation', 'games_count': 1, 'image_background': 'https://media.rawg.io/media/screenshots/528/528a09b03530c3b6a1e3ac6c846e20a9.jpg'}]",[],"[{'id': 31, 'name': 'Singleplayer', 'slug': 'singleplayer', 'language': 'eng', 'games_count': 238404, 'image_background': 'https://media.rawg.io/media/games/26d/26d4437715bee60138dab4a7c8c59c92.jpg'}]","[{'id': 354, 'name': 'Electronic Arts', 'slug': 'electronic-arts', 'games_count': 1332, 'image_background': 'https://media.rawg.io/media/games/45b/45b57ed59de4b84effd8f6bc4b7bf515.jpg'}]",,Amnesia is a 1986 text adventure by Cognetics Corporation. It was written by science fiction author Thomas M. Disch and programmed by Kevin Bentley. It was published by Electronic Arts (EA) for DOS and Apple II. A version for Commodore 64 was released in 1987.,,1.0,6,4.0,4.0,2.0,,,,,,,,,,,,,,,,0.0,,
52245,takeshis-challenge-takeshi-no-chousenjou,Takeshi’s Challenge  (Takeshi no Chousenjou),Takeshi’s Challenge  (Takeshi no Chousenjou),"Known outside of Japan as ""Takeshi's Challenge"", this game is an unconventional action-adventure platformer created by famous Japanese comedian Beat Takeshi. Along with its open world exploration and mature themes, the game is known for its unorthodox game progression (where the game can easily be made unwinnable).",,[],1986-12-10,False,2019-10-22T14:00:34,https://media.rawg.io/media/screenshots/e4c/e4c6e7023d6e3f88ae5b9dd637dcb5cf.jpg,https://media.rawg.io/media/screenshots/17c/17cb8cb6f50426fa511470dbfe13a50a.jpg,,0.0,0,"[{'id': 1, 'title': 'skip', 'count': 1, 'percent': 100.0}]",17,0,3,0,0,0,0,,,,,0,0,0,0,1,105,[],,0,0,0,,1,0f0f0f,0f0f0f,"[{'platform': {'id': 4, 'name': 'iOS', 'slug': 'ios'}}, {'platform': {'id': 8, 'name': 'Android', 'slug': 'android'}}, {'platform': {'id': 7, 'name': 'Nintendo', 'slug': 'nintendo'}}]","[{'platform': {'id': 3, 'name': 'iOS', 'slug': 'ios', 'image': None, 'year_end': None, 'year_start': None, 'games_count': 77392, 'image_background': 'https://media.rawg.io/media/games/5fa/5fae5fec3c943179e09da67a4427d68f.jpg'}, 'released_at': None, 'requirements': {}}, {'platform': {'id': 21, 'name': 'Android', 'slug': 'android', 'image': None, 'year_end': None, 'year_start': None, 'games_count': 52427, 'image_background': 'https://media.rawg.io/media/games/198/1988a337305e008b41d7f536ce9b73f6.jpg'}, 'released_at': None, 'requirements': {}}, {'platform': {'id': 10, 'name': 'Wii U', 'slug': 'wii-u', 'image': None, 'year_end': None, 'year_start': None, 'games_count': 1114, 'image_background': 'https://media.rawg.io/media/games/85c/85c8ae70e7cdf0105f06ef6bdce63b8b.jpg'}, 'released_at': None, 'requirements': {}}]","[{'id': 46419, 'url': '', 'store': {'id': 4, 'name': 'App Store', 'slug': 'apple-appstore', 'domain': 'apps.apple.com', 'games_count': 75582, 'image_background': 'https://media.rawg.io/media/games/0bd/0bd5646a3d8ee0ac3314bced91ea306d.jpg'}}, {'id': 46420, 'url': '', 'store': {'id': 8, 'name': 'Google Play', 'slug': 'google-play', 'domain': 'play.google.com', 'games_count': 17110, 'image_background': 'https://media.rawg.io/media/games/aa3/aa36ba4b486a03ddfaef274fb4f5afd4.jpg'}}]","[{'id': 6586, 'name': 'Taito', 'slug': 'taito', 'games_count': 158, 'image_background': 'https://media.rawg.io/media/screenshots/89d/89d33b5f76431cbbc5c8a8f89c98825d.jpeg'}]","[{'id': 14, 'name': 'Simulation', 'slug': 'simulation', 'games_count': 73491, 'image_background': 'https://media.rawg.io/media/games/48c/48cb04ca483be865e3a83119c94e6097.jpg'}, {'id': 83, 'name': 'Platformer', 'slug': 'platformer', 'games_count': 100869, 'image_background': 'https://media.rawg.io/media/games/f8c/f8c6a262ead4c16b47e1219310210eb3.jpg'}]","[{'id': 6, 'name': 'Exploration', 'slug': 'exploration', 'language': 'eng', 'games_count': 26374, 'image_background': 'https://media.rawg.io/media/games/511/5118aff5091cb3efec399c808f8c598f.jpg'}, {'id': 192, 'name': 'Mature', 'slug': 'mature', 'language': 'eng', 'games_count': 4003, 'image_background': 'https://media.rawg.io/media/games/2a2/2a2f9a0035544500e59a171c7038ec3a.jpg'}, {'id': 726, 'name': 'japan', 'slug': 'japan', 'language': 'eng', 'games_count': 1010, 'image_background': 'https://media.rawg.io/media/screenshots/e2a/e2af1fcbd58c3a1ce69f6b4907fab687.jpg'}]","[{'id': 10867, 'name': 'Taito', 'slug': 'taito', 'games_count': 200, 'image_background': 'https://media.rawg.io/media/games/541/541de539db14b477a5ae9973f6ea8193.jpg'}]",,"Known outside of Japan as ""Takeshi's Challenge"", this game is an unconventional action-adventure platformer created by famous Japanese comedian Beat Takeshi. Along with its open world exploration and mature themes, the game is known for its unorthodox game progression (where the game can easily be made unwinnable).",,1.0,7,1.0,6.0,2.0,,,,,,,,,,,,,,,,0.0,,
264690,b-wings,B-Wings,B-Wings,"<p>B-Wings is a shooter game. It came out on 03-06-1986. The game is rated as ""Exceptional"" on RAWG. <br>You can play B-Wings on NES. </p>

<p></p>",,[],1986-06-03,False,2019-01-09T12:41:06,https://media.rawg.io/media/screenshots/399/3992618095bd0e6b94de647c9e4d63ba.jpg,https://media.rawg.io/media/screenshots/c89/c8965741cb7b0cb0c53c85eb83a6b2e6.jpg,,0.0,0,"[{'id': 5, 'title': 'exceptional', 'count': 1, 'percent': 33.33}, {'id': 4, 'title': 'recommended', 'count': 1, 'percent': 33.33}, {'id': 3, 'title': 'meh', 'count': 1, 'percent': 33.33}]",16,0,6,0,1,0,0,,,,,0,0,0,0,3,86,['B-Wings: Battle Wings'],,0,0,0,,3,0f0f0f,0f0f0f,"[{'platform': {'id': 7, 'name': 'Nintendo', 'slug': 'nintendo'}}]","[{'platform': {'id': 49, 'name': 'NES', 'slug': 'nes', 'image': None, 'year_end': None, 'year_start': None, 'games_count': 1015, 'image_background': 'https://media.rawg.io/media/games/7c5/7c50dd0415eb0a57505c58d4e50e4d24.jpg'}, 'released_at': '1986-06-03', 'requirements': {}}]",[],[],"[{'id': 2, 'name': 'Shooter', 'slug': 'shooter', 'games_count': 59560, 'image_background': 'https://media.rawg.io/media/games/d58/d588947d4286e7b5e0e12e1bea7d9844.jpg'}]",[],[],,,,,6,4.0,1.0,5.0,,,,,,,,,,,,,,,,0.0,,
22832,starflight-12,Starflight 1+2,Starflight 1+2,"In Starflight 1 you embark on a mission to save the galaxy’s future by discovering the secrets of its past. With over 800 unique planets in 270 systems to explore, you never know what might lurk behind the next star. Each newly explored system might lead to a powerful artifact, a mysterious alien race, or another piece of the puzzle that will unravel the ultimate mystery. And that's the really great thing about this game: the feeling of exploration and fulfilling that deep human need that drives us towards the unknown.
<br/><br/>
Starflight 2 keeps all the great gameplay of its predecessor, but makes everything bigger and better. Many aspects of the game were vastly enhanced: the game’s diplomacy, the size of the galaxy, and the number of alien races you can interact with are all improved the second time out. The gameplay—if not the graphics—are reminiscent of another classic game in our catalog where you wander around the galaxy exploring stars and chatting with humorous aliens who want to control the galaxy. The plot starts you out in a standard science fiction mode, but it builds to a fascinating and satisfying climax at the end. Basically, if you enjoyed Starflight 1, the sequel will be right up your alley.A milestone in the history of space opera adventure, the elements of which are used in games to this day.
Wonderful story with absolutely non-linear gameplay and an entire galaxy to explore.
Unique alien races, each with its own individual (and sometimes comical) personality, behavior, and values.",,[],1986-01-01,False,2023-02-08T10:51:07,https://media.rawg.io/media/screenshots/5b7/5b77e61345b291344d6397e26cfc9759.jpg,https://media.rawg.io/media/screenshots/93f/93f04e33e20dd30b00b42c55d9d1407b_qcNLJRw.jpg,,0.0,0,"[{'id': 1, 'title': 'skip', 'count': 2, 'percent': 66.67}, {'id': 4, 'title': 'recommended', 'count': 1, 'percent': 33.33}]",16,0,12,0,0,0,0,,,,,0,0,0,0,3,308,[],,0,0,0,,3,0f0f0f,0f0f0f,"[{'platform': {'id': 1, 'name': 'PC', 'slug': 'pc'}}, {'platform': {'id': 5, 'name': 'Apple Macintosh', 'slug': 'mac'}}]","[{'platform': {'id': 4, 'name': 'PC', 'slug': 'pc', 'image': None, 'year_end': None, 'year_start': None, 'games_count': 547196, 'image_background': 'https://media.rawg.io/media/games/6fc/6fcf4cd3b17c288821388e6085bb0fc9.jpg'}, 'released_at': '1986-01-01', 'requirements': {'minimum': 'Windows XP or Windows Vista, 1.8 GHz Processor, 512MB RAM (1 GB recommended), 3D graphics card compatible with DirectX 7 (compatible with DirectX 9 recommended), 2GB HDD, Mouse, Keyboard.'}}, {'platform': {'id': 5, 'name': 'macOS', 'slug': 'macos', 'image': None, 'year_end': None, 'year_start': None, 'games_count': 106181, 'image_background': 'https://media.rawg.io/media/games/6fc/6fcf4cd3b17c288821388e6085bb0fc9.jpg'}, 'released_at': '1986-01-01', 'requirements': {'minimum': 'OS X 10.6.8 or later.Processor: Intel Core Duo 2GHz+,Memory: 1GB of RAM,Graphics: 64MB of video memory Recommended, two-button mouse, or Apple mouse with Secondary Button / Secondary Click enabled.'}}]","[{'id': 25848, 'url': '', 'store': {'id': 5, 'name': 'GOG', 'slug': 'gog', 'domain': 'gog.com', 'games_count': 6713, 'image_background': 'https://media.rawg.io/media/games/5c0/5c0dd63002cb23f804aab327d40ef119.jpg'}}]","[{'id': 13215, 'name': 'Binary Systems', 'slug': 'binary-systems', 'games_count': 3, 'image_background': 'https://media.rawg.io/media/screenshots/e33/e334bcca7a6ccb03734aafe300f4cfc8.jpg'}]","[{'id': 3, 'name': 'Adventure', 'slug': 'adventure', 'games_count': 146481, 'image_background': 'https://media.rawg.io/media/games/b6b/b6b20bfc4b34e312dbc8aac53c95a348.jpg'}, {'id': 5, 'name': 'RPG', 'slug': 'role-playing-games-rpg', 'games_count': 59370, 'image_background': 'https://media.rawg.io/media/games/f6b/f6bed028b02369d4cab548f4f9337e81.jpg'}]","[{'id': 31, 'name': 'Singleplayer', 'slug': 'singleplayer', 'language': 'eng', 'games_count': 238404, 'image_background': 'https://media.rawg.io/media/games/26d/26d4437715bee60138dab4a7c8c59c92.jpg'}, {'id': 468, 'name': 'role-playing', 'slug': 'role-playing', 'language': 'eng', 'games_count': 1621, 'image_background': 'https://media.rawg.io/media/games/14a/14a83c56ff668baaced6e8c8704b6391.jpg'}]","[{'id': 354, 'name': 'Electronic Arts', 'slug': 'electronic-arts', 'games_count': 1332, 'image_background': 'https://media.rawg.io/media/games/45b/45b57ed59de4b84effd8f6bc4b7bf515.jpg'}]",,"In Starflight 1 you embark on a mission to save the galaxy’s future by discovering the secrets of its past. With over 800 unique planets in 270 systems to explore, you never know what might lurk behind the next star. Each newly explored system might lead to a powerful artifact, a mysterious alien race, or another piece of the puzzle that will unravel the ultimate mystery. And that's the really great thing about this game: the feeling of exploration and fulfilling that deep human need that drives us towards the unknown.
Starflight 2 keeps all the great gameplay of its predecessor, but makes everything bigger and better. Many aspects of the game were vastly enhanced: the game’s diplomacy, the size of the galaxy, and the number of alien races you can interact with are all improved the second time out. The gameplay—if not the graphics—are reminiscent of another classic game in our catalog where you wander around the galaxy exploring stars and chatting with humorous aliens who want to control the galaxy. The plot starts you out in a standard science fiction mode, but it builds to a fascinating and satisfying climax at the end. Basically, if you enjoyed Starflight 1, the sequel will be right up your alley.A milestone in the history of space opera adventure, the elements of which are used in games to this day.
Wonderful story with absolutely non-linear gameplay and an entire galaxy to explore.
Unique alien races, each with its own individual (and sometimes comical) personality, behavior, and values.",,2.0,6,3.0,2.0,3.0,,,,,,,,,,,,,,,,0.0,,
33132,livingstone-i-presume,"Livingstone, I Presume?","Livingstone, I Presume?","<p>Livingstone, I Presume? is an arcade game developed by OperaSoft. It came out on 01-01-1986. It was published by OperaSoft. Most rawgers rated the game as ""Recommended"". <br>Livingstone, I Presume? is available on PC. </p>

<p></p>",,[],1986-01-01,False,2023-02-08T10:51:13,https://media.rawg.io/media/screenshots/237/2370bedd00f1e049823728b4c630c4c7.jpg,https://media.rawg.io/media/screenshots/d4a/d4a96e0a744bbc2e195d001111c07e29_g3nPino.jpg,,0.0,0,"[{'id': 4, 'title': 'recommended', 'count': 1, 'percent': 50.0}, {'id': 3, 'title': 'meh', 'count': 1, 'percent': 50.0}]",16,0,5,0,0,0,0,,,,,0,0,0,0,2,161,[],,0,0,0,,2,0f0f0f,0f0f0f,"[{'platform': {'id': 1, 'name': 'PC', 'slug': 'pc'}}]","[{'platform': {'id': 4, 'name': 'PC', 'slug': 'pc', 'image': None, 'year_end': None, 'year_start': None, 'games_count': 547196, 'image_background': 'https://media.rawg.io/media/games/6fc/6fcf4cd3b17c288821388e6085bb0fc9.jpg'}, 'released_at': '1986-01-01', 'requirements': {}}]",[],"[{'id': 15991, 'name': 'OperaSoft', 'slug': 'operasoft', 'games_count': 3, 'image_background': 'https://media.rawg.io/media/screenshots/acc/accc0d948ff26ebe3517771d350dc32f.jpg'}]","[{'id': 11, 'name': 'Arcade', 'slug': 'arcade', 'games_count': 22658, 'image_background': 'https://media.rawg.io/media/games/556/556157feed9ee1f55f2b12b2973e30a3.jpg'}]",[],"[{'id': 12297, 'name': 'OperaSoft', 'slug': 'operasoft', 'games_count': 2, 'image_background': 'https://media.rawg.io/media/screenshots/8ef/8ef006a92d9fa8896ea61fd103b66b40.jpg'}]",,,,1.0,7,4.0,2.0,2.0,,,,,,,,,,,,,,,,0.0,,
34433,summer-games-2,Summer Games 2,Summer Games 2,"<p>Summer Games 2 is a sports game developed by Designer Software. It came out on 01-01-1986. It was published by Epyx. The game is rated as ""Recommended"" on RAWG. <br>Summer Games 2 is available on PC. <br>It was produced by Michael Kosaka. <br></p>",,[],1986-01-01,False,2023-02-08T10:51:07,https://media.rawg.io/media/screenshots/58e/58e60c30aa785e5a9b5a53f0d76a043c.jpg,https://media.rawg.io/media/screenshots/ddb/ddb14e6d367081d2695dc09bb6c9975c.jpg,,0.0,0,"[{'id': 4, 'title': 'recommended', 'count': 1, 'percent': 100.0}]",16,0,29,0,5,0,0,,,,,0,0,0,0,1,221,[],,0,0,0,,1,0f0f0f,0f0f0f,"[{'platform': {'id': 1, 'name': 'PC', 'slug': 'pc'}}]","[{'platform': {'id': 4, 'name': 'PC', 'slug': 'pc', 'image': None, 'year_end': None, 'year_start': None, 'games_count': 547196, 'image_background': 'https://media.rawg.io/media/games/6fc/6fcf4cd3b17c288821388e6085bb0fc9.jpg'}, 'released_at': '1986-01-01', 'requirements': {}}]",[],"[{'id': 15335, 'name': 'Designer Software', 'slug': 'designer-software', 'games_count': 5, 'image_background': 'https://media.rawg.io/media/screenshots/58e/58e60c30aa785e5a9b5a53f0d76a043c.jpg'}]","[{'id': 15, 'name': 'Sports', 'slug': 'sports', 'games_count': 22123, 'image_background': 'https://media.rawg.io/media/games/5eb/5eb49eb2fa0738fdb5bacea557b1bc57.jpg'}]",[],"[{'id': 11929, 'name': 'Epyx', 'slug': 'epyx', 'games_count': 44, 'image_background': 'https://media.rawg.io/media/screenshots/189/1890b76089fc24b04ca7ce2fc3299274.jpg'}]",,,,1.0,8,4.0,1.0,2.0,,,,,,,,,,,,,,,,0.0,,
53688,athena-1986,Athena (1986),Athena (1986),"<p>Athena (アテナ, Atena) is a platform arcade game, produced and published in 1986 by SNK. It was later ported to the NES, developed by Micronics. Conversions were done also for the ZX Spectrum, Commodore 64 and Amstrad CPC in 1987 by Ocean Software under their Imagine label. However, only the NES version was released for North American homes until the PlayStation Network saw a release of the arcade original in 2011. The game&#39;s protagonist, Princess Athena, has gone on to appear in later fighting games by SNK as a secret character or assistant to her descendant Athena Asamiya, a frequent main character in these games.</p>",,[],1986-01-01,False,2024-10-14T08:54:22,https://media.rawg.io/media/games/a9b/a9b15cf788936b50e221380d5252ed93.jpg,https://media.rawg.io/media/screenshots/026/0261363e877c8adacf5ecfe6b6cbc5a7.jpg,,0.0,0,"[{'id': 3, 'title': 'meh', 'count': 2, 'percent': 50.0}, {'id': 4, 'title': 'recommended', 'count': 1, 'percent': 25.0}, {'id': 1, 'title': 'skip', 'count': 1, 'percent': 25.0}]",16,0,9,0,0,0,0,,,,,0,0,0,1,3,284,"['Atena', 'アテナ']",,0,2,0,,4,0f0f0f,0f0f0f,"[{'platform': {'id': 7, 'name': 'Nintendo', 'slug': 'nintendo'}}, {'platform': {'id': 10, 'name': 'Commodore / Amiga', 'slug': 'commodore-amiga'}}]","[{'platform': {'id': 166, 'name': 'Commodore / Amiga', 'slug': 'commodore-amiga', 'image': None, 'year_end': None, 'year_start': None, 'games_count': 2083, 'image_background': 'https://media.rawg.io/media/games/cce/cce8bebe861f295003f5a9fe5b11233f.jpg'}, 'released_at': '1986-01-01', 'requirements': {}}, {'platform': {'id': 49, 'name': 'NES', 'slug': 'nes', 'image': None, 'year_end': None, 'year_start': None, 'games_count': 1015, 'image_background': 'https://media.rawg.io/media/games/7c5/7c50dd0415eb0a57505c58d4e50e4d24.jpg'}, 'released_at': '1986-01-01', 'requirements': {}}]",[],"[{'id': 15189, 'name': 'SNK', 'slug': 'snk', 'games_count': 218, 'image_background': 'https://media.rawg.io/media/screenshots/4cc/4ccee6c3e367f4dd94d19d4857dfc1c9.jpeg'}, {'id': 26544, 'name': 'Micronics', 'slug': 'micronics', 'games_count': 11, 'image_background': 'https://media.rawg.io/media/games/e9d/e9d2b6f855998ee10cb60ff859b61f06.jpg'}]","[{'id': 83, 'name': 'Platformer', 'slug': 'platformer', 'games_count': 100869, 'image_background': 'https://media.rawg.io/media/games/f8c/f8c6a262ead4c16b47e1219310210eb3.jpg'}]","[{'id': 31, 'name': 'Singleplayer', 'slug': 'singleplayer', 'language': 'eng', 'games_count': 238404, 'image_background': 'https://media.rawg.io/media/games/26d/26d4437715bee60138dab4a7c8c59c92.jpg'}]","[{'id': 11893, 'name': 'SNK', 'slug': 'snk', 'games_count': 229, 'image_background': 'https://media.rawg.io/media/screenshots/2da/2dab29baecf27327f4d896baa39b433d.jpg'}]",,"Athena (アテナ, Atena) is a platform arcade game, produced and published in 1986 by SNK. It was later ported to the NES, developed by Micronics. Conversions were done also for the ZX Spectrum, Commodore 64 and Amstrad CPC in 1987 by Ocean Software under their Imagine label. However, only the NES version was released for North American homes until the PlayStation Network saw a release of the arcade original in 2011. The game's protagonist, Princess Athena, has gone on to appear in later fighting games by SNK as a secret character or assistant to her descendant Athena Asamiya, a frequent main character in these games.",,1.0,8,2.0,2.0,3.0,,2.0,Everyone 10+,everyone-10-plus,,,,,,,,,,,,0.0,,
55313,into-the-eagles-nest-1986,Into the Eagle's Nest (1986),Into the Eagle's Nest (1986),"<p>Into the Eagle's Nest is a computer game developed by Pandora and published for Amiga, Amstrad CPC, Apple II, Atari 8-bit family, Atari ST, Commodore 64, IBM PC and ZX Spectrum starting in 1986.</p>",,[],1986-01-01,False,2023-02-08T10:51:15,https://media.rawg.io/media/screenshots/3cc/3cc6e4cfa9c88811337851a063c87bea.jpg,https://media.rawg.io/media/screenshots/ed7/ed7c802eac3494acd07a41abf9641797.jpg,,0.0,0,"[{'id': 5, 'title': 'exceptional', 'count': 1, 'percent': 50.0}, {'id': 1, 'title': 'skip', 'count': 1, 'percent': 50.0}]",15,0,16,0,4,0,0,,,,,0,0,0,0,2,264,[],,0,0,0,,2,0f0f0f,0f0f0f,"[{'platform': {'id': 1, 'name': 'PC', 'slug': 'pc'}}, {'platform': {'id': 5, 'name': 'Apple Macintosh', 'slug': 'mac'}}, {'platform': {'id': 9, 'name': 'Atari', 'slug': 'atari'}}, {'platform': {'id': 10, 'name': 'Commodore / Amiga', 'slug': 'commodore-amiga'}}]","[{'platform': {'id': 25, 'name': 'Atari 8-bit', 'slug': 'atari-8-bit', 'image': None, 'year_end': None, 'year_start': None, 'games_count': 308, 'image_background': 'https://media.rawg.io/media/screenshots/038/0385a47d3a43b218204268af5361a19e.jpg'}, 'released_at': '1986-01-01', 'requirements': {}}, {'platform': {'id': 34, 'name': 'Atari ST', 'slug': 'atari-st', 'image': None, 'year_end': None, 'year_start': None, 'games_count': 836, 'image_background': 'https://media.rawg.io/media/games/637/637d7dc2f44d0f6ddd3ee2c0b1366962.jpg'}, 'released_at': '1986-01-01', 'requirements': {}}, {'platform': {'id': 50, 'name': 'Atari XEGS', 'slug': 'atari-xegs', 'image': None, 'year_end': None, 'year_start': None, 'games_count': 22, 'image_background': 'https://media.rawg.io/media/screenshots/769/7691726d70c23c029903df08858df001.jpg'}, 'released_at': '1986-01-01', 'requirements': {}}, {'platform': {'id': 4, 'name': 'PC', 'slug': 'pc', 'image': None, 'year_end': None, 'year_start': None, 'games_count': 547196, 'image_background': 'https://media.rawg.io/media/games/6fc/6fcf4cd3b17c288821388e6085bb0fc9.jpg'}, 'released_at': '1986-01-01', 'requirements': {}}, {'platform': {'id': 41, 'name': 'Apple II', 'slug': 'apple-ii', 'image': None, 'year_end': None, 'year_start': None, 'games_count': 424, 'image_background': 'https://media.rawg.io/media/screenshots/3d2/3d2bb57b39e2efa39d1c385585b2ea8b.jpg'}, 'released_at': '1986-01-01', 'requirements': {}}, {'platform': {'id': 166, 'name': 'Commodore / Amiga', 'slug': 'commodore-amiga', 'image': None, 'year_end': None, 'year_start': None, 'games_count': 2083, 'image_background': 'https://media.rawg.io/media/games/cce/cce8bebe861f295003f5a9fe5b11233f.jpg'}, 'released_at': '1986-01-01', 'requirements': {}}]",[],"[{'id': 27065, 'name': 'Pandora', 'slug': 'pandora', 'games_count': 4, 'image_background': 'https://media.rawg.io/media/screenshots/7ff/7ffb605ff493ec05c6b53185e89c383a.jpg'}]",[],"[{'id': 31, 'name': 'Singleplayer', 'slug': 'singleplayer', 'language': 'eng', 'games_count': 238404, 'image_background': 'https://media.rawg.io/media/games/26d/26d4437715bee60138dab4a7c8c59c92.jpg'}]","[{'id': 1779, 'name': 'Atari', 'slug': 'atari', 'games_count': 507, 'image_background': 'https://media.rawg.io/media/games/d82/d82dbcf92ded452bf8c6fb1bbdd62e52.jpg'}, {'id': 10943, 'name': 'MINDSCAPE', 'slug': 'mindscape', 'games_count': 108, 'image_background': 'https://media.rawg.io/media/screenshots/0b1/0b12ddf58af6047922a20dd0d310ad18.jpg'}, {'id': 20288, 'name': 'Pandora', 'slug': 'pandora', 'games_count': 3, 'image_background': 'https://media.rawg.io/media/screenshots/3cc/3cc6e4cfa9c88811337851a063c87bea.jpg'}]",,"Into the Eagle's Nest is a computer game developed by Pandora and published for Amiga, Amstrad CPC, Apple II, Atari 8-bit family, Atari ST, Commodore 64, IBM PC and ZX Spectrum starting in 1986.",,1.0,8,2.0,2.0,2.0,,,,,,,,,,,,,,,,0.0,,
30829,ninja,Ninja,Ninja,"<p>In the game, you will control a ninja warrior. You can run, jump, cling to the walls with a hook. You need to get to the exit to complete the level. There will be various obstacles on your way. Collect coins to get more stars. </p><p>Controls: </p><p>Run - AD / Left, Right arrows. </p><p>Jump - W / Up arrow / Space </p><p>Throw a hook - LMB </p><p>After purchasing, you will receive a ninja game with interesting gameplay, where you will need to move deftly, overcome obstacles and collect coins to reach new levels and earn stars. This is a game that will test your control skills and reaction.</p>",,[],1986-01-01,False,2025-01-03T08:24:39,https://media.rawg.io/media/screenshots/b3d/b3d66b0839c0536b6101eaa8e5d02937.jpg,https://media.rawg.io/media/screenshots/665/6653ebba054fbd0b723ed3b7aa7eda7b.jpg,https://games.yaremchuk.site/,0.0,0,"[{'id': 4, 'title': 'recommended', 'count': 2, 'percent': 100.0}]",15,0,5,0,0,0,0,,,,,0,0,0,0,2,107,[],,0,0,0,,2,0f0f0f,0f0f0f,"[{'platform': {'id': 1, 'name': 'PC', 'slug': 'pc'}}]","[{'platform': {'id': 4, 'name': 'PC', 'slug': 'pc', 'image': None, 'year_end': None, 'year_start': None, 'games_count': 547196, 'image_background': 'https://media.rawg.io/media/games/6fc/6fcf4cd3b17c288821388e6085bb0fc9.jpg'}, 'released_at': '2024-12-31', 'requirements': {'minimum': 'Minimum:\nOS: Windows 10\nProcessor: Intel Core i3 / AMD Ryzen 3\nMemory: 2 GB RAM\nGraphics: Nvidia GT 1030\nDirectX: Version 9.0\nStorage: 300 MB available space\nSound Card: DirectX compatible'}}]","[{'id': 973792, 'url': '', 'store': {'id': 1, 'name': 'Steam', 'slug': 'steam', 'domain': 'store.steampowered.com', 'games_count': 110181, 'image_background': 'https://media.rawg.io/media/games/7fa/7fa0b586293c5861ee32490e953a4996.jpg'}}]","[{'id': 11974, 'name': 'Sculptured Software', 'slug': 'sculptured-software', 'games_count': 57, 'image_background': 'https://media.rawg.io/media/screenshots/c06/c06937e1c4e9a46874dcf2223de70593.jpg'}, {'id': 450318, 'name': 'Taranau Aliaksei', 'slug': 'taranau-aliaksei', 'games_count': 23, 'image_background': 'https://media.rawg.io/media/screenshots/74e/74eaac689d0b179572267499664a0426.jpg'}, {'id': 442860, 'name': 'Yaremchuk', 'slug': 'yaremchuk', 'games_count': 3, 'image_background': 'https://media.rawg.io/media/screenshots/662/662c0e6b1af9e5b460e0b8731c162789.jpg'}, {'id': 15193, 'name': 'SoftArts', 'slug': 'softarts', 'games_count': 1, 'image_background': 'https://media.rawg.io/media/screenshots/b3d/b3d66b0839c0536b6101eaa8e5d02937.jpg'}]","[{'id': 4, 'name': 'Action', 'slug': 'action', 'games_count': 186608, 'image_background': 'https://media.rawg.io/media/games/618/618c2031a07bbff6b4f611f10b6bcdbc.jpg'}, {'id': 3, 'name': 'Adventure', 'slug': 'adventure', 'games_count': 146481, 'image_background': 'https://media.rawg.io/media/games/b6b/b6b20bfc4b34e312dbc8aac53c95a348.jpg'}, {'id': 10, 'name': 'Strategy', 'slug': 'strategy', 'games_count': 59661, 'image_background': 'https://media.rawg.io/media/games/08b/08b2eee52a9876a48b955e5149affe5b.jpg'}, {'id': 11, 'name': 'Arcade', 'slug': 'arcade', 'games_count': 22658, 'image_background': 'https://media.rawg.io/media/games/556/556157feed9ee1f55f2b12b2973e30a3.jpg'}, {'id': 6, 'name': 'Fighting', 'slug': 'fighting', 'games_count': 11763, 'image_background': 'https://media.rawg.io/media/games/35b/35b47c4d85cd6e08f3e2ca43ea5ce7bb.jpg'}, {'id': 51, 'name': 'Indie', 'slug': 'indie', 'games_count': 76957, 'image_background': 'https://media.rawg.io/media/games/dd5/dd50d4266915d56dd5b63ae1bf72606a.jpg'}]","[{'id': 31, 'name': 'Singleplayer', 'slug': 'singleplayer', 'language': 'eng', 'games_count': 238404, 'image_background': 'https://media.rawg.io/media/games/26d/26d4437715bee60138dab4a7c8c59c92.jpg'}, {'id': 45, 'name': '2D', 'slug': '2d', 'language': 'eng', 'games_count': 202072, 'image_background': 'https://media.rawg.io/media/games/8ca/8ca40b562a755d6a0e30d48e6c74b178.jpg'}, {'id': 64, 'name': 'Fantasy', 'slug': 'fantasy', 'language': 'eng', 'games_count': 30627, 'image_background': 'https://media.rawg.io/media/games/6fc/6fcf4cd3b17c288821388e6085bb0fc9.jpg'}, {'id': 69, 'name': 'Action-Adventure', 'slug': 'action-adventure', 'language': 'eng', 'games_count': 19010, 'image_background': 'https://media.rawg.io/media/games/849/849414b978db37d4563ff9e4b0d3a787.jpg'}, {'id': 80, 'name': 'Tactical', 'slug': 'tactical', 'language': 'eng', 'games_count': 5900, 'image_background': 'https://media.rawg.io/media/games/0bd/0bd5646a3d8ee0ac3314bced91ea306d.jpg'}, {'id': 40837, 'name': 'In-App Purchases', 'slug': 'in-app-purchases', 'language': 'eng', 'games_count': 3078, 'image_background': 'https://media.rawg.io/media/games/934/9346092ae11bf7582c883869468171cc.jpg'}, {'id': 165, 'name': 'Colorful', 'slug': 'colorful', 'language': 'eng', 'games_count': 25788, 'image_background': 'https://media.rawg.io/media/games/43f/43f4f3a50651f371c147ecce8ee841a9.jpg'}, {'id': 571, 'name': '3D', 'slug': '3d', 'language': 'eng', 'games_count': 89061, 'image_background': 'https://media.rawg.io/media/games/acc/acc3de7aaa850ad998d49b15f8901e23.jpg'}, {'id': 114, 'name': 'Physics', 'slug': 'physics', 'language': 'eng', 'games_count': 20513, 'image_background': 'https://media.rawg.io/media/games/a3c/a3c529a12c896c0ef02db5b4741de2ba.jpg'}, {'id': 66, 'name': 'Medieval', 'slug': 'medieval', 'language': 'eng', 'games_count': 7337, 'image_background': 'https://media.rawg.io/media/games/ccd/ccd40e8f86c0ae10a082b610d31d4475.jpg'}, {'id': 39, 'name': 'Building', 'slug': 'building', 'language': 'eng', 'games_count': 6889, 'image_background': 'https://media.rawg.io/media/games/a88/a886c37bf112d009e318b106db9d420a.jpg'}, {'id': 168, 'name': 'RTS', 'slug': 'rts', 'language': 'eng', 'games_count': 2680, 'image_background': 'https://media.rawg.io/media/screenshots/65c/65c9c15e274705b5fe343e424ce76ec8.jpg'}, {'id': 82, 'name': 'Magic', 'slug': 'magic', 'language': 'eng', 'games_count': 10506, 'image_background': 'https://media.rawg.io/media/games/618/618c2031a07bbff6b4f611f10b6bcdbc.jpg'}, {'id': 188, 'name': 'Parkour', 'slug': 'parkour', 'language': 'eng', 'games_count': 3825, 'image_background': 'https://media.rawg.io/media/games/9f1/9f189c639f70f91166df415811a8b525.jpg'}, {'id': 61, 'name': 'Top-Down', 'slug': 'top-down', 'language': 'eng', 'games_count': 27149, 'image_background': 'https://media.rawg.io/media/screenshots/2fc/2fc6994425146f9dba3133400b414e29.jpg'}, {'id': 166, 'name': 'Stylized', 'slug': 'stylized', 'language': 'eng', 'games_count': 8436, 'image_background': 'https://media.rawg.io/media/games/566/566f53f43aa1bd28c63cf3a4d21440ee.jpg'}, {'id': 195, 'name': 'Economy', 'slug': 'economy', 'language': 'eng', 'games_count': 2792, 'image_background': 'https://media.rawg.io/media/screenshots/fa4/fa48cb5604f319e7ca2c8fe00ed92a1d_eYGbcOJ.jpg'}, {'id': 47, 'name': 'Lovecraftian', 'slug': 'lovecraftian', 'language': 'eng', 'games_count': 826, 'image_background': 'https://media.rawg.io/media/screenshots/9cf/9cfb04d5480b105075226f02121ed3ae.jpg'}, {'id': 186, 'name': 'Ninja', 'slug': 'ninja', 'language': 'eng', 'games_count': 2456, 'image_background': 'https://media.rawg.io/media/games/c35/c354856af9151dc63844be4f9843d2c2.jpg'}, {'id': 49959, 'name': '2D Platformer', 'slug': '2d-platformer-3', 'language': 'eng', 'games_count': 8052, 'image_background': 'https://media.rawg.io/media/games/470/47058af09b864c2d211a08271eccfb4f.jpg'}, {'id': 91686, 'name': 'Family Sharing', 'slug': 'family-sharing', 'language': 'eng', 'games_count': 17571, 'image_background': 'https://media.rawg.io/media/screenshots/af2/af2ecc6d854efd19e3591c61136f9a44.jpg'}, {'id': 49995, 'name': '2D-платформер', 'slug': '2d-platformer-4', 'language': 'eng', 'games_count': 8007, 'image_background': 'https://media.rawg.io/media/games/bfb/bfb28df4f345165327555507c955a62a.jpg'}, {'id': 247, 'name': 'Real Time Tactics', 'slug': 'real-time-tactics', 'language': 'eng', 'games_count': 2016, 'image_background': 'https://media.rawg.io/media/games/2d8/2d864084a72d9e348e8f5663d8f58ac6.jpg'}, {'id': 231, 'name': 'Strategy RPG', 'slug': 'strategy-rpg', 'language': 'eng', 'games_count': 2964, 'image_background': 'https://media.rawg.io/media/screenshots/fc0/fc0c97c99f58968985c7a57e133fdc05.jpg'}, {'id': 297, 'name': 'LEGO', 'slug': 'lego', 'language': 'eng', 'games_count': 276, 'image_background': 'https://media.rawg.io/media/screenshots/d72/d729340faa6c909dc2ce08c8a0fd19f6.jpg'}, {'id': 27, 'name': 'Warhammer 40K', 'slug': 'warhammer-40k', 'language': 'eng', 'games_count': 76, 'image_background': 'https://media.rawg.io/media/screenshots/6f3/6f3855fc42784a7da7bdc4cf325b0d30.jpg'}, {'id': 570, 'name': 'Old School', 'slug': 'old-school', 'language': 'eng', 'games_count': 4421, 'image_background': 'https://media.rawg.io/media/games/261/261f147b8cbe9fed2da8d81a1bb52d68.jpg'}, {'id': 214, 'name': 'God Game', 'slug': 'god-game', 'language': 'eng', 'games_count': 650, 'image_background': 'https://media.rawg.io/media/screenshots/810/81084013efec05de29e8b077f9ddb173.jpg'}, {'id': 104, 'name': 'Wargame', 'slug': 'wargame', 'language': 'eng', 'games_count': 1712, 'image_background': 'https://media.rawg.io/media/screenshots/08f/08f861f3999fd86336a7917d6947c9a5.jpg'}, {'id': 49963, 'name': 'Precision Platformer', 'slug': 'precision-platformer-2', 'language': 'eng', 'games_count': 2414, 'image_background': 'https://media.rawg.io/media/games/deb/debed1495adeac69fd5f0be501ecae35.jpg'}, {'id': 49967, 'name': 'Colony Sim', 'slug': 'colony-sim-2', 'language': 'eng', 'games_count': 684, 'image_background': 'https://media.rawg.io/media/screenshots/c9f/c9f6a267a08609d634d62473173e8f0d.jpg'}]","[{'id': 4799, 'name': 'Mastertronic', 'slug': 'mastertronic', 'games_count': 72, 'image_background': 'https://media.rawg.io/media/screenshots/bb4/bb424afaf45c23f5893753ab1c1eca27.jpg'}, {'id': 73863, 'name': 'Taranau Aliaksei', 'slug': 'taranau-aliaksei', 'games_count': 23, 'image_background': 'https://media.rawg.io/media/screenshots/b3d/b3d66b0839c0536b6101eaa8e5d02937.jpg'}, {'id': 66969, 'name': 'Yaremchuk', 'slug': 'yaremchuk', 'games_count': 3, 'image_background': 'https://media.rawg.io/media/screenshots/abc/abcd8ee4396e67f09a9ffcf24ce16f9f.jpg'}]",,"In the game, you will control a ninja warrior. You can run, jump, cling to the walls with a hook. You need to get to the exit to complete the level. There will be various obstacles on your way. Collect coins to get more stars. Controls: Run - AD / Left, Right arrows. Jump - W / Up arrow / Space Throw a hook - LMB After purchasing, you will receive a ninja game with interesting gameplay, where you will need to move deftly, overcome obstacles and collect coins to reach new levels and earn stars. This is a game that will test your control skills and reaction.",,1.0,6,4.0,2.0,2.0,,,,,,,,,,,,,,,,0.0,,
54959,arcticfox,Arcticfox,Arcticfox,"<p>Arcticfox is a 1986 science fiction tank simulation video game developed by Dynamix and published by Electronic Arts. It was published in Europe by Ariolasoft. A sequel to Dynamix's Stellar 7, Arcticfox was developed for the Amiga as one of the platform's first titles but was quickly ported to other platforms including the Atari ST, Commodore 64, ZX Spectrum, MS-DOS and Apple II. A third game was released in the series in 1991 titled Nova 9: The Return of Gir Draxon.</p>
<p>The game is set in a fictional 2005 where aliens have taken over Antarctica in an attempt to steal the Earth's oxygen. The player is sent to eradicate the intruders using a new super tank codenamed Arcticfox.</p>
<p>Arcticfox's design team at Dynamix also went on to produce The Incredible Machine and Red Baron.</p>",,[],1986-01-01,False,2023-04-15T23:21:14,https://media.rawg.io/media/screenshots/6e1/6e1612faa497cd7b4b3a7300244a7439.jpg,https://media.rawg.io/media/screenshots/0a4/0a4abf79e43a7c79f6380cf2e7c07585.jpg,,0.0,0,"[{'id': 4, 'title': 'recommended', 'count': 2, 'percent': 100.0}]",15,0,15,0,6,0,0,,,,,0,0,0,0,2,234,[],,0,0,0,,2,0f0f0f,0f0f0f,"[{'platform': {'id': 1, 'name': 'PC', 'slug': 'pc'}}, {'platform': {'id': 5, 'name': 'Apple Macintosh', 'slug': 'mac'}}, {'platform': {'id': 9, 'name': 'Atari', 'slug': 'atari'}}, {'platform': {'id': 10, 'name': 'Commodore / Amiga', 'slug': 'commodore-amiga'}}]","[{'platform': {'id': 34, 'name': 'Atari ST', 'slug': 'atari-st', 'image': None, 'year_end': None, 'year_start': None, 'games_count': 836, 'image_background': 'https://media.rawg.io/media/games/637/637d7dc2f44d0f6ddd3ee2c0b1366962.jpg'}, 'released_at': '1986-01-01', 'requirements': {}}, {'platform': {'id': 41, 'name': 'Apple II', 'slug': 'apple-ii', 'image': None, 'year_end': None, 'year_start': None, 'games_count': 424, 'image_background': 'https://media.rawg.io/media/screenshots/3d2/3d2bb57b39e2efa39d1c385585b2ea8b.jpg'}, 'released_at': '1986-01-01', 'requirements': {}}, {'platform': {'id': 166, 'name': 'Commodore / Amiga', 'slug': 'commodore-amiga', 'image': None, 'year_end': None, 'year_start': None, 'games_count': 2083, 'image_background': 'https://media.rawg.io/media/games/cce/cce8bebe861f295003f5a9fe5b11233f.jpg'}, 'released_at': '1986-01-01', 'requirements': {}}, {'platform': {'id': 4, 'name': 'PC', 'slug': 'pc', 'image': None, 'year_end': None, 'year_start': None, 'games_count': 547196, 'image_background': 'https://media.rawg.io/media/games/6fc/6fcf4cd3b17c288821388e6085bb0fc9.jpg'}, 'released_at': '1986-01-01', 'requirements': {}}]",[],"[{'id': 8623, 'name': 'Dynamix', 'slug': 'dynamix', 'games_count': 78, 'image_background': 'https://media.rawg.io/media/screenshots/ec5/ec5ccb5f13bb15ad0d2d9f1431455061.jpg'}]",[],"[{'id': 31, 'name': 'Singleplayer', 'slug': 'singleplayer', 'language': 'eng', 'games_count': 238404, 'image_background': 'https://media.rawg.io/media/games/26d/26d4437715bee60138dab4a7c8c59c92.jpg'}]","[{'id': 354, 'name': 'Electronic Arts', 'slug': 'electronic-arts', 'games_count': 1332, 'image_background': 'https://media.rawg.io/media/games/45b/45b57ed59de4b84effd8f6bc4b7bf515.jpg'}]",,"Arcticfox is a 1986 science fiction tank simulation video game developed by Dynamix and published by Electronic Arts. It was published in Europe by Ariolasoft. A sequel to Dynamix's Stellar 7, Arcticfox was developed for the Amiga as one of the platform's first titles but was quickly ported to other platforms including the Atari ST, Commodore 64, ZX Spectrum, MS-DOS and Apple II. A third game was released in the series in 1991 titled Nova 9: The Return of Gir Draxon.
The game is set in a fictional 2005 where aliens have taken over Antarctica in an attempt to steal the Earth's oxygen. The player is sent to eradicate the intruders using a new super tank codenamed Arcticfox.
Arcticfox's design team at Dynamix also went on to produce The Incredible Machine and Red Baron.",,1.0,9,3.0,1.0,1.0,,,,,,,,,,,,,,,,0.0,,
56547,hollywood-hijinx,Hollywood Hijinx,Hollywood Hijinx,"<p>Hollywood Hijinx is an interactive fiction computer game written by Dave Anderson and Liz Cyr-Jones and published by Infocom in 1986. The game was released for the Apple II, Atari 8-bit family, Amstrad CPC, Amstrad PCW, Commodore 64, Amiga, Atari ST, TI-99/4A and MS-DOS. It was Infocom's twenty-third game.</p>",,[],1986-12-15,False,2023-02-08T10:51:16,https://media.rawg.io/media/screenshots/4a5/4a5c39ee55c367fd7fe9f7336f7069bb.jpg,https://media.rawg.io/media/screenshots/a79/a79415fc7d5125cdd6f196c70f461b99.jpg,,0.0,0,"[{'id': 4, 'title': 'recommended', 'count': 1, 'percent': 100.0}]",15,0,12,0,3,0,0,,,,,0,0,0,0,1,118,[],,0,0,0,,1,0f0f0f,0f0f0f,"[{'platform': {'id': 1, 'name': 'PC', 'slug': 'pc'}}, {'platform': {'id': 5, 'name': 'Apple Macintosh', 'slug': 'mac'}}, {'platform': {'id': 9, 'name': 'Atari', 'slug': 'atari'}}, {'platform': {'id': 10, 'name': 'Commodore / Amiga', 'slug': 'commodore-amiga'}}]","[{'platform': {'id': 166, 'name': 'Commodore / Amiga', 'slug': 'commodore-amiga', 'image': None, 'year_end': None, 'year_start': None, 'games_count': 2083, 'image_background': 'https://media.rawg.io/media/games/cce/cce8bebe861f295003f5a9fe5b11233f.jpg'}, 'released_at': '1986-12-15', 'requirements': {}}, {'platform': {'id': 34, 'name': 'Atari ST', 'slug': 'atari-st', 'image': None, 'year_end': None, 'year_start': None, 'games_count': 836, 'image_background': 'https://media.rawg.io/media/games/637/637d7dc2f44d0f6ddd3ee2c0b1366962.jpg'}, 'released_at': '1986-12-15', 'requirements': {}}, {'platform': {'id': 25, 'name': 'Atari 8-bit', 'slug': 'atari-8-bit', 'image': None, 'year_end': None, 'year_start': None, 'games_count': 308, 'image_background': 'https://media.rawg.io/media/screenshots/038/0385a47d3a43b218204268af5361a19e.jpg'}, 'released_at': '1986-12-15', 'requirements': {}}, {'platform': {'id': 55, 'name': 'Classic Macintosh', 'slug': 'macintosh', 'image': None, 'year_end': None, 'year_start': None, 'games_count': 675, 'image_background': 'https://media.rawg.io/media/games/38a/38af969459ad6e5de116ec8a4a84218c.jpg'}, 'released_at': '1986-12-15', 'requirements': {}}, {'platform': {'id': 41, 'name': 'Apple II', 'slug': 'apple-ii', 'image': None, 'year_end': None, 'year_start': None, 'games_count': 424, 'image_background': 'https://media.rawg.io/media/screenshots/3d2/3d2bb57b39e2efa39d1c385585b2ea8b.jpg'}, 'released_at': '1986-12-15', 'requirements': {}}, {'platform': {'id': 4, 'name': 'PC', 'slug': 'pc', 'image': None, 'year_end': None, 'year_start': None, 'games_count': 547196, 'image_background': 'https://media.rawg.io/media/games/6fc/6fcf4cd3b17c288821388e6085bb0fc9.jpg'}, 'released_at': '1986-12-15', 'requirements': {}}]",[],"[{'id': 12929, 'name': 'Infocom', 'slug': 'infocom', 'games_count': 48, 'image_background': 'https://media.rawg.io/media/screenshots/782/7822ae77e839fa2db05cd53d08225dd8.jpg'}]",[],"[{'id': 31, 'name': 'Singleplayer', 'slug': 'singleplayer', 'language': 'eng', 'games_count': 238404, 'image_background': 'https://media.rawg.io/media/games/26d/26d4437715bee60138dab4a7c8c59c92.jpg'}]","[{'id': 11435, 'name': 'Infocom', 'slug': 'infocom', 'games_count': 45, 'image_background': 'https://media.rawg.io/media/screenshots/3d4/3d4094f02e71cb3439ab3c8af62809c0.jpg'}]",,"Hollywood Hijinx is an interactive fiction computer game written by Dave Anderson and Liz Cyr-Jones and published by Infocom in 1986. The game was released for the Apple II, Atari 8-bit family, Amstrad CPC, Amstrad PCW, Commodore 64, Amiga, Atari ST, TI-99/4A and MS-DOS. It was Infocom's twenty-third game.",,1.0,8,2.0,3.0,1.0,,,,,,,,,,,,,,,,0.0,,
56882,wargame-construction-set,Wargame Construction Set,Wargame Construction Set,"<p>Wargame Construction Set is a video game builder series published in 1986 by Strategic Simulations. It is also the name of the first application in the series. Developed by Roger Damon, it allows the user to construct, edit and play customizable wargame scenarios. It was released for the Amiga, Atari 8-bit family, Atari ST, Commodore 64, and MS-DOS.</p>",,[],1986-01-01,False,2023-12-01T09:35:30,https://media.rawg.io/media/screenshots/711/7115ab03a5716c3e1acf54967cb19996.jpg,https://media.rawg.io/media/screenshots/652/6521cf2330afc8a27612b079b66da0f9.jpg,,0.0,0,[],15,0,16,0,0,0,0,,,,,0,0,0,0,0,100,[],,0,0,0,,0,0f0f0f,0f0f0f,"[{'platform': {'id': 1, 'name': 'PC', 'slug': 'pc'}}, {'platform': {'id': 9, 'name': 'Atari', 'slug': 'atari'}}, {'platform': {'id': 10, 'name': 'Commodore / Amiga', 'slug': 'commodore-amiga'}}]","[{'platform': {'id': 4, 'name': 'PC', 'slug': 'pc', 'image': None, 'year_end': None, 'year_start': None, 'games_count': 547196, 'image_background': 'https://media.rawg.io/media/games/6fc/6fcf4cd3b17c288821388e6085bb0fc9.jpg'}, 'released_at': '1986-09-30', 'requirements': {}}, {'platform': {'id': 166, 'name': 'Commodore / Amiga', 'slug': 'commodore-amiga', 'image': None, 'year_end': None, 'year_start': None, 'games_count': 2083, 'image_background': 'https://media.rawg.io/media/games/cce/cce8bebe861f295003f5a9fe5b11233f.jpg'}, 'released_at': '1986-01-01', 'requirements': {}}, {'platform': {'id': 34, 'name': 'Atari ST', 'slug': 'atari-st', 'image': None, 'year_end': None, 'year_start': None, 'games_count': 836, 'image_background': 'https://media.rawg.io/media/games/637/637d7dc2f44d0f6ddd3ee2c0b1366962.jpg'}, 'released_at': '1986-01-01', 'requirements': {}}, {'platform': {'id': 25, 'name': 'Atari 8-bit', 'slug': 'atari-8-bit', 'image': None, 'year_end': None, 'year_start': None, 'games_count': 308, 'image_background': 'https://media.rawg.io/media/screenshots/038/0385a47d3a43b218204268af5361a19e.jpg'}, 'released_at': '1986-01-01', 'requirements': {}}]","[{'id': 973280, 'url': '', 'store': {'id': 5, 'name': 'GOG', 'slug': 'gog', 'domain': 'gog.com', 'games_count': 6713, 'image_background': 'https://media.rawg.io/media/games/5c0/5c0dd63002cb23f804aab327d40ef119.jpg'}}]","[{'id': 13148, 'name': 'Strategic Simulations', 'slug': 'strategic-simulations', 'games_count': 85, 'image_background': 'https://media.rawg.io/media/screenshots/4ce/4ce8db24d00f54368491e29b090dfba6.jpg'}, {'id': 27646, 'name': 'Roger Damon', 'slug': 'roger-damon', 'games_count': 1, 'image_background': 'https://media.rawg.io/media/screenshots/711/7115ab03a5716c3e1acf54967cb19996.jpg'}]",[],"[{'id': 31, 'name': 'Singleplayer', 'slug': 'singleplayer', 'language': 'eng', 'games_count': 238404, 'image_background': 'https://media.rawg.io/media/games/26d/26d4437715bee60138dab4a7c8c59c92.jpg'}]","[{'id': 19851, 'name': 'Strategic Simulations', 'slug': 'strategic-simulations', 'games_count': 113, 'image_background': 'https://media.rawg.io/media/screenshots/55c/55cd1c62d524e51467185c94839b08c4.jpg'}, {'id': 45715, 'name': 'SNEG', 'slug': 'sneg', 'games_count': 65, 'image_background': 'https://media.rawg.io/media/screenshots/079/0795c996080b91f0252953effea72ff3.jpg'}]",,"Wargame Construction Set is a video game builder series published in 1986 by Strategic Simulations. It is also the name of the first application in the series. Developed by Roger Damon, it allows the user to construct, edit and play customizable wargame scenarios. It was released for the Amiga, Atari 8-bit family, Atari ST, Commodore 64, and MS-DOS.",,2.0,8,1.0,3.0,1.0,,,,,,,,,,,,,,,,0.0,,
55167,winnie-the-pooh-in-the-hundred-acre-wood,Winnie the Pooh in the Hundred Acre Wood,Winnie the Pooh in the Hundred Acre Wood,"<p>Winnie the Pooh in the Hundred Acre Wood is a single player adventure game created by Al Lowe for Sierra On-Line, released in 1986. It is based on the character Winnie the Pooh.</p>",,[],1986-01-01,False,2023-02-08T10:51:02,https://media.rawg.io/media/screenshots/109/109edbe5d2feee92259d3a4523f1159f.jpg,https://media.rawg.io/media/screenshots/f7d/f7d65dd97d566b6406107e209595fc7f.jpg,,0.0,0,"[{'id': 4, 'title': 'recommended', 'count': 1, 'percent': 50.0}, {'id': 3, 'title': 'meh', 'count': 1, 'percent': 50.0}]",15,0,10,0,0,0,0,,,,,0,0,0,0,2,169,[],,0,0,0,,2,0f0f0f,0f0f0f,"[{'platform': {'id': 1, 'name': 'PC', 'slug': 'pc'}}, {'platform': {'id': 5, 'name': 'Apple Macintosh', 'slug': 'mac'}}, {'platform': {'id': 9, 'name': 'Atari', 'slug': 'atari'}}, {'platform': {'id': 10, 'name': 'Commodore / Amiga', 'slug': 'commodore-amiga'}}]","[{'platform': {'id': 4, 'name': 'PC', 'slug': 'pc', 'image': None, 'year_end': None, 'year_start': None, 'games_count': 547196, 'image_background': 'https://media.rawg.io/media/games/6fc/6fcf4cd3b17c288821388e6085bb0fc9.jpg'}, 'released_at': '1986-01-01', 'requirements': {}}, {'platform': {'id': 34, 'name': 'Atari ST', 'slug': 'atari-st', 'image': None, 'year_end': None, 'year_start': None, 'games_count': 836, 'image_background': 'https://media.rawg.io/media/games/637/637d7dc2f44d0f6ddd3ee2c0b1366962.jpg'}, 'released_at': '1986-01-01', 'requirements': {}}, {'platform': {'id': 41, 'name': 'Apple II', 'slug': 'apple-ii', 'image': None, 'year_end': None, 'year_start': None, 'games_count': 424, 'image_background': 'https://media.rawg.io/media/screenshots/3d2/3d2bb57b39e2efa39d1c385585b2ea8b.jpg'}, 'released_at': '1986-01-01', 'requirements': {}}, {'platform': {'id': 166, 'name': 'Commodore / Amiga', 'slug': 'commodore-amiga', 'image': None, 'year_end': None, 'year_start': None, 'games_count': 2083, 'image_background': 'https://media.rawg.io/media/games/cce/cce8bebe861f295003f5a9fe5b11233f.jpg'}, 'released_at': '1986-01-01', 'requirements': {}}]",[],"[{'id': 1497, 'name': 'Sierra Entertainment', 'slug': 'sierra-entertainment', 'games_count': 46, 'image_background': 'https://media.rawg.io/media/screenshots/e5c/e5c9f61c648beb97143c5d70396240fe.jpg'}, {'id': 7564, 'name': 'Sierra On-Line', 'slug': 'sierra-on-line', 'games_count': 119, 'image_background': 'https://media.rawg.io/media/screenshots/3d7/3d7f9baa0db4d6fb67a5e17c29bda07f.jpg'}]","[{'id': 3, 'name': 'Adventure', 'slug': 'adventure', 'games_count': 146481, 'image_background': 'https://media.rawg.io/media/games/b6b/b6b20bfc4b34e312dbc8aac53c95a348.jpg'}]","[{'id': 31, 'name': 'Singleplayer', 'slug': 'singleplayer', 'language': 'eng', 'games_count': 238404, 'image_background': 'https://media.rawg.io/media/games/26d/26d4437715bee60138dab4a7c8c59c92.jpg'}]","[{'id': 11434, 'name': 'Sierra On-Line', 'slug': 'sierra-on-line', 'games_count': 256, 'image_background': 'https://media.rawg.io/media/games/bc8/bc84784c2630f46ed2e675d0b4a59d62.jpg'}]",,"Winnie the Pooh in the Hundred Acre Wood is a single player adventure game created by Al Lowe for Sierra On-Line, released in 1986. It is based on the character Winnie the Pooh.",,1.0,6,4.0,3.0,1.0,,,,,,,,,,,,,,,,0.0,,
55366,bmx-simulator,BMX Simulator,BMX Simulator,"<p>BMX Simulator is a sports arcade video game released by Codemasters in 1986 for the Commodore 64 and later ported to other home computer systems. It was followed by two sequels, BMX Simulator 2 and Professional BMX Simulator, and was part of a series of games that included ATV Simulator, Grand Prix Simulator and Professional Ski Simulator.</p>",,[],1986-01-01,False,2019-08-28T22:01:04,https://media.rawg.io/media/screenshots/63f/63f8ccf35cd8b1e7d7acc965cce62980.jpg,https://media.rawg.io/media/screenshots/b47/b4774271e85d7b80bab41a835fffe410.jpg,,0.0,0,[],15,0,16,0,1,0,0,,,,,0,0,0,0,0,402,[],,0,0,0,,0,0f0f0f,0f0f0f,"[{'platform': {'id': 9, 'name': 'Atari', 'slug': 'atari'}}, {'platform': {'id': 10, 'name': 'Commodore / Amiga', 'slug': 'commodore-amiga'}}]","[{'platform': {'id': 34, 'name': 'Atari ST', 'slug': 'atari-st', 'image': None, 'year_end': None, 'year_start': None, 'games_count': 836, 'image_background': 'https://media.rawg.io/media/games/637/637d7dc2f44d0f6ddd3ee2c0b1366962.jpg'}, 'released_at': '1986-01-01', 'requirements': {}}, {'platform': {'id': 25, 'name': 'Atari 8-bit', 'slug': 'atari-8-bit', 'image': None, 'year_end': None, 'year_start': None, 'games_count': 308, 'image_background': 'https://media.rawg.io/media/screenshots/038/0385a47d3a43b218204268af5361a19e.jpg'}, 'released_at': '1986-01-01', 'requirements': {}}, {'platform': {'id': 166, 'name': 'Commodore / Amiga', 'slug': 'commodore-amiga', 'image': None, 'year_end': None, 'year_start': None, 'games_count': 2083, 'image_background': 'https://media.rawg.io/media/games/cce/cce8bebe861f295003f5a9fe5b11233f.jpg'}, 'released_at': '1986-01-01', 'requirements': {}}]",[],[],"[{'id': 1, 'name': 'Racing', 'slug': 'racing', 'games_count': 25359, 'image_background': 'https://media.rawg.io/media/screenshots/69b/69bb243ea9896ddfc2e051b58e81624d.jpg'}]","[{'id': 31, 'name': 'Singleplayer', 'slug': 'singleplayer', 'language': 'eng', 'games_count': 238404, 'image_background': 'https://media.rawg.io/media/games/26d/26d4437715bee60138dab4a7c8c59c92.jpg'}, {'id': 7, 'name': 'Multiplayer', 'slug': 'multiplayer', 'language': 'eng', 'games_count': 40505, 'image_background': 'https://media.rawg.io/media/games/021/021c4e21a1824d2526f925eff6324653.jpg'}]","[{'id': 1294, 'name': 'Codemasters', 'slug': 'codemasters', 'games_count': 178, 'image_background': 'https://media.rawg.io/media/games/640/6409857596fe6553d3bb5af9a17f6160.jpg'}]",,"BMX Simulator is a sports arcade video game released by Codemasters in 1986 for the Commodore 64 and later ported to other home computer systems. It was followed by two sequels, BMX Simulator 2 and Professional BMX Simulator, and was part of a series of games that included ATV Simulator, Grand Prix Simulator and Professional Ski Simulator.",,,8,2.0,2.0,3.0,,,,,,,,,,,,,,,,0.0,,
30599,gunship-2000,Gunship 2000,Gunship 2000,"<p>Gunship is a combat flight simulator video game developed and published by MicroProse in 1986. In the game, controlling a simulated AH-64 Apache helicopter, players navigate through missions to attack enemy targets and protect friendly forces. Commercially and critically successful, Gunship was followed by Gunship 2000 and Gunship!.</p>",,[],1986-02-15,False,2023-02-08T10:47:22,https://media.rawg.io/media/screenshots/d89/d8967e44684939ce8534e63105c90955.jpg,https://media.rawg.io/media/screenshots/c81/c81552329ab860ff89beffa99a3a1355.jpg,,0.0,0,"[{'id': 4, 'title': 'recommended', 'count': 3, 'percent': 100.0}]",15,0,25,0,16,0,0,,,,,0,0,0,0,3,296,[],,0,0,0,,3,0f0f0f,0f0f0f,"[{'platform': {'id': 1, 'name': 'PC', 'slug': 'pc'}}, {'platform': {'id': 2, 'name': 'PlayStation', 'slug': 'playstation'}}, {'platform': {'id': 9, 'name': 'Atari', 'slug': 'atari'}}, {'platform': {'id': 10, 'name': 'Commodore / Amiga', 'slug': 'commodore-amiga'}}, {'platform': {'id': 11, 'name': 'SEGA', 'slug': 'sega'}}]","[{'platform': {'id': 166, 'name': 'Commodore / Amiga', 'slug': 'commodore-amiga', 'image': None, 'year_end': None, 'year_start': None, 'games_count': 2083, 'image_background': 'https://media.rawg.io/media/games/cce/cce8bebe861f295003f5a9fe5b11233f.jpg'}, 'released_at': '1986-02-15', 'requirements': {}}, {'platform': {'id': 4, 'name': 'PC', 'slug': 'pc', 'image': None, 'year_end': None, 'year_start': None, 'games_count': 547196, 'image_background': 'https://media.rawg.io/media/games/6fc/6fcf4cd3b17c288821388e6085bb0fc9.jpg'}, 'released_at': '1986-02-15', 'requirements': {}}, {'platform': {'id': 34, 'name': 'Atari ST', 'slug': 'atari-st', 'image': None, 'year_end': None, 'year_start': None, 'games_count': 836, 'image_background': 'https://media.rawg.io/media/games/637/637d7dc2f44d0f6ddd3ee2c0b1366962.jpg'}, 'released_at': '1986-02-15', 'requirements': {}}, {'platform': {'id': 27, 'name': 'PlayStation', 'slug': 'playstation1', 'image': None, 'year_end': None, 'year_start': None, 'games_count': 1679, 'image_background': 'https://media.rawg.io/media/games/96a/96a48ac7487d9db9179d83170afcb16a.jpg'}, 'released_at': '1991-01-01', 'requirements': {}}, {'platform': {'id': 167, 'name': 'Genesis', 'slug': 'genesis', 'image': None, 'year_end': None, 'year_start': None, 'games_count': 849, 'image_background': 'https://media.rawg.io/media/screenshots/180/180b5f6e5d8c770bbbf941b9875046b6.jpg'}, 'released_at': '1991-01-01', 'requirements': {}}]",[],"[{'id': 14511, 'name': 'MicroProse Software', 'slug': 'microprose-software', 'games_count': 122, 'image_background': 'https://media.rawg.io/media/screenshots/5e9/5e92af32e3cf118d0aa6a64acfd89ada.jpg'}, {'id': 11039, 'name': 'MPS Labs', 'slug': 'mps-labs', 'games_count': 25, 'image_background': 'https://media.rawg.io/media/screenshots/690/6904093b049c766b233e27eca8d62b68.jpg'}]","[{'id': 10, 'name': 'Strategy', 'slug': 'strategy', 'games_count': 59661, 'image_background': 'https://media.rawg.io/media/games/08b/08b2eee52a9876a48b955e5149affe5b.jpg'}, {'id': 14, 'name': 'Simulation', 'slug': 'simulation', 'games_count': 73491, 'image_background': 'https://media.rawg.io/media/games/48c/48cb04ca483be865e3a83119c94e6097.jpg'}]","[{'id': 31, 'name': 'Singleplayer', 'slug': 'singleplayer', 'language': 'eng', 'games_count': 238404, 'image_background': 'https://media.rawg.io/media/games/26d/26d4437715bee60138dab4a7c8c59c92.jpg'}]","[{'id': 11455, 'name': 'MicroProse', 'slug': 'microprose', 'games_count': 130, 'image_background': 'https://media.rawg.io/media/screenshots/05f/05f21409dac9ce60809bc1bce40d657a.jpg'}]",,"Gunship is a combat flight simulator video game developed and published by MicroProse in 1986. In the game, controlling a simulated AH-64 Apache helicopter, players navigate through missions to attack enemy targets and protect friendly forces. Commercially and critically successful, Gunship was followed by Gunship 2000 and Gunship!.",,1.0,8,3.0,2.0,1.0,,,,,,,,,,,,,,,,0.0,,
31050,leather-goddesses-of-phobos,Leather Goddesses of Phobos,Leather Goddesses of Phobos,"<p>Leather Goddesses of Phobos is an adventure game developed by Infocom. It came out on 01-01-1986. Infocom published the game. <br>Leather Goddesses of Phobos is available on Atari 8-bit, Classic Macintosh, Commodore / Amiga and Atari ST. </p>

<p></p>",,[],1986-01-01,False,2023-02-08T10:51:14,https://media.rawg.io/media/screenshots/a87/a871a2d0d7618ea2f2f67356e408502e_73Hab1R.jpg,,,0.0,0,[],15,0,1,0,1,0,0,,,,,0,0,0,0,0,22,[],,0,0,0,,0,0f0f0f,0f0f0f,"[{'platform': {'id': 1, 'name': 'PC', 'slug': 'pc'}}, {'platform': {'id': 5, 'name': 'Apple Macintosh', 'slug': 'mac'}}, {'platform': {'id': 9, 'name': 'Atari', 'slug': 'atari'}}, {'platform': {'id': 10, 'name': 'Commodore / Amiga', 'slug': 'commodore-amiga'}}]","[{'platform': {'id': 25, 'name': 'Atari 8-bit', 'slug': 'atari-8-bit', 'image': None, 'year_end': None, 'year_start': None, 'games_count': 308, 'image_background': 'https://media.rawg.io/media/screenshots/038/0385a47d3a43b218204268af5361a19e.jpg'}, 'released_at': '1986-07-11', 'requirements': {}}, {'platform': {'id': 55, 'name': 'Classic Macintosh', 'slug': 'macintosh', 'image': None, 'year_end': None, 'year_start': None, 'games_count': 675, 'image_background': 'https://media.rawg.io/media/games/38a/38af969459ad6e5de116ec8a4a84218c.jpg'}, 'released_at': '1986-07-11', 'requirements': {}}, {'platform': {'id': 166, 'name': 'Commodore / Amiga', 'slug': 'commodore-amiga', 'image': None, 'year_end': None, 'year_start': None, 'games_count': 2083, 'image_background': 'https://media.rawg.io/media/games/cce/cce8bebe861f295003f5a9fe5b11233f.jpg'}, 'released_at': '1986-07-11', 'requirements': {}}, {'platform': {'id': 34, 'name': 'Atari ST', 'slug': 'atari-st', 'image': None, 'year_end': None, 'year_start': None, 'games_count': 836, 'image_background': 'https://media.rawg.io/media/games/637/637d7dc2f44d0f6ddd3ee2c0b1366962.jpg'}, 'released_at': '1986-07-11', 'requirements': {}}, {'platform': {'id': 41, 'name': 'Apple II', 'slug': 'apple-ii', 'image': None, 'year_end': None, 'year_start': None, 'games_count': 424, 'image_background': 'https://media.rawg.io/media/screenshots/3d2/3d2bb57b39e2efa39d1c385585b2ea8b.jpg'}, 'released_at': '1986-07-11', 'requirements': {}}, {'platform': {'id': 4, 'name': 'PC', 'slug': 'pc', 'image': None, 'year_end': None, 'year_start': None, 'games_count': 547196, 'image_background': 'https://media.rawg.io/media/games/6fc/6fcf4cd3b17c288821388e6085bb0fc9.jpg'}, 'released_at': '1986-01-01', 'requirements': {}}]",[],"[{'id': 12929, 'name': 'Infocom', 'slug': 'infocom', 'games_count': 48, 'image_background': 'https://media.rawg.io/media/screenshots/782/7822ae77e839fa2db05cd53d08225dd8.jpg'}]","[{'id': 3, 'name': 'Adventure', 'slug': 'adventure', 'games_count': 146481, 'image_background': 'https://media.rawg.io/media/games/b6b/b6b20bfc4b34e312dbc8aac53c95a348.jpg'}]","[{'id': 31, 'name': 'Singleplayer', 'slug': 'singleplayer', 'language': 'eng', 'games_count': 238404, 'image_background': 'https://media.rawg.io/media/games/26d/26d4437715bee60138dab4a7c8c59c92.jpg'}]","[{'id': 11435, 'name': 'Infocom', 'slug': 'infocom', 'games_count': 45, 'image_background': 'https://media.rawg.io/media/screenshots/3d4/3d4094f02e71cb3439ab3c8af62809c0.jpg'}]",,,,1.0,7,2.0,4.0,1.0,,,,,,,,,,,,,,,,0.0,,
53852,gumshoe,Gumshoe,Gumshoe,<p>Gumshoe is a video game developed and published by Nintendo for the NES and released in 1986 in North America and in 1988 in Europe. Gumshoe is played using the NES Zapper. The game was designed by Yoshio Sakamoto.</p>,,[],1986-06-06,False,2019-08-28T22:01:53,https://media.rawg.io/media/screenshots/068/068c5917eab8533b13852ba6876a397d.jpg,https://media.rawg.io/media/screenshots/3bb/3bb7b4b55a18c6de65b420350c0f04c2.jpg,,0.0,0,"[{'id': 3, 'title': 'meh', 'count': 2, 'percent': 100.0}]",14,0,7,0,2,0,0,,,,,0,0,0,0,2,141,[],,0,0,0,,2,0f0f0f,0f0f0f,"[{'platform': {'id': 7, 'name': 'Nintendo', 'slug': 'nintendo'}}, {'platform': {'id': 10, 'name': 'Commodore / Amiga', 'slug': 'commodore-amiga'}}]","[{'platform': {'id': 49, 'name': 'NES', 'slug': 'nes', 'image': None, 'year_end': None, 'year_start': None, 'games_count': 1015, 'image_background': 'https://media.rawg.io/media/games/7c5/7c50dd0415eb0a57505c58d4e50e4d24.jpg'}, 'released_at': '1986-06-06', 'requirements': {}}, {'platform': {'id': 166, 'name': 'Commodore / Amiga', 'slug': 'commodore-amiga', 'image': None, 'year_end': None, 'year_start': None, 'games_count': 2083, 'image_background': 'https://media.rawg.io/media/games/cce/cce8bebe861f295003f5a9fe5b11233f.jpg'}, 'released_at': '1986-06-06', 'requirements': {}}]",[],"[{'id': 16257, 'name': 'Nintendo', 'slug': 'nintendo', 'games_count': 426, 'image_background': 'https://media.rawg.io/media/games/d9c/d9c8b7edc78391619566adfeb52b5a9a.jpg'}]","[{'id': 2, 'name': 'Shooter', 'slug': 'shooter', 'games_count': 59560, 'image_background': 'https://media.rawg.io/media/games/d58/d588947d4286e7b5e0e12e1bea7d9844.jpg'}, {'id': 83, 'name': 'Platformer', 'slug': 'platformer', 'games_count': 100869, 'image_background': 'https://media.rawg.io/media/games/f8c/f8c6a262ead4c16b47e1219310210eb3.jpg'}]","[{'id': 31, 'name': 'Singleplayer', 'slug': 'singleplayer', 'language': 'eng', 'games_count': 238404, 'image_background': 'https://media.rawg.io/media/games/26d/26d4437715bee60138dab4a7c8c59c92.jpg'}]","[{'id': 10681, 'name': 'Nintendo', 'slug': 'nintendo', 'games_count': 1235, 'image_background': 'https://media.rawg.io/media/games/dd1/dd167cf8753db3748a975d61cc926e54.jpg'}]",,Gumshoe is a video game developed and published by Nintendo for the NES and released in 1986 in North America and in 1988 in Europe. Gumshoe is played using the NES Zapper. The game was designed by Yoshio Sakamoto.,,1.0,7,1.0,2.0,3.0,,,,,,,,,,,,,,,,0.0,,
261726,the-karuizawa-kidnapping-guide,The Karuizawa Kidnapping Guide,The Karuizawa Kidnapping Guide,"<p>The Karuizawa Kidnapping Guide is an adventure game. It was originally released in 1986. <br>You can play The Karuizawa Kidnapping Guide on PC. </p>

<p></p>",,[],1986-01-01,False,2023-02-08T10:51:05,https://media.rawg.io/media/screenshots/02b/02b4ba3ae84bbb47f129d5250c2d21c4.jpg,https://media.rawg.io/media/screenshots/13e/13e97fb5a18d012e768b260496e7ac60.jpg,,0.0,0,[],14,0,3,0,0,0,0,,,,,0,0,0,0,0,115,['軽井沢誘拐案内'],,0,0,0,,0,0f0f0f,0f0f0f,"[{'platform': {'id': 1, 'name': 'PC', 'slug': 'pc'}}]","[{'platform': {'id': 4, 'name': 'PC', 'slug': 'pc', 'image': None, 'year_end': None, 'year_start': None, 'games_count': 547196, 'image_background': 'https://media.rawg.io/media/games/6fc/6fcf4cd3b17c288821388e6085bb0fc9.jpg'}, 'released_at': '1986-01-01', 'requirements': {}}]",[],[],"[{'id': 3, 'name': 'Adventure', 'slug': 'adventure', 'games_count': 146481, 'image_background': 'https://media.rawg.io/media/games/b6b/b6b20bfc4b34e312dbc8aac53c95a348.jpg'}]",[],[],,,,2.0,5,2.0,4.0,1.0,,,,,,,,,,,,,,,,0.0,,
55125,starglider,Starglider,Starglider,"<p>Starglider is a 3D video game published in 1986 by Rainbird. It was developed by Jez San under his company name Argonaut Software. The game is a fast-moving, first-person combat flight simulator, rendered with colourful wireframe vector graphics inspired by San's love of the 1983 Atari coin-op Star Wars.</p>
<p>Starglider was originally developed for the 16-bit Commodore Amiga and Atari ST. Rainbird commissioned Realtime Games to produce 8-bit versions for the Amstrad CPC, Amstrad PCW, and ZX Spectrum (128K, with a cut-down 48K version without sampled speech or special missions), and also for the IBM-compatible PC running in CGA. Solid Images were commissioned to produce versions for the Commodore 64 and Apple IIGS. Most versions included then-novel sampled speech, from Rainbird employee Clare Edgeley.</p>
<p>It was followed in 1988 by a sequel, Starglider 2, which uses filled-polygon graphics.</p>",,[],1986-01-01,False,2023-02-08T10:51:07,https://media.rawg.io/media/screenshots/dce/dcee844c199ef7956b83cf63e304e15e.jpg,https://media.rawg.io/media/screenshots/c40/c40e7aa49f1e199e9d8ff97fbcda3118.jpg,,0.0,0,[],14,0,16,0,1,0,0,,,,,0,0,0,0,0,363,[],,0,0,0,,0,0f0f0f,0f0f0f,"[{'platform': {'id': 1, 'name': 'PC', 'slug': 'pc'}}, {'platform': {'id': 5, 'name': 'Apple Macintosh', 'slug': 'mac'}}, {'platform': {'id': 9, 'name': 'Atari', 'slug': 'atari'}}, {'platform': {'id': 10, 'name': 'Commodore / Amiga', 'slug': 'commodore-amiga'}}]","[{'platform': {'id': 34, 'name': 'Atari ST', 'slug': 'atari-st', 'image': None, 'year_end': None, 'year_start': None, 'games_count': 836, 'image_background': 'https://media.rawg.io/media/games/637/637d7dc2f44d0f6ddd3ee2c0b1366962.jpg'}, 'released_at': '1986-01-01', 'requirements': {}}, {'platform': {'id': 55, 'name': 'Classic Macintosh', 'slug': 'macintosh', 'image': None, 'year_end': None, 'year_start': None, 'games_count': 675, 'image_background': 'https://media.rawg.io/media/games/38a/38af969459ad6e5de116ec8a4a84218c.jpg'}, 'released_at': '1986-01-01', 'requirements': {}}, {'platform': {'id': 166, 'name': 'Commodore / Amiga', 'slug': 'commodore-amiga', 'image': None, 'year_end': None, 'year_start': None, 'games_count': 2083, 'image_background': 'https://media.rawg.io/media/games/cce/cce8bebe861f295003f5a9fe5b11233f.jpg'}, 'released_at': '1986-01-01', 'requirements': {}}, {'platform': {'id': 41, 'name': 'Apple II', 'slug': 'apple-ii', 'image': None, 'year_end': None, 'year_start': None, 'games_count': 424, 'image_background': 'https://media.rawg.io/media/screenshots/3d2/3d2bb57b39e2efa39d1c385585b2ea8b.jpg'}, 'released_at': '1986-01-01', 'requirements': {}}, {'platform': {'id': 4, 'name': 'PC', 'slug': 'pc', 'image': None, 'year_end': None, 'year_start': None, 'games_count': 547196, 'image_background': 'https://media.rawg.io/media/games/6fc/6fcf4cd3b17c288821388e6085bb0fc9.jpg'}, 'released_at': '1986-01-01', 'requirements': {}}]",[],"[{'id': 16946, 'name': 'Argonaut Games', 'slug': 'argonaut-games', 'games_count': 21, 'image_background': 'https://media.rawg.io/media/screenshots/fa5/fa5ab5bc65001937c2a16649a370ce04.jpg'}, {'id': 14420, 'name': 'Argonaut Software', 'slug': 'argonaut-software', 'games_count': 22, 'image_background': 'https://media.rawg.io/media/screenshots/dee/deeec9569b82b42685f9b445001e3fa6_01Gr5mo.jpg'}]",[],"[{'id': 31, 'name': 'Singleplayer', 'slug': 'singleplayer', 'language': 'eng', 'games_count': 238404, 'image_background': 'https://media.rawg.io/media/games/26d/26d4437715bee60138dab4a7c8c59c92.jpg'}]","[{'id': 20199, 'name': 'Telecomsoft', 'slug': 'telecomsoft', 'games_count': 28, 'image_background': 'https://media.rawg.io/media/screenshots/b56/b569505ea715521ab76621752fa0c6a4.jpg'}, {'id': 20215, 'name': 'Rainbird', 'slug': 'rainbird', 'games_count': 8, 'image_background': 'https://media.rawg.io/media/screenshots/c01/c0146832693c7574d0b3e875f8ed4b5d.jpg'}]",,"Starglider is a 3D video game published in 1986 by Rainbird. It was developed by Jez San under his company name Argonaut Software. The game is a fast-moving, first-person combat flight simulator, rendered with colourful wireframe vector graphics inspired by San's love of the 1983 Atari coin-op Star Wars.
Starglider was originally developed for the 16-bit Commodore Amiga and Atari ST. Rainbird commissioned Realtime Games to produce 8-bit versions for the Amstrad CPC, Amstrad PCW, and ZX Spectrum (128K, with a cut-down 48K version without sampled speech or special missions), and also for the IBM-compatible PC running in CGA. Solid Images were commissioned to produce versions for the Commodore 64 and Apple IIGS. Most versions included then-novel sampled speech, from Rainbird employee Clare Edgeley.
It was followed in 1988 by a sequel, Starglider 2, which uses filled-polygon graphics.",,1.0,8,2.0,2.0,1.0,,,,,,,,,,,,,,,,0.0,,
323047,black-belt,Black Belt,Black Belt,"<p>The player takes control of a martial artist named Riki, who sets out to rescue his girlfriend Kyoko from his rival, Wang. The game is composed of six left-to-right side-scrolling stages in which Riki faces different types of underlings (depending on the stage), facing the occasional sub-boss at midpoints of certain stages. Keeping true to the original source material Hokuto no Ken , underlings violently explode upon being punched or kicked. At the end of each stage, Riki must confront the stage&#39;s boss, each being susceptible to only one type of attack. The player must exploit their opponent&#39;s weakness and use it to finish the boss off.</p>",,[],1986-11-14,False,2023-02-07T11:37:22,https://media.rawg.io/media/games/e05/e05ba58ff7b2cd3d7023c626c068fe1b.jpg,https://media.rawg.io/media/screenshots/33a/33a6d78a401ef0f35772730371fe7e94.jpg,,0.0,0,"[{'id': 4, 'title': 'recommended', 'count': 2, 'percent': 100.0}]",14,0,5,0,1,0,0,,,,,0,0,0,0,2,165,"['Fist of the North Star', 'Hokuto no Ken']",,0,0,12,,2,0f0f0f,0f0f0f,"[{'platform': {'id': 9, 'name': 'Atari', 'slug': 'atari'}}, {'platform': {'id': 11, 'name': 'SEGA', 'slug': 'sega'}}]","[{'platform': {'id': 74, 'name': 'SEGA Master System', 'slug': 'sega-master-system', 'image': None, 'year_end': None, 'year_start': None, 'games_count': 234, 'image_background': 'https://media.rawg.io/media/screenshots/a7f/a7f3cb62af2ee95d92065da88583338b.jpg'}, 'released_at': '1986-11-14', 'requirements': {}}, {'platform': {'id': 31, 'name': 'Atari 5200', 'slug': 'atari-5200', 'image': None, 'year_end': None, 'year_start': None, 'games_count': 64, 'image_background': 'https://media.rawg.io/media/screenshots/678/6786598cba3939d48ed60cbd1a3723f4.jpg'}, 'released_at': '1986-11-14', 'requirements': {}}]",[],"[{'id': 425, 'name': 'SEGA', 'slug': 'sega', 'games_count': 578, 'image_background': 'https://media.rawg.io/media/screenshots/845/84595759d06a7c5ed2eab76f623454f7.jpeg'}]","[{'id': 4, 'name': 'Action', 'slug': 'action', 'games_count': 186608, 'image_background': 'https://media.rawg.io/media/games/618/618c2031a07bbff6b4f611f10b6bcdbc.jpg'}, {'id': 6, 'name': 'Fighting', 'slug': 'fighting', 'games_count': 11763, 'image_background': 'https://media.rawg.io/media/games/35b/35b47c4d85cd6e08f3e2ca43ea5ce7bb.jpg'}]","[{'id': 3803, 'name': 'boss', 'slug': 'boss', 'language': 'eng', 'games_count': 3108, 'image_background': 'https://media.rawg.io/media/games/1d3/1d3cd86dfbb7e02ffe502a69838b5860.jpeg'}]","[{'id': 3408, 'name': 'SEGA', 'slug': 'sega-2', 'games_count': 1262, 'image_background': 'https://media.rawg.io/media/games/be9/be9cf02720c9326e11d0fda14518554f.jpg'}]",,"The player takes control of a martial artist named Riki, who sets out to rescue his girlfriend Kyoko from his rival, Wang. The game is composed of six left-to-right side-scrolling stages in which Riki faces different types of underlings (depending on the stage), facing the occasional sub-boss at midpoints of certain stages. Keeping true to the original source material Hokuto no Ken , underlings violently explode upon being punched or kicked. At the end of each stage, Riki must confront the stage's boss, each being susceptible to only one type of attack. The player must exploit their opponent's weakness and use it to finish the boss off.",,,7,1.0,3.0,3.0,,2.0,Everyone 10+,everyone-10-plus,,,,,,,,,,,,0.0,,
54133,volleyball-1986,Volleyball (1986),Volleyball (1986),"<p>Volleyball (Japanese: バレーボール) is a volleyball video game developed by Nintendo and Pax Softnica and released for the Family Computer Disk System and Nintendo Entertainment System. Originally released in 1986, it was re-released for the Wii Virtual Console in Europe on August 10, 2007 and in North America on August 21, 2007. It is part of the NES Sports Series.</p>",,[],1986-07-21,False,2023-05-01T09:04:49,https://media.rawg.io/media/screenshots/768/768c2ef8dd23240672c1fa891a020616.jpg,https://media.rawg.io/media/screenshots/800/8005f0a7c33e820a5bf7d3b60a7ef53a.jpg,,0.0,0,"[{'id': 1, 'title': 'skip', 'count': 2, 'percent': 100.0}]",14,0,4,0,1,0,0,,,,,0,0,0,0,2,54,[],,0,0,0,,2,0f0f0f,0f0f0f,"[{'platform': {'id': 7, 'name': 'Nintendo', 'slug': 'nintendo'}}]","[{'platform': {'id': 10, 'name': 'Wii U', 'slug': 'wii-u', 'image': None, 'year_end': None, 'year_start': None, 'games_count': 1114, 'image_background': 'https://media.rawg.io/media/games/85c/85c8ae70e7cdf0105f06ef6bdce63b8b.jpg'}, 'released_at': '1986-07-21', 'requirements': {}}, {'platform': {'id': 49, 'name': 'NES', 'slug': 'nes', 'image': None, 'year_end': None, 'year_start': None, 'games_count': 1015, 'image_background': 'https://media.rawg.io/media/games/7c5/7c50dd0415eb0a57505c58d4e50e4d24.jpg'}, 'released_at': '1986-07-21', 'requirements': {}}, {'platform': {'id': 11, 'name': 'Wii', 'slug': 'wii', 'image': None, 'year_end': None, 'year_start': None, 'games_count': 2209, 'image_background': 'https://media.rawg.io/media/games/9ca/9ca31615beee447f3ae1dc9b3b736dce.jpg'}, 'released_at': '1986-07-21', 'requirements': {}}]",[],"[{'id': 16257, 'name': 'Nintendo', 'slug': 'nintendo', 'games_count': 426, 'image_background': 'https://media.rawg.io/media/games/d9c/d9c8b7edc78391619566adfeb52b5a9a.jpg'}, {'id': 26359, 'name': 'Pax Softnica', 'slug': 'pax-softnica', 'games_count': 10, 'image_background': 'https://media.rawg.io/media/screenshots/a74/a741f57f4e133b57320686eb0dc06e40.jpg'}]","[{'id': 15, 'name': 'Sports', 'slug': 'sports', 'games_count': 22123, 'image_background': 'https://media.rawg.io/media/games/5eb/5eb49eb2fa0738fdb5bacea557b1bc57.jpg'}]","[{'id': 31, 'name': 'Singleplayer', 'slug': 'singleplayer', 'language': 'eng', 'games_count': 238404, 'image_background': 'https://media.rawg.io/media/games/26d/26d4437715bee60138dab4a7c8c59c92.jpg'}, {'id': 7, 'name': 'Multiplayer', 'slug': 'multiplayer', 'language': 'eng', 'games_count': 40505, 'image_background': 'https://media.rawg.io/media/games/021/021c4e21a1824d2526f925eff6324653.jpg'}]","[{'id': 10681, 'name': 'Nintendo', 'slug': 'nintendo', 'games_count': 1235, 'image_background': 'https://media.rawg.io/media/games/dd1/dd167cf8753db3748a975d61cc926e54.jpg'}]",,"Volleyball (Japanese: バレーボール) is a volleyball video game developed by Nintendo and Pax Softnica and released for the Family Computer Disk System and Nintendo Entertainment System. Originally released in 1986, it was re-released for the Wii Virtual Console in Europe on August 10, 2007 and in North America on August 21, 2007. It is part of the NES Sports Series.",,1.0,7,2.0,2.0,2.0,,,,,,,,,,,,,,,,0.0,,
56525,the-great-escape-1986,The Great Escape (1986),The Great Escape (1986),"<p>The Great Escape is a video game which shares a title and similar plot to the movie The Great Escape. It was programmed by Denton Designs, who went on to produce the similarly acclaimed Where Time Stood Still. It was published by Ocean in 1986 for the ZX Spectrum, Commodore 64, Amstrad CPC and DOS.</p>",,[],1986-01-01,False,2023-02-08T10:51:05,https://media.rawg.io/media/screenshots/cb0/cb066ea7308b9bead4a519b377896864.jpg,https://media.rawg.io/media/screenshots/ef1/ef15ab585a98dd336a43568d012fd9b0.jpg,,0.0,0,[],14,0,9,0,0,0,0,,,,,0,0,0,0,0,301,[],,0,0,0,,0,0f0f0f,0f0f0f,"[{'platform': {'id': 1, 'name': 'PC', 'slug': 'pc'}}, {'platform': {'id': 10, 'name': 'Commodore / Amiga', 'slug': 'commodore-amiga'}}]","[{'platform': {'id': 166, 'name': 'Commodore / Amiga', 'slug': 'commodore-amiga', 'image': None, 'year_end': None, 'year_start': None, 'games_count': 2083, 'image_background': 'https://media.rawg.io/media/games/cce/cce8bebe861f295003f5a9fe5b11233f.jpg'}, 'released_at': '1986-01-01', 'requirements': {}}, {'platform': {'id': 4, 'name': 'PC', 'slug': 'pc', 'image': None, 'year_end': None, 'year_start': None, 'games_count': 547196, 'image_background': 'https://media.rawg.io/media/games/6fc/6fcf4cd3b17c288821388e6085bb0fc9.jpg'}, 'released_at': '1986-01-01', 'requirements': {}}]",[],"[{'id': 14738, 'name': 'Denton Designs', 'slug': 'denton-designs', 'games_count': 9, 'image_background': 'https://media.rawg.io/media/screenshots/07a/07a025fe6e7d16c0a049ee63ee1293ac.jpg'}]",[],"[{'id': 31, 'name': 'Singleplayer', 'slug': 'singleplayer', 'language': 'eng', 'games_count': 238404, 'image_background': 'https://media.rawg.io/media/games/26d/26d4437715bee60138dab4a7c8c59c92.jpg'}]","[{'id': 11474, 'name': 'Ocean Software', 'slug': 'ocean-software', 'games_count': 106, 'image_background': 'https://media.rawg.io/media/screenshots/11b/11b13a543a0ff469af2584b8831cc43b.jpg'}]",,"The Great Escape is a video game which shares a title and similar plot to the movie The Great Escape. It was programmed by Denton Designs, who went on to produce the similarly acclaimed Where Time Stood Still. It was published by Ocean in 1986 for the ZX Spectrum, Commodore 64, Amstrad CPC and DOS.",,1.0,6,3.0,3.0,1.0,,,,,,,,,,,,,,,,0.0,,
33039,beyond-the-titanic,Beyond the Titanic,Beyond the Titanic,"<p>Beyond the Titanic is an adventure game developed by Scott Miller. It came out on 01-01-1986. It was published by Apogee Software. The game is rated as ""Recommended"" on RAWG. <br>Beyond the Titanic is available on PC. </p>

<p></p>",,[],1986-01-01,False,2023-02-08T10:51:19,https://media.rawg.io/media/screenshots/049/049ba8f3d0bd6bbc13d8d85bd8098f00.jpg,https://media.rawg.io/media/screenshots/3b5/3b540f16f0c49cef82b04c492302cf71.jpg,,0.0,0,"[{'id': 4, 'title': 'recommended', 'count': 1, 'percent': 100.0}]",14,0,2,0,4,0,0,,,,,0,0,0,0,1,34,[],,0,0,0,,1,0f0f0f,0f0f0f,"[{'platform': {'id': 1, 'name': 'PC', 'slug': 'pc'}}]","[{'platform': {'id': 4, 'name': 'PC', 'slug': 'pc', 'image': None, 'year_end': None, 'year_start': None, 'games_count': 547196, 'image_background': 'https://media.rawg.io/media/games/6fc/6fcf4cd3b17c288821388e6085bb0fc9.jpg'}, 'released_at': '1986-01-01', 'requirements': {}}]",[],"[{'id': 16015, 'name': 'Scott Miller', 'slug': 'scott-miller', 'games_count': 4, 'image_background': 'https://media.rawg.io/media/screenshots/049/049ba8f3d0bd6bbc13d8d85bd8098f00.jpg'}]","[{'id': 3, 'name': 'Adventure', 'slug': 'adventure', 'games_count': 146481, 'image_background': 'https://media.rawg.io/media/games/b6b/b6b20bfc4b34e312dbc8aac53c95a348.jpg'}]",[],"[{'id': 5858, 'name': 'Apogee Software', 'slug': 'apogee-software', 'games_count': 48, 'image_background': 'https://media.rawg.io/media/screenshots/044/0442261508896e75f36210320defd486.jpg'}]",,,,1.0,7,3.0,2.0,1.0,,,,,,,,,,,,,,,,0.0,,
29558,mindshadow,Mindshadow,Mindshadow,"<p>Mindshadow is an adventure game developed by Interplay Entertainment. It came out on 01-01-1986. Activision Blizzard published the game. The game is rated as ""Recommended"" on RAWG. <br>Mindshadow is available on PC. </p>

<p></p>",,[],1986-01-01,False,2023-02-08T10:51:13,https://media.rawg.io/media/screenshots/c6a/c6a263f9c3f4cb75aec22e0dbf7807d6.jpg,https://media.rawg.io/media/screenshots/cbe/cbe11dd9e1b49ada49c188f95f84acb5.jpg,,0.0,0,"[{'id': 4, 'title': 'recommended', 'count': 1, 'percent': 100.0}]",14,0,4,0,0,0,0,,,,,0,0,0,0,1,143,[],,0,0,0,,1,0f0f0f,0f0f0f,"[{'platform': {'id': 1, 'name': 'PC', 'slug': 'pc'}}]","[{'platform': {'id': 4, 'name': 'PC', 'slug': 'pc', 'image': None, 'year_end': None, 'year_start': None, 'games_count': 547196, 'image_background': 'https://media.rawg.io/media/games/6fc/6fcf4cd3b17c288821388e6085bb0fc9.jpg'}, 'released_at': '1986-01-01', 'requirements': {}}]",[],"[{'id': 12539, 'name': 'Interplay Entertainment', 'slug': 'interplay-entertainment', 'games_count': 61, 'image_background': 'https://media.rawg.io/media/screenshots/5ad/5adb88d1c6b9fc4fde1f372c9b6e451b.jpg'}]","[{'id': 3, 'name': 'Adventure', 'slug': 'adventure', 'games_count': 146481, 'image_background': 'https://media.rawg.io/media/games/b6b/b6b20bfc4b34e312dbc8aac53c95a348.jpg'}]",[],"[{'id': 10830, 'name': 'Activision Blizzard', 'slug': 'activision-blizzard', 'games_count': 691, 'image_background': 'https://media.rawg.io/media/games/445/44507fdd60a8ec02b1c3c64a293ca754.jpg'}]",,,,1.0,5,3.0,4.0,1.0,,,,,,,,,,,,,,,,0.0,,
55110,the-sentinel,The Sentinel,The Sentinel,"<p>The Sentinel, released in the United States as The Sentry, is a puzzle video game created by Geoff Crammond, published by Firebird in 1986 for the BBC Micro and converted to the C64 (by Crammond himself), Amstrad CPC (with a cross-compiler written by Crammond), ZX Spectrum (by Mike Follin), Atari ST, Amiga (both by Steve Bak) and PC (by Mark Roll). It was among the first games to feature solid-filled 3D computer graphics on home computers. While it ran acceptably fast on 16-bit computers, it was slow on 8-bit machines such as the C64, where the next view took up to three seconds to be precomputed. Despite this, the game retained a dedicated base of fans, some of whom were able to modify their computers to enjoy it better (for example, by using a CMD SuperCPU in a standard 1-MHz 6502 Commodore 64 to achieve CPU clock speeds of 20 MHz). It won numerous awards upon release and has since appeared on several ""best video games of all time"" lists.</p>
<p>The game can be best described as an ""energy management"" game. It has a first person point of view and features ten thousand playfields. Its uniqueness caused it to be labelled ""the first virtual reality game"".</p>
<p>The PC port supported VGA graphics, with an additional lighting effect: objects and terrain features become darker the farther away they are from the point of view. The Amiga port features a sampled soundtrack by David Whittaker.</p>
<p>A preview of a nonexistent sequel called Monolith appeared in 1995 in the Italian video game magazine The Games Machine as an April Fool's Day prank. In 1998, the real sequel called Sentinel Returns was released for the PC and PlayStation; a freeware unofficial Sentinel clone called Sentry was also made available for PC the same year. In 2006, two more unofficial clones (Zenith and Sentinel) were released.</p>",,[],1986-01-01,False,2024-12-17T04:01:29,https://media.rawg.io/media/screenshots/1d1/1d1054d5402efd4597e6781a33805ad4.jpg,https://media.rawg.io/media/screenshots/f82/f820705f40aab4aac759cafe2fb03584.jpg,,0.0,0,"[{'id': 5, 'title': 'exceptional', 'count': 2, 'percent': 100.0}]",14,0,14,0,0,0,0,,,,,0,0,0,0,2,245,[],,0,0,0,,2,0f0f0f,0f0f0f,"[{'platform': {'id': 1, 'name': 'PC', 'slug': 'pc'}}, {'platform': {'id': 9, 'name': 'Atari', 'slug': 'atari'}}, {'platform': {'id': 10, 'name': 'Commodore / Amiga', 'slug': 'commodore-amiga'}}]","[{'platform': {'id': 34, 'name': 'Atari ST', 'slug': 'atari-st', 'image': None, 'year_end': None, 'year_start': None, 'games_count': 836, 'image_background': 'https://media.rawg.io/media/games/637/637d7dc2f44d0f6ddd3ee2c0b1366962.jpg'}, 'released_at': '1986-01-01', 'requirements': {}}, {'platform': {'id': 166, 'name': 'Commodore / Amiga', 'slug': 'commodore-amiga', 'image': None, 'year_end': None, 'year_start': None, 'games_count': 2083, 'image_background': 'https://media.rawg.io/media/games/cce/cce8bebe861f295003f5a9fe5b11233f.jpg'}, 'released_at': '1986-01-01', 'requirements': {}}, {'platform': {'id': 4, 'name': 'PC', 'slug': 'pc', 'image': None, 'year_end': None, 'year_start': None, 'games_count': 547196, 'image_background': 'https://media.rawg.io/media/games/6fc/6fcf4cd3b17c288821388e6085bb0fc9.jpg'}, 'released_at': '1986-01-01', 'requirements': {}}]",[],"[{'id': 14874, 'name': 'Geoff Crammond', 'slug': 'geoff-crammond', 'games_count': 6, 'image_background': 'https://media.rawg.io/media/screenshots/5cb/5cb3ea73a40815e5fc1f98438b56dcbd.jpg'}]","[{'id': 7, 'name': 'Puzzle', 'slug': 'puzzle', 'games_count': 97333, 'image_background': 'https://media.rawg.io/media/games/9f4/9f418898f5415668ca47b5f4ab1ecfeb.jpg'}]","[{'id': 31, 'name': 'Singleplayer', 'slug': 'singleplayer', 'language': 'eng', 'games_count': 238404, 'image_background': 'https://media.rawg.io/media/games/26d/26d4437715bee60138dab4a7c8c59c92.jpg'}]","[{'id': 20199, 'name': 'Telecomsoft', 'slug': 'telecomsoft', 'games_count': 28, 'image_background': 'https://media.rawg.io/media/screenshots/b56/b569505ea715521ab76621752fa0c6a4.jpg'}, {'id': 19518, 'name': 'Firebird', 'slug': 'firebird', 'games_count': 13, 'image_background': 'https://media.rawg.io/media/screenshots/a38/a38a2d68cc586603b9162f5e25b14245.jpg'}]",,"The Sentinel, released in the United States as The Sentry, is a puzzle video game created by Geoff Crammond, published by Firebird in 1986 for the BBC Micro and converted to the C64 (by Crammond himself), Amstrad CPC (with a cross-compiler written by Crammond), ZX Spectrum (by Mike Follin), Atari ST, Amiga (both by Steve Bak) and PC (by Mark Roll). It was among the first games to feature solid-filled 3D computer graphics on home computers. While it ran acceptably fast on 16-bit computers, it was slow on 8-bit machines such as the C64, where the next view took up to three seconds to be precomputed. Despite this, the game retained a dedicated base of fans, some of whom were able to modify their computers to enjoy it better (for example, by using a CMD SuperCPU in a standard 1-MHz 6502 Commodore 64 to achieve CPU clock speeds of 20 MHz). It won numerous awards upon release and has since appeared on several ""best video games of all time"" lists.
The game can be best described as an ""energy management"" game. It has a first person point of view and features ten thousand playfields. Its uniqueness caused it to be labelled ""the first virtual reality game"".
The PC port supported VGA graphics, with an additional lighting effect: objects and terrain features become darker the farther away they are from the point of view. The Amiga port features a sampled soundtrack by David Whittaker.
A preview of a nonexistent sequel called Monolith appeared in 1995 in the Italian video game magazine The Games Machine as an April Fool's Day prank. In 1998, the real sequel called Sentinel Returns was released for the PC and PlayStation; a freeware unofficial Sentinel clone called Sentry was also made available for PC the same year. In 2006, two more unofficial clones (Zenith and Sentinel) were released.",,1.0,6,2.0,3.0,2.0,,,,,,,,,,,,,,,,0.0,,
30939,ace-of-aces,Ace of Aces,Ace of Aces,"<p>Ace of Aces is a simulation game developed by Artech Digital Entertainment and Artech Digital Productions. It came out on 01-01-1986. Tiertex published the game. The game is rated as ""Recommended"" on RAWG. <br>Ace of Aces is available on Atari 8-bit, SEGA Master System, Atari 7800 and Atari XEGS. </p>

<p></p>",,[],1986-01-01,False,2023-02-08T10:51:21,https://media.rawg.io/media/screenshots/e0d/e0d999de997aa8e53354000f90129780.jpg,https://media.rawg.io/media/screenshots/bcf/bcfc3c8851175c6995fd97ef1aa94e86.jpg,,0.0,0,"[{'id': 4, 'title': 'recommended', 'count': 1, 'percent': 100.0}]",14,0,8,0,0,0,0,,,,,0,0,0,0,1,214,[],,0,0,0,,1,0f0f0f,0f0f0f,"[{'platform': {'id': 1, 'name': 'PC', 'slug': 'pc'}}, {'platform': {'id': 9, 'name': 'Atari', 'slug': 'atari'}}, {'platform': {'id': 10, 'name': 'Commodore / Amiga', 'slug': 'commodore-amiga'}}, {'platform': {'id': 11, 'name': 'SEGA', 'slug': 'sega'}}]","[{'platform': {'id': 25, 'name': 'Atari 8-bit', 'slug': 'atari-8-bit', 'image': None, 'year_end': None, 'year_start': None, 'games_count': 308, 'image_background': 'https://media.rawg.io/media/screenshots/038/0385a47d3a43b218204268af5361a19e.jpg'}, 'released_at': '1986-01-01', 'requirements': {}}, {'platform': {'id': 74, 'name': 'SEGA Master System', 'slug': 'sega-master-system', 'image': None, 'year_end': None, 'year_start': None, 'games_count': 234, 'image_background': 'https://media.rawg.io/media/screenshots/a7f/a7f3cb62af2ee95d92065da88583338b.jpg'}, 'released_at': '1986-01-01', 'requirements': {}}, {'platform': {'id': 28, 'name': 'Atari 7800', 'slug': 'atari-7800', 'image': None, 'year_end': None, 'year_start': None, 'games_count': 64, 'image_background': 'https://media.rawg.io/media/screenshots/565/56504b28b184dbc630a7de118e39d822.jpg'}, 'released_at': '1986-01-01', 'requirements': {}}, {'platform': {'id': 50, 'name': 'Atari XEGS', 'slug': 'atari-xegs', 'image': None, 'year_end': None, 'year_start': None, 'games_count': 22, 'image_background': 'https://media.rawg.io/media/screenshots/769/7691726d70c23c029903df08858df001.jpg'}, 'released_at': '1986-01-01', 'requirements': {}}, {'platform': {'id': 166, 'name': 'Commodore / Amiga', 'slug': 'commodore-amiga', 'image': None, 'year_end': None, 'year_start': None, 'games_count': 2083, 'image_background': 'https://media.rawg.io/media/games/cce/cce8bebe861f295003f5a9fe5b11233f.jpg'}, 'released_at': '1986-01-01', 'requirements': {}}, {'platform': {'id': 4, 'name': 'PC', 'slug': 'pc', 'image': None, 'year_end': None, 'year_start': None, 'games_count': 547196, 'image_background': 'https://media.rawg.io/media/games/6fc/6fcf4cd3b17c288821388e6085bb0fc9.jpg'}, 'released_at': '1987-01-01', 'requirements': {}}]",[],"[{'id': 26807, 'name': 'Artech Digital Entertainment', 'slug': 'artech-digital-entertainment', 'games_count': 11, 'image_background': 'https://media.rawg.io/media/screenshots/4a2/4a26bf9aead1da70c1fc0220686f44ff.jpg'}, {'id': 15241, 'name': 'Artech Digital Productions', 'slug': 'artech-digital-productions', 'games_count': 1, 'image_background': 'https://media.rawg.io/media/screenshots/e0d/e0d999de997aa8e53354000f90129780.jpg'}]","[{'id': 14, 'name': 'Simulation', 'slug': 'simulation', 'games_count': 73491, 'image_background': 'https://media.rawg.io/media/games/48c/48cb04ca483be865e3a83119c94e6097.jpg'}]","[{'id': 31, 'name': 'Singleplayer', 'slug': 'singleplayer', 'language': 'eng', 'games_count': 238404, 'image_background': 'https://media.rawg.io/media/games/26d/26d4437715bee60138dab4a7c8c59c92.jpg'}]","[{'id': 11527, 'name': 'U.S. Gold', 'slug': 'us-gold-2', 'games_count': 95, 'image_background': 'https://media.rawg.io/media/games/eaa/eaa94a1203b9b8fdf5b01575c9e91591.jpg'}, {'id': 11540, 'name': 'Accolade', 'slug': 'accolade', 'games_count': 86, 'image_background': 'https://media.rawg.io/media/screenshots/d86/d86266847b2b502a7c22d3c67307626d.jpg'}, {'id': 20102, 'name': 'Tiertex', 'slug': 'tiertex', 'games_count': 1, 'image_background': 'https://media.rawg.io/media/screenshots/e0d/e0d999de997aa8e53354000f90129780.jpg'}]",,,,1.0,8,2.0,2.0,1.0,,,,,,,,,,,,,,,,0.0,,
53911,legendary-wings,Legendary Wings,Legendary Wings,"<p>Legendary Wings (アレスの翼, Aresu no Tsubasa, ""The Wings of Ares"") is a fantasy-themed shoot-'em-up game released by Capcom as a coin-operated video game in 1986. The player takes control of a young soldier equipped with magical wings who must save the world from a malfunctioning supercomputer. A home version for the Nintendo Entertainment System was released exclusively in North America in 1988. The original coin-op version is included in Capcom Classics Collection for PlayStation 2 and Xbox and in Capcom Classics Collection Remixed for PlayStation Portable.</p>",,[],1986-12-01,False,2023-10-25T23:02:44,https://media.rawg.io/media/screenshots/279/27905bab666975faf0d740735f194671.jpg,https://media.rawg.io/media/screenshots/e90/e90f874ccaf732f6efdbdfcdd7429abb.jpg,,3.57,4,"[{'id': 4, 'title': 'recommended', 'count': 4, 'percent': 57.14}, {'id': 3, 'title': 'meh', 'count': 3, 'percent': 42.86}]",14,0,8,0,6,0,0,,,,,0,0,0,0,7,291,[],,0,0,0,,7,0f0f0f,0f0f0f,"[{'platform': {'id': 2, 'name': 'PlayStation', 'slug': 'playstation'}}, {'platform': {'id': 3, 'name': 'Xbox', 'slug': 'xbox'}}, {'platform': {'id': 7, 'name': 'Nintendo', 'slug': 'nintendo'}}]","[{'platform': {'id': 14, 'name': 'Xbox 360', 'slug': 'xbox360', 'image': None, 'year_end': None, 'year_start': None, 'games_count': 2805, 'image_background': 'https://media.rawg.io/media/games/4a0/4a0a1316102366260e6f38fd2a9cfdce.jpg'}, 'released_at': '1986-12-01', 'requirements': {}}, {'platform': {'id': 49, 'name': 'NES', 'slug': 'nes', 'image': None, 'year_end': None, 'year_start': None, 'games_count': 1015, 'image_background': 'https://media.rawg.io/media/games/7c5/7c50dd0415eb0a57505c58d4e50e4d24.jpg'}, 'released_at': '1986-12-01', 'requirements': {}}, {'platform': {'id': 16, 'name': 'PlayStation 3', 'slug': 'playstation3', 'image': None, 'year_end': None, 'year_start': None, 'games_count': 3167, 'image_background': 'https://media.rawg.io/media/games/736/73619bd336c894d6941d926bfd563946.jpg'}, 'released_at': '1986-12-01', 'requirements': {}}]",[],"[{'id': 3678, 'name': 'Capcom', 'slug': 'capcom', 'games_count': 466, 'image_background': 'https://media.rawg.io/media/games/cee/cee577e2097a59b77193fe2bce94667d.jpg'}]",[],"[{'id': 31, 'name': 'Singleplayer', 'slug': 'singleplayer', 'language': 'eng', 'games_count': 238404, 'image_background': 'https://media.rawg.io/media/games/26d/26d4437715bee60138dab4a7c8c59c92.jpg'}, {'id': 7, 'name': 'Multiplayer', 'slug': 'multiplayer', 'language': 'eng', 'games_count': 40505, 'image_background': 'https://media.rawg.io/media/games/021/021c4e21a1824d2526f925eff6324653.jpg'}, {'id': 411, 'name': 'cooperative', 'slug': 'cooperative', 'language': 'eng', 'games_count': 5855, 'image_background': 'https://media.rawg.io/media/games/1bd/1bd2657b81eb0c99338120ad444b24ff.jpg'}, {'id': 418, 'name': '2 players', 'slug': '2-players', 'language': 'eng', 'games_count': 1244, 'image_background': 'https://media.rawg.io/media/screenshots/f9a/f9ac59bb4af2ca2193ee9ffb979577cf.jpg'}, {'id': 350, 'name': 'simultaneous', 'slug': 'simultaneous', 'language': 'eng', 'games_count': 19, 'image_background': 'https://media.rawg.io/media/screenshots/411/411de125e61fe0c5220324ad96130909.jpg'}]","[{'id': 2150, 'name': 'Capcom', 'slug': 'capcom', 'games_count': 623, 'image_background': 'https://media.rawg.io/media/games/21c/21cc15d233117c6809ec86870559e105.jpg'}]",,"Legendary Wings (アレスの翼, Aresu no Tsubasa, ""The Wings of Ares"") is a fantasy-themed shoot-'em-up game released by Capcom as a coin-operated video game in 1986. The player takes control of a young soldier equipped with magical wings who must save the world from a malfunctioning supercomputer. A home version for the Nintendo Entertainment System was released exclusively in North America in 1988. The original coin-op version is included in Capcom Classics Collection for PlayStation 2 and Xbox and in Capcom Classics Collection Remixed for PlayStation Portable.",,1.0,5,3.0,2.0,3.0,,,,,,,,,,,,,,,,,,
53200,the-mysterious-murasame-castle-1986,The Mysterious Murasame Castle (1986),The Mysterious Murasame Castle (1986),"<p>The Mysterious Murasame Castle (謎の村雨城, Nazo no Murasame Jō) is an action-adventure video game developed and published by Nintendo for the Family Computer Disk System (FDS), which released in April 1986. The game was one of the early games released for the system, and the second original title after The Legend of Zelda.</p>
<p>The game was only available in Japan in its initial release. The game was released outside Japan for the first time on the Nintendo 3DS Virtual Console in Europe and Australia in May 2014 and in North America in August 2014.</p>",,[],1986-04-14,False,2019-08-28T22:02:14,https://media.rawg.io/media/screenshots/2d5/2d549fe145c464033b7cf000075b9181.jpg,https://media.rawg.io/media/screenshots/43a/43a3e27a3c995e0ced327bde522ed1e7.jpg,,0.0,0,"[{'id': 4, 'title': 'recommended', 'count': 2, 'percent': 100.0}]",14,0,5,0,4,0,0,,,,,0,0,0,0,2,84,[],,0,0,0,,2,0f0f0f,0f0f0f,"[{'platform': {'id': 7, 'name': 'Nintendo', 'slug': 'nintendo'}}]","[{'platform': {'id': 24, 'name': 'Game Boy Advance', 'slug': 'game-boy-advance', 'image': None, 'year_end': None, 'year_start': None, 'games_count': 950, 'image_background': 'https://media.rawg.io/media/games/98c/98c87b286cd2a2ba942167df384a9bd3.jpg'}, 'released_at': '1986-04-14', 'requirements': {}}, {'platform': {'id': 11, 'name': 'Wii', 'slug': 'wii', 'image': None, 'year_end': None, 'year_start': None, 'games_count': 2209, 'image_background': 'https://media.rawg.io/media/games/9ca/9ca31615beee447f3ae1dc9b3b736dce.jpg'}, 'released_at': '1986-04-14', 'requirements': {}}, {'platform': {'id': 10, 'name': 'Wii U', 'slug': 'wii-u', 'image': None, 'year_end': None, 'year_start': None, 'games_count': 1114, 'image_background': 'https://media.rawg.io/media/games/85c/85c8ae70e7cdf0105f06ef6bdce63b8b.jpg'}, 'released_at': '1986-04-14', 'requirements': {}}, {'platform': {'id': 49, 'name': 'NES', 'slug': 'nes', 'image': None, 'year_end': None, 'year_start': None, 'games_count': 1015, 'image_background': 'https://media.rawg.io/media/games/7c5/7c50dd0415eb0a57505c58d4e50e4d24.jpg'}, 'released_at': '1986-04-14', 'requirements': {}}, {'platform': {'id': 8, 'name': 'Nintendo 3DS', 'slug': 'nintendo-3ds', 'image': None, 'year_end': None, 'year_start': None, 'games_count': 1682, 'image_background': 'https://media.rawg.io/media/screenshots/42d/42d770eb49f2ba01cd4045e0d92af7a9.jpg'}, 'released_at': '1986-04-14', 'requirements': {}}]",[],"[{'id': 16257, 'name': 'Nintendo', 'slug': 'nintendo', 'games_count': 426, 'image_background': 'https://media.rawg.io/media/games/d9c/d9c8b7edc78391619566adfeb52b5a9a.jpg'}]",[],"[{'id': 31, 'name': 'Singleplayer', 'slug': 'singleplayer', 'language': 'eng', 'games_count': 238404, 'image_background': 'https://media.rawg.io/media/games/26d/26d4437715bee60138dab4a7c8c59c92.jpg'}]","[{'id': 10681, 'name': 'Nintendo', 'slug': 'nintendo', 'games_count': 1235, 'image_background': 'https://media.rawg.io/media/games/dd1/dd167cf8753db3748a975d61cc926e54.jpg'}]",,"The Mysterious Murasame Castle (謎の村雨城, Nazo no Murasame Jō) is an action-adventure video game developed and published by Nintendo for the Family Computer Disk System (FDS), which released in April 1986. The game was one of the early games released for the system, and the second original title after The Legend of Zelda.
The game was only available in Japan in its initial release. The game was released outside Japan for the first time on the Nintendo 3DS Virtual Console in Europe and Australia in May 2014 and in North America in August 2014.",,1.0,5,4.0,3.0,1.0,,,,,,,,,,,,,,,,0.0,,
53906,uridium,Uridium,Uridium,"<p>Uridium is a science fiction side-scrolling shoot 'em up originally designed by Andrew Braybrook for the Commodore 64, and later ported to other 8-bit machines. It consists of fifteen levels, each named after a metal element, with the last level being called Uridium (a fictional metallic element, not to be confused with the real metallic element iridium). The manual quotes Robert Orchard, who invented the name as saying ""I really thought it existed."" </p>
<p>Uridium was later released for the Nintendo Entertainment System in 1990. Mindscape purchased a license to release a game based on the film The Last Starfighter. Rather than program a new game, however, Mindscape decided to take an easier route by recycling an older, relatively obscure game. The title screen, sprites, and soundtrack were modified, but the levels and gameplay were identical. In 2003, it was re-released on the C64 Direct-to-TV.</p>
<p>In 2008, the C64 version was announced as a title on the Wii Virtual Console. On 28 March 2008, Uridium was released for the Virtual Console in Europe, costing 500 Wii Points.</p>",,[],1986-01-01,False,2023-02-08T10:51:04,https://media.rawg.io/media/screenshots/c4c/c4c819ce766472cd2c2745d497e5d6c1.jpg,https://media.rawg.io/media/screenshots/ba7/ba7dbc803067b842bd06908add3281d3.jpg,,0.0,0,"[{'id': 4, 'title': 'recommended', 'count': 1, 'percent': 50.0}, {'id': 1, 'title': 'skip', 'count': 1, 'percent': 50.0}]",14,0,10,0,3,0,0,,,,,0,0,0,0,2,205,[],,0,0,0,,2,0f0f0f,0f0f0f,"[{'platform': {'id': 1, 'name': 'PC', 'slug': 'pc'}}, {'platform': {'id': 4, 'name': 'iOS', 'slug': 'ios'}}, {'platform': {'id': 7, 'name': 'Nintendo', 'slug': 'nintendo'}}, {'platform': {'id': 9, 'name': 'Atari', 'slug': 'atari'}}, {'platform': {'id': 10, 'name': 'Commodore / Amiga', 'slug': 'commodore-amiga'}}]","[{'platform': {'id': 166, 'name': 'Commodore / Amiga', 'slug': 'commodore-amiga', 'image': None, 'year_end': None, 'year_start': None, 'games_count': 2083, 'image_background': 'https://media.rawg.io/media/games/cce/cce8bebe861f295003f5a9fe5b11233f.jpg'}, 'released_at': '1986-01-01', 'requirements': {}}, {'platform': {'id': 3, 'name': 'iOS', 'slug': 'ios', 'image': None, 'year_end': None, 'year_start': None, 'games_count': 77392, 'image_background': 'https://media.rawg.io/media/games/5fa/5fae5fec3c943179e09da67a4427d68f.jpg'}, 'released_at': '1986-01-01', 'requirements': {}}, {'platform': {'id': 34, 'name': 'Atari ST', 'slug': 'atari-st', 'image': None, 'year_end': None, 'year_start': None, 'games_count': 836, 'image_background': 'https://media.rawg.io/media/games/637/637d7dc2f44d0f6ddd3ee2c0b1366962.jpg'}, 'released_at': '1986-01-01', 'requirements': {}}, {'platform': {'id': 11, 'name': 'Wii', 'slug': 'wii', 'image': None, 'year_end': None, 'year_start': None, 'games_count': 2209, 'image_background': 'https://media.rawg.io/media/games/9ca/9ca31615beee447f3ae1dc9b3b736dce.jpg'}, 'released_at': '1986-01-01', 'requirements': {}}, {'platform': {'id': 49, 'name': 'NES', 'slug': 'nes', 'image': None, 'year_end': None, 'year_start': None, 'games_count': 1015, 'image_background': 'https://media.rawg.io/media/games/7c5/7c50dd0415eb0a57505c58d4e50e4d24.jpg'}, 'released_at': '1986-01-01', 'requirements': {}}, {'platform': {'id': 4, 'name': 'PC', 'slug': 'pc', 'image': None, 'year_end': None, 'year_start': None, 'games_count': 547196, 'image_background': 'https://media.rawg.io/media/games/6fc/6fcf4cd3b17c288821388e6085bb0fc9.jpg'}, 'released_at': '1986-01-01', 'requirements': {}}]",[],"[{'id': 26611, 'name': 'Andrew Braybrook', 'slug': 'andrew-braybrook', 'games_count': 3, 'image_background': 'https://media.rawg.io/media/screenshots/c4c/c4c819ce766472cd2c2745d497e5d6c1.jpg'}]",[],"[{'id': 31, 'name': 'Singleplayer', 'slug': 'singleplayer', 'language': 'eng', 'games_count': 238404, 'image_background': 'https://media.rawg.io/media/games/26d/26d4437715bee60138dab4a7c8c59c92.jpg'}]","[{'id': 19882, 'name': 'Hewson Consultants', 'slug': 'hewson-consultants', 'games_count': 19, 'image_background': 'https://media.rawg.io/media/screenshots/f8d/f8d83c0295a040005c54656cacd5868c.jpg'}]",,"Uridium is a science fiction side-scrolling shoot 'em up originally designed by Andrew Braybrook for the Commodore 64, and later ported to other 8-bit machines. It consists of fifteen levels, each named after a metal element, with the last level being called Uridium (a fictional metallic element, not to be confused with the real metallic element iridium). The manual quotes Robert Orchard, who invented the name as saying ""I really thought it existed.""
Uridium was later released for the Nintendo Entertainment System in 1990. Mindscape purchased a license to release a game based on the film The Last Starfighter. Rather than program a new game, however, Mindscape decided to take an easier route by recycling an older, relatively obscure game. The title screen, sprites, and soundtrack were modified, but the levels and gameplay were identical. In 2003, it was re-released on the C64 Direct-to-TV.
In 2008, the C64 version was announced as a title on the Wii Virtual Console. On 28 March 2008, Uridium was released for the Virtual Console in Europe, costing 500 Wii Points.",,1.0,7,2.0,2.0,2.0,,,,,,,,,,,,,,,,0.0,,
264694,ganbare-goemon-karakuri-douchuu,Ganbare Goemon! Karakuri Douchuu,Ganbare Goemon! Karakuri Douchuu,"<p>Ganbare Goemon! Karakuri Douchuu (がんばれゴエモン!からくり道中) is a Action-Adventure video game published by Konami released on 1986 for the NES.</p>
<p>On SNES which was released in Japan in 1995.</p>",,[],1986-07-31,False,2023-04-27T08:08:46,https://media.rawg.io/media/screenshots/4a1/4a12a4216e11e4902bb169bfff97312b.jpg,https://media.rawg.io/media/screenshots/6d4/6d4ce9e11a597683715348dc7cf33bca.jpg,,0.0,0,"[{'id': 5, 'title': 'exceptional', 'count': 1, 'percent': 25.0}, {'id': 4, 'title': 'recommended', 'count': 1, 'percent': 25.0}, {'id': 3, 'title': 'meh', 'count': 1, 'percent': 25.0}, {'id': 1, 'title': 'skip', 'count': 1, 'percent': 25.0}]",14,0,9,0,3,0,0,,,,,0,0,0,0,4,327,['Ganbare Goemon: Kirakira Douchuu - Boku ga Dancer ni Natta Riyuu'],,0,0,18,,4,0f0f0f,0f0f0f,"[{'platform': {'id': 7, 'name': 'Nintendo', 'slug': 'nintendo'}}]","[{'platform': {'id': 79, 'name': 'SNES', 'slug': 'snes', 'image': None, 'year_end': None, 'year_start': None, 'games_count': 982, 'image_background': 'https://media.rawg.io/media/games/087/08727beb32c364d30e8b2a1aa8595f8e.jpg'}, 'released_at': '1986-07-31', 'requirements': {}}, {'platform': {'id': 49, 'name': 'NES', 'slug': 'nes', 'image': None, 'year_end': None, 'year_start': None, 'games_count': 1015, 'image_background': 'https://media.rawg.io/media/games/7c5/7c50dd0415eb0a57505c58d4e50e4d24.jpg'}, 'released_at': '1986-07-31', 'requirements': {}}, {'platform': {'id': 24, 'name': 'Game Boy Advance', 'slug': 'game-boy-advance', 'image': None, 'year_end': None, 'year_start': None, 'games_count': 950, 'image_background': 'https://media.rawg.io/media/games/98c/98c87b286cd2a2ba942167df384a9bd3.jpg'}, 'released_at': '1986-07-31', 'requirements': {}}]",[],"[{'id': 1971, 'name': 'Konami Digital Entertainment', 'slug': 'konami-digital-entertainment', 'games_count': 467, 'image_background': 'https://media.rawg.io/media/games/d56/d56412cd670313ef306da64669c381d8.jpg'}]","[{'id': 4, 'name': 'Action', 'slug': 'action', 'games_count': 186608, 'image_background': 'https://media.rawg.io/media/games/618/618c2031a07bbff6b4f611f10b6bcdbc.jpg'}, {'id': 3, 'name': 'Adventure', 'slug': 'adventure', 'games_count': 146481, 'image_background': 'https://media.rawg.io/media/games/b6b/b6b20bfc4b34e312dbc8aac53c95a348.jpg'}]",[],"[{'id': 10691, 'name': 'Konami', 'slug': 'konami', 'games_count': 788, 'image_background': 'https://media.rawg.io/media/games/85e/85e4c8a78cf9b82b5ed19262fe00c00f.jpg'}]",,"Ganbare Goemon! Karakuri Douchuu (がんばれゴエモン!からくり道中) is a Action-Adventure video game published by Konami released on 1986 for the NES.

On SNES which was released in Japan in 1995.",,,5,4.0,4.0,1.0,,1.0,Everyone,everyone,,,,,,,,,,,,0.0,,
54944,action-fighter,Action Fighter,Action Fighter,"<p>Action Fighter is an overhead vehicular combat game released by Sega in 1986.</p>
<p>It mimics the style of other games such as Spy Hunter and Traverse USA. The player begins the game riding a superbike. In subsequent levels a sports car, a jet via added wings, jetski, helicopter and Formula One racing car can all be driven, as seen in the game's title screen. All of the vehicles are fully armed to deal with enemy vehicles and gun emplacements intent on stopping the player's progress. The helicopter levels play as a vertically scrolling shoot 'em up and resembles Xevious.</p>
<p>This game was also ported to the Sega Master System and later to all the most popular home computer platforms.</p>",,[],1986-01-01,False,2023-02-08T10:51:21,https://media.rawg.io/media/screenshots/512/512ec77ff62a030b55d957b5642f00a7.jpg,https://media.rawg.io/media/screenshots/ee2/ee27dc555ebc88e35c28aff8e05bfc7c.jpg,,0.0,0,[],14,0,16,0,2,0,0,,,,,0,0,0,0,0,213,[],,0,0,0,,0,0f0f0f,0f0f0f,"[{'platform': {'id': 1, 'name': 'PC', 'slug': 'pc'}}, {'platform': {'id': 9, 'name': 'Atari', 'slug': 'atari'}}, {'platform': {'id': 10, 'name': 'Commodore / Amiga', 'slug': 'commodore-amiga'}}, {'platform': {'id': 11, 'name': 'SEGA', 'slug': 'sega'}}]","[{'platform': {'id': 74, 'name': 'SEGA Master System', 'slug': 'sega-master-system', 'image': None, 'year_end': None, 'year_start': None, 'games_count': 234, 'image_background': 'https://media.rawg.io/media/screenshots/a7f/a7f3cb62af2ee95d92065da88583338b.jpg'}, 'released_at': '1986-01-01', 'requirements': {}}, {'platform': {'id': 34, 'name': 'Atari ST', 'slug': 'atari-st', 'image': None, 'year_end': None, 'year_start': None, 'games_count': 836, 'image_background': 'https://media.rawg.io/media/games/637/637d7dc2f44d0f6ddd3ee2c0b1366962.jpg'}, 'released_at': '1986-01-01', 'requirements': {}}, {'platform': {'id': 166, 'name': 'Commodore / Amiga', 'slug': 'commodore-amiga', 'image': None, 'year_end': None, 'year_start': None, 'games_count': 2083, 'image_background': 'https://media.rawg.io/media/games/cce/cce8bebe861f295003f5a9fe5b11233f.jpg'}, 'released_at': '1986-01-01', 'requirements': {}}, {'platform': {'id': 4, 'name': 'PC', 'slug': 'pc', 'image': None, 'year_end': None, 'year_start': None, 'games_count': 547196, 'image_background': 'https://media.rawg.io/media/games/6fc/6fcf4cd3b17c288821388e6085bb0fc9.jpg'}, 'released_at': '1986-01-01', 'requirements': {}}]",[],"[{'id': 425, 'name': 'SEGA', 'slug': 'sega', 'games_count': 578, 'image_background': 'https://media.rawg.io/media/screenshots/845/84595759d06a7c5ed2eab76f623454f7.jpeg'}]","[{'id': 2, 'name': 'Shooter', 'slug': 'shooter', 'games_count': 59560, 'image_background': 'https://media.rawg.io/media/games/d58/d588947d4286e7b5e0e12e1bea7d9844.jpg'}, {'id': 1, 'name': 'Racing', 'slug': 'racing', 'games_count': 25359, 'image_background': 'https://media.rawg.io/media/screenshots/69b/69bb243ea9896ddfc2e051b58e81624d.jpg'}]","[{'id': 31, 'name': 'Singleplayer', 'slug': 'singleplayer', 'language': 'eng', 'games_count': 238404, 'image_background': 'https://media.rawg.io/media/games/26d/26d4437715bee60138dab4a7c8c59c92.jpg'}, {'id': 7, 'name': 'Multiplayer', 'slug': 'multiplayer', 'language': 'eng', 'games_count': 40505, 'image_background': 'https://media.rawg.io/media/games/021/021c4e21a1824d2526f925eff6324653.jpg'}]","[{'id': 3408, 'name': 'SEGA', 'slug': 'sega-2', 'games_count': 1262, 'image_background': 'https://media.rawg.io/media/games/be9/be9cf02720c9326e11d0fda14518554f.jpg'}]",,"Action Fighter is an overhead vehicular combat game released by Sega in 1986.
It mimics the style of other games such as Spy Hunter and Traverse USA. The player begins the game riding a superbike. In subsequent levels a sports car, a jet via added wings, jetski, helicopter and Formula One racing car can all be driven, as seen in the game's title screen. All of the vehicles are fully armed to deal with enemy vehicles and gun emplacements intent on stopping the player's progress. The helicopter levels play as a vertically scrolling shoot 'em up and resembles Xevious.
This game was also ported to the Sega Master System and later to all the most popular home computer platforms.",,2.0,7,1.0,2.0,1.0,1.0,,,,,,,,,,,,,,,0.0,,
264704,rings-of-zilfin,Rings of Zilfin,Rings of Zilfin,"<strong>ZILFINS</strong> — Mighty wizards who established in the town of Batiniq an enchanted realm of peace and prosperity. Their crowning achievement was the creation of two rings which, worn together, endowed the wearer with supernatural power.<br/><br/><strong>LORD DRAGOS</strong> — A fiendish necromancer who now holds Batiniq in thrall. Captor of one magic ring, Dragos needs only its mate to attain invincibility.<br/><br/>The sole hope for thwarting this evil is... you.<br/><br/>Possessing innate magical ability, you set forth on a perilous quest to find and reunite the legendary rings and depose the dark overlord.<br/><br/>Your wondrous journey unfolds in The Rings of Zilfin, a fantasy game whose revolutionary for 1980s graphics added an unprecedented realism to the action you direct. The fully animated scrolling screen grants you step-by-step control as you journey through the dangerous expanses of Batiniq. A host of characters, including elves, dragons, kings and sorceresses, might provide helpful clues. But the tyrant's monstrous minions, such as flying skulls, shape-shifters, goblin monks, and death ray demons, threaten constant attack. Destroy them with arrows or swords of the protective properties of special plants.<br/><br/>But your best weapon comes from developing your latent powers until you attain the status of Grand Master Wizard and can weave potent spells.<br/><br/>Time grows short. Hasten to seek the fabled Zilfins and their incomparable Rings of Power. Then wield them well.",,[],1986-01-31,False,2024-12-06T04:35:23,https://media.rawg.io/media/screenshots/163/163a34c98b10935115c1e1a587fcb6ca.jpg,https://media.rawg.io/media/screenshots/81e/81e5309b4cd58ff0eddd939d8c171813.jpg,,0.0,0,"[{'id': 4, 'title': 'recommended', 'count': 1, 'percent': 50.0}, {'id': 1, 'title': 'skip', 'count': 1, 'percent': 50.0}]",14,0,7,0,0,0,0,,,,,0,0,0,0,2,233,[],,0,0,0,,2,0f0f0f,0f0f0f,"[{'platform': {'id': 1, 'name': 'PC', 'slug': 'pc'}}]","[{'platform': {'id': 4, 'name': 'PC', 'slug': 'pc', 'image': None, 'year_end': None, 'year_start': None, 'games_count': 547196, 'image_background': 'https://media.rawg.io/media/games/6fc/6fcf4cd3b17c288821388e6085bb0fc9.jpg'}, 'released_at': '2024-12-05', 'requirements': {'minimum': 'Minimum:\nOS: Windows 10 / 11\nProcessor: 1.8 GHz\nMemory: 512 MB RAM\nGraphics: 3D graphics card compatible with DirectX 9.0\nStorage: 200 MB available space', 'recommended': 'Recommended:\nOS: Windows 10 / 11\nProcessor: 1.8 GHz\nMemory: 512 MB RAM\nGraphics: 3D graphics card compatible with DirectX 9.0\nStorage: 200 MB available space'}}]","[{'id': 995095, 'url': '', 'store': {'id': 1, 'name': 'Steam', 'slug': 'steam', 'domain': 'store.steampowered.com', 'games_count': 110181, 'image_background': 'https://media.rawg.io/media/games/7fa/7fa0b586293c5861ee32490e953a4996.jpg'}}, {'id': 992975, 'url': '', 'store': {'id': 5, 'name': 'GOG', 'slug': 'gog', 'domain': 'gog.com', 'games_count': 6713, 'image_background': 'https://media.rawg.io/media/games/5c0/5c0dd63002cb23f804aab327d40ef119.jpg'}}]","[{'id': 13148, 'name': 'Strategic Simulations', 'slug': 'strategic-simulations', 'games_count': 85, 'image_background': 'https://media.rawg.io/media/screenshots/4ce/4ce8db24d00f54368491e29b090dfba6.jpg'}]","[{'id': 5, 'name': 'RPG', 'slug': 'role-playing-games-rpg', 'games_count': 59370, 'image_background': 'https://media.rawg.io/media/games/f6b/f6bed028b02369d4cab548f4f9337e81.jpg'}]","[{'id': 31, 'name': 'Singleplayer', 'slug': 'singleplayer', 'language': 'eng', 'games_count': 238404, 'image_background': 'https://media.rawg.io/media/games/26d/26d4437715bee60138dab4a7c8c59c92.jpg'}, {'id': 24, 'name': 'RPG', 'slug': 'rpg', 'language': 'eng', 'games_count': 24108, 'image_background': 'https://media.rawg.io/media/games/7cf/7cfc9220b401b7a300e409e539c9afd5.jpg'}, {'id': 45, 'name': '2D', 'slug': '2d', 'language': 'eng', 'games_count': 202072, 'image_background': 'https://media.rawg.io/media/games/8ca/8ca40b562a755d6a0e30d48e6c74b178.jpg'}, {'id': 64, 'name': 'Fantasy', 'slug': 'fantasy', 'language': 'eng', 'games_count': 30627, 'image_background': 'https://media.rawg.io/media/games/6fc/6fcf4cd3b17c288821388e6085bb0fc9.jpg'}, {'id': 6, 'name': 'Exploration', 'slug': 'exploration', 'language': 'eng', 'games_count': 26374, 'image_background': 'https://media.rawg.io/media/games/511/5118aff5091cb3efec399c808f8c598f.jpg'}, {'id': 97, 'name': 'Action RPG', 'slug': 'action-rpg', 'language': 'eng', 'games_count': 7969, 'image_background': 'https://media.rawg.io/media/games/d0f/d0f91fe1d92332147e5db74e207cfc7a.jpg'}, {'id': 74, 'name': 'Retro', 'slug': 'retro', 'language': 'eng', 'games_count': 43195, 'image_background': 'https://media.rawg.io/media/games/e04/e04963f3ac4c4fa83a1dc0b9231e50db.jpg'}, {'id': 468, 'name': 'role-playing', 'slug': 'role-playing', 'language': 'eng', 'games_count': 1621, 'image_background': 'https://media.rawg.io/media/games/14a/14a83c56ff668baaced6e8c8704b6391.jpg'}, {'id': 113, 'name': 'Side Scroller', 'slug': 'side-scroller', 'language': 'eng', 'games_count': 11222, 'image_background': 'https://media.rawg.io/media/games/283/283e7e600366b0da7021883d27159b27.jpg'}, {'id': 224, 'name': '1980s', 'slug': '1980s', 'language': 'eng', 'games_count': 3001, 'image_background': 'https://media.rawg.io/media/games/64a/64a7789943fe9f9d9c93f3a286ee7b20.jpg'}, {'id': 91686, 'name': 'Family Sharing', 'slug': 'family-sharing', 'language': 'eng', 'games_count': 17571, 'image_background': 'https://media.rawg.io/media/screenshots/af2/af2ecc6d854efd19e3591c61136f9a44.jpg'}, {'id': 245, 'name': 'Trading', 'slug': 'trading', 'language': 'eng', 'games_count': 1334, 'image_background': 'https://media.rawg.io/media/screenshots/045/04591a8f99662aa1336d41e6c3c819ad.jpeg'}, {'id': 146, 'name': 'Nonlinear', 'slug': 'nonlinear', 'language': 'eng', 'games_count': 2164, 'image_background': 'https://media.rawg.io/media/games/3d9/3d9a3ea11db2de2c85083e8fd7f3bb15.jpg'}, {'id': 2483, 'name': 'nostalgia', 'slug': 'nostalgia', 'language': 'eng', 'games_count': 269, 'image_background': 'https://media.rawg.io/media/screenshots/525/525b5da62342fa726bfe2820e8f93c09.jpg'}]","[{'id': 45715, 'name': 'SNEG', 'slug': 'sneg', 'games_count': 65, 'image_background': 'https://media.rawg.io/media/screenshots/079/0795c996080b91f0252953effea72ff3.jpg'}]",,"ZILFINS — Mighty wizards who established in the town of Batiniq an enchanted realm of peace and prosperity. Their crowning achievement was the creation of two rings which, worn together, endowed the wearer with supernatural power.
LORD DRAGOS — A fiendish necromancer who now holds Batiniq in thrall. Captor of one magic ring, Dragos needs only its mate to attain invincibility.
The sole hope for thwarting this evil is... you.
Possessing innate magical ability, you set forth on a perilous quest to find and reunite the legendary rings and depose the dark overlord.
Your wondrous journey unfolds in The Rings of Zilfin, a fantasy game whose revolutionary for 1980s graphics added an unprecedented realism to the action you direct. The fully animated scrolling screen grants you step-by-step control as you journey through the dangerous expanses of Batiniq. A host of characters, including elves, dragons, kings and sorceresses, might provide helpful clues. But the tyrant's monstrous minions, such as flying skulls, shape-shifters, goblin monks, and death ray demons, threaten constant attack. Destroy them with arrows or swords of the protective properties of special plants.
But your best weapon comes from developing your latent powers until you attain the status of Grand Master Wizard and can weave potent spells.
Time grows short. Hasten to seek the fabled Zilfins and their incomparable Rings of Power. Then wield them well.",,1.0,7,3.0,2.0,1.0,,,,,,,,,,,,,,,,0.0,,
54942,500cc-grand-prix,500cc Grand Prix,500cc Grand Prix,<p>500cc Grand Prix was one of the first French-made games for the Atari ST. It was developed by Microïds in 1987. The graphics and animation were not well developed in this motorcycle Racing game but on the other hand the fact that the game has a versus mode is well-appreciated.</p>,,[],1986-01-01,False,2023-02-08T10:51:22,https://media.rawg.io/media/screenshots/06d/06dcc272f8da320da0c9b55ebb9edc32.jpg,https://media.rawg.io/media/screenshots/475/475a5a6c17df1d7bbdb8b257be374208.jpg,,0.0,0,[],13,0,10,0,0,0,0,,,,,0,0,0,0,0,273,[],,0,0,0,,0,0f0f0f,0f0f0f,"[{'platform': {'id': 1, 'name': 'PC', 'slug': 'pc'}}, {'platform': {'id': 9, 'name': 'Atari', 'slug': 'atari'}}, {'platform': {'id': 10, 'name': 'Commodore / Amiga', 'slug': 'commodore-amiga'}}]","[{'platform': {'id': 4, 'name': 'PC', 'slug': 'pc', 'image': None, 'year_end': None, 'year_start': None, 'games_count': 547196, 'image_background': 'https://media.rawg.io/media/games/6fc/6fcf4cd3b17c288821388e6085bb0fc9.jpg'}, 'released_at': '1986-01-01', 'requirements': {}}, {'platform': {'id': 34, 'name': 'Atari ST', 'slug': 'atari-st', 'image': None, 'year_end': None, 'year_start': None, 'games_count': 836, 'image_background': 'https://media.rawg.io/media/games/637/637d7dc2f44d0f6ddd3ee2c0b1366962.jpg'}, 'released_at': '1986-01-01', 'requirements': {}}, {'platform': {'id': 166, 'name': 'Commodore / Amiga', 'slug': 'commodore-amiga', 'image': None, 'year_end': None, 'year_start': None, 'games_count': 2083, 'image_background': 'https://media.rawg.io/media/games/cce/cce8bebe861f295003f5a9fe5b11233f.jpg'}, 'released_at': '1986-01-01', 'requirements': {}}]",[],"[{'id': 1784, 'name': 'Microids', 'slug': 'microids', 'games_count': 129, 'image_background': 'https://media.rawg.io/media/screenshots/3a3/3a38d98a736f610afe997d61b2a1a75f.jpg'}]","[{'id': 1, 'name': 'Racing', 'slug': 'racing', 'games_count': 25359, 'image_background': 'https://media.rawg.io/media/screenshots/69b/69bb243ea9896ddfc2e051b58e81624d.jpg'}]","[{'id': 31, 'name': 'Singleplayer', 'slug': 'singleplayer', 'language': 'eng', 'games_count': 238404, 'image_background': 'https://media.rawg.io/media/games/26d/26d4437715bee60138dab4a7c8c59c92.jpg'}, {'id': 7, 'name': 'Multiplayer', 'slug': 'multiplayer', 'language': 'eng', 'games_count': 40505, 'image_background': 'https://media.rawg.io/media/games/021/021c4e21a1824d2526f925eff6324653.jpg'}]","[{'id': 1287, 'name': 'Microids', 'slug': 'microids-2', 'games_count': 202, 'image_background': 'https://media.rawg.io/media/games/3a5/3a5b7004b89e991953649bd08875bcc5.jpg'}]",,500cc Grand Prix was one of the first French-made games for the Atari ST. It was developed by Microïds in 1987. The graphics and animation were not well developed in this motorcycle Racing game but on the other hand the fact that the game has a versus mode is well-appreciated.,,1.0,8,2.0,1.0,1.0,,,,,,,,,,,,,,,,0.0,,
54946,jewels-of-darkness,Jewels of Darkness,Jewels of Darkness,"<p>Jewels of Darkness (formerly the Middle-Earth Trilogy) is a trilogy of text adventure games by Level 9. The individual games were initially released separately in 1983. They featured some themes inspired by the books of J. R. R. Tolkien and so became known as the Middle-Earth Trilogy.</p>
<p>In 1986 the three games were revised, expanded and rereleased together as a compilation. For legal reasons the references to Middle-earth were removed and the trilogy was retitled Jewels of Darkness. The games now featured simple static graphics.</p>",,[],1986-01-01,False,2023-02-08T10:51:15,https://media.rawg.io/media/screenshots/168/168529c5452f8a13955b212f4e67aa08.jpg,https://media.rawg.io/media/screenshots/960/96062676d4449351225fbd11db14046b.jpg,,0.0,0,[],13,0,16,0,2,0,0,,,,,0,0,0,0,0,216,[],,0,0,0,,0,0f0f0f,0f0f0f,"[{'platform': {'id': 1, 'name': 'PC', 'slug': 'pc'}}, {'platform': {'id': 5, 'name': 'Apple Macintosh', 'slug': 'mac'}}, {'platform': {'id': 9, 'name': 'Atari', 'slug': 'atari'}}, {'platform': {'id': 10, 'name': 'Commodore / Amiga', 'slug': 'commodore-amiga'}}]","[{'platform': {'id': 4, 'name': 'PC', 'slug': 'pc', 'image': None, 'year_end': None, 'year_start': None, 'games_count': 547196, 'image_background': 'https://media.rawg.io/media/games/6fc/6fcf4cd3b17c288821388e6085bb0fc9.jpg'}, 'released_at': '1986-01-01', 'requirements': {}}, {'platform': {'id': 25, 'name': 'Atari 8-bit', 'slug': 'atari-8-bit', 'image': None, 'year_end': None, 'year_start': None, 'games_count': 308, 'image_background': 'https://media.rawg.io/media/screenshots/038/0385a47d3a43b218204268af5361a19e.jpg'}, 'released_at': '1986-01-01', 'requirements': {}}, {'platform': {'id': 34, 'name': 'Atari ST', 'slug': 'atari-st', 'image': None, 'year_end': None, 'year_start': None, 'games_count': 836, 'image_background': 'https://media.rawg.io/media/games/637/637d7dc2f44d0f6ddd3ee2c0b1366962.jpg'}, 'released_at': '1986-01-01', 'requirements': {}}, {'platform': {'id': 55, 'name': 'Classic Macintosh', 'slug': 'macintosh', 'image': None, 'year_end': None, 'year_start': None, 'games_count': 675, 'image_background': 'https://media.rawg.io/media/games/38a/38af969459ad6e5de116ec8a4a84218c.jpg'}, 'released_at': '1986-01-01', 'requirements': {}}, {'platform': {'id': 166, 'name': 'Commodore / Amiga', 'slug': 'commodore-amiga', 'image': None, 'year_end': None, 'year_start': None, 'games_count': 2083, 'image_background': 'https://media.rawg.io/media/games/cce/cce8bebe861f295003f5a9fe5b11233f.jpg'}, 'released_at': '1986-01-01', 'requirements': {}}, {'platform': {'id': 41, 'name': 'Apple II', 'slug': 'apple-ii', 'image': None, 'year_end': None, 'year_start': None, 'games_count': 424, 'image_background': 'https://media.rawg.io/media/screenshots/3d2/3d2bb57b39e2efa39d1c385585b2ea8b.jpg'}, 'released_at': '1986-01-01', 'requirements': {}}]",[],"[{'id': 26917, 'name': 'Level 9 Computing', 'slug': 'level-9-computing', 'games_count': 14, 'image_background': 'https://media.rawg.io/media/screenshots/e13/e138543a6b16ec409eb856656de24e67.jpg'}, {'id': 26916, 'name': 'Level 9', 'slug': 'level-9', 'games_count': 6, 'image_background': 'https://media.rawg.io/media/screenshots/e13/e138543a6b16ec409eb856656de24e67.jpg'}]",[],"[{'id': 31, 'name': 'Singleplayer', 'slug': 'singleplayer', 'language': 'eng', 'games_count': 238404, 'image_background': 'https://media.rawg.io/media/games/26d/26d4437715bee60138dab4a7c8c59c92.jpg'}]","[{'id': 20199, 'name': 'Telecomsoft', 'slug': 'telecomsoft', 'games_count': 28, 'image_background': 'https://media.rawg.io/media/screenshots/b56/b569505ea715521ab76621752fa0c6a4.jpg'}, {'id': 11798, 'name': 'Rainbird Software', 'slug': 'rainbird-software', 'games_count': 13, 'image_background': 'https://media.rawg.io/media/screenshots/e7f/e7f1a261d2958b296476f1bd0c9a9453.jpg'}]",,"Jewels of Darkness (formerly the Middle-Earth Trilogy) is a trilogy of text adventure games by Level 9. The individual games were initially released separately in 1983. They featured some themes inspired by the books of J. R. R. Tolkien and so became known as the Middle-Earth Trilogy.
In 1986 the three games were revised, expanded and rereleased together as a compilation. For legal reasons the references to Middle-earth were removed and the trilogy was retitled Jewels of Darkness. The games now featured simple static graphics.",,1.0,7,2.0,2.0,1.0,,,,,,,,,,,,,,,,0.0,,
56552,howard-the-duck,Howard the Duck,Howard the Duck,"<p>Howard the Duck, also known as Howard the Duck: Adventure on Volcano Island, is an action video game firstly released in 1986 by Activision for the ZX Spectrum, Commodore 64 and Apple II.<br />
What if your two best friends suddenly disappeared? What if they were being held prisoner in an active volcano by a dark overlord? What if to save them you had to jump over quicksand, cross treacherous rivers, fight off an army of mutants, brave high winds in an ultralite aircraft, parachute into the mouth of a volcano, do battle with the Dark Overlord, and somehow stop the volcano from erupting? Got it figured out? Now, what if you were a duck...?</p>",,[],1986-01-01,False,2024-07-09T20:42:04,https://media.rawg.io/media/games/3f6/3f67eb2b2369cda8ec983526a8972f2f.jpg,https://media.rawg.io/media/screenshots/e33/e336c8c914af8189ae55d2f07a6abe80.jpg,,0.0,0,"[{'id': 5, 'title': 'exceptional', 'count': 1, 'percent': 50.0}, {'id': 1, 'title': 'skip', 'count': 1, 'percent': 50.0}]",13,0,9,0,4,0,0,,,,,0,0,0,1,1,319,[],,0,0,33,,2,0f0f0f,0f0f0f,"[{'platform': {'id': 5, 'name': 'Apple Macintosh', 'slug': 'mac'}}, {'platform': {'id': 10, 'name': 'Commodore / Amiga', 'slug': 'commodore-amiga'}}]","[{'platform': {'id': 166, 'name': 'Commodore / Amiga', 'slug': 'commodore-amiga', 'image': None, 'year_end': None, 'year_start': None, 'games_count': 2083, 'image_background': 'https://media.rawg.io/media/games/cce/cce8bebe861f295003f5a9fe5b11233f.jpg'}, 'released_at': '1986-01-01', 'requirements': {}}, {'platform': {'id': 41, 'name': 'Apple II', 'slug': 'apple-ii', 'image': None, 'year_end': None, 'year_start': None, 'games_count': 424, 'image_background': 'https://media.rawg.io/media/screenshots/3d2/3d2bb57b39e2efa39d1c385585b2ea8b.jpg'}, 'released_at': '1986-01-01', 'requirements': {}}]",[],"[{'id': 25480, 'name': 'Alternative Software', 'slug': 'alternative-software', 'games_count': 22, 'image_background': 'https://media.rawg.io/media/screenshots/dbb/dbb13f73e20930fd4bd4b7bbbb225b9d.jpg'}]","[{'id': 4, 'name': 'Action', 'slug': 'action', 'games_count': 186608, 'image_background': 'https://media.rawg.io/media/games/618/618c2031a07bbff6b4f611f10b6bcdbc.jpg'}]","[{'id': 997, 'name': 'island', 'slug': 'island', 'language': 'eng', 'games_count': 2646, 'image_background': 'https://media.rawg.io/media/games/a1b/a1b2af4caa3c61f9922431baf1fca447.jpg'}, {'id': 1965, 'name': 'duck', 'slug': 'duck', 'language': 'eng', 'games_count': 941, 'image_background': 'https://media.rawg.io/media/screenshots/6c5/6c546bb8faa77336f702d107079de62f.jpg'}]","[{'id': 10830, 'name': 'Activision Blizzard', 'slug': 'activision-blizzard', 'games_count': 691, 'image_background': 'https://media.rawg.io/media/games/445/44507fdd60a8ec02b1c3c64a293ca754.jpg'}]",,"Howard the Duck, also known as Howard the Duck: Adventure on Volcano Island, is an action video game firstly released in 1986 by Activision for the ZX Spectrum, Commodore 64 and Apple II.
What if your two best friends suddenly disappeared? What if they were being held prisoner in an active volcano by a dark overlord? What if to save them you had to jump over quicksand, cross treacherous rivers, fight off an army of mutants, brave high winds in an ultralite aircraft, parachute into the mouth of a volcano, do battle with the Dark Overlord, and somehow stop the volcano from erupting? Got it figured out? Now, what if you were a duck...?",,,5,3.0,4.0,1.0,,,,,,,,,,,,,,,,0.0,,
56445,druid-1986,Druid (1986),Druid (1986),"<p>Druid is an action-adventure game developed by Vortex Software and published by Firebird in 1986 for the Atari 8-bit family and Commodore 64, also ported to Amstrad CPC and ZX Spectrum. The game was ported by Nippon Dexter for the MSX in Japan-only in 1988. Another Japanese port of Druid entitled Druid: Kyōfu no Tobira (ドルイド　恐怖の扉) was made for the Famicom Disk System by Jaleco in 1988. The game was followed by Druid II: Enlightenment and Warlock: The Avenger.</p>",,[],1986-01-01,False,2019-08-28T22:00:29,https://media.rawg.io/media/screenshots/1f9/1f9323848bf2ef91468dc826ea61257f.jpg,https://media.rawg.io/media/screenshots/c77/c7743636597878470a1e6ca3bbd44fa0.jpg,,0.0,0,"[{'id': 3, 'title': 'meh', 'count': 1, 'percent': 50.0}, {'id': 1, 'title': 'skip', 'count': 1, 'percent': 50.0}]",13,0,12,0,3,0,0,,,,,0,0,0,0,2,383,[],,0,0,0,,2,0f0f0f,0f0f0f,"[{'platform': {'id': 7, 'name': 'Nintendo', 'slug': 'nintendo'}}, {'platform': {'id': 9, 'name': 'Atari', 'slug': 'atari'}}, {'platform': {'id': 10, 'name': 'Commodore / Amiga', 'slug': 'commodore-amiga'}}]","[{'platform': {'id': 166, 'name': 'Commodore / Amiga', 'slug': 'commodore-amiga', 'image': None, 'year_end': None, 'year_start': None, 'games_count': 2083, 'image_background': 'https://media.rawg.io/media/games/cce/cce8bebe861f295003f5a9fe5b11233f.jpg'}, 'released_at': '1986-01-01', 'requirements': {}}, {'platform': {'id': 25, 'name': 'Atari 8-bit', 'slug': 'atari-8-bit', 'image': None, 'year_end': None, 'year_start': None, 'games_count': 308, 'image_background': 'https://media.rawg.io/media/screenshots/038/0385a47d3a43b218204268af5361a19e.jpg'}, 'released_at': '1986-01-01', 'requirements': {}}, {'platform': {'id': 49, 'name': 'NES', 'slug': 'nes', 'image': None, 'year_end': None, 'year_start': None, 'games_count': 1015, 'image_background': 'https://media.rawg.io/media/games/7c5/7c50dd0415eb0a57505c58d4e50e4d24.jpg'}, 'released_at': '1986-01-01', 'requirements': {}}]",[],"[{'id': 26940, 'name': 'Vortex Software', 'slug': 'vortex-software', 'games_count': 3, 'image_background': 'https://media.rawg.io/media/screenshots/1f9/1f9323848bf2ef91468dc826ea61257f.jpg'}]","[{'id': 7, 'name': 'Puzzle', 'slug': 'puzzle', 'games_count': 97333, 'image_background': 'https://media.rawg.io/media/games/9f4/9f418898f5415668ca47b5f4ab1ecfeb.jpg'}]","[{'id': 31, 'name': 'Singleplayer', 'slug': 'singleplayer', 'language': 'eng', 'games_count': 238404, 'image_background': 'https://media.rawg.io/media/games/26d/26d4437715bee60138dab4a7c8c59c92.jpg'}]","[{'id': 20199, 'name': 'Telecomsoft', 'slug': 'telecomsoft', 'games_count': 28, 'image_background': 'https://media.rawg.io/media/screenshots/b56/b569505ea715521ab76621752fa0c6a4.jpg'}, {'id': 19518, 'name': 'Firebird', 'slug': 'firebird', 'games_count': 13, 'image_background': 'https://media.rawg.io/media/screenshots/a38/a38a2d68cc586603b9162f5e25b14245.jpg'}]",,"Druid is an action-adventure game developed by Vortex Software and published by Firebird in 1986 for the Atari 8-bit family and Commodore 64, also ported to Amstrad CPC and ZX Spectrum. The game was ported by Nippon Dexter for the MSX in Japan-only in 1988. Another Japanese port of Druid entitled Druid: Kyōfu no Tobira (ドルイド　恐怖の扉) was made for the Famicom Disk System by Jaleco in 1988. The game was followed by Druid II: Enlightenment and Warlock: The Avenger.",,,5,3.0,3.0,2.0,,,,,,,,,,,,,,,,0.0,,
54583,mean-18,Mean 18,Mean 18,"<p>Mean 18 is a computer golf games designed by Rex Bradford with graphics by George Karalias, both of the small game development company Microsmiths, and released by Accolade for MS-DOS in 1986. It was ported to the Amiga, Apple IIgs, Atari 7800, Atari ST, and Macintosh.</p>",,[],1986-01-01,False,2023-02-08T10:51:13,https://media.rawg.io/media/screenshots/f2d/f2dd8ce400fc580f98fa2bb980d7b262.jpg,https://media.rawg.io/media/screenshots/886/8863815d98d3fecd1f83077ec442587c.jpg,,0.0,0,"[{'id': 5, 'title': 'exceptional', 'count': 1, 'percent': 100.0}]",13,0,8,0,0,0,0,,,,,0,0,0,0,1,178,[],,0,0,0,,1,0f0f0f,0f0f0f,"[{'platform': {'id': 1, 'name': 'PC', 'slug': 'pc'}}, {'platform': {'id': 5, 'name': 'Apple Macintosh', 'slug': 'mac'}}, {'platform': {'id': 9, 'name': 'Atari', 'slug': 'atari'}}, {'platform': {'id': 10, 'name': 'Commodore / Amiga', 'slug': 'commodore-amiga'}}]","[{'platform': {'id': 4, 'name': 'PC', 'slug': 'pc', 'image': None, 'year_end': None, 'year_start': None, 'games_count': 547196, 'image_background': 'https://media.rawg.io/media/games/6fc/6fcf4cd3b17c288821388e6085bb0fc9.jpg'}, 'released_at': '1986-01-01', 'requirements': {}}, {'platform': {'id': 166, 'name': 'Commodore / Amiga', 'slug': 'commodore-amiga', 'image': None, 'year_end': None, 'year_start': None, 'games_count': 2083, 'image_background': 'https://media.rawg.io/media/games/cce/cce8bebe861f295003f5a9fe5b11233f.jpg'}, 'released_at': '1986-01-01', 'requirements': {}}, {'platform': {'id': 28, 'name': 'Atari 7800', 'slug': 'atari-7800', 'image': None, 'year_end': None, 'year_start': None, 'games_count': 64, 'image_background': 'https://media.rawg.io/media/screenshots/565/56504b28b184dbc630a7de118e39d822.jpg'}, 'released_at': '1986-01-01', 'requirements': {}}, {'platform': {'id': 34, 'name': 'Atari ST', 'slug': 'atari-st', 'image': None, 'year_end': None, 'year_start': None, 'games_count': 836, 'image_background': 'https://media.rawg.io/media/games/637/637d7dc2f44d0f6ddd3ee2c0b1366962.jpg'}, 'released_at': '1986-01-01', 'requirements': {}}, {'platform': {'id': 55, 'name': 'Classic Macintosh', 'slug': 'macintosh', 'image': None, 'year_end': None, 'year_start': None, 'games_count': 675, 'image_background': 'https://media.rawg.io/media/games/38a/38af969459ad6e5de116ec8a4a84218c.jpg'}, 'released_at': '1986-01-01', 'requirements': {}}, {'platform': {'id': 41, 'name': 'Apple II', 'slug': 'apple-ii', 'image': None, 'year_end': None, 'year_start': None, 'games_count': 424, 'image_background': 'https://media.rawg.io/media/screenshots/3d2/3d2bb57b39e2efa39d1c385585b2ea8b.jpg'}, 'released_at': '1986-01-01', 'requirements': {}}]",[],"[{'id': 10590, 'name': 'Accolade', 'slug': 'accolade', 'games_count': 53, 'image_background': 'https://media.rawg.io/media/screenshots/cbb/cbb8ad6d2e0647a003c0dc3b254f3b19.jpg'}, {'id': 26686, 'name': 'Microsmiths', 'slug': 'microsmiths', 'games_count': 3, 'image_background': 'https://media.rawg.io/media/screenshots/b4c/b4c5ef8277c42df86377921592839660.jpg'}]","[{'id': 15, 'name': 'Sports', 'slug': 'sports', 'games_count': 22123, 'image_background': 'https://media.rawg.io/media/games/5eb/5eb49eb2fa0738fdb5bacea557b1bc57.jpg'}]","[{'id': 31, 'name': 'Singleplayer', 'slug': 'singleplayer', 'language': 'eng', 'games_count': 238404, 'image_background': 'https://media.rawg.io/media/games/26d/26d4437715bee60138dab4a7c8c59c92.jpg'}]","[{'id': 11540, 'name': 'Accolade', 'slug': 'accolade', 'games_count': 86, 'image_background': 'https://media.rawg.io/media/screenshots/d86/d86266847b2b502a7c22d3c67307626d.jpg'}]",,"Mean 18 is a computer golf games designed by Rex Bradford with graphics by George Karalias, both of the small game development company Microsmiths, and released by Accolade for MS-DOS in 1986. It was ported to the Amiga, Apple IIgs, Atari 7800, Atari ST, and Macintosh.",,1.0,5,3.0,3.0,1.0,,,,,,,,,,,,,,,,0.0,,
55106,roadwar-2000,Roadwar 2000,Roadwar 2000,"<p>Roadwar 2000, sometimes referred to as Roadwar 2K, is a 1986 computer game published by Strategic Simulations, Inc.. It is a turn-based strategy game set in a post-apocalyptic future which resembles the world portrayed in the Mad Max movie series.</p>",,[],1986-01-01,False,2023-02-08T10:51:10,https://media.rawg.io/media/screenshots/66c/66cc96ab3f38647000e83a248a6f6ec3.jpg,https://media.rawg.io/media/screenshots/25f/25ff1a4c251da48d2917d3f641f9ea2a.jpg,,0.0,0,[],13,0,12,0,1,0,0,,,,,0,0,0,0,0,345,[],,0,0,0,,0,0f0f0f,0f0f0f,"[{'platform': {'id': 1, 'name': 'PC', 'slug': 'pc'}}, {'platform': {'id': 5, 'name': 'Apple Macintosh', 'slug': 'mac'}}, {'platform': {'id': 9, 'name': 'Atari', 'slug': 'atari'}}, {'platform': {'id': 10, 'name': 'Commodore / Amiga', 'slug': 'commodore-amiga'}}]","[{'platform': {'id': 166, 'name': 'Commodore / Amiga', 'slug': 'commodore-amiga', 'image': None, 'year_end': None, 'year_start': None, 'games_count': 2083, 'image_background': 'https://media.rawg.io/media/games/cce/cce8bebe861f295003f5a9fe5b11233f.jpg'}, 'released_at': '1986-01-01', 'requirements': {}}, {'platform': {'id': 34, 'name': 'Atari ST', 'slug': 'atari-st', 'image': None, 'year_end': None, 'year_start': None, 'games_count': 836, 'image_background': 'https://media.rawg.io/media/games/637/637d7dc2f44d0f6ddd3ee2c0b1366962.jpg'}, 'released_at': '1986-01-01', 'requirements': {}}, {'platform': {'id': 41, 'name': 'Apple II', 'slug': 'apple-ii', 'image': None, 'year_end': None, 'year_start': None, 'games_count': 424, 'image_background': 'https://media.rawg.io/media/screenshots/3d2/3d2bb57b39e2efa39d1c385585b2ea8b.jpg'}, 'released_at': '1986-01-01', 'requirements': {}}, {'platform': {'id': 4, 'name': 'PC', 'slug': 'pc', 'image': None, 'year_end': None, 'year_start': None, 'games_count': 547196, 'image_background': 'https://media.rawg.io/media/games/6fc/6fcf4cd3b17c288821388e6085bb0fc9.jpg'}, 'released_at': '1986-01-01', 'requirements': {}}]",[],"[{'id': 13148, 'name': 'Strategic Simulations', 'slug': 'strategic-simulations', 'games_count': 85, 'image_background': 'https://media.rawg.io/media/screenshots/4ce/4ce8db24d00f54368491e29b090dfba6.jpg'}, {'id': 13323, 'name': 'Westwood Associates', 'slug': 'westwood-associates', 'games_count': 15, 'image_background': 'https://media.rawg.io/media/screenshots/9ae/9ae2ece52d0099180ad3a0b8a49c57a6.jpg'}]","[{'id': 10, 'name': 'Strategy', 'slug': 'strategy', 'games_count': 59661, 'image_background': 'https://media.rawg.io/media/games/08b/08b2eee52a9876a48b955e5149affe5b.jpg'}]","[{'id': 31, 'name': 'Singleplayer', 'slug': 'singleplayer', 'language': 'eng', 'games_count': 238404, 'image_background': 'https://media.rawg.io/media/games/26d/26d4437715bee60138dab4a7c8c59c92.jpg'}]","[{'id': 19851, 'name': 'Strategic Simulations', 'slug': 'strategic-simulations', 'games_count': 113, 'image_background': 'https://media.rawg.io/media/screenshots/55c/55cd1c62d524e51467185c94839b08c4.jpg'}]",,"Roadwar 2000, sometimes referred to as Roadwar 2K, is a 1986 computer game published by Strategic Simulations, Inc.. It is a turn-based strategy game set in a post-apocalyptic future which resembles the world portrayed in the Mad Max movie series.",,1.0,5,3.0,3.0,1.0,,,,,,,,,,,,,,,,0.0,,
56573,jack-the-nipper,Jack the Nipper,Jack the Nipper,"<p>Jack the Nipper is a video game by Gremlin Graphics released in 1986 for ZX Spectrum, Commodore 64, Amstrad CPC, and MSX. It was followed by a sequel, Jack the Nipper II: In Coconut Capers. The character is loosely based on the British comic strip character Sweeny Toddler.</p>",,[],1986-01-01,False,2019-08-28T22:00:25,https://media.rawg.io/media/screenshots/f46/f46b6dc0dedd5d45b8f32bfd500a9d8d.jpg,https://media.rawg.io/media/screenshots/b57/b57cc15a5dfdf63fedecf0cf3f90fdba.jpg,,0.0,0,[],13,0,8,0,0,0,0,,,,,0,0,0,0,0,274,[],,0,0,0,,0,0f0f0f,0f0f0f,"[{'platform': {'id': 4, 'name': 'iOS', 'slug': 'ios'}}, {'platform': {'id': 10, 'name': 'Commodore / Amiga', 'slug': 'commodore-amiga'}}]","[{'platform': {'id': 166, 'name': 'Commodore / Amiga', 'slug': 'commodore-amiga', 'image': None, 'year_end': None, 'year_start': None, 'games_count': 2083, 'image_background': 'https://media.rawg.io/media/games/cce/cce8bebe861f295003f5a9fe5b11233f.jpg'}, 'released_at': '1986-01-01', 'requirements': {}}, {'platform': {'id': 3, 'name': 'iOS', 'slug': 'ios', 'image': None, 'year_end': None, 'year_start': None, 'games_count': 77392, 'image_background': 'https://media.rawg.io/media/games/5fa/5fae5fec3c943179e09da67a4427d68f.jpg'}, 'released_at': '1986-01-01', 'requirements': {}}]",[],"[{'id': 12126, 'name': 'Gremlin Interactive', 'slug': 'gremlin-interactive', 'games_count': 62, 'image_background': 'https://media.rawg.io/media/screenshots/8f7/8f7c2c06c592b6a3128d22c0e452fe88.jpg'}, {'id': 14786, 'name': 'Gremlin Graphics', 'slug': 'gremlin-graphics', 'games_count': 42, 'image_background': 'https://media.rawg.io/media/games/8e3/8e3e1b2953d178d200b2c74be6de9b25.jpg'}]","[{'id': 7, 'name': 'Puzzle', 'slug': 'puzzle', 'games_count': 97333, 'image_background': 'https://media.rawg.io/media/games/9f4/9f418898f5415668ca47b5f4ab1ecfeb.jpg'}]","[{'id': 31, 'name': 'Singleplayer', 'slug': 'singleplayer', 'language': 'eng', 'games_count': 238404, 'image_background': 'https://media.rawg.io/media/games/26d/26d4437715bee60138dab4a7c8c59c92.jpg'}]","[{'id': 11477, 'name': 'Gremlin Interactive', 'slug': 'gremlin-interactive', 'games_count': 58, 'image_background': 'https://media.rawg.io/media/games/885/8858877b10b705b4fcd9c0fc7946f4c7.jpg'}, {'id': 11956, 'name': 'Gremlin Graphics', 'slug': 'gremlin-graphics', 'games_count': 38, 'image_background': 'https://media.rawg.io/media/screenshots/05f/05fc758450ac0061ba8146ea557add01.jpg'}]",,"Jack the Nipper is a video game by Gremlin Graphics released in 1986 for ZX Spectrum, Commodore 64, Amstrad CPC, and MSX. It was followed by a sequel, Jack the Nipper II: In Coconut Capers. The character is loosely based on the British comic strip character Sweeny Toddler.",,,6,3.0,3.0,1.0,,,,,,,,,,,,,,,,0.0,,
34471,emmanuelle,Emmanuelle,Emmanuelle,"<p>Emmanuelle is an adventure game developed by Tomahawk. It came out on 01-01-1986. Tomahawk published the game. <br>Emmanuelle is available on PC. </p>

<p></p>",,[],1986-01-01,False,2023-02-08T10:51:17,https://media.rawg.io/media/screenshots/d90/d903e7425d5a93ce96ec562cdda3a650.jpg,https://media.rawg.io/media/screenshots/101/101a8d1e0dc5304e8f02f61f84705089_fSOIRGx.jpg,,0.0,0,[],13,0,4,0,1,0,0,,,,,0,0,0,0,0,203,[],,0,0,0,,0,0f0f0f,0f0f0f,"[{'platform': {'id': 1, 'name': 'PC', 'slug': 'pc'}}]","[{'platform': {'id': 4, 'name': 'PC', 'slug': 'pc', 'image': None, 'year_end': None, 'year_start': None, 'games_count': 547196, 'image_background': 'https://media.rawg.io/media/games/6fc/6fcf4cd3b17c288821388e6085bb0fc9.jpg'}, 'released_at': '1986-01-01', 'requirements': {}}]",[],"[{'id': 16699, 'name': 'Tomahawk', 'slug': 'tomahawk', 'games_count': 4, 'image_background': 'https://media.rawg.io/media/screenshots/680/680f9dfdd770c9e39532ef85d9161eff.jpg'}]","[{'id': 3, 'name': 'Adventure', 'slug': 'adventure', 'games_count': 146481, 'image_background': 'https://media.rawg.io/media/games/b6b/b6b20bfc4b34e312dbc8aac53c95a348.jpg'}]",[],"[{'id': 12873, 'name': 'Tomahawk', 'slug': 'tomahawk', 'games_count': 2, 'image_background': 'https://media.rawg.io/media/screenshots/d90/d903e7425d5a93ce96ec562cdda3a650.jpg'}]",,,,1.0,5,2.0,4.0,1.0,,,,,,,,,,,,,,,,0.0,,
56462,equinox,Equinox,Equinox,"<p>Equinox is an action video game developed by Mikro-Gen in 1986 for the ZX Spectrum, Amstrad CPC and Commodore 64.</p>",,[],1986-01-01,False,2019-08-28T22:00:28,https://media.rawg.io/media/screenshots/db1/db11b7db407be451065a2ed82b2f43b7.jpg,https://media.rawg.io/media/screenshots/5f3/5f39eea600d51ac65dda38faf76b4693.jpg,,0.0,0,[],13,0,16,0,4,0,0,,,,,0,0,0,0,0,274,[],,0,0,0,,0,0f0f0f,0f0f0f,"[{'platform': {'id': 7, 'name': 'Nintendo', 'slug': 'nintendo'}}, {'platform': {'id': 10, 'name': 'Commodore / Amiga', 'slug': 'commodore-amiga'}}]","[{'platform': {'id': 166, 'name': 'Commodore / Amiga', 'slug': 'commodore-amiga', 'image': None, 'year_end': None, 'year_start': None, 'games_count': 2083, 'image_background': 'https://media.rawg.io/media/games/cce/cce8bebe861f295003f5a9fe5b11233f.jpg'}, 'released_at': '1986-01-01', 'requirements': {}}, {'platform': {'id': 79, 'name': 'SNES', 'slug': 'snes', 'image': None, 'year_end': None, 'year_start': None, 'games_count': 982, 'image_background': 'https://media.rawg.io/media/games/087/08727beb32c364d30e8b2a1aa8595f8e.jpg'}, 'released_at': '1993-11-12', 'requirements': {}}]",[],"[{'id': 15552, 'name': 'Software Creations', 'slug': 'software-creations', 'games_count': 41, 'image_background': 'https://media.rawg.io/media/screenshots/dcc/dccef85450466b97c54b75041254b4b9.jpg'}]","[{'id': 4, 'name': 'Action', 'slug': 'action', 'games_count': 186608, 'image_background': 'https://media.rawg.io/media/games/618/618c2031a07bbff6b4f611f10b6bcdbc.jpg'}]","[{'id': 31, 'name': 'Singleplayer', 'slug': 'singleplayer', 'language': 'eng', 'games_count': 238404, 'image_background': 'https://media.rawg.io/media/games/26d/26d4437715bee60138dab4a7c8c59c92.jpg'}]","[{'id': 10212, 'name': 'Sony Computer Entertainment', 'slug': 'sony-computer-entertainment', 'games_count': 468, 'image_background': 'https://media.rawg.io/media/games/837/837a609b0584db5d03534c8e767861b1.jpg'}, {'id': 11687, 'name': 'Sony Interactive Entertainment', 'slug': 'sony-interactive-entertainment', 'games_count': 304, 'image_background': 'https://media.rawg.io/media/games/c5b/c5b3b6aa220050f7f504f4477cb51d3b.jpg'}, {'id': 20531, 'name': 'Mikro-Gen', 'slug': 'mikro-gen', 'games_count': 4, 'image_background': 'https://media.rawg.io/media/screenshots/db1/db11b7db407be451065a2ed82b2f43b7.jpg'}]",,"Equinox is an action video game developed by Mikro-Gen in 1986 for the ZX Spectrum, Amstrad CPC and Commodore 64.",,,5,2.0,4.0,2.0,,,,,,,,,,,,,,,,0.0,,
58733,shawl,Shawl,Shawl,"<p>Shawl is an arcade game developed by AcademySoft. It came out on 01-01-1986. It was published by AcademySoft. The game is rated as ""Exceptional"" on RAWG. <br>You can play Shawl on PC. </p>

<p></p>",,[],1986-01-01,False,2024-12-17T04:01:12,https://media.rawg.io/media/games/b70/b70d3c292ad7db2b3457bf0a17e2e886.jpg,https://media.rawg.io/media/screenshots/e24/e2420d427787397ef261d5d183a7aa3c.jpg,,0.0,0,"[{'id': 5, 'title': 'exceptional', 'count': 1, 'percent': 50.0}, {'id': 3, 'title': 'meh', 'count': 1, 'percent': 50.0}]",13,0,5,0,1,0,0,,,,,0,0,0,0,2,42,[],,0,0,0,,2,0f0f0f,0f0f0f,"[{'platform': {'id': 1, 'name': 'PC', 'slug': 'pc'}}]","[{'platform': {'id': 4, 'name': 'PC', 'slug': 'pc', 'image': None, 'year_end': None, 'year_start': None, 'games_count': 547196, 'image_background': 'https://media.rawg.io/media/games/6fc/6fcf4cd3b17c288821388e6085bb0fc9.jpg'}, 'released_at': '1986-01-01', 'requirements': {}}]",[],"[{'id': 28056, 'name': 'AcademySoft', 'slug': 'academysoft', 'games_count': 1, 'image_background': 'https://media.rawg.io/media/games/b70/b70d3c292ad7db2b3457bf0a17e2e886.jpg'}]","[{'id': 11, 'name': 'Arcade', 'slug': 'arcade', 'games_count': 22658, 'image_background': 'https://media.rawg.io/media/games/556/556157feed9ee1f55f2b12b2973e30a3.jpg'}]","[{'id': 31, 'name': 'Singleplayer', 'slug': 'singleplayer', 'language': 'eng', 'games_count': 238404, 'image_background': 'https://media.rawg.io/media/games/26d/26d4437715bee60138dab4a7c8c59c92.jpg'}]","[{'id': 19510, 'name': 'AcademySoft', 'slug': 'academysoft', 'games_count': 2, 'image_background': 'https://media.rawg.io/media/games/b70/b70d3c292ad7db2b3457bf0a17e2e886.jpg'}]",,,,1.0,7,2.0,2.0,1.0,,,,,,,,,,,,,,,,0.0,,
53741,castlequest,Castlequest,Castlequest,"<p>Castlequest (known in Japan as Castle Excellent (キャッスルエクセレント, Kyassuru Ekuserento)) is an adventure/puzzle-hybrid video game. It was developed and published by ASCII Corporation in 1985 for the FM-7, PC-88, and Sharp X1. Additional versions followed in 1986 for the Famicom and MSX, and was subsequently released in 1989 for the NES in the United States by Nexoft Corporation.</p>
<p>It is the sequel to The Castle, released in 1985 for the MSX, SG-1000, and other systems (though not the NES). Like that game, it is an early example of the Metroidvania genre.</p>",,[],1986-11-28,False,2023-02-08T10:51:19,https://media.rawg.io/media/screenshots/333/33306a9fa416e2c86b5c1e9d633a7cad.jpg,https://media.rawg.io/media/screenshots/672/672f523d29a07494b78e6da2cc8f853e.jpg,,0.0,0,"[{'id': 5, 'title': 'exceptional', 'count': 2, 'percent': 66.67}, {'id': 3, 'title': 'meh', 'count': 1, 'percent': 33.33}]",13,0,8,0,0,0,0,,,,,0,0,0,0,3,240,[],,0,0,0,,3,0f0f0f,0f0f0f,"[{'platform': {'id': 1, 'name': 'PC', 'slug': 'pc'}}, {'platform': {'id': 7, 'name': 'Nintendo', 'slug': 'nintendo'}}]","[{'platform': {'id': 4, 'name': 'PC', 'slug': 'pc', 'image': None, 'year_end': None, 'year_start': None, 'games_count': 547196, 'image_background': 'https://media.rawg.io/media/games/6fc/6fcf4cd3b17c288821388e6085bb0fc9.jpg'}, 'released_at': '1986-11-28', 'requirements': {}}, {'platform': {'id': 49, 'name': 'NES', 'slug': 'nes', 'image': None, 'year_end': None, 'year_start': None, 'games_count': 1015, 'image_background': 'https://media.rawg.io/media/games/7c5/7c50dd0415eb0a57505c58d4e50e4d24.jpg'}, 'released_at': '1986-11-28', 'requirements': {}}]",[],"[{'id': 27856, 'name': 'ASCII', 'slug': 'ascii', 'games_count': 13, 'image_background': 'https://media.rawg.io/media/screenshots/448/4489e1441c296a0fb04716fc6efe8cac.jpg'}]","[{'id': 3, 'name': 'Adventure', 'slug': 'adventure', 'games_count': 146481, 'image_background': 'https://media.rawg.io/media/games/b6b/b6b20bfc4b34e312dbc8aac53c95a348.jpg'}, {'id': 7, 'name': 'Puzzle', 'slug': 'puzzle', 'games_count': 97333, 'image_background': 'https://media.rawg.io/media/games/9f4/9f418898f5415668ca47b5f4ab1ecfeb.jpg'}]","[{'id': 31, 'name': 'Singleplayer', 'slug': 'singleplayer', 'language': 'eng', 'games_count': 238404, 'image_background': 'https://media.rawg.io/media/games/26d/26d4437715bee60138dab4a7c8c59c92.jpg'}]","[{'id': 19658, 'name': 'ASCII', 'slug': 'ascii', 'games_count': 23, 'image_background': 'https://media.rawg.io/media/screenshots/0e9/0e949517ea386982360a4ce315a3eddc.jpg'}, {'id': 19883, 'name': 'Nexoft', 'slug': 'nexoft-corporation', 'games_count': 2, 'image_background': 'https://media.rawg.io/media/screenshots/d44/d4490f45af5e5b062423738f6b7d62f6.jpg'}]",,"Castlequest (known in Japan as Castle Excellent (キャッスルエクセレント, Kyassuru Ekuserento)) is an adventure/puzzle-hybrid video game. It was developed and published by ASCII Corporation in 1985 for the FM-7, PC-88, and Sharp X1. Additional versions followed in 1986 for the Famicom and MSX, and was subsequently released in 1989 for the NES in the United States by Nexoft Corporation.
It is the sequel to The Castle, released in 1985 for the MSX, SG-1000, and other systems (though not the NES). Like that game, it is an early example of the Metroidvania genre.",,1.0,6,2.0,2.0,2.0,,,,,,,,,,,,,,,,0.0,,
54936,10th-frame,10th Frame,10th Frame,"<p>10th Frame is a ten-pin bowling simulation game created by Access Software in 1986, as a follow-up to the hugely successful Leaderboard golf game. Up to eight players could take part in open bowling or a tournament. There was a choice of 3 different difficulty levels—Kids (in which the ball always went straight), Amateur, and Professional.</p>",,[],1986-01-01,False,2023-02-08T10:51:22,https://media.rawg.io/media/screenshots/f37/f372d8bc98b072fc3d1c7b3e6e8574ab.jpg,https://media.rawg.io/media/screenshots/bf4/bf4527146dfd7032aff74e6eb9336f3b.jpg,,0.0,0,[],13,0,12,0,0,0,0,,,,,0,0,0,0,0,265,[],,0,0,0,,0,0f0f0f,0f0f0f,"[{'platform': {'id': 1, 'name': 'PC', 'slug': 'pc'}}, {'platform': {'id': 9, 'name': 'Atari', 'slug': 'atari'}}, {'platform': {'id': 10, 'name': 'Commodore / Amiga', 'slug': 'commodore-amiga'}}]","[{'platform': {'id': 34, 'name': 'Atari ST', 'slug': 'atari-st', 'image': None, 'year_end': None, 'year_start': None, 'games_count': 836, 'image_background': 'https://media.rawg.io/media/games/637/637d7dc2f44d0f6ddd3ee2c0b1366962.jpg'}, 'released_at': '1986-01-01', 'requirements': {}}, {'platform': {'id': 4, 'name': 'PC', 'slug': 'pc', 'image': None, 'year_end': None, 'year_start': None, 'games_count': 547196, 'image_background': 'https://media.rawg.io/media/games/6fc/6fcf4cd3b17c288821388e6085bb0fc9.jpg'}, 'released_at': '1986-01-01', 'requirements': {}}, {'platform': {'id': 166, 'name': 'Commodore / Amiga', 'slug': 'commodore-amiga', 'image': None, 'year_end': None, 'year_start': None, 'games_count': 2083, 'image_background': 'https://media.rawg.io/media/games/cce/cce8bebe861f295003f5a9fe5b11233f.jpg'}, 'released_at': '1986-01-01', 'requirements': {}}]",[],"[{'id': 11075, 'name': 'Access Software', 'slug': 'access-software', 'games_count': 27, 'image_background': 'https://media.rawg.io/media/screenshots/0fd/0fd5f4646fceea9149cf7f04ee7c92a0.jpg'}, {'id': 13945, 'name': 'Indie Built', 'slug': 'indie-built', 'games_count': 9, 'image_background': 'https://media.rawg.io/media/screenshots/02d/02d59d0cfa748e4e60460bd6d2a5df72.jpg'}]","[{'id': 15, 'name': 'Sports', 'slug': 'sports', 'games_count': 22123, 'image_background': 'https://media.rawg.io/media/games/5eb/5eb49eb2fa0738fdb5bacea557b1bc57.jpg'}]","[{'id': 31, 'name': 'Singleplayer', 'slug': 'singleplayer', 'language': 'eng', 'games_count': 238404, 'image_background': 'https://media.rawg.io/media/games/26d/26d4437715bee60138dab4a7c8c59c92.jpg'}]","[{'id': 11527, 'name': 'U.S. Gold', 'slug': 'us-gold-2', 'games_count': 95, 'image_background': 'https://media.rawg.io/media/games/eaa/eaa94a1203b9b8fdf5b01575c9e91591.jpg'}]",,"10th Frame is a ten-pin bowling simulation game created by Access Software in 1986, as a follow-up to the hugely successful Leaderboard golf game. Up to eight players could take part in open bowling or a tournament. There was a choice of 3 different difficulty levels—Kids (in which the ball always went straight), Amateur, and Professional.",,1.0,7,2.0,2.0,1.0,,,,,,,,,,,,,,,,0.0,,
32276,moonmist,Moonmist,Moonmist,"<p>Moonmist is an adventure game developed by Infocom. It came out on 01-01-1986. It was published by Infocom. Most rawgers rated the game as ""Recommended"". <br>You can play Moonmist on Commodore / Amiga and PC. </p>

<p></p>",,[],1986-01-01,False,2023-02-08T10:51:12,https://media.rawg.io/media/screenshots/4fc/4fc5ddc6f8d8b6d75fe622be213d6939.jpg,https://media.rawg.io/media/screenshots/5cf/5cf944ee3706ef28d64d491c850e2ef8.jpg,,0.0,0,"[{'id': 4, 'title': 'recommended', 'count': 1, 'percent': 100.0}]",13,0,4,0,2,0,0,,,,,0,0,0,0,1,41,[],,0,0,0,,1,0f0f0f,0f0f0f,"[{'platform': {'id': 1, 'name': 'PC', 'slug': 'pc'}}, {'platform': {'id': 10, 'name': 'Commodore / Amiga', 'slug': 'commodore-amiga'}}]","[{'platform': {'id': 166, 'name': 'Commodore / Amiga', 'slug': 'commodore-amiga', 'image': None, 'year_end': None, 'year_start': None, 'games_count': 2083, 'image_background': 'https://media.rawg.io/media/games/cce/cce8bebe861f295003f5a9fe5b11233f.jpg'}, 'released_at': '1986-09-18', 'requirements': {}}, {'platform': {'id': 4, 'name': 'PC', 'slug': 'pc', 'image': None, 'year_end': None, 'year_start': None, 'games_count': 547196, 'image_background': 'https://media.rawg.io/media/games/6fc/6fcf4cd3b17c288821388e6085bb0fc9.jpg'}, 'released_at': '1986-01-01', 'requirements': {}}]",[],"[{'id': 12929, 'name': 'Infocom', 'slug': 'infocom', 'games_count': 48, 'image_background': 'https://media.rawg.io/media/screenshots/782/7822ae77e839fa2db05cd53d08225dd8.jpg'}]","[{'id': 3, 'name': 'Adventure', 'slug': 'adventure', 'games_count': 146481, 'image_background': 'https://media.rawg.io/media/games/b6b/b6b20bfc4b34e312dbc8aac53c95a348.jpg'}]","[{'id': 31, 'name': 'Singleplayer', 'slug': 'singleplayer', 'language': 'eng', 'games_count': 238404, 'image_background': 'https://media.rawg.io/media/games/26d/26d4437715bee60138dab4a7c8c59c92.jpg'}]","[{'id': 11435, 'name': 'Infocom', 'slug': 'infocom', 'games_count': 45, 'image_background': 'https://media.rawg.io/media/screenshots/3d4/3d4094f02e71cb3439ab3c8af62809c0.jpg'}]",,,,1.0,5,3.0,3.0,1.0,,,,,,,,,,,,,,,,0.0,,
54187,chiller,Chiller,Chiller,"<p>Chiller is an Exidy light gun arcade game released in 1986. An unlicensed port was released for the Nintendo Entertainment System in 1990 by American Game Cartridges in the US, and in Australia by HES (Home Entertainment Suppliers), with the option of using either the standard controller or the NES Zapper. The player takes on the role of an unseen torturer who must maim, mutilate, and murder helpless non-player characters (NPCs) in a variety of dungeon settings. Few of the NPCs in the game are capable of fighting back, with the challenge element lying in how quickly the player can cause each of the victims to die.</p>
<p>The game sold poorly in the United States because arcade owners refused to purchase it; Exidy successfully marketed it to third world countries. Modern gamers often criticize the game for its senseless violence and encouraging the torture and murder of apparently innocent people, as opposed to the gamer fighting enemies capable of defending themselves. Bradley Cantor, renowned urban planner from NYC, was the winner of the 1992 Chiller Gaming Award for high score and most hours played. Cantor's rival Christopher Gorman, alluded in a 1998 interview with GamePro magazine that Cantor may have been using the performance enhancing drug NoDoz to help stay awake for the record breaking 89 straight hours of game play. </p>",,[],1986-01-01,False,2019-01-09T12:41:06,https://media.rawg.io/media/screenshots/593/593b7c3c64d82a6ce655709e4ebea153.jpg,https://media.rawg.io/media/screenshots/1eb/1eb6a3c7422469993f531991eba1d2fe.jpg,,0.0,0,"[{'id': 3, 'title': 'meh', 'count': 1, 'percent': 100.0}]",13,0,8,0,0,0,0,,,,,0,0,0,0,1,220,[],,0,0,0,,1,0f0f0f,0f0f0f,"[{'platform': {'id': 7, 'name': 'Nintendo', 'slug': 'nintendo'}}]","[{'platform': {'id': 49, 'name': 'NES', 'slug': 'nes', 'image': None, 'year_end': None, 'year_start': None, 'games_count': 1015, 'image_background': 'https://media.rawg.io/media/games/7c5/7c50dd0415eb0a57505c58d4e50e4d24.jpg'}, 'released_at': '1986-01-01', 'requirements': {}}]",[],"[{'id': 25941, 'name': 'Exidy', 'slug': 'exidy', 'games_count': 13, 'image_background': 'https://media.rawg.io/media/screenshots/c8d/c8def26e1c7a0ccb7e36f1123e1a6595.jpg'}]",[],"[{'id': 418, 'name': '2 players', 'slug': '2-players', 'language': 'eng', 'games_count': 1244, 'image_background': 'https://media.rawg.io/media/screenshots/f9a/f9ac59bb4af2ca2193ee9ffb979577cf.jpg'}, {'id': 348, 'name': 'alternating turns', 'slug': 'alternating-turns', 'language': 'eng', 'games_count': 64, 'image_background': 'https://media.rawg.io/media/games/6f8/6f8fb1e98393f72b47f1f909d5b649d4.jpg'}]","[{'id': 19409, 'name': 'Exidy', 'slug': 'exidy', 'games_count': 6, 'image_background': 'https://media.rawg.io/media/screenshots/ca6/ca6e92fa5421fadd3b1dddd860c933f8.jpg'}, {'id': 20016, 'name': 'American Game Cartridges', 'slug': 'american-game-cartridges', 'games_count': 3, 'image_background': 'https://media.rawg.io/media/screenshots/537/537a874b06890b76a882cd6690692064.jpg'}]",,"Chiller is an Exidy light gun arcade game released in 1986. An unlicensed port was released for the Nintendo Entertainment System in 1990 by American Game Cartridges in the US, and in Australia by HES (Home Entertainment Suppliers), with the option of using either the standard controller or the NES Zapper. The player takes on the role of an unseen torturer who must maim, mutilate, and murder helpless non-player characters (NPCs) in a variety of dungeon settings. Few of the NPCs in the game are capable of fighting back, with the challenge element lying in how quickly the player can cause each of the victims to die.
The game sold poorly in the United States because arcade owners refused to purchase it; Exidy successfully marketed it to third world countries. Modern gamers often criticize the game for its senseless violence and encouraging the torture and murder of apparently innocent people, as opposed to the gamer fighting enemies capable of defending themselves. Bradley Cantor, renowned urban planner from NYC, was the winner of the 1992 Chiller Gaming Award for high score and most hours played. Cantor's rival Christopher Gorman, alluded in a 1998 interview with GamePro magazine that Cantor may have been using the performance enhancing drug NoDoz to help stay awake for the record breaking 89 straight hours of game play.",,,7,2.0,3.0,1.0,,,,,,,,,,,,,,,,0.0,,
54962,army-moves,Army Moves,Army Moves,"<p>Army Moves is a scrolling shooter game developed by Dinamic Software for the Amiga, Amstrad CPC, Atari ST, Commodore 64, MSX and ZX Spectrum. It is the first chapter of the Moves Trilogy and it was followed by Navy Moves in 1987 and Arctic Moves in 1995. It was first released in 1986 and published by Dinamic in Spain and by Imagine Software. Dinamic Software also developed a MS-DOS version of the game, published in 1989 in Spain.</p>",,[],1986-01-01,False,2023-02-08T10:51:20,https://media.rawg.io/media/screenshots/956/9561c85bb0bda013eac538f91fd1b20c.jpg,https://media.rawg.io/media/screenshots/56f/56f2b9e3e436674d8eee73a0edd9684b.jpg,,0.0,0,"[{'id': 4, 'title': 'recommended', 'count': 1, 'percent': 50.0}, {'id': 3, 'title': 'meh', 'count': 1, 'percent': 50.0}]",13,0,14,0,0,0,0,,,,,0,0,0,0,2,377,[],,0,0,0,,2,0f0f0f,0f0f0f,"[{'platform': {'id': 1, 'name': 'PC', 'slug': 'pc'}}, {'platform': {'id': 9, 'name': 'Atari', 'slug': 'atari'}}, {'platform': {'id': 10, 'name': 'Commodore / Amiga', 'slug': 'commodore-amiga'}}]","[{'platform': {'id': 166, 'name': 'Commodore / Amiga', 'slug': 'commodore-amiga', 'image': None, 'year_end': None, 'year_start': None, 'games_count': 2083, 'image_background': 'https://media.rawg.io/media/games/cce/cce8bebe861f295003f5a9fe5b11233f.jpg'}, 'released_at': '1986-01-01', 'requirements': {}}, {'platform': {'id': 34, 'name': 'Atari ST', 'slug': 'atari-st', 'image': None, 'year_end': None, 'year_start': None, 'games_count': 836, 'image_background': 'https://media.rawg.io/media/games/637/637d7dc2f44d0f6ddd3ee2c0b1366962.jpg'}, 'released_at': '1986-01-01', 'requirements': {}}, {'platform': {'id': 4, 'name': 'PC', 'slug': 'pc', 'image': None, 'year_end': None, 'year_start': None, 'games_count': 547196, 'image_background': 'https://media.rawg.io/media/games/6fc/6fcf4cd3b17c288821388e6085bb0fc9.jpg'}, 'released_at': '1986-01-01', 'requirements': {}}]",[],"[{'id': 26918, 'name': 'Dinamic Software', 'slug': 'dinamic-software', 'games_count': 7, 'image_background': 'https://media.rawg.io/media/screenshots/7c8/7c8b501f2aa6d7eb8604ac1976c26e75.jpg'}]",[],"[{'id': 31, 'name': 'Singleplayer', 'slug': 'singleplayer', 'language': 'eng', 'games_count': 238404, 'image_background': 'https://media.rawg.io/media/games/26d/26d4437715bee60138dab4a7c8c59c92.jpg'}]","[{'id': 19864, 'name': 'Imagine Software', 'slug': 'imagine-software', 'games_count': 16, 'image_background': 'https://media.rawg.io/media/screenshots/f7b/f7b58fc768c19977174c96a0acd2dbfb.jpg'}]",,"Army Moves is a scrolling shooter game developed by Dinamic Software for the Amiga, Amstrad CPC, Atari ST, Commodore 64, MSX and ZX Spectrum. It is the first chapter of the Moves Trilogy and it was followed by Navy Moves in 1987 and Arctic Moves in 1995. It was first released in 1986 and published by Dinamic in Spain and by Imagine Software. Dinamic Software also developed a MS-DOS version of the game, published in 1989 in Spain.",,1.0,7,2.0,1.0,2.0,,,,,,,,,,,,,,,,0.0,,
264689,valkyrie-no-bouken-toki-no-kagi-densetsu,Valkyrie no Bouken: Toki no Kagi Densetsu,Valkyrie no Bouken: Toki no Kagi Densetsu,<p>Valkyrie no Bouken: Toki no Kagi Densetsu is a RPG video game published by Namco released on 1986 for the NES.</p>,,[],1986-08-01,False,2023-02-09T11:26:28,https://media.rawg.io/media/games/000/000592d54e9f2f1b9828ea14a926b229.jpg,https://media.rawg.io/media/screenshots/425/425a5e2e7095fbc86942f2811fa4ff8d.jpg,,0.0,0,"[{'id': 4, 'title': 'recommended', 'count': 1, 'percent': 50.0}, {'id': 3, 'title': 'meh', 'count': 1, 'percent': 50.0}]",13,0,8,0,1,0,0,,,,,0,0,0,0,2,163,[],,0,0,2,,2,0f0f0f,0f0f0f,"[{'platform': {'id': 7, 'name': 'Nintendo', 'slug': 'nintendo'}}]","[{'platform': {'id': 49, 'name': 'NES', 'slug': 'nes', 'image': None, 'year_end': None, 'year_start': None, 'games_count': 1015, 'image_background': 'https://media.rawg.io/media/games/7c5/7c50dd0415eb0a57505c58d4e50e4d24.jpg'}, 'released_at': '1986-08-01', 'requirements': {}}]",[],"[{'id': 10055, 'name': 'NAMCO', 'slug': 'namco', 'games_count': 127, 'image_background': 'https://media.rawg.io/media/games/2ff/2ff5b06428e4b016f3b79cf299bd6596.jpg'}]","[{'id': 4, 'name': 'Action', 'slug': 'action', 'games_count': 186608, 'image_background': 'https://media.rawg.io/media/games/618/618c2031a07bbff6b4f611f10b6bcdbc.jpg'}, {'id': 5, 'name': 'RPG', 'slug': 'role-playing-games-rpg', 'games_count': 59370, 'image_background': 'https://media.rawg.io/media/games/f6b/f6bed028b02369d4cab548f4f9337e81.jpg'}]",[],"[{'id': 10901, 'name': 'Namco', 'slug': 'namco', 'games_count': 215, 'image_background': 'https://media.rawg.io/media/games/fc5/fc503876ca1ca34e160e88671af86e88.jpg'}]",,Valkyrie no Bouken: Toki no Kagi Densetsu is a RPG video game published by Namco released on 1986 for the NES.,,1.0,5,3.0,3.0,1.0,,2.0,Everyone 10+,everyone-10-plus,,,,,,,,,,,,0.0,,
56305,the-sacred-armour-of-antiriad,The Sacred Armour of Antiriad,The Sacred Armour of Antiriad,"<p>The Sacred Armour of Antiriad is an action game published by Palace Software in September 1986 for Amstrad CPC, Commodore 64 DOS, TRS-80 and ZX Spectrum. In North America, the game was published by Epyx as Rad Warrior. The original game came with a 16-page comic book created by graphic artist Daniel Malone. The game is notable for being one of the earliest examples of the Metroidvania genre, being developed without knowledge of and concurrently with Metroid.</p>",,[],1986-01-01,False,2023-02-08T10:51:05,https://media.rawg.io/media/screenshots/983/98323867538edab00522e30f89329f23.jpg,https://media.rawg.io/media/screenshots/46b/46b489a2cc5d864855e2340ea09531b9.jpg,,0.0,0,"[{'id': 4, 'title': 'recommended', 'count': 1, 'percent': 100.0}]",13,0,12,0,3,0,0,,,,,0,0,0,0,1,312,[],,0,0,0,,1,0f0f0f,0f0f0f,"[{'platform': {'id': 1, 'name': 'PC', 'slug': 'pc'}}, {'platform': {'id': 5, 'name': 'Apple Macintosh', 'slug': 'mac'}}, {'platform': {'id': 10, 'name': 'Commodore / Amiga', 'slug': 'commodore-amiga'}}]","[{'platform': {'id': 166, 'name': 'Commodore / Amiga', 'slug': 'commodore-amiga', 'image': None, 'year_end': None, 'year_start': None, 'games_count': 2083, 'image_background': 'https://media.rawg.io/media/games/cce/cce8bebe861f295003f5a9fe5b11233f.jpg'}, 'released_at': '1986-01-01', 'requirements': {}}, {'platform': {'id': 41, 'name': 'Apple II', 'slug': 'apple-ii', 'image': None, 'year_end': None, 'year_start': None, 'games_count': 424, 'image_background': 'https://media.rawg.io/media/screenshots/3d2/3d2bb57b39e2efa39d1c385585b2ea8b.jpg'}, 'released_at': '1986-01-01', 'requirements': {}}, {'platform': {'id': 4, 'name': 'PC', 'slug': 'pc', 'image': None, 'year_end': None, 'year_start': None, 'games_count': 547196, 'image_background': 'https://media.rawg.io/media/games/6fc/6fcf4cd3b17c288821388e6085bb0fc9.jpg'}, 'released_at': '1986-01-01', 'requirements': {}}]",[],"[{'id': 15731, 'name': 'Palace Software', 'slug': 'palace-software', 'games_count': 8, 'image_background': 'https://media.rawg.io/media/screenshots/d93/d9304513c6c0ac3620f8c735feaa845a.jpg'}]",[],"[{'id': 31, 'name': 'Singleplayer', 'slug': 'singleplayer', 'language': 'eng', 'games_count': 238404, 'image_background': 'https://media.rawg.io/media/games/26d/26d4437715bee60138dab4a7c8c59c92.jpg'}]","[{'id': 11929, 'name': 'Epyx', 'slug': 'epyx', 'games_count': 44, 'image_background': 'https://media.rawg.io/media/screenshots/189/1890b76089fc24b04ca7ce2fc3299274.jpg'}, {'id': 20213, 'name': 'Palace Software', 'slug': 'palace-software', 'games_count': 9, 'image_background': 'https://media.rawg.io/media/screenshots/983/98323867538edab00522e30f89329f23.jpg'}]",,"The Sacred Armour of Antiriad is an action game published by Palace Software in September 1986 for Amstrad CPC, Commodore 64 DOS, TRS-80 and ZX Spectrum. In North America, the game was published by Epyx as Rad Warrior. The original game came with a 16-page comic book created by graphic artist Daniel Malone. The game is notable for being one of the earliest examples of the Metroidvania genre, being developed without knowledge of and concurrently with Metroid.",,1.0,6,1.0,3.0,2.0,,,,,,,,,,,,,,,,0.0,,
53681,alpha-mission-1986,Alpha Mission (1986),Alpha Mission (1986),<p>Alpha Mission (ASO: Armored Scrum Object in Japan) is a vertical scrolling shooter arcade game created by SNK in 1985. It was later ported to the Famicom in 1986 and released for the Nintendo Entertainment System in 1987.</p>,,[],1986-09-03,False,2023-01-11T08:18:53,https://media.rawg.io/media/games/b34/b34381abe80d2885ff347a5cd86a779c.jpg,https://media.rawg.io/media/screenshots/c41/c4197e584f8f0ed581670386d1cc3ff5.jpg,,0.0,0,"[{'id': 3, 'title': 'meh', 'count': 1, 'percent': 100.0}]",12,0,8,0,0,0,0,,,,,0,0,0,0,1,179,"['ASO: Armored Scrum Object', 'Arcade Archives: ASO']",,0,1,1,,1,0f0f0f,0f0f0f,"[{'platform': {'id': 7, 'name': 'Nintendo', 'slug': 'nintendo'}}]","[{'platform': {'id': 49, 'name': 'NES', 'slug': 'nes', 'image': None, 'year_end': None, 'year_start': None, 'games_count': 1015, 'image_background': 'https://media.rawg.io/media/games/7c5/7c50dd0415eb0a57505c58d4e50e4d24.jpg'}, 'released_at': '1986-09-03', 'requirements': {}}]",[],"[{'id': 15189, 'name': 'SNK', 'slug': 'snk', 'games_count': 218, 'image_background': 'https://media.rawg.io/media/screenshots/4cc/4ccee6c3e367f4dd94d19d4857dfc1c9.jpeg'}, {'id': 26540, 'name': 'G1M2', 'slug': 'g1m2', 'games_count': 5, 'image_background': 'https://media.rawg.io/media/games/d03/d03fd432ed0f18812912e6f4d6322e33.jpg'}]","[{'id': 4, 'name': 'Action', 'slug': 'action', 'games_count': 186608, 'image_background': 'https://media.rawg.io/media/games/618/618c2031a07bbff6b4f611f10b6bcdbc.jpg'}, {'id': 2, 'name': 'Shooter', 'slug': 'shooter', 'games_count': 59560, 'image_background': 'https://media.rawg.io/media/games/d58/d588947d4286e7b5e0e12e1bea7d9844.jpg'}]","[{'id': 31, 'name': 'Singleplayer', 'slug': 'singleplayer', 'language': 'eng', 'games_count': 238404, 'image_background': 'https://media.rawg.io/media/games/26d/26d4437715bee60138dab4a7c8c59c92.jpg'}]","[{'id': 11893, 'name': 'SNK', 'slug': 'snk', 'games_count': 229, 'image_background': 'https://media.rawg.io/media/screenshots/2da/2dab29baecf27327f4d896baa39b433d.jpg'}, {'id': 14149, 'name': 'Tradewest', 'slug': 'tradewest', 'games_count': 20, 'image_background': 'https://media.rawg.io/media/screenshots/9ee/9ee35363fc4e595dbcdbcad09be04b35.jpg'}]",,Alpha Mission (ASO: Armored Scrum Object in Japan) is a vertical scrolling shooter arcade game created by SNK in 1985. It was later ported to the Famicom in 1986 and released for the Nintendo Entertainment System in 1987.,,,8,1.0,2.0,1.0,,1.0,Everyone,everyone,,,,,,,,,,,,0.0,,
29480,kicks-1986,Kicks (1986),Kicks (1986),"<p>Kicks (1986) is an arcade game developed by Transoft. It was originally released in 1986. It was published by Transoft. <br>You can play Kicks (1986) on PC. </p>

<p></p>",,[],1986-01-01,False,2023-02-08T10:51:14,https://media.rawg.io/media/screenshots/3a9/3a9683491b18206798c58d50dc285036.jpg,https://media.rawg.io/media/screenshots/3a9/3a93c7e252819b03b5e0971abdd9e091.jpg,,0.0,0,[],12,0,2,0,0,0,0,,,,,0,0,0,0,0,25,[],,0,0,0,,0,0f0f0f,0f0f0f,"[{'platform': {'id': 1, 'name': 'PC', 'slug': 'pc'}}]","[{'platform': {'id': 4, 'name': 'PC', 'slug': 'pc', 'image': None, 'year_end': None, 'year_start': None, 'games_count': 547196, 'image_background': 'https://media.rawg.io/media/games/6fc/6fcf4cd3b17c288821388e6085bb0fc9.jpg'}, 'released_at': '1986-01-01', 'requirements': {}}]",[],"[{'id': 14488, 'name': 'Transoft', 'slug': 'transoft', 'games_count': 2, 'image_background': 'https://media.rawg.io/media/screenshots/97d/97d57435eccbd75e2fc07ba8530232e4.jpg'}]","[{'id': 11, 'name': 'Arcade', 'slug': 'arcade', 'games_count': 22658, 'image_background': 'https://media.rawg.io/media/games/556/556157feed9ee1f55f2b12b2973e30a3.jpg'}]",[],"[{'id': 11499, 'name': 'Transoft', 'slug': 'transoft', 'games_count': 2, 'image_background': 'https://media.rawg.io/media/screenshots/3a9/3a9683491b18206798c58d50dc285036.jpg'}]",,,,1.0,4,2.0,3.0,2.0,,,,,,,,,,,,,,,,0.0,,
56426,destroyer-1986,Destroyer (1986),Destroyer (1986),"<p>Destroyer is a naval combat simulation computer game released by Epyx in 1986. It was published for the Amiga, Apple II, Commodore 64, and IBM PC.</p>",,[],1986-01-01,False,2023-02-08T10:51:18,https://media.rawg.io/media/screenshots/790/7907d5ef3dfc89a49c6cb89ffe2a9ce5.jpg,https://media.rawg.io/media/screenshots/403/4039af4bba8dd128cfe925141f0144d4.jpg,,0.0,0,[],12,0,10,0,0,0,0,,,,,0,0,0,0,0,153,[],,0,0,0,,0,0f0f0f,0f0f0f,"[{'platform': {'id': 1, 'name': 'PC', 'slug': 'pc'}}, {'platform': {'id': 5, 'name': 'Apple Macintosh', 'slug': 'mac'}}, {'platform': {'id': 10, 'name': 'Commodore / Amiga', 'slug': 'commodore-amiga'}}]","[{'platform': {'id': 166, 'name': 'Commodore / Amiga', 'slug': 'commodore-amiga', 'image': None, 'year_end': None, 'year_start': None, 'games_count': 2083, 'image_background': 'https://media.rawg.io/media/games/cce/cce8bebe861f295003f5a9fe5b11233f.jpg'}, 'released_at': '1986-01-01', 'requirements': {}}, {'platform': {'id': 41, 'name': 'Apple II', 'slug': 'apple-ii', 'image': None, 'year_end': None, 'year_start': None, 'games_count': 424, 'image_background': 'https://media.rawg.io/media/screenshots/3d2/3d2bb57b39e2efa39d1c385585b2ea8b.jpg'}, 'released_at': '1986-01-01', 'requirements': {}}, {'platform': {'id': 4, 'name': 'PC', 'slug': 'pc', 'image': None, 'year_end': None, 'year_start': None, 'games_count': 547196, 'image_background': 'https://media.rawg.io/media/games/6fc/6fcf4cd3b17c288821388e6085bb0fc9.jpg'}, 'released_at': '1986-01-01', 'requirements': {}}]",[],"[{'id': 15055, 'name': 'Epyx', 'slug': 'epyx', 'games_count': 47, 'image_background': 'https://media.rawg.io/media/screenshots/e33/e333909a54369eb4ec75e2e80b8da927.jpg'}]","[{'id': 14, 'name': 'Simulation', 'slug': 'simulation', 'games_count': 73491, 'image_background': 'https://media.rawg.io/media/games/48c/48cb04ca483be865e3a83119c94e6097.jpg'}]","[{'id': 1465, 'name': 'combat', 'slug': 'combat', 'language': 'eng', 'games_count': 14418, 'image_background': 'https://media.rawg.io/media/games/f54/f54e9fb2f4aac37810ea1a69a3e4480a.jpg'}]",[],,"Destroyer is a naval combat simulation computer game released by Epyx in 1986. It was published for the Amiga, Apple II, Commodore 64, and IBM PC.",,1.0,7,2.0,1.0,1.0,,,,,,,,,,,,,,,,0.0,,
56395,the-colour-of-magic,The Colour of Magic,The Colour of Magic,"<p>The Colour of Magic is a text adventure game developed by Delta 4 and published by Piranha Games, released in 1986. It was released for the ZX Spectrum, Amstrad CPC, and Commodore 64 computers. It is the first Discworld computer game and so far the only one adapted directly from one of the novels, and follows the plot of the book closely.</p>
<p>In 2006, another video game based on The Colour of Magic was released on mobile phones titled Discworld: The Colour of Magic. It is an isometric action game.</p>",,[],1986-01-01,False,2019-08-28T22:00:30,https://media.rawg.io/media/screenshots/67a/67a3323ff74f188e0e21b443c01477bc.jpg,https://media.rawg.io/media/screenshots/f0b/f0beb64473f6042b1fb709411367c99d.jpg,,0.0,0,[],12,0,9,0,0,0,0,,,,,0,0,0,0,0,171,[],,0,0,3,,0,0f0f0f,0f0f0f,"[{'platform': {'id': 10, 'name': 'Commodore / Amiga', 'slug': 'commodore-amiga'}}]","[{'platform': {'id': 166, 'name': 'Commodore / Amiga', 'slug': 'commodore-amiga', 'image': None, 'year_end': None, 'year_start': None, 'games_count': 2083, 'image_background': 'https://media.rawg.io/media/games/cce/cce8bebe861f295003f5a9fe5b11233f.jpg'}, 'released_at': '1986-01-01', 'requirements': {}}]",[],"[{'id': 27403, 'name': 'Delta 4', 'slug': 'delta-4', 'games_count': 4, 'image_background': 'https://media.rawg.io/media/screenshots/67a/67a3323ff74f188e0e21b443c01477bc.jpg'}]","[{'id': 3, 'name': 'Adventure', 'slug': 'adventure', 'games_count': 146481, 'image_background': 'https://media.rawg.io/media/games/b6b/b6b20bfc4b34e312dbc8aac53c95a348.jpg'}]","[{'id': 31, 'name': 'Singleplayer', 'slug': 'singleplayer', 'language': 'eng', 'games_count': 238404, 'image_background': 'https://media.rawg.io/media/games/26d/26d4437715bee60138dab4a7c8c59c92.jpg'}]","[{'id': 20514, 'name': 'Piranha Games', 'slug': 'piranha-games', 'games_count': 7, 'image_background': 'https://media.rawg.io/media/screenshots/f4d/f4dfbaaa2c33178e9af184a6c89172f8.jpg'}, {'id': 20483, 'name': 'Macmillan Publishers', 'slug': 'macmillan-publishers', 'games_count': 4, 'image_background': 'https://media.rawg.io/media/screenshots/9fd/9fddbfb07eaf3086f86de04297fd867e.jpg'}]",,"The Colour of Magic is a text adventure game developed by Delta 4 and published by Piranha Games, released in 1986. It was released for the ZX Spectrum, Amstrad CPC, and Commodore 64 computers. It is the first Discworld computer game and so far the only one adapted directly from one of the novels, and follows the plot of the book closely.
In 2006, another video game based on The Colour of Magic was released on mobile phones titled Discworld: The Colour of Magic. It is an isometric action game.",,,6,2.0,3.0,1.0,,,,,,,,,,,,,,,,0.0,,
56716,psycho-soldier-1986,Psycho Soldier (1986),Psycho Soldier (1986),"<p>Psycho Soldier (サイコソルジャー, Saiko Sorujā) is a platform game developed by Japanese software company SNK that was originally released in 1986 and internationally in 1987. It is somewhat of a sequel to Athena released a year earlier, Psycho Soldier continues the adventures of Athena, and is noteworthy for being the first video game with a vocal in-game soundtrack. Ocean Software on their Imagine label released home computer versions of the game for the ZX Spectrum, Commodore 64 and Amstrad in 1987.</p>",,[],1986-01-01,False,2023-05-09T16:46:27,https://media.rawg.io/media/screenshots/36a/36acfb021a929ca8bbf7a2d42ab68ff0.jpg,https://media.rawg.io/media/screenshots/d66/d6654eda7c7b1e7585f425934ac28fc9.jpg,,0.0,0,"[{'id': 4, 'title': 'recommended', 'count': 1, 'percent': 50.0}, {'id': 3, 'title': 'meh', 'count': 1, 'percent': 50.0}]",12,0,8,0,0,0,0,,,,,0,0,0,0,2,298,[],,0,0,0,,2,0f0f0f,0f0f0f,"[{'platform': {'id': 1, 'name': 'PC', 'slug': 'pc'}}, {'platform': {'id': 2, 'name': 'PlayStation', 'slug': 'playstation'}}, {'platform': {'id': 10, 'name': 'Commodore / Amiga', 'slug': 'commodore-amiga'}}]","[{'platform': {'id': 166, 'name': 'Commodore / Amiga', 'slug': 'commodore-amiga', 'image': None, 'year_end': None, 'year_start': None, 'games_count': 2083, 'image_background': 'https://media.rawg.io/media/games/cce/cce8bebe861f295003f5a9fe5b11233f.jpg'}, 'released_at': '1986-01-01', 'requirements': {}}, {'platform': {'id': 4, 'name': 'PC', 'slug': 'pc', 'image': None, 'year_end': None, 'year_start': None, 'games_count': 547196, 'image_background': 'https://media.rawg.io/media/games/6fc/6fcf4cd3b17c288821388e6085bb0fc9.jpg'}, 'released_at': '1986-01-01', 'requirements': {}}, {'platform': {'id': 16, 'name': 'PlayStation 3', 'slug': 'playstation3', 'image': None, 'year_end': None, 'year_start': None, 'games_count': 3167, 'image_background': 'https://media.rawg.io/media/games/736/73619bd336c894d6941d926bfd563946.jpg'}, 'released_at': '1986-01-01', 'requirements': {}}, {'platform': {'id': 17, 'name': 'PSP', 'slug': 'psp', 'image': None, 'year_end': None, 'year_start': None, 'games_count': 1374, 'image_background': 'https://media.rawg.io/media/games/9ca/9ca31615beee447f3ae1dc9b3b736dce.jpg'}, 'released_at': '1986-01-01', 'requirements': {}}]",[],"[{'id': 15189, 'name': 'SNK', 'slug': 'snk', 'games_count': 218, 'image_background': 'https://media.rawg.io/media/screenshots/4cc/4ccee6c3e367f4dd94d19d4857dfc1c9.jpeg'}]","[{'id': 4, 'name': 'Action', 'slug': 'action', 'games_count': 186608, 'image_background': 'https://media.rawg.io/media/games/618/618c2031a07bbff6b4f611f10b6bcdbc.jpg'}]","[{'id': 31, 'name': 'Singleplayer', 'slug': 'singleplayer', 'language': 'eng', 'games_count': 238404, 'image_background': 'https://media.rawg.io/media/games/26d/26d4437715bee60138dab4a7c8c59c92.jpg'}, {'id': 7, 'name': 'Multiplayer', 'slug': 'multiplayer', 'language': 'eng', 'games_count': 40505, 'image_background': 'https://media.rawg.io/media/games/021/021c4e21a1824d2526f925eff6324653.jpg'}]","[{'id': 11893, 'name': 'SNK', 'slug': 'snk', 'games_count': 229, 'image_background': 'https://media.rawg.io/media/screenshots/2da/2dab29baecf27327f4d896baa39b433d.jpg'}]",,"Psycho Soldier (サイコソルジャー, Saiko Sorujā) is a platform game developed by Japanese software company SNK that was originally released in 1986 and internationally in 1987. It is somewhat of a sequel to Athena released a year earlier, Psycho Soldier continues the adventures of Athena, and is noteworthy for being the first video game with a vocal in-game soundtrack. Ocean Software on their Imagine label released home computer versions of the game for the ZX Spectrum, Commodore 64 and Amstrad in 1987.",,1.0,5,2.0,2.0,2.0,,,,,,,,,,,,,,,,0.0,,
264685,conflict-in-vietnam,Conflict in Vietnam,Conflict in Vietnam,"Ia Drang, November 1965. The deafening whip of chopper blades indicates that the first large-scale helicopter assault ever attempted is underway. The battle begins with touchdown at LZ X-Ray. It ends five days later and no one is quite sure who has won, or what lessons were learned. <br/>
<br/>
Five major battles from the Vietnam War will test your jungle combat command skills, as you harness airmobile forces, artillery and air strikes in a cat and mouse game of guerilla warfare. Battle simulation includes detailed challenges, including a day-night-cycle, weather, terrain, supply lines, formations, unit organization and experience, and more. <br/>
<br/>
Conflict in Vietnam is a classic real-time simulation game from the 80s designed by Sid Meier and Ed Bever.  The third title in the ""Command Series"" of tactical wargames from Microprose, the game begins with the defeat of the French colonial army and ends with the Viet Cong victory over the South Vietnam forces in 1972.<br/>
<br/>
Each battle has multiple variables, so you can create “what-if” scenarios, and different levels of difficulty.<br/>
<br/>
- Accelerated real-time simulation<br/>
- Historically accurate scenarios<br/>
- Different skill levels<br/>
- Single player campaign<br/>
- Two-play head-to-head<br/>
- Choose to lead either side<br/>
- In-depth historical backgrounds and hints<br/>
<br/>
The idea for the Command Series came from observation of actual tabletop military scenario exercises.  The games challenge you to manage assets, strategically place and move them around the battlefield map, and try to out maneuver the enemy. Victory requires careful strategic thinking and fast responses to rapidly changing battlefield conditions. Sid Meier, one of the most well-known and prolific strategy game designer-producers, collaborated with historian Ed Bever to make the games incredibly historically accurate.",,[],1986-01-01,False,2023-11-04T10:27:34,https://media.rawg.io/media/screenshots/cdc/cdc5cb2fb3bdf11d5ef17f679b0c15bd.jpg,https://media.rawg.io/media/screenshots/41e/41e19e4bc20ba101f04f9cf251fa6e7a.jpg,,0.0,0,"[{'id': 4, 'title': 'recommended', 'count': 1, 'percent': 100.0}]",12,0,2,0,0,0,0,,,,,0,0,0,0,1,55,[],,0,0,0,,1,0f0f0f,0f0f0f,"[{'platform': {'id': 1, 'name': 'PC', 'slug': 'pc'}}]","[{'platform': {'id': 4, 'name': 'PC', 'slug': 'pc', 'image': None, 'year_end': None, 'year_start': None, 'games_count': 547196, 'image_background': 'https://media.rawg.io/media/games/6fc/6fcf4cd3b17c288821388e6085bb0fc9.jpg'}, 'released_at': '2021-11-01', 'requirements': {'minimum': 'Minimum:\nOS: Windows 7 or higher\nProcessor: Pentium 4 or higher\nMemory: 256 MB RAM\nGraphics: DirectX 9 compatible\nAdditional Notes: Runs on Dosbox. Hit any key and press Enter to bypass encryption'}}]","[{'id': 969122, 'url': '', 'store': {'id': 1, 'name': 'Steam', 'slug': 'steam', 'domain': 'store.steampowered.com', 'games_count': 110181, 'image_background': 'https://media.rawg.io/media/games/7fa/7fa0b586293c5861ee32490e953a4996.jpg'}}]","[{'id': 14511, 'name': 'MicroProse Software', 'slug': 'microprose-software', 'games_count': 122, 'image_background': 'https://media.rawg.io/media/screenshots/5e9/5e92af32e3cf118d0aa6a64acfd89ada.jpg'}]","[{'id': 10, 'name': 'Strategy', 'slug': 'strategy', 'games_count': 59661, 'image_background': 'https://media.rawg.io/media/games/08b/08b2eee52a9876a48b955e5149affe5b.jpg'}]","[{'id': 31, 'name': 'Singleplayer', 'slug': 'singleplayer', 'language': 'eng', 'games_count': 238404, 'image_background': 'https://media.rawg.io/media/games/26d/26d4437715bee60138dab4a7c8c59c92.jpg'}, {'id': 45, 'name': '2D', 'slug': '2d', 'language': 'eng', 'games_count': 202072, 'image_background': 'https://media.rawg.io/media/games/8ca/8ca40b562a755d6a0e30d48e6c74b178.jpg'}, {'id': 74, 'name': 'Retro', 'slug': 'retro', 'language': 'eng', 'games_count': 43195, 'image_background': 'https://media.rawg.io/media/games/e04/e04963f3ac4c4fa83a1dc0b9231e50db.jpg'}, {'id': 70, 'name': 'War', 'slug': 'war', 'language': 'eng', 'games_count': 9755, 'image_background': 'https://media.rawg.io/media/games/736/73619bd336c894d6941d926bfd563946.jpg'}, {'id': 89, 'name': 'Historical', 'slug': 'historical', 'language': 'eng', 'games_count': 3648, 'image_background': 'https://media.rawg.io/media/games/997/997ab4d67e96fb20a4092383477d4463.jpg'}, {'id': 168, 'name': 'RTS', 'slug': 'rts', 'language': 'eng', 'games_count': 2680, 'image_background': 'https://media.rawg.io/media/screenshots/65c/65c9c15e274705b5fe343e424ce76ec8.jpg'}, {'id': 101, 'name': 'Turn-Based Strategy', 'slug': 'turn-based-strategy', 'language': 'eng', 'games_count': 5952, 'image_background': 'https://media.rawg.io/media/games/27c/27c86ebfba2281ebe3ea8ca6c9e752f1.jpg'}, {'id': 81, 'name': 'Military', 'slug': 'military', 'language': 'eng', 'games_count': 2249, 'image_background': 'https://media.rawg.io/media/games/8bd/8bd24e3c15354a9555bb1437fe555a69.jpg'}, {'id': 61, 'name': 'Top-Down', 'slug': 'top-down', 'language': 'eng', 'games_count': 27149, 'image_background': 'https://media.rawg.io/media/screenshots/2fc/2fc6994425146f9dba3133400b414e29.jpg'}, {'id': 105, 'name': 'World War II', 'slug': 'world-war-ii', 'language': 'eng', 'games_count': 1024, 'image_background': 'https://media.rawg.io/media/games/da1/da15524e850ee9791b32973b748e08d5.jpg'}, {'id': 224, 'name': '1980s', 'slug': '1980s', 'language': 'eng', 'games_count': 3001, 'image_background': 'https://media.rawg.io/media/games/64a/64a7789943fe9f9d9c93f3a286ee7b20.jpg'}, {'id': 162, 'name': 'Board Game', 'slug': 'board-game', 'language': 'eng', 'games_count': 4291, 'image_background': 'https://media.rawg.io/media/games/f86/f869253c68b38fa789f58cc5be2cb996.jpg'}, {'id': 570, 'name': 'Old School', 'slug': 'old-school', 'language': 'eng', 'games_count': 4421, 'image_background': 'https://media.rawg.io/media/games/261/261f147b8cbe9fed2da8d81a1bb52d68.jpg'}, {'id': 104, 'name': 'Wargame', 'slug': 'wargame', 'language': 'eng', 'games_count': 1712, 'image_background': 'https://media.rawg.io/media/screenshots/08f/08f861f3999fd86336a7917d6947c9a5.jpg'}]","[{'id': 1779, 'name': 'Atari', 'slug': 'atari', 'games_count': 507, 'image_background': 'https://media.rawg.io/media/games/d82/d82dbcf92ded452bf8c6fb1bbdd62e52.jpg'}]",,"Ia Drang, November 1965. The deafening whip of chopper blades indicates that the first large-scale helicopter assault ever attempted is underway. The battle begins with touchdown at LZ X-Ray. It ends five days later and no one is quite sure who has won, or what lessons were learned.
Five major battles from the Vietnam War will test your jungle combat command skills, as you harness airmobile forces, artillery and air strikes in a cat and mouse game of guerilla warfare. Battle simulation includes detailed challenges, including a day-night-cycle, weather, terrain, supply lines, formations, unit organization and experience, and more.
Conflict in Vietnam is a classic real-time simulation game from the 80s designed by Sid Meier and Ed Bever.  The third title in the ""Command Series"" of tactical wargames from Microprose, the game begins with the defeat of the French colonial army and ends with the Viet Cong victory over the South Vietnam forces in 1972.
Each battle has multiple variables, so you can create “what-if” scenarios, and different levels of difficulty.
- Accelerated real-time simulation
- Historically accurate scenarios
- Different skill levels
- Single player campaign
- Two-play head-to-head
- Choose to lead either side
- In-depth historical backgrounds and hints
The idea for the Command Series came from observation of actual tabletop military scenario exercises.  The games challenge you to manage assets, strategically place and move them around the battlefield map, and try to out maneuver the enemy. Victory requires careful strategic thinking and fast responses to rapidly changing battlefield conditions. Sid Meier, one of the most well-known and prolific strategy game designer-producers, collaborated with historian Ed Bever to make the games incredibly historically accurate.",,1.0,7,3.0,,1.0,,,,,,,,,,,,,,,,0.0,,
55629,silicon-dreams,Silicon Dreams,Silicon Dreams,"<p>Silicon Dreams is a trilogy of interactive fiction games developed by Level 9 Computing during the 1980s. The first game was Snowball, released during 1983, followed a year later by Return to Eden, and then by The Worm in Paradise during 1985. The next year they were vended together as the first, second and last of the Silicon Dreams. Early advertisements gave it the title of Silicon Dream, but it was pluralised later.</p>
<p>As most Level 9 games, the trilogy used an interpreted language termed A-code and was usable in all major types of home computer of the time, on either diskette or cassette. Level 9 self-published each game separately, but the combination was published by Telecomsoft, which sold it in the United States with the tradename Firebird and in Europe with the tradename Rainbird.</p>
<p>The trilogy is set in a not too-distant future when humans have started colonising space. For the first two instalments the player has the role of Kim Kimberly, an undercover agent, whose goal in Snowball is to save the colonist's spacecraft from crashing into a star, and in Return to Eden to stop the defence system at the destination planet of Eden from destroying the craft. In The Worm in Paradise, the player, with the role of an unnamed citizen of Eden, must travel around the city of Enoch, learn its secrets, earn money and save the planet.</p>",,[],1986-01-01,False,2024-09-26T17:30:18,https://media.rawg.io/media/screenshots/bb2/bb2f5e4ce385935e7761142d05957d8b.jpg,https://media.rawg.io/media/screenshots/197/1978bbdce1b3fa9ddd9b5df9aa3ffc87.jpg,,0.0,0,"[{'id': 4, 'title': 'recommended', 'count': 2, 'percent': 100.0}]",12,0,15,0,7,0,0,,,,,0,0,0,0,2,170,[],,0,0,0,,2,0f0f0f,0f0f0f,"[{'platform': {'id': 1, 'name': 'PC', 'slug': 'pc'}}, {'platform': {'id': 5, 'name': 'Apple Macintosh', 'slug': 'mac'}}, {'platform': {'id': 9, 'name': 'Atari', 'slug': 'atari'}}, {'platform': {'id': 10, 'name': 'Commodore / Amiga', 'slug': 'commodore-amiga'}}]","[{'platform': {'id': 166, 'name': 'Commodore / Amiga', 'slug': 'commodore-amiga', 'image': None, 'year_end': None, 'year_start': None, 'games_count': 2083, 'image_background': 'https://media.rawg.io/media/games/cce/cce8bebe861f295003f5a9fe5b11233f.jpg'}, 'released_at': '1986-01-01', 'requirements': {}}, {'platform': {'id': 25, 'name': 'Atari 8-bit', 'slug': 'atari-8-bit', 'image': None, 'year_end': None, 'year_start': None, 'games_count': 308, 'image_background': 'https://media.rawg.io/media/screenshots/038/0385a47d3a43b218204268af5361a19e.jpg'}, 'released_at': '1986-01-01', 'requirements': {}}, {'platform': {'id': 34, 'name': 'Atari ST', 'slug': 'atari-st', 'image': None, 'year_end': None, 'year_start': None, 'games_count': 836, 'image_background': 'https://media.rawg.io/media/games/637/637d7dc2f44d0f6ddd3ee2c0b1366962.jpg'}, 'released_at': '1986-01-01', 'requirements': {}}, {'platform': {'id': 55, 'name': 'Classic Macintosh', 'slug': 'macintosh', 'image': None, 'year_end': None, 'year_start': None, 'games_count': 675, 'image_background': 'https://media.rawg.io/media/games/38a/38af969459ad6e5de116ec8a4a84218c.jpg'}, 'released_at': '1986-01-01', 'requirements': {}}, {'platform': {'id': 41, 'name': 'Apple II', 'slug': 'apple-ii', 'image': None, 'year_end': None, 'year_start': None, 'games_count': 424, 'image_background': 'https://media.rawg.io/media/screenshots/3d2/3d2bb57b39e2efa39d1c385585b2ea8b.jpg'}, 'released_at': '1986-01-01', 'requirements': {}}, {'platform': {'id': 4, 'name': 'PC', 'slug': 'pc', 'image': None, 'year_end': None, 'year_start': None, 'games_count': 547196, 'image_background': 'https://media.rawg.io/media/games/6fc/6fcf4cd3b17c288821388e6085bb0fc9.jpg'}, 'released_at': '1986-01-01', 'requirements': {}}]",[],"[{'id': 26917, 'name': 'Level 9 Computing', 'slug': 'level-9-computing', 'games_count': 14, 'image_background': 'https://media.rawg.io/media/screenshots/e13/e138543a6b16ec409eb856656de24e67.jpg'}]","[{'id': 3, 'name': 'Adventure', 'slug': 'adventure', 'games_count': 146481, 'image_background': 'https://media.rawg.io/media/games/b6b/b6b20bfc4b34e312dbc8aac53c95a348.jpg'}]","[{'id': 31, 'name': 'Singleplayer', 'slug': 'singleplayer', 'language': 'eng', 'games_count': 238404, 'image_background': 'https://media.rawg.io/media/games/26d/26d4437715bee60138dab4a7c8c59c92.jpg'}]","[{'id': 19518, 'name': 'Firebird', 'slug': 'firebird', 'games_count': 13, 'image_background': 'https://media.rawg.io/media/screenshots/a38/a38a2d68cc586603b9162f5e25b14245.jpg'}, {'id': 20215, 'name': 'Rainbird', 'slug': 'rainbird', 'games_count': 8, 'image_background': 'https://media.rawg.io/media/screenshots/c01/c0146832693c7574d0b3e875f8ed4b5d.jpg'}]",,"Silicon Dreams is a trilogy of interactive fiction games developed by Level 9 Computing during the 1980s. The first game was Snowball, released during 1983, followed a year later by Return to Eden, and then by The Worm in Paradise during 1985. The next year they were vended together as the first, second and last of the Silicon Dreams. Early advertisements gave it the title of Silicon Dream, but it was pluralised later.
As most Level 9 games, the trilogy used an interpreted language termed A-code and was usable in all major types of home computer of the time, on either diskette or cassette. Level 9 self-published each game separately, but the combination was published by Telecomsoft, which sold it in the United States with the tradename Firebird and in Europe with the tradename Rainbird.
The trilogy is set in a not too-distant future when humans have started colonising space. For the first two instalments the player has the role of Kim Kimberly, an undercover agent, whose goal in Snowball is to save the colonist's spacecraft from crashing into a star, and in Return to Eden to stop the defence system at the destination planet of Eden from destroying the craft. In The Worm in Paradise, the player, with the role of an unnamed citizen of Eden, must travel around the city of Enoch, learn its secrets, earn money and save the planet.",,1.0,5,2.0,3.0,1.0,,,,,,,,,,,,,,,,0.0,,
56786,sorcerer-lord,Sorcerer Lord,Sorcerer Lord,"<p>Sorcerer Lord is turn based strategy-fantasy game published and developed by now defunct Personal Software Services. It was first released in 1987 for ZX Spectrum and Amstrad CPC. During next 2 years game was also released for Commodore 64, Atari ST, MS-DOS and Amiga.</p>",,[],1986-12-31,False,2023-02-08T10:50:41,https://media.rawg.io/media/screenshots/938/93860ecb9d01042d748d7f13bd91295d.jpg,https://media.rawg.io/media/screenshots/2ab/2abd64129319050e19e2b58177188c83.jpg,,0.0,0,"[{'id': 4, 'title': 'recommended', 'count': 1, 'percent': 50.0}, {'id': 1, 'title': 'skip', 'count': 1, 'percent': 50.0}]",12,0,15,0,0,0,0,,,,,0,0,0,0,2,312,[],,0,0,0,,2,0f0f0f,0f0f0f,"[{'platform': {'id': 1, 'name': 'PC', 'slug': 'pc'}}, {'platform': {'id': 9, 'name': 'Atari', 'slug': 'atari'}}, {'platform': {'id': 10, 'name': 'Commodore / Amiga', 'slug': 'commodore-amiga'}}]","[{'platform': {'id': 4, 'name': 'PC', 'slug': 'pc', 'image': None, 'year_end': None, 'year_start': None, 'games_count': 547196, 'image_background': 'https://media.rawg.io/media/games/6fc/6fcf4cd3b17c288821388e6085bb0fc9.jpg'}, 'released_at': '1986-12-31', 'requirements': {}}, {'platform': {'id': 166, 'name': 'Commodore / Amiga', 'slug': 'commodore-amiga', 'image': None, 'year_end': None, 'year_start': None, 'games_count': 2083, 'image_background': 'https://media.rawg.io/media/games/cce/cce8bebe861f295003f5a9fe5b11233f.jpg'}, 'released_at': '1987-01-01', 'requirements': {}}, {'platform': {'id': 34, 'name': 'Atari ST', 'slug': 'atari-st', 'image': None, 'year_end': None, 'year_start': None, 'games_count': 836, 'image_background': 'https://media.rawg.io/media/games/637/637d7dc2f44d0f6ddd3ee2c0b1366962.jpg'}, 'released_at': '1987-01-01', 'requirements': {}}]","[{'id': 896623, 'url': '', 'store': {'id': 5, 'name': 'GOG', 'slug': 'gog', 'domain': 'gog.com', 'games_count': 6713, 'image_background': 'https://media.rawg.io/media/games/5c0/5c0dd63002cb23f804aab327d40ef119.jpg'}}]","[{'id': 26926, 'name': 'Personal Software Services', 'slug': 'personal-software-services', 'games_count': 7, 'image_background': 'https://media.rawg.io/media/screenshots/693/693a7380481451b646fdd9ce0984f953.jpg'}, {'id': 27086, 'name': 'PSS', 'slug': 'pss', 'games_count': 11, 'image_background': 'https://media.rawg.io/media/screenshots/2e0/2e074142dfebcc09d82d681b807a0d94.jpg'}]","[{'id': 10, 'name': 'Strategy', 'slug': 'strategy', 'games_count': 59661, 'image_background': 'https://media.rawg.io/media/games/08b/08b2eee52a9876a48b955e5149affe5b.jpg'}]","[{'id': 31, 'name': 'Singleplayer', 'slug': 'singleplayer', 'language': 'eng', 'games_count': 238404, 'image_background': 'https://media.rawg.io/media/games/26d/26d4437715bee60138dab4a7c8c59c92.jpg'}]","[{'id': 10382, 'name': 'Throwback Entertainment', 'slug': 'throwback-entertainment', 'games_count': 30, 'image_background': 'https://media.rawg.io/media/screenshots/d5d/d5d3b088dc053f9404ec568dc09187a6.jpg'}, {'id': 20202, 'name': 'Personal Software Services', 'slug': 'personal-software-services', 'games_count': 5, 'image_background': 'https://media.rawg.io/media/screenshots/938/93860ecb9d01042d748d7f13bd91295d.jpg'}, {'id': 20333, 'name': 'PSS', 'slug': 'pss', 'games_count': 2, 'image_background': 'https://media.rawg.io/media/screenshots/938/93860ecb9d01042d748d7f13bd91295d.jpg'}]",,"Sorcerer Lord is turn based strategy-fantasy game published and developed by now defunct Personal Software Services. It was first released in 1987 for ZX Spectrum and Amstrad CPC. During next 2 years game was also released for Commodore 64, Atari ST, MS-DOS and Amiga.",,1.0,5,2.0,3.0,1.0,,,,,,,,,,,,,,,,0.0,,
56641,miami-vice,Miami Vice (1986),Miami Vice (1986),"<p>In this spin-off from a popular TV cop show of the 1980s, Crockett and Tubbs are trying to smash a drugs ring bossed by Mr. J. You have to start at the bottom, initially busting the casual dealers before reaching their suppliers, and ultimately the casino-dwelling honchos.</p>
<p>This is done through a combination of driving and shooting, through an overhead rendition of Miami. When crooks are stopped they will often provide valuable information, although sometimes they can only be stopped by shooting them.</p>",,[],1986-01-01,False,2024-04-11T08:22:06,https://media.rawg.io/media/games/0eb/0ebe5f8169564c528afb7d478ae9c2ee.jpg,https://media.rawg.io/media/screenshots/f3e/f3e4e81b61ff249a90afe6d282d10d8c.jpg,,0.0,0,"[{'id': 1, 'title': 'skip', 'count': 1, 'percent': 100.0}]",12,0,9,0,1,0,0,,,,,0,0,0,0,1,161,[],,0,0,2,,1,0f0f0f,0f0f0f,"[{'platform': {'id': 10, 'name': 'Commodore / Amiga', 'slug': 'commodore-amiga'}}]","[{'platform': {'id': 166, 'name': 'Commodore / Amiga', 'slug': 'commodore-amiga', 'image': None, 'year_end': None, 'year_start': None, 'games_count': 2083, 'image_background': 'https://media.rawg.io/media/games/cce/cce8bebe861f295003f5a9fe5b11233f.jpg'}, 'released_at': '1986-01-01', 'requirements': {}}]",[],"[{'id': 27525, 'name': 'Canvas', 'slug': 'canvas', 'games_count': 2, 'image_background': 'https://media.rawg.io/media/screenshots/05c/05c9d5749a99346c47703b18bf4c717a.jpg'}]","[{'id': 4, 'name': 'Action', 'slug': 'action', 'games_count': 186608, 'image_background': 'https://media.rawg.io/media/games/618/618c2031a07bbff6b4f611f10b6bcdbc.jpg'}, {'id': 2, 'name': 'Shooter', 'slug': 'shooter', 'games_count': 59560, 'image_background': 'https://media.rawg.io/media/games/d58/d588947d4286e7b5e0e12e1bea7d9844.jpg'}, {'id': 1, 'name': 'Racing', 'slug': 'racing', 'games_count': 25359, 'image_background': 'https://media.rawg.io/media/screenshots/69b/69bb243ea9896ddfc2e051b58e81624d.jpg'}]","[{'id': 31, 'name': 'Singleplayer', 'slug': 'singleplayer', 'language': 'eng', 'games_count': 238404, 'image_background': 'https://media.rawg.io/media/games/26d/26d4437715bee60138dab4a7c8c59c92.jpg'}]","[{'id': 11474, 'name': 'Ocean Software', 'slug': 'ocean-software', 'games_count': 106, 'image_background': 'https://media.rawg.io/media/screenshots/11b/11b13a543a0ff469af2584b8831cc43b.jpg'}]",,"In this spin-off from a popular TV cop show of the 1980s, Crockett and Tubbs are trying to smash a drugs ring bossed by Mr. J. You have to start at the bottom, initially busting the casual dealers before reaching their suppliers, and ultimately the casino-dwelling honchos.

This is done through a combination of driving and shooting, through an overhead rendition of Miami. When crooks are stopped they will often provide valuable information, although sometimes they can only be stopped by shooting them.",,,7,1.0,3.0,1.0,,,,,,,,,,,,,,,,0.0,,
52435,midnight-magic,Midnight Magic,Midnight Magic,"<p>Midnight Magic is a video game released for the Atari 2600 video game console in 1986, although on-screen it displays a copyright of 1984.</p>",,[],1986-01-01,False,2019-08-28T22:26:31,https://media.rawg.io/media/screenshots/98c/98c049888d240b7d15ad7c16e9fdf321.jpg,https://media.rawg.io/media/screenshots/322/3223990c369dda8bbfce9412c7102fbb.jpg,,0.0,0,[],12,0,9,0,1,0,0,,,,,0,0,0,0,0,228,[],,0,0,0,,0,0f0f0f,0f0f0f,"[{'platform': {'id': 5, 'name': 'Apple Macintosh', 'slug': 'mac'}}, {'platform': {'id': 9, 'name': 'Atari', 'slug': 'atari'}}, {'platform': {'id': 10, 'name': 'Commodore / Amiga', 'slug': 'commodore-amiga'}}]","[{'platform': {'id': 41, 'name': 'Apple II', 'slug': 'apple-ii', 'image': None, 'year_end': None, 'year_start': None, 'games_count': 424, 'image_background': 'https://media.rawg.io/media/screenshots/3d2/3d2bb57b39e2efa39d1c385585b2ea8b.jpg'}, 'released_at': '1986-01-01', 'requirements': {}}, {'platform': {'id': 25, 'name': 'Atari 8-bit', 'slug': 'atari-8-bit', 'image': None, 'year_end': None, 'year_start': None, 'games_count': 308, 'image_background': 'https://media.rawg.io/media/screenshots/038/0385a47d3a43b218204268af5361a19e.jpg'}, 'released_at': '1986-01-01', 'requirements': {}}, {'platform': {'id': 23, 'name': 'Atari 2600', 'slug': 'atari-2600', 'image': None, 'year_end': None, 'year_start': None, 'games_count': 294, 'image_background': 'https://media.rawg.io/media/screenshots/ff6/ff623993a854663931c1e78d72a16a5a.jpg'}, 'released_at': '1986-01-01', 'requirements': {}}, {'platform': {'id': 166, 'name': 'Commodore / Amiga', 'slug': 'commodore-amiga', 'image': None, 'year_end': None, 'year_start': None, 'games_count': 2083, 'image_background': 'https://media.rawg.io/media/games/cce/cce8bebe861f295003f5a9fe5b11233f.jpg'}, 'released_at': '1986-01-01', 'requirements': {}}]",[],"[{'id': 656, 'name': 'Atari', 'slug': 'atari', 'games_count': 137, 'image_background': 'https://media.rawg.io/media/games/0d2/0d2d6f345cd77639d65a235cb7dd0a21.jpg'}]",[],"[{'id': 31, 'name': 'Singleplayer', 'slug': 'singleplayer', 'language': 'eng', 'games_count': 238404, 'image_background': 'https://media.rawg.io/media/games/26d/26d4437715bee60138dab4a7c8c59c92.jpg'}]","[{'id': 1779, 'name': 'Atari', 'slug': 'atari', 'games_count': 507, 'image_background': 'https://media.rawg.io/media/games/d82/d82dbcf92ded452bf8c6fb1bbdd62e52.jpg'}]",,"Midnight Magic is a video game released for the Atari 2600 video game console in 1986, although on-screen it displays a copyright of 1984.",,,5,3.0,3.0,1.0,,,,,,,,,,,,,,,,0.0,,
56836,tass-times-in-tonetown,Tass Times in Tonetown,Tass Times in Tonetown,"<p>Tass Times in Tonetown is a 1986 adventure game by Activision. It was written by veteran Infocom designer Michael Berlyn and his long-time collaborator Muffy McClung Berlyn, and programmed by Bill Heineman of Interplay in cooperation with Brainwave Creations.<br />
Tass Times was released for the Atari ST, Amiga, Commodore 64, Apple II, Apple IIGS, Macintosh and IBM PC. It was the first commercial game for the IIGS.</p>",,[],1986-01-01,False,2021-11-22T00:26:24,https://media.rawg.io/media/screenshots/b6f/b6f859bf45074d1deacaf91f6826b4ec.jpg,https://media.rawg.io/media/screenshots/085/085091f04e0cfa20337f4a4cacfa8fb5.jpg,,0.0,0,"[{'id': 4, 'title': 'recommended', 'count': 1, 'percent': 100.0}]",12,0,12,0,9,0,0,,,,,0,0,0,0,1,265,"['Ennio: The Legend Begins', 'Tass Times in Tonetown: A Bizarre Adventure into an Alternate Reality']",,0,0,0,,1,0f0f0f,0f0f0f,"[{'platform': {'id': 5, 'name': 'Apple Macintosh', 'slug': 'mac'}}, {'platform': {'id': 9, 'name': 'Atari', 'slug': 'atari'}}, {'platform': {'id': 10, 'name': 'Commodore / Amiga', 'slug': 'commodore-amiga'}}]","[{'platform': {'id': 34, 'name': 'Atari ST', 'slug': 'atari-st', 'image': None, 'year_end': None, 'year_start': None, 'games_count': 836, 'image_background': 'https://media.rawg.io/media/games/637/637d7dc2f44d0f6ddd3ee2c0b1366962.jpg'}, 'released_at': '1986-01-01', 'requirements': {}}, {'platform': {'id': 41, 'name': 'Apple II', 'slug': 'apple-ii', 'image': None, 'year_end': None, 'year_start': None, 'games_count': 424, 'image_background': 'https://media.rawg.io/media/screenshots/3d2/3d2bb57b39e2efa39d1c385585b2ea8b.jpg'}, 'released_at': '1986-01-01', 'requirements': {}}, {'platform': {'id': 55, 'name': 'Classic Macintosh', 'slug': 'macintosh', 'image': None, 'year_end': None, 'year_start': None, 'games_count': 675, 'image_background': 'https://media.rawg.io/media/games/38a/38af969459ad6e5de116ec8a4a84218c.jpg'}, 'released_at': '1986-01-01', 'requirements': {}}, {'platform': {'id': 166, 'name': 'Commodore / Amiga', 'slug': 'commodore-amiga', 'image': None, 'year_end': None, 'year_start': None, 'games_count': 2083, 'image_background': 'https://media.rawg.io/media/games/cce/cce8bebe861f295003f5a9fe5b11233f.jpg'}, 'released_at': '1986-01-01', 'requirements': {}}]",[],"[{'id': 12539, 'name': 'Interplay Entertainment', 'slug': 'interplay-entertainment', 'games_count': 61, 'image_background': 'https://media.rawg.io/media/screenshots/5ad/5adb88d1c6b9fc4fde1f372c9b6e451b.jpg'}, {'id': 27616, 'name': 'Brainwave Creations', 'slug': 'brainwave-creations', 'games_count': 1, 'image_background': 'https://media.rawg.io/media/screenshots/b6f/b6f859bf45074d1deacaf91f6826b4ec.jpg'}]","[{'id': 3, 'name': 'Adventure', 'slug': 'adventure', 'games_count': 146481, 'image_background': 'https://media.rawg.io/media/games/b6b/b6b20bfc4b34e312dbc8aac53c95a348.jpg'}]","[{'id': 31, 'name': 'Singleplayer', 'slug': 'singleplayer', 'language': 'eng', 'games_count': 238404, 'image_background': 'https://media.rawg.io/media/games/26d/26d4437715bee60138dab4a7c8c59c92.jpg'}]","[{'id': 10830, 'name': 'Activision Blizzard', 'slug': 'activision-blizzard', 'games_count': 691, 'image_background': 'https://media.rawg.io/media/games/445/44507fdd60a8ec02b1c3c64a293ca754.jpg'}, {'id': 7133, 'name': 'Activison', 'slug': 'activison', 'games_count': 99, 'image_background': 'https://media.rawg.io/media/games/2f2/2f2eb93e32d400677b0b27f4686f7b4f.jpg'}]",,"Tass Times in Tonetown is a 1986 adventure game by Activision. It was written by veteran Infocom designer Michael Berlyn and his long-time collaborator Muffy McClung Berlyn, and programmed by Bill Heineman of Interplay in cooperation with Brainwave Creations.
Tass Times was released for the Atari ST, Amiga, Commodore 64, Apple II, Apple IIGS, Macintosh and IBM PC. It was the first commercial game for the IIGS.",,,6,2.0,3.0,1.0,,,,,,,,,,,,,,,,0.0,,
56852,trailblazer-2005,Trailblazer (1986),Trailblazer (1986),"<p>Trailblazer is a video game that requires the player to direct a ball along a series of suspended passages. Released originally by Gremlin Graphics for the ZX Spectrum, Commodore 64, Atari 8-bit family, Amstrad CPC and C16/plus/4 in 1986 (there was also an enhanced version on Amstrad CPC 3&quot; disc). It was ported to the Amiga and Atari ST.<br />
In 2005 a port to the Gizmondo handheld games console was released.</p>",,[],1986-10-02,False,2019-08-28T22:25:52,https://media.rawg.io/media/screenshots/046/046ff84e65196c8fc8b17f62306fbece.jpg,https://media.rawg.io/media/screenshots/5c2/5c23eae86b0b9b602a57ba1e5e93edab.jpg,,0.0,0,[],12,0,14,0,3,0,0,,,,,0,0,0,0,0,291,[],,0,0,0,,0,0f0f0f,0f0f0f,"[{'platform': {'id': 9, 'name': 'Atari', 'slug': 'atari'}}, {'platform': {'id': 10, 'name': 'Commodore / Amiga', 'slug': 'commodore-amiga'}}]","[{'platform': {'id': 25, 'name': 'Atari 8-bit', 'slug': 'atari-8-bit', 'image': None, 'year_end': None, 'year_start': None, 'games_count': 308, 'image_background': 'https://media.rawg.io/media/screenshots/038/0385a47d3a43b218204268af5361a19e.jpg'}, 'released_at': '1986-10-02', 'requirements': {}}, {'platform': {'id': 34, 'name': 'Atari ST', 'slug': 'atari-st', 'image': None, 'year_end': None, 'year_start': None, 'games_count': 836, 'image_background': 'https://media.rawg.io/media/games/637/637d7dc2f44d0f6ddd3ee2c0b1366962.jpg'}, 'released_at': '1986-10-02', 'requirements': {}}, {'platform': {'id': 166, 'name': 'Commodore / Amiga', 'slug': 'commodore-amiga', 'image': None, 'year_end': None, 'year_start': None, 'games_count': 2083, 'image_background': 'https://media.rawg.io/media/games/cce/cce8bebe861f295003f5a9fe5b11233f.jpg'}, 'released_at': '1986-10-02', 'requirements': {}}]",[],"[{'id': 15847, 'name': 'Magnetic Fields', 'slug': 'magnetic-fields', 'games_count': 14, 'image_background': 'https://media.rawg.io/media/screenshots/53f/53f898a7450ac0304c0c4b78a77321b2.jpg'}, {'id': 27633, 'name': 'Mr. Chip', 'slug': 'mr-chip', 'games_count': 1, 'image_background': 'https://media.rawg.io/media/screenshots/046/046ff84e65196c8fc8b17f62306fbece.jpg'}]","[{'id': 1, 'name': 'Racing', 'slug': 'racing', 'games_count': 25359, 'image_background': 'https://media.rawg.io/media/screenshots/69b/69bb243ea9896ddfc2e051b58e81624d.jpg'}, {'id': 7, 'name': 'Puzzle', 'slug': 'puzzle', 'games_count': 97333, 'image_background': 'https://media.rawg.io/media/games/9f4/9f418898f5415668ca47b5f4ab1ecfeb.jpg'}]","[{'id': 31, 'name': 'Singleplayer', 'slug': 'singleplayer', 'language': 'eng', 'games_count': 238404, 'image_background': 'https://media.rawg.io/media/games/26d/26d4437715bee60138dab4a7c8c59c92.jpg'}]","[{'id': 10943, 'name': 'MINDSCAPE', 'slug': 'mindscape', 'games_count': 108, 'image_background': 'https://media.rawg.io/media/screenshots/0b1/0b12ddf58af6047922a20dd0d310ad18.jpg'}, {'id': 11477, 'name': 'Gremlin Interactive', 'slug': 'gremlin-interactive', 'games_count': 58, 'image_background': 'https://media.rawg.io/media/games/885/8858877b10b705b4fcd9c0fc7946f4c7.jpg'}, {'id': 11956, 'name': 'Gremlin Graphics', 'slug': 'gremlin-graphics', 'games_count': 38, 'image_background': 'https://media.rawg.io/media/screenshots/05f/05fc758450ac0061ba8146ea557add01.jpg'}, {'id': 20628, 'name': 'Gizmondo', 'slug': 'gizmondo-2', 'games_count': 1, 'image_background': 'https://media.rawg.io/media/screenshots/046/046ff84e65196c8fc8b17f62306fbece.jpg'}]",,"Trailblazer is a video game that requires the player to direct a ball along a series of suspended passages. Released originally by Gremlin Graphics for the ZX Spectrum, Commodore 64, Atari 8-bit family, Amstrad CPC and C16/plus/4 in 1986 (there was also an enhanced version on Amstrad CPC 3"" disc). It was ported to the Amiga and Atari ST.
In 2005 a port to the Gizmondo handheld games console was released.",,,8,1.0,2.0,1.0,,,,,,,,,,,,,,,,0.0,,
56318,asterix-and-the-magic-cauldron,Asterix and the Magic Cauldron,Asterix and the Magic Cauldron,"<p>Asterix and the Magic Cauldron is a computer game for the Amstrad CPC, Commodore 64 and ZX Spectrum home computers based on the popular French Asterix comic books. The game was released in 1986.</p>
<p>Asterix and the Magic Cauldron is a graphical adventure game, where the player takes the role of Asterix, who has to find all the pieces of the missing cauldron, so that Getafix the druid can brew magic potion and the Gaulish village can stand against the Romans.</p>
<p>The game takes place in several interconnected ""rooms"", each of which take up one screen. The game starts at the Gaulish village, and Asterix can also travel out to the forest, and to Roman camps. When Asterix meets a wild boar or a Roman legionary, a separate fight scene ensues. Defeated wild boar can be eaten to provide extra sustenance.</p>",,[],1986-01-01,False,2019-08-28T22:25:59,https://media.rawg.io/media/screenshots/00a/00ae564bc514b9a00b2244e3d5660c74.jpg,https://media.rawg.io/media/screenshots/908/90836d6709367272c325ba882689e13e.jpg,,0.0,0,[],12,0,9,0,0,0,0,,,,,0,0,0,0,0,245,[],,0,0,17,,0,0f0f0f,0f0f0f,"[{'platform': {'id': 10, 'name': 'Commodore / Amiga', 'slug': 'commodore-amiga'}}]","[{'platform': {'id': 166, 'name': 'Commodore / Amiga', 'slug': 'commodore-amiga', 'image': None, 'year_end': None, 'year_start': None, 'games_count': 2083, 'image_background': 'https://media.rawg.io/media/games/cce/cce8bebe861f295003f5a9fe5b11233f.jpg'}, 'released_at': '1986-01-01', 'requirements': {}}]",[],"[{'id': 13227, 'name': 'Beam Software', 'slug': 'beam-software', 'games_count': 73, 'image_background': 'https://media.rawg.io/media/screenshots/27e/27e552bc7ab2c13154ea7bc1e75c8c97.jpg'}, {'id': 26238, 'name': 'Krome Studios Melbourne', 'slug': 'krome-studios-melbourne', 'games_count': 43, 'image_background': 'https://media.rawg.io/media/screenshots/461/46155242dc47b7ae8b4dc9d524cffd3e.jpg'}]","[{'id': 3, 'name': 'Adventure', 'slug': 'adventure', 'games_count': 146481, 'image_background': 'https://media.rawg.io/media/games/b6b/b6b20bfc4b34e312dbc8aac53c95a348.jpg'}]","[{'id': 31, 'name': 'Singleplayer', 'slug': 'singleplayer', 'language': 'eng', 'games_count': 238404, 'image_background': 'https://media.rawg.io/media/games/26d/26d4437715bee60138dab4a7c8c59c92.jpg'}]","[{'id': 11640, 'name': 'Melbourne House', 'slug': 'melbourne-house', 'games_count': 20, 'image_background': 'https://media.rawg.io/media/screenshots/4b5/4b5da9777256bee3ad67ce22db580604.jpg'}, {'id': 19919, 'name': 'Krome Studios Melbourne', 'slug': 'krome-studios-melbourne', 'games_count': 14, 'image_background': 'https://media.rawg.io/media/screenshots/753/753292d5a5792dd004033f0fdada95f7.jpg'}]",,"Asterix and the Magic Cauldron is a computer game for the Amstrad CPC, Commodore 64 and ZX Spectrum home computers based on the popular French Asterix comic books. The game was released in 1986.
Asterix and the Magic Cauldron is a graphical adventure game, where the player takes the role of Asterix, who has to find all the pieces of the missing cauldron, so that Getafix the druid can brew magic potion and the Gaulish village can stand against the Romans.
The game takes place in several interconnected ""rooms"", each of which take up one screen. The game starts at the Gaulish village, and Asterix can also travel out to the forest, and to Roman camps. When Asterix meets a wild boar or a Roman legionary, a separate fight scene ensues. Defeated wild boar can be eaten to provide extra sustenance.",,,6,2.0,3.0,1.0,,,,,,,,,,,,,,,,0.0,,
56761,scooby-doo,Scooby-Doo,Scooby-Doo,"<p>Scooby-Doo (also known as Scooby Doo in the Castle Mystery) is a video game based on the television character of the same name. The game was developed in 1986 by Gargoyle Games for the Amstrad CPC, Commodore 64, ZX Spectrum and the Commodore Plus/4 personal computers.</p>",,[],1986-01-01,False,2019-08-28T22:00:18,https://media.rawg.io/media/screenshots/b99/b99398da0b4c473c5adbd60904c855c1.jpg,https://media.rawg.io/media/screenshots/d2a/d2ae6e11de08af68881aff9462bbb036.jpg,,0.0,0,[],12,0,8,0,0,0,0,,,,,0,0,0,0,0,251,[],,0,0,0,,0,0f0f0f,0f0f0f,"[{'platform': {'id': 10, 'name': 'Commodore / Amiga', 'slug': 'commodore-amiga'}}]","[{'platform': {'id': 166, 'name': 'Commodore / Amiga', 'slug': 'commodore-amiga', 'image': None, 'year_end': None, 'year_start': None, 'games_count': 2083, 'image_background': 'https://media.rawg.io/media/games/cce/cce8bebe861f295003f5a9fe5b11233f.jpg'}, 'released_at': '1986-01-01', 'requirements': {}}]",[],"[{'id': 27586, 'name': 'Gargoyle Games', 'slug': 'gargoyle-games', 'games_count': 1, 'image_background': 'https://media.rawg.io/media/screenshots/b99/b99398da0b4c473c5adbd60904c855c1.jpg'}]","[{'id': 4, 'name': 'Action', 'slug': 'action', 'games_count': 186608, 'image_background': 'https://media.rawg.io/media/games/618/618c2031a07bbff6b4f611f10b6bcdbc.jpg'}]","[{'id': 31, 'name': 'Singleplayer', 'slug': 'singleplayer', 'language': 'eng', 'games_count': 238404, 'image_background': 'https://media.rawg.io/media/games/26d/26d4437715bee60138dab4a7c8c59c92.jpg'}]","[{'id': 11855, 'name': 'Elite Systems', 'slug': 'elite-systems', 'games_count': 28, 'image_background': 'https://media.rawg.io/media/screenshots/310/310b7ee55711ca5b0b4e7cd11a6bf3d1_FhUKexc.jpg'}]",,"Scooby-Doo (also known as Scooby Doo in the Castle Mystery) is a video game based on the television character of the same name. The game was developed in 1986 by Gargoyle Games for the Amstrad CPC, Commodore 64, ZX Spectrum and the Commodore Plus/4 personal computers.",,1.0,5,1.0,4.0,1.0,,,,,,,,,,,,,,,,0.0,,
53870,victory-road-1986,Victory Road (1986),Victory Road (1986),"<p>Victory Road (怒号層圏, Dogō Sōken, lit. ""Bellowing Atmosphere"") an arcade video game released in 1986. It is the sequel to Ikari Warriors.</p>
<p>The objective is to defeat the enemy aliens using grenades and other weapons. The story directly picks up at the ending of Ikari Warriors. Congratulated by General Kawasaki for rescuing him, Paul and Vince return home to their native country in a plane arranged by the general. A mysterious storm appears and they are hurtled thousands of years into the future. They are met by an alien creature who says that the villain Zang Zip has taken over the land.</p>",,[],1986-01-01,False,2023-02-08T10:51:04,https://media.rawg.io/media/screenshots/82d/82dcf5afce3eaa848fdadd6fb65837a3.jpg,https://media.rawg.io/media/screenshots/ee8/ee84cb3123704559f4ca56a65107ddc5.jpg,,0.0,0,"[{'id': 3, 'title': 'meh', 'count': 1, 'percent': 100.0}]",12,0,18,0,1,0,0,,,,,0,0,0,0,1,352,[],,0,0,0,,1,0f0f0f,0f0f0f,"[{'platform': {'id': 1, 'name': 'PC', 'slug': 'pc'}}, {'platform': {'id': 2, 'name': 'PlayStation', 'slug': 'playstation'}}, {'platform': {'id': 5, 'name': 'Apple Macintosh', 'slug': 'mac'}}, {'platform': {'id': 7, 'name': 'Nintendo', 'slug': 'nintendo'}}, {'platform': {'id': 9, 'name': 'Atari', 'slug': 'atari'}}, {'platform': {'id': 10, 'name': 'Commodore / Amiga', 'slug': 'commodore-amiga'}}]","[{'platform': {'id': 34, 'name': 'Atari ST', 'slug': 'atari-st', 'image': None, 'year_end': None, 'year_start': None, 'games_count': 836, 'image_background': 'https://media.rawg.io/media/games/637/637d7dc2f44d0f6ddd3ee2c0b1366962.jpg'}, 'released_at': '1986-01-01', 'requirements': {}}, {'platform': {'id': 49, 'name': 'NES', 'slug': 'nes', 'image': None, 'year_end': None, 'year_start': None, 'games_count': 1015, 'image_background': 'https://media.rawg.io/media/games/7c5/7c50dd0415eb0a57505c58d4e50e4d24.jpg'}, 'released_at': '1986-01-01', 'requirements': {}}, {'platform': {'id': 41, 'name': 'Apple II', 'slug': 'apple-ii', 'image': None, 'year_end': None, 'year_start': None, 'games_count': 424, 'image_background': 'https://media.rawg.io/media/screenshots/3d2/3d2bb57b39e2efa39d1c385585b2ea8b.jpg'}, 'released_at': '1986-01-01', 'requirements': {}}, {'platform': {'id': 4, 'name': 'PC', 'slug': 'pc', 'image': None, 'year_end': None, 'year_start': None, 'games_count': 547196, 'image_background': 'https://media.rawg.io/media/games/6fc/6fcf4cd3b17c288821388e6085bb0fc9.jpg'}, 'released_at': '1986-01-01', 'requirements': {}}, {'platform': {'id': 16, 'name': 'PlayStation 3', 'slug': 'playstation3', 'image': None, 'year_end': None, 'year_start': None, 'games_count': 3167, 'image_background': 'https://media.rawg.io/media/games/736/73619bd336c894d6941d926bfd563946.jpg'}, 'released_at': '1986-01-01', 'requirements': {}}, {'platform': {'id': 17, 'name': 'PSP', 'slug': 'psp', 'image': None, 'year_end': None, 'year_start': None, 'games_count': 1374, 'image_background': 'https://media.rawg.io/media/games/9ca/9ca31615beee447f3ae1dc9b3b736dce.jpg'}, 'released_at': '1986-01-01', 'requirements': {}}, {'platform': {'id': 166, 'name': 'Commodore / Amiga', 'slug': 'commodore-amiga', 'image': None, 'year_end': None, 'year_start': None, 'games_count': 2083, 'image_background': 'https://media.rawg.io/media/games/cce/cce8bebe861f295003f5a9fe5b11233f.jpg'}, 'released_at': '1986-01-01', 'requirements': {}}]",[],"[{'id': 15189, 'name': 'SNK', 'slug': 'snk', 'games_count': 218, 'image_background': 'https://media.rawg.io/media/screenshots/4cc/4ccee6c3e367f4dd94d19d4857dfc1c9.jpeg'}, {'id': 26598, 'name': 'Paradise Software', 'slug': 'paradise-software', 'games_count': 1, 'image_background': 'https://media.rawg.io/media/screenshots/82d/82dcf5afce3eaa848fdadd6fb65837a3.jpg'}]",[],"[{'id': 440, 'name': 'Up to two players simultaneously', 'slug': 'up-to-two-players-simultaneously', 'language': 'eng', 'games_count': 2, 'image_background': 'https://media.rawg.io/media/screenshots/82d/82dcf5afce3eaa848fdadd6fb65837a3.jpg'}]","[{'id': 11893, 'name': 'SNK', 'slug': 'snk', 'games_count': 229, 'image_background': 'https://media.rawg.io/media/screenshots/2da/2dab29baecf27327f4d896baa39b433d.jpg'}, {'id': 20218, 'name': 'Erbe Software', 'slug': 'erbe-software', 'games_count': 33, 'image_background': 'https://media.rawg.io/media/screenshots/fe6/fe614e40eb12e01b1cb1e0000e4d0cfd.jpg'}, {'id': 19864, 'name': 'Imagine Software', 'slug': 'imagine-software', 'games_count': 16, 'image_background': 'https://media.rawg.io/media/screenshots/f7b/f7b58fc768c19977174c96a0acd2dbfb.jpg'}, {'id': 19918, 'name': 'Arcade version:', 'slug': 'arcade-version', 'games_count': 1, 'image_background': 'https://media.rawg.io/media/screenshots/82d/82dcf5afce3eaa848fdadd6fb65837a3.jpg'}, {'id': 19914, 'name': 'IBSA', 'slug': 'ibsa', 'games_count': 1, 'image_background': 'https://media.rawg.io/media/screenshots/82d/82dcf5afce3eaa848fdadd6fb65837a3.jpg'}, {'id': 19916, 'name': 'Sinclair version:', 'slug': 'sinclair-version', 'games_count': 1, 'image_background': 'https://media.rawg.io/media/screenshots/82d/82dcf5afce3eaa848fdadd6fb65837a3.jpg'}]",,"Victory Road (怒号層圏, Dogō Sōken, lit. ""Bellowing Atmosphere"") an arcade video game released in 1986. It is the sequel to Ikari Warriors.
The objective is to defeat the enemy aliens using grenades and other weapons. The story directly picks up at the ending of Ikari Warriors. Congratulated by General Kawasaki for rescuing him, Paul and Vince return home to their native country in a plane arranged by the general. A mysterious storm appears and they are hurtled thousands of years into the future. They are met by an alien creature who says that the villain Zang Zip has taken over the land.",,1.0,5,2.0,3.0,1.0,,,,,,,,,,,,,,,,0.0,,
56418,dan-dare-pilot-of-the-future,Dan Dare: Pilot of the Future,Dan Dare: Pilot of the Future,"<p>Dan Dare: Pilot of the Future is a 1986 computer game by Virgin Games for the ZX Spectrum, Amstrad CPC and Commodore 64 home computer systems. It is based on the classic British comic strip Dan Dare. The Commodore 64 version was considerably different in gameplay to the ZX Spectrum and Amstrad CPC versions.</p>",,[],1986-01-01,False,2019-08-28T22:00:30,https://media.rawg.io/media/screenshots/8dc/8dc9db439977d3a590d4a896fbc7d9fc.jpg,https://media.rawg.io/media/screenshots/786/786c305a8e961852b3dc31c6c9f99700.jpg,,0.0,0,[],12,0,8,0,4,0,0,,,,,0,0,0,0,0,268,[],,0,0,0,,0,0f0f0f,0f0f0f,"[{'platform': {'id': 10, 'name': 'Commodore / Amiga', 'slug': 'commodore-amiga'}}]","[{'platform': {'id': 166, 'name': 'Commodore / Amiga', 'slug': 'commodore-amiga', 'image': None, 'year_end': None, 'year_start': None, 'games_count': 2083, 'image_background': 'https://media.rawg.io/media/games/cce/cce8bebe861f295003f5a9fe5b11233f.jpg'}, 'released_at': '1986-01-01', 'requirements': {}}]",[],"[{'id': 27426, 'name': 'Gang of Five', 'slug': 'gang-of-five', 'games_count': 1, 'image_background': 'https://media.rawg.io/media/screenshots/8dc/8dc9db439977d3a590d4a896fbc7d9fc.jpg'}]","[{'id': 4, 'name': 'Action', 'slug': 'action', 'games_count': 186608, 'image_background': 'https://media.rawg.io/media/games/618/618c2031a07bbff6b4f611f10b6bcdbc.jpg'}, {'id': 3, 'name': 'Adventure', 'slug': 'adventure', 'games_count': 146481, 'image_background': 'https://media.rawg.io/media/games/b6b/b6b20bfc4b34e312dbc8aac53c95a348.jpg'}]","[{'id': 31, 'name': 'Singleplayer', 'slug': 'singleplayer', 'language': 'eng', 'games_count': 238404, 'image_background': 'https://media.rawg.io/media/games/26d/26d4437715bee60138dab4a7c8c59c92.jpg'}]","[{'id': 354, 'name': 'Electronic Arts', 'slug': 'electronic-arts', 'games_count': 1332, 'image_background': 'https://media.rawg.io/media/games/45b/45b57ed59de4b84effd8f6bc4b7bf515.jpg'}, {'id': 19533, 'name': 'Virgin Interactive', 'slug': 'virgin-interactive', 'games_count': 108, 'image_background': 'https://media.rawg.io/media/games/f68/f68622c57a11c672b896f06dfb106c4b.jpg'}, {'id': 11608, 'name': 'Virgin Games', 'slug': 'virgin-games', 'games_count': 46, 'image_background': 'https://media.rawg.io/media/screenshots/e4c/e4c561a19fca9715165c36d36e5250ff.jpg'}]",,"Dan Dare: Pilot of the Future is a 1986 computer game by Virgin Games for the ZX Spectrum, Amstrad CPC and Commodore 64 home computer systems. It is based on the classic British comic strip Dan Dare. The Commodore 64 version was considerably different in gameplay to the ZX Spectrum and Amstrad CPC versions.",,1.0,7,1.0,2.0,1.0,,,,,,,,,,,,,,,,0.0,,
53766,crackout,Crackout,Crackout,"<p>Crackout (謎の壁 ブロックくずし, Nazo no Kabe: Block-kuzushi, Block Break: The Mysterious Wall) is a video game by Konami that was released in Japan for the Family Computer Disk System on December 13, 1986, and in Europe and Australia for the Nintendo Entertainment System in 1991. It is a Breakout clone, with some additional elements not normally found in other games in the genre.</p>",,[],1986-12-13,False,2019-08-28T22:01:56,https://media.rawg.io/media/screenshots/a32/a321656924d95e55a6a585fea6681a06.jpg,https://media.rawg.io/media/screenshots/ecf/ecfcd4383e8d7f52dee6a3012899145f.jpg,,0.0,0,"[{'id': 3, 'title': 'meh', 'count': 2, 'percent': 66.67}, {'id': 1, 'title': 'skip', 'count': 1, 'percent': 33.33}]",12,0,8,0,4,0,0,,,,,0,0,0,1,2,116,[],,0,0,0,,3,0f0f0f,0f0f0f,"[{'platform': {'id': 7, 'name': 'Nintendo', 'slug': 'nintendo'}}]","[{'platform': {'id': 49, 'name': 'NES', 'slug': 'nes', 'image': None, 'year_end': None, 'year_start': None, 'games_count': 1015, 'image_background': 'https://media.rawg.io/media/games/7c5/7c50dd0415eb0a57505c58d4e50e4d24.jpg'}, 'released_at': '1986-12-13', 'requirements': {}}]",[],"[{'id': 1971, 'name': 'Konami Digital Entertainment', 'slug': 'konami-digital-entertainment', 'games_count': 467, 'image_background': 'https://media.rawg.io/media/games/d56/d56412cd670313ef306da64669c381d8.jpg'}]","[{'id': 4, 'name': 'Action', 'slug': 'action', 'games_count': 186608, 'image_background': 'https://media.rawg.io/media/games/618/618c2031a07bbff6b4f611f10b6bcdbc.jpg'}]","[{'id': 31, 'name': 'Singleplayer', 'slug': 'singleplayer', 'language': 'eng', 'games_count': 238404, 'image_background': 'https://media.rawg.io/media/games/26d/26d4437715bee60138dab4a7c8c59c92.jpg'}]","[{'id': 10691, 'name': 'Konami', 'slug': 'konami', 'games_count': 788, 'image_background': 'https://media.rawg.io/media/games/85e/85e4c8a78cf9b82b5ed19262fe00c00f.jpg'}, {'id': 19891, 'name': 'Palcom', 'slug': 'palcom', 'games_count': 5, 'image_background': 'https://media.rawg.io/media/screenshots/4d0/4d048c426cfeea92d78746788517723a.jpg'}]",,"Crackout (謎の壁 ブロックくずし, Nazo no Kabe: Block-kuzushi, Block Break: The Mysterious Wall) is a video game by Konami that was released in Japan for the Family Computer Disk System on December 13, 1986, and in Europe and Australia for the Nintendo Entertainment System in 1991. It is a Breakout clone, with some additional elements not normally found in other games in the genre.",,,6,3.0,2.0,1.0,,,,,,,,,,,,,,,,0.0,,
55730,zombi-1986,Zombi (1986),Zombi (1986),"<p>Zombi is an icon-driven arcade adventure video game. It was Ubi Soft's first publication, released in 1986.</p>",,[],1986-01-01,False,2023-02-08T10:51:02,https://media.rawg.io/media/screenshots/bdc/bdcedb6126e5e30c577cf36392d36c53.jpg,https://media.rawg.io/media/screenshots/e9c/e9cd3cd2579a41c45709c6f2368355f2.jpg,,0.0,0,[],12,0,10,0,1,0,0,,,,,0,0,0,0,0,311,[],,0,0,0,,0,0f0f0f,0f0f0f,"[{'platform': {'id': 1, 'name': 'PC', 'slug': 'pc'}}, {'platform': {'id': 9, 'name': 'Atari', 'slug': 'atari'}}, {'platform': {'id': 10, 'name': 'Commodore / Amiga', 'slug': 'commodore-amiga'}}]","[{'platform': {'id': 166, 'name': 'Commodore / Amiga', 'slug': 'commodore-amiga', 'image': None, 'year_end': None, 'year_start': None, 'games_count': 2083, 'image_background': 'https://media.rawg.io/media/games/cce/cce8bebe861f295003f5a9fe5b11233f.jpg'}, 'released_at': '1986-01-01', 'requirements': {}}, {'platform': {'id': 34, 'name': 'Atari ST', 'slug': 'atari-st', 'image': None, 'year_end': None, 'year_start': None, 'games_count': 836, 'image_background': 'https://media.rawg.io/media/games/637/637d7dc2f44d0f6ddd3ee2c0b1366962.jpg'}, 'released_at': '1986-01-01', 'requirements': {}}, {'platform': {'id': 4, 'name': 'PC', 'slug': 'pc', 'image': None, 'year_end': None, 'year_start': None, 'games_count': 547196, 'image_background': 'https://media.rawg.io/media/games/6fc/6fcf4cd3b17c288821388e6085bb0fc9.jpg'}, 'released_at': '1986-01-01', 'requirements': {}}]",[],"[{'id': 405, 'name': 'Ubisoft', 'slug': 'ubisoft', 'games_count': 345, 'image_background': 'https://media.rawg.io/media/games/99b/99b39612e864d6ddfdb2c407fd9010a1.jpg'}, {'id': 16898, 'name': 'Ubi Soft', 'slug': 'ubi-soft', 'games_count': 4, 'image_background': 'https://media.rawg.io/media/screenshots/bdc/bdcedb6126e5e30c577cf36392d36c53.jpg'}]",[],"[{'id': 31, 'name': 'Singleplayer', 'slug': 'singleplayer', 'language': 'eng', 'games_count': 238404, 'image_background': 'https://media.rawg.io/media/games/26d/26d4437715bee60138dab4a7c8c59c92.jpg'}]","[{'id': 918, 'name': 'Ubisoft Entertainment', 'slug': 'ubisoft-entertainment', 'games_count': 1082, 'image_background': 'https://media.rawg.io/media/games/9f1/9f189c639f70f91166df415811a8b525.jpg'}]",,"Zombi is an icon-driven arcade adventure video game. It was Ubi Soft's first publication, released in 1986.",,1.0,7,1.0,2.0,1.0,,,,,,,,,,,,,,,,0.0,,
55030,the-golden-path,The Golden Path,The Golden Path,"<p>The Golden Path is a point-and-click adventure video game published in 1986 by Firebird Software.</p>
<p>The game's player character is Y'n Hsi, a Chinese Bhikkhu (Buddhist monk) and nobleman. Y'n Hsi seeks to depose Ch'un Kuei, a tyrannical warlord who murdered Y'n Hsi's father.</p>",,[],1986-01-01,False,2019-01-09T12:41:06,https://media.rawg.io/media/screenshots/3ab/3ab5b889384312f58342c2b3a713f359.jpg,https://media.rawg.io/media/screenshots/ced/ced5c1d1d589fb796df0c6a528ce596d.jpg,,0.0,0,[],12,0,8,0,0,0,0,,,,,0,0,0,0,0,233,[],,0,0,0,,0,0f0f0f,0f0f0f,"[{'platform': {'id': 9, 'name': 'Atari', 'slug': 'atari'}}, {'platform': {'id': 10, 'name': 'Commodore / Amiga', 'slug': 'commodore-amiga'}}]","[{'platform': {'id': 166, 'name': 'Commodore / Amiga', 'slug': 'commodore-amiga', 'image': None, 'year_end': None, 'year_start': None, 'games_count': 2083, 'image_background': 'https://media.rawg.io/media/games/cce/cce8bebe861f295003f5a9fe5b11233f.jpg'}, 'released_at': '1986-01-01', 'requirements': {}}, {'platform': {'id': 34, 'name': 'Atari ST', 'slug': 'atari-st', 'image': None, 'year_end': None, 'year_start': None, 'games_count': 836, 'image_background': 'https://media.rawg.io/media/games/637/637d7dc2f44d0f6ddd3ee2c0b1366962.jpg'}, 'released_at': '1986-01-01', 'requirements': {}}]",[],"[{'id': 26958, 'name': 'Magic Logic', 'slug': 'magic-logic', 'games_count': 1, 'image_background': 'https://media.rawg.io/media/screenshots/3ab/3ab5b889384312f58342c2b3a713f359.jpg'}]",[],"[{'id': 808, 'name': 'character', 'slug': 'character', 'language': 'eng', 'games_count': 8871, 'image_background': 'https://media.rawg.io/media/games/43f/43ff0ac9538f82b00fb3b47d186bd46b.jpg'}, {'id': 2595, 'name': 'click', 'slug': 'click', 'language': 'eng', 'games_count': 11238, 'image_background': 'https://media.rawg.io/media/screenshots/e34/e34401ace14ecb65e2997eb5c9b377fa.jpg'}]","[{'id': 20199, 'name': 'Telecomsoft', 'slug': 'telecomsoft', 'games_count': 28, 'image_background': 'https://media.rawg.io/media/screenshots/b56/b569505ea715521ab76621752fa0c6a4.jpg'}]",,"The Golden Path is a point-and-click adventure video game published in 1986 by Firebird Software.
The game's player character is Y'n Hsi, a Chinese Bhikkhu (Buddhist monk) and nobleman. Y'n Hsi seeks to depose Ch'un Kuei, a tyrannical warlord who murdered Y'n Hsi's father.",,,7,2.0,2.0,1.0,,,,,,,,,,,,,,,,0.0,,
56881,warhawk-1986,Warhawk (1986),Warhawk (1986),"<p>Warhawk is a vertically scrolling shooter published in 1986 by Firebird software. It was released for the Commodore 64, Atari 8-bit family, Amstrad CPC and Atari ST.<br />
The 8-bit versions of the game were budget-priced (£1.99) releases on Firebird&#39;s &quot;Silver 199&quot; sub-label.</p>",,[],1986-01-01,False,2023-02-08T10:51:02,https://media.rawg.io/media/screenshots/41a/41af120a1f586706d3d8551d3880d22e.jpg,https://media.rawg.io/media/screenshots/5ec/5ec3da8847ae5025e3b4bdbb372fcf03.jpg,,0.0,0,[],12,0,9,0,2,0,0,,,,,0,0,0,0,0,247,[],,0,0,0,,0,0f0f0f,0f0f0f,"[{'platform': {'id': 9, 'name': 'Atari', 'slug': 'atari'}}, {'platform': {'id': 10, 'name': 'Commodore / Amiga', 'slug': 'commodore-amiga'}}]","[{'platform': {'id': 166, 'name': 'Commodore / Amiga', 'slug': 'commodore-amiga', 'image': None, 'year_end': None, 'year_start': None, 'games_count': 2083, 'image_background': 'https://media.rawg.io/media/games/cce/cce8bebe861f295003f5a9fe5b11233f.jpg'}, 'released_at': '1986-01-01', 'requirements': {}}, {'platform': {'id': 34, 'name': 'Atari ST', 'slug': 'atari-st', 'image': None, 'year_end': None, 'year_start': None, 'games_count': 836, 'image_background': 'https://media.rawg.io/media/games/637/637d7dc2f44d0f6ddd3ee2c0b1366962.jpg'}, 'released_at': '1986-01-01', 'requirements': {}}, {'platform': {'id': 25, 'name': 'Atari 8-bit', 'slug': 'atari-8-bit', 'image': None, 'year_end': None, 'year_start': None, 'games_count': 308, 'image_background': 'https://media.rawg.io/media/screenshots/038/0385a47d3a43b218204268af5361a19e.jpg'}, 'released_at': '1986-01-01', 'requirements': {}}]",[],"[{'id': 26036, 'name': 'SingleTrac', 'slug': 'singletrac', 'games_count': 10, 'image_background': 'https://media.rawg.io/media/screenshots/206/206f47c83270e94cdf1cefd16a5468ee.jpg'}, {'id': 27645, 'name': 'Proteus Developments', 'slug': 'proteus-developments', 'games_count': 1, 'image_background': 'https://media.rawg.io/media/screenshots/41a/41af120a1f586706d3d8551d3880d22e.jpg'}]","[{'id': 4, 'name': 'Action', 'slug': 'action', 'games_count': 186608, 'image_background': 'https://media.rawg.io/media/games/618/618c2031a07bbff6b4f611f10b6bcdbc.jpg'}, {'id': 2, 'name': 'Shooter', 'slug': 'shooter', 'games_count': 59560, 'image_background': 'https://media.rawg.io/media/games/d58/d588947d4286e7b5e0e12e1bea7d9844.jpg'}]","[{'id': 31, 'name': 'Singleplayer', 'slug': 'singleplayer', 'language': 'eng', 'games_count': 238404, 'image_background': 'https://media.rawg.io/media/games/26d/26d4437715bee60138dab4a7c8c59c92.jpg'}]","[{'id': 10212, 'name': 'Sony Computer Entertainment', 'slug': 'sony-computer-entertainment', 'games_count': 468, 'image_background': 'https://media.rawg.io/media/games/837/837a609b0584db5d03534c8e767861b1.jpg'}, {'id': 11687, 'name': 'Sony Interactive Entertainment', 'slug': 'sony-interactive-entertainment', 'games_count': 304, 'image_background': 'https://media.rawg.io/media/games/c5b/c5b3b6aa220050f7f504f4477cb51d3b.jpg'}, {'id': 19518, 'name': 'Firebird', 'slug': 'firebird', 'games_count': 13, 'image_background': 'https://media.rawg.io/media/screenshots/a38/a38a2d68cc586603b9162f5e25b14245.jpg'}]",,"Warhawk is a vertically scrolling shooter published in 1986 by Firebird software. It was released for the Commodore 64, Atari 8-bit family, Amstrad CPC and Atari ST.
The 8-bit versions of the game were budget-priced (£1.99) releases on Firebird's ""Silver 199"" sub-label.",,1.0,6,1.0,3.0,1.0,,,,,,,,,,,,,,,,0.0,,
56770,shard-of-spring,Shard of Spring,Shard of Spring,"<p>Shard of Spring is a role-playing video game developed by TX Digital Illusions and published by Strategic Simulations for the Apple II, Commodore 64 and MS-DOS computers in 1986. Shard of Spring tells the story of a group of adventurers hired to retrieve the titular magical item stolen by a power-hungry evil witch. The game was generally well received upon its release and was followed by a sequel titled Demon&#39;s Winter in 1988.</p>",,[],1986-02-23,False,2023-02-08T10:51:09,https://media.rawg.io/media/screenshots/196/1965b6c8bad4b80046c94c2075108f1f.jpg,https://media.rawg.io/media/screenshots/471/471f586245faeff6efc1ba1d96fa0a25.jpg,,0.0,0,"[{'id': 4, 'title': 'recommended', 'count': 1, 'percent': 50.0}, {'id': 1, 'title': 'skip', 'count': 1, 'percent': 50.0}]",12,0,13,0,2,0,0,,,,,0,0,0,0,2,241,[],,0,0,0,,2,0f0f0f,0f0f0f,"[{'platform': {'id': 1, 'name': 'PC', 'slug': 'pc'}}, {'platform': {'id': 5, 'name': 'Apple Macintosh', 'slug': 'mac'}}, {'platform': {'id': 6, 'name': 'Linux', 'slug': 'linux'}}, {'platform': {'id': 10, 'name': 'Commodore / Amiga', 'slug': 'commodore-amiga'}}]","[{'platform': {'id': 41, 'name': 'Apple II', 'slug': 'apple-ii', 'image': None, 'year_end': None, 'year_start': None, 'games_count': 424, 'image_background': 'https://media.rawg.io/media/screenshots/3d2/3d2bb57b39e2efa39d1c385585b2ea8b.jpg'}, 'released_at': '1986-02-23', 'requirements': {}}, {'platform': {'id': 166, 'name': 'Commodore / Amiga', 'slug': 'commodore-amiga', 'image': None, 'year_end': None, 'year_start': None, 'games_count': 2083, 'image_background': 'https://media.rawg.io/media/games/cce/cce8bebe861f295003f5a9fe5b11233f.jpg'}, 'released_at': '1986-02-23', 'requirements': {}}, {'platform': {'id': 4, 'name': 'PC', 'slug': 'pc', 'image': None, 'year_end': None, 'year_start': None, 'games_count': 547196, 'image_background': 'https://media.rawg.io/media/games/6fc/6fcf4cd3b17c288821388e6085bb0fc9.jpg'}, 'released_at': '1986-12-31', 'requirements': {}}, {'platform': {'id': 5, 'name': 'macOS', 'slug': 'macos', 'image': None, 'year_end': None, 'year_start': None, 'games_count': 106181, 'image_background': 'https://media.rawg.io/media/games/6fc/6fcf4cd3b17c288821388e6085bb0fc9.jpg'}, 'released_at': '1986-12-31', 'requirements': {}}, {'platform': {'id': 6, 'name': 'Linux', 'slug': 'linux', 'image': None, 'year_end': None, 'year_start': None, 'games_count': 78810, 'image_background': 'https://media.rawg.io/media/games/d58/d588947d4286e7b5e0e12e1bea7d9844.jpg'}, 'released_at': '1986-12-31', 'requirements': {}}]","[{'id': 709338, 'url': '', 'store': {'id': 5, 'name': 'GOG', 'slug': 'gog', 'domain': 'gog.com', 'games_count': 6713, 'image_background': 'https://media.rawg.io/media/games/5c0/5c0dd63002cb23f804aab327d40ef119.jpg'}}]","[{'id': 16336, 'name': 'SSI', 'slug': 'ssi', 'games_count': 10, 'image_background': 'https://media.rawg.io/media/screenshots/734/7341ae72c6814a37ac2a44f9776ba526.jpg'}, {'id': 27587, 'name': 'TX Digital Illusions', 'slug': 'tx-digital-illusions', 'games_count': 2, 'image_background': 'https://media.rawg.io/media/screenshots/196/1965b6c8bad4b80046c94c2075108f1f.jpg'}]","[{'id': 5, 'name': 'RPG', 'slug': 'role-playing-games-rpg', 'games_count': 59370, 'image_background': 'https://media.rawg.io/media/games/f6b/f6bed028b02369d4cab548f4f9337e81.jpg'}]","[{'id': 31, 'name': 'Singleplayer', 'slug': 'singleplayer', 'language': 'eng', 'games_count': 238404, 'image_background': 'https://media.rawg.io/media/games/26d/26d4437715bee60138dab4a7c8c59c92.jpg'}, {'id': 102, 'name': 'Turn-Based', 'slug': 'turn-based', 'language': 'eng', 'games_count': 5470, 'image_background': 'https://media.rawg.io/media/games/fa3/fa3dd043cba3a9cbfe3085e75d92bf7e.jpg'}]","[{'id': 19851, 'name': 'Strategic Simulations', 'slug': 'strategic-simulations', 'games_count': 113, 'image_background': 'https://media.rawg.io/media/screenshots/55c/55cd1c62d524e51467185c94839b08c4.jpg'}, {'id': 12590, 'name': 'SSI', 'slug': 'ssi', 'games_count': 13, 'image_background': 'https://media.rawg.io/media/screenshots/34c/34c5845589def81a14b93feba2645518.jpg'}]",,"Shard of Spring is a role-playing video game developed by TX Digital Illusions and published by Strategic Simulations for the Apple II, Commodore 64 and MS-DOS computers in 1986. Shard of Spring tells the story of a group of adventurers hired to retrieve the titular magical item stolen by a power-hungry evil witch. The game was generally well received upon its release and was followed by a sequel titled Demon's Winter in 1988.",,1.0,6,2.0,2.0,1.0,,,,,,,,,,,,,,,,0.0,,
54168,zanac-1986,Zanac (1986),Zanac (1986),"<p>Zanac (ザナック) is an arcade-style shoot 'em up video game designed by Compile and published in Japan by Pony Canyon and in North America by FCI. It was released for the MSX computer, the Family Computer Disk System, the Nintendo Entertainment System, and for the Virtual Console. It was reworked for the MSX2 computer as Zanac EX and for the PlayStation as Zanac X Zanac. Players fly a lone starfighter, dubbed the AFX-6502 Zanac, through twelve levels; their goal is to destroy the System—a part-organic, part-mechanical entity bent on destroying Mankind.</p>
<p>Zanac was developed by main core developers of Compile, including Masamitsu ""Moo"" Niitani, Koji ""Janus"" Teramoto, and Takayuki ""Jemini"" Hirono. All of these developers went on to make other popular similarly-based games such as The Guardian Legend, Blazing Lazers, and the Puyo Puyo series. The game is known for its intense and fast-paced gameplay, level of difficulty, and music which seems to match the pace of the game. It has been praised for its unique adaptive artificial intelligence, in which the game automatically adjusts the difficulty level according to the player's skill level, rate of fire and the ship's current defensive status/capability.</p>",,[],1986-11-28,False,2019-08-28T22:01:42,https://media.rawg.io/media/screenshots/fed/fedaa658f5fda19e090ae91fec2a7d48.jpg,https://media.rawg.io/media/screenshots/4a7/4a7d040e8c6c273e89432d22358703bb.jpg,,0.0,0,"[{'id': 4, 'title': 'recommended', 'count': 1, 'percent': 50.0}, {'id': 3, 'title': 'meh', 'count': 1, 'percent': 50.0}]",12,0,9,0,4,0,0,,,,,0,0,0,0,2,172,[],,0,0,0,,2,0f0f0f,0f0f0f,"[{'platform': {'id': 7, 'name': 'Nintendo', 'slug': 'nintendo'}}]","[{'platform': {'id': 11, 'name': 'Wii', 'slug': 'wii', 'image': None, 'year_end': None, 'year_start': None, 'games_count': 2209, 'image_background': 'https://media.rawg.io/media/games/9ca/9ca31615beee447f3ae1dc9b3b736dce.jpg'}, 'released_at': '1986-11-28', 'requirements': {}}, {'platform': {'id': 49, 'name': 'NES', 'slug': 'nes', 'image': None, 'year_end': None, 'year_start': None, 'games_count': 1015, 'image_background': 'https://media.rawg.io/media/games/7c5/7c50dd0415eb0a57505c58d4e50e4d24.jpg'}, 'released_at': '1986-11-28', 'requirements': {}}]",[],"[{'id': 26357, 'name': 'Compile', 'slug': 'compile', 'games_count': 29, 'image_background': 'https://media.rawg.io/media/games/47f/47fda464d6e138bad4fe97566b883419.jpg'}]",[],"[{'id': 31, 'name': 'Singleplayer', 'slug': 'singleplayer', 'language': 'eng', 'games_count': 238404, 'image_background': 'https://media.rawg.io/media/games/26d/26d4437715bee60138dab4a7c8c59c92.jpg'}]","[{'id': 10815, 'name': 'D4 Enterprise', 'slug': 'd4-enterprise', 'games_count': 56, 'image_background': 'https://media.rawg.io/media/screenshots/26e/26ec0db6906c5115385a287daba40cda.jpg'}, {'id': 19852, 'name': 'Pony Canyon', 'slug': 'pony-canyon', 'games_count': 23, 'image_background': 'https://media.rawg.io/media/games/abf/abfbb5bc3f06bf77c5572643ae0e386a.jpg'}, {'id': 19875, 'name': 'Fujisankei Communications International', 'slug': 'fujisankei-communications-international', 'games_count': 22, 'image_background': 'https://media.rawg.io/media/screenshots/4e6/4e6d15aeb9aa0ac9ad3d8fa883edadc7.jpg'}]",,"Zanac (ザナック) is an arcade-style shoot 'em up video game designed by Compile and published in Japan by Pony Canyon and in North America by FCI. It was released for the MSX computer, the Family Computer Disk System, the Nintendo Entertainment System, and for the Virtual Console. It was reworked for the MSX2 computer as Zanac EX and for the PlayStation as Zanac X Zanac. Players fly a lone starfighter, dubbed the AFX-6502 Zanac, through twelve levels; their goal is to destroy the System—a part-organic, part-mechanical entity bent on destroying Mankind.
Zanac was developed by main core developers of Compile, including Masamitsu ""Moo"" Niitani, Koji ""Janus"" Teramoto, and Takayuki ""Jemini"" Hirono. All of these developers went on to make other popular similarly-based games such as The Guardian Legend, Blazing Lazers, and the Puyo Puyo series. The game is known for its intense and fast-paced gameplay, level of difficulty, and music which seems to match the pace of the game. It has been praised for its unique adaptive artificial intelligence, in which the game automatically adjusts the difficulty level according to the player's skill level, rate of fire and the ship's current defensive status/capability.",,,6,2.0,2.0,2.0,,,,,,,,,,,,,,,,0.0,,
53776,deadly-towers,Deadly Towers,Deadly Towers,"<p>Deadly Towers is an action role-playing video game developed by Lenar and exclusively-licensed by Irem as a software title for the Nintendo Entertainment System (NES). It was released in Japan on December 15, 1986, and in North America in September of the following year. One of the earliest published role-playing video games for the NES in North America, Deadly Towers was a best-selling title in 1987.</p>
<p>In Japan, Deadly Towers was titled Mashō (魔鐘), literally meaning ""Evil Bell"". It is a pun of the word mashō (魔性), meaning ""devilishness"", and in keeping with this theme, the Japanese cartridge contained a red LED at the top which illuminated when turned on. Irem intended the game's English-language title to be Hell's Bells, but Nintendo of America refused to issue the game a Nintendo Seal of Quality unless Brøderbund changed the name.</p>",,[],1986-12-15,False,2019-08-28T22:01:56,https://media.rawg.io/media/screenshots/1d1/1d11520779a71fb88568edc7be72a589.jpg,https://media.rawg.io/media/screenshots/93c/93cb9f78ca24ad0476bc5885ee7a97cd.jpg,,0.0,0,"[{'id': 3, 'title': 'meh', 'count': 1, 'percent': 100.0}]",12,0,8,0,3,0,0,,,,,0,0,0,0,1,224,[],,0,0,0,,1,0f0f0f,0f0f0f,"[{'platform': {'id': 7, 'name': 'Nintendo', 'slug': 'nintendo'}}]","[{'platform': {'id': 49, 'name': 'NES', 'slug': 'nes', 'image': None, 'year_end': None, 'year_start': None, 'games_count': 1015, 'image_background': 'https://media.rawg.io/media/games/7c5/7c50dd0415eb0a57505c58d4e50e4d24.jpg'}, 'released_at': '1986-12-15', 'requirements': {}}]",[],"[{'id': 26573, 'name': 'Lenar', 'slug': 'lenar', 'games_count': 1, 'image_background': 'https://media.rawg.io/media/screenshots/1d1/1d11520779a71fb88568edc7be72a589.jpg'}]",[],"[{'id': 31, 'name': 'Singleplayer', 'slug': 'singleplayer', 'language': 'eng', 'games_count': 238404, 'image_background': 'https://media.rawg.io/media/games/26d/26d4437715bee60138dab4a7c8c59c92.jpg'}]","[{'id': 19491, 'name': 'Brøderbund', 'slug': 'broderbund', 'games_count': 32, 'image_background': 'https://media.rawg.io/media/games/054/0540c8fc8eed3fc13d3990f419c61c6f.jpg'}, {'id': 10896, 'name': 'IREM', 'slug': 'irem', 'games_count': 50, 'image_background': 'https://media.rawg.io/media/screenshots/474/4749fa343d4c4143d034f4a4fe6f71d7.jpg'}]",,"Deadly Towers is an action role-playing video game developed by Lenar and exclusively-licensed by Irem as a software title for the Nintendo Entertainment System (NES). It was released in Japan on December 15, 1986, and in North America in September of the following year. One of the earliest published role-playing video games for the NES in North America, Deadly Towers was a best-selling title in 1987.
In Japan, Deadly Towers was titled Mashō (魔鐘), literally meaning ""Evil Bell"". It is a pun of the word mashō (魔性), meaning ""devilishness"", and in keeping with this theme, the Japanese cartridge contained a red LED at the top which illuminated when turned on. Irem intended the game's English-language title to be Hell's Bells, but Nintendo of America refused to issue the game a Nintendo Seal of Quality unless Brøderbund changed the name.",,,7,1.0,3.0,1.0,,,,,,,,,,,,,,,,0.0,,
34500,grand-slam-bridge,Grand Slam Bridge,Grand Slam Bridge,"<p>Grand Slam Bridge is a card game developed by Cybron. It came out on 01-01-1986. It was published by Cybron. <br>Grand Slam Bridge is available on PC. </p>

<p></p>",,[],1986-01-01,False,2023-02-08T10:51:16,https://media.rawg.io/media/screenshots/298/2982c31203bedd1d5d973e5d8eaaa561.jpg,https://media.rawg.io/media/screenshots/a06/a06446395415a77ae16337e060014de3.jpg,,0.0,0,[],12,0,5,0,0,0,0,,,,,0,0,0,0,0,96,[],,0,0,0,,0,0f0f0f,0f0f0f,"[{'platform': {'id': 1, 'name': 'PC', 'slug': 'pc'}}]","[{'platform': {'id': 4, 'name': 'PC', 'slug': 'pc', 'image': None, 'year_end': None, 'year_start': None, 'games_count': 547196, 'image_background': 'https://media.rawg.io/media/games/6fc/6fcf4cd3b17c288821388e6085bb0fc9.jpg'}, 'released_at': '1986-01-01', 'requirements': {}}]",[],"[{'id': 16713, 'name': 'Cybron', 'slug': 'cybron-corporation', 'games_count': 2, 'image_background': 'https://media.rawg.io/media/screenshots/298/2982c31203bedd1d5d973e5d8eaaa561.jpg'}]","[{'id': 17, 'name': 'Card', 'slug': 'card', 'games_count': 4536, 'image_background': 'https://media.rawg.io/media/games/697/697a3eb39ddc26bdaa3e0447c0855f2b.jpg'}]",[],"[{'id': 12884, 'name': 'Cybron', 'slug': 'cybron-corporation', 'games_count': 1, 'image_background': 'https://media.rawg.io/media/screenshots/298/2982c31203bedd1d5d973e5d8eaaa561.jpg'}]",,,,1.0,5,3.0,2.0,1.0,,,,,,,,,,,,,,,,0.0,,
55649,spindizzy,Spindizzy,Spindizzy,"<p>Spindizzy is an isometric computer game released for several 8-bit home computer formats in 1986 by Electric Dreams Software. It features action and puzzle game elements. Players must navigate a series of screens to explore a landscape suspended in a dimensional space. Development was headed by Paul Shirley, who drew inspiration from Ultimate Play the Game games that feature an isometric projection.</p>
<p>The game was successful in the United Kingdom and was well received by the video game press. Reviewers praised its visuals and design, but criticized its audio. Similarities were drawn to Marble Madness, which was released in arcades two years earlier. Spindizzy was followed by a 1990s sequel titled Spindizzy Worlds.</p>",,[],1986-01-01,False,2019-08-28T22:26:02,https://media.rawg.io/media/screenshots/917/917e1f0b329820be51d81d9e127e5dab.jpg,https://media.rawg.io/media/screenshots/27e/27e9720e8c0e9ee9beb90e66e40e1a83.jpg,,0.0,0,"[{'id': 4, 'title': 'recommended', 'count': 1, 'percent': 100.0}]",12,0,10,0,2,0,0,,,,,0,0,0,0,1,228,[],,0,0,0,,1,0f0f0f,0f0f0f,"[{'platform': {'id': 5, 'name': 'Apple Macintosh', 'slug': 'mac'}}, {'platform': {'id': 9, 'name': 'Atari', 'slug': 'atari'}}, {'platform': {'id': 10, 'name': 'Commodore / Amiga', 'slug': 'commodore-amiga'}}]","[{'platform': {'id': 166, 'name': 'Commodore / Amiga', 'slug': 'commodore-amiga', 'image': None, 'year_end': None, 'year_start': None, 'games_count': 2083, 'image_background': 'https://media.rawg.io/media/games/cce/cce8bebe861f295003f5a9fe5b11233f.jpg'}, 'released_at': '1986-01-01', 'requirements': {}}, {'platform': {'id': 25, 'name': 'Atari 8-bit', 'slug': 'atari-8-bit', 'image': None, 'year_end': None, 'year_start': None, 'games_count': 308, 'image_background': 'https://media.rawg.io/media/screenshots/038/0385a47d3a43b218204268af5361a19e.jpg'}, 'released_at': '1986-01-01', 'requirements': {}}, {'platform': {'id': 41, 'name': 'Apple II', 'slug': 'apple-ii', 'image': None, 'year_end': None, 'year_start': None, 'games_count': 424, 'image_background': 'https://media.rawg.io/media/screenshots/3d2/3d2bb57b39e2efa39d1c385585b2ea8b.jpg'}, 'released_at': '1986-01-01', 'requirements': {}}]",[],"[{'id': 26632, 'name': 'Electric Dreams Software', 'slug': 'electric-dreams-software', 'games_count': 2, 'image_background': 'https://media.rawg.io/media/screenshots/917/917e1f0b329820be51d81d9e127e5dab.jpg'}]","[{'id': 4, 'name': 'Action', 'slug': 'action', 'games_count': 186608, 'image_background': 'https://media.rawg.io/media/games/618/618c2031a07bbff6b4f611f10b6bcdbc.jpg'}, {'id': 7, 'name': 'Puzzle', 'slug': 'puzzle', 'games_count': 97333, 'image_background': 'https://media.rawg.io/media/games/9f4/9f418898f5415668ca47b5f4ab1ecfeb.jpg'}]","[{'id': 31, 'name': 'Singleplayer', 'slug': 'singleplayer', 'language': 'eng', 'games_count': 238404, 'image_background': 'https://media.rawg.io/media/games/26d/26d4437715bee60138dab4a7c8c59c92.jpg'}]","[{'id': 10830, 'name': 'Activision Blizzard', 'slug': 'activision-blizzard', 'games_count': 691, 'image_background': 'https://media.rawg.io/media/games/445/44507fdd60a8ec02b1c3c64a293ca754.jpg'}, {'id': 20230, 'name': 'Electric Dreams Software', 'slug': 'electric-dreams-software', 'games_count': 5, 'image_background': 'https://media.rawg.io/media/screenshots/c5f/c5f8bbb01493ed77a498f4fc25dc3234.jpg'}]",,"Spindizzy is an isometric computer game released for several 8-bit home computer formats in 1986 by Electric Dreams Software. It features action and puzzle game elements. Players must navigate a series of screens to explore a landscape suspended in a dimensional space. Development was headed by Paul Shirley, who drew inspiration from Ultimate Play the Game games that feature an isometric projection.
The game was successful in the United Kingdom and was well received by the video game press. Reviewers praised its visuals and design, but criticized its audio. Similarities were drawn to Marble Madness, which was released in arcades two years earlier. Spindizzy was followed by a 1990s sequel titled Spindizzy Worlds.",,,5,2.0,2.0,3.0,,,,,,,,,,,,,,,,0.0,,
277507,james-bond-007-goldfinger,James Bond 007: Goldfinger,James Bond 007: Goldfinger,"<p>The player must stop Auric Goldfinger from taking the world&#39;s gold supply, stop the destruction of Kentucky, deal with Pussy Galore and even a fight with Oddjob. Not much for old 007 to do actually - it&#39;s all in a day&#39;s work (or is it adventure)?</p>",,[],1986-01-01,False,2023-02-08T10:51:15,https://media.rawg.io/media/screenshots/6eb/6eb19110655ed82faee66183a19ea210.jpg,https://media.rawg.io/media/screenshots/613/6137725339098a5c1477026a2e558f50.jpg,,0.0,0,"[{'id': 3, 'title': 'meh', 'count': 1, 'percent': 50.0}, {'id': 1, 'title': 'skip', 'count': 1, 'percent': 50.0}]",12,0,2,0,1,0,0,,,,,0,0,0,0,2,28,[],,0,0,21,,2,0f0f0f,0f0f0f,"[{'platform': {'id': 1, 'name': 'PC', 'slug': 'pc'}}, {'platform': {'id': 5, 'name': 'Apple Macintosh', 'slug': 'mac'}}]","[{'platform': {'id': 4, 'name': 'PC', 'slug': 'pc', 'image': None, 'year_end': None, 'year_start': None, 'games_count': 547196, 'image_background': 'https://media.rawg.io/media/games/6fc/6fcf4cd3b17c288821388e6085bb0fc9.jpg'}, 'released_at': '1986-01-01', 'requirements': {}}, {'platform': {'id': 41, 'name': 'Apple II', 'slug': 'apple-ii', 'image': None, 'year_end': None, 'year_start': None, 'games_count': 424, 'image_background': 'https://media.rawg.io/media/screenshots/3d2/3d2bb57b39e2efa39d1c385585b2ea8b.jpg'}, 'released_at': '1986-01-01', 'requirements': {}}, {'platform': {'id': 55, 'name': 'Classic Macintosh', 'slug': 'macintosh', 'image': None, 'year_end': None, 'year_start': None, 'games_count': 675, 'image_background': 'https://media.rawg.io/media/games/38a/38af969459ad6e5de116ec8a4a84218c.jpg'}, 'released_at': '1986-01-01', 'requirements': {}}]",[],"[{'id': 27643, 'name': 'Angelsoft', 'slug': 'angelsoft', 'games_count': 2, 'image_background': 'https://media.rawg.io/media/screenshots/6eb/6eb19110655ed82faee66183a19ea210.jpg'}]","[{'id': 3, 'name': 'Adventure', 'slug': 'adventure', 'games_count': 146481, 'image_background': 'https://media.rawg.io/media/games/b6b/b6b20bfc4b34e312dbc8aac53c95a348.jpg'}]","[{'id': 51, 'name': 'Destruction', 'slug': 'destruction', 'language': 'eng', 'games_count': 3793, 'image_background': 'https://media.rawg.io/media/games/94a/94a59c5136a9b90eef5f23fea7bf997c.jpg'}, {'id': 1529, 'name': 'fight', 'slug': 'fight', 'language': 'eng', 'games_count': 7907, 'image_background': 'https://media.rawg.io/media/screenshots/354/35415d87481388c8632a299ce2a97bbf.jpeg'}, {'id': 1709, 'name': 'work', 'slug': 'work', 'language': 'eng', 'games_count': 9271, 'image_background': 'https://media.rawg.io/media/games/bfb/bfb28df4f345165327555507c955a62a.jpg'}]","[{'id': 10943, 'name': 'MINDSCAPE', 'slug': 'mindscape', 'games_count': 108, 'image_background': 'https://media.rawg.io/media/screenshots/0b1/0b12ddf58af6047922a20dd0d310ad18.jpg'}]",,"The player must stop Auric Goldfinger from taking the world's gold supply, stop the destruction of Kentucky, deal with Pussy Galore and even a fight with Oddjob. Not much for old 007 to do actually - it's all in a day's work (or is it adventure)?",,2.0,4,3.0,2.0,1.0,,,,,,,,,,,,,,,,0.0,,
264693,jajamaru-no-daibouken,JaJaMaru no Daibouken,JaJaMaru no Daibouken,"<p>JaJaMaru no Daibouken is an action game. It was originally released in 1986. Most rawgers rated the game as ""Recommended"". <br>JaJaMaru no Daibouken is available on NES. </p>

<p></p>",,[],1986-08-20,False,2019-01-09T12:41:06,https://media.rawg.io/media/screenshots/8fd/8fd5435be0f8fe05ef007ae92ad3f83d.jpg,https://media.rawg.io/media/screenshots/b9b/b9b71e7683ec220c099425ed99f8f63d.jpg,,0.0,0,"[{'id': 4, 'title': 'recommended', 'count': 2, 'percent': 50.0}, {'id': 3, 'title': 'meh', 'count': 2, 'percent': 50.0}]",11,0,4,0,0,0,0,,,,,0,0,0,0,4,118,[],,0,0,7,,4,0f0f0f,0f0f0f,"[{'platform': {'id': 7, 'name': 'Nintendo', 'slug': 'nintendo'}}]","[{'platform': {'id': 49, 'name': 'NES', 'slug': 'nes', 'image': None, 'year_end': None, 'year_start': None, 'games_count': 1015, 'image_background': 'https://media.rawg.io/media/games/7c5/7c50dd0415eb0a57505c58d4e50e4d24.jpg'}, 'released_at': '1986-08-20', 'requirements': {}}]",[],[],"[{'id': 4, 'name': 'Action', 'slug': 'action', 'games_count': 186608, 'image_background': 'https://media.rawg.io/media/games/618/618c2031a07bbff6b4f611f10b6bcdbc.jpg'}]",[],[],,,,,5,2.0,1.0,3.0,,,,,,,,,,,,,,,,0.0,,
56457,empire-2,Empire!,Empire!,"<p>Empire! is a space combat and trading video game designed by Andrew Glaister and published by Firebird Software in 1986 for the Commodore 64, ZX Spectrum, and Amstrad CPC.</p>",,[],1986-01-01,False,2023-02-08T10:51:17,https://media.rawg.io/media/screenshots/b56/b569505ea715521ab76621752fa0c6a4.jpg,https://media.rawg.io/media/screenshots/ff5/ff5d1c81ccc8c661a6f2a471a4d836da.jpg,,0.0,0,[],11,0,8,0,0,0,0,,,,,0,0,0,0,0,199,[],,0,0,0,,0,0f0f0f,0f0f0f,"[{'platform': {'id': 1, 'name': 'PC', 'slug': 'pc'}}, {'platform': {'id': 10, 'name': 'Commodore / Amiga', 'slug': 'commodore-amiga'}}]","[{'platform': {'id': 4, 'name': 'PC', 'slug': 'pc', 'image': None, 'year_end': None, 'year_start': None, 'games_count': 547196, 'image_background': 'https://media.rawg.io/media/games/6fc/6fcf4cd3b17c288821388e6085bb0fc9.jpg'}, 'released_at': '1986-01-01', 'requirements': {}}, {'platform': {'id': 166, 'name': 'Commodore / Amiga', 'slug': 'commodore-amiga', 'image': None, 'year_end': None, 'year_start': None, 'games_count': 2083, 'image_background': 'https://media.rawg.io/media/games/cce/cce8bebe861f295003f5a9fe5b11233f.jpg'}, 'released_at': '1986-01-01', 'requirements': {}}]",[],"[{'id': 27442, 'name': 'Andrew Glaister', 'slug': 'andrew-glaister', 'games_count': 1, 'image_background': 'https://media.rawg.io/media/screenshots/b56/b569505ea715521ab76621752fa0c6a4.jpg'}]","[{'id': 4, 'name': 'Action', 'slug': 'action', 'games_count': 186608, 'image_background': 'https://media.rawg.io/media/games/618/618c2031a07bbff6b4f611f10b6bcdbc.jpg'}, {'id': 10, 'name': 'Strategy', 'slug': 'strategy', 'games_count': 59661, 'image_background': 'https://media.rawg.io/media/games/08b/08b2eee52a9876a48b955e5149affe5b.jpg'}]","[{'id': 31, 'name': 'Singleplayer', 'slug': 'singleplayer', 'language': 'eng', 'games_count': 238404, 'image_background': 'https://media.rawg.io/media/games/26d/26d4437715bee60138dab4a7c8c59c92.jpg'}]","[{'id': 20199, 'name': 'Telecomsoft', 'slug': 'telecomsoft', 'games_count': 28, 'image_background': 'https://media.rawg.io/media/screenshots/b56/b569505ea715521ab76621752fa0c6a4.jpg'}, {'id': 11716, 'name': 'Firebird Software', 'slug': 'firebird-software', 'games_count': 14, 'image_background': 'https://media.rawg.io/media/screenshots/2f2/2f20cd854e22846e566547dacf2d147e.jpg'}]",,"Empire! is a space combat and trading video game designed by Andrew Glaister and published by Firebird Software in 1986 for the Commodore 64, ZX Spectrum, and Amstrad CPC.",,1.0,4,2.0,3.0,1.0,,,,,,,,,,,,,,,,0.0,,
53557,super-sprint,Super Sprint,Super Sprint,"<p>Super Sprint is a 1986 arcade game by Atari Games. The player drives a Formula One-like car on a circuit that is viewed from above. The game is a successor to Gran Trak 10 and the Sprint series, which were black-and-white games from the 1970s. A sequel, Championship Sprint, was released later in the same year.</p>",,[],1986-01-01,False,2019-08-28T22:02:03,https://media.rawg.io/media/screenshots/38f/38fbd8c102d4812e6331ab5e28e1226d.jpg,https://media.rawg.io/media/screenshots/c76/c765614352dedb5a9f367df256405e03.jpg,,0.0,0,"[{'id': 3, 'title': 'meh', 'count': 1, 'percent': 100.0}]",11,0,8,0,1,0,0,,,,,0,0,0,0,1,220,[],,0,0,0,,1,0f0f0f,0f0f0f,"[{'platform': {'id': 2, 'name': 'PlayStation', 'slug': 'playstation'}}, {'platform': {'id': 7, 'name': 'Nintendo', 'slug': 'nintendo'}}, {'platform': {'id': 9, 'name': 'Atari', 'slug': 'atari'}}, {'platform': {'id': 10, 'name': 'Commodore / Amiga', 'slug': 'commodore-amiga'}}]","[{'platform': {'id': 34, 'name': 'Atari ST', 'slug': 'atari-st', 'image': None, 'year_end': None, 'year_start': None, 'games_count': 836, 'image_background': 'https://media.rawg.io/media/games/637/637d7dc2f44d0f6ddd3ee2c0b1366962.jpg'}, 'released_at': '1986-01-01', 'requirements': {}}, {'platform': {'id': 24, 'name': 'Game Boy Advance', 'slug': 'game-boy-advance', 'image': None, 'year_end': None, 'year_start': None, 'games_count': 950, 'image_background': 'https://media.rawg.io/media/games/98c/98c87b286cd2a2ba942167df384a9bd3.jpg'}, 'released_at': '1986-01-01', 'requirements': {}}, {'platform': {'id': 16, 'name': 'PlayStation 3', 'slug': 'playstation3', 'image': None, 'year_end': None, 'year_start': None, 'games_count': 3167, 'image_background': 'https://media.rawg.io/media/games/736/73619bd336c894d6941d926bfd563946.jpg'}, 'released_at': '1986-01-01', 'requirements': {}}, {'platform': {'id': 49, 'name': 'NES', 'slug': 'nes', 'image': None, 'year_end': None, 'year_start': None, 'games_count': 1015, 'image_background': 'https://media.rawg.io/media/games/7c5/7c50dd0415eb0a57505c58d4e50e4d24.jpg'}, 'released_at': '1986-01-01', 'requirements': {}}, {'platform': {'id': 166, 'name': 'Commodore / Amiga', 'slug': 'commodore-amiga', 'image': None, 'year_end': None, 'year_start': None, 'games_count': 2083, 'image_background': 'https://media.rawg.io/media/games/cce/cce8bebe861f295003f5a9fe5b11233f.jpg'}, 'released_at': '1986-01-01', 'requirements': {}}]",[],"[{'id': 14828, 'name': 'Atari Games', 'slug': 'atari-games', 'games_count': 50, 'image_background': 'https://media.rawg.io/media/games/118/1189a10aafa6349dcdf24dfa2060fe57.jpg'}]","[{'id': 1, 'name': 'Racing', 'slug': 'racing', 'games_count': 25359, 'image_background': 'https://media.rawg.io/media/screenshots/69b/69bb243ea9896ddfc2e051b58e81624d.jpg'}]","[{'id': 31, 'name': 'Singleplayer', 'slug': 'singleplayer', 'language': 'eng', 'games_count': 238404, 'image_background': 'https://media.rawg.io/media/games/26d/26d4437715bee60138dab4a7c8c59c92.jpg'}, {'id': 7, 'name': 'Multiplayer', 'slug': 'multiplayer', 'language': 'eng', 'games_count': 40505, 'image_background': 'https://media.rawg.io/media/games/021/021c4e21a1824d2526f925eff6324653.jpg'}]","[{'id': 1779, 'name': 'Atari', 'slug': 'atari', 'games_count': 507, 'image_background': 'https://media.rawg.io/media/games/d82/d82dbcf92ded452bf8c6fb1bbdd62e52.jpg'}]",,"Super Sprint is a 1986 arcade game by Atari Games. The player drives a Formula One-like car on a circuit that is viewed from above. The game is a successor to Gran Trak 10 and the Sprint series, which were black-and-white games from the 1970s. A sequel, Championship Sprint, was released later in the same year.",,,6,2.0,2.0,1.0,,,,,,,,,,,,,,,,0.0,,
56351,big-trouble-in-little-china,Big Trouble in Little China,Big Trouble in Little China,"<p>Big Trouble in Little China is a 1986 video game designed by Mevlut Dinc and published by Electric Dreams Software for the Amstrad CPC, Commodore 64 and ZX Spectrum. It is a tie-in licence for the film of the same name.</p>",,[],1986-01-01,False,2019-08-28T22:00:32,https://media.rawg.io/media/screenshots/1fc/1fc4281e03aee6d0290d6e75ddd82b2f.jpg,https://media.rawg.io/media/screenshots/0ab/0ab3ee49c603ef5e92632bf10d3c9492.jpg,,0.0,0,[],11,0,9,0,2,0,0,,,,,0,0,0,0,0,275,[],,0,0,0,,0,0f0f0f,0f0f0f,"[{'platform': {'id': 10, 'name': 'Commodore / Amiga', 'slug': 'commodore-amiga'}}]","[{'platform': {'id': 166, 'name': 'Commodore / Amiga', 'slug': 'commodore-amiga', 'image': None, 'year_end': None, 'year_start': None, 'games_count': 2083, 'image_background': 'https://media.rawg.io/media/games/cce/cce8bebe861f295003f5a9fe5b11233f.jpg'}, 'released_at': '1986-01-01', 'requirements': {}}]",[],[],[],"[{'id': 31, 'name': 'Singleplayer', 'slug': 'singleplayer', 'language': 'eng', 'games_count': 238404, 'image_background': 'https://media.rawg.io/media/games/26d/26d4437715bee60138dab4a7c8c59c92.jpg'}]","[{'id': 20230, 'name': 'Electric Dreams Software', 'slug': 'electric-dreams-software', 'games_count': 5, 'image_background': 'https://media.rawg.io/media/screenshots/c5f/c5f8bbb01493ed77a498f4fc25dc3234.jpg'}]",,"Big Trouble in Little China is a 1986 video game designed by Mevlut Dinc and published by Electric Dreams Software for the Amstrad CPC, Commodore 64 and ZX Spectrum. It is a tie-in licence for the film of the same name.",,,6,2.0,2.0,1.0,,,,,,,,,,,,,,,,0.0,,
54067,moero-twinbee-cinnamon-hakase-o-sukue,Moero TwinBee: Cinnamon-hakase o Sukue!,Moero TwinBee: Cinnamon-hakase o Sukue!,"<p>Moero TwinBee: Cinnamon-hakase o Sukue! is a vertical/side-scrolling shoot-'em-up game released by Konami for the Family Computer Disk System (FDS) in Japan in 1986. Like Konami's FDS titles, Akumajou Dracula and Bio Miracle Bokutte Upa, it was later re-released as a standard Famicom cartridge in 1993 with a new ""Easy"" option alongside the original ""Normal"" mode from the FDS game.</p>
<p>Moero TwinBee was the second game in the TwinBee series, as well as the first of two TwinBee sequels released for the Famicom, followed by TwinBee 3: Poko Poko Daimaō in 1989.</p>
<p>A North American version for the Nintendo Entertainment System was released in 1987 titled Stinger, making it one of the few games in the series to have an overseas release.</p>",,[],1986-11-21,False,2019-01-09T12:41:06,,,,0.0,0,"[{'id': 3, 'title': 'meh', 'count': 1, 'percent': 100.0}]",11,0,0,0,3,0,0,,,,,0,0,0,0,1,0,[],,0,0,0,,1,0f0f0f,0f0f0f,"[{'platform': {'id': 7, 'name': 'Nintendo', 'slug': 'nintendo'}}]","[{'platform': {'id': 49, 'name': 'NES', 'slug': 'nes', 'image': None, 'year_end': None, 'year_start': None, 'games_count': 1015, 'image_background': 'https://media.rawg.io/media/games/7c5/7c50dd0415eb0a57505c58d4e50e4d24.jpg'}, 'released_at': '1986-11-21', 'requirements': {}}]",[],"[{'id': 1971, 'name': 'Konami Digital Entertainment', 'slug': 'konami-digital-entertainment', 'games_count': 467, 'image_background': 'https://media.rawg.io/media/games/d56/d56412cd670313ef306da64669c381d8.jpg'}]",[],"[{'id': 7, 'name': 'Multiplayer', 'slug': 'multiplayer', 'language': 'eng', 'games_count': 40505, 'image_background': 'https://media.rawg.io/media/games/021/021c4e21a1824d2526f925eff6324653.jpg'}, {'id': 418, 'name': '2 players', 'slug': '2-players', 'language': 'eng', 'games_count': 1244, 'image_background': 'https://media.rawg.io/media/screenshots/f9a/f9ac59bb4af2ca2193ee9ffb979577cf.jpg'}]","[{'id': 10691, 'name': 'Konami', 'slug': 'konami', 'games_count': 788, 'image_background': 'https://media.rawg.io/media/games/85e/85e4c8a78cf9b82b5ed19262fe00c00f.jpg'}]",,"Moero TwinBee: Cinnamon-hakase o Sukue! is a vertical/side-scrolling shoot-'em-up game released by Konami for the Family Computer Disk System (FDS) in Japan in 1986. Like Konami's FDS titles, Akumajou Dracula and Bio Miracle Bokutte Upa, it was later re-released as a standard Famicom cartridge in 1993 with a new ""Easy"" option alongside the original ""Normal"" mode from the FDS game.
Moero TwinBee was the second game in the TwinBee series, as well as the first of two TwinBee sequels released for the Famicom, followed by TwinBee 3: Poko Poko Daimaō in 1989.
A North American version for the Nintendo Entertainment System was released in 1987 titled Stinger, making it one of the few games in the series to have an overseas release.",,,5,2.0,3.0,1.0,,,,,,,,,,,,,,,,0.0,,
55615,sdi,S.D.I.,S.D.I.,<p>S.D.I. (Strategic Defense Initiative) is a 1986 action adventure computer game developed and published by Cinemaware. The game is set during the Cold War.</p>,,[],1986-01-01,False,2023-02-08T10:51:09,https://media.rawg.io/media/screenshots/e8e/e8eb8cd30c7ffb22814f0d3ec1fe7a7e.jpg,https://media.rawg.io/media/screenshots/fd7/fd77b192c30e2dfc61ff4db231970d22.jpg,,0.0,0,[],11,0,9,0,1,0,0,,,,,0,0,0,0,0,271,[],,0,0,0,,0,0f0f0f,0f0f0f,"[{'platform': {'id': 1, 'name': 'PC', 'slug': 'pc'}}, {'platform': {'id': 9, 'name': 'Atari', 'slug': 'atari'}}, {'platform': {'id': 10, 'name': 'Commodore / Amiga', 'slug': 'commodore-amiga'}}]","[{'platform': {'id': 34, 'name': 'Atari ST', 'slug': 'atari-st', 'image': None, 'year_end': None, 'year_start': None, 'games_count': 836, 'image_background': 'https://media.rawg.io/media/games/637/637d7dc2f44d0f6ddd3ee2c0b1366962.jpg'}, 'released_at': '1986-01-01', 'requirements': {}}, {'platform': {'id': 166, 'name': 'Commodore / Amiga', 'slug': 'commodore-amiga', 'image': None, 'year_end': None, 'year_start': None, 'games_count': 2083, 'image_background': 'https://media.rawg.io/media/games/cce/cce8bebe861f295003f5a9fe5b11233f.jpg'}, 'released_at': '1986-01-01', 'requirements': {}}, {'platform': {'id': 4, 'name': 'PC', 'slug': 'pc', 'image': None, 'year_end': None, 'year_start': None, 'games_count': 547196, 'image_background': 'https://media.rawg.io/media/games/6fc/6fcf4cd3b17c288821388e6085bb0fc9.jpg'}, 'released_at': '1986-01-01', 'requirements': {}}]",[],"[{'id': 13289, 'name': 'Master Designer Software', 'slug': 'master-designer-software', 'games_count': 3, 'image_background': 'https://media.rawg.io/media/screenshots/f7e/f7e76e7af0196701c08251857c44d4b6.jpg'}]",[],"[{'id': 31, 'name': 'Singleplayer', 'slug': 'singleplayer', 'language': 'eng', 'games_count': 238404, 'image_background': 'https://media.rawg.io/media/games/26d/26d4437715bee60138dab4a7c8c59c92.jpg'}]","[{'id': 6368, 'name': 'Cinemaware', 'slug': 'cinemaware', 'games_count': 16, 'image_background': 'https://media.rawg.io/media/screenshots/bd0/bd02a1028759306d8108769a2e66b9b4.jpg'}]",,S.D.I. (Strategic Defense Initiative) is a 1986 action adventure computer game developed and published by Cinemaware. The game is set during the Cold War.,,1.0,5,2.0,2.0,1.0,,,,,,,,,,,,,,,,0.0,,
56695,peter-shiltons-handball-maradona,Peter Shilton's Handball Maradona,Peter Shilton's Handball Maradona,"<p>Peter Shilton's Handball Maradona (referred to in title as Peter Shilton's Football) is a multiplatform traditional soccer/football simulation video game that was released in 1986 for the Amstrad CPC, Commodore 64 and ZX Spectrum. The game allows players to control legendary goalkeeper Peter Shilton. The game's title refers to the ""hand of God"" goal scored by Diego Maradona against England at the 1986 FIFA World Cup.</p>",,[],1986-01-01,False,2019-08-28T22:00:21,https://media.rawg.io/media/screenshots/41b/41bd16eeecbbe049a4ccf07d9f9dd7fc.jpg,https://media.rawg.io/media/screenshots/11b/11b1f492b8f6854404e7c7955dcb66ba.jpg,,0.0,0,[],11,0,8,0,0,0,0,,,,,0,0,0,0,0,154,[],,0,0,0,,0,0f0f0f,0f0f0f,"[{'platform': {'id': 10, 'name': 'Commodore / Amiga', 'slug': 'commodore-amiga'}}]","[{'platform': {'id': 166, 'name': 'Commodore / Amiga', 'slug': 'commodore-amiga', 'image': None, 'year_end': None, 'year_start': None, 'games_count': 2083, 'image_background': 'https://media.rawg.io/media/games/cce/cce8bebe861f295003f5a9fe5b11233f.jpg'}, 'released_at': '1986-01-01', 'requirements': {}}]",[],"[{'id': 27464, 'name': 'Argus Press Software', 'slug': 'argus-press-software', 'games_count': 1, 'image_background': 'https://media.rawg.io/media/screenshots/a91/a91f8e92342482e4ad15d2e1942b794d.jpg'}, {'id': 27554, 'name': 'Argus Press', 'slug': 'argus-press', 'games_count': 1, 'image_background': 'https://media.rawg.io/media/screenshots/41b/41bd16eeecbbe049a4ccf07d9f9dd7fc.jpg'}]","[{'id': 14, 'name': 'Simulation', 'slug': 'simulation', 'games_count': 73491, 'image_background': 'https://media.rawg.io/media/games/48c/48cb04ca483be865e3a83119c94e6097.jpg'}, {'id': 15, 'name': 'Sports', 'slug': 'sports', 'games_count': 22123, 'image_background': 'https://media.rawg.io/media/games/5eb/5eb49eb2fa0738fdb5bacea557b1bc57.jpg'}]","[{'id': 31, 'name': 'Singleplayer', 'slug': 'singleplayer', 'language': 'eng', 'games_count': 238404, 'image_background': 'https://media.rawg.io/media/games/26d/26d4437715bee60138dab4a7c8c59c92.jpg'}, {'id': 7, 'name': 'Multiplayer', 'slug': 'multiplayer', 'language': 'eng', 'games_count': 40505, 'image_background': 'https://media.rawg.io/media/games/021/021c4e21a1824d2526f925eff6324653.jpg'}]","[{'id': 20278, 'name': 'Grandslam Entertainment', 'slug': 'grandslam-entertainment', 'games_count': 7, 'image_background': 'https://media.rawg.io/media/screenshots/d83/d838275def3851c33ff3f01d1db2b594.jpg'}, {'id': 20593, 'name': 'Grandslam Entertainments', 'slug': 'grandslam-entertainments-ltd', 'games_count': 1, 'image_background': 'https://media.rawg.io/media/screenshots/41b/41bd16eeecbbe049a4ccf07d9f9dd7fc.jpg'}]",,"Peter Shilton's Handball Maradona (referred to in title as Peter Shilton's Football) is a multiplatform traditional soccer/football simulation video game that was released in 1986 for the Amstrad CPC, Commodore 64 and ZX Spectrum. The game allows players to control legendary goalkeeper Peter Shilton. The game's title refers to the ""hand of God"" goal scored by Diego Maradona against England at the 1986 FIFA World Cup.",,,6,1.0,3.0,1.0,,,,,,,,,,,,,,,,0.0,,
56294,aighina-no-yogen-from-the-legend-of-balubalouk,Aighina no Yogen: From the Legend of Balubalouk,Aighina no Yogen: From the Legend of Balubalouk,"<p>Aighina no Yogen: From the Legend of Balubalouk (アイギーナの予言 バルバルークの伝説より, Aigīna no yogen barubarūku no densetsu yori, lit. ""Aighina's Prophecy: From the Legend of Balubalouk"") is a Japan-exclusive video game for multiple platforms in 1986. This video game is the spiritual sequel to an arcade game known as Baluba-Louk No Densetsu, which was also only released in Japan.</p>",,[],1986-11-21,False,2019-08-28T22:00:34,https://media.rawg.io/media/screenshots/8cb/8cb150bcf0320ab5aff7da6468808982.jpg,https://media.rawg.io/media/screenshots/48a/48a732eb8b2c5633f8b9ed8d13d2b67e.jpg,,0.0,0,[],11,0,8,0,0,0,0,,,,,0,0,0,0,0,183,[],,0,0,0,,0,0f0f0f,0f0f0f,"[{'platform': {'id': 7, 'name': 'Nintendo', 'slug': 'nintendo'}}, {'platform': {'id': 10, 'name': 'Commodore / Amiga', 'slug': 'commodore-amiga'}}]","[{'platform': {'id': 166, 'name': 'Commodore / Amiga', 'slug': 'commodore-amiga', 'image': None, 'year_end': None, 'year_start': None, 'games_count': 2083, 'image_background': 'https://media.rawg.io/media/games/cce/cce8bebe861f295003f5a9fe5b11233f.jpg'}, 'released_at': '1986-11-21', 'requirements': {}}, {'platform': {'id': 49, 'name': 'NES', 'slug': 'nes', 'image': None, 'year_end': None, 'year_start': None, 'games_count': 1015, 'image_background': 'https://media.rawg.io/media/games/7c5/7c50dd0415eb0a57505c58d4e50e4d24.jpg'}, 'released_at': '1986-11-21', 'requirements': {}}]",[],"[{'id': 15552, 'name': 'Software Creations', 'slug': 'software-creations', 'games_count': 41, 'image_background': 'https://media.rawg.io/media/screenshots/dcc/dccef85450466b97c54b75041254b4b9.jpg'}, {'id': 26567, 'name': 'Vic Tokai', 'slug': 'vic-tokai', 'games_count': 16, 'image_background': 'https://media.rawg.io/media/screenshots/335/335f4b80ec12ee4cd634749e8e5ad8a0.jpg'}, {'id': 26568, 'name': 'Tokai Communications', 'slug': 'tokai-communications', 'games_count': 10, 'image_background': 'https://media.rawg.io/media/games/454/454a4687e41700f4ac38db6fd3605e90.jpg'}]","[{'id': 83, 'name': 'Platformer', 'slug': 'platformer', 'games_count': 100869, 'image_background': 'https://media.rawg.io/media/games/f8c/f8c6a262ead4c16b47e1219310210eb3.jpg'}]","[{'id': 31, 'name': 'Singleplayer', 'slug': 'singleplayer', 'language': 'eng', 'games_count': 238404, 'image_background': 'https://media.rawg.io/media/games/26d/26d4437715bee60138dab4a7c8c59c92.jpg'}]","[{'id': 11875, 'name': 'Vic Tokai', 'slug': 'vic-tokai', 'games_count': 35, 'image_background': 'https://media.rawg.io/media/screenshots/70e/70e839c355fcbe3ae51ad32571e3244c.jpg'}]",,"Aighina no Yogen: From the Legend of Balubalouk (アイギーナの予言 バルバルークの伝説より, Aigīna no yogen barubarūku no densetsu yori, lit. ""Aighina's Prophecy: From the Legend of Balubalouk"") is a Japan-exclusive video game for multiple platforms in 1986. This video game is the spiritual sequel to an arcade game known as Baluba-Louk No Densetsu, which was also only released in Japan.",,,6,1.0,3.0,1.0,,,,,,,,,,,,,,,,0.0,,
53729,breakthru-1986,BreakThru (1986),BreakThru (1986),"<p>BreakThru (ブレーク スルー, Bureikusurū) is a Data East vehicular combat arcade game that was later made available for the Nintendo Entertainment System and various personal computers. The goal is to drive a dune buggy to ""breakthru"" the enemy lines of five different areas. The five areas are ""Mountain"", ""Bridge"", ""Prairie"" (labeled as ""Jungle"" in early advertising), ""City"" and ""Recover the Aircraft"".</p>",,[],1986-01-01,False,2019-08-28T22:01:58,https://media.rawg.io/media/screenshots/b3e/b3e12d65fe4704251941de9c2438da09.jpg,https://media.rawg.io/media/screenshots/93a/93a6367b9c8f0cf49e8c9e16e75cf910.jpg,,0.0,0,"[{'id': 4, 'title': 'recommended', 'count': 1, 'percent': 50.0}, {'id': 3, 'title': 'meh', 'count': 1, 'percent': 50.0}]",11,0,10,0,0,0,0,,,,,0,0,0,0,2,371,[],,0,0,0,,2,0f0f0f,0f0f0f,"[{'platform': {'id': 7, 'name': 'Nintendo', 'slug': 'nintendo'}}, {'platform': {'id': 10, 'name': 'Commodore / Amiga', 'slug': 'commodore-amiga'}}]","[{'platform': {'id': 49, 'name': 'NES', 'slug': 'nes', 'image': None, 'year_end': None, 'year_start': None, 'games_count': 1015, 'image_background': 'https://media.rawg.io/media/games/7c5/7c50dd0415eb0a57505c58d4e50e4d24.jpg'}, 'released_at': '1986-01-01', 'requirements': {}}, {'platform': {'id': 166, 'name': 'Commodore / Amiga', 'slug': 'commodore-amiga', 'image': None, 'year_end': None, 'year_start': None, 'games_count': 2083, 'image_background': 'https://media.rawg.io/media/games/cce/cce8bebe861f295003f5a9fe5b11233f.jpg'}, 'released_at': '1986-01-01', 'requirements': {}}]",[],"[{'id': 15837, 'name': 'Data East', 'slug': 'data-east', 'games_count': 71, 'image_background': 'https://media.rawg.io/media/games/3b9/3b98e6b2552b49a95f9505351ff4fba7.jpg'}]",[],"[{'id': 31, 'name': 'Singleplayer', 'slug': 'singleplayer', 'language': 'eng', 'games_count': 238404, 'image_background': 'https://media.rawg.io/media/games/26d/26d4437715bee60138dab4a7c8c59c92.jpg'}]","[{'id': 11527, 'name': 'U.S. Gold', 'slug': 'us-gold-2', 'games_count': 95, 'image_background': 'https://media.rawg.io/media/games/eaa/eaa94a1203b9b8fdf5b01575c9e91591.jpg'}, {'id': 12214, 'name': 'Data East', 'slug': 'data-east', 'games_count': 64, 'image_background': 'https://media.rawg.io/media/screenshots/765/765f5b0640d1049558d0a8cc769ba227.jpg'}]",,"BreakThru (ブレーク スルー, Bureikusurū) is a Data East vehicular combat arcade game that was later made available for the Nintendo Entertainment System and various personal computers. The goal is to drive a dune buggy to ""breakthru"" the enemy lines of five different areas. The five areas are ""Mountain"", ""Bridge"", ""Prairie"" (labeled as ""Jungle"" in early advertising), ""City"" and ""Recover the Aircraft"".",,,6,3.0,1.0,1.0,,,,,,,,,,,,,,,,0.0,,
56598,labyrinth-the-computer-game,Labyrinth: The Computer Game,Labyrinth: The Computer Game,"<p>Labyrinth: The Computer Game is a 1986 graphic adventure game developed by Lucasfilm Games and published by Activision. Based on the fantasy film Labyrinth, it tasks the player with navigating a maze while solving puzzles and evading dangers. The player's goal is to find and defeat the main antagonist, Jareth, within 13 real-time hours. Unlike other adventure games of the period, Labyrinth does not feature a command-line interface. Instead, the player uses two scrolling ""word wheel"" menus on the screen to construct basic sentences.</p>
<p>Labyrinth was the first adventure game created by Lucasfilm. The project was led by designer David Fox, who invented its word wheels to avoid the text parsers and syntax guessing typical of text-based adventure games. Early in development, the team collaborated with author Douglas Adams in a week-long series of brainstorming sessions, which inspired much of the final product. Labyrinth received positive reviews and, in the United States, was a bigger commercial success than the film upon which it was based. Its design influenced Lucasfilm's subsequent adventure title, the critically acclaimed Maniac Mansion.</p>",,[],1986-01-01,False,2019-08-28T22:00:24,https://media.rawg.io/media/screenshots/5e4/5e49afcc470adfbe1af71a578d2c69d7.jpg,https://media.rawg.io/media/screenshots/325/3252b0740236ce84541350d25d4d5713.jpg,,0.0,0,"[{'id': 3, 'title': 'meh', 'count': 1, 'percent': 100.0}]",11,0,8,0,5,0,0,,,,,0,0,0,0,1,257,[],,0,0,0,,1,0f0f0f,0f0f0f,"[{'platform': {'id': 5, 'name': 'Apple Macintosh', 'slug': 'mac'}}, {'platform': {'id': 10, 'name': 'Commodore / Amiga', 'slug': 'commodore-amiga'}}]","[{'platform': {'id': 166, 'name': 'Commodore / Amiga', 'slug': 'commodore-amiga', 'image': None, 'year_end': None, 'year_start': None, 'games_count': 2083, 'image_background': 'https://media.rawg.io/media/games/cce/cce8bebe861f295003f5a9fe5b11233f.jpg'}, 'released_at': '1986-01-01', 'requirements': {}}, {'platform': {'id': 41, 'name': 'Apple II', 'slug': 'apple-ii', 'image': None, 'year_end': None, 'year_start': None, 'games_count': 424, 'image_background': 'https://media.rawg.io/media/screenshots/3d2/3d2bb57b39e2efa39d1c385585b2ea8b.jpg'}, 'released_at': '1986-01-01', 'requirements': {}}]",[],"[{'id': 14443, 'name': 'LucasArts Entertainment', 'slug': 'lucasarts-entertainment', 'games_count': 89, 'image_background': 'https://media.rawg.io/media/screenshots/c7c/c7cec66d0ef731f891e413fc4c5dfa74.jpg'}, {'id': 13290, 'name': 'Lucasfilm', 'slug': 'lucasfilm', 'games_count': 43, 'image_background': 'https://media.rawg.io/media/screenshots/101/1015fe740ce5654eb97c9140f6da3c3e.jpg'}]","[{'id': 3, 'name': 'Adventure', 'slug': 'adventure', 'games_count': 146481, 'image_background': 'https://media.rawg.io/media/games/b6b/b6b20bfc4b34e312dbc8aac53c95a348.jpg'}]","[{'id': 31, 'name': 'Singleplayer', 'slug': 'singleplayer', 'language': 'eng', 'games_count': 238404, 'image_background': 'https://media.rawg.io/media/games/26d/26d4437715bee60138dab4a7c8c59c92.jpg'}]","[{'id': 10830, 'name': 'Activision Blizzard', 'slug': 'activision-blizzard', 'games_count': 691, 'image_background': 'https://media.rawg.io/media/games/445/44507fdd60a8ec02b1c3c64a293ca754.jpg'}]",,"Labyrinth: The Computer Game is a 1986 graphic adventure game developed by Lucasfilm Games and published by Activision. Based on the fantasy film Labyrinth, it tasks the player with navigating a maze while solving puzzles and evading dangers. The player's goal is to find and defeat the main antagonist, Jareth, within 13 real-time hours. Unlike other adventure games of the period, Labyrinth does not feature a command-line interface. Instead, the player uses two scrolling ""word wheel"" menus on the screen to construct basic sentences.
Labyrinth was the first adventure game created by Lucasfilm. The project was led by designer David Fox, who invented its word wheels to avoid the text parsers and syntax guessing typical of text-based adventure games. Early in development, the team collaborated with author Douglas Adams in a week-long series of brainstorming sessions, which inspired much of the final product. Labyrinth received positive reviews and, in the United States, was a bigger commercial success than the film upon which it was based. Its design influenced Lucasfilm's subsequent adventure title, the critically acclaimed Maniac Mansion.",,1.0,4,2.0,3.0,1.0,,,,,,,,,,,,,,,,0.0,,
56454,elidon,Elidon,Elidon,"<p>Elidon is an action game developed and published by Orpheus Ltd. for the Amstrad CPC, Commodore 64 and MSX computers in 1985.</p>",,[],1986-01-01,False,2019-08-28T22:00:28,https://media.rawg.io/media/screenshots/edd/edd58211e69e258dccb3eb390c93703c.jpg,https://media.rawg.io/media/screenshots/171/1716cee9d9e304c2b7101eddbaddea24.jpg,,0.0,0,[],11,0,9,0,4,0,0,,,,,0,0,0,0,0,227,[],,0,0,0,,0,0f0f0f,0f0f0f,"[{'platform': {'id': 10, 'name': 'Commodore / Amiga', 'slug': 'commodore-amiga'}}]","[{'platform': {'id': 166, 'name': 'Commodore / Amiga', 'slug': 'commodore-amiga', 'image': None, 'year_end': None, 'year_start': None, 'games_count': 2083, 'image_background': 'https://media.rawg.io/media/games/cce/cce8bebe861f295003f5a9fe5b11233f.jpg'}, 'released_at': '1986-01-01', 'requirements': {}}]",[],"[{'id': 27440, 'name': 'Orpheus', 'slug': 'orpheus', 'games_count': 2, 'image_background': 'https://media.rawg.io/media/screenshots/edd/edd58211e69e258dccb3eb390c93703c.jpg'}]","[{'id': 4, 'name': 'Action', 'slug': 'action', 'games_count': 186608, 'image_background': 'https://media.rawg.io/media/games/618/618c2031a07bbff6b4f611f10b6bcdbc.jpg'}]","[{'id': 31, 'name': 'Singleplayer', 'slug': 'singleplayer', 'language': 'eng', 'games_count': 238404, 'image_background': 'https://media.rawg.io/media/games/26d/26d4437715bee60138dab4a7c8c59c92.jpg'}]","[{'id': 20527, 'name': 'Aackosoft', 'slug': 'aackosoft', 'games_count': 2, 'image_background': 'https://media.rawg.io/media/screenshots/edd/edd58211e69e258dccb3eb390c93703c.jpg'}, {'id': 20526, 'name': 'Orpheus', 'slug': 'orpheus', 'games_count': 1, 'image_background': 'https://media.rawg.io/media/screenshots/edd/edd58211e69e258dccb3eb390c93703c.jpg'}]",,"Elidon is an action game developed and published by Orpheus Ltd. for the Amstrad CPC, Commodore 64 and MSX computers in 1985.",,,6,2.0,2.0,1.0,,,,,,,,,,,,,,,,0.0,,
264696,layla,Layla,Layla,<p>LayLa (レイラ) is a Action/Platformer 2D video game published by dB-SOFT released on 1986 for the NES.</p>,,[],1986-12-20,False,2024-10-14T08:44:24,https://media.rawg.io/media/games/e18/e18265c5c04806d5bfbf30da3e98661a.jpg,https://media.rawg.io/media/screenshots/d79/d79e0f9d4f06a8e5f80831dcf997a61a.jpg,,0.0,0,"[{'id': 4, 'title': 'recommended', 'count': 3, 'percent': 75.0}, {'id': 3, 'title': 'meh', 'count': 1, 'percent': 25.0}]",11,0,7,0,6,0,0,,,,,0,0,0,1,3,217,['レイラ'],,0,0,0,,4,0f0f0f,0f0f0f,"[{'platform': {'id': 7, 'name': 'Nintendo', 'slug': 'nintendo'}}]","[{'platform': {'id': 49, 'name': 'NES', 'slug': 'nes', 'image': None, 'year_end': None, 'year_start': None, 'games_count': 1015, 'image_background': 'https://media.rawg.io/media/games/7c5/7c50dd0415eb0a57505c58d4e50e4d24.jpg'}, 'released_at': '1986-12-20', 'requirements': {}}]",[],[],"[{'id': 4, 'name': 'Action', 'slug': 'action', 'games_count': 186608, 'image_background': 'https://media.rawg.io/media/games/618/618c2031a07bbff6b4f611f10b6bcdbc.jpg'}, {'id': 83, 'name': 'Platformer', 'slug': 'platformer', 'games_count': 100869, 'image_background': 'https://media.rawg.io/media/games/f8c/f8c6a262ead4c16b47e1219310210eb3.jpg'}]",[],[],,LayLa (レイラ) is a Action/Platformer 2D video game published by dB-SOFT released on 1986 for the NES.,,1.0,4,4.0,1.0,1.0,,2.0,Everyone 10+,everyone-10-plus,,,,,,,,,,1.0,,0.0,,
56515,gladiator-1986,Gladiator (1986),Gladiator (1986),"<p>Gladiator, known in Japan as Ougon no Shiro (黄金の城, lit. ""Golden Castle""), is an arcade game developed by Allumer and published in 1986 by Taito. It was followed by a sequel titled Blandia. Home ports of Gladiator were released for the ZX Spectrum, Amstrad CPC and Commodore 64 as Great Gurianos.</p>",,[],1986-01-01,False,2019-01-09T12:41:06,,,,0.0,0,[],11,0,0,0,0,0,0,,,,,0,0,0,0,0,0,[],,0,0,0,,0,0f0f0f,0f0f0f,"[{'platform': {'id': 10, 'name': 'Commodore / Amiga', 'slug': 'commodore-amiga'}}]","[{'platform': {'id': 166, 'name': 'Commodore / Amiga', 'slug': 'commodore-amiga', 'image': None, 'year_end': None, 'year_start': None, 'games_count': 2083, 'image_background': 'https://media.rawg.io/media/games/cce/cce8bebe861f295003f5a9fe5b11233f.jpg'}, 'released_at': '1986-01-01', 'requirements': {}}]",[],"[{'id': 27462, 'name': 'Allumer', 'slug': 'allumer', 'games_count': 1, 'image_background': ''}]",[],"[{'id': 7, 'name': 'Multiplayer', 'slug': 'multiplayer', 'language': 'eng', 'games_count': 40505, 'image_background': 'https://media.rawg.io/media/games/021/021c4e21a1824d2526f925eff6324653.jpg'}]","[{'id': 10867, 'name': 'Taito', 'slug': 'taito', 'games_count': 200, 'image_background': 'https://media.rawg.io/media/games/541/541de539db14b477a5ae9973f6ea8193.jpg'}]",,"Gladiator, known in Japan as Ougon no Shiro (黄金の城, lit. ""Golden Castle""), is an arcade game developed by Allumer and published in 1986 by Taito. It was followed by a sequel titled Blandia. Home ports of Gladiator were released for the ZX Spectrum, Amstrad CPC and Commodore 64 as Great Gurianos.",,1.0,5,2.0,2.0,1.0,,,,,,,,,,,,,,,,0.0,,
56544,highlander-1986,Highlander (1986),Highlander (1986),"<p>Highlander is a video game tie-in to the Highlander franchise released in 1986 by Ocean Software for the ZX Spectrum, Commodore 64 and Amstrad CPC home computers. It was not received well by gaming magazines of the time - Sinclair User awarded it two stars out of five and called it &quot;a golden turkey&quot;, also giving it the &quot;golden turkey award&quot; - and the game was described as a bad port of standard fighting games at the time.</p>",,[],1986-01-01,False,2023-12-01T09:02:17,https://media.rawg.io/media/games/98d/98df71486c56341cb5ee52c23e50189c.jpg,https://media.rawg.io/media/screenshots/ac1/ac1840621f9e99176f8b5c7191d5fa8b.jpg,,0.0,0,"[{'id': 5, 'title': 'exceptional', 'count': 1, 'percent': 100.0}]",11,0,10,0,1,0,0,,,,,0,0,0,0,1,262,[],,0,0,1,,1,0f0f0f,0f0f0f,"[{'platform': {'id': 10, 'name': 'Commodore / Amiga', 'slug': 'commodore-amiga'}}]","[{'platform': {'id': 166, 'name': 'Commodore / Amiga', 'slug': 'commodore-amiga', 'image': None, 'year_end': None, 'year_start': None, 'games_count': 2083, 'image_background': 'https://media.rawg.io/media/games/cce/cce8bebe861f295003f5a9fe5b11233f.jpg'}, 'released_at': '1986-01-01', 'requirements': {}}]",[],"[{'id': 27475, 'name': 'Martin Calvert)', 'slug': 'martin-calvert', 'games_count': 1, 'image_background': 'https://media.rawg.io/media/screenshots/489/48944cf0b3a7c9c41a6728e21c9552fa.jpg'}, {'id': 27476, 'name': 'Canvas (Roy Gibson', 'slug': 'canvas-roy-gibson', 'games_count': 1, 'image_background': 'https://media.rawg.io/media/screenshots/489/48944cf0b3a7c9c41a6728e21c9552fa.jpg'}, {'id': 27477, 'name': 'Simon Butler', 'slug': 'simon-butler', 'games_count': 1, 'image_background': 'https://media.rawg.io/media/screenshots/489/48944cf0b3a7c9c41a6728e21c9552fa.jpg'}, {'id': 27478, 'name': 'Steven Cain', 'slug': 'steven-cain', 'games_count': 1, 'image_background': 'https://media.rawg.io/media/screenshots/489/48944cf0b3a7c9c41a6728e21c9552fa.jpg'}]","[{'id': 4, 'name': 'Action', 'slug': 'action', 'games_count': 186608, 'image_background': 'https://media.rawg.io/media/games/618/618c2031a07bbff6b4f611f10b6bcdbc.jpg'}, {'id': 6, 'name': 'Fighting', 'slug': 'fighting', 'games_count': 11763, 'image_background': 'https://media.rawg.io/media/games/35b/35b47c4d85cd6e08f3e2ca43ea5ce7bb.jpg'}]","[{'id': 31, 'name': 'Singleplayer', 'slug': 'singleplayer', 'language': 'eng', 'games_count': 238404, 'image_background': 'https://media.rawg.io/media/games/26d/26d4437715bee60138dab4a7c8c59c92.jpg'}, {'id': 7, 'name': 'Multiplayer', 'slug': 'multiplayer', 'language': 'eng', 'games_count': 40505, 'image_background': 'https://media.rawg.io/media/games/021/021c4e21a1824d2526f925eff6324653.jpg'}]","[{'id': 11474, 'name': 'Ocean Software', 'slug': 'ocean-software', 'games_count': 106, 'image_background': 'https://media.rawg.io/media/screenshots/11b/11b13a543a0ff469af2584b8831cc43b.jpg'}]",,"Highlander is a video game tie-in to the Highlander franchise released in 1986 by Ocean Software for the ZX Spectrum, Commodore 64 and Amstrad CPC home computers. It was not received well by gaming magazines of the time - Sinclair User awarded it two stars out of five and called it ""a golden turkey"", also giving it the ""golden turkey award"" - and the game was described as a bad port of standard fighting games at the time.",,,5,2.0,3.0,1.0,,,,,,,,,,,,,,,,0.0,,
264687,the-crimson-crown,The Crimson Crown,The Crimson Crown,"<p>The Crimson Crown is an adventure game. It came out on 10-01-1986. The game is rated as ""Recommended"" on RAWG. <br>The Crimson Crown is available on PC. </p>

<p></p>",,[],1986-01-10,False,2023-02-08T10:51:05,https://media.rawg.io/media/screenshots/e0d/e0db726c86fe2b54f79e26c5112f81b2.jpg,https://media.rawg.io/media/screenshots/947/947259c0e4053fb0a555334c149d1215.jpg,,0.0,0,"[{'id': 4, 'title': 'recommended', 'count': 1, 'percent': 100.0}]",11,0,6,0,0,0,0,,,,,0,0,0,0,1,192,['Transylvania 2 The Crimson Crown'],,0,0,0,,1,0f0f0f,0f0f0f,"[{'platform': {'id': 1, 'name': 'PC', 'slug': 'pc'}}]","[{'platform': {'id': 4, 'name': 'PC', 'slug': 'pc', 'image': None, 'year_end': None, 'year_start': None, 'games_count': 547196, 'image_background': 'https://media.rawg.io/media/games/6fc/6fcf4cd3b17c288821388e6085bb0fc9.jpg'}, 'released_at': '1986-01-10', 'requirements': {}}]",[],[],"[{'id': 3, 'name': 'Adventure', 'slug': 'adventure', 'games_count': 146481, 'image_background': 'https://media.rawg.io/media/games/b6b/b6b20bfc4b34e312dbc8aac53c95a348.jpg'}]",[],[],,,,1.0,5,3.0,1.0,1.0,,,,,,,,,,,,,,,,0.0,,
55315,star-raiders-ii,Star Raiders II,Star Raiders II,"<p>Star Raiders II is a video game released in 1986 for the Atari 8-bit family as a sequel to 1979's Star Raiders, which was the killer app for the Atari computers. The game was originally developed as part of a tie-in with the movie The Last Starfighter, which featured an arcade game of the same name as part of its plotline. Versions for the Atari 5200 and the Atari 8-bit computers were developed in 1984, although those were never released. Later the tie-in was dropped, and the game converted into a sequel to Star Raiders by changing a number of gameplay elements. The gameplay remained different from the original Star Raiders.</p>
<p>Conversions for the ZX Spectrum, Amstrad CPC, and Commodore 64 were published under license by Electric Dreams Software in 1987.</p>
<p>In 2015 it was revealed that a true sequel, also called Star Raiders II, had been under development for some time by Atari programmer Aric Wilmunder. It was nearing completion when he was laid off during the massive downsizing of the company in early 1984. Although the programmer continued talks with Atari after its takeover by Jack Tramiel, no deal was ever forthcoming. The source code, largely complete but not polished for release, was posted publicly in December 2015. This version is far more faithful to the original version in terms of gameplay.</p>",,[],1986-01-01,False,2019-08-28T22:01:06,https://media.rawg.io/media/screenshots/4b1/4b1806673ad09956a15e1a85ba41dbe6.jpg,https://media.rawg.io/media/screenshots/495/495a7c59e31322cd8047a3b0ef6df000.jpg,,0.0,0,[],11,0,9,0,2,0,0,,,,,0,0,0,0,0,238,[],,0,0,0,,0,0f0f0f,0f0f0f,"[{'platform': {'id': 9, 'name': 'Atari', 'slug': 'atari'}}, {'platform': {'id': 10, 'name': 'Commodore / Amiga', 'slug': 'commodore-amiga'}}]","[{'platform': {'id': 25, 'name': 'Atari 8-bit', 'slug': 'atari-8-bit', 'image': None, 'year_end': None, 'year_start': None, 'games_count': 308, 'image_background': 'https://media.rawg.io/media/screenshots/038/0385a47d3a43b218204268af5361a19e.jpg'}, 'released_at': '1986-01-01', 'requirements': {}}, {'platform': {'id': 50, 'name': 'Atari XEGS', 'slug': 'atari-xegs', 'image': None, 'year_end': None, 'year_start': None, 'games_count': 22, 'image_background': 'https://media.rawg.io/media/screenshots/769/7691726d70c23c029903df08858df001.jpg'}, 'released_at': '1986-01-01', 'requirements': {}}, {'platform': {'id': 166, 'name': 'Commodore / Amiga', 'slug': 'commodore-amiga', 'image': None, 'year_end': None, 'year_start': None, 'games_count': 2083, 'image_background': 'https://media.rawg.io/media/games/cce/cce8bebe861f295003f5a9fe5b11233f.jpg'}, 'released_at': '1986-01-01', 'requirements': {}}]",[],"[{'id': 656, 'name': 'Atari', 'slug': 'atari', 'games_count': 137, 'image_background': 'https://media.rawg.io/media/games/0d2/0d2d6f345cd77639d65a235cb7dd0a21.jpg'}]",[],"[{'id': 31, 'name': 'Singleplayer', 'slug': 'singleplayer', 'language': 'eng', 'games_count': 238404, 'image_background': 'https://media.rawg.io/media/games/26d/26d4437715bee60138dab4a7c8c59c92.jpg'}]","[{'id': 1779, 'name': 'Atari', 'slug': 'atari', 'games_count': 507, 'image_background': 'https://media.rawg.io/media/games/d82/d82dbcf92ded452bf8c6fb1bbdd62e52.jpg'}, {'id': 19416, 'name': 'Electric Dreams', 'slug': 'electric-dreams', 'games_count': 4, 'image_background': 'https://media.rawg.io/media/screenshots/4b1/4b1806673ad09956a15e1a85ba41dbe6.jpg'}]",,"Star Raiders II is a video game released in 1986 for the Atari 8-bit family as a sequel to 1979's Star Raiders, which was the killer app for the Atari computers. The game was originally developed as part of a tie-in with the movie The Last Starfighter, which featured an arcade game of the same name as part of its plotline. Versions for the Atari 5200 and the Atari 8-bit computers were developed in 1984, although those were never released. Later the tie-in was dropped, and the game converted into a sequel to Star Raiders by changing a number of gameplay elements. The gameplay remained different from the original Star Raiders.
Conversions for the ZX Spectrum, Amstrad CPC, and Commodore 64 were published under license by Electric Dreams Software in 1987.
In 2015 it was revealed that a true sequel, also called Star Raiders II, had been under development for some time by Atari programmer Aric Wilmunder. It was nearing completion when he was laid off during the massive downsizing of the company in early 1984. Although the programmer continued talks with Atari after its takeover by Jack Tramiel, no deal was ever forthcoming. The source code, largely complete but not polished for release, was posted publicly in December 2015. This version is far more faithful to the original version in terms of gameplay.",,,5,3.0,2.0,1.0,,,,,,,,,,,,,,,,0.0,,
54897,shanghai,Shanghai,Shanghai,"<p>Shanghai is a computerized version of mahjong solitaire published by Activision in 1986 for the Amiga, Atari ST, Atari 8-bit family, Commodore 64, IBM PC, Macintosh, Apple IIGS and Master System.</p>",,[],1986-01-01,False,2023-02-08T10:51:09,https://media.rawg.io/media/screenshots/2f0/2f08dccce45ccf25069b61dfe1ecdf4d.jpg,https://media.rawg.io/media/screenshots/1d1/1d16b7d51854ed18be036f764a822729.jpg,,0.0,0,[],11,0,38,0,0,0,0,,,,,0,0,0,0,0,345,[],,0,0,0,,0,0f0f0f,0f0f0f,"[{'platform': {'id': 1, 'name': 'PC', 'slug': 'pc'}}, {'platform': {'id': 5, 'name': 'Apple Macintosh', 'slug': 'mac'}}, {'platform': {'id': 7, 'name': 'Nintendo', 'slug': 'nintendo'}}, {'platform': {'id': 9, 'name': 'Atari', 'slug': 'atari'}}, {'platform': {'id': 10, 'name': 'Commodore / Amiga', 'slug': 'commodore-amiga'}}, {'platform': {'id': 11, 'name': 'SEGA', 'slug': 'sega'}}]","[{'platform': {'id': 34, 'name': 'Atari ST', 'slug': 'atari-st', 'image': None, 'year_end': None, 'year_start': None, 'games_count': 836, 'image_background': 'https://media.rawg.io/media/games/637/637d7dc2f44d0f6ddd3ee2c0b1366962.jpg'}, 'released_at': '1986-01-01', 'requirements': {}}, {'platform': {'id': 11, 'name': 'Wii', 'slug': 'wii', 'image': None, 'year_end': None, 'year_start': None, 'games_count': 2209, 'image_background': 'https://media.rawg.io/media/games/9ca/9ca31615beee447f3ae1dc9b3b736dce.jpg'}, 'released_at': '1986-01-01', 'requirements': {}}, {'platform': {'id': 46, 'name': 'Atari Lynx', 'slug': 'atari-lynx', 'image': None, 'year_end': None, 'year_start': None, 'games_count': 57, 'image_background': 'https://media.rawg.io/media/screenshots/d71/d71b68d3f6b1810bc9d64d7aea746d30.jpg'}, 'released_at': '1986-01-01', 'requirements': {}}, {'platform': {'id': 49, 'name': 'NES', 'slug': 'nes', 'image': None, 'year_end': None, 'year_start': None, 'games_count': 1015, 'image_background': 'https://media.rawg.io/media/games/7c5/7c50dd0415eb0a57505c58d4e50e4d24.jpg'}, 'released_at': '1986-01-01', 'requirements': {}}, {'platform': {'id': 74, 'name': 'SEGA Master System', 'slug': 'sega-master-system', 'image': None, 'year_end': None, 'year_start': None, 'games_count': 234, 'image_background': 'https://media.rawg.io/media/screenshots/a7f/a7f3cb62af2ee95d92065da88583338b.jpg'}, 'released_at': '1986-01-01', 'requirements': {}}, {'platform': {'id': 166, 'name': 'Commodore / Amiga', 'slug': 'commodore-amiga', 'image': None, 'year_end': None, 'year_start': None, 'games_count': 2083, 'image_background': 'https://media.rawg.io/media/games/cce/cce8bebe861f295003f5a9fe5b11233f.jpg'}, 'released_at': '1986-01-01', 'requirements': {}}, {'platform': {'id': 4, 'name': 'PC', 'slug': 'pc', 'image': None, 'year_end': None, 'year_start': None, 'games_count': 547196, 'image_background': 'https://media.rawg.io/media/games/6fc/6fcf4cd3b17c288821388e6085bb0fc9.jpg'}, 'released_at': '1986-01-01', 'requirements': {}}, {'platform': {'id': 41, 'name': 'Apple II', 'slug': 'apple-ii', 'image': None, 'year_end': None, 'year_start': None, 'games_count': 424, 'image_background': 'https://media.rawg.io/media/screenshots/3d2/3d2bb57b39e2efa39d1c385585b2ea8b.jpg'}, 'released_at': '1986-01-01', 'requirements': {}}, {'platform': {'id': 25, 'name': 'Atari 8-bit', 'slug': 'atari-8-bit', 'image': None, 'year_end': None, 'year_start': None, 'games_count': 308, 'image_background': 'https://media.rawg.io/media/screenshots/038/0385a47d3a43b218204268af5361a19e.jpg'}, 'released_at': '1986-01-01', 'requirements': {}}, {'platform': {'id': 26, 'name': 'Game Boy', 'slug': 'game-boy', 'image': None, 'year_end': None, 'year_start': None, 'games_count': 617, 'image_background': 'https://media.rawg.io/media/games/057/0573c1c9e1f2414c1f4acabe86ee9fd9.jpg'}, 'released_at': '1986-01-01', 'requirements': {}}, {'platform': {'id': 55, 'name': 'Classic Macintosh', 'slug': 'macintosh', 'image': None, 'year_end': None, 'year_start': None, 'games_count': 675, 'image_background': 'https://media.rawg.io/media/games/38a/38af969459ad6e5de116ec8a4a84218c.jpg'}, 'released_at': '1986-01-01', 'requirements': {}}, {'platform': {'id': 43, 'name': 'Game Boy Color', 'slug': 'game-boy-color', 'image': None, 'year_end': None, 'year_start': None, 'games_count': 427, 'image_background': 'https://media.rawg.io/media/games/28b/28b088364ecab7870dffc3b710104734.jpg'}, 'released_at': '1986-01-01', 'requirements': {}}]",[],[],[],"[{'id': 3319, 'name': 'solitaire', 'slug': 'solitaire', 'language': 'eng', 'games_count': 2503, 'image_background': 'https://media.rawg.io/media/screenshots/64e/64ea9c8cfa8d95fae4e9c95c7cadd8ac.jpg'}, {'id': 1534, 'name': 'atari', 'slug': 'atari', 'language': 'eng', 'games_count': 1158, 'image_background': 'https://media.rawg.io/media/screenshots/d10/d10fdd0fc764ad4a5d70fffa6aee1175.jpg'}]","[{'id': 10830, 'name': 'Activision Blizzard', 'slug': 'activision-blizzard', 'games_count': 691, 'image_background': 'https://media.rawg.io/media/games/445/44507fdd60a8ec02b1c3c64a293ca754.jpg'}]",,"Shanghai is a computerized version of mahjong solitaire published by Activision in 1986 for the Amiga, Atari ST, Atari 8-bit family, Commodore 64, IBM PC, Macintosh, Apple IIGS and Master System.",,1.0,5,1.0,3.0,1.0,,,,,,,,,,,,,,,,0.0,,
56283,aardvark,Aardvark,Aardvark,"<p>Aardvark is a game for the Atari 8-bit computers, Commodore 64 and Commodore 16 published by Bug-Byte in 1986.</p>",,[],1986-01-01,False,2019-08-28T22:00:34,https://media.rawg.io/media/screenshots/978/978f23a813c7d38b166e3e3f0a407915.jpg,https://media.rawg.io/media/screenshots/bd4/bd4e6da0f3e83c663ccf843d6a57fe5b.jpg,,0.0,0,[],11,0,8,0,1,0,0,,,,,0,0,0,0,0,121,[],,0,0,0,,0,0f0f0f,0f0f0f,"[{'platform': {'id': 10, 'name': 'Commodore / Amiga', 'slug': 'commodore-amiga'}}]","[{'platform': {'id': 166, 'name': 'Commodore / Amiga', 'slug': 'commodore-amiga', 'image': None, 'year_end': None, 'year_start': None, 'games_count': 2083, 'image_background': 'https://media.rawg.io/media/games/cce/cce8bebe861f295003f5a9fe5b11233f.jpg'}, 'released_at': '1986-01-01', 'requirements': {}}]",[],"[{'id': 27349, 'name': 'Bug-Byte', 'slug': 'bug-byte', 'games_count': 2, 'image_background': 'https://media.rawg.io/media/screenshots/978/978f23a813c7d38b166e3e3f0a407915.jpg'}]",[],"[{'id': 31, 'name': 'Singleplayer', 'slug': 'singleplayer', 'language': 'eng', 'games_count': 238404, 'image_background': 'https://media.rawg.io/media/games/26d/26d4437715bee60138dab4a7c8c59c92.jpg'}]","[{'id': 19774, 'name': 'Bug-Byte', 'slug': 'bug-byte', 'games_count': 7, 'image_background': 'https://media.rawg.io/media/screenshots/a66/a667bbfeb01e23bedc1e6a0eb9774770.jpg'}]",,"Aardvark is a game for the Atari 8-bit computers, Commodore 64 and Commodore 16 published by Bug-Byte in 1986.",,,6,2.0,2.0,1.0,,,,,,,,,,,,,,,,0.0,,
31591,jump-joe-janitor-joe,Jump Joe (Janitor Joe),Jump Joe (Janitor Joe),"<p>Jump Joe (Janitor Joe) is an arcade game developed by Kevin Bales. It was originally released in 1986. Kevin Bales published the game. <br>You can play Jump Joe (Janitor Joe) on PC. </p>

<p></p>",,[],1986-01-01,False,2023-02-08T10:51:14,https://media.rawg.io/media/screenshots/d39/d395111e77ec203bef149301a73bf820.jpg,https://media.rawg.io/media/screenshots/acb/acb889ea6ef9001a1a31ca64a6045451.jpg,,0.0,0,[],11,0,2,0,0,0,0,,,,,0,0,0,0,0,36,[],,0,0,0,,0,0f0f0f,0f0f0f,"[{'platform': {'id': 1, 'name': 'PC', 'slug': 'pc'}}]","[{'platform': {'id': 4, 'name': 'PC', 'slug': 'pc', 'image': None, 'year_end': None, 'year_start': None, 'games_count': 547196, 'image_background': 'https://media.rawg.io/media/games/6fc/6fcf4cd3b17c288821388e6085bb0fc9.jpg'}, 'released_at': '1986-01-01', 'requirements': {}}]",[],"[{'id': 15503, 'name': 'Kevin Bales', 'slug': 'kevin-bales', 'games_count': 1, 'image_background': 'https://media.rawg.io/media/screenshots/d39/d395111e77ec203bef149301a73bf820.jpg'}]","[{'id': 11, 'name': 'Arcade', 'slug': 'arcade', 'games_count': 22658, 'image_background': 'https://media.rawg.io/media/games/556/556157feed9ee1f55f2b12b2973e30a3.jpg'}]",[],"[{'id': 12036, 'name': 'Kevin Bales', 'slug': 'kevin-bales', 'games_count': 1, 'image_background': 'https://media.rawg.io/media/screenshots/d39/d395111e77ec203bef149301a73bf820.jpg'}]",,,,1.0,4,2.0,3.0,1.0,,,,,,,,,,,,,,,,0.0,,
32450,enchanter,Enchanter,Enchanter,"<p>Enchanter is an adventure game developed by Infocom. It came out on 01-01-1986. Infocom published the game. <br>Enchanter is available on PC. </p>

<p></p>",,[],1986-01-01,False,2023-02-08T10:51:17,https://media.rawg.io/media/screenshots/228/22888ac39bd01a36113fb41a9910e02a.jpg,https://media.rawg.io/media/screenshots/786/786d56d7b268d730216e1b4f3478f835.jpg,,0.0,0,[],11,0,3,0,0,0,0,,,,,0,0,0,0,0,38,[],,0,0,0,,0,0f0f0f,0f0f0f,"[{'platform': {'id': 1, 'name': 'PC', 'slug': 'pc'}}]","[{'platform': {'id': 4, 'name': 'PC', 'slug': 'pc', 'image': None, 'year_end': None, 'year_start': None, 'games_count': 547196, 'image_background': 'https://media.rawg.io/media/games/6fc/6fcf4cd3b17c288821388e6085bb0fc9.jpg'}, 'released_at': '1986-01-01', 'requirements': {}}]",[],"[{'id': 12929, 'name': 'Infocom', 'slug': 'infocom', 'games_count': 48, 'image_background': 'https://media.rawg.io/media/screenshots/782/7822ae77e839fa2db05cd53d08225dd8.jpg'}]","[{'id': 3, 'name': 'Adventure', 'slug': 'adventure', 'games_count': 146481, 'image_background': 'https://media.rawg.io/media/games/b6b/b6b20bfc4b34e312dbc8aac53c95a348.jpg'}]",[],"[{'id': 11435, 'name': 'Infocom', 'slug': 'infocom', 'games_count': 45, 'image_background': 'https://media.rawg.io/media/screenshots/3d4/3d4094f02e71cb3439ab3c8af62809c0.jpg'}]",,,,1.0,5,2.0,2.0,1.0,,,,,,,,,,,,,,,,0.0,,
55551,mind-walker,Mind Walker,Mind Walker,"<p>Mind Walker is a 1986 computer game written by Bill Williams and published by Commodore as one of the first games for the new Amiga 1000 computer. The player is immersed inside a human brain and must cure a psychosis that is threatening the patient's well-being. Many aspects of the game (including enemies and power-ups) play on this psychological theme. The four player avatars, for instance, are the human bodybuilder, the water nymph, the mysterious wizard, and the alien spriggan.</p>",,[],1986-01-01,False,2019-08-28T22:00:59,https://media.rawg.io/media/screenshots/e6b/e6b718c8b29dfbdffa37740d921276f9.jpg,https://media.rawg.io/media/screenshots/40e/40e0cecdc53149629f4b8cfbcdd35ff9.jpg,,0.0,0,"[{'id': 5, 'title': 'exceptional', 'count': 1, 'percent': 100.0}]",11,0,8,0,2,0,0,,,,,0,0,0,0,1,169,[],,0,0,0,,1,0f0f0f,0f0f0f,"[{'platform': {'id': 10, 'name': 'Commodore / Amiga', 'slug': 'commodore-amiga'}}]","[{'platform': {'id': 166, 'name': 'Commodore / Amiga', 'slug': 'commodore-amiga', 'image': None, 'year_end': None, 'year_start': None, 'games_count': 2083, 'image_background': 'https://media.rawg.io/media/games/cce/cce8bebe861f295003f5a9fe5b11233f.jpg'}, 'released_at': '1986-01-01', 'requirements': {}}]",[],"[{'id': 27167, 'name': 'Bill Williams', 'slug': 'bill-williams', 'games_count': 2, 'image_background': 'https://media.rawg.io/media/screenshots/d0b/d0b58c3905a2e829de1f7087ed68deeb.jpg'}, {'id': 27168, 'name': 'wagner198611', 'slug': 'wagner198611', 'games_count': 1, 'image_background': 'https://media.rawg.io/media/screenshots/e6b/e6b718c8b29dfbdffa37740d921276f9.jpg'}]","[{'id': 4, 'name': 'Action', 'slug': 'action', 'games_count': 186608, 'image_background': 'https://media.rawg.io/media/games/618/618c2031a07bbff6b4f611f10b6bcdbc.jpg'}, {'id': 83, 'name': 'Platformer', 'slug': 'platformer', 'games_count': 100869, 'image_background': 'https://media.rawg.io/media/games/f8c/f8c6a262ead4c16b47e1219310210eb3.jpg'}]","[{'id': 31, 'name': 'Singleplayer', 'slug': 'singleplayer', 'language': 'eng', 'games_count': 238404, 'image_background': 'https://media.rawg.io/media/games/26d/26d4437715bee60138dab4a7c8c59c92.jpg'}]","[{'id': 20263, 'name': 'Commodore', 'slug': 'commodore', 'games_count': 11, 'image_background': 'https://media.rawg.io/media/screenshots/990/9906c5c53cc94be308a69f0b585711d6.jpg'}, {'id': 19461, 'name': 'Commodore International', 'slug': 'commodore-international', 'games_count': 7, 'image_background': 'https://media.rawg.io/media/screenshots/e95/e953e28fea45c8a4c5d811cc5f43e03f.jpg'}]",,"Mind Walker is a 1986 computer game written by Bill Williams and published by Commodore as one of the first games for the new Amiga 1000 computer. The player is immersed inside a human brain and must cure a psychosis that is threatening the patient's well-being. Many aspects of the game (including enemies and power-ups) play on this psychological theme. The four player avatars, for instance, are the human bodybuilder, the water nymph, the mysterious wizard, and the alien spriggan.",,,5,2.0,2.0,2.0,,,,,,,,,,,,,,,,0.0,,
264692,kanshakudama-nage-kantarou-no-toukaidou-gojuusan-t,Kanshakudama Nage Kantarou no Toukaidou Gojuusan Tsugi,Kanshakudama Nage Kantarou no Toukaidou Gojuusan Tsugi,"<p>Kanshakudama Nage Kantarou no Toukaidou Gojuusan Tsugi is an action game. It came out on 03-07-1986. Most rawgers rated the game as ""Recommended"". <br>Kanshakudama Nage Kantarou no Toukaidou Gojuusan Tsugi is available on NES. </p>

<p></p>",,[],1986-07-03,False,2019-01-09T12:41:06,https://media.rawg.io/media/screenshots/10a/10ab48e9383be0fbd4f9dda4aec2c3f8.jpg,https://media.rawg.io/media/screenshots/9d2/9d2fb68e7ee5b588011b924d7de3cefe.jpg,,0.0,0,"[{'id': 4, 'title': 'recommended', 'count': 1, 'percent': 50.0}, {'id': 1, 'title': 'skip', 'count': 1, 'percent': 50.0}]",11,0,5,0,0,0,0,,,,,0,0,0,0,2,85,['Kanshakudama Nage Kantarō no Tōkaidō Gojūsan Tsugi'],,0,0,0,,2,0f0f0f,0f0f0f,"[{'platform': {'id': 7, 'name': 'Nintendo', 'slug': 'nintendo'}}]","[{'platform': {'id': 49, 'name': 'NES', 'slug': 'nes', 'image': None, 'year_end': None, 'year_start': None, 'games_count': 1015, 'image_background': 'https://media.rawg.io/media/games/7c5/7c50dd0415eb0a57505c58d4e50e4d24.jpg'}, 'released_at': '1986-07-03', 'requirements': {}}]",[],[],"[{'id': 4, 'name': 'Action', 'slug': 'action', 'games_count': 186608, 'image_background': 'https://media.rawg.io/media/games/618/618c2031a07bbff6b4f611f10b6bcdbc.jpg'}]",[],[],,,,1.0,5,3.0,1.0,1.0,,,,,,,,,,,,,,,,0.0,,
295017,athletic-world,Athletic World,Athletic World,"<p>Athletic World is a sports game developed by Human Entertainment. It was originally released in 1986. It was published by Bandai. The game is rated as ""Skip"" on RAWG. <br>You can play Athletic World on NES. </p>

<p></p>",,[],1986-11-12,False,2023-05-29T12:24:49,,,,0.0,0,"[{'id': 1, 'title': 'skip', 'count': 2, 'percent': 100.0}]",11,0,0,0,0,0,0,,,,,0,0,0,0,2,0,['Family Trainer: Athletic World'],,0,0,0,,2,0f0f0f,0f0f0f,"[{'platform': {'id': 7, 'name': 'Nintendo', 'slug': 'nintendo'}}]","[{'platform': {'id': 49, 'name': 'NES', 'slug': 'nes', 'image': None, 'year_end': None, 'year_start': None, 'games_count': 1015, 'image_background': 'https://media.rawg.io/media/games/7c5/7c50dd0415eb0a57505c58d4e50e4d24.jpg'}, 'released_at': '1986-11-12', 'requirements': {}}]",[],"[{'id': 26113, 'name': 'Human Entertainment', 'slug': 'human-entertainment', 'games_count': 34, 'image_background': 'https://media.rawg.io/media/games/0c6/0c6be32933cc58a7b75c2185f7f44231.jpg'}]","[{'id': 15, 'name': 'Sports', 'slug': 'sports', 'games_count': 22123, 'image_background': 'https://media.rawg.io/media/games/5eb/5eb49eb2fa0738fdb5bacea557b1bc57.jpg'}]",[],"[{'id': 10681, 'name': 'Nintendo', 'slug': 'nintendo', 'games_count': 1235, 'image_background': 'https://media.rawg.io/media/games/dd1/dd167cf8753db3748a975d61cc926e54.jpg'}, {'id': 11287, 'name': 'Bandai', 'slug': 'bandai', 'games_count': 212, 'image_background': 'https://media.rawg.io/media/games/dea/dea3ffd2ee465017a545b240a8fe63bb.jpg'}]",,,,,6,3.0,1.0,1.0,,,,,,,,,,,,,,,,0.0,,
56872,v-1986,V (1986),V (1986),"<p>V is a video game based on the popular 1984-5 TV series of the same name. It was developed by Ocean Software The programmer was Grant Harrison.</p>
<p>In the role of Mike Donovan the player must infiltrate an alien mothership, destroy the craft and escape alive. The opening scene is a docking bay and your objectives are to spread the red dust to take out the alien visitors and set 5 bombs in strategic locations to blow up the mothership. The player must solve many puzzles in order to progress and complete the game.</p>",,[],1986-01-01,False,2019-01-09T12:41:06,https://media.rawg.io/media/screenshots/414/4147e9bf226b3a118d183e4c3579c488.jpg,https://media.rawg.io/media/screenshots/3e1/3e10c8ef367e98f3dddc5aa457881282.jpg,,0.0,0,[],11,0,9,0,0,0,0,,,,,0,0,0,0,0,256,[],,0,0,0,,0,0f0f0f,0f0f0f,"[{'platform': {'id': 10, 'name': 'Commodore / Amiga', 'slug': 'commodore-amiga'}}]","[{'platform': {'id': 166, 'name': 'Commodore / Amiga', 'slug': 'commodore-amiga', 'image': None, 'year_end': None, 'year_start': None, 'games_count': 2083, 'image_background': 'https://media.rawg.io/media/games/cce/cce8bebe861f295003f5a9fe5b11233f.jpg'}, 'released_at': '1986-01-01', 'requirements': {}}]",[],"[{'id': 14487, 'name': 'Ocean Software', 'slug': 'ocean-software', 'games_count': 55, 'image_background': 'https://media.rawg.io/media/screenshots/7b7/7b7c5b47f8977e11526b1021b9f40d67.jpg'}]","[{'id': 4, 'name': 'Action', 'slug': 'action', 'games_count': 186608, 'image_background': 'https://media.rawg.io/media/games/618/618c2031a07bbff6b4f611f10b6bcdbc.jpg'}]","[{'id': 418, 'name': '2 players', 'slug': '2-players', 'language': 'eng', 'games_count': 1244, 'image_background': 'https://media.rawg.io/media/screenshots/f9a/f9ac59bb4af2ca2193ee9ffb979577cf.jpg'}]","[{'id': 11474, 'name': 'Ocean Software', 'slug': 'ocean-software', 'games_count': 106, 'image_background': 'https://media.rawg.io/media/screenshots/11b/11b13a543a0ff469af2584b8831cc43b.jpg'}]",,"V is a video game based on the popular 1984-5 TV series of the same name. It was developed by Ocean Software The programmer was Grant Harrison.
In the role of Mike Donovan the player must infiltrate an alien mothership, destroy the craft and escape alive. The opening scene is a docking bay and your objectives are to spread the red dust to take out the alien visitors and set 5 bombs in strategic locations to blow up the mothership. The player must solve many puzzles in order to progress and complete the game.",,1.0,6,1.0,2.0,1.0,,,,,,,,,,,,,,,,0.0,,
52632,thrust,Thrust,Thrust,"<p>Thrust is a 1986 computer game programmed by Jeremy Smith (who later co-authored Exile) for the BBC Micro and published by Superior Software. The player's aim is to manoeuvre a spaceship by rotating and thrusting, as it flies over a two-dimensional landscape and through caverns. The gameplay of Thrust was heavily inspired by Atari's Gravitar.</p>
<p>Thrust was ported to the Commodore 64, Amstrad CPC, Atari 8-bit family, Atari ST, Commodore 16/Plus 4, and ZX Spectrum. Firebird released a sequel, Thrust II in 1988.</p>",,[],1986-01-01,False,2019-01-09T12:41:06,https://media.rawg.io/media/screenshots/be0/be0e2521bfa7581fbf9b1852d53789ba.jpg,https://media.rawg.io/media/screenshots/758/758545efbf7773f885e7e4f4ef820219.jpg,,0.0,0,[],11,0,18,0,5,0,0,,,,,0,0,0,0,0,255,[],,0,0,0,,0,0f0f0f,0f0f0f,"[{'platform': {'id': 9, 'name': 'Atari', 'slug': 'atari'}}, {'platform': {'id': 10, 'name': 'Commodore / Amiga', 'slug': 'commodore-amiga'}}]","[{'platform': {'id': 34, 'name': 'Atari ST', 'slug': 'atari-st', 'image': None, 'year_end': None, 'year_start': None, 'games_count': 836, 'image_background': 'https://media.rawg.io/media/games/637/637d7dc2f44d0f6ddd3ee2c0b1366962.jpg'}, 'released_at': '1986-01-01', 'requirements': {}}, {'platform': {'id': 25, 'name': 'Atari 8-bit', 'slug': 'atari-8-bit', 'image': None, 'year_end': None, 'year_start': None, 'games_count': 308, 'image_background': 'https://media.rawg.io/media/screenshots/038/0385a47d3a43b218204268af5361a19e.jpg'}, 'released_at': '1986-01-01', 'requirements': {}}, {'platform': {'id': 23, 'name': 'Atari 2600', 'slug': 'atari-2600', 'image': None, 'year_end': None, 'year_start': None, 'games_count': 294, 'image_background': 'https://media.rawg.io/media/screenshots/ff6/ff623993a854663931c1e78d72a16a5a.jpg'}, 'released_at': '1986-01-01', 'requirements': {}}, {'platform': {'id': 166, 'name': 'Commodore / Amiga', 'slug': 'commodore-amiga', 'image': None, 'year_end': None, 'year_start': None, 'games_count': 2083, 'image_background': 'https://media.rawg.io/media/games/cce/cce8bebe861f295003f5a9fe5b11233f.jpg'}, 'released_at': '1986-01-01', 'requirements': {}}]",[],"[{'id': 26016, 'name': 'Jeremy Smith', 'slug': 'jeremy-smith', 'games_count': 1, 'image_background': 'https://media.rawg.io/media/screenshots/be0/be0e2521bfa7581fbf9b1852d53789ba.jpg'}]",[],"[{'id': 378, 'name': 'One player', 'slug': 'one-player-2', 'language': 'eng', 'games_count': 20, 'image_background': 'https://media.rawg.io/media/screenshots/fae/fae97e1c49e0a6d701e275166b1835f3.jpg'}]","[{'id': 19408, 'name': 'Superior Software', 'slug': 'superior-software', 'games_count': 20, 'image_background': 'https://media.rawg.io/media/screenshots/c5f/c5f8bbb01493ed77a498f4fc25dc3234.jpg'}, {'id': 19518, 'name': 'Firebird', 'slug': 'firebird', 'games_count': 13, 'image_background': 'https://media.rawg.io/media/screenshots/a38/a38a2d68cc586603b9162f5e25b14245.jpg'}]",,"Thrust is a 1986 computer game programmed by Jeremy Smith (who later co-authored Exile) for the BBC Micro and published by Superior Software. The player's aim is to manoeuvre a spaceship by rotating and thrusting, as it flies over a two-dimensional landscape and through caverns. The gameplay of Thrust was heavily inspired by Atari's Gravitar.
Thrust was ported to the Commodore 64, Amstrad CPC, Atari 8-bit family, Atari ST, Commodore 16/Plus 4, and ZX Spectrum. Firebird released a sequel, Thrust II in 1988.",,,7,2.0,1.0,1.0,,,,,,,,,,,,,,,,0.0,,
56698,phm-pegasus,PHM Pegasus,PHM Pegasus,"<p>PHM Pegasus is a ship simulation and action game released for the Commodore 64, Apple II, Amstrad CPC, and ZX Spectrum. The title refers to the USS Pegasus (PHM-1), one of the Pegasus-class hydrofoils which were used by the U.S. Navy in the 1970s.</p>
<p>The game was developed by Lucasfilm Games and published by Electronic Arts. The game has eight different missions in which players must maneuver helicopters, convoy ships, and patrol hydrofoil missilecrafts to survey areas, clear areas of enemy ships, and escort friendly ships.</p>
<p>Mission locations include the Persian Gulf, the Eastern Mediterranean, the Caribbean, and the Gulf of Sidra. The developers of the game consulted with Boeing Marine Systems, a manufacturer of hydrofoils, to increase the realism of the simulation.</p>",,[],1986-01-01,False,2023-02-08T10:51:11,https://media.rawg.io/media/screenshots/a0b/a0b890ee0b39782e43df738bac5c9336.jpg,https://media.rawg.io/media/screenshots/d38/d384d9de8d3cf0607e5ada93b008eb9d.jpg,,0.0,0,[],11,0,8,0,0,0,0,,,,,0,0,0,0,0,265,[],,0,0,0,,0,0f0f0f,0f0f0f,"[{'platform': {'id': 1, 'name': 'PC', 'slug': 'pc'}}, {'platform': {'id': 5, 'name': 'Apple Macintosh', 'slug': 'mac'}}, {'platform': {'id': 10, 'name': 'Commodore / Amiga', 'slug': 'commodore-amiga'}}]","[{'platform': {'id': 166, 'name': 'Commodore / Amiga', 'slug': 'commodore-amiga', 'image': None, 'year_end': None, 'year_start': None, 'games_count': 2083, 'image_background': 'https://media.rawg.io/media/games/cce/cce8bebe861f295003f5a9fe5b11233f.jpg'}, 'released_at': '1986-01-01', 'requirements': {}}, {'platform': {'id': 41, 'name': 'Apple II', 'slug': 'apple-ii', 'image': None, 'year_end': None, 'year_start': None, 'games_count': 424, 'image_background': 'https://media.rawg.io/media/screenshots/3d2/3d2bb57b39e2efa39d1c385585b2ea8b.jpg'}, 'released_at': '1986-01-01', 'requirements': {}}, {'platform': {'id': 4, 'name': 'PC', 'slug': 'pc', 'image': None, 'year_end': None, 'year_start': None, 'games_count': 547196, 'image_background': 'https://media.rawg.io/media/games/6fc/6fcf4cd3b17c288821388e6085bb0fc9.jpg'}, 'released_at': '1986-01-01', 'requirements': {}}]",[],"[{'id': 14443, 'name': 'LucasArts Entertainment', 'slug': 'lucasarts-entertainment', 'games_count': 89, 'image_background': 'https://media.rawg.io/media/screenshots/c7c/c7cec66d0ef731f891e413fc4c5dfa74.jpg'}, {'id': 13290, 'name': 'Lucasfilm', 'slug': 'lucasfilm', 'games_count': 43, 'image_background': 'https://media.rawg.io/media/screenshots/101/1015fe740ce5654eb97c9140f6da3c3e.jpg'}]",[],"[{'id': 2546, 'name': 'ships', 'slug': 'ships', 'language': 'eng', 'games_count': 1567, 'image_background': 'https://media.rawg.io/media/screenshots/4ea/4ead5620bbc512d788e651d0f8dac24d.jpg'}]","[{'id': 354, 'name': 'Electronic Arts', 'slug': 'electronic-arts', 'games_count': 1332, 'image_background': 'https://media.rawg.io/media/games/45b/45b57ed59de4b84effd8f6bc4b7bf515.jpg'}]",,"PHM Pegasus is a ship simulation and action game released for the Commodore 64, Apple II, Amstrad CPC, and ZX Spectrum. The title refers to the USS Pegasus (PHM-1), one of the Pegasus-class hydrofoils which were used by the U.S. Navy in the 1970s.
The game was developed by Lucasfilm Games and published by Electronic Arts. The game has eight different missions in which players must maneuver helicopters, convoy ships, and patrol hydrofoil missilecrafts to survey areas, clear areas of enemy ships, and escort friendly ships.
Mission locations include the Persian Gulf, the Eastern Mediterranean, the Caribbean, and the Gulf of Sidra. The developers of the game consulted with Boeing Marine Systems, a manufacturer of hydrofoils, to increase the realism of the simulation.",,1.0,6,1.0,2.0,1.0,,,,,,,,,,,,,,,,0.0,,
56437,drag-race-eliminator,Drag Race Eliminator,Drag Race Eliminator,"<p>Drag Race Eliminator, was the first drag racing game for a personal computer. Written by Bob Kodadek and published by Family Software - Drag Racing Computers and Software. This video game was released in 1986 for the Commodore 64 and in 1988 for the IBM PC.</p>",,[],1986-01-01,False,2023-02-08T10:51:18,https://media.rawg.io/media/screenshots/c7a/c7a04621140b8afe41eb694bbc7c3446.jpg,https://media.rawg.io/media/screenshots/e80/e8084d41ec92e9138e32a3e617eb8a92.jpg,,0.0,0,[],11,0,8,0,1,0,0,,,,,0,0,0,0,0,146,[],,0,0,0,,0,0f0f0f,0f0f0f,"[{'platform': {'id': 1, 'name': 'PC', 'slug': 'pc'}}, {'platform': {'id': 10, 'name': 'Commodore / Amiga', 'slug': 'commodore-amiga'}}]","[{'platform': {'id': 166, 'name': 'Commodore / Amiga', 'slug': 'commodore-amiga', 'image': None, 'year_end': None, 'year_start': None, 'games_count': 2083, 'image_background': 'https://media.rawg.io/media/games/cce/cce8bebe861f295003f5a9fe5b11233f.jpg'}, 'released_at': '1986-01-01', 'requirements': {}}, {'platform': {'id': 4, 'name': 'PC', 'slug': 'pc', 'image': None, 'year_end': None, 'year_start': None, 'games_count': 547196, 'image_background': 'https://media.rawg.io/media/games/6fc/6fcf4cd3b17c288821388e6085bb0fc9.jpg'}, 'released_at': '1986-01-01', 'requirements': {}}]",[],[],"[{'id': 1, 'name': 'Racing', 'slug': 'racing', 'games_count': 25359, 'image_background': 'https://media.rawg.io/media/screenshots/69b/69bb243ea9896ddfc2e051b58e81624d.jpg'}]","[{'id': 31, 'name': 'Singleplayer', 'slug': 'singleplayer', 'language': 'eng', 'games_count': 238404, 'image_background': 'https://media.rawg.io/media/games/26d/26d4437715bee60138dab4a7c8c59c92.jpg'}, {'id': 351, 'name': 'Two-player', 'slug': 'two-player', 'language': 'eng', 'games_count': 272, 'image_background': 'https://media.rawg.io/media/screenshots/1c1/1c1c7ba1dc364dc71e522acd045aa428.jpg'}]","[{'id': 20525, 'name': 'Family Software - Drag Racing Computers and Software', 'slug': 'family-software-drag-racing-computers-and-software', 'games_count': 1, 'image_background': 'https://media.rawg.io/media/screenshots/c7a/c7a04621140b8afe41eb694bbc7c3446.jpg'}]",,"Drag Race Eliminator, was the first drag racing game for a personal computer. Written by Bob Kodadek and published by Family Software - Drag Racing Computers and Software. This video game was released in 1986 for the Commodore 64 and in 1988 for the IBM PC.",,1.0,5,2.0,2.0,1.0,,,,,,,,,,,,,,,,0.0,,
54084,super-pitfall,Super Pitfall,Super Pitfall,"<p>Super Pitfall (スーパーピットフォール, Sūpā Pittofōru) is a 1986 video game for the Famicom and PC-8801 by Pony Inc under the Activision's license. It was released for the Famicom as platformer with scrolling in September 1986. Two months later, the PC8801 version was released with switching screens. The game was released in the US in November 1987 by Activision for the Nintendo Entertainment System.</p>
<p>It was the first game ever that Activision published for a console made by Nintendo and it was based upon Activision's earlier Pitfall! series for the Atari 2600. This game was also ported to the TRS-80 Color Computer 3. A sequel titled Super Pitfall II was planned, but then was cancelled a short time later. It was going to be the localized version of Sunsoft's Famicom title, Atlantis no Nazo.</p>",,[],1986-09-05,False,2019-08-28T22:01:45,https://media.rawg.io/media/screenshots/3d1/3d1d0cf8c9ced9e522197f3cb8f5f1b1.jpg,https://media.rawg.io/media/screenshots/e62/e62638f260b0ce69f1d5da597281e4f9.jpg,,0.0,0,"[{'id': 3, 'title': 'meh', 'count': 1, 'percent': 100.0}]",11,0,9,0,0,0,0,,,,,0,0,0,0,1,273,[],,0,0,0,,1,0f0f0f,0f0f0f,"[{'platform': {'id': 7, 'name': 'Nintendo', 'slug': 'nintendo'}}]","[{'platform': {'id': 49, 'name': 'NES', 'slug': 'nes', 'image': None, 'year_end': None, 'year_start': None, 'games_count': 1015, 'image_background': 'https://media.rawg.io/media/games/7c5/7c50dd0415eb0a57505c58d4e50e4d24.jpg'}, 'released_at': '1986-09-05', 'requirements': {}}]",[],"[{'id': 26544, 'name': 'Micronics', 'slug': 'micronics', 'games_count': 11, 'image_background': 'https://media.rawg.io/media/games/e9d/e9d2b6f855998ee10cb60ff859b61f06.jpg'}]","[{'id': 83, 'name': 'Platformer', 'slug': 'platformer', 'games_count': 100869, 'image_background': 'https://media.rawg.io/media/games/f8c/f8c6a262ead4c16b47e1219310210eb3.jpg'}]","[{'id': 31, 'name': 'Singleplayer', 'slug': 'singleplayer', 'language': 'eng', 'games_count': 238404, 'image_background': 'https://media.rawg.io/media/games/26d/26d4437715bee60138dab4a7c8c59c92.jpg'}]","[{'id': 10830, 'name': 'Activision Blizzard', 'slug': 'activision-blizzard', 'games_count': 691, 'image_background': 'https://media.rawg.io/media/games/445/44507fdd60a8ec02b1c3c64a293ca754.jpg'}, {'id': 19852, 'name': 'Pony Canyon', 'slug': 'pony-canyon', 'games_count': 23, 'image_background': 'https://media.rawg.io/media/games/abf/abfbb5bc3f06bf77c5572643ae0e386a.jpg'}, {'id': 18991, 'name': 'Pony', 'slug': 'pony', 'games_count': 1, 'image_background': 'https://media.rawg.io/media/screenshots/c94/c94b77c2438ecec8e51eb2031d1829b4_P8Ykm3H.jpg'}]",,"Super Pitfall (スーパーピットフォール, Sūpā Pittofōru) is a 1986 video game for the Famicom and PC-8801 by Pony Inc under the Activision's license. It was released for the Famicom as platformer with scrolling in September 1986. Two months later, the PC8801 version was released with switching screens. The game was released in the US in November 1987 by Activision for the Nintendo Entertainment System.
It was the first game ever that Activision published for a console made by Nintendo and it was based upon Activision's earlier Pitfall! series for the Atari 2600. This game was also ported to the TRS-80 Color Computer 3. A sequel titled Super Pitfall II was planned, but then was cancelled a short time later. It was going to be the localized version of Sunsoft's Famicom title, Atlantis no Nazo.",,,6,1.0,3.0,1.0,,,,,,,,,,,,,,,,0.0,,
55036,hacker-ii-the-doomsday-papers,Hacker II: The Doomsday Papers,Hacker II: The Doomsday Papers,"<p>Hacker II: The Doomsday Papers is computer game written by Steve Cartwright and published by Activision in 1986. It is the sequel to the 1985 game, Hacker. Hacker II was released for the Amiga, Apple II, Apple IIGS, Amstrad CPC, Atari ST, Commodore 64, IBM PC, Macintosh, and ZX Spectrum.</p>",,[],1986-01-01,False,2019-08-28T22:26:09,https://media.rawg.io/media/screenshots/703/7036b077b9233d565956779ea333e8ca.jpg,https://media.rawg.io/media/screenshots/6ed/6ed72c41320abc29a45016fd905bc555.jpg,,0.0,0,"[{'id': 4, 'title': 'recommended', 'count': 1, 'percent': 100.0}]",11,0,14,0,1,0,0,,,,,0,0,0,0,1,198,[],,0,0,0,,1,0f0f0f,0f0f0f,"[{'platform': {'id': 5, 'name': 'Apple Macintosh', 'slug': 'mac'}}, {'platform': {'id': 9, 'name': 'Atari', 'slug': 'atari'}}, {'platform': {'id': 10, 'name': 'Commodore / Amiga', 'slug': 'commodore-amiga'}}]","[{'platform': {'id': 34, 'name': 'Atari ST', 'slug': 'atari-st', 'image': None, 'year_end': None, 'year_start': None, 'games_count': 836, 'image_background': 'https://media.rawg.io/media/games/637/637d7dc2f44d0f6ddd3ee2c0b1366962.jpg'}, 'released_at': '1986-01-01', 'requirements': {}}, {'platform': {'id': 55, 'name': 'Classic Macintosh', 'slug': 'macintosh', 'image': None, 'year_end': None, 'year_start': None, 'games_count': 675, 'image_background': 'https://media.rawg.io/media/games/38a/38af969459ad6e5de116ec8a4a84218c.jpg'}, 'released_at': '1986-01-01', 'requirements': {}}, {'platform': {'id': 41, 'name': 'Apple II', 'slug': 'apple-ii', 'image': None, 'year_end': None, 'year_start': None, 'games_count': 424, 'image_background': 'https://media.rawg.io/media/screenshots/3d2/3d2bb57b39e2efa39d1c385585b2ea8b.jpg'}, 'released_at': '1986-01-01', 'requirements': {}}, {'platform': {'id': 166, 'name': 'Commodore / Amiga', 'slug': 'commodore-amiga', 'image': None, 'year_end': None, 'year_start': None, 'games_count': 2083, 'image_background': 'https://media.rawg.io/media/games/cce/cce8bebe861f295003f5a9fe5b11233f.jpg'}, 'released_at': '1986-01-01', 'requirements': {}}]",[],"[{'id': 11, 'name': 'Activision', 'slug': 'activision', 'games_count': 163, 'image_background': 'https://media.rawg.io/media/screenshots/d05/d0524e9b2e276dd9c8351881e897f7c9.jpg'}]","[{'id': 10, 'name': 'Strategy', 'slug': 'strategy', 'games_count': 59661, 'image_background': 'https://media.rawg.io/media/games/08b/08b2eee52a9876a48b955e5149affe5b.jpg'}, {'id': 7, 'name': 'Puzzle', 'slug': 'puzzle', 'games_count': 97333, 'image_background': 'https://media.rawg.io/media/games/9f4/9f418898f5415668ca47b5f4ab1ecfeb.jpg'}]","[{'id': 31, 'name': 'Singleplayer', 'slug': 'singleplayer', 'language': 'eng', 'games_count': 238404, 'image_background': 'https://media.rawg.io/media/games/26d/26d4437715bee60138dab4a7c8c59c92.jpg'}]","[{'id': 10830, 'name': 'Activision Blizzard', 'slug': 'activision-blizzard', 'games_count': 691, 'image_background': 'https://media.rawg.io/media/games/445/44507fdd60a8ec02b1c3c64a293ca754.jpg'}]",,"Hacker II: The Doomsday Papers is computer game written by Steve Cartwright and published by Activision in 1986. It is the sequel to the 1985 game, Hacker. Hacker II was released for the Amiga, Apple II, Apple IIGS, Amstrad CPC, Atari ST, Commodore 64, IBM PC, Macintosh, and ZX Spectrum.",,,5,3.0,2.0,1.0,,,,,,,,,,,,,,,,0.0,,
55466,gba-championship-basketball-two-on-two,GBA Championship Basketball: Two-on-Two,GBA Championship Basketball: Two-on-Two,"<p>GBA Championship Basketball: Two-on-Two is a 1986 computer basketball game for the PC, Amiga, Apple IIGS, Amstrad CPC, Atari ST, ZX Spectrum and Commodore 64. It was developed by Dynamix and published by Activision.</p>",,[],1986-01-01,False,2023-02-08T10:51:16,https://media.rawg.io/media/screenshots/bd5/bd5a25d41a88489d31038becdb12f9ae.jpg,https://media.rawg.io/media/screenshots/34e/34ea5039530e587e84366a2e1bb456ff.jpg,,0.0,0,[],11,0,14,0,0,0,0,,,,,0,0,0,0,0,166,[],,0,0,0,,0,0f0f0f,0f0f0f,"[{'platform': {'id': 1, 'name': 'PC', 'slug': 'pc'}}, {'platform': {'id': 5, 'name': 'Apple Macintosh', 'slug': 'mac'}}, {'platform': {'id': 9, 'name': 'Atari', 'slug': 'atari'}}, {'platform': {'id': 10, 'name': 'Commodore / Amiga', 'slug': 'commodore-amiga'}}]","[{'platform': {'id': 34, 'name': 'Atari ST', 'slug': 'atari-st', 'image': None, 'year_end': None, 'year_start': None, 'games_count': 836, 'image_background': 'https://media.rawg.io/media/games/637/637d7dc2f44d0f6ddd3ee2c0b1366962.jpg'}, 'released_at': '1986-01-01', 'requirements': {}}, {'platform': {'id': 41, 'name': 'Apple II', 'slug': 'apple-ii', 'image': None, 'year_end': None, 'year_start': None, 'games_count': 424, 'image_background': 'https://media.rawg.io/media/screenshots/3d2/3d2bb57b39e2efa39d1c385585b2ea8b.jpg'}, 'released_at': '1986-01-01', 'requirements': {}}, {'platform': {'id': 166, 'name': 'Commodore / Amiga', 'slug': 'commodore-amiga', 'image': None, 'year_end': None, 'year_start': None, 'games_count': 2083, 'image_background': 'https://media.rawg.io/media/games/cce/cce8bebe861f295003f5a9fe5b11233f.jpg'}, 'released_at': '1986-01-01', 'requirements': {}}, {'platform': {'id': 4, 'name': 'PC', 'slug': 'pc', 'image': None, 'year_end': None, 'year_start': None, 'games_count': 547196, 'image_background': 'https://media.rawg.io/media/games/6fc/6fcf4cd3b17c288821388e6085bb0fc9.jpg'}, 'released_at': '1986-01-01', 'requirements': {}}]",[],"[{'id': 8623, 'name': 'Dynamix', 'slug': 'dynamix', 'games_count': 78, 'image_background': 'https://media.rawg.io/media/screenshots/ec5/ec5ccb5f13bb15ad0d2d9f1431455061.jpg'}]","[{'id': 15, 'name': 'Sports', 'slug': 'sports', 'games_count': 22123, 'image_background': 'https://media.rawg.io/media/games/5eb/5eb49eb2fa0738fdb5bacea557b1bc57.jpg'}]","[{'id': 322, 'name': 'Basketball', 'slug': 'basketball', 'language': 'eng', 'games_count': 1147, 'image_background': 'https://media.rawg.io/media/games/de5/de57139d20bf7ec96148726693d79057.jpg'}, {'id': 1534, 'name': 'atari', 'slug': 'atari', 'language': 'eng', 'games_count': 1158, 'image_background': 'https://media.rawg.io/media/screenshots/d10/d10fdd0fc764ad4a5d70fffa6aee1175.jpg'}]","[{'id': 10830, 'name': 'Activision Blizzard', 'slug': 'activision-blizzard', 'games_count': 691, 'image_background': 'https://media.rawg.io/media/games/445/44507fdd60a8ec02b1c3c64a293ca754.jpg'}]",,"GBA Championship Basketball: Two-on-Two is a 1986 computer basketball game for the PC, Amiga, Apple IIGS, Amstrad CPC, Atari ST, ZX Spectrum and Commodore 64. It was developed by Dynamix and published by Activision.",,1.0,5,2.0,2.0,1.0,,,,,,,,,,,,,,,,0.0,,
56507,gemstone-healer,Gemstone Healer,Gemstone Healer,"<p>Gemstone Healer is a computer action adventure game created by Paradigm Creators and published in 1986 by Strategic Simulations. It was developed by Trouba Gossen (who was also responsible for the graphics), Peter Lount (design and programming); with assistance by Kevin Pickell (porting to C-64). It is a sequel to Gemstone Warrior.</p>
<p>Gemstone Healer is a 2D action adventure title with the player controlling an armored figure that they would move from area to area in search of treasure and the way to heal the Gemstone. It uses cellular automata to generate maps.</p>",,[],1986-01-01,False,2019-08-28T22:25:57,https://media.rawg.io/media/screenshots/b5e/b5ea8844e46bfad70f5a7a578bd8f91b.jpg,https://media.rawg.io/media/screenshots/922/922e9ec94a5b71c14eec4c49343ab2e2.jpg,,0.0,0,[],11,0,8,0,2,0,0,,,,,0,0,0,0,0,148,[],,0,0,0,,0,0f0f0f,0f0f0f,"[{'platform': {'id': 5, 'name': 'Apple Macintosh', 'slug': 'mac'}}, {'platform': {'id': 10, 'name': 'Commodore / Amiga', 'slug': 'commodore-amiga'}}]","[{'platform': {'id': 41, 'name': 'Apple II', 'slug': 'apple-ii', 'image': None, 'year_end': None, 'year_start': None, 'games_count': 424, 'image_background': 'https://media.rawg.io/media/screenshots/3d2/3d2bb57b39e2efa39d1c385585b2ea8b.jpg'}, 'released_at': '1986-01-01', 'requirements': {}}, {'platform': {'id': 166, 'name': 'Commodore / Amiga', 'slug': 'commodore-amiga', 'image': None, 'year_end': None, 'year_start': None, 'games_count': 2083, 'image_background': 'https://media.rawg.io/media/games/cce/cce8bebe861f295003f5a9fe5b11233f.jpg'}, 'released_at': '1986-01-01', 'requirements': {}}]",[],"[{'id': 27458, 'name': 'Paradigm Creators', 'slug': 'paradigm-creators', 'games_count': 2, 'image_background': 'https://media.rawg.io/media/screenshots/e49/e4993249e082aba382fb527da3126452.jpg'}]","[{'id': 3, 'name': 'Adventure', 'slug': 'adventure', 'games_count': 146481, 'image_background': 'https://media.rawg.io/media/games/b6b/b6b20bfc4b34e312dbc8aac53c95a348.jpg'}, {'id': 5, 'name': 'RPG', 'slug': 'role-playing-games-rpg', 'games_count': 59370, 'image_background': 'https://media.rawg.io/media/games/f6b/f6bed028b02369d4cab548f4f9337e81.jpg'}]","[{'id': 31, 'name': 'Singleplayer', 'slug': 'singleplayer', 'language': 'eng', 'games_count': 238404, 'image_background': 'https://media.rawg.io/media/games/26d/26d4437715bee60138dab4a7c8c59c92.jpg'}]","[{'id': 19851, 'name': 'Strategic Simulations', 'slug': 'strategic-simulations', 'games_count': 113, 'image_background': 'https://media.rawg.io/media/screenshots/55c/55cd1c62d524e51467185c94839b08c4.jpg'}]",,"Gemstone Healer is a computer action adventure game created by Paradigm Creators and published in 1986 by Strategic Simulations. It was developed by Trouba Gossen (who was also responsible for the graphics), Peter Lount (design and programming); with assistance by Kevin Pickell (porting to C-64). It is a sequel to Gemstone Warrior.
Gemstone Healer is a 2D action adventure title with the player controlling an armored figure that they would move from area to area in search of treasure and the way to heal the Gemstone. It uses cellular automata to generate maps.",,,5,2.0,3.0,1.0,,,,,,,,,,,,,,,,0.0,,
56388,cholo,Cholo,Cholo,"<p>Cholo is a wireframe 3D computer game with nonlinear gameplay originally released in 1986 for the BBC Micro. It was ported to the ZX Spectrum, Amstrad CPC, and Commodore 64. In 2004, it was remade for Windows PC.</p>",,[],1986-01-01,False,2019-08-28T22:25:58,https://media.rawg.io/media/screenshots/5af/5afc6b6900e158806ac0e6ca53deab9e.jpg,https://media.rawg.io/media/screenshots/d17/d17f65ba7a15b360f753847df8d3d82a.jpg,,0.0,0,[],11,0,8,0,0,0,0,,,,,0,0,0,0,0,177,[],,0,0,0,,0,0f0f0f,0f0f0f,"[{'platform': {'id': 10, 'name': 'Commodore / Amiga', 'slug': 'commodore-amiga'}}]","[{'platform': {'id': 166, 'name': 'Commodore / Amiga', 'slug': 'commodore-amiga', 'image': None, 'year_end': None, 'year_start': None, 'games_count': 2083, 'image_background': 'https://media.rawg.io/media/games/cce/cce8bebe861f295003f5a9fe5b11233f.jpg'}, 'released_at': '1986-01-01', 'requirements': {}}]",[],"[{'id': 27417, 'name': 'Joey Headen)', 'slug': 'joey-headen', 'games_count': 1, 'image_background': 'https://media.rawg.io/media/screenshots/5af/5afc6b6900e158806ac0e6ca53deab9e.jpg'}, {'id': 27418, 'name': 'Solid Image Ltd (Glyn Williams', 'slug': 'solid-image-ltd-glyn-williams', 'games_count': 1, 'image_background': 'https://media.rawg.io/media/screenshots/5af/5afc6b6900e158806ac0e6ca53deab9e.jpg'}]","[{'id': 3, 'name': 'Adventure', 'slug': 'adventure', 'games_count': 146481, 'image_background': 'https://media.rawg.io/media/games/b6b/b6b20bfc4b34e312dbc8aac53c95a348.jpg'}]","[{'id': 31, 'name': 'Singleplayer', 'slug': 'singleplayer', 'language': 'eng', 'games_count': 238404, 'image_background': 'https://media.rawg.io/media/games/26d/26d4437715bee60138dab4a7c8c59c92.jpg'}]","[{'id': 20199, 'name': 'Telecomsoft', 'slug': 'telecomsoft', 'games_count': 28, 'image_background': 'https://media.rawg.io/media/screenshots/b56/b569505ea715521ab76621752fa0c6a4.jpg'}, {'id': 19518, 'name': 'Firebird', 'slug': 'firebird', 'games_count': 13, 'image_background': 'https://media.rawg.io/media/screenshots/a38/a38a2d68cc586603b9162f5e25b14245.jpg'}]",,"Cholo is a wireframe 3D computer game with nonlinear gameplay originally released in 1986 for the BBC Micro. It was ported to the ZX Spectrum, Amstrad CPC, and Commodore 64. In 2004, it was remade for Windows PC.",,,6,2.0,2.0,1.0,,,,,,,,,,,,,,,,0.0,,
56458,enduro-racer-1986,Enduro Racer (1986),Enduro Racer (1986),"<p>Enduro Racer (エンデューロレーサー) is an arcade game from Sega. It was released in 1986 with either a stand up cabinet with handlebars or a full-sized dirt bike on the cabinet itself. Many people see it as essentially the dirt version of Hang-On, as it uses a similar engine and PCB.</p>",,[],1986-09-20,False,2022-03-30T05:02:56,https://media.rawg.io/media/screenshots/f04/f0414deb658bf87aeb659993db185c20.jpg,https://media.rawg.io/media/screenshots/8f1/8f10b71ef9468ce9f0a7847ee9c9eb4a.jpg,,0.0,0,[],11,0,12,0,4,0,0,,,,,0,0,0,0,0,344,[],,0,0,0,,0,0f0f0f,0f0f0f,"[{'platform': {'id': 9, 'name': 'Atari', 'slug': 'atari'}}, {'platform': {'id': 10, 'name': 'Commodore / Amiga', 'slug': 'commodore-amiga'}}]","[{'platform': {'id': 34, 'name': 'Atari ST', 'slug': 'atari-st', 'image': None, 'year_end': None, 'year_start': None, 'games_count': 836, 'image_background': 'https://media.rawg.io/media/games/637/637d7dc2f44d0f6ddd3ee2c0b1366962.jpg'}, 'released_at': '1986-09-20', 'requirements': {}}, {'platform': {'id': 166, 'name': 'Commodore / Amiga', 'slug': 'commodore-amiga', 'image': None, 'year_end': None, 'year_start': None, 'games_count': 2083, 'image_background': 'https://media.rawg.io/media/games/cce/cce8bebe861f295003f5a9fe5b11233f.jpg'}, 'released_at': '1986-09-20', 'requirements': {}}]",[],"[{'id': 425, 'name': 'SEGA', 'slug': 'sega', 'games_count': 578, 'image_background': 'https://media.rawg.io/media/screenshots/845/84595759d06a7c5ed2eab76f623454f7.jpeg'}]","[{'id': 1, 'name': 'Racing', 'slug': 'racing', 'games_count': 25359, 'image_background': 'https://media.rawg.io/media/screenshots/69b/69bb243ea9896ddfc2e051b58e81624d.jpg'}]","[{'id': 31, 'name': 'Singleplayer', 'slug': 'singleplayer', 'language': 'eng', 'games_count': 238404, 'image_background': 'https://media.rawg.io/media/games/26d/26d4437715bee60138dab4a7c8c59c92.jpg'}]","[{'id': 3408, 'name': 'SEGA', 'slug': 'sega-2', 'games_count': 1262, 'image_background': 'https://media.rawg.io/media/games/be9/be9cf02720c9326e11d0fda14518554f.jpg'}]",,"Enduro Racer (エンデューロレーサー) is an arcade game from Sega. It was released in 1986 with either a stand up cabinet with handlebars or a full-sized dirt bike on the cabinet itself. Many people see it as essentially the dirt version of Hang-On, as it uses a similar engine and PCB.",,,6,1.0,2.0,2.0,,,,,,,,,,,,,,,,0.0,,
54065,stadium-events,Stadium Events,Stadium Events,"<p>Stadium Events is a sports fitness game developed by Human Entertainment and published by Bandai for the Nintendo Entertainment System. This and Athletic World are the two games in the Family Fun Fitness series, designed and branded for the short-lived Family Fun Fitness mat accessory for the NES. Stadium Events allows players to compete in four different Olympic inspired sporting events, using the mat to move as they compete in running and jumping focused gameplay.<br />
The North American version was rebranded by Nintendo shortly after its 1987 release. The game was re-released as World Class Track Meet and the new mat was titled the Power Pad. Original North American copies of Stadium Events are now considered to be among the rarest NES games, leading to high prices in the secondary video game collecting market.</p>",,[],1986-12-23,False,2022-03-30T06:51:41,https://media.rawg.io/media/screenshots/013/0139a88f3a1a7d613f7393bc409db234.jpg,https://media.rawg.io/media/screenshots/805/8053ee7609374fbea01d703647381b9a.jpg,,0.0,0,"[{'id': 3, 'title': 'meh', 'count': 1, 'percent': 100.0}]",10,0,8,0,0,0,0,,,,,0,0,0,0,1,167,"['Family Trainer 2: Running Stadium', 'Track Meet', 'World Class Track Meet']",,0,0,0,,1,0f0f0f,0f0f0f,"[{'platform': {'id': 7, 'name': 'Nintendo', 'slug': 'nintendo'}}]","[{'platform': {'id': 49, 'name': 'NES', 'slug': 'nes', 'image': None, 'year_end': None, 'year_start': None, 'games_count': 1015, 'image_background': 'https://media.rawg.io/media/games/7c5/7c50dd0415eb0a57505c58d4e50e4d24.jpg'}, 'released_at': '1986-12-23', 'requirements': {}}]",[],"[{'id': 26060, 'name': 'Bandai', 'slug': 'bandai', 'games_count': 54, 'image_background': 'https://media.rawg.io/media/games/c63/c63f38ffb50b605c41a9392840dae7bb.jpg'}, {'id': 26113, 'name': 'Human Entertainment', 'slug': 'human-entertainment', 'games_count': 34, 'image_background': 'https://media.rawg.io/media/games/0c6/0c6be32933cc58a7b75c2185f7f44231.jpg'}]","[{'id': 15, 'name': 'Sports', 'slug': 'sports', 'games_count': 22123, 'image_background': 'https://media.rawg.io/media/games/5eb/5eb49eb2fa0738fdb5bacea557b1bc57.jpg'}]","[{'id': 31, 'name': 'Singleplayer', 'slug': 'singleplayer', 'language': 'eng', 'games_count': 238404, 'image_background': 'https://media.rawg.io/media/games/26d/26d4437715bee60138dab4a7c8c59c92.jpg'}, {'id': 7, 'name': 'Multiplayer', 'slug': 'multiplayer', 'language': 'eng', 'games_count': 40505, 'image_background': 'https://media.rawg.io/media/games/021/021c4e21a1824d2526f925eff6324653.jpg'}]","[{'id': 11287, 'name': 'Bandai', 'slug': 'bandai', 'games_count': 212, 'image_background': 'https://media.rawg.io/media/games/dea/dea3ffd2ee465017a545b240a8fe63bb.jpg'}]",,"Stadium Events is a sports fitness game developed by Human Entertainment and published by Bandai for the Nintendo Entertainment System. This and Athletic World are the two games in the Family Fun Fitness series, designed and branded for the short-lived Family Fun Fitness mat accessory for the NES. Stadium Events allows players to compete in four different Olympic inspired sporting events, using the mat to move as they compete in running and jumping focused gameplay.
The North American version was rebranded by Nintendo shortly after its 1987 release. The game was re-released as World Class Track Meet and the new mat was titled the Power Pad. Original North American copies of Stadium Events are now considered to be among the rarest NES games, leading to high prices in the secondary video game collecting market.",,,5,2.0,2.0,1.0,,,,,,,,,,,,,,,,0.0,,
23068,falcon-collection,Falcon Collection,Falcon Collection,"Falcon Collection includes the following:<br/>
- Falcon<br/>
- Falcon A.T.<br/>
- Falcon Gold (featuring the complete collection of updated versions of Falcon 3.0 , MiG-29, Operation: Fighting Tiger and Art of the Kill dogfighting video)<br/>
- Falcon 4.0 (version 1.08, Windows only, added as a part of the bonus goodies pack)<br/><br/>
The bogey came out of nowhere. You see him just off your tail. The adrenalin hits you like a fist. You call your wingman: ""Viper One, I've got a bandit on my six. This is not good...""<br/>
You go to afterburner and your Falcon jumps, slamming you back in the seat. The MiG 29 has just reached missile range... There! He's fired, the deadly rocket screams toward you, seeing nothing but the heat of your exhaust. Without thinking, you drop a series of flares hoping to confuse it, and yank back on the stick... 50 degrees... 80... over the top... your Head Up display shows you're pulling 9g's...<br/>
...Nearly blacked out, you ease forward on the stick. The g's drop, and you can see again. There he is! You're on HIS six now. This is going to be sweet. As you get tone you know he's yours.
<br/><br/><br/>
From the very beginning the Falcon series has been acclaimed for its realism, pushing back the limits of what was thought possible for a comupter filght simulator back in the day.<br/> 
It is as simple as that: the flight models are real, the terrain is real, the radar and weapons systems are real... And the threats are real. No phony weapons or magic bullets here... just the best civilian F-16 simulation available. You don't just play Falcon, you strap yourself in and get ready for battle.Flight characteristics and armament of the real F-16
Advanced electronics/radar systems
The terrain conforming precisely to military maps of the areas",,[],1986-12-31,False,2023-02-08T10:51:17,https://media.rawg.io/media/screenshots/3b8/3b8abab49a324c9d69fdc6792090ff8b.jpg,https://media.rawg.io/media/screenshots/211/211add730dbf1071d59009b596d62463.jpg,,0.0,0,[],10,0,15,0,0,0,0,,,,,0,0,0,0,0,374,[],,0,0,0,,0,0f0f0f,0f0f0f,"[{'platform': {'id': 1, 'name': 'PC', 'slug': 'pc'}}, {'platform': {'id': 5, 'name': 'Apple Macintosh', 'slug': 'mac'}}, {'platform': {'id': 6, 'name': 'Linux', 'slug': 'linux'}}]","[{'platform': {'id': 6, 'name': 'Linux', 'slug': 'linux', 'image': None, 'year_end': None, 'year_start': None, 'games_count': 78810, 'image_background': 'https://media.rawg.io/media/games/d58/d588947d4286e7b5e0e12e1bea7d9844.jpg'}, 'released_at': '1986-12-31', 'requirements': {'minimum': 'Ubuntu 14.04, Linux Mint 17Processor: 2.0 GHzMemory: 1 GB RAMGraphics: 256 MB VRAMOpenGL compatible'}}, {'platform': {'id': 4, 'name': 'PC', 'slug': 'pc', 'image': None, 'year_end': None, 'year_start': None, 'games_count': 547196, 'image_background': 'https://media.rawg.io/media/games/6fc/6fcf4cd3b17c288821388e6085bb0fc9.jpg'}, 'released_at': '1986-12-31', 'requirements': {'minimum': 'XP / Vista / 7 / 8 / 101.8 GHz Processor512MB RAM (1 GB recommended)3D graphics card compatible with DirectX 7 (compatible with DirectX 9 recommended)2GB HDDMouse, Keyboard'}}, {'platform': {'id': 5, 'name': 'macOS', 'slug': 'macos', 'image': None, 'year_end': None, 'year_start': None, 'games_count': 106181, 'image_background': 'https://media.rawg.io/media/games/6fc/6fcf4cd3b17c288821388e6085bb0fc9.jpg'}, 'released_at': '1986-12-31', 'requirements': {'minimum': 'OS X 10.7.0 or laterProcessor: Intel Core Duo 2GHz+Memory: 1GB of RAMGraphics: 64MB of video memoryRecommended two-button mouse, or Apple mouse with Secondary Button / Secondary Click enabled.'}}]","[{'id': 26545, 'url': '', 'store': {'id': 5, 'name': 'GOG', 'slug': 'gog', 'domain': 'gog.com', 'games_count': 6713, 'image_background': 'https://media.rawg.io/media/games/5c0/5c0dd63002cb23f804aab327d40ef119.jpg'}}]","[{'id': 11918, 'name': 'Spectrum Holobyte', 'slug': 'spectrum-holobyte', 'games_count': 16, 'image_background': 'https://media.rawg.io/media/screenshots/3b8/3b8abab49a324c9d69fdc6792090ff8b.jpg'}]","[{'id': 14, 'name': 'Simulation', 'slug': 'simulation', 'games_count': 73491, 'image_background': 'https://media.rawg.io/media/games/48c/48cb04ca483be865e3a83119c94e6097.jpg'}]","[{'id': 31, 'name': 'Singleplayer', 'slug': 'singleplayer', 'language': 'eng', 'games_count': 238404, 'image_background': 'https://media.rawg.io/media/games/26d/26d4437715bee60138dab4a7c8c59c92.jpg'}]","[{'id': 4801, 'name': 'Retroism', 'slug': 'retroism', 'games_count': 96, 'image_background': 'https://media.rawg.io/media/screenshots/7a3/7a32b396c30e2421e79b85f25c7c640d.jpg'}]",,"Falcon Collection includes the following:
- Falcon
- Falcon A.T.
- Falcon Gold (featuring the complete collection of updated versions of Falcon 3.0 , MiG-29, Operation: Fighting Tiger and Art of the Kill dogfighting video)
- Falcon 4.0 (version 1.08, Windows only, added as a part of the bonus goodies pack)
The bogey came out of nowhere. You see him just off your tail. The adrenalin hits you like a fist. You call your wingman: ""Viper One, I've got a bandit on my six. This is not good...""
You go to afterburner and your Falcon jumps, slamming you back in the seat. The MiG 29 has just reached missile range... There! He's fired, the deadly rocket screams toward you, seeing nothing but the heat of your exhaust. Without thinking, you drop a series of flares hoping to confuse it, and yank back on the stick... 50 degrees... 80... over the top... your Head Up display shows you're pulling 9g's...
...Nearly blacked out, you ease forward on the stick. The g's drop, and you can see again. There he is! You're on HIS six now. This is going to be sweet. As you get tone you know he's yours.
From the very beginning the Falcon series has been acclaimed for its realism, pushing back the limits of what was thought possible for a comupter filght simulator back in the day.

It is as simple as that: the flight models are real, the terrain is real, the radar and weapons systems are real... And the threats are real. No phony weapons or magic bullets here... just the best civilian F-16 simulation available. You don't just play Falcon, you strap yourself in and get ready for battle.Flight characteristics and armament of the real F-16
Advanced electronics/radar systems
The terrain conforming precisely to military maps of the areas",,1.0,4,2.0,2.0,1.0,,,,,,,,,,,,,,,,0.0,,
56292,agent-x,Agent X,Agent X,"<p>Agent X, also known as Agent X in the Brain Drain Caper is a computer game released in 1986 for the ZX Spectrum.</p>
<p>The player takes control of the eponymous Agent X in a multi-load game made up of a number of sub-games.</p>",,[],1986-01-01,False,2019-08-28T22:00:34,https://media.rawg.io/media/screenshots/81e/81ecbef5709fa23f9a8d40e6b6ba1cf9.jpg,https://media.rawg.io/media/screenshots/eec/eec79e0f03b57cfbd3a746e29dbd698b.jpg,,0.0,0,[],10,0,8,0,0,0,0,,,,,0,0,0,0,0,262,[],,0,0,0,,0,0f0f0f,0f0f0f,"[{'platform': {'id': 10, 'name': 'Commodore / Amiga', 'slug': 'commodore-amiga'}}]","[{'platform': {'id': 166, 'name': 'Commodore / Amiga', 'slug': 'commodore-amiga', 'image': None, 'year_end': None, 'year_start': None, 'games_count': 2083, 'image_background': 'https://media.rawg.io/media/games/cce/cce8bebe861f295003f5a9fe5b11233f.jpg'}, 'released_at': '1986-01-01', 'requirements': {}}]",[],"[{'id': 2046, 'name': 'Tim Follin', 'slug': 'tim-follin', 'games_count': 3, 'image_background': 'https://media.rawg.io/media/screenshots/81e/81ecbef5709fa23f9a8d40e6b6ba1cf9.jpg'}]",[],"[{'id': 31, 'name': 'Singleplayer', 'slug': 'singleplayer', 'language': 'eng', 'games_count': 238404, 'image_background': 'https://media.rawg.io/media/games/26d/26d4437715bee60138dab4a7c8c59c92.jpg'}]","[{'id': 4799, 'name': 'Mastertronic', 'slug': 'mastertronic', 'games_count': 72, 'image_background': 'https://media.rawg.io/media/screenshots/bb4/bb424afaf45c23f5893753ab1c1eca27.jpg'}]",,"Agent X, also known as Agent X in the Brain Drain Caper is a computer game released in 1986 for the ZX Spectrum.
The player takes control of the eponymous Agent X in a multi-load game made up of a number of sub-games.",,,6,2.0,1.0,1.0,,,,,,,,,,,,,,,,0.0,,
56485,flash-gordon,Flash Gordon,Flash Gordon,"<p>Flash Gordon was a video game based on a comic book character of the same name. The game was published in 1986 by Mastertronic for the Amstrad CPC, Commodore 64, ZX Spectrum and MSX personal computers.</p>",,[],1986-01-01,False,2019-08-28T22:00:27,https://media.rawg.io/media/screenshots/94e/94e0b0b1c26540ccb20737528bb337fe.jpg,https://media.rawg.io/media/screenshots/84b/84bae24df50595ce86d2de7f6e3e2e48.jpg,,0.0,0,[],10,0,8,0,1,0,0,,,,,0,0,0,0,0,314,[],,0,0,0,,0,0f0f0f,0f0f0f,"[{'platform': {'id': 9, 'name': 'Atari', 'slug': 'atari'}}, {'platform': {'id': 10, 'name': 'Commodore / Amiga', 'slug': 'commodore-amiga'}}]","[{'platform': {'id': 166, 'name': 'Commodore / Amiga', 'slug': 'commodore-amiga', 'image': None, 'year_end': None, 'year_start': None, 'games_count': 2083, 'image_background': 'https://media.rawg.io/media/games/cce/cce8bebe861f295003f5a9fe5b11233f.jpg'}, 'released_at': '1986-01-01', 'requirements': {}}, {'platform': {'id': 34, 'name': 'Atari ST', 'slug': 'atari-st', 'image': None, 'year_end': None, 'year_start': None, 'games_count': 836, 'image_background': 'https://media.rawg.io/media/games/637/637d7dc2f44d0f6ddd3ee2c0b1366962.jpg'}, 'released_at': '1986-01-01', 'requirements': {}}]",[],"[{'id': 14928, 'name': 'Mastertronic', 'slug': 'mastertronic', 'games_count': 7, 'image_background': 'https://media.rawg.io/media/screenshots/eaf/eaf8bef129cf1b5229e0c3f2264e123b.jpg'}]","[{'id': 4, 'name': 'Action', 'slug': 'action', 'games_count': 186608, 'image_background': 'https://media.rawg.io/media/games/618/618c2031a07bbff6b4f611f10b6bcdbc.jpg'}]","[{'id': 31, 'name': 'Singleplayer', 'slug': 'singleplayer', 'language': 'eng', 'games_count': 238404, 'image_background': 'https://media.rawg.io/media/games/26d/26d4437715bee60138dab4a7c8c59c92.jpg'}]","[{'id': 4799, 'name': 'Mastertronic', 'slug': 'mastertronic', 'games_count': 72, 'image_background': 'https://media.rawg.io/media/screenshots/bb4/bb424afaf45c23f5893753ab1c1eca27.jpg'}]",,"Flash Gordon was a video game based on a comic book character of the same name. The game was published in 1986 by Mastertronic for the Amstrad CPC, Commodore 64, ZX Spectrum and MSX personal computers.",,,5,2.0,2.0,1.0,,,,,,,,,,,,,,,,0.0,,
56856,trantor-the-last-stormtrooper,Trantor: The Last Stormtrooper,Trantor: The Last Stormtrooper,"<p>Trantor: The Last Stormtrooper is a video game for the ZX Spectrum, Commodore 64, MSX, Amstrad CPC and Atari ST released by Go! (a label of U.S. Gold) in 1987. A version for MS-DOS was released by KeyPunch Software. It was produced by Probe Software (the team consisted of David Quinn, Nick Bruty and David Perry). It was released in Spain (as ""Trantor"") by Erbe Software. The game is a mix between shoot 'em up and a platform game, but it was mostly known for its large and well-animated sprites.</p>",,[],1986-12-31,False,2023-02-08T10:50:32,https://media.rawg.io/media/screenshots/dc4/dc41719cdc3e2d85103ccde3d6ca976e.jpg,https://media.rawg.io/media/screenshots/e76/e764d009f40e5e45fef654dfebc1c4bd.jpg,,0.0,0,[],10,0,17,0,0,0,0,,,,,0,0,0,0,0,470,[],,0,0,0,,0,0f0f0f,0f0f0f,"[{'platform': {'id': 1, 'name': 'PC', 'slug': 'pc'}}, {'platform': {'id': 6, 'name': 'Linux', 'slug': 'linux'}}, {'platform': {'id': 9, 'name': 'Atari', 'slug': 'atari'}}, {'platform': {'id': 10, 'name': 'Commodore / Amiga', 'slug': 'commodore-amiga'}}]","[{'platform': {'id': 6, 'name': 'Linux', 'slug': 'linux', 'image': None, 'year_end': None, 'year_start': None, 'games_count': 78810, 'image_background': 'https://media.rawg.io/media/games/d58/d588947d4286e7b5e0e12e1bea7d9844.jpg'}, 'released_at': '1986-12-31', 'requirements': {}}, {'platform': {'id': 4, 'name': 'PC', 'slug': 'pc', 'image': None, 'year_end': None, 'year_start': None, 'games_count': 547196, 'image_background': 'https://media.rawg.io/media/games/6fc/6fcf4cd3b17c288821388e6085bb0fc9.jpg'}, 'released_at': '1986-12-31', 'requirements': {}}, {'platform': {'id': 166, 'name': 'Commodore / Amiga', 'slug': 'commodore-amiga', 'image': None, 'year_end': None, 'year_start': None, 'games_count': 2083, 'image_background': 'https://media.rawg.io/media/games/cce/cce8bebe861f295003f5a9fe5b11233f.jpg'}, 'released_at': '1987-01-01', 'requirements': {}}, {'platform': {'id': 34, 'name': 'Atari ST', 'slug': 'atari-st', 'image': None, 'year_end': None, 'year_start': None, 'games_count': 836, 'image_background': 'https://media.rawg.io/media/games/637/637d7dc2f44d0f6ddd3ee2c0b1366962.jpg'}, 'released_at': '1987-01-01', 'requirements': {}}]","[{'id': 885801, 'url': '', 'store': {'id': 5, 'name': 'GOG', 'slug': 'gog', 'domain': 'gog.com', 'games_count': 6713, 'image_background': 'https://media.rawg.io/media/games/5c0/5c0dd63002cb23f804aab327d40ef119.jpg'}}]","[{'id': 4828, 'name': 'Acclaim Cheltenham', 'slug': 'acclaim-cheltenham', 'games_count': 29, 'image_background': 'https://media.rawg.io/media/screenshots/af8/af809cb349a0a16436da2019c8199b29.jpg'}, {'id': 26537, 'name': 'Probe Software', 'slug': 'probe-software', 'games_count': 18, 'image_background': 'https://media.rawg.io/media/screenshots/4f3/4f31d427496d39f3a02d7eadce1770c0.jpg'}]",[],"[{'id': 31, 'name': 'Singleplayer', 'slug': 'singleplayer', 'language': 'eng', 'games_count': 238404, 'image_background': 'https://media.rawg.io/media/games/26d/26d4437715bee60138dab4a7c8c59c92.jpg'}]","[{'id': 12092, 'name': 'Mirrorsoft', 'slug': 'mirrorsoft', 'games_count': 32, 'image_background': 'https://media.rawg.io/media/screenshots/dc4/dc41719cdc3e2d85103ccde3d6ca976e.jpg'}, {'id': 20255, 'name': 'GO!', 'slug': 'go', 'games_count': 4, 'image_background': 'https://media.rawg.io/media/screenshots/c46/c4651576bdaf1f184119f8eecf521d28.jpg'}]",,"Trantor: The Last Stormtrooper is a video game for the ZX Spectrum, Commodore 64, MSX, Amstrad CPC and Atari ST released by Go! (a label of U.S. Gold) in 1987. A version for MS-DOS was released by KeyPunch Software. It was produced by Probe Software (the team consisted of David Quinn, Nick Bruty and David Perry). It was released in Spain (as ""Trantor"") by Erbe Software. The game is a mix between shoot 'em up and a platform game, but it was mostly known for its large and well-animated sprites.",,1.0,6,1.0,2.0,,,,,,,,,,,,,,,,,0.0,,
56741,robot-rascals,Robot Rascals,Robot Rascals,"<p>Robot Rascals is a scavenger hunt video game by Ozark Softscape and published by Electronic Arts. It was released in 1986 for various home computers of the era, including the Apple II, Commodore 64, and DOS.</p>",,[],1986-01-01,False,2023-02-08T10:51:09,https://media.rawg.io/media/screenshots/37a/37a65c32ed061fcbcef9504319151c40.jpg,https://media.rawg.io/media/screenshots/90e/90e4f234e0c0e38be262472b38984a68.jpg,,0.0,0,[],10,0,8,0,1,0,0,,,,,0,0,0,0,0,165,[],,0,0,0,,0,0f0f0f,0f0f0f,"[{'platform': {'id': 1, 'name': 'PC', 'slug': 'pc'}}, {'platform': {'id': 5, 'name': 'Apple Macintosh', 'slug': 'mac'}}, {'platform': {'id': 10, 'name': 'Commodore / Amiga', 'slug': 'commodore-amiga'}}]","[{'platform': {'id': 166, 'name': 'Commodore / Amiga', 'slug': 'commodore-amiga', 'image': None, 'year_end': None, 'year_start': None, 'games_count': 2083, 'image_background': 'https://media.rawg.io/media/games/cce/cce8bebe861f295003f5a9fe5b11233f.jpg'}, 'released_at': '1986-01-01', 'requirements': {}}, {'platform': {'id': 41, 'name': 'Apple II', 'slug': 'apple-ii', 'image': None, 'year_end': None, 'year_start': None, 'games_count': 424, 'image_background': 'https://media.rawg.io/media/screenshots/3d2/3d2bb57b39e2efa39d1c385585b2ea8b.jpg'}, 'released_at': '1986-01-01', 'requirements': {}}, {'platform': {'id': 4, 'name': 'PC', 'slug': 'pc', 'image': None, 'year_end': None, 'year_start': None, 'games_count': 547196, 'image_background': 'https://media.rawg.io/media/games/6fc/6fcf4cd3b17c288821388e6085bb0fc9.jpg'}, 'released_at': '1986-01-01', 'requirements': {}}]",[],"[{'id': 11041, 'name': 'Ozark Softscape', 'slug': 'ozark-softscape', 'games_count': 9, 'image_background': 'https://media.rawg.io/media/screenshots/01f/01f4cb7a08fd6305894df55114d33533.jpg'}]",[],"[{'id': 7, 'name': 'Multiplayer', 'slug': 'multiplayer', 'language': 'eng', 'games_count': 40505, 'image_background': 'https://media.rawg.io/media/games/021/021c4e21a1824d2526f925eff6324653.jpg'}]","[{'id': 354, 'name': 'Electronic Arts', 'slug': 'electronic-arts', 'games_count': 1332, 'image_background': 'https://media.rawg.io/media/games/45b/45b57ed59de4b84effd8f6bc4b7bf515.jpg'}]",,"Robot Rascals is a scavenger hunt video game by Ozark Softscape and published by Electronic Arts. It was released in 1986 for various home computers of the era, including the Apple II, Commodore 64, and DOS.",,1.0,5,1.0,2.0,1.0,,,,,,,,,,,,,,,,0.0,,
52457,solaris,Solaris,Solaris,"<p>Solaris is a game for the Atari 2600 published in 1986 by Atari. The game was programmed by Doug Neubauer, who owns the copyright to the game and the Solaris trademark. Solaris is a sequel to Neubauer's Star Raiders,. Both games feature an enemy race known as ""Zylons."" Solaris was at one point going to be based on The Last Starfighter, while the Atari 8-bit version of The Last Starfighter was renamed Star Raiders 2.</p>",,[],1986-01-01,False,2019-01-09T12:41:06,https://media.rawg.io/media/screenshots/2aa/2aa07f58491e14b0183333f8956bc802.jpg,https://media.rawg.io/media/screenshots/179/17967561f4d25d9e8f8018cd4b4494c7.jpg,,0.0,0,[],10,0,8,0,0,0,0,,,,,0,0,0,0,0,97,[],,0,0,0,,0,0f0f0f,0f0f0f,"[{'platform': {'id': 9, 'name': 'Atari', 'slug': 'atari'}}]","[{'platform': {'id': 22, 'name': 'Atari Flashback', 'slug': 'atari-flashback', 'image': None, 'year_end': None, 'year_start': None, 'games_count': 30, 'image_background': 'https://media.rawg.io/media/screenshots/2aa/2aa07f58491e14b0183333f8956bc802.jpg'}, 'released_at': '1986-01-01', 'requirements': {}}, {'platform': {'id': 23, 'name': 'Atari 2600', 'slug': 'atari-2600', 'image': None, 'year_end': None, 'year_start': None, 'games_count': 294, 'image_background': 'https://media.rawg.io/media/screenshots/ff6/ff623993a854663931c1e78d72a16a5a.jpg'}, 'released_at': '1986-01-01', 'requirements': {}}]",[],[],[],"[{'id': 1407, 'name': 'race', 'slug': 'race', 'language': 'eng', 'games_count': 6793, 'image_background': 'https://media.rawg.io/media/games/553/553274881e0897c95ad75de9627265c3.jpg'}, {'id': 1534, 'name': 'atari', 'slug': 'atari', 'language': 'eng', 'games_count': 1158, 'image_background': 'https://media.rawg.io/media/screenshots/d10/d10fdd0fc764ad4a5d70fffa6aee1175.jpg'}]","[{'id': 1779, 'name': 'Atari', 'slug': 'atari', 'games_count': 507, 'image_background': 'https://media.rawg.io/media/games/d82/d82dbcf92ded452bf8c6fb1bbdd62e52.jpg'}]",,"Solaris is a game for the Atari 2600 published in 1986 by Atari. The game was programmed by Doug Neubauer, who owns the copyright to the game and the Solaris trademark. Solaris is a sequel to Neubauer's Star Raiders,. Both games feature an enemy race known as ""Zylons."" Solaris was at one point going to be based on The Last Starfighter, while the Atari 8-bit version of The Last Starfighter was renamed Star Raiders 2.",,1.0,4,2.0,2.0,1.0,,,,,,,,,,,,,,,,0.0,,
264697,super-star-force-jikuureki-no-himitsu,Super Star Force: Jikuureki no Himitsu,Super Star Force: Jikuureki no Himitsu,"<p>Super Star Force: Jikuureki no Himitsu is an Action game, developed and published by Tecmo, which was released in Japan in 1986.</p>",,[],1986-11-10,False,2023-01-16T09:04:53,https://media.rawg.io/media/games/538/5389955bb2f64ea5d67dac1b334699ca.jpg,https://media.rawg.io/media/screenshots/fca/fca6a73c08114a4434014903f42fd38f.jpg,,0.0,0,"[{'id': 4, 'title': 'recommended', 'count': 1, 'percent': 50.0}, {'id': 3, 'title': 'meh', 'count': 1, 'percent': 50.0}]",10,0,4,0,1,0,0,,,,,0,0,0,0,2,99,[],,0,0,1,,2,0f0f0f,0f0f0f,"[{'platform': {'id': 7, 'name': 'Nintendo', 'slug': 'nintendo'}}]","[{'platform': {'id': 49, 'name': 'NES', 'slug': 'nes', 'image': None, 'year_end': None, 'year_start': None, 'games_count': 1015, 'image_background': 'https://media.rawg.io/media/games/7c5/7c50dd0415eb0a57505c58d4e50e4d24.jpg'}, 'released_at': '1986-11-10', 'requirements': {}}]",[],"[{'id': 1696, 'name': 'Tecmo', 'slug': 'tecmo', 'games_count': 58, 'image_background': 'https://media.rawg.io/media/games/327/3271b52a14c6717920cb0cf401ec95ae.jpg'}]","[{'id': 4, 'name': 'Action', 'slug': 'action', 'games_count': 186608, 'image_background': 'https://media.rawg.io/media/games/618/618c2031a07bbff6b4f611f10b6bcdbc.jpg'}, {'id': 2, 'name': 'Shooter', 'slug': 'shooter', 'games_count': 59560, 'image_background': 'https://media.rawg.io/media/games/d58/d588947d4286e7b5e0e12e1bea7d9844.jpg'}]",[],"[{'id': 10850, 'name': 'Tecmo', 'slug': 'tecmo', 'games_count': 91, 'image_background': 'https://media.rawg.io/media/screenshots/923/923af31543ea141f67665363469d0c79.jpg'}]",,"Super Star Force: Jikuureki no Himitsu is an Action game, developed and published by Tecmo, which was released in Japan in 1986.",,,4,2.0,2.0,2.0,,1.0,Everyone,everyone,,,,,,,,,,,,0.0,,
55058,leader-board,Leader Board,Leader Board,"<p>Leader Board (sometimes Leaderboard) is a series of golf simulation video games that was developed by Bruce Carver and Roger Carver, and published by Access Software.</p>",,[],1986-01-01,False,2019-08-28T22:01:14,https://media.rawg.io/media/screenshots/045/04518133f7c8e94185b91ee436ffe758.jpg,https://media.rawg.io/media/screenshots/1de/1dee0c6922f7b4399edb36510a9c0fb6.jpg,,0.0,0,[],10,0,10,0,0,0,0,,,,,0,0,0,0,0,194,[],,0,0,0,,0,0f0f0f,0f0f0f,"[{'platform': {'id': 9, 'name': 'Atari', 'slug': 'atari'}}, {'platform': {'id': 10, 'name': 'Commodore / Amiga', 'slug': 'commodore-amiga'}}]","[{'platform': {'id': 166, 'name': 'Commodore / Amiga', 'slug': 'commodore-amiga', 'image': None, 'year_end': None, 'year_start': None, 'games_count': 2083, 'image_background': 'https://media.rawg.io/media/games/cce/cce8bebe861f295003f5a9fe5b11233f.jpg'}, 'released_at': '1986-01-01', 'requirements': {}}, {'platform': {'id': 34, 'name': 'Atari ST', 'slug': 'atari-st', 'image': None, 'year_end': None, 'year_start': None, 'games_count': 836, 'image_background': 'https://media.rawg.io/media/games/637/637d7dc2f44d0f6ddd3ee2c0b1366962.jpg'}, 'released_at': '1986-01-01', 'requirements': {}}, {'platform': {'id': 25, 'name': 'Atari 8-bit', 'slug': 'atari-8-bit', 'image': None, 'year_end': None, 'year_start': None, 'games_count': 308, 'image_background': 'https://media.rawg.io/media/screenshots/038/0385a47d3a43b218204268af5361a19e.jpg'}, 'released_at': '1986-01-01', 'requirements': {}}]",[],"[{'id': 26969, 'name': 'Roger Carver', 'slug': 'roger-carver', 'games_count': 2, 'image_background': 'https://media.rawg.io/media/screenshots/079/0790b0590e10013d7ccae004f60eb071.jpg'}, {'id': 26970, 'name': 'Bruce Carver', 'slug': 'bruce-carver', 'games_count': 2, 'image_background': 'https://media.rawg.io/media/screenshots/045/04518133f7c8e94185b91ee436ffe758.jpg'}]","[{'id': 15, 'name': 'Sports', 'slug': 'sports', 'games_count': 22123, 'image_background': 'https://media.rawg.io/media/games/5eb/5eb49eb2fa0738fdb5bacea557b1bc57.jpg'}]","[{'id': 31, 'name': 'Singleplayer', 'slug': 'singleplayer', 'language': 'eng', 'games_count': 238404, 'image_background': 'https://media.rawg.io/media/games/26d/26d4437715bee60138dab4a7c8c59c92.jpg'}, {'id': 7, 'name': 'Multiplayer', 'slug': 'multiplayer', 'language': 'eng', 'games_count': 40505, 'image_background': 'https://media.rawg.io/media/games/021/021c4e21a1824d2526f925eff6324653.jpg'}, {'id': 383, 'name': 'hotseat', 'slug': 'hotseat', 'language': 'eng', 'games_count': 54, 'image_background': 'https://media.rawg.io/media/screenshots/c80/c803781de21cd3bd8634d816e9ee23e5.jpg'}]","[{'id': 11551, 'name': 'Access Software', 'slug': 'access-software', 'games_count': 16, 'image_background': 'https://media.rawg.io/media/screenshots/49a/49a69bea74c924d41086f5e1bcb4d829.jpg'}, {'id': 20044, 'name': 'Indie Built', 'slug': 'indie-built', 'games_count': 4, 'image_background': 'https://media.rawg.io/media/screenshots/747/747390700d8125f7fce385ac02a14df7.jpg'}]",,"Leader Board (sometimes Leaderboard) is a series of golf simulation video games that was developed by Bruce Carver and Roger Carver, and published by Access Software.",,,5,2.0,2.0,1.0,,,,,,,,,,,,,,,,0.0,,
56419,deactivators,Deactivators,Deactivators,"<p>Deactivators is an arcade puzzle video game. It was designed by David Bishop and Chris Palmer, developed by Tigress Marketing, and published by Ariolasoft's label, Reaktor. It was released for the Amstrad CPC 464, Commodore 64, and ZX Spectrum in October 1986. The player controls bomb disposal robots known as Deactivators and must use them to deactivate bombs in five research complexes planted by terrorists.</p>
<p>Deactivators received positive reviews from video game critics, with some reviewers speaking positive of the gameplay and sound design the gameplay while graphics were mixed based on platform. It was later ranked as one of the best games for the ZX Spectrum by Your Sinclair. Despite the positive reception, the game was not commercially successful and Tigress Marketing closed shortly after its release.</p>",,[],1986-10-06,False,2019-08-28T22:00:30,https://media.rawg.io/media/screenshots/fa1/fa16968af21c2bb22b99219fe42b0b64.jpg,https://media.rawg.io/media/screenshots/e22/e22bc34ca57646ca7eb42f08f40fa81a.jpg,,0.0,0,[],10,0,9,0,2,0,0,,,,,0,0,0,0,0,219,[],,0,0,0,,0,0f0f0f,0f0f0f,"[{'platform': {'id': 10, 'name': 'Commodore / Amiga', 'slug': 'commodore-amiga'}}]","[{'platform': {'id': 166, 'name': 'Commodore / Amiga', 'slug': 'commodore-amiga', 'image': None, 'year_end': None, 'year_start': None, 'games_count': 2083, 'image_background': 'https://media.rawg.io/media/games/cce/cce8bebe861f295003f5a9fe5b11233f.jpg'}, 'released_at': '1986-10-06', 'requirements': {}}]",[],"[{'id': 27427, 'name': 'Tigress Marketing', 'slug': 'tigress-marketing', 'games_count': 2, 'image_background': 'https://media.rawg.io/media/screenshots/fa1/fa16968af21c2bb22b99219fe42b0b64.jpg'}]","[{'id': 11, 'name': 'Arcade', 'slug': 'arcade', 'games_count': 22658, 'image_background': 'https://media.rawg.io/media/games/556/556157feed9ee1f55f2b12b2973e30a3.jpg'}, {'id': 7, 'name': 'Puzzle', 'slug': 'puzzle', 'games_count': 97333, 'image_background': 'https://media.rawg.io/media/games/9f4/9f418898f5415668ca47b5f4ab1ecfeb.jpg'}]","[{'id': 31, 'name': 'Singleplayer', 'slug': 'singleplayer', 'language': 'eng', 'games_count': 238404, 'image_background': 'https://media.rawg.io/media/games/26d/26d4437715bee60138dab4a7c8c59c92.jpg'}]","[{'id': 19708, 'name': 'Ariolasoft', 'slug': 'ariolasoft', 'games_count': 19, 'image_background': 'https://media.rawg.io/media/screenshots/f4b/f4b8e0b7e42013d1051cca8ce9c55df9.jpg'}]",,"Deactivators is an arcade puzzle video game. It was designed by David Bishop and Chris Palmer, developed by Tigress Marketing, and published by Ariolasoft's label, Reaktor. It was released for the Amstrad CPC 464, Commodore 64, and ZX Spectrum in October 1986. The player controls bomb disposal robots known as Deactivators and must use them to deactivate bombs in five research complexes planted by terrorists.
Deactivators received positive reviews from video game critics, with some reviewers speaking positive of the gameplay and sound design the gameplay while graphics were mixed based on platform. It was later ranked as one of the best games for the ZX Spectrum by Your Sinclair. Despite the positive reception, the game was not commercially successful and Tigress Marketing closed shortly after its release.",,,6,1.0,2.0,1.0,,,,,,,,,,,,,,,,0.0,,
56805,star-trek-the-promethean-prophecy,Star Trek: The Promethean Prophecy,Star Trek: The Promethean Prophecy,<p>Star Trek: The Promethean Prophecy is a text adventure game developed by Trans Fiction Systems and published by Simon &amp; Schuster Software in 1986 during the 20th anniversary of the Star Trek: The Original Series. The game was developed by Ron Martinez and Jim Gasperini who also worked on Hidden Agenda. The player assumes the role of James T. Kirk captain of the U.S.S. Enterprise which has sustained heavy damage after being attacked by an unknown entity. A landing party headed by Kirk beams down to a nearby planet to find food for the ship's crew as the resources onboard became contaminated during the attack.</p>,,[],1986-01-01,False,2023-02-08T10:51:07,https://media.rawg.io/media/screenshots/5b5/5b5762af403ae24068fe4662a3e7d22a.jpg,https://media.rawg.io/media/screenshots/38b/38b4cea66ffa1c9607a46c07b4151d1c.jpg,,0.0,0,"[{'id': 4, 'title': 'recommended', 'count': 1, 'percent': 100.0}]",10,0,8,0,2,0,0,,,,,0,0,0,0,1,128,[],,0,0,0,,1,0f0f0f,0f0f0f,"[{'platform': {'id': 1, 'name': 'PC', 'slug': 'pc'}}, {'platform': {'id': 5, 'name': 'Apple Macintosh', 'slug': 'mac'}}, {'platform': {'id': 10, 'name': 'Commodore / Amiga', 'slug': 'commodore-amiga'}}]","[{'platform': {'id': 166, 'name': 'Commodore / Amiga', 'slug': 'commodore-amiga', 'image': None, 'year_end': None, 'year_start': None, 'games_count': 2083, 'image_background': 'https://media.rawg.io/media/games/cce/cce8bebe861f295003f5a9fe5b11233f.jpg'}, 'released_at': '1986-01-01', 'requirements': {}}, {'platform': {'id': 55, 'name': 'Classic Macintosh', 'slug': 'macintosh', 'image': None, 'year_end': None, 'year_start': None, 'games_count': 675, 'image_background': 'https://media.rawg.io/media/games/38a/38af969459ad6e5de116ec8a4a84218c.jpg'}, 'released_at': '1986-01-01', 'requirements': {}}, {'platform': {'id': 41, 'name': 'Apple II', 'slug': 'apple-ii', 'image': None, 'year_end': None, 'year_start': None, 'games_count': 424, 'image_background': 'https://media.rawg.io/media/screenshots/3d2/3d2bb57b39e2efa39d1c385585b2ea8b.jpg'}, 'released_at': '1986-01-01', 'requirements': {}}, {'platform': {'id': 4, 'name': 'PC', 'slug': 'pc', 'image': None, 'year_end': None, 'year_start': None, 'games_count': 547196, 'image_background': 'https://media.rawg.io/media/games/6fc/6fcf4cd3b17c288821388e6085bb0fc9.jpg'}, 'released_at': '1986-01-01', 'requirements': {}}]",[],"[{'id': 27602, 'name': 'Trans Fiction Systems', 'slug': 'trans-fiction-systems', 'games_count': 1, 'image_background': 'https://media.rawg.io/media/screenshots/5b5/5b5762af403ae24068fe4662a3e7d22a.jpg'}]",[],"[{'id': 31, 'name': 'Singleplayer', 'slug': 'singleplayer', 'language': 'eng', 'games_count': 238404, 'image_background': 'https://media.rawg.io/media/games/26d/26d4437715bee60138dab4a7c8c59c92.jpg'}]","[{'id': 11439, 'name': 'Simon & Schuster Interactive', 'slug': 'simon-schuster-interactive', 'games_count': 39, 'image_background': 'https://media.rawg.io/media/screenshots/cc6/cc6c83e451906698dad6da0628cfdad7.jpg'}, {'id': 20163, 'name': 'Simon & Schuster', 'slug': 'simon-schuster', 'games_count': 10, 'image_background': 'https://media.rawg.io/media/screenshots/ce6/ce6e152c93333973ce769a2bc513af53.jpg'}]",,Star Trek: The Promethean Prophecy is a text adventure game developed by Trans Fiction Systems and published by Simon & Schuster Software in 1986 during the 20th anniversary of the Star Trek: The Original Series. The game was developed by Ron Martinez and Jim Gasperini who also worked on Hidden Agenda. The player assumes the role of James T. Kirk captain of the U.S.S. Enterprise which has sustained heavy damage after being attacked by an unknown entity. A landing party headed by Kirk beams down to a nearby planet to find food for the ship's crew as the resources onboard became contaminated during the attack.,,1.0,4,2.0,2.0,1.0,,,,,,,,,,,,,,,,0.0,,
56538,heartland,Heartland,Heartland,<p>Heartland is a video game by Odin Computer Graphics released in 1986 for several home computer systems.</p>,,[],1986-01-01,False,2019-08-28T22:00:26,https://media.rawg.io/media/screenshots/5e3/5e32203e3e39f1677ef8035150af7020.jpg,https://media.rawg.io/media/screenshots/c20/c2087a81e8be9c9d1c364e37e04eb1c4.jpg,,0.0,0,[],10,0,7,0,2,0,0,,,,,0,0,0,0,0,228,[],,0,0,0,,0,0f0f0f,0f0f0f,"[{'platform': {'id': 10, 'name': 'Commodore / Amiga', 'slug': 'commodore-amiga'}}]","[{'platform': {'id': 166, 'name': 'Commodore / Amiga', 'slug': 'commodore-amiga', 'image': None, 'year_end': None, 'year_start': None, 'games_count': 2083, 'image_background': 'https://media.rawg.io/media/games/cce/cce8bebe861f295003f5a9fe5b11233f.jpg'}, 'released_at': '1986-01-01', 'requirements': {}}]",[],"[{'id': 27363, 'name': 'Odin Computer Graphics', 'slug': 'odin-computer-graphics', 'games_count': 5, 'image_background': 'https://media.rawg.io/media/screenshots/de1/de1f7e368384dc463222dea6fb87d75c.jpg'}]",[],"[{'id': 31, 'name': 'Singleplayer', 'slug': 'singleplayer', 'language': 'eng', 'games_count': 238404, 'image_background': 'https://media.rawg.io/media/games/26d/26d4437715bee60138dab4a7c8c59c92.jpg'}]","[{'id': 20550, 'name': 'Odin Computer Graphics', 'slug': 'odin-computer-graphics', 'games_count': 3, 'image_background': 'https://media.rawg.io/media/screenshots/96b/96b430c10c6c962efbedee08c6091d30.jpg'}]",,Heartland is a video game by Odin Computer Graphics released in 1986 for several home computer systems.,,,5,2.0,2.0,1.0,,,,,,,,,,,,,,,,0.0,,
56747,rupert-and-the-ice-castle,Rupert and the Ice Castle,Rupert and the Ice Castle,"<p>Rupert and the Ice Castle is a video game developed by Taskset and published by Bug-Byte in 1986. It was released for the Commodore 64 and ZX Spectrum. The game is based on Rupert Bear, a British cartoon and comics strip character created in 1920 by artist Mary Tourtel.</p>
<p>In this platform arcade game the player takes the role of Rupert Bear. Rupert's friends Bingo, Edward Trunk, Algy and Badger Bill have been all frozen by Jack Frost's (one of the characters of the story) evil sister, Jenny; while they were visiting Jack at the Ice Castle.</p>",,[],1986-01-01,False,2019-08-28T22:00:19,https://media.rawg.io/media/screenshots/a66/a667bbfeb01e23bedc1e6a0eb9774770.jpg,https://media.rawg.io/media/screenshots/0bb/0bb6e0dc5f974eb6a058b1ce12e704d6.jpg,,0.0,0,[],10,0,6,0,1,0,0,,,,,0,0,0,0,0,144,[],,0,0,0,,0,0f0f0f,0f0f0f,"[{'platform': {'id': 10, 'name': 'Commodore / Amiga', 'slug': 'commodore-amiga'}}]","[{'platform': {'id': 166, 'name': 'Commodore / Amiga', 'slug': 'commodore-amiga', 'image': None, 'year_end': None, 'year_start': None, 'games_count': 2083, 'image_background': 'https://media.rawg.io/media/games/cce/cce8bebe861f295003f5a9fe5b11233f.jpg'}, 'released_at': '1986-01-01', 'requirements': {}}]",[],"[{'id': 27361, 'name': 'Quicksilva', 'slug': 'quicksilva', 'games_count': 4, 'image_background': 'https://media.rawg.io/media/screenshots/a66/a667bbfeb01e23bedc1e6a0eb9774770.jpg'}, {'id': 27578, 'name': 'Taskset', 'slug': 'taskset', 'games_count': 1, 'image_background': 'https://media.rawg.io/media/screenshots/a66/a667bbfeb01e23bedc1e6a0eb9774770.jpg'}]",[],"[{'id': 31, 'name': 'Singleplayer', 'slug': 'singleplayer', 'language': 'eng', 'games_count': 238404, 'image_background': 'https://media.rawg.io/media/games/26d/26d4437715bee60138dab4a7c8c59c92.jpg'}]","[{'id': 19774, 'name': 'Bug-Byte', 'slug': 'bug-byte', 'games_count': 7, 'image_background': 'https://media.rawg.io/media/screenshots/a66/a667bbfeb01e23bedc1e6a0eb9774770.jpg'}]",,"Rupert and the Ice Castle is a video game developed by Taskset and published by Bug-Byte in 1986. It was released for the Commodore 64 and ZX Spectrum. The game is based on Rupert Bear, a British cartoon and comics strip character created in 1920 by artist Mary Tourtel.
In this platform arcade game the player takes the role of Rupert Bear. Rupert's friends Bingo, Edward Trunk, Algy and Badger Bill have been all frozen by Jack Frost's (one of the characters of the story) evil sister, Jenny; while they were visiting Jack at the Ice Castle.",,,5,2.0,2.0,1.0,,,,,,,,,,,,,,,,0.0,,
56548,hollywood-or-bust,Hollywood or Bust,Hollywood or Bust,<p>Hollywood or Bust is an action game published by Mastertronic in 1986 for the Commodore 64 and Amstrad CPC.</p>,,[],1986-01-01,False,2019-08-28T22:25:56,https://media.rawg.io/media/screenshots/b1a/b1a4b1b19c2c05011e178fb7a86e751f.jpg,https://media.rawg.io/media/screenshots/df1/df11a6e9d646275a06189e48a6d728d9.jpg,,0.0,0,[],10,0,4,0,1,0,0,,,,,0,0,0,0,0,123,[],,0,0,0,,0,0f0f0f,0f0f0f,"[{'platform': {'id': 10, 'name': 'Commodore / Amiga', 'slug': 'commodore-amiga'}}]","[{'platform': {'id': 166, 'name': 'Commodore / Amiga', 'slug': 'commodore-amiga', 'image': None, 'year_end': None, 'year_start': None, 'games_count': 2083, 'image_background': 'https://media.rawg.io/media/games/cce/cce8bebe861f295003f5a9fe5b11233f.jpg'}, 'released_at': '1986-01-01', 'requirements': {}}]",[],[],"[{'id': 4, 'name': 'Action', 'slug': 'action', 'games_count': 186608, 'image_background': 'https://media.rawg.io/media/games/618/618c2031a07bbff6b4f611f10b6bcdbc.jpg'}]","[{'id': 31, 'name': 'Singleplayer', 'slug': 'singleplayer', 'language': 'eng', 'games_count': 238404, 'image_background': 'https://media.rawg.io/media/games/26d/26d4437715bee60138dab4a7c8c59c92.jpg'}]","[{'id': 4799, 'name': 'Mastertronic', 'slug': 'mastertronic', 'games_count': 72, 'image_background': 'https://media.rawg.io/media/screenshots/bb4/bb424afaf45c23f5893753ab1c1eca27.jpg'}]",,Hollywood or Bust is an action game published by Mastertronic in 1986 for the Commodore 64 and Amstrad CPC.,,,5,2.0,2.0,1.0,,,,,,,,,,,,,,,,0.0,,
56615,lords-of-conquest,Lords of Conquest,Lords of Conquest,"<p>Lords of Conquest is a 1986 strategy video game developed by Eon Software, Inc. (collectively, Bill Eberle, Jack Kittredge, Peter Olotka and Trevor Western) and produced by Don Daglow.</p>",,[],1986-01-01,False,2023-02-08T10:51:13,https://media.rawg.io/media/screenshots/48a/48a7a1a74617606796b64b276d2c264e.jpg,https://media.rawg.io/media/screenshots/8e8/8e8df3bd6bc54b07a125ecd5e0327d49.jpg,,0.0,0,[],10,0,10,0,0,0,0,,,,,0,0,0,0,0,284,[],,0,0,0,,0,0f0f0f,0f0f0f,"[{'platform': {'id': 1, 'name': 'PC', 'slug': 'pc'}}, {'platform': {'id': 5, 'name': 'Apple Macintosh', 'slug': 'mac'}}, {'platform': {'id': 9, 'name': 'Atari', 'slug': 'atari'}}, {'platform': {'id': 10, 'name': 'Commodore / Amiga', 'slug': 'commodore-amiga'}}]","[{'platform': {'id': 166, 'name': 'Commodore / Amiga', 'slug': 'commodore-amiga', 'image': None, 'year_end': None, 'year_start': None, 'games_count': 2083, 'image_background': 'https://media.rawg.io/media/games/cce/cce8bebe861f295003f5a9fe5b11233f.jpg'}, 'released_at': '1986-01-01', 'requirements': {}}, {'platform': {'id': 25, 'name': 'Atari 8-bit', 'slug': 'atari-8-bit', 'image': None, 'year_end': None, 'year_start': None, 'games_count': 308, 'image_background': 'https://media.rawg.io/media/screenshots/038/0385a47d3a43b218204268af5361a19e.jpg'}, 'released_at': '1986-01-01', 'requirements': {}}, {'platform': {'id': 34, 'name': 'Atari ST', 'slug': 'atari-st', 'image': None, 'year_end': None, 'year_start': None, 'games_count': 836, 'image_background': 'https://media.rawg.io/media/games/637/637d7dc2f44d0f6ddd3ee2c0b1366962.jpg'}, 'released_at': '1986-01-01', 'requirements': {}}, {'platform': {'id': 41, 'name': 'Apple II', 'slug': 'apple-ii', 'image': None, 'year_end': None, 'year_start': None, 'games_count': 424, 'image_background': 'https://media.rawg.io/media/screenshots/3d2/3d2bb57b39e2efa39d1c385585b2ea8b.jpg'}, 'released_at': '1986-01-01', 'requirements': {}}, {'platform': {'id': 4, 'name': 'PC', 'slug': 'pc', 'image': None, 'year_end': None, 'year_start': None, 'games_count': 547196, 'image_background': 'https://media.rawg.io/media/games/6fc/6fcf4cd3b17c288821388e6085bb0fc9.jpg'}, 'released_at': '1986-01-01', 'requirements': {}}]",[],"[{'id': 27514, 'name': 'Eon Software', 'slug': 'eon-software-inc', 'games_count': 1, 'image_background': 'https://media.rawg.io/media/screenshots/48a/48a7a1a74617606796b64b276d2c264e.jpg'}]","[{'id': 10, 'name': 'Strategy', 'slug': 'strategy', 'games_count': 59661, 'image_background': 'https://media.rawg.io/media/games/08b/08b2eee52a9876a48b955e5149affe5b.jpg'}]","[{'id': 31, 'name': 'Singleplayer', 'slug': 'singleplayer', 'language': 'eng', 'games_count': 238404, 'image_background': 'https://media.rawg.io/media/games/26d/26d4437715bee60138dab4a7c8c59c92.jpg'}, {'id': 418, 'name': '2 players', 'slug': '2-players', 'language': 'eng', 'games_count': 1244, 'image_background': 'https://media.rawg.io/media/screenshots/f9a/f9ac59bb4af2ca2193ee9ffb979577cf.jpg'}]","[{'id': 20571, 'name': 'Don Daglow', 'slug': 'don-daglow', 'games_count': 1, 'image_background': 'https://media.rawg.io/media/screenshots/48a/48a7a1a74617606796b64b276d2c264e.jpg'}]",,"Lords of Conquest is a 1986 strategy video game developed by Eon Software, Inc. (collectively, Bill Eberle, Jack Kittredge, Peter Olotka and Trevor Western) and produced by Don Daglow.",,1.0,5,1.0,2.0,1.0,,,,,,,,,,,,,,,,0.0,,
56663,murder-on-the-mississippi,Murder on the Mississippi,Murder on the Mississippi,"<p>Murder on the Mississippi, fully titled as Murder on the Mississippi: The Adventures of Sir Charles Foxworth, is a 1986 detective adventure game developed and published by Activision for the Commodore 64, Commodore 128 and the Apple II computers. It was also licensed for release exclusively in Japan by Jaleco, who ported the game to the Nintendo Famicom and the MSX2 as Mississippi Satsujin Jiken (ミシシッピー殺人事件, lit. &quot;Mississippi Murder Case&quot;). It is an adventure game in which the player must solve a murder mystery on the luxury ship &quot;Delta Princess&quot;.</p>",,[],1986-10-31,False,2022-11-24T12:59:23,https://media.rawg.io/media/games/ead/ead1b66e87c96f5ee95d3ac42cc4f937.jpg,https://media.rawg.io/media/screenshots/8eb/8eb3e63798067e4d6a4588d593d2a72a.jpg,,0.0,0,"[{'id': 5, 'title': 'exceptional', 'count': 1, 'percent': 50.0}, {'id': 3, 'title': 'meh', 'count': 1, 'percent': 50.0}]",10,0,12,0,5,0,0,,,,,0,0,0,0,2,222,"['Mississippi Murder Case', 'Mississippi Satsujin Jiken', 'ミシシッピー殺人事件']",,0,0,0,,2,0f0f0f,0f0f0f,"[{'platform': {'id': 5, 'name': 'Apple Macintosh', 'slug': 'mac'}}, {'platform': {'id': 7, 'name': 'Nintendo', 'slug': 'nintendo'}}, {'platform': {'id': 10, 'name': 'Commodore / Amiga', 'slug': 'commodore-amiga'}}]","[{'platform': {'id': 166, 'name': 'Commodore / Amiga', 'slug': 'commodore-amiga', 'image': None, 'year_end': None, 'year_start': None, 'games_count': 2083, 'image_background': 'https://media.rawg.io/media/games/cce/cce8bebe861f295003f5a9fe5b11233f.jpg'}, 'released_at': '1986-10-31', 'requirements': {}}, {'platform': {'id': 49, 'name': 'NES', 'slug': 'nes', 'image': None, 'year_end': None, 'year_start': None, 'games_count': 1015, 'image_background': 'https://media.rawg.io/media/games/7c5/7c50dd0415eb0a57505c58d4e50e4d24.jpg'}, 'released_at': '1986-10-31', 'requirements': {}}, {'platform': {'id': 41, 'name': 'Apple II', 'slug': 'apple-ii', 'image': None, 'year_end': None, 'year_start': None, 'games_count': 424, 'image_background': 'https://media.rawg.io/media/screenshots/3d2/3d2bb57b39e2efa39d1c385585b2ea8b.jpg'}, 'released_at': '1986-10-31', 'requirements': {}}]",[],"[{'id': 11, 'name': 'Activision', 'slug': 'activision', 'games_count': 163, 'image_background': 'https://media.rawg.io/media/screenshots/d05/d0524e9b2e276dd9c8351881e897f7c9.jpg'}, {'id': 18965, 'name': 'Tose', 'slug': 'tose', 'games_count': 104, 'image_background': 'https://media.rawg.io/media/screenshots/b99/b99368acaff24dbda444f4ed613fedd1.jpg'}]","[{'id': 3, 'name': 'Adventure', 'slug': 'adventure', 'games_count': 146481, 'image_background': 'https://media.rawg.io/media/games/b6b/b6b20bfc4b34e312dbc8aac53c95a348.jpg'}]","[{'id': 31, 'name': 'Singleplayer', 'slug': 'singleplayer', 'language': 'eng', 'games_count': 238404, 'image_background': 'https://media.rawg.io/media/games/26d/26d4437715bee60138dab4a7c8c59c92.jpg'}]","[{'id': 10830, 'name': 'Activision Blizzard', 'slug': 'activision-blizzard', 'games_count': 691, 'image_background': 'https://media.rawg.io/media/games/445/44507fdd60a8ec02b1c3c64a293ca754.jpg'}, {'id': 10826, 'name': 'Jaleco', 'slug': 'jaleco', 'games_count': 69, 'image_background': 'https://media.rawg.io/media/screenshots/d27/d27f054ac7142ef377af66c62fdb681f.jpg'}]",,"Murder on the Mississippi, fully titled as Murder on the Mississippi: The Adventures of Sir Charles Foxworth, is a 1986 detective adventure game developed and published by Activision for the Commodore 64, Commodore 128 and the Apple II computers. It was also licensed for release exclusively in Japan by Jaleco, who ported the game to the Nintendo Famicom and the MSX2 as Mississippi Satsujin Jiken (ミシシッピー殺人事件, lit. ""Mississippi Murder Case""). It is an adventure game in which the player must solve a murder mystery on the luxury ship ""Delta Princess"".",,,5,2.0,2.0,1.0,,3.0,Teen,teen,,,,,,,,,,,,0.0,,
56675,nosferatu-the-vampyre,Nosferatu the Vampyre,Nosferatu the Vampyre,"<p>Nosferatu the Vampyre is an action game based on the film of the same name and runs on the Amstrad CPC, Commodore 64 and ZX Spectrum computers. It was developed by Design Design and published by Piranha in 1986.</p>",,[],1986-01-01,False,2019-08-28T22:00:21,https://media.rawg.io/media/screenshots/39e/39eacaa7acc19c3624fc968c884072ae.jpg,https://media.rawg.io/media/screenshots/9f8/9f8b9a290267c0d11e0600f434dda52c.jpg,,0.0,0,[],10,0,9,0,0,0,0,,,,,0,0,0,0,0,197,[],,0,0,0,,0,0f0f0f,0f0f0f,"[{'platform': {'id': 10, 'name': 'Commodore / Amiga', 'slug': 'commodore-amiga'}}]","[{'platform': {'id': 166, 'name': 'Commodore / Amiga', 'slug': 'commodore-amiga', 'image': None, 'year_end': None, 'year_start': None, 'games_count': 2083, 'image_background': 'https://media.rawg.io/media/games/cce/cce8bebe861f295003f5a9fe5b11233f.jpg'}, 'released_at': '1986-01-01', 'requirements': {}}]",[],"[{'id': 27545, 'name': 'Design Design', 'slug': 'design-design', 'games_count': 1, 'image_background': 'https://media.rawg.io/media/screenshots/39e/39eacaa7acc19c3624fc968c884072ae.jpg'}]","[{'id': 4, 'name': 'Action', 'slug': 'action', 'games_count': 186608, 'image_background': 'https://media.rawg.io/media/games/618/618c2031a07bbff6b4f611f10b6bcdbc.jpg'}]","[{'id': 31, 'name': 'Singleplayer', 'slug': 'singleplayer', 'language': 'eng', 'games_count': 238404, 'image_background': 'https://media.rawg.io/media/games/26d/26d4437715bee60138dab4a7c8c59c92.jpg'}]","[{'id': 20484, 'name': 'Piranha', 'slug': 'piranha', 'games_count': 2, 'image_background': 'https://media.rawg.io/media/screenshots/39e/39eacaa7acc19c3624fc968c884072ae.jpg'}]",,"Nosferatu the Vampyre is an action game based on the film of the same name and runs on the Amstrad CPC, Commodore 64 and ZX Spectrum computers. It was developed by Design Design and published by Piranha in 1986.",,1.0,5,1.0,2.0,1.0,,,,,,,,,,,,,,,,0.0,,
56357,bobby-bearing,Bobby Bearing,Bobby Bearing,<p>Bobby Bearing is an isometric 3D arcade adventure game released by The Edge in 1986 for the Sinclair Spectrum. It was ported to the Amstrad CPC and Commodore 64 by Trevor Inns.</p>,,[],1986-01-01,False,2019-08-28T22:00:32,https://media.rawg.io/media/screenshots/4bc/4bc11d2555df74b03c52d7352bfe17a1.jpg,https://media.rawg.io/media/screenshots/e8f/e8f8e1c488f4102652c09cb9ca76dbba.jpg,,0.0,0,"[{'id': 1, 'title': 'skip', 'count': 1, 'percent': 100.0}]",10,0,9,0,2,0,0,,,,,0,0,0,0,1,181,[],,0,0,0,,1,0f0f0f,0f0f0f,"[{'platform': {'id': 10, 'name': 'Commodore / Amiga', 'slug': 'commodore-amiga'}}]","[{'platform': {'id': 166, 'name': 'Commodore / Amiga', 'slug': 'commodore-amiga', 'image': None, 'year_end': None, 'year_start': None, 'games_count': 2083, 'image_background': 'https://media.rawg.io/media/games/cce/cce8bebe861f295003f5a9fe5b11233f.jpg'}, 'released_at': '1986-01-01', 'requirements': {}}]",[],[],[],"[{'id': 31, 'name': 'Singleplayer', 'slug': 'singleplayer', 'language': 'eng', 'games_count': 238404, 'image_background': 'https://media.rawg.io/media/games/26d/26d4437715bee60138dab4a7c8c59c92.jpg'}]","[{'id': 20228, 'name': 'Edge Games', 'slug': 'edge-games', 'games_count': 9, 'image_background': 'https://media.rawg.io/media/screenshots/54f/54f9e984187bb6676249fd71e73d3794.jpg'}, {'id': 19741, 'name': 'The Edge', 'slug': 'the-edge', 'games_count': 5, 'image_background': 'https://media.rawg.io/media/screenshots/560/5607659d4c099ea9e47bc4ea558029bc.jpg'}]",,Bobby Bearing is an isometric 3D arcade adventure game released by The Edge in 1986 for the Sinclair Spectrum. It was ported to the Amstrad CPC and Commodore 64 by Trevor Inns.,,,6,2.0,1.0,1.0,,,,,,,,,,,,,,,,0.0,,
55638,xaind-sleena,Xain'd Sleena,Xain'd Sleena,"<p>Xain'd Sleena (ザインドスリーナ) is a two genre Platformer and side-scrolling arcade videogame produced by Technos in 1986. It was licensed for release outside of Japan by Taito who used the title ""Solar-Warrior"" in the USA and ""Soldier of Light"" in Europe.</p>",,[],1986-01-01,False,2019-08-28T22:00:56,https://media.rawg.io/media/screenshots/9a1/9a1cbb6d18a288c6ea35441f9b64fca8.jpg,https://media.rawg.io/media/screenshots/091/0917851908462809b706a375ac54121e.jpg,,0.0,0,"[{'id': 3, 'title': 'meh', 'count': 1, 'percent': 100.0}]",10,0,13,0,0,0,0,,,,,0,0,0,1,0,485,[],,0,0,0,,1,0f0f0f,0f0f0f,"[{'platform': {'id': 9, 'name': 'Atari', 'slug': 'atari'}}, {'platform': {'id': 10, 'name': 'Commodore / Amiga', 'slug': 'commodore-amiga'}}]","[{'platform': {'id': 166, 'name': 'Commodore / Amiga', 'slug': 'commodore-amiga', 'image': None, 'year_end': None, 'year_start': None, 'games_count': 2083, 'image_background': 'https://media.rawg.io/media/games/cce/cce8bebe861f295003f5a9fe5b11233f.jpg'}, 'released_at': '1986-01-01', 'requirements': {}}, {'platform': {'id': 34, 'name': 'Atari ST', 'slug': 'atari-st', 'image': None, 'year_end': None, 'year_start': None, 'games_count': 836, 'image_background': 'https://media.rawg.io/media/games/637/637d7dc2f44d0f6ddd3ee2c0b1366962.jpg'}, 'released_at': '1986-01-01', 'requirements': {}}]",[],"[{'id': 25975, 'name': 'Technōs Japan', 'slug': 'technos-japan-2', 'games_count': 17, 'image_background': 'https://media.rawg.io/media/screenshots/e2a/e2af1fcbd58c3a1ce69f6b4907fab687.jpg'}, {'id': 27200, 'name': 'Technos', 'slug': 'technos-2', 'games_count': 5, 'image_background': 'https://media.rawg.io/media/games/876/8764efc52fba503a00af64a2cd51f66c.jpg'}]","[{'id': 83, 'name': 'Platformer', 'slug': 'platformer', 'games_count': 100869, 'image_background': 'https://media.rawg.io/media/games/f8c/f8c6a262ead4c16b47e1219310210eb3.jpg'}]","[{'id': 31, 'name': 'Singleplayer', 'slug': 'singleplayer', 'language': 'eng', 'games_count': 238404, 'image_background': 'https://media.rawg.io/media/games/26d/26d4437715bee60138dab4a7c8c59c92.jpg'}]","[{'id': 10867, 'name': 'Taito', 'slug': 'taito', 'games_count': 200, 'image_background': 'https://media.rawg.io/media/games/541/541de539db14b477a5ae9973f6ea8193.jpg'}]",,"Xain'd Sleena (ザインドスリーナ) is a two genre Platformer and side-scrolling arcade videogame produced by Technos in 1986. It was licensed for release outside of Japan by Taito who used the title ""Solar-Warrior"" in the USA and ""Soldier of Light"" in Europe.",,,5,2.0,2.0,1.0,,,,,,,,,,,,,,,,0.0,,
53976,ninja-kid,Ninja Kid,Ninja Kid,"<p>Ninja Kid, known in Japan as GeGeGe no Kitaro - Yōkai Daimakyō (ゲゲゲの鬼太郎 妖怪大魔境, GeGeGe no Kitaro: The Evil Yōkai Mirror), is an NES game developed by TOSE and published by Bandai.<br />
The Japanese version was based on the manga series GeGeGe no Kitaro, but the game was changed to the generic &quot;Ninja Kid&quot; and all reference to Kitaro were removed for the American version.<br />
This game was followed by a sequel titled Gegege no Kitarou 2: Youkai Gundan no Chousen, which was released the following year only in Japan also by Bandai; however, that title was a role-playing video game and its plot is unrelated to the original.<br />
It was the eighth best selling Famicom game of 1986, selling 1,250,000 copies.</p>",,[],1986-04-17,False,2022-07-29T13:02:08,https://media.rawg.io/media/games/d57/d575967913975fd524f8c47a26c1a4cf.jpg,https://media.rawg.io/media/screenshots/7e2/7e26f55ffe99eb0a673cc32b6e4ec4c9.jpg,,0.0,0,"[{'id': 3, 'title': 'meh', 'count': 1, 'percent': 100.0}]",10,0,8,0,0,0,0,,,,,0,0,0,0,1,145,"['GeGeGe no Kitaro - Yōkai Daimakyō', 'GeGeGe no Kitaro: The Evil Yōkai Mirror', 'Gegege no Kitaro: Youkai Daimakyou', 'ゲゲゲの鬼太郎 妖怪大魔境']",,0,0,0,,1,0f0f0f,0f0f0f,"[{'platform': {'id': 7, 'name': 'Nintendo', 'slug': 'nintendo'}}]","[{'platform': {'id': 49, 'name': 'NES', 'slug': 'nes', 'image': None, 'year_end': None, 'year_start': None, 'games_count': 1015, 'image_background': 'https://media.rawg.io/media/games/7c5/7c50dd0415eb0a57505c58d4e50e4d24.jpg'}, 'released_at': '1986-04-17', 'requirements': {}}]",[],"[{'id': 18965, 'name': 'Tose', 'slug': 'tose', 'games_count': 104, 'image_background': 'https://media.rawg.io/media/screenshots/b99/b99368acaff24dbda444f4ed613fedd1.jpg'}, {'id': 25953, 'name': 'Tose Co.', 'slug': 'tose-co', 'games_count': 48, 'image_background': 'https://media.rawg.io/media/games/9aa/9aabe0a6f09a76901f0b8e2e9999333b.jpg'}]","[{'id': 4, 'name': 'Action', 'slug': 'action', 'games_count': 186608, 'image_background': 'https://media.rawg.io/media/games/618/618c2031a07bbff6b4f611f10b6bcdbc.jpg'}]","[{'id': 31, 'name': 'Singleplayer', 'slug': 'singleplayer', 'language': 'eng', 'games_count': 238404, 'image_background': 'https://media.rawg.io/media/games/26d/26d4437715bee60138dab4a7c8c59c92.jpg'}]","[{'id': 8352, 'name': 'Bandai Namco Entertainment', 'slug': 'bandai-namco-entertainment', 'games_count': 604, 'image_background': 'https://media.rawg.io/media/games/b92/b924c4beeed6617201d5d91511cfcf8e.jpg'}, {'id': 11287, 'name': 'Bandai', 'slug': 'bandai', 'games_count': 212, 'image_background': 'https://media.rawg.io/media/games/dea/dea3ffd2ee465017a545b240a8fe63bb.jpg'}]",,"Ninja Kid, known in Japan as GeGeGe no Kitaro - Yōkai Daimakyō (ゲゲゲの鬼太郎 妖怪大魔境, GeGeGe no Kitaro: The Evil Yōkai Mirror), is an NES game developed by TOSE and published by Bandai.
The Japanese version was based on the manga series GeGeGe no Kitaro, but the game was changed to the generic ""Ninja Kid"" and all reference to Kitaro were removed for the American version.
This game was followed by a sequel titled Gegege no Kitarou 2: Youkai Gundan no Chousen, which was released the following year only in Japan also by Bandai; however, that title was a role-playing video game and its plot is unrelated to the original.
It was the eighth best selling Famicom game of 1986, selling 1,250,000 copies.",,,5,1.0,3.0,1.0,,1.0,Everyone,everyone,,,,,,,,,,,,0.0,,
54985,brataccas,Brataccas,Brataccas,"<p>Brataccas is a video game released in 1986 for the Amiga, Atari ST, and Macintosh, and was the first game published by Psygnosis. It is a science fiction action-adventure game, with role-playing game elements.</p>
<p>Brataccas is believed to be the remains of the much hyped vaporware project Bandersnatch, which was partially developed by Imagine Software. Having been talked about in the press for some time before finally emerging, Brataccas saw considerable coverage in the computer press. It was generally reviewed poorly due to significant control problems, although the graphics were widely praised.</p>",,[],1986-01-01,False,2019-08-28T22:01:16,https://media.rawg.io/media/screenshots/c5f/c5ff92d71d7d35d2b1c9ff1d8e944705.jpg,https://media.rawg.io/media/screenshots/0e3/0e3ef75054782468a8e0e2f10b553659.jpg,,0.0,0,[],10,0,7,0,0,0,0,,,,,0,0,0,0,0,182,[],,0,0,0,,0,0f0f0f,0f0f0f,"[{'platform': {'id': 5, 'name': 'Apple Macintosh', 'slug': 'mac'}}, {'platform': {'id': 9, 'name': 'Atari', 'slug': 'atari'}}, {'platform': {'id': 10, 'name': 'Commodore / Amiga', 'slug': 'commodore-amiga'}}]","[{'platform': {'id': 166, 'name': 'Commodore / Amiga', 'slug': 'commodore-amiga', 'image': None, 'year_end': None, 'year_start': None, 'games_count': 2083, 'image_background': 'https://media.rawg.io/media/games/cce/cce8bebe861f295003f5a9fe5b11233f.jpg'}, 'released_at': '1986-01-01', 'requirements': {}}, {'platform': {'id': 34, 'name': 'Atari ST', 'slug': 'atari-st', 'image': None, 'year_end': None, 'year_start': None, 'games_count': 836, 'image_background': 'https://media.rawg.io/media/games/637/637d7dc2f44d0f6ddd3ee2c0b1366962.jpg'}, 'released_at': '1986-01-01', 'requirements': {}}, {'platform': {'id': 55, 'name': 'Classic Macintosh', 'slug': 'macintosh', 'image': None, 'year_end': None, 'year_start': None, 'games_count': 675, 'image_background': 'https://media.rawg.io/media/games/38a/38af969459ad6e5de116ec8a4a84218c.jpg'}, 'released_at': '1986-01-01', 'requirements': {}}]",[],"[{'id': 18467, 'name': 'SCE Studio Liverpool', 'slug': 'sce-studio-liverpool', 'games_count': 31, 'image_background': 'https://media.rawg.io/media/screenshots/2dc/2dc1c4b9c7a64127b501c734789dbf48.jpg'}, {'id': 14573, 'name': 'Psygnosis', 'slug': 'psygnosis', 'games_count': 49, 'image_background': 'https://media.rawg.io/media/screenshots/bf7/bf7768c949dea24d41a5171718845a8e.jpg'}]",[],"[{'id': 31, 'name': 'Singleplayer', 'slug': 'singleplayer', 'language': 'eng', 'games_count': 238404, 'image_background': 'https://media.rawg.io/media/games/26d/26d4437715bee60138dab4a7c8c59c92.jpg'}]","[{'id': 10943, 'name': 'MINDSCAPE', 'slug': 'mindscape', 'games_count': 108, 'image_background': 'https://media.rawg.io/media/screenshots/0b1/0b12ddf58af6047922a20dd0d310ad18.jpg'}, {'id': 11444, 'name': 'Psygnosis', 'slug': 'psygnosis', 'games_count': 125, 'image_background': 'https://media.rawg.io/media/screenshots/1c5/1c5ba109ce945656f70c13f734876bdd.jpg'}]",,"Brataccas is a video game released in 1986 for the Amiga, Atari ST, and Macintosh, and was the first game published by Psygnosis. It is a science fiction action-adventure game, with role-playing game elements.
Brataccas is believed to be the remains of the much hyped vaporware project Bandersnatch, which was partially developed by Imagine Software. Having been talked about in the press for some time before finally emerging, Brataccas saw considerable coverage in the computer press. It was generally reviewed poorly due to significant control problems, although the graphics were widely praised.",,,7,1.0,1.0,1.0,,,,,,,,,,,,,,,,0.0,,
56358,bombo,Bombo,Bombo,"<p>Bombo is a British computer game published by Rino for the Commodore 64, released in 1986. It is a clone of the arcarde game Mighty Bomb Jack, the official C64 port of which was released earlier the same year.</p>
<p>The music was made by Ben Daglish. One of the songs is based on The Hootchy Kootchy Dance.</p>",,[],1986-01-01,False,2019-08-28T22:25:59,https://media.rawg.io/media/screenshots/d2d/d2d24767abdc074eef620d63c70bd9ad.jpg,https://media.rawg.io/media/screenshots/34d/34d74761ec8159150b30ab192dd00b0e.jpg,,0.0,0,[],10,0,6,0,0,0,0,,,,,0,0,0,0,0,98,[],,0,0,0,,0,0f0f0f,0f0f0f,"[{'platform': {'id': 10, 'name': 'Commodore / Amiga', 'slug': 'commodore-amiga'}}]","[{'platform': {'id': 166, 'name': 'Commodore / Amiga', 'slug': 'commodore-amiga', 'image': None, 'year_end': None, 'year_start': None, 'games_count': 2083, 'image_background': 'https://media.rawg.io/media/games/cce/cce8bebe861f295003f5a9fe5b11233f.jpg'}, 'released_at': '1986-01-01', 'requirements': {}}]",[],[],[],"[{'id': 31, 'name': 'Singleplayer', 'slug': 'singleplayer', 'language': 'eng', 'games_count': 238404, 'image_background': 'https://media.rawg.io/media/games/26d/26d4437715bee60138dab4a7c8c59c92.jpg'}]","[{'id': 20499, 'name': 'Rino', 'slug': 'rino', 'games_count': 1, 'image_background': 'https://media.rawg.io/media/screenshots/d2d/d2d24767abdc074eef620d63c70bd9ad.jpg'}]",,"Bombo is a British computer game published by Rino for the Commodore 64, released in 1986. It is a clone of the arcarde game Mighty Bomb Jack, the official C64 port of which was released earlier the same year.
The music was made by Ben Daglish. One of the songs is based on The Hootchy Kootchy Dance.",,,5,2.0,2.0,1.0,,,,,,,,,,,,,,,,0.0,,
56497,future-knight,Future Knight,Future Knight,<p>Future Knight is a video game released by Gremlin Graphics in 1986 for several home computer systems.</p>,,[],1986-01-01,False,2019-08-28T22:00:27,https://media.rawg.io/media/screenshots/891/891e765c8600745e95e97dc5501a6dfc.jpg,https://media.rawg.io/media/screenshots/817/817f898cde9a641e47eac7a26cbec872.jpg,,0.0,0,[],10,0,10,0,1,0,0,,,,,0,0,0,0,0,340,[],,0,0,0,,0,0f0f0f,0f0f0f,"[{'platform': {'id': 10, 'name': 'Commodore / Amiga', 'slug': 'commodore-amiga'}}]","[{'platform': {'id': 166, 'name': 'Commodore / Amiga', 'slug': 'commodore-amiga', 'image': None, 'year_end': None, 'year_start': None, 'games_count': 2083, 'image_background': 'https://media.rawg.io/media/games/cce/cce8bebe861f295003f5a9fe5b11233f.jpg'}, 'released_at': '1986-01-01', 'requirements': {}}]",[],"[{'id': 12126, 'name': 'Gremlin Interactive', 'slug': 'gremlin-interactive', 'games_count': 62, 'image_background': 'https://media.rawg.io/media/screenshots/8f7/8f7c2c06c592b6a3128d22c0e452fe88.jpg'}, {'id': 14786, 'name': 'Gremlin Graphics', 'slug': 'gremlin-graphics', 'games_count': 42, 'image_background': 'https://media.rawg.io/media/games/8e3/8e3e1b2953d178d200b2c74be6de9b25.jpg'}]",[],"[{'id': 31, 'name': 'Singleplayer', 'slug': 'singleplayer', 'language': 'eng', 'games_count': 238404, 'image_background': 'https://media.rawg.io/media/games/26d/26d4437715bee60138dab4a7c8c59c92.jpg'}]","[{'id': 11477, 'name': 'Gremlin Interactive', 'slug': 'gremlin-interactive', 'games_count': 58, 'image_background': 'https://media.rawg.io/media/games/885/8858877b10b705b4fcd9c0fc7946f4c7.jpg'}, {'id': 11956, 'name': 'Gremlin Graphics', 'slug': 'gremlin-graphics', 'games_count': 38, 'image_background': 'https://media.rawg.io/media/screenshots/05f/05fc758450ac0061ba8146ea557add01.jpg'}]",,Future Knight is a video game released by Gremlin Graphics in 1986 for several home computer systems.,,,5,2.0,2.0,1.0,,,,,,,,,,,,,,,,0.0,,
56754,sanxion,Sanxion,Sanxion,"<p>Sanxion is a 1986 side-scrolling shoot 'em up by Thalamus Ltd., developed by Stavros Fasoulas, along with Delta, another shoot 'em up, and Quedex. It was the first game released by Thalamus.</p>",,[],1986-01-01,False,2019-08-28T22:00:19,https://media.rawg.io/media/screenshots/f8b/f8b8650a38467fbe894ccaa39452b2d0.jpg,https://media.rawg.io/media/screenshots/974/9740d33e5fbe359ee8aa583b50a6f405.jpg,,0.0,0,[],10,0,8,0,2,0,0,,,,,0,0,0,0,0,225,[],,0,0,0,,0,0f0f0f,0f0f0f,"[{'platform': {'id': 10, 'name': 'Commodore / Amiga', 'slug': 'commodore-amiga'}}]","[{'platform': {'id': 166, 'name': 'Commodore / Amiga', 'slug': 'commodore-amiga', 'image': None, 'year_end': None, 'year_start': None, 'games_count': 2083, 'image_background': 'https://media.rawg.io/media/games/cce/cce8bebe861f295003f5a9fe5b11233f.jpg'}, 'released_at': '1986-01-01', 'requirements': {}}]",[],"[{'id': 27560, 'name': 'Thalamus', 'slug': 'thalamus', 'games_count': 2, 'image_background': 'https://media.rawg.io/media/screenshots/f8b/f8b8650a38467fbe894ccaa39452b2d0.jpg'}]",[],"[{'id': 31, 'name': 'Singleplayer', 'slug': 'singleplayer', 'language': 'eng', 'games_count': 238404, 'image_background': 'https://media.rawg.io/media/games/26d/26d4437715bee60138dab4a7c8c59c92.jpg'}]","[{'id': 20558, 'name': 'Thalamus', 'slug': 'thalamus', 'games_count': 4, 'image_background': 'https://media.rawg.io/media/screenshots/bf4/bf42a1148e01c4479854624e666b1069.jpg'}]",,"Sanxion is a 1986 side-scrolling shoot 'em up by Thalamus Ltd., developed by Stavros Fasoulas, along with Delta, another shoot 'em up, and Quedex. It was the first game released by Thalamus.",,,5,2.0,2.0,1.0,,,,,,,,,,,,,,,,0.0,,
55711,wec-le-mans,WEC Le Mans,WEC Le Mans,"<p>WEC Le Mans is a racing simulation arcade game released in 1986 by Konami. It was the first racing video game to depict the 24 Hours of Le Mans. The Lap of Le Mans is split up into three sections, during which the time of day changes from day to dusk, dusk to night, and night to dawn.</p>",,[],1986-01-01,False,2019-01-09T12:41:06,https://media.rawg.io/media/screenshots/310/3109ed1392af88e3bc8828092609e93f.jpg,https://media.rawg.io/media/screenshots/af3/af3e66915b2abb7bf8724eae3bb3d936.jpg,,0.0,0,[],10,0,10,0,0,0,0,,,,,0,0,0,0,0,313,[],,0,0,0,,0,0f0f0f,0f0f0f,"[{'platform': {'id': 10, 'name': 'Commodore / Amiga', 'slug': 'commodore-amiga'}}]","[{'platform': {'id': 166, 'name': 'Commodore / Amiga', 'slug': 'commodore-amiga', 'image': None, 'year_end': None, 'year_start': None, 'games_count': 2083, 'image_background': 'https://media.rawg.io/media/games/cce/cce8bebe861f295003f5a9fe5b11233f.jpg'}, 'released_at': '1986-01-01', 'requirements': {}}]",[],"[{'id': 1971, 'name': 'Konami Digital Entertainment', 'slug': 'konami-digital-entertainment', 'games_count': 467, 'image_background': 'https://media.rawg.io/media/games/d56/d56412cd670313ef306da64669c381d8.jpg'}, {'id': 27228, 'name': 'Alpha\xa0Denshi', 'slug': 'alpha-denshi', 'games_count': 2, 'image_background': 'https://media.rawg.io/media/screenshots/310/3109ed1392af88e3bc8828092609e93f.jpg'}, {'id': 27227, 'name': 'Technostar/Coreland', 'slug': 'technostarcoreland', 'games_count': 1, 'image_background': 'https://media.rawg.io/media/screenshots/310/3109ed1392af88e3bc8828092609e93f.jpg'}]",[],"[{'id': 1652, 'name': 'night', 'slug': 'night', 'language': 'eng', 'games_count': 4490, 'image_background': 'https://media.rawg.io/media/screenshots/689/68982c8e9f02b077c1b9bdc25fe6a87a.jpg'}]","[{'id': 10691, 'name': 'Konami', 'slug': 'konami', 'games_count': 788, 'image_background': 'https://media.rawg.io/media/games/85e/85e4c8a78cf9b82b5ed19262fe00c00f.jpg'}]",,"WEC Le Mans is a racing simulation arcade game released in 1986 by Konami. It was the first racing video game to depict the 24 Hours of Le Mans. The Lap of Le Mans is split up into three sections, during which the time of day changes from day to dusk, dusk to night, and night to dawn.",,,6,1.0,2.0,1.0,,,,,,,,,,,,,,,,0.0,,
56368,brian-jacks-uchi-mata,Brian Jacks Uchi Mata,Brian Jacks Uchi Mata,"<p>Brian Jacks Uchi Mata (or just Uchi Mata) is a judo fighting game released for various home computers, sold on the name of British Olympic judoka Brian Jacks. It's the first fighting game to feature counters and hidden moves.</p>",,[],1986-01-01,False,2019-08-28T22:00:31,,,,0.0,0,[],10,0,0,0,0,0,0,,,,,0,0,0,0,0,0,[],,0,0,0,,0,0f0f0f,0f0f0f,"[{'platform': {'id': 10, 'name': 'Commodore / Amiga', 'slug': 'commodore-amiga'}}]","[{'platform': {'id': 166, 'name': 'Commodore / Amiga', 'slug': 'commodore-amiga', 'image': None, 'year_end': None, 'year_start': None, 'games_count': 2083, 'image_background': 'https://media.rawg.io/media/games/cce/cce8bebe861f295003f5a9fe5b11233f.jpg'}, 'released_at': '1986-01-01', 'requirements': {}}]",[],"[{'id': 27405, 'name': 'Andy Walker', 'slug': 'andy-walker', 'games_count': 1, 'image_background': ''}, {'id': 27406, 'name': 'Paul Hodgson', 'slug': 'paul-hodgson', 'games_count': 1, 'image_background': ''}]","[{'id': 15, 'name': 'Sports', 'slug': 'sports', 'games_count': 22123, 'image_background': 'https://media.rawg.io/media/games/5eb/5eb49eb2fa0738fdb5bacea557b1bc57.jpg'}, {'id': 6, 'name': 'Fighting', 'slug': 'fighting', 'games_count': 11763, 'image_background': 'https://media.rawg.io/media/games/35b/35b47c4d85cd6e08f3e2ca43ea5ce7bb.jpg'}]","[{'id': 31, 'name': 'Singleplayer', 'slug': 'singleplayer', 'language': 'eng', 'games_count': 238404, 'image_background': 'https://media.rawg.io/media/games/26d/26d4437715bee60138dab4a7c8c59c92.jpg'}, {'id': 7, 'name': 'Multiplayer', 'slug': 'multiplayer', 'language': 'eng', 'games_count': 40505, 'image_background': 'https://media.rawg.io/media/games/021/021c4e21a1824d2526f925eff6324653.jpg'}]","[{'id': 20262, 'name': 'Martech', 'slug': 'martech', 'games_count': 7, 'image_background': 'https://media.rawg.io/media/screenshots/26b/26b4986f8b81237f8da48e7baa2d5e0e.jpg'}]",,"Brian Jacks Uchi Mata (or just Uchi Mata) is a judo fighting game released for various home computers, sold on the name of British Olympic judoka Brian Jacks. It's the first fighting game to feature counters and hidden moves.",,,5,2.0,2.0,1.0,,,,,,,,,,,,,,,,0.0,,
57948,uuno-turhapuro-muuttaa-maalle,Uuno Turhapuro muuttaa maalle,Uuno Turhapuro muuttaa maalle,"<p>Uuno Turhapuro muuttaa maalle is a side-scrolling video game, available for the Commodore 64. It was developed by the Finnish programmer Pasi Hytönen in 1986 and published by Amersoft, one of the first game publishers in Finland.</p>
<p>The game is based on the popular Finnish comedy character Uuno Turhapuro (Numbskull Emptybrook), created by Spede Pasanen and played by the actor Vesa-Matti Loiri. The game was released in the same year as the movie with the same name. Uuno Turhapuro muuttaa maalle was the first Finnish game based on a movie license.</p>",,[],1986-01-01,False,2024-12-17T04:01:22,https://media.rawg.io/media/screenshots/e9a/e9aa8761300bf4865be57aefd05f202e.jpg,https://media.rawg.io/media/screenshots/dfe/dfe534ee946bfa8c962a45cdc2fce65e.jpg,,0.0,0,"[{'id': 5, 'title': 'exceptional', 'count': 1, 'percent': 100.0}]",10,0,7,0,4,0,0,,,,,0,0,0,0,1,151,[],,0,0,0,,1,0f0f0f,0f0f0f,"[{'platform': {'id': 10, 'name': 'Commodore / Amiga', 'slug': 'commodore-amiga'}}]","[{'platform': {'id': 166, 'name': 'Commodore / Amiga', 'slug': 'commodore-amiga', 'image': None, 'year_end': None, 'year_start': None, 'games_count': 2083, 'image_background': 'https://media.rawg.io/media/games/cce/cce8bebe861f295003f5a9fe5b11233f.jpg'}, 'released_at': '1986-01-01', 'requirements': {}}]",[],"[{'id': 27863, 'name': 'Pasi Hytönen', 'slug': 'pasi-hytonen', 'games_count': 1, 'image_background': 'https://media.rawg.io/media/screenshots/e9a/e9aa8761300bf4865be57aefd05f202e.jpg'}]",[],"[{'id': 31, 'name': 'Singleplayer', 'slug': 'singleplayer', 'language': 'eng', 'games_count': 238404, 'image_background': 'https://media.rawg.io/media/games/26d/26d4437715bee60138dab4a7c8c59c92.jpg'}]","[{'id': 20837, 'name': 'Amersoft', 'slug': 'amersoft', 'games_count': 1, 'image_background': 'https://media.rawg.io/media/screenshots/e9a/e9aa8761300bf4865be57aefd05f202e.jpg'}]",,"Uuno Turhapuro muuttaa maalle is a side-scrolling video game, available for the Commodore 64. It was developed by the Finnish programmer Pasi Hytönen in 1986 and published by Amersoft, one of the first game publishers in Finland.
The game is based on the popular Finnish comedy character Uuno Turhapuro (Numbskull Emptybrook), created by Spede Pasanen and played by the actor Vesa-Matti Loiri. The game was released in the same year as the movie with the same name. Uuno Turhapuro muuttaa maalle was the first Finnish game based on a movie license.",,,6,1.0,2.0,1.0,,,,,,,,,,,,,,,,0.0,,
53932,magmax,MagMax,MagMax,"<p>MagMax (マグマックス, Magumakkusu) is an arcade game which was developed by Nihon Bussan and released in 1985 under its brand Nichibutsu. A horizontal scrolling shooter, players control the title hover ship in an attempt to completely construct the ship into a giant robot and to destroy any enemies attempting to stop it.</p>
<p>The three-headed mechanical dragon found as a boss character in the game, known as Babylon, strongly resembles Mecha-King Ghidorah from the Godzilla franchise.</p>",,[],1986-03-18,False,2019-01-09T12:41:06,https://media.rawg.io/media/screenshots/10c/10cd0115664d2927d9773a72aff25898.jpg,https://media.rawg.io/media/screenshots/cf7/cf74c577e3898690d9c1af68460fe027.jpg,,0.0,0,"[{'id': 3, 'title': 'meh', 'count': 1, 'percent': 100.0}]",10,0,10,0,0,0,0,,,,,0,0,0,0,1,361,[],,0,0,0,,1,0f0f0f,0f0f0f,"[{'platform': {'id': 2, 'name': 'PlayStation', 'slug': 'playstation'}}, {'platform': {'id': 7, 'name': 'Nintendo', 'slug': 'nintendo'}}, {'platform': {'id': 10, 'name': 'Commodore / Amiga', 'slug': 'commodore-amiga'}}]","[{'platform': {'id': 10, 'name': 'Wii U', 'slug': 'wii-u', 'image': None, 'year_end': None, 'year_start': None, 'games_count': 1114, 'image_background': 'https://media.rawg.io/media/games/85c/85c8ae70e7cdf0105f06ef6bdce63b8b.jpg'}, 'released_at': '1986-03-18', 'requirements': {}}, {'platform': {'id': 18, 'name': 'PlayStation 4', 'slug': 'playstation4', 'image': None, 'year_end': None, 'year_start': None, 'games_count': 6916, 'image_background': 'https://media.rawg.io/media/games/f46/f466571d536f2e3ea9e815ad17177501.jpg'}, 'released_at': '1986-03-18', 'requirements': {}}, {'platform': {'id': 49, 'name': 'NES', 'slug': 'nes', 'image': None, 'year_end': None, 'year_start': None, 'games_count': 1015, 'image_background': 'https://media.rawg.io/media/games/7c5/7c50dd0415eb0a57505c58d4e50e4d24.jpg'}, 'released_at': '1986-03-18', 'requirements': {}}, {'platform': {'id': 166, 'name': 'Commodore / Amiga', 'slug': 'commodore-amiga', 'image': None, 'year_end': None, 'year_start': None, 'games_count': 2083, 'image_background': 'https://media.rawg.io/media/games/cce/cce8bebe861f295003f5a9fe5b11233f.jpg'}, 'released_at': '1986-03-18', 'requirements': {}}]",[],"[{'id': 14487, 'name': 'Ocean Software', 'slug': 'ocean-software', 'games_count': 55, 'image_background': 'https://media.rawg.io/media/screenshots/7b7/7b7c5b47f8977e11526b1021b9f40d67.jpg'}, {'id': 25940, 'name': 'Nihon Bussan', 'slug': 'nihon-bussan', 'games_count': 9, 'image_background': 'https://media.rawg.io/media/games/981/981caf7a64217f036e8810ff940cfa72.jpg'}]",[],"[{'id': 197, 'name': 'Robots', 'slug': 'robots', 'language': 'eng', 'games_count': 8570, 'image_background': 'https://media.rawg.io/media/games/e07/e07737df8469bf32d132ba9eaffc3461.jpg'}, {'id': 808, 'name': 'character', 'slug': 'character', 'language': 'eng', 'games_count': 8871, 'image_background': 'https://media.rawg.io/media/games/43f/43ff0ac9538f82b00fb3b47d186bd46b.jpg'}, {'id': 3046, 'name': 'destroy', 'slug': 'destroy', 'language': 'eng', 'games_count': 4618, 'image_background': 'https://media.rawg.io/media/screenshots/c84/c841102a515d24777f91b4861a84fb5b.jpg'}, {'id': 1505, 'name': 'ship', 'slug': 'ship', 'language': 'eng', 'games_count': 2794, 'image_background': 'https://media.rawg.io/media/games/e74/e74458058b35e01c1ae3feeb39a3f724.jpg'}, {'id': 5899, 'name': 'construct', 'slug': 'construct', 'language': 'eng', 'games_count': 1115, 'image_background': 'https://media.rawg.io/media/screenshots/e7c/e7cdad9636379e6d6b7e5e1df618a045.jpg'}]","[{'id': 19875, 'name': 'Fujisankei Communications International', 'slug': 'fujisankei-communications-international', 'games_count': 22, 'image_background': 'https://media.rawg.io/media/screenshots/4e6/4e6d15aeb9aa0ac9ad3d8fa883edadc7.jpg'}, {'id': 19864, 'name': 'Imagine Software', 'slug': 'imagine-software', 'games_count': 16, 'image_background': 'https://media.rawg.io/media/screenshots/f7b/f7b58fc768c19977174c96a0acd2dbfb.jpg'}, {'id': 19410, 'name': 'Nichibutsu', 'slug': 'nichibutsu', 'games_count': 5, 'image_background': 'https://media.rawg.io/media/screenshots/10c/10cd0115664d2927d9773a72aff25898.jpg'}]",,"MagMax (マグマックス, Magumakkusu) is an arcade game which was developed by Nihon Bussan and released in 1985 under its brand Nichibutsu. A horizontal scrolling shooter, players control the title hover ship in an attempt to completely construct the ship into a giant robot and to destroy any enemies attempting to stop it.
The three-headed mechanical dragon found as a boss character in the game, known as Babylon, strongly resembles Mecha-King Ghidorah from the Godzilla franchise.",,1.0,5,1.0,2.0,1.0,,,,,,,,,,,,,,,,0.0,,
264688,king-kong-2-ikari-no-megaton-punch,King Kong 2: Ikari no Megaton Punch,King Kong 2: Ikari no Megaton Punch,<p>ing Kong 2 - Ikari no Megaton Punch (キングコング2 怒りのメガトンパンチ) is a Action video game published by Konami released on 1986 for the NES.</p>,,[],1986-12-18,False,2024-10-28T11:26:17,https://media.rawg.io/media/games/243/243520df494e9be19f324100c0d7c906.jpg,https://media.rawg.io/media/screenshots/f4d/f4d3d41f4310f0bd3dcb1cf4c71f2ed2.jpg,,0.0,0,"[{'id': 4, 'title': 'recommended', 'count': 1, 'percent': 33.33}, {'id': 3, 'title': 'meh', 'count': 1, 'percent': 33.33}, {'id': 1, 'title': 'skip', 'count': 1, 'percent': 33.33}]",10,0,11,0,4,0,0,,,,,0,0,0,0,3,171,['キングコング2 怒りのメガトンパンチ'],,0,0,5,,3,0f0f0f,0f0f0f,"[{'platform': {'id': 7, 'name': 'Nintendo', 'slug': 'nintendo'}}]","[{'platform': {'id': 49, 'name': 'NES', 'slug': 'nes', 'image': None, 'year_end': None, 'year_start': None, 'games_count': 1015, 'image_background': 'https://media.rawg.io/media/games/7c5/7c50dd0415eb0a57505c58d4e50e4d24.jpg'}, 'released_at': '1986-12-18', 'requirements': {}}]",[],"[{'id': 1971, 'name': 'Konami Digital Entertainment', 'slug': 'konami-digital-entertainment', 'games_count': 467, 'image_background': 'https://media.rawg.io/media/games/d56/d56412cd670313ef306da64669c381d8.jpg'}]","[{'id': 4, 'name': 'Action', 'slug': 'action', 'games_count': 186608, 'image_background': 'https://media.rawg.io/media/games/618/618c2031a07bbff6b4f611f10b6bcdbc.jpg'}]",[],"[{'id': 10691, 'name': 'Konami', 'slug': 'konami', 'games_count': 788, 'image_background': 'https://media.rawg.io/media/games/85e/85e4c8a78cf9b82b5ed19262fe00c00f.jpg'}]",,ing Kong 2 - Ikari no Megaton Punch (キングコング2 怒りのメガトンパンチ) is a Action video game published by Konami released on 1986 for the NES.,,1.0,5,2.0,1.0,1.0,,3.0,Teen,teen,,,,,,,,,,,,0.0,,
56277,game-381,180,180,"<p>180 is a darts video game released for the ZX Spectrum, Commodore 64, Amstrad CPC, Atari 8-bit family and MSX.</p>",,[],1986-01-01,False,2019-08-28T22:26:00,https://media.rawg.io/media/screenshots/9d9/9d9a3b09006e78a8eef3f63f3ad58628.jpg,https://media.rawg.io/media/screenshots/945/945e31817ae66bd18c851c71fee72610.jpg,,0.0,0,[],10,0,8,0,4,0,0,,,,,0,0,0,0,0,106,[],,0,0,0,,0,0f0f0f,0f0f0f,"[{'platform': {'id': 10, 'name': 'Commodore / Amiga', 'slug': 'commodore-amiga'}}]","[{'platform': {'id': 166, 'name': 'Commodore / Amiga', 'slug': 'commodore-amiga', 'image': None, 'year_end': None, 'year_start': None, 'games_count': 2083, 'image_background': 'https://media.rawg.io/media/games/cce/cce8bebe861f295003f5a9fe5b11233f.jpg'}, 'released_at': '1986-01-01', 'requirements': {}}]",[],[],"[{'id': 15, 'name': 'Sports', 'slug': 'sports', 'games_count': 22123, 'image_background': 'https://media.rawg.io/media/games/5eb/5eb49eb2fa0738fdb5bacea557b1bc57.jpg'}]","[{'id': 31, 'name': 'Singleplayer', 'slug': 'singleplayer', 'language': 'eng', 'games_count': 238404, 'image_background': 'https://media.rawg.io/media/games/26d/26d4437715bee60138dab4a7c8c59c92.jpg'}, {'id': 7, 'name': 'Multiplayer', 'slug': 'multiplayer', 'language': 'eng', 'games_count': 40505, 'image_background': 'https://media.rawg.io/media/games/021/021c4e21a1824d2526f925eff6324653.jpg'}, {'id': 486, 'name': 'versus', 'slug': 'versus', 'language': 'eng', 'games_count': 1796, 'image_background': 'https://media.rawg.io/media/screenshots/27a/27ab5d706a13441faad8d02148dff5ae.jpg'}]","[{'id': 4799, 'name': 'Mastertronic', 'slug': 'mastertronic', 'games_count': 72, 'image_background': 'https://media.rawg.io/media/screenshots/bb4/bb424afaf45c23f5893753ab1c1eca27.jpg'}, {'id': 20470, 'name': 'Mastertronic Added Dimension', 'slug': 'mastertronic-added-dimension', 'games_count': 2, 'image_background': 'https://media.rawg.io/media/screenshots/1e2/1e274cee7491995d8f1c0cce63d0b4c9.jpg'}]",,"180 is a darts video game released for the ZX Spectrum, Commodore 64, Amstrad CPC, Atari 8-bit family and MSX.",,,6,1.0,2.0,1.0,,,,,,,,,,,,,,,,0.0,,
56311,arac,Arac,Arac,"<p>Arac (known in its American releases as Spiderbot) is a side-view action-adventure platform game first released for the Commodore 64 in 1986, and subsequently ported to the Amstrad CPC, Apple II, and MS-DOS.</p>",,[],1986-01-01,False,2019-08-28T22:00:33,https://media.rawg.io/media/screenshots/5ea/5ea0aea9c547c30b9ce08532254869aa.jpg,https://media.rawg.io/media/screenshots/297/2976471cf2cfd1703df2e0b9a47630b9.jpg,,0.0,0,[],10,0,9,0,1,0,0,,,,,0,0,0,0,0,203,[],,0,0,0,,0,0f0f0f,0f0f0f,"[{'platform': {'id': 5, 'name': 'Apple Macintosh', 'slug': 'mac'}}, {'platform': {'id': 10, 'name': 'Commodore / Amiga', 'slug': 'commodore-amiga'}}]","[{'platform': {'id': 166, 'name': 'Commodore / Amiga', 'slug': 'commodore-amiga', 'image': None, 'year_end': None, 'year_start': None, 'games_count': 2083, 'image_background': 'https://media.rawg.io/media/games/cce/cce8bebe861f295003f5a9fe5b11233f.jpg'}, 'released_at': '1986-01-01', 'requirements': {}}, {'platform': {'id': 41, 'name': 'Apple II', 'slug': 'apple-ii', 'image': None, 'year_end': None, 'year_start': None, 'games_count': 424, 'image_background': 'https://media.rawg.io/media/screenshots/3d2/3d2bb57b39e2efa39d1c385585b2ea8b.jpg'}, 'released_at': '1986-01-01', 'requirements': {}}]",[],"[{'id': 27365, 'name': ""Paul O'Malley"", 'slug': 'paul-omalley', 'games_count': 1, 'image_background': 'https://media.rawg.io/media/screenshots/5ea/5ea0aea9c547c30b9ce08532254869aa.jpg'}]",[],"[{'id': 31, 'name': 'Singleplayer', 'slug': 'singleplayer', 'language': 'eng', 'games_count': 238404, 'image_background': 'https://media.rawg.io/media/games/26d/26d4437715bee60138dab4a7c8c59c92.jpg'}]","[{'id': 20227, 'name': 'Addictive Games', 'slug': 'addictive-games', 'games_count': 5, 'image_background': 'https://media.rawg.io/media/screenshots/fd2/fd219310c0a349063da11e9b296a4498.jpg'}]",,"Arac (known in its American releases as Spiderbot) is a side-view action-adventure platform game first released for the Commodore 64 in 1986, and subsequently ported to the Amstrad CPC, Apple II, and MS-DOS.",,,5,2.0,2.0,1.0,,,,,,,,,,,,,,,,0.0,,
56484,firelord,Firelord,Firelord,"<p>Firelord is an action-adventure game released in 1986 for ZX Spectrum, Amstrad CPC and Commodore 64 by Hewson Consultants.</p>",,[],1986-01-01,False,2019-08-28T22:00:27,https://media.rawg.io/media/screenshots/686/686ebc3b59d44cd4d73d57c11807b1f1.jpg,https://media.rawg.io/media/screenshots/34c/34c1d7a1d97820fdcad3f7073d39f725.jpg,,0.0,0,[],10,0,9,0,0,0,0,,,,,0,0,0,0,0,211,[],,0,0,0,,0,0f0f0f,0f0f0f,"[{'platform': {'id': 10, 'name': 'Commodore / Amiga', 'slug': 'commodore-amiga'}}]","[{'platform': {'id': 166, 'name': 'Commodore / Amiga', 'slug': 'commodore-amiga', 'image': None, 'year_end': None, 'year_start': None, 'games_count': 2083, 'image_background': 'https://media.rawg.io/media/games/cce/cce8bebe861f295003f5a9fe5b11233f.jpg'}, 'released_at': '1986-01-01', 'requirements': {}}]",[],"[{'id': 27025, 'name': 'Stephen Crow', 'slug': 'stephen-crow', 'games_count': 2, 'image_background': 'https://media.rawg.io/media/screenshots/686/686ebc3b59d44cd4d73d57c11807b1f1.jpg'}]",[],"[{'id': 31, 'name': 'Singleplayer', 'slug': 'singleplayer', 'language': 'eng', 'games_count': 238404, 'image_background': 'https://media.rawg.io/media/games/26d/26d4437715bee60138dab4a7c8c59c92.jpg'}]","[{'id': 19882, 'name': 'Hewson Consultants', 'slug': 'hewson-consultants', 'games_count': 19, 'image_background': 'https://media.rawg.io/media/screenshots/f8d/f8d83c0295a040005c54656cacd5868c.jpg'}]",,"Firelord is an action-adventure game released in 1986 for ZX Spectrum, Amstrad CPC and Commodore 64 by Hewson Consultants.",,,5,2.0,2.0,1.0,,,,,,,,,,,,,,,,0.0,,
56516,glider-rider,Glider Rider,Glider Rider,"<p>Glider Rider is an isometric action-adventure game released by Quicksilva in 1986 for the ZX Spectrum, Commodore 64 and Amstrad CPC. The music was composed by David Whittaker.</p>",,[],1986-01-01,False,2019-08-28T22:00:26,https://media.rawg.io/media/screenshots/431/431d1afcf0fbfe4e64b7f2f8063b9a7b.jpg,https://media.rawg.io/media/screenshots/ce3/ce385b905f554e4f71ce13ff7dfcd0f1.jpg,,0.0,0,[],10,0,8,0,0,0,0,,,,,0,0,0,0,0,235,[],,0,0,0,,0,0f0f0f,0f0f0f,"[{'platform': {'id': 10, 'name': 'Commodore / Amiga', 'slug': 'commodore-amiga'}}]","[{'platform': {'id': 166, 'name': 'Commodore / Amiga', 'slug': 'commodore-amiga', 'image': None, 'year_end': None, 'year_start': None, 'games_count': 2083, 'image_background': 'https://media.rawg.io/media/games/cce/cce8bebe861f295003f5a9fe5b11233f.jpg'}, 'released_at': '1986-01-01', 'requirements': {}}]",[],"[{'id': 14743, 'name': 'Binary Design', 'slug': 'binary-design', 'games_count': 6, 'image_background': 'https://media.rawg.io/media/screenshots/431/431d1afcf0fbfe4e64b7f2f8063b9a7b.jpg'}]",[],"[{'id': 31, 'name': 'Singleplayer', 'slug': 'singleplayer', 'language': 'eng', 'games_count': 238404, 'image_background': 'https://media.rawg.io/media/games/26d/26d4437715bee60138dab4a7c8c59c92.jpg'}]","[{'id': 20358, 'name': 'Quicksilva', 'slug': 'quicksilva', 'games_count': 8, 'image_background': 'https://media.rawg.io/media/screenshots/259/2594266d718720ba25f9351c3f22c16a.jpg'}]",,"Glider Rider is an isometric action-adventure game released by Quicksilva in 1986 for the ZX Spectrum, Commodore 64 and Amstrad CPC. The music was composed by David Whittaker.",,,5,2.0,2.0,1.0,,,,,,,,,,,,,,,,0.0,,
56537,harrier-combat-simulator,Harrier Combat Simulator,Harrier Combat Simulator,"<p>Harrier Combat Simulator is a computer game developed by Mindscape for the Atari ST in 1987 along with the Amiga, IBM PC (as a booter and the Commodore 64.</p>",,[],1986-01-01,False,2019-08-28T22:00:26,https://media.rawg.io/media/screenshots/de8/de86f84dbe1fdc7287c0839020f4afb7.jpg,https://media.rawg.io/media/screenshots/da3/da31de7c75b0efb54888325adce70d2d.jpg,,0.0,0,[],10,0,9,0,0,0,0,,,,,0,0,0,0,0,280,[],,0,0,0,,0,0f0f0f,0f0f0f,"[{'platform': {'id': 9, 'name': 'Atari', 'slug': 'atari'}}, {'platform': {'id': 10, 'name': 'Commodore / Amiga', 'slug': 'commodore-amiga'}}]","[{'platform': {'id': 34, 'name': 'Atari ST', 'slug': 'atari-st', 'image': None, 'year_end': None, 'year_start': None, 'games_count': 836, 'image_background': 'https://media.rawg.io/media/games/637/637d7dc2f44d0f6ddd3ee2c0b1366962.jpg'}, 'released_at': '1986-01-01', 'requirements': {}}, {'platform': {'id': 166, 'name': 'Commodore / Amiga', 'slug': 'commodore-amiga', 'image': None, 'year_end': None, 'year_start': None, 'games_count': 2083, 'image_background': 'https://media.rawg.io/media/games/cce/cce8bebe861f295003f5a9fe5b11233f.jpg'}, 'released_at': '1986-01-01', 'requirements': {}}]",[],[],[],"[{'id': 31, 'name': 'Singleplayer', 'slug': 'singleplayer', 'language': 'eng', 'games_count': 238404, 'image_background': 'https://media.rawg.io/media/games/26d/26d4437715bee60138dab4a7c8c59c92.jpg'}]","[{'id': 10943, 'name': 'MINDSCAPE', 'slug': 'mindscape', 'games_count': 108, 'image_background': 'https://media.rawg.io/media/screenshots/0b1/0b12ddf58af6047922a20dd0d310ad18.jpg'}, {'id': 19488, 'name': 'GameFAQs', 'slug': 'gamefaqs', 'games_count': 19, 'image_background': 'https://media.rawg.io/media/screenshots/99f/99ffb87e2b981aadb300329e31162eab.jpg'}]",,"Harrier Combat Simulator is a computer game developed by Mindscape for the Atari ST in 1987 along with the Amiga, IBM PC (as a booter and the Commodore 64.",,,5,2.0,2.0,1.0,,,,,,,,,,,,,,,,0.0,,
56650,molecule-man,Molecule Man,Molecule Man,<p>Molecule Man is an isometric 3D arcade adventure game released by Mastertronic in 1986 for a variety of 8-bit home computers. A level editor is included which enables the player to design their own mazes.</p>,,[],1986-01-01,False,2023-02-08T10:51:12,https://media.rawg.io/media/screenshots/cb5/cb501d4b3cb5ec3e165f4aa0ea25d183.jpg,https://media.rawg.io/media/screenshots/2d6/2d6b0ab2f764fd437a0da4aceef7d17c.jpg,,0.0,0,[],10,0,14,0,0,0,0,,,,,0,0,0,0,0,202,[],,0,0,0,,0,0f0f0f,0f0f0f,"[{'platform': {'id': 1, 'name': 'PC', 'slug': 'pc'}}, {'platform': {'id': 6, 'name': 'Linux', 'slug': 'linux'}}, {'platform': {'id': 9, 'name': 'Atari', 'slug': 'atari'}}, {'platform': {'id': 10, 'name': 'Commodore / Amiga', 'slug': 'commodore-amiga'}}]","[{'platform': {'id': 25, 'name': 'Atari 8-bit', 'slug': 'atari-8-bit', 'image': None, 'year_end': None, 'year_start': None, 'games_count': 308, 'image_background': 'https://media.rawg.io/media/screenshots/038/0385a47d3a43b218204268af5361a19e.jpg'}, 'released_at': '1986-01-01', 'requirements': {}}, {'platform': {'id': 6, 'name': 'Linux', 'slug': 'linux', 'image': None, 'year_end': None, 'year_start': None, 'games_count': 78810, 'image_background': 'https://media.rawg.io/media/games/d58/d588947d4286e7b5e0e12e1bea7d9844.jpg'}, 'released_at': '1986-01-01', 'requirements': {}}, {'platform': {'id': 4, 'name': 'PC', 'slug': 'pc', 'image': None, 'year_end': None, 'year_start': None, 'games_count': 547196, 'image_background': 'https://media.rawg.io/media/games/6fc/6fcf4cd3b17c288821388e6085bb0fc9.jpg'}, 'released_at': '1986-01-01', 'requirements': {}}, {'platform': {'id': 166, 'name': 'Commodore / Amiga', 'slug': 'commodore-amiga', 'image': None, 'year_end': None, 'year_start': None, 'games_count': 2083, 'image_background': 'https://media.rawg.io/media/games/cce/cce8bebe861f295003f5a9fe5b11233f.jpg'}, 'released_at': '1986-01-01', 'requirements': {}}]",[],"[{'id': 27531, 'name': 'Robin Thompson', 'slug': 'robin-thompson', 'games_count': 1, 'image_background': 'https://media.rawg.io/media/screenshots/cb5/cb501d4b3cb5ec3e165f4aa0ea25d183.jpg'}]",[],"[{'id': 31, 'name': 'Singleplayer', 'slug': 'singleplayer', 'language': 'eng', 'games_count': 238404, 'image_background': 'https://media.rawg.io/media/games/26d/26d4437715bee60138dab4a7c8c59c92.jpg'}]","[{'id': 4799, 'name': 'Mastertronic', 'slug': 'mastertronic', 'games_count': 72, 'image_background': 'https://media.rawg.io/media/screenshots/bb4/bb424afaf45c23f5893753ab1c1eca27.jpg'}]",,Molecule Man is an isometric 3D arcade adventure game released by Mastertronic in 1986 for a variety of 8-bit home computers. A level editor is included which enables the player to design their own mazes.,,1.0,5,1.0,2.0,1.0,,,,,,,,,,,,,,,,0.0,,
53981,othello-1986,Othello (1986),Othello (1986),"<p>Othello (オセロ, Osero) is a 1988 video game published by Acclaim Entertainment, made for the Nintendo Entertainment System.</p>
<p>Versions of the game were first released on home consoles by Philips Magnavox on the Odyssey 2 as Dynasty in 1978, and later on the Atari 2600 in 1980. The original version of the game was public domain software. Othello is based on the board game Reversi, which was marketed as Othello.</p>",,[],1986-11-13,False,2019-07-08T13:39:46,https://media.rawg.io/media/screenshots/4c0/4c08229c504f891802cee3b4387687f7.jpg,https://media.rawg.io/media/screenshots/3ab/3ab1f439967ab43e654db2d452b77668.jpg,,0.0,0,[],10,0,2,0,1,0,0,,,,,0,0,0,0,0,33,[],,0,0,0,,0,0f0f0f,0f0f0f,"[{'platform': {'id': 7, 'name': 'Nintendo', 'slug': 'nintendo'}}]","[{'platform': {'id': 49, 'name': 'NES', 'slug': 'nes', 'image': None, 'year_end': None, 'year_start': None, 'games_count': 1015, 'image_background': 'https://media.rawg.io/media/games/7c5/7c50dd0415eb0a57505c58d4e50e4d24.jpg'}, 'released_at': '1986-11-13', 'requirements': {}}, {'platform': {'id': 26, 'name': 'Game Boy', 'slug': 'game-boy', 'image': None, 'year_end': None, 'year_start': None, 'games_count': 617, 'image_background': 'https://media.rawg.io/media/games/057/0573c1c9e1f2414c1f4acabe86ee9fd9.jpg'}, 'released_at': '1986-11-13', 'requirements': {}}]",[],"[{'id': 14505, 'name': 'HAL Laboratory', 'slug': 'hal-laboratory', 'games_count': 61, 'image_background': 'https://media.rawg.io/media/screenshots/f19/f19840339a403fd40d43a633f4e96428.jpg'}]",[],"[{'id': 1534, 'name': 'atari', 'slug': 'atari', 'language': 'eng', 'games_count': 1158, 'image_background': 'https://media.rawg.io/media/screenshots/d10/d10fdd0fc764ad4a5d70fffa6aee1175.jpg'}]","[{'id': 12978, 'name': 'Acclaim', 'slug': 'acclaim', 'games_count': 41, 'image_background': 'https://media.rawg.io/media/screenshots/747/747c3adebb2a75f63d3b17d7575dc910.jpg'}, {'id': 19950, 'name': 'Kawada', 'slug': 'kawada', 'games_count': 1, 'image_background': 'https://media.rawg.io/media/screenshots/4c0/4c08229c504f891802cee3b4387687f7.jpg'}]",,"Othello (オセロ, Osero) is a 1988 video game published by Acclaim Entertainment, made for the Nintendo Entertainment System.
Versions of the game were first released on home consoles by Philips Magnavox on the Odyssey 2 as Dynasty in 1978, and later on the Atari 2600 in 1980. The original version of the game was public domain software. Othello is based on the board game Reversi, which was marketed as Othello.",,,5,2.0,2.0,1.0,,,,,,,,,,,,,,,,0.0,,
56383,cauldron-ii-the-pumpkin-strikes-back,Cauldron II: The Pumpkin Strikes Back,Cauldron II: The Pumpkin Strikes Back,"<p>Cauldron II: The Pumpkin Strikes Back is a computer game developed and published by British developer Palace Software (Palace) as a sequel to their 1985 title Cauldron. The two-dimensional (2D) platform game was released in 1986 for the ZX Spectrum, Commodore 64 and Amstrad CPC home computers. Players control a bouncing pumpkin that is on a quest of vengeance against the ""Witch Queen"". The roles of the two were reversed from the first game, in which the witch defeated a monster pumpkin.</p>
<p>Following the success of Cauldron, Palace employee Steve Brown began work on a sequel. To provide fans of the original title with a new experience, a very different gameplay was implemented for the sequel, although several minor features retained connections to the first. Inspired by the bouncing pumpkin character in Cauldron, Brown designed the game around the character's movement. The bouncing mechanic proved problematic for the programmers who were unable to perfect its implementation. Technical limitations also prevented them from implementing certain animations, such as turning pages of a book.</p>
<p>Cauldron II was first released on the Commodore 64. It was released in the following years on other systems and as re-releases. The game received praise, mainly for its audio-visuals, in video game magazines. Difficulty in handling the bouncing pumpkin's movement was a common complaint, although reviewers felt the overall package was of good value.</p>",,[],1986-06-01,False,2019-08-28T22:25:58,https://media.rawg.io/media/screenshots/163/1630eb542a31d2146654edf840cae387.jpg,https://media.rawg.io/media/screenshots/026/02657ec414fecf416da14d67bd73a0f9.jpg,,0.0,0,"[{'id': 1, 'title': 'skip', 'count': 1, 'percent': 100.0}]",10,0,9,0,3,0,0,,,,,0,0,0,0,1,227,[],,0,0,0,,1,0f0f0f,0f0f0f,"[{'platform': {'id': 10, 'name': 'Commodore / Amiga', 'slug': 'commodore-amiga'}}]","[{'platform': {'id': 166, 'name': 'Commodore / Amiga', 'slug': 'commodore-amiga', 'image': None, 'year_end': None, 'year_start': None, 'games_count': 2083, 'image_background': 'https://media.rawg.io/media/games/cce/cce8bebe861f295003f5a9fe5b11233f.jpg'}, 'released_at': '1986-06-01', 'requirements': {}}]",[],"[{'id': 15731, 'name': 'Palace Software', 'slug': 'palace-software', 'games_count': 8, 'image_background': 'https://media.rawg.io/media/screenshots/d93/d9304513c6c0ac3620f8c735feaa845a.jpg'}]",[],"[{'id': 31, 'name': 'Singleplayer', 'slug': 'singleplayer', 'language': 'eng', 'games_count': 238404, 'image_background': 'https://media.rawg.io/media/games/26d/26d4437715bee60138dab4a7c8c59c92.jpg'}]","[{'id': 20213, 'name': 'Palace Software', 'slug': 'palace-software', 'games_count': 9, 'image_background': 'https://media.rawg.io/media/screenshots/983/98323867538edab00522e30f89329f23.jpg'}]",,"Cauldron II: The Pumpkin Strikes Back is a computer game developed and published by British developer Palace Software (Palace) as a sequel to their 1985 title Cauldron. The two-dimensional (2D) platform game was released in 1986 for the ZX Spectrum, Commodore 64 and Amstrad CPC home computers. Players control a bouncing pumpkin that is on a quest of vengeance against the ""Witch Queen"". The roles of the two were reversed from the first game, in which the witch defeated a monster pumpkin.
Following the success of Cauldron, Palace employee Steve Brown began work on a sequel. To provide fans of the original title with a new experience, a very different gameplay was implemented for the sequel, although several minor features retained connections to the first. Inspired by the bouncing pumpkin character in Cauldron, Brown designed the game around the character's movement. The bouncing mechanic proved problematic for the programmers who were unable to perfect its implementation. Technical limitations also prevented them from implementing certain animations, such as turning pages of a book.
Cauldron II was first released on the Commodore 64. It was released in the following years on other systems and as re-releases. The game received praise, mainly for its audio-visuals, in video game magazines. Difficulty in handling the bouncing pumpkin's movement was a common complaint, although reviewers felt the overall package was of good value.",,,6,1.0,2.0,1.0,,,,,,,,,,,,,,,,0.0,,
56373,bugsy,Bugsy,Bugsy,"<p>Bugsy, also known as The King of Chicago, was a 1986 text-adventure game for the Commodore 64, Amstrad CPC, and Sinclair ZX Spectrum developed by St. Bride's School and published by CRL Group exclusively in Europe. Its protagonist, Bugsy Maroon, was a Bugs Bunny-esque rabbit gangster in 1922 Chicago. The objective of the game is to be a successful criminal. Although primarily a text-adventure, it featured simple graphics depicting the current scene.</p>",,[],1986-01-01,False,2019-08-28T22:25:58,https://media.rawg.io/media/screenshots/7b5/7b5eeea95e5caacfcc126fa495792aad.jpg,https://media.rawg.io/media/screenshots/2ad/2ad0d7fb6e532a9f7e7b8d36e355acb1.jpg,,0.0,0,[],10,0,8,0,0,0,0,,,,,0,0,0,0,0,232,[],,0,0,0,,0,0f0f0f,0f0f0f,"[{'platform': {'id': 10, 'name': 'Commodore / Amiga', 'slug': 'commodore-amiga'}}]","[{'platform': {'id': 166, 'name': 'Commodore / Amiga', 'slug': 'commodore-amiga', 'image': None, 'year_end': None, 'year_start': None, 'games_count': 2083, 'image_background': 'https://media.rawg.io/media/games/cce/cce8bebe861f295003f5a9fe5b11233f.jpg'}, 'released_at': '1986-01-01', 'requirements': {}}]",[],"[{'id': 27410, 'name': ""St. Bride's School"", 'slug': 'st-brides-school', 'games_count': 1, 'image_background': 'https://media.rawg.io/media/screenshots/7b5/7b5eeea95e5caacfcc126fa495792aad.jpg'}]","[{'id': 3, 'name': 'Adventure', 'slug': 'adventure', 'games_count': 146481, 'image_background': 'https://media.rawg.io/media/games/b6b/b6b20bfc4b34e312dbc8aac53c95a348.jpg'}]","[{'id': 31, 'name': 'Singleplayer', 'slug': 'singleplayer', 'language': 'eng', 'games_count': 238404, 'image_background': 'https://media.rawg.io/media/games/26d/26d4437715bee60138dab4a7c8c59c92.jpg'}]","[{'id': 20289, 'name': 'CRL Group', 'slug': 'crl-group', 'games_count': 12, 'image_background': 'https://media.rawg.io/media/screenshots/48a/48a78f92a96ad5870bb0fcc1e705ccc4.jpg'}]",,"Bugsy, also known as The King of Chicago, was a 1986 text-adventure game for the Commodore 64, Amstrad CPC, and Sinclair ZX Spectrum developed by St. Bride's School and published by CRL Group exclusively in Europe. Its protagonist, Bugsy Maroon, was a Bugs Bunny-esque rabbit gangster in 1922 Chicago. The objective of the game is to be a successful criminal. Although primarily a text-adventure, it featured simple graphics depicting the current scene.",,,5,2.0,2.0,1.0,,,,,,,,,,,,,,,,0.0,,
53898,kings-knight-1986,King's Knight (1986),King's Knight (1986),"<p>King&#39;s Knight (キングスナイト, Kingusu Naito) is a 1986 scrolling shooter video game by Square for the Nintendo Entertainment System and MSX. The game was released in Japan on September 18, 1986, and in North America in 1989.<br />
The game became Square&#39;s first North American release under their Redmond subsidiary Squaresoft, and their first release as an independent company. The 1986 release&#39;s title screen credits Workss for programming. King&#39;s Knight saw a second release in 1987 on the NEC PC-8801mkII SR and the Sharp X1. These versions of the game were retitled King&#39;s Knight Special and released exclusively in Japan. Nobuo Uematsu provided the musical score for King&#39;s Knight. It was Uematsu&#39;s third work of video game music composition.</p>",,[],1986-09-18,False,2024-10-28T11:57:50,https://media.rawg.io/media/games/394/394571130487b77b6e88f0e1eaf06df0.jpg,https://media.rawg.io/media/screenshots/467/4678ff27e286fa2ea8edb11b3b2aa50d.jpg,,0.0,0,"[{'id': 3, 'title': 'meh', 'count': 1, 'percent': 100.0}]",10,0,10,0,1,0,0,,,,,0,0,0,0,1,31,"['Kingusu Naito', 'キングスナイト']",,0,0,0,,1,0f0f0f,0f0f0f,"[{'platform': {'id': 7, 'name': 'Nintendo', 'slug': 'nintendo'}}]","[{'platform': {'id': 49, 'name': 'NES', 'slug': 'nes', 'image': None, 'year_end': None, 'year_start': None, 'games_count': 1015, 'image_background': 'https://media.rawg.io/media/games/7c5/7c50dd0415eb0a57505c58d4e50e4d24.jpg'}, 'released_at': '1986-09-18', 'requirements': {}}]",[],"[{'id': 26706, 'name': 'Bits Laboratory', 'slug': 'bits-laboratory', 'games_count': 7, 'image_background': 'https://media.rawg.io/media/screenshots/f82/f82356ecda9ad3deb9c235e5a1e4d888.jpg'}, {'id': 26605, 'name': 'Workss', 'slug': 'workss', 'games_count': 1, 'image_background': 'https://media.rawg.io/media/screenshots/753/75343f09cfb665b5febe84318472e41d.jpg'}]","[{'id': 4, 'name': 'Action', 'slug': 'action', 'games_count': 186608, 'image_background': 'https://media.rawg.io/media/games/618/618c2031a07bbff6b4f611f10b6bcdbc.jpg'}, {'id': 2, 'name': 'Shooter', 'slug': 'shooter', 'games_count': 59560, 'image_background': 'https://media.rawg.io/media/games/d58/d588947d4286e7b5e0e12e1bea7d9844.jpg'}]","[{'id': 31, 'name': 'Singleplayer', 'slug': 'singleplayer', 'language': 'eng', 'games_count': 238404, 'image_background': 'https://media.rawg.io/media/games/26d/26d4437715bee60138dab4a7c8c59c92.jpg'}]","[{'id': 11194, 'name': 'Square', 'slug': 'square', 'games_count': 68, 'image_background': 'https://media.rawg.io/media/games/f77/f77510051b6a61decc35c5257193fc9e.jpg'}]",,"King's Knight (キングスナイト, Kingusu Naito) is a 1986 scrolling shooter video game by Square for the Nintendo Entertainment System and MSX. The game was released in Japan on September 18, 1986, and in North America in 1989.
The game became Square's first North American release under their Redmond subsidiary Squaresoft, and their first release as an independent company. The 1986 release's title screen credits Workss for programming. King's Knight saw a second release in 1987 on the NEC PC-8801mkII SR and the Sharp X1. These versions of the game were retitled King's Knight Special and released exclusively in Japan. Nobuo Uematsu provided the musical score for King's Knight. It was Uematsu's third work of video game music composition.",,,5,2.0,2.0,1.0,,1.0,Everyone,everyone,,,,,,,,,,,,0.0,,
56606,legend-of-the-amazon-women,Legend of the Amazon Women,Legend of the Amazon Women,"<p>Legend of the Amazon Women is a beat 'em up video game developed by SilverTime Inc and published by U.S. Gold and Mastertronic for Amstrad CPC, Commodore 64 and ZX Spectrum in 1986.</p>",,[],1986-01-01,False,2019-08-28T22:00:24,https://media.rawg.io/media/screenshots/27c/27c615d0e8c8e40d4a44b2b99bf090bb.jpg,https://media.rawg.io/media/screenshots/e81/e810488abe43e6beb2984d760b64f1b0.jpg,,0.0,0,"[{'id': 5, 'title': 'exceptional', 'count': 1, 'percent': 100.0}]",10,0,8,0,1,0,0,,,,,0,0,0,0,1,244,[],,0,0,0,,1,0f0f0f,0f0f0f,"[{'platform': {'id': 10, 'name': 'Commodore / Amiga', 'slug': 'commodore-amiga'}}]","[{'platform': {'id': 166, 'name': 'Commodore / Amiga', 'slug': 'commodore-amiga', 'image': None, 'year_end': None, 'year_start': None, 'games_count': 2083, 'image_background': 'https://media.rawg.io/media/games/cce/cce8bebe861f295003f5a9fe5b11233f.jpg'}, 'released_at': '1986-01-01', 'requirements': {}}]",[],"[{'id': 27512, 'name': 'SilverTime', 'slug': 'silvertime-inc', 'games_count': 1, 'image_background': 'https://media.rawg.io/media/screenshots/27c/27c615d0e8c8e40d4a44b2b99bf090bb.jpg'}]",[],"[{'id': 31, 'name': 'Singleplayer', 'slug': 'singleplayer', 'language': 'eng', 'games_count': 238404, 'image_background': 'https://media.rawg.io/media/games/26d/26d4437715bee60138dab4a7c8c59c92.jpg'}]","[{'id': 11527, 'name': 'U.S. Gold', 'slug': 'us-gold-2', 'games_count': 95, 'image_background': 'https://media.rawg.io/media/games/eaa/eaa94a1203b9b8fdf5b01575c9e91591.jpg'}, {'id': 4799, 'name': 'Mastertronic', 'slug': 'mastertronic', 'games_count': 72, 'image_background': 'https://media.rawg.io/media/screenshots/bb4/bb424afaf45c23f5893753ab1c1eca27.jpg'}]",,"Legend of the Amazon Women is a beat 'em up video game developed by SilverTime Inc and published by U.S. Gold and Mastertronic for Amstrad CPC, Commodore 64 and ZX Spectrum in 1986.",,,5,1.0,3.0,1.0,,,,,,,,,,,,,,,,0.0,,
56795,split-personalities,Split Personalities,Split Personalities,<p>Split Personalities (first released as Splitting Images) is a sliding square puzzle game that involves piecing together the faces of famous personalities and politicians.</p>,,[],1986-01-01,False,2019-08-28T22:25:53,https://media.rawg.io/media/screenshots/c19/c190463b090c4d564ac1f8b0c66911db.jpg,https://media.rawg.io/media/screenshots/515/515a63e58cacb7b91b79d750b58dfcde.jpg,,0.0,0,[],9,0,9,0,3,0,0,,,,,0,0,0,0,0,270,[],,0,0,0,,0,0f0f0f,0f0f0f,"[{'platform': {'id': 10, 'name': 'Commodore / Amiga', 'slug': 'commodore-amiga'}}]","[{'platform': {'id': 166, 'name': 'Commodore / Amiga', 'slug': 'commodore-amiga', 'image': None, 'year_end': None, 'year_start': None, 'games_count': 2083, 'image_background': 'https://media.rawg.io/media/games/cce/cce8bebe861f295003f5a9fe5b11233f.jpg'}, 'released_at': '1986-01-01', 'requirements': {}}]",[],[],"[{'id': 7, 'name': 'Puzzle', 'slug': 'puzzle', 'games_count': 97333, 'image_background': 'https://media.rawg.io/media/games/9f4/9f418898f5415668ca47b5f4ab1ecfeb.jpg'}]","[{'id': 31, 'name': 'Singleplayer', 'slug': 'singleplayer', 'language': 'eng', 'games_count': 238404, 'image_background': 'https://media.rawg.io/media/games/26d/26d4437715bee60138dab4a7c8c59c92.jpg'}]","[{'id': 11758, 'name': 'Domark', 'slug': 'domark', 'games_count': 43, 'image_background': 'https://media.rawg.io/media/screenshots/a86/a861b4dbb312cce0e8c58e4b6e6ce142.jpg'}, {'id': 11634, 'name': 'Domark Software', 'slug': 'domark-software', 'games_count': 24, 'image_background': 'https://media.rawg.io/media/screenshots/487/487233348553e94226efd834cc3d0a94.jpg'}]",,Split Personalities (first released as Splitting Images) is a sliding square puzzle game that involves piecing together the faces of famous personalities and politicians.,,,5,1.0,2.0,1.0,,,,,,,,,,,,,,,,0.0,,
56732,realms-of-darkness,Realms of Darkness,Realms of Darkness,"<p>Realms of Darkness is a fantasy video game developed by Strategic Simulations, Inc. and released in 1986. It was developed for the Apple II and Commodore 64.</p>",,[],1986-01-01,False,2019-01-09T12:41:06,https://media.rawg.io/media/screenshots/b8e/b8e430fe6e98b5da0adfe72f2510fab1.jpg,https://media.rawg.io/media/screenshots/2be/2be6cf9a1aa2305cdfbbe71e0430fe7d.jpg,,0.0,0,[],9,0,9,0,0,0,0,,,,,0,0,0,0,0,210,[],,0,0,0,,0,0f0f0f,0f0f0f,"[{'platform': {'id': 5, 'name': 'Apple Macintosh', 'slug': 'mac'}}, {'platform': {'id': 10, 'name': 'Commodore / Amiga', 'slug': 'commodore-amiga'}}]","[{'platform': {'id': 166, 'name': 'Commodore / Amiga', 'slug': 'commodore-amiga', 'image': None, 'year_end': None, 'year_start': None, 'games_count': 2083, 'image_background': 'https://media.rawg.io/media/games/cce/cce8bebe861f295003f5a9fe5b11233f.jpg'}, 'released_at': '1986-01-01', 'requirements': {}}, {'platform': {'id': 41, 'name': 'Apple II', 'slug': 'apple-ii', 'image': None, 'year_end': None, 'year_start': None, 'games_count': 424, 'image_background': 'https://media.rawg.io/media/screenshots/3d2/3d2bb57b39e2efa39d1c385585b2ea8b.jpg'}, 'released_at': '1986-01-01', 'requirements': {}}]",[],"[{'id': 13148, 'name': 'Strategic Simulations', 'slug': 'strategic-simulations', 'games_count': 85, 'image_background': 'https://media.rawg.io/media/screenshots/4ce/4ce8db24d00f54368491e29b090dfba6.jpg'}]","[{'id': 5, 'name': 'RPG', 'slug': 'role-playing-games-rpg', 'games_count': 59370, 'image_background': 'https://media.rawg.io/media/games/f6b/f6bed028b02369d4cab548f4f9337e81.jpg'}]","[{'id': 64, 'name': 'Fantasy', 'slug': 'fantasy', 'language': 'eng', 'games_count': 30627, 'image_background': 'https://media.rawg.io/media/games/6fc/6fcf4cd3b17c288821388e6085bb0fc9.jpg'}]","[{'id': 19851, 'name': 'Strategic Simulations', 'slug': 'strategic-simulations', 'games_count': 113, 'image_background': 'https://media.rawg.io/media/screenshots/55c/55cd1c62d524e51467185c94839b08c4.jpg'}]",,"Realms of Darkness is a fantasy video game developed by Strategic Simulations, Inc. and released in 1986. It was developed for the Apple II and Commodore 64.",,,5,1.0,2.0,1.0,,,,,,,,,,,,,,,,0.0,,
56831,survivors-1986,Survivors (1986),Survivors (1986),"<p>Survivors (also known as The Survivors) is a game for home computers published by Atlantis Software originally in 1986 for the ZX Spectrum. It was ported to the MSX, Atari 8-bit family, Commodore 64, Commodore 16, Acorn Electron and BBC Micro (all in 1987) and the Amstrad CPC (1988). It is a puzzle game based on the ""rocks and diamonds"" mechanics of Boulder Dash.</p>",,[],1986-01-01,False,2019-08-28T22:00:17,https://media.rawg.io/media/screenshots/a17/a1741983051eec63f26c7c76c9a562ca.jpg,https://media.rawg.io/media/screenshots/aa7/aa742a6d9488a277d182118678c59569.jpg,,0.0,0,[],9,0,12,0,0,0,0,,,,,0,0,0,0,0,205,[],,0,0,0,,0,0f0f0f,0f0f0f,"[{'platform': {'id': 9, 'name': 'Atari', 'slug': 'atari'}}, {'platform': {'id': 10, 'name': 'Commodore / Amiga', 'slug': 'commodore-amiga'}}]","[{'platform': {'id': 25, 'name': 'Atari 8-bit', 'slug': 'atari-8-bit', 'image': None, 'year_end': None, 'year_start': None, 'games_count': 308, 'image_background': 'https://media.rawg.io/media/screenshots/038/0385a47d3a43b218204268af5361a19e.jpg'}, 'released_at': '1986-01-01', 'requirements': {}}, {'platform': {'id': 166, 'name': 'Commodore / Amiga', 'slug': 'commodore-amiga', 'image': None, 'year_end': None, 'year_start': None, 'games_count': 2083, 'image_background': 'https://media.rawg.io/media/games/cce/cce8bebe861f295003f5a9fe5b11233f.jpg'}, 'released_at': '1986-01-01', 'requirements': {}}]",[],"[{'id': 27612, 'name': 'Glynn Carey', 'slug': 'glynn-carey', 'games_count': 1, 'image_background': 'https://media.rawg.io/media/screenshots/a17/a1741983051eec63f26c7c76c9a562ca.jpg'}]","[{'id': 7, 'name': 'Puzzle', 'slug': 'puzzle', 'games_count': 97333, 'image_background': 'https://media.rawg.io/media/games/9f4/9f418898f5415668ca47b5f4ab1ecfeb.jpg'}]","[{'id': 31, 'name': 'Singleplayer', 'slug': 'singleplayer', 'language': 'eng', 'games_count': 238404, 'image_background': 'https://media.rawg.io/media/games/26d/26d4437715bee60138dab4a7c8c59c92.jpg'}]","[{'id': 20581, 'name': 'Atlantis Software', 'slug': 'atlantis-software', 'games_count': 3, 'image_background': 'https://media.rawg.io/media/screenshots/a17/a1741983051eec63f26c7c76c9a562ca.jpg'}, {'id': 20621, 'name': 'Atlantis', 'slug': 'atlantis', 'games_count': 2, 'image_background': 'https://media.rawg.io/media/screenshots/a17/a1741983051eec63f26c7c76c9a562ca.jpg'}]",,"Survivors (also known as The Survivors) is a game for home computers published by Atlantis Software originally in 1986 for the ZX Spectrum. It was ported to the MSX, Atari 8-bit family, Commodore 64, Commodore 16, Acorn Electron and BBC Micro (all in 1987) and the Amstrad CPC (1988). It is a puzzle game based on the ""rocks and diamonds"" mechanics of Boulder Dash.",,,5,1.0,2.0,1.0,,,,,,,,,,,,,,,,0.0,,
56585,kane,Kane,Kane,"<p>Kane is a multi-section action game published by Mastertronic for the Commodore 64 in 1986. It was ported to the Acorn Electron, Amstrad CPC, BBC Micro, ZX Spectrum, and the Commodore 16 and Plus/4. The game is set in the Wild West, and its name is a reference to the main character of the film High Noon. It consists of four distinct scenes, although some versions only contain two. A sequel was released in 1988.</p>",,[],1986-01-01,False,2019-08-28T22:25:56,https://media.rawg.io/media/screenshots/353/353fa0afbe8d8f43dc0035204dc80d3e.jpg,https://media.rawg.io/media/screenshots/f8b/f8bae779e9a5041795a37be7cb7de048.jpg,,0.0,0,[],9,0,10,0,0,0,0,,,,,0,0,0,0,0,294,[],,0,0,0,,0,0f0f0f,0f0f0f,"[{'platform': {'id': 10, 'name': 'Commodore / Amiga', 'slug': 'commodore-amiga'}}]","[{'platform': {'id': 166, 'name': 'Commodore / Amiga', 'slug': 'commodore-amiga', 'image': None, 'year_end': None, 'year_start': None, 'games_count': 2083, 'image_background': 'https://media.rawg.io/media/games/cce/cce8bebe861f295003f5a9fe5b11233f.jpg'}, 'released_at': '1986-01-01', 'requirements': {}}]",[],"[{'id': 27500, 'name': 'John Darnell', 'slug': 'john-darnell', 'games_count': 2, 'image_background': 'https://media.rawg.io/media/screenshots/69d/69dd43480f7430d41573e3e0c7ba20d8.jpg'}]","[{'id': 4, 'name': 'Action', 'slug': 'action', 'games_count': 186608, 'image_background': 'https://media.rawg.io/media/games/618/618c2031a07bbff6b4f611f10b6bcdbc.jpg'}]","[{'id': 31, 'name': 'Singleplayer', 'slug': 'singleplayer', 'language': 'eng', 'games_count': 238404, 'image_background': 'https://media.rawg.io/media/games/26d/26d4437715bee60138dab4a7c8c59c92.jpg'}]","[{'id': 4799, 'name': 'Mastertronic', 'slug': 'mastertronic', 'games_count': 72, 'image_background': 'https://media.rawg.io/media/screenshots/bb4/bb424afaf45c23f5893753ab1c1eca27.jpg'}]",,"Kane is a multi-section action game published by Mastertronic for the Commodore 64 in 1986. It was ported to the Acorn Electron, Amstrad CPC, BBC Micro, ZX Spectrum, and the Commodore 16 and Plus/4. The game is set in the Wild West, and its name is a reference to the main character of the film High Noon. It consists of four distinct scenes, although some versions only contain two. A sequel was released in 1988.",,,5,1.0,2.0,1.0,,,,,,,,,,,,,,,,0.0,,
56558,hypaball,Hypaball,Hypaball,"<p>Hypaball is a computer game for the Commodore 64 based on a fictitious, futuristic sport and published by Odin Computer Graphics 1986. It was programmed and designed by Marc Dawson (AKA Marc Wilding) with graphics by Andy Rixon and music by Keith Tinman. A ZX Spectrum version followed in 1987, ported by Bernie Duggs.</p>",,[],1986-01-01,False,2019-08-28T22:00:25,https://media.rawg.io/media/screenshots/96b/96b430c10c6c962efbedee08c6091d30.jpg,https://media.rawg.io/media/screenshots/054/054055d6ffbcd36003a77eb6a5aaebf8.jpg,,0.0,0,[],9,0,8,0,1,0,0,,,,,0,0,0,0,0,210,[],,0,0,0,,0,0f0f0f,0f0f0f,"[{'platform': {'id': 10, 'name': 'Commodore / Amiga', 'slug': 'commodore-amiga'}}]","[{'platform': {'id': 166, 'name': 'Commodore / Amiga', 'slug': 'commodore-amiga', 'image': None, 'year_end': None, 'year_start': None, 'games_count': 2083, 'image_background': 'https://media.rawg.io/media/games/cce/cce8bebe861f295003f5a9fe5b11233f.jpg'}, 'released_at': '1986-01-01', 'requirements': {}}]",[],"[{'id': 27363, 'name': 'Odin Computer Graphics', 'slug': 'odin-computer-graphics', 'games_count': 5, 'image_background': 'https://media.rawg.io/media/screenshots/de1/de1f7e368384dc463222dea6fb87d75c.jpg'}]","[{'id': 15, 'name': 'Sports', 'slug': 'sports', 'games_count': 22123, 'image_background': 'https://media.rawg.io/media/games/5eb/5eb49eb2fa0738fdb5bacea557b1bc57.jpg'}]","[{'id': 31, 'name': 'Singleplayer', 'slug': 'singleplayer', 'language': 'eng', 'games_count': 238404, 'image_background': 'https://media.rawg.io/media/games/26d/26d4437715bee60138dab4a7c8c59c92.jpg'}]","[{'id': 20550, 'name': 'Odin Computer Graphics', 'slug': 'odin-computer-graphics', 'games_count': 3, 'image_background': 'https://media.rawg.io/media/screenshots/96b/96b430c10c6c962efbedee08c6091d30.jpg'}]",,"Hypaball is a computer game for the Commodore 64 based on a fictitious, futuristic sport and published by Odin Computer Graphics 1986. It was programmed and designed by Marc Dawson (AKA Marc Wilding) with graphics by Andy Rixon and music by Keith Tinman. A ZX Spectrum version followed in 1987, ported by Bernie Duggs.",,,5,1.0,2.0,1.0,,,,,,,,,,,,,,,,0.0,,
56609,light-force,Light Force,Light Force,<p>Light Force is a shoot 'em up game released by FTL in 1986 for several home computer systems.</p>,,[],1986-01-01,False,2019-08-28T22:00:23,,,,0.0,0,[],9,0,0,0,4,0,0,,,,,0,0,0,0,0,0,[],,0,0,0,,0,0f0f0f,0f0f0f,"[{'platform': {'id': 9, 'name': 'Atari', 'slug': 'atari'}}, {'platform': {'id': 10, 'name': 'Commodore / Amiga', 'slug': 'commodore-amiga'}}]","[{'platform': {'id': 34, 'name': 'Atari ST', 'slug': 'atari-st', 'image': None, 'year_end': None, 'year_start': None, 'games_count': 836, 'image_background': 'https://media.rawg.io/media/games/637/637d7dc2f44d0f6ddd3ee2c0b1366962.jpg'}, 'released_at': '1986-01-01', 'requirements': {}}, {'platform': {'id': 166, 'name': 'Commodore / Amiga', 'slug': 'commodore-amiga', 'image': None, 'year_end': None, 'year_start': None, 'games_count': 2083, 'image_background': 'https://media.rawg.io/media/games/cce/cce8bebe861f295003f5a9fe5b11233f.jpg'}, 'released_at': '1986-01-01', 'requirements': {}}]",[],[],[],"[{'id': 31, 'name': 'Singleplayer', 'slug': 'singleplayer', 'language': 'eng', 'games_count': 238404, 'image_background': 'https://media.rawg.io/media/games/26d/26d4437715bee60138dab4a7c8c59c92.jpg'}]","[{'id': 20570, 'name': 'Faster Than Light', 'slug': 'faster-than-light', 'games_count': 1, 'image_background': ''}]",,Light Force is a shoot 'em up game released by FTL in 1986 for several home computer systems.,,,5,1.0,2.0,1.0,,,,,,,,,,,,,,,,0.0,,
56657,the-movie-monster-game,The Movie Monster Game,The Movie Monster Game,"<p>The Movie Monster Game is a 1986 computer game by Epyx. It was released for the Apple II and Commodore 64.</p>
<p>The game offers a variety of scenarios, playable monsters, and cities to demolish (complete with famous landmarks, such as Tokyo Tower). The monsters are based on popular movie monsters such as The Blob, Mothra, and the Stay Puft Marshmallow Man, and Epyx was able to secure licensing for Godzilla.</p>",,[],1986-01-01,False,2019-08-28T22:00:22,https://media.rawg.io/media/screenshots/e33/e333909a54369eb4ec75e2e80b8da927.jpg,https://media.rawg.io/media/screenshots/b58/b589fe916b2e138f3f14ef441b4baea1.jpg,,0.0,0,[],9,0,7,0,0,0,0,,,,,0,0,0,0,0,208,[],,0,0,0,,0,0f0f0f,0f0f0f,"[{'platform': {'id': 5, 'name': 'Apple Macintosh', 'slug': 'mac'}}, {'platform': {'id': 10, 'name': 'Commodore / Amiga', 'slug': 'commodore-amiga'}}]","[{'platform': {'id': 166, 'name': 'Commodore / Amiga', 'slug': 'commodore-amiga', 'image': None, 'year_end': None, 'year_start': None, 'games_count': 2083, 'image_background': 'https://media.rawg.io/media/games/cce/cce8bebe861f295003f5a9fe5b11233f.jpg'}, 'released_at': '1986-01-01', 'requirements': {}}, {'platform': {'id': 41, 'name': 'Apple II', 'slug': 'apple-ii', 'image': None, 'year_end': None, 'year_start': None, 'games_count': 424, 'image_background': 'https://media.rawg.io/media/screenshots/3d2/3d2bb57b39e2efa39d1c385585b2ea8b.jpg'}, 'released_at': '1986-01-01', 'requirements': {}}]",[],"[{'id': 15055, 'name': 'Epyx', 'slug': 'epyx', 'games_count': 47, 'image_background': 'https://media.rawg.io/media/screenshots/e33/e333909a54369eb4ec75e2e80b8da927.jpg'}]","[{'id': 4, 'name': 'Action', 'slug': 'action', 'games_count': 186608, 'image_background': 'https://media.rawg.io/media/games/618/618c2031a07bbff6b4f611f10b6bcdbc.jpg'}]","[{'id': 31, 'name': 'Singleplayer', 'slug': 'singleplayer', 'language': 'eng', 'games_count': 238404, 'image_background': 'https://media.rawg.io/media/games/26d/26d4437715bee60138dab4a7c8c59c92.jpg'}]","[{'id': 11929, 'name': 'Epyx', 'slug': 'epyx', 'games_count': 44, 'image_background': 'https://media.rawg.io/media/screenshots/189/1890b76089fc24b04ca7ce2fc3299274.jpg'}]",,"The Movie Monster Game is a 1986 computer game by Epyx. It was released for the Apple II and Commodore 64.
The game offers a variety of scenarios, playable monsters, and cities to demolish (complete with famous landmarks, such as Tokyo Tower). The monsters are based on popular movie monsters such as The Blob, Mothra, and the Stay Puft Marshmallow Man, and Epyx was able to secure licensing for Godzilla.",,,5,1.0,2.0,1.0,,,,,,,,,,,,,,,,0.0,,
56862,turbo-esprit,Turbo Esprit,Turbo Esprit,"<p>Turbo Esprit is a video game published by Durell Software in 1986 for the ZX Spectrum, Commodore 64, and Amstrad CPC. The game was very detailed and advanced for its time, featuring car indicator lights, pedestrians, traffic lights, and a view of the car's interior controls. It may also feature the earliest example of a free-roaming city environment in a computer game. Turbo Esprit was the first free-roaming driving game, and has been cited as a major influence on the later Grand Theft Auto series.</p>",,[],1986-05-01,False,2019-08-28T22:25:52,https://media.rawg.io/media/screenshots/067/06769dfa994972bdb06a3e7a78349b17.jpg,https://media.rawg.io/media/screenshots/2ee/2ee4c802a391ffe5b9cf32a885f68128.jpg,,0.0,0,[],9,0,9,0,0,0,0,,,,,0,0,0,0,0,271,[],,0,0,0,,0,0f0f0f,0f0f0f,"[{'platform': {'id': 10, 'name': 'Commodore / Amiga', 'slug': 'commodore-amiga'}}]","[{'platform': {'id': 166, 'name': 'Commodore / Amiga', 'slug': 'commodore-amiga', 'image': None, 'year_end': None, 'year_start': None, 'games_count': 2083, 'image_background': 'https://media.rawg.io/media/games/cce/cce8bebe861f295003f5a9fe5b11233f.jpg'}, 'released_at': '1986-05-01', 'requirements': {}}]",[],"[{'id': 27637, 'name': 'Mike Richardson', 'slug': 'mike-richardson', 'games_count': 1, 'image_background': 'https://media.rawg.io/media/screenshots/067/06769dfa994972bdb06a3e7a78349b17.jpg'}]","[{'id': 1, 'name': 'Racing', 'slug': 'racing', 'games_count': 25359, 'image_background': 'https://media.rawg.io/media/screenshots/69b/69bb243ea9896ddfc2e051b58e81624d.jpg'}]","[{'id': 31, 'name': 'Singleplayer', 'slug': 'singleplayer', 'language': 'eng', 'games_count': 238404, 'image_background': 'https://media.rawg.io/media/games/26d/26d4437715bee60138dab4a7c8c59c92.jpg'}]","[{'id': 12020, 'name': 'Durell Software', 'slug': 'durell-software', 'games_count': 6, 'image_background': 'https://media.rawg.io/media/screenshots/2ad/2addfda33dac77dd659fd3276a7aa8dd.jpg'}]",,"Turbo Esprit is a video game published by Durell Software in 1986 for the ZX Spectrum, Commodore 64, and Amstrad CPC. The game was very detailed and advanced for its time, featuring car indicator lights, pedestrians, traffic lights, and a view of the car's interior controls. It may also feature the earliest example of a free-roaming city environment in a computer game. Turbo Esprit was the first free-roaming driving game, and has been cited as a major influence on the later Grand Theft Auto series.",,,5,1.0,2.0,1.0,,,,,,,,,,,,,,,,0.0,,
56901,zoids-the-battle-begins,Zoids: The Battle Begins,Zoids: The Battle Begins,"<p>Zoids: The Battle Begins is a 1986 battle simulation developed and released in Europe for the ZX Spectrum, Amstrad CPC, MSX and C64 personal computers by Martech, licensed by the Zoids toy manufacturer Tomy.</p>",,[],1986-01-01,False,2023-03-09T07:07:26,https://media.rawg.io/media/games/fd6/fd6a48a5644fb688452e828de63f172b.jpg,https://media.rawg.io/media/screenshots/0e3/0e3fe417d04ccc55ee243f0f4fa83c68.jpg,,0.0,0,"[{'id': 4, 'title': 'recommended', 'count': 1, 'percent': 100.0}]",9,0,9,0,1,0,0,,,,,0,0,0,0,1,327,['Zoids: La Batalla Comienza'],,0,0,3,,1,0f0f0f,0f0f0f,"[{'platform': {'id': 10, 'name': 'Commodore / Amiga', 'slug': 'commodore-amiga'}}]","[{'platform': {'id': 166, 'name': 'Commodore / Amiga', 'slug': 'commodore-amiga', 'image': None, 'year_end': None, 'year_start': None, 'games_count': 2083, 'image_background': 'https://media.rawg.io/media/games/cce/cce8bebe861f295003f5a9fe5b11233f.jpg'}, 'released_at': '1986-01-01', 'requirements': {}}]",[],"[{'id': 27605, 'name': 'Binary Vision', 'slug': 'binary-vision', 'games_count': 3, 'image_background': 'https://media.rawg.io/media/screenshots/0b2/0b24ec161ed15b461f662d0dfce91d14.jpg'}]","[{'id': 4, 'name': 'Action', 'slug': 'action', 'games_count': 186608, 'image_background': 'https://media.rawg.io/media/games/618/618c2031a07bbff6b4f611f10b6bcdbc.jpg'}]","[{'id': 31, 'name': 'Singleplayer', 'slug': 'singleplayer', 'language': 'eng', 'games_count': 238404, 'image_background': 'https://media.rawg.io/media/games/26d/26d4437715bee60138dab4a7c8c59c92.jpg'}]","[{'id': 20262, 'name': 'Martech', 'slug': 'martech', 'games_count': 7, 'image_background': 'https://media.rawg.io/media/screenshots/26b/26b4986f8b81237f8da48e7baa2d5e0e.jpg'}, {'id': 19416, 'name': 'Electric Dreams', 'slug': 'electric-dreams', 'games_count': 4, 'image_background': 'https://media.rawg.io/media/screenshots/4b1/4b1806673ad09956a15e1a85ba41dbe6.jpg'}]",,"Zoids: The Battle Begins is a 1986 battle simulation developed and released in Europe for the ZX Spectrum, Amstrad CPC, MSX and C64 personal computers by Martech, licensed by the Zoids toy manufacturer Tomy.",,,6,1.0,1.0,1.0,,3.0,Teen,teen,,,,,,,,,,,,0.0,,
56684,painterboy,Painterboy,Painterboy,"<p>Painterboy is a game for Commodore 64. Released in 1986, it is one of the first advergames produced in Finland.</p>
<p>The game is advertising paints from Finnish paint company Tikkurila. It is based on ""Father and Son"" characters from Tikkurila's TV commercials of the time - though somewhat caricatured compared to the commercials, which had actors.</p>",,[],1986-01-01,False,2019-08-28T22:25:55,https://media.rawg.io/media/screenshots/941/941e358a7d05067fa7ce789260d52802.jpg,https://media.rawg.io/media/screenshots/3e4/3e4b95bb7c54e642c18134d11933ee9c.jpg,,0.0,0,"[{'id': 3, 'title': 'meh', 'count': 1, 'percent': 100.0}]",9,0,5,0,0,0,0,,,,,0,0,0,0,1,127,[],,0,0,0,,1,0f0f0f,0f0f0f,"[{'platform': {'id': 10, 'name': 'Commodore / Amiga', 'slug': 'commodore-amiga'}}]","[{'platform': {'id': 166, 'name': 'Commodore / Amiga', 'slug': 'commodore-amiga', 'image': None, 'year_end': None, 'year_start': None, 'games_count': 2083, 'image_background': 'https://media.rawg.io/media/games/cce/cce8bebe861f295003f5a9fe5b11233f.jpg'}, 'released_at': '1986-01-01', 'requirements': {}}]",[],"[{'id': 27548, 'name': 'Chart Top Design', 'slug': 'chart-top-design', 'games_count': 1, 'image_background': 'https://media.rawg.io/media/screenshots/941/941e358a7d05067fa7ce789260d52802.jpg'}]","[{'id': 4, 'name': 'Action', 'slug': 'action', 'games_count': 186608, 'image_background': 'https://media.rawg.io/media/games/618/618c2031a07bbff6b4f611f10b6bcdbc.jpg'}]","[{'id': 31, 'name': 'Singleplayer', 'slug': 'singleplayer', 'language': 'eng', 'games_count': 238404, 'image_background': 'https://media.rawg.io/media/games/26d/26d4437715bee60138dab4a7c8c59c92.jpg'}]","[{'id': 20588, 'name': 'Tikkurila', 'slug': 'tikkurila', 'games_count': 1, 'image_background': 'https://media.rawg.io/media/screenshots/941/941e358a7d05067fa7ce789260d52802.jpg'}, {'id': 20589, 'name': 'Tikkurila Oyj', 'slug': 'tikkurila-oyj', 'games_count': 1, 'image_background': 'https://media.rawg.io/media/screenshots/941/941e358a7d05067fa7ce789260d52802.jpg'}]",,"Painterboy is a game for Commodore 64. Released in 1986, it is one of the first advergames produced in Finland.
The game is advertising paints from Finnish paint company Tikkurila. It is based on ""Father and Son"" characters from Tikkurila's TV commercials of the time - though somewhat caricatured compared to the commercials, which had actors.",,,4,2.0,2.0,1.0,,,,,,,,,,,,,,,,0.0,,
33239,pentix,Pentix,Pentix,"<p>Pentix is an arcade game developed by ICE/APP. It was originally released in 1986. It was published by ICE/APP. <br>Pentix is available on PC. </p>

<p></p>",,[],1986-01-01,False,2023-02-08T10:51:11,https://media.rawg.io/media/screenshots/a23/a2391bfad7beff8644e0bef878931ad8.jpg,https://media.rawg.io/media/screenshots/f4b/f4ba666c5851cd36f353ba4e3b97c081.jpg,,0.0,0,[],9,0,3,0,0,0,0,,,,,0,0,0,0,0,22,[],,0,0,0,,0,0f0f0f,0f0f0f,"[{'platform': {'id': 1, 'name': 'PC', 'slug': 'pc'}}]","[{'platform': {'id': 4, 'name': 'PC', 'slug': 'pc', 'image': None, 'year_end': None, 'year_start': None, 'games_count': 547196, 'image_background': 'https://media.rawg.io/media/games/6fc/6fcf4cd3b17c288821388e6085bb0fc9.jpg'}, 'released_at': '1986-01-01', 'requirements': {}}]",[],"[{'id': 16122, 'name': 'ICE/APP', 'slug': 'iceapp', 'games_count': 1, 'image_background': 'https://media.rawg.io/media/screenshots/a23/a2391bfad7beff8644e0bef878931ad8.jpg'}]","[{'id': 11, 'name': 'Arcade', 'slug': 'arcade', 'games_count': 22658, 'image_background': 'https://media.rawg.io/media/games/556/556157feed9ee1f55f2b12b2973e30a3.jpg'}]",[],"[{'id': 12404, 'name': 'ICE/APP', 'slug': 'iceapp', 'games_count': 1, 'image_background': 'https://media.rawg.io/media/screenshots/a23/a2391bfad7beff8644e0bef878931ad8.jpg'}]",,,,1.0,4,2.0,1.0,1.0,,,,,,,,,,,,,,,,0.0,,
56892,world-cup-carnival,World Cup Carnival,World Cup Carnival,"<p>World Cup Carnival is a football video game for Amstrad CPC, Commodore 64 and ZX Spectrum released in 1986.</p>",,[],1986-01-01,False,2019-08-28T22:00:15,https://media.rawg.io/media/screenshots/8f3/8f34692df30bce96066062ff2429daf5.jpg,https://media.rawg.io/media/screenshots/07e/07ecc13e84149e3ff7680938210252c8.jpg,,0.0,0,[],9,0,8,0,0,0,0,,,,,0,0,0,0,0,229,[],,0,0,0,,0,0f0f0f,0f0f0f,"[{'platform': {'id': 10, 'name': 'Commodore / Amiga', 'slug': 'commodore-amiga'}}]","[{'platform': {'id': 166, 'name': 'Commodore / Amiga', 'slug': 'commodore-amiga', 'image': None, 'year_end': None, 'year_start': None, 'games_count': 2083, 'image_background': 'https://media.rawg.io/media/games/cce/cce8bebe861f295003f5a9fe5b11233f.jpg'}, 'released_at': '1986-01-01', 'requirements': {}}]",[],"[{'id': 27652, 'name': 'Artic Computing', 'slug': 'artic-computing', 'games_count': 5, 'image_background': 'https://media.rawg.io/media/screenshots/137/1378031cc3b6b91ff366d30ebc22a171.jpg'}, {'id': 27653, 'name': 'Artic Software', 'slug': 'artic-software', 'games_count': 1, 'image_background': 'https://media.rawg.io/media/screenshots/8f3/8f34692df30bce96066062ff2429daf5.jpg'}]","[{'id': 14, 'name': 'Simulation', 'slug': 'simulation', 'games_count': 73491, 'image_background': 'https://media.rawg.io/media/games/48c/48cb04ca483be865e3a83119c94e6097.jpg'}, {'id': 15, 'name': 'Sports', 'slug': 'sports', 'games_count': 22123, 'image_background': 'https://media.rawg.io/media/games/5eb/5eb49eb2fa0738fdb5bacea557b1bc57.jpg'}]","[{'id': 31, 'name': 'Singleplayer', 'slug': 'singleplayer', 'language': 'eng', 'games_count': 238404, 'image_background': 'https://media.rawg.io/media/games/26d/26d4437715bee60138dab4a7c8c59c92.jpg'}, {'id': 7, 'name': 'Multiplayer', 'slug': 'multiplayer', 'language': 'eng', 'games_count': 40505, 'image_background': 'https://media.rawg.io/media/games/021/021c4e21a1824d2526f925eff6324653.jpg'}]","[{'id': 11527, 'name': 'U.S. Gold', 'slug': 'us-gold-2', 'games_count': 95, 'image_background': 'https://media.rawg.io/media/games/eaa/eaa94a1203b9b8fdf5b01575c9e91591.jpg'}]",,"World Cup Carnival is a football video game for Amstrad CPC, Commodore 64 and ZX Spectrum released in 1986.",,,5,1.0,2.0,1.0,,,,,,,,,,,,,,,,0.0,,
56590,knight-tyme,Knight Tyme,Knight Tyme,"<p>Knight Tyme is a computer game released for the ZX Spectrum, Amstrad CPC, Commodore 64 and MSX compatibles in 1986. It was published by Mastertronic as part of their Mastertronic Added Dimension label. Two versions of the ZX Spectrum release were published: a full version for the 128K Spectrum (which was published first) and a cut-down version for the 48K Spectrum that removed the music, some graphics and some locations (which was published later).</p>
<p>It was programmed by David Jones and is the third game in the Magic Knight series. The in-game music was written by David Whittaker on the C64 version and Rob Hubbard on the Spectrum and Amstrad versions. Graphics were by Ray Owen.</p>",,[],1986-01-01,False,2019-08-28T22:00:24,https://media.rawg.io/media/screenshots/014/014138e41532d5f82f1ac09aa281e440.jpg,https://media.rawg.io/media/screenshots/28a/28ae02238abbc60b2d3622e386852df9.jpg,,0.0,0,[],9,0,8,0,0,0,0,,,,,0,0,0,0,0,226,[],,0,0,0,,0,0f0f0f,0f0f0f,"[{'platform': {'id': 10, 'name': 'Commodore / Amiga', 'slug': 'commodore-amiga'}}]","[{'platform': {'id': 166, 'name': 'Commodore / Amiga', 'slug': 'commodore-amiga', 'image': None, 'year_end': None, 'year_start': None, 'games_count': 2083, 'image_background': 'https://media.rawg.io/media/games/cce/cce8bebe861f295003f5a9fe5b11233f.jpg'}, 'released_at': '1986-01-01', 'requirements': {}}]",[],"[{'id': 26977, 'name': 'David Whittaker', 'slug': 'david-whittaker', 'games_count': 4, 'image_background': 'https://media.rawg.io/media/screenshots/5e7/5e78493d95b572639f066410498d90c2.jpg'}, {'id': 27451, 'name': 'David Jones', 'slug': 'david-jones', 'games_count': 4, 'image_background': 'https://media.rawg.io/media/screenshots/014/014138e41532d5f82f1ac09aa281e440.jpg'}, {'id': 27507, 'name': 'Rob Hubbard', 'slug': 'rob-hubbard', 'games_count': 2, 'image_background': 'https://media.rawg.io/media/screenshots/014/014138e41532d5f82f1ac09aa281e440.jpg'}]",[],"[{'id': 31, 'name': 'Singleplayer', 'slug': 'singleplayer', 'language': 'eng', 'games_count': 238404, 'image_background': 'https://media.rawg.io/media/games/26d/26d4437715bee60138dab4a7c8c59c92.jpg'}]","[{'id': 4799, 'name': 'Mastertronic', 'slug': 'mastertronic', 'games_count': 72, 'image_background': 'https://media.rawg.io/media/screenshots/bb4/bb424afaf45c23f5893753ab1c1eca27.jpg'}]",,"Knight Tyme is a computer game released for the ZX Spectrum, Amstrad CPC, Commodore 64 and MSX compatibles in 1986. It was published by Mastertronic as part of their Mastertronic Added Dimension label. Two versions of the ZX Spectrum release were published: a full version for the 128K Spectrum (which was published first) and a cut-down version for the 48K Spectrum that removed the music, some graphics and some locations (which was published later).
It was programmed by David Jones and is the third game in the Magic Knight series. The in-game music was written by David Whittaker on the C64 version and Rob Hubbard on the Spectrum and Amstrad versions. Graphics were by Ray Owen.",,,5,1.0,2.0,1.0,,,,,,,,,,,,,,,,0.0,,
55383,championship-baseball,Championship Baseball,Championship Baseball,<p>Championship Baseball is a computer game developed by Activision's Gamestar division in 1986.</p>,,[],1986-01-01,False,2019-08-28T22:01:04,,,,0.0,0,[],9,0,0,0,0,0,0,,,,,0,0,0,0,0,0,[],,0,0,0,,0,0f0f0f,0f0f0f,"[{'platform': {'id': 10, 'name': 'Commodore / Amiga', 'slug': 'commodore-amiga'}}]","[{'platform': {'id': 166, 'name': 'Commodore / Amiga', 'slug': 'commodore-amiga', 'image': None, 'year_end': None, 'year_start': None, 'games_count': 2083, 'image_background': 'https://media.rawg.io/media/games/cce/cce8bebe861f295003f5a9fe5b11233f.jpg'}, 'released_at': '1986-01-01', 'requirements': {}}]",[],"[{'id': 9667, 'name': 'GameStar', 'slug': 'gamestar-2', 'games_count': 2, 'image_background': 'https://media.rawg.io/media/screenshots/3d5/3d5163bd2d5af6dc4969c58882709aa6.jpg'}]","[{'id': 15, 'name': 'Sports', 'slug': 'sports', 'games_count': 22123, 'image_background': 'https://media.rawg.io/media/games/5eb/5eb49eb2fa0738fdb5bacea557b1bc57.jpg'}]","[{'id': 31, 'name': 'Singleplayer', 'slug': 'singleplayer', 'language': 'eng', 'games_count': 238404, 'image_background': 'https://media.rawg.io/media/games/26d/26d4437715bee60138dab4a7c8c59c92.jpg'}, {'id': 7, 'name': 'Multiplayer', 'slug': 'multiplayer', 'language': 'eng', 'games_count': 40505, 'image_background': 'https://media.rawg.io/media/games/021/021c4e21a1824d2526f925eff6324653.jpg'}]","[{'id': 10830, 'name': 'Activision Blizzard', 'slug': 'activision-blizzard', 'games_count': 691, 'image_background': 'https://media.rawg.io/media/games/445/44507fdd60a8ec02b1c3c64a293ca754.jpg'}]",,Championship Baseball is a computer game developed by Activision's Gamestar division in 1986.,,,4,2.0,2.0,1.0,,,,,,,,,,,,,,,,0.0,,
56356,the-boggit,The Boggit,The Boggit,"<p>The Boggit: Bored Too is a text adventure game by Delta 4 released in 1986 for the Commodore 64, Amstrad CPC and ZX Spectrum home computers. The game is a parody of the J.R.R. Tolkien novel The Hobbit and of the earlier game based upon it also called The Hobbit. It is the prequel to Bored of the Rings.</p>",,[],1986-01-01,False,2019-08-28T22:00:32,,,,0.0,0,[],9,0,0,0,2,0,0,,,,,0,0,0,0,0,0,[],,0,0,0,,0,0f0f0f,0f0f0f,"[{'platform': {'id': 10, 'name': 'Commodore / Amiga', 'slug': 'commodore-amiga'}}]","[{'platform': {'id': 166, 'name': 'Commodore / Amiga', 'slug': 'commodore-amiga', 'image': None, 'year_end': None, 'year_start': None, 'games_count': 2083, 'image_background': 'https://media.rawg.io/media/games/cce/cce8bebe861f295003f5a9fe5b11233f.jpg'}, 'released_at': '1986-01-01', 'requirements': {}}]",[],"[{'id': 27403, 'name': 'Delta 4', 'slug': 'delta-4', 'games_count': 4, 'image_background': 'https://media.rawg.io/media/screenshots/67a/67a3323ff74f188e0e21b443c01477bc.jpg'}]",[],"[{'id': 31, 'name': 'Singleplayer', 'slug': 'singleplayer', 'language': 'eng', 'games_count': 238404, 'image_background': 'https://media.rawg.io/media/games/26d/26d4437715bee60138dab4a7c8c59c92.jpg'}]","[{'id': 20289, 'name': 'CRL Group', 'slug': 'crl-group', 'games_count': 12, 'image_background': 'https://media.rawg.io/media/screenshots/48a/48a78f92a96ad5870bb0fcc1e705ccc4.jpg'}]",,"The Boggit: Bored Too is a text adventure game by Delta 4 released in 1986 for the Commodore 64, Amstrad CPC and ZX Spectrum home computers. The game is a parody of the J.R.R. Tolkien novel The Hobbit and of the earlier game based upon it also called The Hobbit. It is the prequel to Bored of the Rings.",,,4,2.0,2.0,1.0,,,,,,,,,,,,,,,,0.0,,
264691,the-wing-of-madoola,The Wing of Madoola,The Wing of Madoola,<p>Madoola no Tsubasa: The Wing of Madoola (マドゥーラの翼) is a Action RPG video game published by Sunsoft released on 1986 for the NES.</p>,,[],1986-12-18,False,2022-08-23T16:51:38,https://media.rawg.io/media/games/ea8/ea8a934424b27335269dc3fc4bde8893.jpg,https://media.rawg.io/media/screenshots/f9b/f9b51fb8d690a08364483a6c0fd4d31d.jpg,,0.0,0,"[{'id': 4, 'title': 'recommended', 'count': 2, 'percent': 50.0}, {'id': 3, 'title': 'meh', 'count': 2, 'percent': 50.0}]",9,0,8,0,2,0,0,,,,,0,0,0,1,3,255,"['Madoola no Tsubasa: The Wing of Madoola', 'マドゥーラの翼']",,0,0,0,,4,0f0f0f,0f0f0f,"[{'platform': {'id': 7, 'name': 'Nintendo', 'slug': 'nintendo'}}]","[{'platform': {'id': 49, 'name': 'NES', 'slug': 'nes', 'image': None, 'year_end': None, 'year_start': None, 'games_count': 1015, 'image_background': 'https://media.rawg.io/media/games/7c5/7c50dd0415eb0a57505c58d4e50e4d24.jpg'}, 'released_at': '1986-12-18', 'requirements': {}}]",[],"[{'id': 14881, 'name': 'SunSoft', 'slug': 'sunsoft', 'games_count': 50, 'image_background': 'https://media.rawg.io/media/screenshots/443/44360ce0ceb75a1dd0879f46c8f72e57.jpg'}]","[{'id': 4, 'name': 'Action', 'slug': 'action', 'games_count': 186608, 'image_background': 'https://media.rawg.io/media/games/618/618c2031a07bbff6b4f611f10b6bcdbc.jpg'}, {'id': 5, 'name': 'RPG', 'slug': 'role-playing-games-rpg', 'games_count': 59370, 'image_background': 'https://media.rawg.io/media/games/f6b/f6bed028b02369d4cab548f4f9337e81.jpg'}]",[],"[{'id': 10766, 'name': 'Sunsoft', 'slug': 'sunsoft', 'games_count': 94, 'image_background': 'https://media.rawg.io/media/games/6a7/6a77f4d4028bbb1403102cef41760164.jpg'}]",,Madoola no Tsubasa: The Wing of Madoola (マドゥーラの翼) is a Action RPG video game published by Sunsoft released on 1986 for the NES.,,,4,3.0,1.0,1.0,,2.0,Everyone 10+,everyone-10-plus,,,,,,,,,,,,0.0,,
56622,mad-nurse,Mad Nurse,Mad Nurse,"<p>Mad Nurse is a video game programmed by Simon Pick and published by Firebird Software Ltd. for the Commodore 64 and ZX Spectrum in 1986.</p>
<p>The plot of the game is that you control a nurse at a maternity hospital, where you have to rescue the babies who have escaped from their cots. If left alone, the babies will eat medicine bottles, electrocute themselves at electrical outlets, and fall down the elevator shaft. The gameplay has the form of a non-scrolling platformer where the nurse can use an elevator to ascend or descend platforms. If too many babies die, the nurse is fired.</p>
<p>Firebird initially refused to publish the game, because dying babies were too controversial, but changed their minds when their post of head of development changed hands. Some outlets also refused to sell the game.</p>
<p>The music in the game is adopted from Brahms' Lullaby by Johannes Brahms and Hungarian Rhapsody No. 2 by Franz Liszt.</p>",,[],1986-01-01,False,2019-08-28T22:00:23,https://media.rawg.io/media/screenshots/475/475db0847f8831d4f7a913b043b23d1b.jpg,https://media.rawg.io/media/screenshots/e42/e421a0612fa72318dd09c87e09830441.jpg,,0.0,0,[],9,0,8,0,1,0,0,,,,,0,0,0,0,0,231,[],,0,0,0,,0,0f0f0f,0f0f0f,"[{'platform': {'id': 10, 'name': 'Commodore / Amiga', 'slug': 'commodore-amiga'}}]","[{'platform': {'id': 166, 'name': 'Commodore / Amiga', 'slug': 'commodore-amiga', 'image': None, 'year_end': None, 'year_start': None, 'games_count': 2083, 'image_background': 'https://media.rawg.io/media/games/cce/cce8bebe861f295003f5a9fe5b11233f.jpg'}, 'released_at': '1986-01-01', 'requirements': {}}]",[],[],"[{'id': 83, 'name': 'Platformer', 'slug': 'platformer', 'games_count': 100869, 'image_background': 'https://media.rawg.io/media/games/f8c/f8c6a262ead4c16b47e1219310210eb3.jpg'}]","[{'id': 31, 'name': 'Singleplayer', 'slug': 'singleplayer', 'language': 'eng', 'games_count': 238404, 'image_background': 'https://media.rawg.io/media/games/26d/26d4437715bee60138dab4a7c8c59c92.jpg'}]","[{'id': 20199, 'name': 'Telecomsoft', 'slug': 'telecomsoft', 'games_count': 28, 'image_background': 'https://media.rawg.io/media/screenshots/b56/b569505ea715521ab76621752fa0c6a4.jpg'}, {'id': 11716, 'name': 'Firebird Software', 'slug': 'firebird-software', 'games_count': 14, 'image_background': 'https://media.rawg.io/media/screenshots/2f2/2f20cd854e22846e566547dacf2d147e.jpg'}]",,"Mad Nurse is a video game programmed by Simon Pick and published by Firebird Software Ltd. for the Commodore 64 and ZX Spectrum in 1986.
The plot of the game is that you control a nurse at a maternity hospital, where you have to rescue the babies who have escaped from their cots. If left alone, the babies will eat medicine bottles, electrocute themselves at electrical outlets, and fall down the elevator shaft. The gameplay has the form of a non-scrolling platformer where the nurse can use an elevator to ascend or descend platforms. If too many babies die, the nurse is fired.
Firebird initially refused to publish the game, because dying babies were too controversial, but changed their minds when their post of head of development changed hands. Some outlets also refused to sell the game.
The music in the game is adopted from Brahms' Lullaby by Johannes Brahms and Hungarian Rhapsody No. 2 by Franz Liszt.",,,5,1.0,2.0,1.0,,,,,,,,,,,,,,,,0.0,,
56904,zub,Zub,Zub,"<p>Zub is a game written for the Amstrad CPC, Commodore 64 and ZX Spectrum which was published in 1986 by Mastertronic and was written by Ste and John Pickford on the ZX Spectrum and Phillip Brian Allsopp on the Commodore 64 with music on all formats composed by David Whittaker.</p>
<p>Zub is in the employ of Emperor Zub of the Zub galactic empire who has been tasked with retrieving the Green Eye of Zub. In order to facilitate this task, Zub has been permitted use of the ancient intergalactic elevator system which permits transport between planets. The elevators do not follow any sort of linear route and must be reached by traversing and riding platforms on planets to reach any of the three elevators at the top of the chain. The platforms and elevators are guarded by creatures confusingly known as Zubs but each planet has a different sub-species - for example the first level's Zub resembles a gyroscope whilst he fourth level's is a fish. The Zubs can be shot and stunned. They will float to the top platform level and then descend to harass and attack Zub. The Green Eye of Zub was last located on the tenth planet and once the Eye is found, Zub has to return to the first planet to present the Eye of Zub to Emperor Zub.</p>
<p>There are seven difficulty levels, each one increases the number of enemy Zubs per planet.</p>",,[],1986-01-01,False,2019-08-28T22:25:52,https://media.rawg.io/media/screenshots/605/6052a7a7c46163eb81d733475885f7c6.jpg,https://media.rawg.io/media/screenshots/38e/38e50eb393ced542ee0449c931185334.jpg,,0.0,0,"[{'id': 5, 'title': 'exceptional', 'count': 1, 'percent': 100.0}]",9,0,9,0,0,0,0,,,,,0,0,0,0,1,230,[],,0,0,0,,1,0f0f0f,0f0f0f,"[{'platform': {'id': 10, 'name': 'Commodore / Amiga', 'slug': 'commodore-amiga'}}]","[{'platform': {'id': 166, 'name': 'Commodore / Amiga', 'slug': 'commodore-amiga', 'image': None, 'year_end': None, 'year_start': None, 'games_count': 2083, 'image_background': 'https://media.rawg.io/media/games/cce/cce8bebe861f295003f5a9fe5b11233f.jpg'}, 'released_at': '1986-01-01', 'requirements': {}}]",[],"[{'id': 14743, 'name': 'Binary Design', 'slug': 'binary-design', 'games_count': 6, 'image_background': 'https://media.rawg.io/media/screenshots/431/431d1afcf0fbfe4e64b7f2f8063b9a7b.jpg'}]",[],"[{'id': 31, 'name': 'Singleplayer', 'slug': 'singleplayer', 'language': 'eng', 'games_count': 238404, 'image_background': 'https://media.rawg.io/media/games/26d/26d4437715bee60138dab4a7c8c59c92.jpg'}]","[{'id': 4799, 'name': 'Mastertronic', 'slug': 'mastertronic', 'games_count': 72, 'image_background': 'https://media.rawg.io/media/screenshots/bb4/bb424afaf45c23f5893753ab1c1eca27.jpg'}]",,"Zub is a game written for the Amstrad CPC, Commodore 64 and ZX Spectrum which was published in 1986 by Mastertronic and was written by Ste and John Pickford on the ZX Spectrum and Phillip Brian Allsopp on the Commodore 64 with music on all formats composed by David Whittaker.
Zub is in the employ of Emperor Zub of the Zub galactic empire who has been tasked with retrieving the Green Eye of Zub. In order to facilitate this task, Zub has been permitted use of the ancient intergalactic elevator system which permits transport between planets. The elevators do not follow any sort of linear route and must be reached by traversing and riding platforms on planets to reach any of the three elevators at the top of the chain. The platforms and elevators are guarded by creatures confusingly known as Zubs but each planet has a different sub-species - for example the first level's Zub resembles a gyroscope whilst he fourth level's is a fish. The Zubs can be shot and stunned. They will float to the top platform level and then descend to harass and attack Zub. The Green Eye of Zub was last located on the tenth planet and once the Eye is found, Zub has to return to the first planet to present the Eye of Zub to Emperor Zub.
There are seven difficulty levels, each one increases the number of enemy Zubs per planet.",,,5,1.0,2.0,1.0,,,,,,,,,,,,,,,,0.0,,
56686,parallax-1986,Parallax (1986),Parallax (1986),"<p>Parallax is a shoot 'em up video game developed by British company Sensible Software for the Commodore 64. It was released in 1986 by Ocean Software in Europe and Mindscape in North America. The game was named after its primary graphical feature, parallax scrolling, which gives the illusion of depth to side-scrolling video games. On release, reviews praised the game's mix of traditional side-scrolling action and adventure game-inspired puzzles.</p>",,[],1986-10-01,False,2019-08-28T22:00:21,https://media.rawg.io/media/screenshots/cba/cba61d5aeefafbb5bb8b1191a75bce1a.jpg,https://media.rawg.io/media/screenshots/939/9395663b24b857cf032b28dabcd4c6a4.jpg,,0.0,0,[],9,0,8,0,4,0,0,,,,,0,0,0,0,0,191,[],,0,0,0,,0,0f0f0f,0f0f0f,"[{'platform': {'id': 10, 'name': 'Commodore / Amiga', 'slug': 'commodore-amiga'}}]","[{'platform': {'id': 166, 'name': 'Commodore / Amiga', 'slug': 'commodore-amiga', 'image': None, 'year_end': None, 'year_start': None, 'games_count': 2083, 'image_background': 'https://media.rawg.io/media/games/cce/cce8bebe861f295003f5a9fe5b11233f.jpg'}, 'released_at': '1986-10-01', 'requirements': {}}]",[],"[{'id': 13191, 'name': 'Sensible Software', 'slug': 'sensible-software', 'games_count': 18, 'image_background': 'https://media.rawg.io/media/screenshots/9f0/9f0fb9ac866477010368f328098ae5f0.jpg'}]",[],"[{'id': 31, 'name': 'Singleplayer', 'slug': 'singleplayer', 'language': 'eng', 'games_count': 238404, 'image_background': 'https://media.rawg.io/media/games/26d/26d4437715bee60138dab4a7c8c59c92.jpg'}]","[{'id': 11474, 'name': 'Ocean Software', 'slug': 'ocean-software', 'games_count': 106, 'image_background': 'https://media.rawg.io/media/screenshots/11b/11b13a543a0ff469af2584b8831cc43b.jpg'}, {'id': 10943, 'name': 'MINDSCAPE', 'slug': 'mindscape', 'games_count': 108, 'image_background': 'https://media.rawg.io/media/screenshots/0b1/0b12ddf58af6047922a20dd0d310ad18.jpg'}]",,"Parallax is a shoot 'em up video game developed by British company Sensible Software for the Commodore 64. It was released in 1986 by Ocean Software in Europe and Mindscape in North America. The game was named after its primary graphical feature, parallax scrolling, which gives the illusion of depth to side-scrolling video games. On release, reviews praised the game's mix of traditional side-scrolling action and adventure game-inspired puzzles.",,,5,1.0,2.0,1.0,,,,,,,,,,,,,,,,0.0,,
54049,sky-kid-1986,Sky Kid (1986),Sky Kid (1986),"<p>Sky Kid (スカイキッド, Sukai Kiddo) is a horizontal scrolling shooter arcade game that was released by Namco in 1985. It runs on Namco Pac-Land hardware but with a video system like that used in Dragon Buster. It is also the first game from Namco to allow two players to play simultaneously. The game was later released on the Famicom (brought to the American NES by Sunsoft), and both this version for the Wii, Nintendo 3DS and Wii U and the original arcade version for the Wii were later released on Nintendo's Virtual Console service.</p>
<p>A sequel named Sky Kid Deluxe was released in 1986. It introduced several new enemies and missions, was the first game to run on Namco's then-new Namco System 86 hardware, and was also the first game from the company that used a Yamaha YM2151 FM sound chip.</p>",,[],1986-08-22,False,2019-01-09T12:41:06,https://media.rawg.io/media/screenshots/e50/e50b28ba094e2631b4942b50342aa2fc.jpg,https://media.rawg.io/media/screenshots/f93/f93123b5fc37aeeb66129ab4d78cf7d5.jpg,,0.0,0,"[{'id': 4, 'title': 'recommended', 'count': 1, 'percent': 50.0}, {'id': 3, 'title': 'meh', 'count': 1, 'percent': 50.0}]",9,0,8,0,1,0,0,,,,,0,0,0,0,2,82,[],,0,0,0,,2,0f0f0f,0f0f0f,"[{'platform': {'id': 7, 'name': 'Nintendo', 'slug': 'nintendo'}}]","[{'platform': {'id': 11, 'name': 'Wii', 'slug': 'wii', 'image': None, 'year_end': None, 'year_start': None, 'games_count': 2209, 'image_background': 'https://media.rawg.io/media/games/9ca/9ca31615beee447f3ae1dc9b3b736dce.jpg'}, 'released_at': '1986-08-22', 'requirements': {}}, {'platform': {'id': 8, 'name': 'Nintendo 3DS', 'slug': 'nintendo-3ds', 'image': None, 'year_end': None, 'year_start': None, 'games_count': 1682, 'image_background': 'https://media.rawg.io/media/screenshots/42d/42d770eb49f2ba01cd4045e0d92af7a9.jpg'}, 'released_at': '1986-08-22', 'requirements': {}}, {'platform': {'id': 10, 'name': 'Wii U', 'slug': 'wii-u', 'image': None, 'year_end': None, 'year_start': None, 'games_count': 1114, 'image_background': 'https://media.rawg.io/media/games/85c/85c8ae70e7cdf0105f06ef6bdce63b8b.jpg'}, 'released_at': '1986-08-22', 'requirements': {}}, {'platform': {'id': 49, 'name': 'NES', 'slug': 'nes', 'image': None, 'year_end': None, 'year_start': None, 'games_count': 1015, 'image_background': 'https://media.rawg.io/media/games/7c5/7c50dd0415eb0a57505c58d4e50e4d24.jpg'}, 'released_at': '1986-08-22', 'requirements': {}}]",[],"[{'id': 10055, 'name': 'NAMCO', 'slug': 'namco', 'games_count': 127, 'image_background': 'https://media.rawg.io/media/games/2ff/2ff5b06428e4b016f3b79cf299bd6596.jpg'}, {'id': 26307, 'name': 'Epoch', 'slug': 'epoch', 'games_count': 6, 'image_background': 'https://media.rawg.io/media/screenshots/0c5/0c5c8ec90a56a59691968a81bd86cf75.jpg'}]",[],"[{'id': 418, 'name': '2 players', 'slug': '2-players', 'language': 'eng', 'games_count': 1244, 'image_background': 'https://media.rawg.io/media/screenshots/f9a/f9ac59bb4af2ca2193ee9ffb979577cf.jpg'}]","[{'id': 10901, 'name': 'Namco', 'slug': 'namco', 'games_count': 215, 'image_background': 'https://media.rawg.io/media/games/fc5/fc503876ca1ca34e160e88671af86e88.jpg'}, {'id': 10766, 'name': 'Sunsoft', 'slug': 'sunsoft', 'games_count': 94, 'image_background': 'https://media.rawg.io/media/games/6a7/6a77f4d4028bbb1403102cef41760164.jpg'}, {'id': 19492, 'name': 'Japan', 'slug': 'japan', 'games_count': 27, 'image_background': 'https://media.rawg.io/media/screenshots/291/291eb34b435ecdad82aecf7d60310aa2.jpg'}, {'id': 19971, 'name': 'Epoch', 'slug': 'epoch', 'games_count': 13, 'image_background': 'https://media.rawg.io/media/screenshots/9cb/9cb19fa8bce74cd66a8aec5a964dbeed.jpg'}]",,"Sky Kid (スカイキッド, Sukai Kiddo) is a horizontal scrolling shooter arcade game that was released by Namco in 1985. It runs on Namco Pac-Land hardware but with a video system like that used in Dragon Buster. It is also the first game from Namco to allow two players to play simultaneously. The game was later released on the Famicom (brought to the American NES by Sunsoft), and both this version for the Wii, Nintendo 3DS and Wii U and the original arcade version for the Wii were later released on Nintendo's Virtual Console service.
A sequel named Sky Kid Deluxe was released in 1986. It introduced several new enemies and missions, was the first game to run on Namco's then-new Namco System 86 hardware, and was also the first game from the company that used a Yamaha YM2151 FM sound chip.",,,4,2.0,2.0,1.0,,,,,,,,,,,,,,,,0.0,,
56436,dracula,Dracula,Dracula,"<p>Dracula is a text adventure game by CRL released in 1986 for the Commodore 64, Amstrad CPC and ZX Spectrum home computers. The game is based on the novel Dracula by Bram Stoker. It was the first video game to be rated by the BBFC. The game received a 15 certificate.</p>",,[],1986-01-01,False,2019-08-28T22:00:29,https://media.rawg.io/media/screenshots/54e/54e2765a9a1187332d28ee02cebfeda9.jpg,https://media.rawg.io/media/screenshots/b40/b403a55c21c5c716d2eff3a2a080a1f5.jpg,,0.0,0,[],9,0,6,0,2,0,0,,,,,0,0,0,0,0,111,[],,0,0,0,,0,0f0f0f,0f0f0f,"[{'platform': {'id': 10, 'name': 'Commodore / Amiga', 'slug': 'commodore-amiga'}}]","[{'platform': {'id': 166, 'name': 'Commodore / Amiga', 'slug': 'commodore-amiga', 'image': None, 'year_end': None, 'year_start': None, 'games_count': 2083, 'image_background': 'https://media.rawg.io/media/games/cce/cce8bebe861f295003f5a9fe5b11233f.jpg'}, 'released_at': '1986-01-01', 'requirements': {}}]",[],[],"[{'id': 3, 'name': 'Adventure', 'slug': 'adventure', 'games_count': 146481, 'image_background': 'https://media.rawg.io/media/games/b6b/b6b20bfc4b34e312dbc8aac53c95a348.jpg'}]","[{'id': 31, 'name': 'Singleplayer', 'slug': 'singleplayer', 'language': 'eng', 'games_count': 238404, 'image_background': 'https://media.rawg.io/media/games/26d/26d4437715bee60138dab4a7c8c59c92.jpg'}]","[{'id': 20289, 'name': 'CRL Group', 'slug': 'crl-group', 'games_count': 12, 'image_background': 'https://media.rawg.io/media/screenshots/48a/48a78f92a96ad5870bb0fcc1e705ccc4.jpg'}]",,"Dracula is a text adventure game by CRL released in 1986 for the Commodore 64, Amstrad CPC and ZX Spectrum home computers. The game is based on the novel Dracula by Bram Stoker. It was the first video game to be rated by the BBFC. The game received a 15 certificate.",,1.0,4,1.0,2.0,1.0,,,,,,,,,,,,,,,,0.0,,
54314,silpheed-1986,Silpheed (1986),Silpheed (1986),"<p>Silpheed (Japanese: シルフィード, Hepburn: Shirufīdo) is a video game developed by Game Arts and designed by Takeshi Miyaji. It made its debut on the Japanese PC-8801 in 1986, and was ported to the Fujitsu FM-7 and MS-DOS formats soon after. It was later remade for the Sega CD and has a sequel called Silpheed: The Lost Planet for the PlayStation 2.</p>
<p>Silpheed is the name of the spacecraft that the player controls. Like many shooter games, the story involves using the Silpheed as Earth's last effort to save itself from destruction by a powerful enemy invasion. The original 1986 PC-88 version used 3D polygonal graphics on top of a tilted third-person backdrop. The 1993 Sega CD version later used pre-rendered computer animation as a full motion video background, a technique previously used by the Namco System 21 arcade game Galaxian 3 and later the Sega CD version of Starblade.</p>",,[],1986-12-05,False,2023-02-08T10:51:08,https://media.rawg.io/media/screenshots/123/12354bfe52b7291c3a7f01f4a7b1f102.jpg,https://media.rawg.io/media/screenshots/612/612d7073ab4a1748cebd919221b99194.jpg,,0.0,0,[],9,0,10,0,1,0,0,,,,,0,0,0,0,0,175,[],,0,0,0,,0,0f0f0f,0f0f0f,"[{'platform': {'id': 1, 'name': 'PC', 'slug': 'pc'}}, {'platform': {'id': 5, 'name': 'Apple Macintosh', 'slug': 'mac'}}, {'platform': {'id': 11, 'name': 'SEGA', 'slug': 'sega'}}]","[{'platform': {'id': 4, 'name': 'PC', 'slug': 'pc', 'image': None, 'year_end': None, 'year_start': None, 'games_count': 547196, 'image_background': 'https://media.rawg.io/media/games/6fc/6fcf4cd3b17c288821388e6085bb0fc9.jpg'}, 'released_at': '1986-12-05', 'requirements': {}}, {'platform': {'id': 119, 'name': 'SEGA CD', 'slug': 'sega-cd', 'image': None, 'year_end': None, 'year_start': None, 'games_count': 163, 'image_background': 'https://media.rawg.io/media/screenshots/9a0/9a01b32ce1a3e0576018a2580e32cf26.jpg'}, 'released_at': '1986-12-05', 'requirements': {}}, {'platform': {'id': 41, 'name': 'Apple II', 'slug': 'apple-ii', 'image': None, 'year_end': None, 'year_start': None, 'games_count': 424, 'image_background': 'https://media.rawg.io/media/screenshots/3d2/3d2bb57b39e2efa39d1c385585b2ea8b.jpg'}, 'released_at': '1986-12-05', 'requirements': {}}]",[],"[{'id': 13850, 'name': 'GAME ARTS', 'slug': 'game-arts', 'games_count': 20, 'image_background': 'https://media.rawg.io/media/games/65f/65f84d40bf3f5c265d9ba09e34244541.jpg'}]",[],"[{'id': 31, 'name': 'Singleplayer', 'slug': 'singleplayer', 'language': 'eng', 'games_count': 238404, 'image_background': 'https://media.rawg.io/media/games/26d/26d4437715bee60138dab4a7c8c59c92.jpg'}]","[{'id': 3408, 'name': 'SEGA', 'slug': 'sega-2', 'games_count': 1262, 'image_background': 'https://media.rawg.io/media/games/be9/be9cf02720c9326e11d0fda14518554f.jpg'}, {'id': 10887, 'name': 'Sierra Entertainment', 'slug': 'sierra-entertainment', 'games_count': 112, 'image_background': 'https://media.rawg.io/media/screenshots/058/058a71868ab884d1022023f21f2c6a47.jpg'}, {'id': 10946, 'name': 'Game Arts', 'slug': 'game-arts', 'games_count': 7, 'image_background': 'https://media.rawg.io/media/screenshots/123/12354bfe52b7291c3a7f01f4a7b1f102.jpg'}]",,"Silpheed (Japanese: シルフィード, Hepburn: Shirufīdo) is a video game developed by Game Arts and designed by Takeshi Miyaji. It made its debut on the Japanese PC-8801 in 1986, and was ported to the Fujitsu FM-7 and MS-DOS formats soon after. It was later remade for the Sega CD and has a sequel called Silpheed: The Lost Planet for the PlayStation 2.
Silpheed is the name of the spacecraft that the player controls. Like many shooter games, the story involves using the Silpheed as Earth's last effort to save itself from destruction by a powerful enemy invasion. The original 1986 PC-88 version used 3D polygonal graphics on top of a tilted third-person backdrop. The 1993 Sega CD version later used pre-rendered computer animation as a full motion video background, a technique previously used by the Namco System 21 arcade game Galaxian 3 and later the Sega CD version of Starblade.",,1.0,4,1.0,2.0,1.0,,,,,,,,,,,,,,,,0.0,,
56857,the-trap-door,The Trap Door,The Trap Door,"<p>The Trap Door is a computer game published for the ZX Spectrum, Amstrad CPC and Commodore 64 in 1986 by Piranha Games. It was written by Don Priestley and based on the British children's television show of the same name.</p>",,[],1986-01-01,False,2019-08-28T22:25:52,https://media.rawg.io/media/screenshots/9fd/9fddbfb07eaf3086f86de04297fd867e.jpg,https://media.rawg.io/media/screenshots/cef/cefc885f22d2b68da163406081178184.jpg,,0.0,0,"[{'id': 1, 'title': 'skip', 'count': 1, 'percent': 100.0}]",9,0,8,0,0,0,0,,,,,0,0,0,0,1,265,[],,0,0,0,,1,0f0f0f,0f0f0f,"[{'platform': {'id': 10, 'name': 'Commodore / Amiga', 'slug': 'commodore-amiga'}}]","[{'platform': {'id': 166, 'name': 'Commodore / Amiga', 'slug': 'commodore-amiga', 'image': None, 'year_end': None, 'year_start': None, 'games_count': 2083, 'image_background': 'https://media.rawg.io/media/games/cce/cce8bebe861f295003f5a9fe5b11233f.jpg'}, 'released_at': '1986-01-01', 'requirements': {}}]",[],"[{'id': 27346, 'name': 'Don Priestley', 'slug': 'don-priestley', 'games_count': 4, 'image_background': 'https://media.rawg.io/media/screenshots/13a/13a99b7e3c7e4680fa5b07d93d5e1a4b.jpg'}]",[],"[{'id': 31, 'name': 'Singleplayer', 'slug': 'singleplayer', 'language': 'eng', 'games_count': 238404, 'image_background': 'https://media.rawg.io/media/games/26d/26d4437715bee60138dab4a7c8c59c92.jpg'}]","[{'id': 20514, 'name': 'Piranha Games', 'slug': 'piranha-games', 'games_count': 7, 'image_background': 'https://media.rawg.io/media/screenshots/f4d/f4dfbaaa2c33178e9af184a6c89172f8.jpg'}, {'id': 20483, 'name': 'Macmillan Publishers', 'slug': 'macmillan-publishers', 'games_count': 4, 'image_background': 'https://media.rawg.io/media/screenshots/9fd/9fddbfb07eaf3086f86de04297fd867e.jpg'}]",,"The Trap Door is a computer game published for the ZX Spectrum, Amstrad CPC and Commodore 64 in 1986 by Piranha Games. It was written by Don Priestley and based on the British children's television show of the same name.",,,5,1.0,2.0,1.0,,,,,,,,,,,,,,,,0.0,,
56707,portal-1986,Portal (1986),Portal (1986),"<p>Portal is a mix between a computerized novel and an interactive game. It was published for the Amiga in 1986 by Activision, written by Rob Swigart, produced by Brad Fregger, and programmed by Nexa Corporation. Versions for the Commodore 64, Apple II, and MS-DOS were later released. Versions for the Apple Macintosh and Atari ST were announced and developed, but never formally released. A unique game for its time, Portal was one part text-driven adventure (à la Zork or Planetfall) but with a graphical interface. It is unrelated to the 2007 game of the same name by Valve Corporation.</p>",,[],1986-11-01,False,2023-08-14T11:25:06,https://media.rawg.io/media/screenshots/a3c/a3cce574d16b1d1ae7fec92b725ec487.jpg,https://media.rawg.io/media/screenshots/ce6/ce6fe4f27d7354a0ea3aba1a11032bcb.jpg,,0.0,0,[],9,0,8,0,2,0,0,,,,,0,0,0,0,0,209,[],,0,0,0,,0,0f0f0f,0f0f0f,"[{'platform': {'id': 5, 'name': 'Apple Macintosh', 'slug': 'mac'}}, {'platform': {'id': 9, 'name': 'Atari', 'slug': 'atari'}}, {'platform': {'id': 10, 'name': 'Commodore / Amiga', 'slug': 'commodore-amiga'}}]","[{'platform': {'id': 166, 'name': 'Commodore / Amiga', 'slug': 'commodore-amiga', 'image': None, 'year_end': None, 'year_start': None, 'games_count': 2083, 'image_background': 'https://media.rawg.io/media/games/cce/cce8bebe861f295003f5a9fe5b11233f.jpg'}, 'released_at': '1986-11-01', 'requirements': {}}, {'platform': {'id': 55, 'name': 'Classic Macintosh', 'slug': 'macintosh', 'image': None, 'year_end': None, 'year_start': None, 'games_count': 675, 'image_background': 'https://media.rawg.io/media/games/38a/38af969459ad6e5de116ec8a4a84218c.jpg'}, 'released_at': '1986-11-01', 'requirements': {}}, {'platform': {'id': 41, 'name': 'Apple II', 'slug': 'apple-ii', 'image': None, 'year_end': None, 'year_start': None, 'games_count': 424, 'image_background': 'https://media.rawg.io/media/screenshots/3d2/3d2bb57b39e2efa39d1c385585b2ea8b.jpg'}, 'released_at': '1986-11-01', 'requirements': {}}, {'platform': {'id': 34, 'name': 'Atari ST', 'slug': 'atari-st', 'image': None, 'year_end': None, 'year_start': None, 'games_count': 836, 'image_background': 'https://media.rawg.io/media/games/637/637d7dc2f44d0f6ddd3ee2c0b1366962.jpg'}, 'released_at': '1986-11-01', 'requirements': {}}]",[],"[{'id': 27557, 'name': 'Nexa', 'slug': 'nexa-corporation', 'games_count': 3, 'image_background': 'https://media.rawg.io/media/screenshots/a3c/a3cce574d16b1d1ae7fec92b725ec487.jpg'}]","[{'id': 3, 'name': 'Adventure', 'slug': 'adventure', 'games_count': 146481, 'image_background': 'https://media.rawg.io/media/games/b6b/b6b20bfc4b34e312dbc8aac53c95a348.jpg'}]","[{'id': 31, 'name': 'Singleplayer', 'slug': 'singleplayer', 'language': 'eng', 'games_count': 238404, 'image_background': 'https://media.rawg.io/media/games/26d/26d4437715bee60138dab4a7c8c59c92.jpg'}]","[{'id': 10830, 'name': 'Activision Blizzard', 'slug': 'activision-blizzard', 'games_count': 691, 'image_background': 'https://media.rawg.io/media/games/445/44507fdd60a8ec02b1c3c64a293ca754.jpg'}]",,"Portal is a mix between a computerized novel and an interactive game. It was published for the Amiga in 1986 by Activision, written by Rob Swigart, produced by Brad Fregger, and programmed by Nexa Corporation. Versions for the Commodore 64, Apple II, and MS-DOS were later released. Versions for the Apple Macintosh and Atari ST were announced and developed, but never formally released. A unique game for its time, Portal was one part text-driven adventure (à la Zork or Planetfall) but with a graphical interface. It is unrelated to the 2007 game of the same name by Valve Corporation.",,,5,1.0,2.0,1.0,,,,,,,,,,,,,,,,0.0,,
56430,the-detective,The Detective,The Detective,<p>The Detective is a 1986 video game by Sam Manthorpe and published by Argus Press Software.</p>,,[],1986-12-20,False,2019-08-28T22:00:29,https://media.rawg.io/media/screenshots/28e/28e4452aec1021e7b9512439e40f5ad3.jpg,https://media.rawg.io/media/screenshots/241/241b00e541f1b0f1fa2ff1202c633d9c.jpg,,0.0,0,[],9,0,8,0,1,0,0,,,,,0,0,0,0,0,180,[],,0,0,0,,0,0f0f0f,0f0f0f,"[{'platform': {'id': 10, 'name': 'Commodore / Amiga', 'slug': 'commodore-amiga'}}]","[{'platform': {'id': 166, 'name': 'Commodore / Amiga', 'slug': 'commodore-amiga', 'image': None, 'year_end': None, 'year_start': None, 'games_count': 2083, 'image_background': 'https://media.rawg.io/media/games/cce/cce8bebe861f295003f5a9fe5b11233f.jpg'}, 'released_at': '1986-12-20', 'requirements': {}}]",[],"[{'id': 27431, 'name': 'Sam Manthorpe', 'slug': 'sam-manthorpe', 'games_count': 1, 'image_background': 'https://media.rawg.io/media/screenshots/28e/28e4452aec1021e7b9512439e40f5ad3.jpg'}]","[{'id': 3, 'name': 'Adventure', 'slug': 'adventure', 'games_count': 146481, 'image_background': 'https://media.rawg.io/media/games/b6b/b6b20bfc4b34e312dbc8aac53c95a348.jpg'}]","[{'id': 31, 'name': 'Singleplayer', 'slug': 'singleplayer', 'language': 'eng', 'games_count': 238404, 'image_background': 'https://media.rawg.io/media/games/26d/26d4437715bee60138dab4a7c8c59c92.jpg'}]","[{'id': 20523, 'name': 'Argus Press', 'slug': 'argus-press', 'games_count': 4, 'image_background': 'https://media.rawg.io/media/screenshots/28e/28e4452aec1021e7b9512439e40f5ad3.jpg'}, {'id': 20522, 'name': 'Argus Press Software', 'slug': 'argus-press-software', 'games_count': 2, 'image_background': 'https://media.rawg.io/media/screenshots/28e/28e4452aec1021e7b9512439e40f5ad3.jpg'}]",,The Detective is a 1986 video game by Sam Manthorpe and published by Argus Press Software.,,,5,1.0,2.0,1.0,,,,,,,,,,,,,,,,0.0,,
336794,cruise-chaser-blassty,Cruise Chaser Blassty,Cruise Chaser Blassty,"<p>The game is set in the future, where the majority of humanity is ruled by a group, called the Commune, that lives giant space station named Ondina orbiting the Earth, which oversees the development and expansion of humanity throughout the solar system. A group of rebels called the Inverse, based on Mars, are rebelling against what they see as an oppressive government.</p>",,[],1986-04-30,False,2019-06-26T10:54:00,https://media.rawg.io/media/screenshots/2b1/2b187407a9a55cfb7e33cd2c74a5d2a7.jpg,,,0.0,0,[],9,0,1,0,4,0,0,,,,,0,0,0,0,0,53,[],,0,0,0,,0,0f0f0f,0f0f0f,[],[],[],"[{'id': 14687, 'name': 'Square', 'slug': 'square', 'games_count': 58, 'image_background': 'https://media.rawg.io/media/games/826/82626e2d7ee7d96656fb9838c2ef7302.jpg'}]","[{'id': 5, 'name': 'RPG', 'slug': 'role-playing-games-rpg', 'games_count': 59369, 'image_background': 'https://media.rawg.io/media/games/995/9951d9d55323d08967640f7b9ab3e342.jpg'}]","[{'id': 25, 'name': 'Space', 'slug': 'space', 'language': 'eng', 'games_count': 43594, 'image_background': 'https://media.rawg.io/media/games/ebd/ebdbb7eb52bd58b0e7fa4538d9757b60.jpg'}, {'id': 263, 'name': 'Mars', 'slug': 'mars', 'language': 'eng', 'games_count': 1007, 'image_background': 'https://media.rawg.io/media/screenshots/1dd/1ddb8ea784f98fc8cb77c0e5ccd28105.jpeg'}]",[],,"The game is set in the future, where the majority of humanity is ruled by a group, called the Commune, that lives giant space station named Ondina orbiting the Earth, which oversees the development and expansion of humanity throughout the solar system. A group of rebels called the Inverse, based on Mars, are rebelling against what they see as an oppressive government.",,,6,1.0,1.0,1.0,,,,,,,,,,,,,,,,0.0,,
602231,dragon-ball-shenron-no-nazo,Dragon Ball: Shenron no Nazo,Dragon Ball: Shenron no Nazo,"<p>Dragon Ball: Shenron no Nazo (ドラゴンボール 神シェン龍ロンの謎なぞ Doragon Bōru Shenron no Nazo, lit. Dragon Ball: Shenlong’s Riddle) is the second video game based on the Dragon Ball series (its predecessor being Dragon Ball: Dragon Daihikyou) and the first Dragon Ball game produced and distributed by Bandai. It is an action game developed by TOSE Software Company. It was released for the Family Computer on November 27, 1986 in Japan. Outside Japan, a graphically altered version released for the North American market in March 1988 under the title of Dragon Power, which divorced the game from the Dragon Ball license. Shenron no Nazo consists of 2D overhead areas where Goku must fight many enemies, and switches to side-scrolling sequences for the boss fights.</p>",,[],1986-11-27,False,2022-06-12T10:35:41,https://media.rawg.io/media/games/110/110442e1792bffa381c3996cfa1a9702.jpg,https://media.rawg.io/media/screenshots/f19/f19e01e1a929cf71ae44091be24483c4.jpg,,0.0,0,"[{'id': 3, 'title': 'meh', 'count': 2, 'percent': 66.67}, {'id': 1, 'title': 'skip', 'count': 1, 'percent': 33.33}]",8,0,9,0,1,0,0,,,,,0,0,0,1,2,190,"['Dragon Ball: Le Secret Du Dragon', 'Dragon Ball: Shenlong’s Riddle', 'Dragon Power', 'ドラゴンボール 神シェン龍ロンの謎なぞ ']",,0,0,56,,3,0f0f0f,0f0f0f,"[{'platform': {'id': 7, 'name': 'Nintendo', 'slug': 'nintendo'}}]","[{'platform': {'id': 49, 'name': 'NES', 'slug': 'nes', 'image': None, 'year_end': None, 'year_start': None, 'games_count': 1015, 'image_background': 'https://media.rawg.io/media/games/7c5/7c50dd0415eb0a57505c58d4e50e4d24.jpg'}, 'released_at': '1986-11-27', 'requirements': {}}]",[],"[{'id': 26022, 'name': 'Tose Software', 'slug': 'tose-software', 'games_count': 5, 'image_background': 'https://media.rawg.io/media/games/49e/49e5ca32f617cc322cd511211706c528.jpeg'}]","[{'id': 4, 'name': 'Action', 'slug': 'action', 'games_count': 186608, 'image_background': 'https://media.rawg.io/media/games/618/618c2031a07bbff6b4f611f10b6bcdbc.jpg'}]",[],"[{'id': 11287, 'name': 'Bandai', 'slug': 'bandai', 'games_count': 212, 'image_background': 'https://media.rawg.io/media/games/dea/dea3ffd2ee465017a545b240a8fe63bb.jpg'}]",,"Dragon Ball: Shenron no Nazo (ドラゴンボール 神シェン龍ロンの謎なぞ Doragon Bōru Shenron no Nazo, lit. Dragon Ball: Shenlong’s Riddle) is the second video game based on the Dragon Ball series (its predecessor being Dragon Ball: Dragon Daihikyou) and the first Dragon Ball game produced and distributed by Bandai. It is an action game developed by TOSE Software Company. It was released for the Family Computer on November 27, 1986 in Japan. Outside Japan, a graphically altered version released for the North American market in March 1988 under the title of Dragon Power, which divorced the game from the Dragon Ball license. Shenron no Nazo consists of 2D overhead areas where Goku must fight many enemies, and switches to side-scrolling sequences for the boss fights.",,,3,1.0,2.0,2.0,,1.0,Everyone,everyone,,,,,,,,,,,,0.0,,
56878,war-2,W.A.R.,W.A.R.,"This is an article about the computer game. For the Pharoahe Monch album, see W.A.R. (We Are Renegades).
<p>W.A.R. was a computer game produced by Martech.</p>",,[],1986-01-01,False,2019-08-28T22:25:52,https://media.rawg.io/media/screenshots/26b/26b4986f8b81237f8da48e7baa2d5e0e.jpg,https://media.rawg.io/media/screenshots/edf/edf9abdd8221b487d384850ee41bacb1.jpg,,0.0,0,[],8,0,8,0,1,0,0,,,,,0,0,0,0,0,199,[],,0,0,0,,0,0f0f0f,0f0f0f,"[{'platform': {'id': 10, 'name': 'Commodore / Amiga', 'slug': 'commodore-amiga'}}]","[{'platform': {'id': 166, 'name': 'Commodore / Amiga', 'slug': 'commodore-amiga', 'image': None, 'year_end': None, 'year_start': None, 'games_count': 2083, 'image_background': 'https://media.rawg.io/media/games/cce/cce8bebe861f295003f5a9fe5b11233f.jpg'}, 'released_at': '1986-01-01', 'requirements': {}}]",[],"[{'id': 27644, 'name': 'Software Communications', 'slug': 'software-communications-ltd', 'games_count': 1, 'image_background': 'https://media.rawg.io/media/screenshots/26b/26b4986f8b81237f8da48e7baa2d5e0e.jpg'}]",[],"[{'id': 31, 'name': 'Singleplayer', 'slug': 'singleplayer', 'language': 'eng', 'games_count': 238404, 'image_background': 'https://media.rawg.io/media/games/26d/26d4437715bee60138dab4a7c8c59c92.jpg'}]","[{'id': 19488, 'name': 'GameFAQs', 'slug': 'gamefaqs', 'games_count': 19, 'image_background': 'https://media.rawg.io/media/screenshots/99f/99ffb87e2b981aadb300329e31162eab.jpg'}, {'id': 20262, 'name': 'Martech', 'slug': 'martech', 'games_count': 7, 'image_background': 'https://media.rawg.io/media/screenshots/26b/26b4986f8b81237f8da48e7baa2d5e0e.jpg'}]",,"This is an article about the computer game. For the Pharoahe Monch album, see W.A.R. (We Are Renegades).
W.A.R. was a computer game produced by Martech.",,,4,1.0,2.0,1.0,,,,,,,,,,,,,,,,0.0,,
56896,yie-ar-kung-fu-ii,Yie Ar Kung-Fu II,Yie Ar Kung-Fu II,"<p>Yie Ar Kung-Fu II: The Emperor Yie-Gah (イーガー皇帝の逆襲　～イー・アル・カンフー・２～, Īgā-kōtei no Gyakushū: Ī Aru Kanfū 2, Emperor Yie-Gah's Counterattack: Yie Ar Kung-Fu 2) is a video game developed and released by Konami in 1986 as a sequel to 1985's Yie Ar Kung-Fu. Rather than a pure fighting game as the original, it is a beat 'em up. It was released for the Commodore 64, MSX, Amstrad CPC, ZX Spectrum, BBC Micro and Acorn Electron home computer systems and featured a different approach to the game.</p>",,[],1986-01-01,False,2019-08-28T22:25:52,,,,0.0,0,[],8,0,0,0,0,0,0,,,,,0,0,0,0,0,0,[],,0,0,0,,0,0f0f0f,0f0f0f,"[{'platform': {'id': 10, 'name': 'Commodore / Amiga', 'slug': 'commodore-amiga'}}]","[{'platform': {'id': 166, 'name': 'Commodore / Amiga', 'slug': 'commodore-amiga', 'image': None, 'year_end': None, 'year_start': None, 'games_count': 2083, 'image_background': 'https://media.rawg.io/media/games/cce/cce8bebe861f295003f5a9fe5b11233f.jpg'}, 'released_at': '1986-01-01', 'requirements': {}}]",[],"[{'id': 1971, 'name': 'Konami Digital Entertainment', 'slug': 'konami-digital-entertainment', 'games_count': 467, 'image_background': 'https://media.rawg.io/media/games/d56/d56412cd670313ef306da64669c381d8.jpg'}]",[],"[{'id': 31, 'name': 'Singleplayer', 'slug': 'singleplayer', 'language': 'eng', 'games_count': 238404, 'image_background': 'https://media.rawg.io/media/games/26d/26d4437715bee60138dab4a7c8c59c92.jpg'}]","[{'id': 19864, 'name': 'Imagine Software', 'slug': 'imagine-software', 'games_count': 16, 'image_background': 'https://media.rawg.io/media/screenshots/f7b/f7b58fc768c19977174c96a0acd2dbfb.jpg'}]",,"Yie Ar Kung-Fu II: The Emperor Yie-Gah (イーガー皇帝の逆襲　～イー・アル・カンフー・２～, Īgā-kōtei no Gyakushū: Ī Aru Kanfū 2, Emperor Yie-Gah's Counterattack: Yie Ar Kung-Fu 2) is a video game developed and released by Konami in 1986 as a sequel to 1985's Yie Ar Kung-Fu. Rather than a pure fighting game as the original, it is a beat 'em up. It was released for the Commodore 64, MSX, Amstrad CPC, ZX Spectrum, BBC Micro and Acorn Electron home computer systems and featured a different approach to the game.",,,5,1.0,1.0,1.0,,,,,,,,,,,,,,,,0.0,,
56898,the-young-ones,The Young Ones,The Young Ones,"<p>The Young Ones is a video game based on the British comedy television series, The Young Ones. The game takes place in the students' home. The player can choose to play as either Vyvyan, Rick, Neil, or Mike to explore the house and enter different rooms. The other characters become computer-controlled players. All characters can move around the house, pick up and drop objects, as well as break and fix things. The characters often talk, giving the player clues as to what the character is intended to do.</p>
<p>The aim of the game is to try and move out of the house with all the character's belongings in the shortest time possible. This is not so easy, because these possessions are typically not in their preferred condition, or are hidden around the house, and players need various tools to get to them. The other characters will move around the house, behaving in-character, occasionally moving around or further damaging the possessions - making the task harder.</p>
<p>The game was published by Orpheus Software, based in Hatley St George in Bedfordshire, UK. The concept of the game was created by Orpheus director Paul Kaufman (previously director of Oric software house, Tansoft). The majority of the game was programmed by John Marshall, with input from Geoff Phillips. The characters of The Young Ones were licensed from the owners of the BBC television series, Ben Elton, Rik Mayall, and Lise Mayer.</p>
<p>Due to difficulty in licensing the original series music from the BBC, an alternative music sound track was commissioned to sound similar to the original theme. Over 10,000 copies of the game were sold, mainly through Boots stores, Woolworths and independent computer stores.</p>",,[],1986-01-01,False,2019-08-28T22:00:14,,,,0.0,0,[],8,0,0,0,0,0,0,,,,,0,0,0,0,0,0,[],,0,0,0,,0,0f0f0f,0f0f0f,"[{'platform': {'id': 10, 'name': 'Commodore / Amiga', 'slug': 'commodore-amiga'}}]","[{'platform': {'id': 166, 'name': 'Commodore / Amiga', 'slug': 'commodore-amiga', 'image': None, 'year_end': None, 'year_start': None, 'games_count': 2083, 'image_background': 'https://media.rawg.io/media/games/cce/cce8bebe861f295003f5a9fe5b11233f.jpg'}, 'released_at': '1986-01-01', 'requirements': {}}]",[],"[{'id': 27440, 'name': 'Orpheus', 'slug': 'orpheus', 'games_count': 2, 'image_background': 'https://media.rawg.io/media/screenshots/edd/edd58211e69e258dccb3eb390c93703c.jpg'}]",[],"[{'id': 31, 'name': 'Singleplayer', 'slug': 'singleplayer', 'language': 'eng', 'games_count': 238404, 'image_background': 'https://media.rawg.io/media/games/26d/26d4437715bee60138dab4a7c8c59c92.jpg'}]",[],,"The Young Ones is a video game based on the British comedy television series, The Young Ones. The game takes place in the students' home. The player can choose to play as either Vyvyan, Rick, Neil, or Mike to explore the house and enter different rooms. The other characters become computer-controlled players. All characters can move around the house, pick up and drop objects, as well as break and fix things. The characters often talk, giving the player clues as to what the character is intended to do.
The aim of the game is to try and move out of the house with all the character's belongings in the shortest time possible. This is not so easy, because these possessions are typically not in their preferred condition, or are hidden around the house, and players need various tools to get to them. The other characters will move around the house, behaving in-character, occasionally moving around or further damaging the possessions - making the task harder.
The game was published by Orpheus Software, based in Hatley St George in Bedfordshire, UK. The concept of the game was created by Orpheus director Paul Kaufman (previously director of Oric software house, Tansoft). The majority of the game was programmed by John Marshall, with input from Geoff Phillips. The characters of The Young Ones were licensed from the owners of the BBC television series, Ben Elton, Rik Mayall, and Lise Mayer.
Due to difficulty in licensing the original series music from the BBC, an alternative music sound track was commissioned to sound similar to the original theme. Over 10,000 copies of the game were sold, mainly through Boots stores, Woolworths and independent computer stores.",,,4,1.0,2.0,1.0,,,,,,,,,,,,,,,,0.0,,
56776,sky-runner,Sky Runner,Sky Runner,"<p>Sky Runner is a 1986 game for PC, Commodore 64 and ZX Spectrum made by Cascade. The PC version uses CGA graphics.</p>
<p>The game is played from the 3rd person perspective with a 3D view similar to Space Harrier. Gameplay involved controlling an aircraft called a skimmer to shoot down enemy towers. After destroying enough, the skimmer would drop down a skybike, which the player would use to destroy other enemy skybikers, while avoiding obstacles like trees. After destroying enough enemies, a boss character called a harvester would appear, which the player would have to defeat. Upon defeating the harvester the game awards the player with money, and loops back to the player controlling the skimmer.</p>",,[],1986-01-01,False,2023-02-08T10:51:08,https://media.rawg.io/media/screenshots/03d/03d0bee4b1bcf631890a704ca54d4ae9.jpg,https://media.rawg.io/media/screenshots/a43/a43cc04e847fc40b9c907965454bb637.jpg,,0.0,0,[],8,0,9,0,0,0,0,,,,,0,0,0,0,0,192,[],,0,0,0,,0,0f0f0f,0f0f0f,"[{'platform': {'id': 1, 'name': 'PC', 'slug': 'pc'}}, {'platform': {'id': 10, 'name': 'Commodore / Amiga', 'slug': 'commodore-amiga'}}]","[{'platform': {'id': 166, 'name': 'Commodore / Amiga', 'slug': 'commodore-amiga', 'image': None, 'year_end': None, 'year_start': None, 'games_count': 2083, 'image_background': 'https://media.rawg.io/media/games/cce/cce8bebe861f295003f5a9fe5b11233f.jpg'}, 'released_at': '1986-01-01', 'requirements': {}}, {'platform': {'id': 4, 'name': 'PC', 'slug': 'pc', 'image': None, 'year_end': None, 'year_start': None, 'games_count': 547196, 'image_background': 'https://media.rawg.io/media/games/6fc/6fcf4cd3b17c288821388e6085bb0fc9.jpg'}, 'released_at': '1986-01-01', 'requirements': {}}]",[],"[{'id': 27591, 'name': 'Cascade', 'slug': 'cascade', 'games_count': 1, 'image_background': 'https://media.rawg.io/media/screenshots/03d/03d0bee4b1bcf631890a704ca54d4ae9.jpg'}]","[{'id': 2, 'name': 'Shooter', 'slug': 'shooter', 'games_count': 59560, 'image_background': 'https://media.rawg.io/media/games/d58/d588947d4286e7b5e0e12e1bea7d9844.jpg'}]","[{'id': 31, 'name': 'Singleplayer', 'slug': 'singleplayer', 'language': 'eng', 'games_count': 238404, 'image_background': 'https://media.rawg.io/media/games/26d/26d4437715bee60138dab4a7c8c59c92.jpg'}]",[],,"Sky Runner is a 1986 game for PC, Commodore 64 and ZX Spectrum made by Cascade. The PC version uses CGA graphics.
The game is played from the 3rd person perspective with a 3D view similar to Space Harrier. Gameplay involved controlling an aircraft called a skimmer to shoot down enemy towers. After destroying enough, the skimmer would drop down a skybike, which the player would use to destroy other enemy skybikers, while avoiding obstacles like trees. After destroying enough enemies, a boss character called a harvester would appear, which the player would have to defeat. Upon defeating the harvester the game awards the player with money, and loops back to the player controlling the skimmer.",,1.0,3,1.0,2.0,1.0,,,,,,,,,,,,,,,,0.0,,
56394,commando-libya,Commando Libya,Commando Libya,"<p>Commando Libya is a shooter game for the Commodore 64, created by Robert Pfitzner in 1986. Although the title screen gives the game's complete title as Commando Libya Part I, a part II was never released.</p>",,[],1986-01-01,False,2019-08-28T22:00:30,,,,0.0,0,[],8,0,0,0,0,0,0,,,,,0,0,0,0,0,0,[],,0,0,0,,0,0f0f0f,0f0f0f,"[{'platform': {'id': 10, 'name': 'Commodore / Amiga', 'slug': 'commodore-amiga'}}]","[{'platform': {'id': 166, 'name': 'Commodore / Amiga', 'slug': 'commodore-amiga', 'image': None, 'year_end': None, 'year_start': None, 'games_count': 2083, 'image_background': 'https://media.rawg.io/media/games/cce/cce8bebe861f295003f5a9fe5b11233f.jpg'}, 'released_at': '1986-01-01', 'requirements': {}}]",[],"[{'id': 27421, 'name': 'Robert Pfitzner', 'slug': 'robert-pfitzner', 'games_count': 1, 'image_background': ''}]",[],"[{'id': 31, 'name': 'Singleplayer', 'slug': 'singleplayer', 'language': 'eng', 'games_count': 238404, 'image_background': 'https://media.rawg.io/media/games/26d/26d4437715bee60138dab4a7c8c59c92.jpg'}]",[],,"Commando Libya is a shooter game for the Commodore 64, created by Robert Pfitzner in 1986. Although the title screen gives the game's complete title as Commando Libya Part I, a part II was never released.",,,5,1.0,1.0,1.0,,,,,,,,,,,,,,,,0.0,,
56840,they-stole-a-million,They Stole a Million,They Stole a Million,"<p>They Stole a Million is a strategy computer game released by Ariolasoft in 1986. The objective of the game is to plan robberies and execute the crime. The player first purchases blueprints of the house where the soon-to-be-stolen object is kept. Then several specialists can be hired which disable alarms, open locks or drive the getaway car.</p>
<p>The planning stage allows the player to set waypoints, actions and the times at which the actions should take place. For example, the alarm specialist needs two minutes to disable the alarm for a certain display. After two minutes, the lock picking master opens the display and takes the loot.</p>",,[],1986-01-01,False,2019-08-28T22:00:16,,,,0.0,0,[],8,0,0,0,1,0,0,,,,,0,0,0,0,0,0,[],,0,0,0,,0,0f0f0f,0f0f0f,"[{'platform': {'id': 10, 'name': 'Commodore / Amiga', 'slug': 'commodore-amiga'}}]","[{'platform': {'id': 166, 'name': 'Commodore / Amiga', 'slug': 'commodore-amiga', 'image': None, 'year_end': None, 'year_start': None, 'games_count': 2083, 'image_background': 'https://media.rawg.io/media/games/cce/cce8bebe861f295003f5a9fe5b11233f.jpg'}, 'released_at': '1986-01-01', 'requirements': {}}]",[],"[{'id': 27427, 'name': 'Tigress Marketing', 'slug': 'tigress-marketing', 'games_count': 2, 'image_background': 'https://media.rawg.io/media/screenshots/fa1/fa16968af21c2bb22b99219fe42b0b64.jpg'}]","[{'id': 10, 'name': 'Strategy', 'slug': 'strategy', 'games_count': 59661, 'image_background': 'https://media.rawg.io/media/games/08b/08b2eee52a9876a48b955e5149affe5b.jpg'}]","[{'id': 31, 'name': 'Singleplayer', 'slug': 'singleplayer', 'language': 'eng', 'games_count': 238404, 'image_background': 'https://media.rawg.io/media/games/26d/26d4437715bee60138dab4a7c8c59c92.jpg'}]","[{'id': 20623, 'name': '39 Steps', 'slug': '39-steps', 'games_count': 1, 'image_background': ''}]",,"They Stole a Million is a strategy computer game released by Ariolasoft in 1986. The objective of the game is to plan robberies and execute the crime. The player first purchases blueprints of the house where the soon-to-be-stolen object is kept. Then several specialists can be hired which disable alarms, open locks or drive the getaway car.
The planning stage allows the player to set waypoints, actions and the times at which the actions should take place. For example, the alarm specialist needs two minutes to disable the alarm for a certain display. After two minutes, the lock picking master opens the display and takes the loot.",,,4,1.0,2.0,1.0,,,,,,,,,,,,,,,,0.0,,
56853,transformers-the-battle-to-save-the-earth,Transformers: The Battle to Save the Earth,Transformers: The Battle to Save the Earth,"<p>The Transformers The Computer Game Vol. 1: The Battle to Save the Earth is an action role-playing game released by Activision in 1986, based on the popular Transformers animated series. The game was released for the Commodore 64 in Datasette and floppy disk formats. It was the first Transformers game by Activision, which subsequently published more games for the franchise over two decades later.</p>",,[],1986-01-01,False,2019-08-28T22:00:16,,,,0.0,0,[],8,0,0,0,1,0,0,,,,,0,0,0,0,0,0,[],,0,0,0,,0,0f0f0f,0f0f0f,"[{'platform': {'id': 10, 'name': 'Commodore / Amiga', 'slug': 'commodore-amiga'}}]","[{'platform': {'id': 166, 'name': 'Commodore / Amiga', 'slug': 'commodore-amiga', 'image': None, 'year_end': None, 'year_start': None, 'games_count': 2083, 'image_background': 'https://media.rawg.io/media/games/cce/cce8bebe861f295003f5a9fe5b11233f.jpg'}, 'released_at': '1986-01-01', 'requirements': {}}]",[],"[{'id': 11, 'name': 'Activision', 'slug': 'activision', 'games_count': 163, 'image_background': 'https://media.rawg.io/media/screenshots/d05/d0524e9b2e276dd9c8351881e897f7c9.jpg'}]",[],"[{'id': 31, 'name': 'Singleplayer', 'slug': 'singleplayer', 'language': 'eng', 'games_count': 238404, 'image_background': 'https://media.rawg.io/media/games/26d/26d4437715bee60138dab4a7c8c59c92.jpg'}]","[{'id': 10830, 'name': 'Activision Blizzard', 'slug': 'activision-blizzard', 'games_count': 691, 'image_background': 'https://media.rawg.io/media/games/445/44507fdd60a8ec02b1c3c64a293ca754.jpg'}]",,"The Transformers The Computer Game Vol. 1: The Battle to Save the Earth is an action role-playing game released by Activision in 1986, based on the popular Transformers animated series. The game was released for the Commodore 64 in Datasette and floppy disk formats. It was the first Transformers game by Activision, which subsequently published more games for the franchise over two decades later.",,,4,1.0,2.0,1.0,,,,,,,,,,,,,,,,0.0,,
336796,suisho-no-dragon,Suishō no Dragon,Suishō no Dragon,<p>Suishō no Dragon is an adventure game developed by Square. It came out on 15-12-1986. <br>Suishō no Dragon is available on NES. <br>Nobuo Uematsu scored the game. <br></p>,,[],1986-12-15,False,2019-06-26T11:45:00,https://media.rawg.io/media/screenshots/0c3/0c39bf1855982b0b2f3cedde0e29cb77.jpg,https://media.rawg.io/media/screenshots/f18/f18263fa15d28b964451cc81e52de205.jpg,,0.0,0,[],8,0,2,0,1,0,0,,,,,0,0,0,0,0,51,[],,0,0,0,,0,0f0f0f,0f0f0f,"[{'platform': {'id': 7, 'name': 'Nintendo', 'slug': 'nintendo'}}]","[{'platform': {'id': 49, 'name': 'NES', 'slug': 'nes', 'image': None, 'year_end': None, 'year_start': None, 'games_count': 1015, 'image_background': 'https://media.rawg.io/media/games/7c5/7c50dd0415eb0a57505c58d4e50e4d24.jpg'}, 'released_at': '1986-12-15', 'requirements': {}}]",[],"[{'id': 14687, 'name': 'Square', 'slug': 'square', 'games_count': 58, 'image_background': 'https://media.rawg.io/media/games/826/82626e2d7ee7d96656fb9838c2ef7302.jpg'}]","[{'id': 3, 'name': 'Adventure', 'slug': 'adventure', 'games_count': 146480, 'image_background': 'https://media.rawg.io/media/games/562/562553814dd54e001a541e4ee83a591c.jpg'}]",[],[],,,,1.0,4,1.0,1.0,1.0,,,,,,,,,,,,,,,,0.0,,
54107,tombs-treasure,Tombs & Treasure,Tombs & Treasure,"<p>Tombs &amp; Treasure, known in Japan as Asteka II: Templo del Sol (太陽の神殿: ASTEKA II, Taiyō no Shinden: Asutekā Ni, lit. &quot;Asteka II: Temple of the Sun&quot;), is an adventure game originally developed by Nihon Falcom in 1986 for the PC-8801, PC-9801, FM-7, MSX 2 and X1 Japanese computer systems. A Famicom/NES version, released in 1988, was altered to be more story-based, and featured new music and role-playing elements; an English-language NES version was published by Infocom in 1991. Japanese enhanced remakes were released for the Saturn and Windows systems in 1998 and 1999, respectively.<br />
The game takes place in the ancient Mayan city of Chichen Itza on the Yucatán Peninsula. It alternates between using a three-quarters overhead view for travelling from ruin to ruin, and switching to a first-person perspective upon entering a specific location.</p>",,[],1986-10-24,False,2022-09-27T07:54:38,https://media.rawg.io/media/games/730/7304a11c47366ad1cb6146778f03513f.jpg,https://media.rawg.io/media/screenshots/601/601d4c56144778e93d7f5998f013983d.jpg,,0.0,0,[],8,0,8,0,6,0,0,,,,,0,0,0,0,0,238,"['Asteka II: Temple of the Sun', 'Taiyou no Shinden: Asteka II', 'Taiyō no Shinden: Asutekā Ni', '太陽の神殿: ASTEKA II']",,0,0,0,,0,0f0f0f,0f0f0f,"[{'platform': {'id': 7, 'name': 'Nintendo', 'slug': 'nintendo'}}]","[{'platform': {'id': 49, 'name': 'NES', 'slug': 'nes', 'image': None, 'year_end': None, 'year_start': None, 'games_count': 1015, 'image_background': 'https://media.rawg.io/media/games/7c5/7c50dd0415eb0a57505c58d4e50e4d24.jpg'}, 'released_at': '1986-10-24', 'requirements': {}}]",[],"[{'id': 5445, 'name': 'Nihon Falcom', 'slug': 'nihon-falcom', 'games_count': 78, 'image_background': 'https://media.rawg.io/media/games/291/2917eaf996afa24584de1f020ce6571a.jpg'}, {'id': 26357, 'name': 'Compile', 'slug': 'compile', 'games_count': 29, 'image_background': 'https://media.rawg.io/media/games/47f/47fda464d6e138bad4fe97566b883419.jpg'}]","[{'id': 3, 'name': 'Adventure', 'slug': 'adventure', 'games_count': 146481, 'image_background': 'https://media.rawg.io/media/games/b6b/b6b20bfc4b34e312dbc8aac53c95a348.jpg'}, {'id': 5, 'name': 'RPG', 'slug': 'role-playing-games-rpg', 'games_count': 59370, 'image_background': 'https://media.rawg.io/media/games/f6b/f6bed028b02369d4cab548f4f9337e81.jpg'}]","[{'id': 31, 'name': 'Singleplayer', 'slug': 'singleplayer', 'language': 'eng', 'games_count': 238404, 'image_background': 'https://media.rawg.io/media/games/26d/26d4437715bee60138dab4a7c8c59c92.jpg'}]","[{'id': 10803, 'name': 'NIHON FALCOM', 'slug': 'nihon-falcom', 'games_count': 23, 'image_background': 'https://media.rawg.io/media/screenshots/d21/d218e020630c24495a9288aa0e77853f.jpg'}, {'id': 11435, 'name': 'Infocom', 'slug': 'infocom', 'games_count': 45, 'image_background': 'https://media.rawg.io/media/screenshots/3d4/3d4094f02e71cb3439ab3c8af62809c0.jpg'}, {'id': 19988, 'name': 'Tokyo Shoseki', 'slug': 'tokyo-shoseki', 'games_count': 4, 'image_background': 'https://media.rawg.io/media/games/b4c/b4ca7524b5d125c8162529bf2a513843.jpg'}]",,"Tombs & Treasure, known in Japan as Asteka II: Templo del Sol (太陽の神殿: ASTEKA II, Taiyō no Shinden: Asutekā Ni, lit. ""Asteka II: Temple of the Sun""), is an adventure game originally developed by Nihon Falcom in 1986 for the PC-8801, PC-9801, FM-7, MSX 2 and X1 Japanese computer systems. A Famicom/NES version, released in 1988, was altered to be more story-based, and featured new music and role-playing elements; an English-language NES version was published by Infocom in 1991. Japanese enhanced remakes were released for the Saturn and Windows systems in 1998 and 1999, respectively.
The game takes place in the ancient Mayan city of Chichen Itza on the Yucatán Peninsula. It alternates between using a three-quarters overhead view for travelling from ruin to ruin, and switching to a first-person perspective upon entering a specific location.",,,4,1.0,2.0,1.0,,3.0,Teen,teen,,,,,,,,,,,,0.0,,
376897,quazatron,Quazatron,Quazatron,"<p>Quazatron is an action video game developed by Graftgold, and released in in 1986 by Hewson Consultants. It was designed by Steve Turner for the ZX Spectrum.</p>
<p>In Quazatron, the player-controlled droid (KLP-2 &quot;Klepto&quot;, from the Classical Greek κλεπτω, steal) attempts to destroy all the other robots in the underground citadel of Quazatron and subsequent locations.</p>
<p>Klepto is maneuvered across individual levels of Quazatron, which can be navigated between via a system of lifts. Levels may include floors at different heights, ramps, information points, recharge points and patrolling robots. It is Klepto&#39;s aim to destroy all the other robots, whereupon the lighting on that level is deactivated. This can be done by damaging them with a ranged weapon, by ramming into them and/or causing them to fall from a height, or by a successful grapple attempt.</p>
<p>Each robot has a two-character identifier which provides information about its parts and role.[3] &#39;X&#39; denotes a menial robot, &#39;U&#39; for utility, &#39;R&#39; for repair, &#39;B&#39; for battle, &#39;L&#39; for logic, &#39;S&#39; for security and &#39;C&#39; for command. The number is a ranking system, with lower numbers denoting better parts. &#39;9&#39; is a &#39;device&#39;, &#39;8&#39; or &#39;7&#39; for a drone, &#39;6&#39; or &#39;5&#39; for a robot, &#39;4&#39; or &#39;3&#39; for a droid, &#39;2&#39; or &#39;1&#39; for a cyborg. This ranking also determines the robot&#39;s security rating from Epsilon to Alpha. Security rating determines the level of access from information points. In addition are several special identifiers; &#39;OO Medic Droid&#39;, &#39;A1 Automaton&#39;, &#39;ST Programmer&#39; and &#39;AB Andrewoid&#39;. (The last two being plays on Steve Turner &amp; Andrew Braybrook&#39;s names.)</p>
<p>The grapple system in Quazatron<br />
To grapple another robot, Klepto must make contact with it with the grapple activated. This initiates a sub-game in which both parties must light sections at the centre of a circuit board using a limit number of power supplies. Should Klepto win, the player may attempt to salvage parts from the destroyed enemy, with a more dominating victory providing less damaged equipment.</p>",,[],1986-01-01,False,2019-09-24T16:19:38,https://media.rawg.io/media/screenshots/e9b/e9b24c834816d34fe752cdf03e4167ae.jpg,https://media.rawg.io/media/screenshots/6aa/6aacec9c4a76abffbaa4c3f695f5be50.jpg,,0.0,0,"[{'id': 4, 'title': 'recommended', 'count': 1, 'percent': 100.0}]",8,0,3,0,1,0,0,,,,,0,0,0,0,1,90,[],,0,0,0,,1,0f0f0f,0f0f0f,[],[],[],"[{'id': 27026, 'name': 'Steve Turner', 'slug': 'steve-turner', 'games_count': 2, 'image_background': 'https://media.rawg.io/media/screenshots/054/0548b2c1e28ecfe5c692abdd02303dfb.jpg'}]","[{'id': 4, 'name': 'Action', 'slug': 'action', 'games_count': 186608, 'image_background': 'https://media.rawg.io/media/games/618/618c2031a07bbff6b4f611f10b6bcdbc.jpg'}, {'id': 51, 'name': 'Indie', 'slug': 'indie', 'games_count': 76957, 'image_background': 'https://media.rawg.io/media/games/dd5/dd50d4266915d56dd5b63ae1bf72606a.jpg'}, {'id': 7, 'name': 'Puzzle', 'slug': 'puzzle', 'games_count': 97333, 'image_background': 'https://media.rawg.io/media/games/9f4/9f418898f5415668ca47b5f4ab1ecfeb.jpg'}]","[{'id': 197, 'name': 'Robots', 'slug': 'robots', 'language': 'eng', 'games_count': 8570, 'image_background': 'https://media.rawg.io/media/games/e07/e07737df8469bf32d132ba9eaffc3461.jpg'}, {'id': 981, 'name': 'battle', 'slug': 'battle', 'language': 'eng', 'games_count': 10682, 'image_background': 'https://media.rawg.io/media/games/075/0753492cda7ee3c9bd4a3ca673fd0c8c.jpg'}, {'id': 808, 'name': 'character', 'slug': 'character', 'language': 'eng', 'games_count': 8871, 'image_background': 'https://media.rawg.io/media/games/43f/43ff0ac9538f82b00fb3b47d186bd46b.jpg'}, {'id': 3046, 'name': 'destroy', 'slug': 'destroy', 'language': 'eng', 'games_count': 4618, 'image_background': 'https://media.rawg.io/media/screenshots/c84/c841102a515d24777f91b4861a84fb5b.jpg'}, {'id': 3397, 'name': 'light', 'slug': 'light', 'language': 'eng', 'games_count': 1746, 'image_background': 'https://media.rawg.io/media/screenshots/c79/c79ce1be1aec70138cf90c37a7a5cedd.jpg'}, {'id': 3720, 'name': 'numbers', 'slug': 'numbers', 'language': 'eng', 'games_count': 2396, 'image_background': 'https://media.rawg.io/media/games/aeb/aeb33772a46dfe88fa9bd2f93068c91c.jpg'}, {'id': 2960, 'name': 'alpha', 'slug': 'alpha', 'language': 'eng', 'games_count': 811, 'image_background': 'https://media.rawg.io/media/screenshots/bb8/bb8b7a21060ca414b008e38243f434d7_NYp2cRi.jpg'}]","[{'id': 19882, 'name': 'Hewson Consultants', 'slug': 'hewson-consultants', 'games_count': 19, 'image_background': 'https://media.rawg.io/media/screenshots/f8d/f8d83c0295a040005c54656cacd5868c.jpg'}]",,"Quazatron is an action video game developed by Graftgold, and released in in 1986 by Hewson Consultants. It was designed by Steve Turner for the ZX Spectrum.

In Quazatron, the player-controlled droid (KLP-2 ""Klepto"", from the Classical Greek κλεπτω, steal) attempts to destroy all the other robots in the underground citadel of Quazatron and subsequent locations.

Klepto is maneuvered across individual levels of Quazatron, which can be navigated between via a system of lifts. Levels may include floors at different heights, ramps, information points, recharge points and patrolling robots. It is Klepto's aim to destroy all the other robots, whereupon the lighting on that level is deactivated. This can be done by damaging them with a ranged weapon, by ramming into them and/or causing them to fall from a height, or by a successful grapple attempt.

Each robot has a two-character identifier which provides information about its parts and role.[3] 'X' denotes a menial robot, 'U' for utility, 'R' for repair, 'B' for battle, 'L' for logic, 'S' for security and 'C' for command. The number is a ranking system, with lower numbers denoting better parts. '9' is a 'device', '8' or '7' for a drone, '6' or '5' for a robot, '4' or '3' for a droid, '2' or '1' for a cyborg. This ranking also determines the robot's security rating from Epsilon to Alpha. Security rating determines the level of access from information points. In addition are several special identifiers; 'OO Medic Droid', 'A1 Automaton', 'ST Programmer' and 'AB Andrewoid'. (The last two being plays on Steve Turner & Andrew Braybrook's names.)

The grapple system in Quazatron
To grapple another robot, Klepto must make contact with it with the grapple activated. This initiates a sub-game in which both parties must light sections at the centre of a circuit board using a limit number of power supplies. Should Klepto win, the player may attempt to salvage parts from the destroyed enemy, with a more dominating victory providing less damaged equipment.",,,5,1.0,,2.0,,,,,,,,,,,,,,,,0.0,,
56648,mission-omega,Mission Omega,Mission Omega,"<p>Mission Omega is a computer game published in 1986 by Incentive Software for the ZX Spectrum, Commodore 64 and Amstrad CPC home computers. It was programmed by Stephen Ward.</p>",,[],1986-01-01,False,2019-08-28T22:25:55,https://media.rawg.io/media/screenshots/607/607e33fd6b58820229ee705126521be1.jpg,https://media.rawg.io/media/screenshots/fa2/fa2e936bf62ef839d0cd1f25c889854d.jpg,,0.0,0,[],8,0,8,0,0,0,0,,,,,0,0,0,0,0,170,[],,0,0,0,,0,0f0f0f,0f0f0f,"[{'platform': {'id': 10, 'name': 'Commodore / Amiga', 'slug': 'commodore-amiga'}}]","[{'platform': {'id': 166, 'name': 'Commodore / Amiga', 'slug': 'commodore-amiga', 'image': None, 'year_end': None, 'year_start': None, 'games_count': 2083, 'image_background': 'https://media.rawg.io/media/games/cce/cce8bebe861f295003f5a9fe5b11233f.jpg'}, 'released_at': '1986-01-01', 'requirements': {}}]",[],"[{'id': 27530, 'name': 'Stephen Ward', 'slug': 'stephen-ward', 'games_count': 2, 'image_background': 'https://media.rawg.io/media/screenshots/84d/84dbdae1c49d3902b86bf75540f8bab0.jpg'}]","[{'id': 10, 'name': 'Strategy', 'slug': 'strategy', 'games_count': 59661, 'image_background': 'https://media.rawg.io/media/games/08b/08b2eee52a9876a48b955e5149affe5b.jpg'}]","[{'id': 31, 'name': 'Singleplayer', 'slug': 'singleplayer', 'language': 'eng', 'games_count': 238404, 'image_background': 'https://media.rawg.io/media/games/26d/26d4437715bee60138dab4a7c8c59c92.jpg'}]","[{'id': 20580, 'name': 'Mind Games', 'slug': 'mind-games', 'games_count': 1, 'image_background': 'https://media.rawg.io/media/screenshots/607/607e33fd6b58820229ee705126521be1.jpg'}]",,"Mission Omega is a computer game published in 1986 by Incentive Software for the ZX Spectrum, Commodore 64 and Amstrad CPC home computers. It was programmed by Stephen Ward.",,,4,1.0,2.0,1.0,,,,,,,,,,,,,,,,0.0,,
56676,odell-lake,Odell Lake,Odell Lake,"<p>Odell Lake was an early educational life simulation game, produced by MECC for the Apple II and Commodore 64 computers. In the game, the player is a fish living in Odell Lake, a real-world lake in Oregon. It was followed up by the game Odell Down Under. </p>",,[],1986-01-01,False,2019-08-28T22:00:21,https://media.rawg.io/media/screenshots/b65/b650687344648ddea6063cfbf898f91b.jpg,https://media.rawg.io/media/screenshots/5f4/5f40d3dd4ee70827d92dd88918f67a62.jpg,,0.0,0,[],8,0,8,0,0,0,0,,,,,0,0,0,0,0,154,[],,0,0,0,,0,0f0f0f,0f0f0f,"[{'platform': {'id': 5, 'name': 'Apple Macintosh', 'slug': 'mac'}}, {'platform': {'id': 10, 'name': 'Commodore / Amiga', 'slug': 'commodore-amiga'}}]","[{'platform': {'id': 166, 'name': 'Commodore / Amiga', 'slug': 'commodore-amiga', 'image': None, 'year_end': None, 'year_start': None, 'games_count': 2083, 'image_background': 'https://media.rawg.io/media/games/cce/cce8bebe861f295003f5a9fe5b11233f.jpg'}, 'released_at': '1986-01-01', 'requirements': {}}, {'platform': {'id': 41, 'name': 'Apple II', 'slug': 'apple-ii', 'image': None, 'year_end': None, 'year_start': None, 'games_count': 424, 'image_background': 'https://media.rawg.io/media/screenshots/3d2/3d2bb57b39e2efa39d1c385585b2ea8b.jpg'}, 'released_at': '1986-01-01', 'requirements': {}}]",[],"[{'id': 15165, 'name': 'MECC', 'slug': 'mecc', 'games_count': 10, 'image_background': 'https://media.rawg.io/media/screenshots/b65/b650687344648ddea6063cfbf898f91b.jpg'}, {'id': 27546, 'name': 'Minnesota Educational Computing Consortium', 'slug': 'minnesota-educational-computing-consortium', 'games_count': 2, 'image_background': 'https://media.rawg.io/media/screenshots/b65/b650687344648ddea6063cfbf898f91b.jpg'}]","[{'id': 14, 'name': 'Simulation', 'slug': 'simulation', 'games_count': 73491, 'image_background': 'https://media.rawg.io/media/games/48c/48cb04ca483be865e3a83119c94e6097.jpg'}]","[{'id': 31, 'name': 'Singleplayer', 'slug': 'singleplayer', 'language': 'eng', 'games_count': 238404, 'image_background': 'https://media.rawg.io/media/games/26d/26d4437715bee60138dab4a7c8c59c92.jpg'}]","[{'id': 11881, 'name': 'MECC', 'slug': 'mecc', 'games_count': 8, 'image_background': 'https://media.rawg.io/media/screenshots/b65/b650687344648ddea6063cfbf898f91b.jpg'}]",,"Odell Lake was an early educational life simulation game, produced by MECC for the Apple II and Commodore 64 computers. In the game, the player is a fish living in Odell Lake, a real-world lake in Oregon. It was followed up by the game Odell Down Under.",,,4,1.0,2.0,1.0,,,,,,,,,,,,,,,,0.0,,
56855,the-transformers,The Transformers,The Transformers,<p>The Transformers is a platform shoot 'em up game based on the Transformers franchise. It was written by Denton Designs and released by Ocean Software for the Sinclair Spectrum and Commodore 64 home computers in 1986</p>,,[],1986-01-01,False,2019-08-28T22:25:52,https://media.rawg.io/media/screenshots/07a/07a025fe6e7d16c0a049ee63ee1293ac.jpg,https://media.rawg.io/media/screenshots/a5b/a5b14fb76d48f1bb443f0048dc893886.jpg,,0.0,0,[],8,0,8,0,0,0,0,,,,,0,0,0,0,0,104,[],,0,0,0,,0,0f0f0f,0f0f0f,"[{'platform': {'id': 10, 'name': 'Commodore / Amiga', 'slug': 'commodore-amiga'}}]","[{'platform': {'id': 166, 'name': 'Commodore / Amiga', 'slug': 'commodore-amiga', 'image': None, 'year_end': None, 'year_start': None, 'games_count': 2083, 'image_background': 'https://media.rawg.io/media/games/cce/cce8bebe861f295003f5a9fe5b11233f.jpg'}, 'released_at': '1986-01-01', 'requirements': {}}]",[],"[{'id': 14738, 'name': 'Denton Designs', 'slug': 'denton-designs', 'games_count': 9, 'image_background': 'https://media.rawg.io/media/screenshots/07a/07a025fe6e7d16c0a049ee63ee1293ac.jpg'}]",[],"[{'id': 31, 'name': 'Singleplayer', 'slug': 'singleplayer', 'language': 'eng', 'games_count': 238404, 'image_background': 'https://media.rawg.io/media/games/26d/26d4437715bee60138dab4a7c8c59c92.jpg'}]","[{'id': 11474, 'name': 'Ocean Software', 'slug': 'ocean-software', 'games_count': 106, 'image_background': 'https://media.rawg.io/media/screenshots/11b/11b13a543a0ff469af2584b8831cc43b.jpg'}]",,The Transformers is a platform shoot 'em up game based on the Transformers franchise. It was written by Denton Designs and released by Ocean Software for the Sinclair Spectrum and Commodore 64 home computers in 1986,,,4,1.0,2.0,1.0,,,,,,,,,,,,,,,,0.0,,
341602,rebelstar,Rebelstar,Rebelstar,"<p>The objective for the Raiders in Rebelstar is to destroy ISAAC, the computer responsible for breaking the Raiders&#39; secret codes. The game can be won either by destroying ISAAC&#39;s central core, or by eliminating all enemy forces in the base. The player can gain reinforcements by destroying three Laser Defence Computers located around the base; this allows reinforcements to arrive a few turns later.</p>",,[],1986-01-01,False,2019-07-17T14:49:12,https://media.rawg.io/media/screenshots/4f9/4f90ab7baceba5a5257c8befc35f30bf.jpg,https://media.rawg.io/media/screenshots/924/924507a847c96338c5582231afc20c28.jpg,,0.0,0,"[{'id': 5, 'title': 'exceptional', 'count': 1, 'percent': 50.0}, {'id': 4, 'title': 'recommended', 'count': 1, 'percent': 50.0}]",8,0,2,0,1,0,0,,,,,0,0,0,0,2,88,[],,0,0,0,,2,0f0f0f,0f0f0f,[],[],[],[],"[{'id': 10, 'name': 'Strategy', 'slug': 'strategy', 'games_count': 59661, 'image_background': 'https://media.rawg.io/media/games/08b/08b2eee52a9876a48b955e5149affe5b.jpg'}]","[{'id': 3046, 'name': 'destroy', 'slug': 'destroy', 'language': 'eng', 'games_count': 4618, 'image_background': 'https://media.rawg.io/media/screenshots/c84/c841102a515d24777f91b4861a84fb5b.jpg'}, {'id': 3574, 'name': 'laser', 'slug': 'laser', 'language': 'eng', 'games_count': 1270, 'image_background': 'https://media.rawg.io/media/screenshots/126/1269ac94d6e190ab7bdb91491c4116e8.jpg'}]","[{'id': 11716, 'name': 'Firebird Software', 'slug': 'firebird-software', 'games_count': 14, 'image_background': 'https://media.rawg.io/media/screenshots/2f2/2f20cd854e22846e566547dacf2d147e.jpg'}]",,"The objective for the Raiders in Rebelstar is to destroy ISAAC, the computer responsible for breaking the Raiders' secret codes. The game can be won either by destroying ISAAC's central core, or by eliminating all enemy forces in the base. The player can gain reinforcements by destroying three Laser Defence Computers located around the base; this allows reinforcements to arrive a few turns later.",,,3,1.0,2.0,2.0,,,,,,,,,,,,,,,,0.0,,
56718,quartet,Quartet,Quartet,"<p>Quartet is a 1986 arcade game by Sega. Quartet allows one to four players to guide a set of characters through a base taken over by an army of robots. Players control either Joe (yellow), Mary (red), Lee (blue) or Edgar (green) across a number of sideways-scrolling levels. The object of the game is to advance through the level, fighting opponents that come out of portals in the walls, and eventually defeat a boss that carries the door key used to open the ""exit door"" for the level.</p>",,[],1986-01-01,False,2019-01-09T12:41:06,https://media.rawg.io/media/screenshots/4b3/4b3732bed2ba53698fc3c5186bf40810.jpg,https://media.rawg.io/media/screenshots/39d/39dd24590cb0d184e9425c86d67c7e1c.jpg,,0.0,0,[],8,0,10,0,2,0,0,,,,,0,0,0,0,0,240,[],,0,0,0,,0,0f0f0f,0f0f0f,"[{'platform': {'id': 10, 'name': 'Commodore / Amiga', 'slug': 'commodore-amiga'}}, {'platform': {'id': 11, 'name': 'SEGA', 'slug': 'sega'}}]","[{'platform': {'id': 166, 'name': 'Commodore / Amiga', 'slug': 'commodore-amiga', 'image': None, 'year_end': None, 'year_start': None, 'games_count': 2083, 'image_background': 'https://media.rawg.io/media/games/cce/cce8bebe861f295003f5a9fe5b11233f.jpg'}, 'released_at': '1986-01-01', 'requirements': {}}, {'platform': {'id': 74, 'name': 'SEGA Master System', 'slug': 'sega-master-system', 'image': None, 'year_end': None, 'year_start': None, 'games_count': 234, 'image_background': 'https://media.rawg.io/media/screenshots/a7f/a7f3cb62af2ee95d92065da88583338b.jpg'}, 'released_at': '1986-01-01', 'requirements': {}}]",[],"[{'id': 425, 'name': 'SEGA', 'slug': 'sega', 'games_count': 578, 'image_background': 'https://media.rawg.io/media/screenshots/845/84595759d06a7c5ed2eab76f623454f7.jpeg'}, {'id': 26537, 'name': 'Probe Software', 'slug': 'probe-software', 'games_count': 18, 'image_background': 'https://media.rawg.io/media/screenshots/4f3/4f31d427496d39f3a02d7eadce1770c0.jpg'}]","[{'id': 4, 'name': 'Action', 'slug': 'action', 'games_count': 186608, 'image_background': 'https://media.rawg.io/media/games/618/618c2031a07bbff6b4f611f10b6bcdbc.jpg'}, {'id': 83, 'name': 'Platformer', 'slug': 'platformer', 'games_count': 100869, 'image_background': 'https://media.rawg.io/media/games/f8c/f8c6a262ead4c16b47e1219310210eb3.jpg'}]","[{'id': 522, 'name': 'two players simultaneously (other versions)', 'slug': 'two-players-simultaneously-other-versions', 'language': 'eng', 'games_count': 1, 'image_background': 'https://media.rawg.io/media/screenshots/4b3/4b3732bed2ba53698fc3c5186bf40810.jpg'}, {'id': 523, 'name': 'Up to four players simultaneously (arcade)', 'slug': 'up-to-four-players-simultaneously-arcade', 'language': 'eng', 'games_count': 1, 'image_background': 'https://media.rawg.io/media/screenshots/4b3/4b3732bed2ba53698fc3c5186bf40810.jpg'}]","[{'id': 3408, 'name': 'SEGA', 'slug': 'sega-2', 'games_count': 1262, 'image_background': 'https://media.rawg.io/media/games/be9/be9cf02720c9326e11d0fda14518554f.jpg'}, {'id': 10830, 'name': 'Activision Blizzard', 'slug': 'activision-blizzard', 'games_count': 691, 'image_background': 'https://media.rawg.io/media/games/445/44507fdd60a8ec02b1c3c64a293ca754.jpg'}]",,"Quartet is a 1986 arcade game by Sega. Quartet allows one to four players to guide a set of characters through a base taken over by an army of robots. Players control either Joe (yellow), Mary (red), Lee (blue) or Edgar (green) across a number of sideways-scrolling levels. The object of the game is to advance through the level, fighting opponents that come out of portals in the walls, and eventually defeat a boss that carries the door key used to open the ""exit door"" for the level.",,,4,1.0,2.0,1.0,,,,,,,,,,,,,,,,0.0,,
554709,pro-wrestling-2,Pro Wrestling,Pro Wrestling,"<p>Now real wrestling action is at your fingertips!<br />
It&#39;s a reverse bulldog, a double noggin-knocker, a leap off the top turnbuckle - it&#39;s pure pandemonium! Welcome to the world of Nintendo Pro Wrestling. Where you take on six of the meanest, baddest, most rotten guys around. With names like The Amazon, Giant Panther, and King Corn Karn. You&#39;ll begin the match by choosing a wrestler and an opponent - either the computer or a friend. Then with a flick of the wrist you&#39;ll perform drop-kicks, body-slams, head-locks and dozens of other bone-crunching moves designed to annihilate your opponent. But be warned. Each wrestler has his own arsenal of back-breaking moves. Which means you&#39;ll have to think fast and move even faster to pin your opponent, hold him for a three-count, and become champion of Nintendo Pro Wrestling!</p>",,[],1986-10-13,False,2022-11-22T06:20:17,https://media.rawg.io/media/screenshots/048/04859d14465f8546c568bdeec21bdec1.jpg,https://media.rawg.io/media/screenshots/0b0/0b02dc42744f03c4fa0327b7b8a2f05c.jpg,,0.0,0,"[{'id': 4, 'title': 'recommended', 'count': 1, 'percent': 100.0}]",8,0,2,0,1,0,0,,,,,0,0,0,0,1,62,[],,0,0,0,,1,0f0f0f,0f0f0f,"[{'platform': {'id': 7, 'name': 'Nintendo', 'slug': 'nintendo'}}]","[{'platform': {'id': 49, 'name': 'NES', 'slug': 'nes', 'image': None, 'year_end': None, 'year_start': None, 'games_count': 1015, 'image_background': 'https://media.rawg.io/media/games/7c5/7c50dd0415eb0a57505c58d4e50e4d24.jpg'}, 'released_at': '1986-10-13', 'requirements': {}}]",[],"[{'id': 16257, 'name': 'Nintendo', 'slug': 'nintendo', 'games_count': 426, 'image_background': 'https://media.rawg.io/media/games/d9c/d9c8b7edc78391619566adfeb52b5a9a.jpg'}]","[{'id': 15, 'name': 'Sports', 'slug': 'sports', 'games_count': 22123, 'image_background': 'https://media.rawg.io/media/games/5eb/5eb49eb2fa0738fdb5bacea557b1bc57.jpg'}, {'id': 6, 'name': 'Fighting', 'slug': 'fighting', 'games_count': 11763, 'image_background': 'https://media.rawg.io/media/games/35b/35b47c4d85cd6e08f3e2ca43ea5ce7bb.jpg'}]",[],"[{'id': 10681, 'name': 'Nintendo', 'slug': 'nintendo', 'games_count': 1235, 'image_background': 'https://media.rawg.io/media/games/dd1/dd167cf8753db3748a975d61cc926e54.jpg'}]",,"Now real wrestling action is at your fingertips!
It's a reverse bulldog, a double noggin-knocker, a leap off the top turnbuckle - it's pure pandemonium! Welcome to the world of Nintendo Pro Wrestling. Where you take on six of the meanest, baddest, most rotten guys around. With names like The Amazon, Giant Panther, and King Corn Karn. You'll begin the match by choosing a wrestler and an opponent - either the computer or a friend. Then with a flick of the wrist you'll perform drop-kicks, body-slams, head-locks and dozens of other bone-crunching moves designed to annihilate your opponent. But be warned. Each wrestler has his own arsenal of back-breaking moves. Which means you'll have to think fast and move even faster to pin your opponent, hold him for a three-count, and become champion of Nintendo Pro Wrestling!",,1.0,5,1.0,,1.0,,,,,,,,,,,,,,,,0.0,,
56762,seabase-delta,Seabase Delta,Seabase Delta,"<p>Seabase Delta is a text adventure game by Firebird released in 1986 for the Amstrad CPC, Commodore 64 and ZX Spectrum home computers. It is the sequel to Subsunk.</p>",,[],1986-01-01,False,2019-08-28T22:00:18,https://media.rawg.io/media/screenshots/2f2/2f20cd854e22846e566547dacf2d147e.jpg,https://media.rawg.io/media/screenshots/2c1/2c152249a7aeacbf9a3ce8b7d7c76502.jpg,,0.0,0,[],7,0,7,0,2,0,0,,,,,0,0,0,0,0,123,[],,0,0,0,,0,0f0f0f,0f0f0f,"[{'platform': {'id': 10, 'name': 'Commodore / Amiga', 'slug': 'commodore-amiga'}}]","[{'platform': {'id': 166, 'name': 'Commodore / Amiga', 'slug': 'commodore-amiga', 'image': None, 'year_end': None, 'year_start': None, 'games_count': 2083, 'image_background': 'https://media.rawg.io/media/games/cce/cce8bebe861f295003f5a9fe5b11233f.jpg'}, 'released_at': '1986-01-01', 'requirements': {}}]",[],[],[],"[{'id': 31, 'name': 'Singleplayer', 'slug': 'singleplayer', 'language': 'eng', 'games_count': 238404, 'image_background': 'https://media.rawg.io/media/games/26d/26d4437715bee60138dab4a7c8c59c92.jpg'}]","[{'id': 20199, 'name': 'Telecomsoft', 'slug': 'telecomsoft', 'games_count': 28, 'image_background': 'https://media.rawg.io/media/screenshots/b56/b569505ea715521ab76621752fa0c6a4.jpg'}, {'id': 11716, 'name': 'Firebird Software', 'slug': 'firebird-software', 'games_count': 14, 'image_background': 'https://media.rawg.io/media/screenshots/2f2/2f20cd854e22846e566547dacf2d147e.jpg'}]",,"Seabase Delta is a text adventure game by Firebird released in 1986 for the Amstrad CPC, Commodore 64 and ZX Spectrum home computers. It is the sequel to Subsunk.",,,3,1.0,2.0,1.0,,,,,,,,,,,,,,,,0.0,,
56699,pilgrim-1986,Pilgrim (1986),Pilgrim (1986),<p>Pilgrim is a text adventure game by CRL that runs on the Commodore 64 computer.</p>,,[],1986-01-01,False,2019-08-28T22:00:21,https://media.rawg.io/media/screenshots/097/097bbd2a5c013a1210dd927c5f279c95.jpg,https://media.rawg.io/media/screenshots/1f4/1f4a812749e3760d45ee4c7b4f48b988.jpg,,0.0,0,[],7,0,4,0,1,0,0,,,,,0,0,0,0,0,77,[],,0,0,0,,0,0f0f0f,0f0f0f,"[{'platform': {'id': 10, 'name': 'Commodore / Amiga', 'slug': 'commodore-amiga'}}]","[{'platform': {'id': 166, 'name': 'Commodore / Amiga', 'slug': 'commodore-amiga', 'image': None, 'year_end': None, 'year_start': None, 'games_count': 2083, 'image_background': 'https://media.rawg.io/media/games/cce/cce8bebe861f295003f5a9fe5b11233f.jpg'}, 'released_at': '1986-01-01', 'requirements': {}}]",[],"[{'id': 27069, 'name': 'CRL Group', 'slug': 'crl-group', 'games_count': 4, 'image_background': 'https://media.rawg.io/media/screenshots/48a/48a78f92a96ad5870bb0fcc1e705ccc4.jpg'}, {'id': 27541, 'name': 'CRL', 'slug': 'crl', 'games_count': 6, 'image_background': 'https://media.rawg.io/media/screenshots/490/49051a0ee7fc2283ae3f342e0e7dcb6d.jpg'}]",[],"[{'id': 31, 'name': 'Singleplayer', 'slug': 'singleplayer', 'language': 'eng', 'games_count': 238404, 'image_background': 'https://media.rawg.io/media/games/26d/26d4437715bee60138dab4a7c8c59c92.jpg'}]","[{'id': 20289, 'name': 'CRL Group', 'slug': 'crl-group', 'games_count': 12, 'image_background': 'https://media.rawg.io/media/screenshots/48a/48a78f92a96ad5870bb0fcc1e705ccc4.jpg'}, {'id': 20587, 'name': 'CRL', 'slug': 'crl', 'games_count': 3, 'image_background': 'https://media.rawg.io/media/screenshots/9ea/9eab7298b7ca594c8ed8416d015193f7.jpg'}]",,Pilgrim is a text adventure game by CRL that runs on the Commodore 64 computer.,,,3,1.0,2.0,1.0,,,,,,,,,,,,,,,,0.0,,
602230,vampire-killer,Vampire Killer,Vampire Killer,"<p>If you think it&#39;s scary on the outside, wait&#39;ll you see the basement! You&#39;re in for the longest night of your life. Ghosts, goblins, demons, wolves, bats - creatures lurking around every corner. As you descend deeper and deeper, they get thicker and thicker. Better stick close to the cavern floor - it&#39;s your only chance of finding a weapon or two. You&#39;re gonna need &#39;em. Because when you finally meet the Count, you know he&#39;ll be going for the jugular. So keep your courage up and your stake sharp. And say your prayers!</p>",,[],1986-10-30,False,2024-05-31T16:12:37,,,,0.0,0,"[{'id': 3, 'title': 'meh', 'count': 1, 'percent': 50.0}, {'id': 1, 'title': 'skip', 'count': 1, 'percent': 50.0}]",6,0,0,0,12,0,0,,,,,0,0,0,0,2,0,['Akumajou Dracula'],,0,0,0,,2,0f0f0f,0f0f0f,[],[],[],"[{'id': 1971, 'name': 'Konami Digital Entertainment', 'slug': 'konami-digital-entertainment', 'games_count': 467, 'image_background': 'https://media.rawg.io/media/games/d56/d56412cd670313ef306da64669c381d8.jpg'}]","[{'id': 3, 'name': 'Adventure', 'slug': 'adventure', 'games_count': 146479, 'image_background': 'https://media.rawg.io/media/games/cee/cee577e2097a59b77193fe2bce94667d.jpg'}, {'id': 83, 'name': 'Platformer', 'slug': 'platformer', 'games_count': 100868, 'image_background': 'https://media.rawg.io/media/games/4cb/4cb855e8ef1578415a928e53c9f51867.png'}]",[],"[{'id': 10691, 'name': 'Konami', 'slug': 'konami', 'games_count': 788, 'image_background': 'https://media.rawg.io/media/games/85e/85e4c8a78cf9b82b5ed19262fe00c00f.jpg'}]",,"If you think it's scary on the outside, wait'll you see the basement! You're in for the longest night of your life. Ghosts, goblins, demons, wolves, bats - creatures lurking around every corner. As you descend deeper and deeper, they get thicker and thicker. Better stick close to the cavern floor - it's your only chance of finding a weapon or two. You're gonna need 'em. Because when you finally meet the Count, you know he'll be going for the jugular. So keep your courage up and your stake sharp. And say your prayers!",,,3,1.0,,2.0,,,,,,,,,,,,,,,,0.0,,
602229,dragon-ball-dragon-daihikyou,Dragon Ball: Dragon Daihikyou,Dragon Ball: Dragon Daihikyou,"<p>Dragon Ball: Dragon Daihikyou is the first Dragon Ball console video game ever released. It was developed and released by Epoch in September 27, 1986, for the * Super Cassette Vision console*. The game is an overhead shoot&#39;em up that allows players to take on the role of Goku, passing through stages while riding on the Flying Nimbus in order to collect the Dragon Balls. A Dragon Ball is hidden at the end of each stage, collecting it allows the player clear to the stage.</p>",,[],1986-09-27,False,2023-04-17T22:23:52,https://media.rawg.io/media/games/595/5959fb01e0097183da77a021fbb31ceb.jpg,,,0.0,0,"[{'id': 4, 'title': 'recommended', 'count': 1, 'percent': 50.0}, {'id': 1, 'title': 'skip', 'count': 1, 'percent': 50.0}]",6,0,1,0,0,0,0,,,,,0,0,0,0,2,54,"['Doragon Bōru Doragon Daihikyō', 'Dragon Ball: The Great Unexplored Dragon Region', 'ドラゴンボール ドラゴン大秘境']",,0,0,0,,2,0f0f0f,0f0f0f,"[{'platform': {'id': 10, 'name': 'Commodore / Amiga', 'slug': 'commodore-amiga'}}]","[{'platform': {'id': 166, 'name': 'Commodore / Amiga', 'slug': 'commodore-amiga', 'image': None, 'year_end': None, 'year_start': None, 'games_count': 2083, 'image_background': 'https://media.rawg.io/media/games/cce/cce8bebe861f295003f5a9fe5b11233f.jpg'}, 'released_at': '1986-09-27', 'requirements': {}}]",[],"[{'id': 26307, 'name': 'Epoch', 'slug': 'epoch', 'games_count': 6, 'image_background': 'https://media.rawg.io/media/screenshots/0c5/0c5c8ec90a56a59691968a81bd86cf75.jpg'}]","[{'id': 2, 'name': 'Shooter', 'slug': 'shooter', 'games_count': 59560, 'image_background': 'https://media.rawg.io/media/games/d58/d588947d4286e7b5e0e12e1bea7d9844.jpg'}]",[],"[{'id': 19971, 'name': 'Epoch', 'slug': 'epoch', 'games_count': 13, 'image_background': 'https://media.rawg.io/media/screenshots/9cb/9cb19fa8bce74cd66a8aec5a964dbeed.jpg'}]",,"Dragon Ball: Dragon Daihikyou is the first Dragon Ball console video game ever released. It was developed and released by Epoch in September 27, 1986, for the * Super Cassette Vision console*. The game is an overhead shoot'em up that allows players to take on the role of Goku, passing through stages while riding on the Flying Nimbus in order to collect the Dragon Balls. A Dragon Ball is hidden at the end of each stage, collecting it allows the player clear to the stage.",,,1,1.0,2.0,2.0,,1.0,Everyone,everyone,,,,,,,,,,,,0.0,,
826728,hokuto-no-ken,Hokuto no Ken,Hokuto no Ken,"<p>Hokuto no Ken is an Action game, developed by Shouei and published by Toei Animation, which was released in Japan in 1986.</p>",,[],1986-08-10,False,2023-02-07T11:35:32,https://media.rawg.io/media/games/ab0/ab09c364f7886fef8622204b373ab711.jpg,https://media.rawg.io/media/screenshots/884/8841930c7a037040fb9caf080f4ca350.jpg,,0.0,0,"[{'id': 4, 'title': 'recommended', 'count': 1, 'percent': 100.0}]",6,0,4,0,2,0,0,,,,,0,0,0,0,1,160,['Fist of the North Star'],,0,0,12,,1,0f0f0f,0f0f0f,"[{'platform': {'id': 7, 'name': 'Nintendo', 'slug': 'nintendo'}}]","[{'platform': {'id': 49, 'name': 'NES', 'slug': 'nes', 'image': None, 'year_end': None, 'year_start': None, 'games_count': 1015, 'image_background': 'https://media.rawg.io/media/games/7c5/7c50dd0415eb0a57505c58d4e50e4d24.jpg'}, 'released_at': '1986-08-10', 'requirements': {}}]",[],"[{'id': 243454, 'name': 'TOEI ANIMATION CO', 'slug': 'toei-animation-co-ltd', 'games_count': 3, 'image_background': 'https://media.rawg.io/media/games/ab0/ab09c364f7886fef8622204b373ab711.jpg'}]","[{'id': 4, 'name': 'Action', 'slug': 'action', 'games_count': 186608, 'image_background': 'https://media.rawg.io/media/games/618/618c2031a07bbff6b4f611f10b6bcdbc.jpg'}, {'id': 3, 'name': 'Adventure', 'slug': 'adventure', 'games_count': 146479, 'image_background': 'https://media.rawg.io/media/games/cee/cee577e2097a59b77193fe2bce94667d.jpg'}]",[],"[{'id': 19905, 'name': 'Toei Animation', 'slug': 'toei-animation', 'games_count': 3, 'image_background': 'https://media.rawg.io/media/games/ab0/ab09c364f7886fef8622204b373ab711.jpg'}]",,"Hokuto no Ken is an Action game, developed by Shouei and published by Toei Animation, which was released in Japan in 1986.",,,2,2.0,1.0,1.0,,2.0,Everyone 10+,everyone-10-plus,,,,,,,,,,,,0.0,,
369124,astro-warrior,Astro Warrior,Astro Warrior,"<p>Astro Warrior pits you against the enemy&#39;s fleet of superpowered spaceships. And ultimately, the invincible Master Ship. In this treacherous black universe you can only count on yourself. To shoot fast. To shoot straight. If you do - you get more power. More weapons. To beat the villains. To beat the odds. If you don&#39;t - the odds beat you!</p>",,[],1986-12-14,False,2022-09-29T06:10:13,https://media.rawg.io/media/games/caa/caa01fad901e6e3ff45b67c0d5a6a5e1.jpg,https://media.rawg.io/media/screenshots/c1f/c1f059ef25d23504858cc7608b656f8f.jpg,,0.0,0,[],6,0,4,0,0,0,0,,,,,0,0,0,0,0,67,"[' Sapo Xulé: S.O.S. Lagoa Poluida', 'Sapo Xule: S.O.S. Lagoa Poluida']",,0,0,2,,0,0f0f0f,0f0f0f,"[{'platform': {'id': 11, 'name': 'SEGA', 'slug': 'sega'}}]","[{'platform': {'id': 74, 'name': 'SEGA Master System', 'slug': 'sega-master-system', 'image': None, 'year_end': None, 'year_start': None, 'games_count': 234, 'image_background': 'https://media.rawg.io/media/screenshots/a7f/a7f3cb62af2ee95d92065da88583338b.jpg'}, 'released_at': '1986-12-14', 'requirements': {}}]",[],"[{'id': 425, 'name': 'SEGA', 'slug': 'sega', 'games_count': 578, 'image_background': 'https://media.rawg.io/media/screenshots/845/84595759d06a7c5ed2eab76f623454f7.jpeg'}]","[{'id': 4, 'name': 'Action', 'slug': 'action', 'games_count': 186608, 'image_background': 'https://media.rawg.io/media/games/618/618c2031a07bbff6b4f611f10b6bcdbc.jpg'}, {'id': 2, 'name': 'Shooter', 'slug': 'shooter', 'games_count': 59560, 'image_background': 'https://media.rawg.io/media/games/d58/d588947d4286e7b5e0e12e1bea7d9844.jpg'}]","[{'id': 37796, 'name': 'exclusive', 'slug': 'exclusive', 'language': 'eng', 'games_count': 4491, 'image_background': 'https://media.rawg.io/media/games/f24/f2493ea338fe7bd3c7d73750a85a0959.jpeg'}, {'id': 37797, 'name': 'true exclusive', 'slug': 'true-exclusive', 'language': 'eng', 'games_count': 3980, 'image_background': 'https://media.rawg.io/media/games/4be/4be6a6ad0364751a96229c56bf69be59.jpg'}]","[{'id': 3408, 'name': 'SEGA', 'slug': 'sega-2', 'games_count': 1262, 'image_background': 'https://media.rawg.io/media/games/be9/be9cf02720c9326e11d0fda14518554f.jpg'}]",,"Astro Warrior pits you against the enemy's fleet of superpowered spaceships. And ultimately, the invincible Master Ship. In this treacherous black universe you can only count on yourself. To shoot fast. To shoot straight. If you do - you get more power. More weapons. To beat the villains. To beat the odds. If you don't - the odds beat you!",,,3,,1.0,2.0,,1.0,Everyone,everyone,,,,,,,,,,,,0.0,,
736240,daiva-story-6-imperial-of-nirsarti,DAIVA Story 6: Imperial of Nirsarti,DAIVA Story 6: Imperial of Nirsarti,"<p>DAIVA Story 6: Imperial of Nirsartia is the sixth part of a seven part series developed by Toshiba EMI. The series is not a collection of sequential stories, but rather a presentation of the same story from seven different perspectives. Billed as an &quot;Active Simulation War&quot;, each game has the player direct a different protagonist (or &quot;hero&quot;) through a galactic war. In most versions, the player must travel from planet to planet, defeating enemy defense armadas, and then storming the planet in a mobile attack suit, destroying as much of the planet&#39;s defense systems as possible, all in an effort to take over the planet.</p>",,[],1986-12-05,False,2022-02-09T03:21:17,https://media.rawg.io/media/screenshots/e4c/e4c39da99253e23b8e1151df64e55308.jpg,https://media.rawg.io/media/screenshots/7c2/7c26f8429de0f968530ea4a564f0bb3f.jpg,,0.0,0,[],5,0,5,0,0,0,0,,,,,0,0,0,0,0,170,"['DAIVA 6', 'DAIVA Story 6']",,0,0,0,,0,0f0f0f,0f0f0f,"[{'platform': {'id': 7, 'name': 'Nintendo', 'slug': 'nintendo'}}]","[{'platform': {'id': 49, 'name': 'NES', 'slug': 'nes', 'image': None, 'year_end': None, 'year_start': None, 'games_count': 1015, 'image_background': 'https://media.rawg.io/media/games/7c5/7c50dd0415eb0a57505c58d4e50e4d24.jpg'}, 'released_at': '1986-12-05', 'requirements': {}}]",[],[],"[{'id': 10, 'name': 'Strategy', 'slug': 'strategy', 'games_count': 59661, 'image_background': 'https://media.rawg.io/media/games/08b/08b2eee52a9876a48b955e5149affe5b.jpg'}]","[{'id': 72501, 'name': 'fan-translation', 'slug': 'fan-translation', 'language': 'eng', 'games_count': 120, 'image_background': 'https://media.rawg.io/media/screenshots/20f/20fc8408485be8838780df31d229a93a.jpg'}]","[{'id': 20770, 'name': 'Toshiba EMI', 'slug': 'toshiba-emi', 'games_count': 8, 'image_background': 'https://media.rawg.io/media/screenshots/ed2/ed21b3ef3f38b0a5df0eda8ddaa84b34.jpg'}]",,"DAIVA Story 6: Imperial of Nirsartia is the sixth part of a seven part series developed by Toshiba EMI. The series is not a collection of sequential stories, but rather a presentation of the same story from seven different perspectives. Billed as an ""Active Simulation War"", each game has the player direct a different protagonist (or ""hero"") through a galactic war. In most versions, the player must travel from planet to planet, defeating enemy defense armadas, and then storming the planet in a mobile attack suit, destroying as much of the planet's defense systems as possible, all in an effort to take over the planet.",,1.0,2,,1.0,1.0,,,,,,,,,,,,,,,,0.0,,
983049,koneko-monogatari,Koneko Monogatari,Koneko Monogatari,"<p>Koneko Monogatari: The Adventures of Chatran (子猫物語) is a Platformer 2D video game published by Marionette, Pony Canyon released on 1986 for the FDS.</p>",,[],1986-09-19,False,2024-06-07T09:46:52,https://media.rawg.io/media/games/9dd/9dd7865bf9f97a48597ecfab548ff67e.jpg,https://media.rawg.io/media/screenshots/acf/acf114329faeb270cc92375fb7bed9a8.jpg,,0.0,0,"[{'id': 5, 'title': 'exceptional', 'count': 1, 'percent': 100.0}]",4,0,10,0,2,0,0,,,,,0,0,0,1,0,124,"[""A Kitten's Tale - The Adventures of Chatran"", 'Koneko Monogatari: The Adventures of Chatran', 'Stray', 'The Adventures of Milo and Otis ', '子猫物語']",,0,0,0,,1,0f0f0f,0f0f0f,"[{'platform': {'id': 7, 'name': 'Nintendo', 'slug': 'nintendo'}}]","[{'platform': {'id': 49, 'name': 'NES', 'slug': 'nes', 'image': None, 'year_end': None, 'year_start': None, 'games_count': 1015, 'image_background': 'https://media.rawg.io/media/games/7c5/7c50dd0415eb0a57505c58d4e50e4d24.jpg'}, 'released_at': '1986-09-19', 'requirements': {}}]",[],"[{'id': 26534, 'name': 'Marionette', 'slug': 'marionette', 'games_count': 25, 'image_background': 'https://media.rawg.io/media/screenshots/c4d/c4d6a073e687fa2b9914fce9a9e218ca.jpg'}]","[{'id': 4, 'name': 'Action', 'slug': 'action', 'games_count': 186608, 'image_background': 'https://media.rawg.io/media/games/618/618c2031a07bbff6b4f611f10b6bcdbc.jpg'}, {'id': 3, 'name': 'Adventure', 'slug': 'adventure', 'games_count': 146479, 'image_background': 'https://media.rawg.io/media/games/cee/cee577e2097a59b77193fe2bce94667d.jpg'}, {'id': 83, 'name': 'Platformer', 'slug': 'platformer', 'games_count': 100868, 'image_background': 'https://media.rawg.io/media/games/4cb/4cb855e8ef1578415a928e53c9f51867.png'}]",[],"[{'id': 19852, 'name': 'Pony Canyon', 'slug': 'pony-canyon', 'games_count': 23, 'image_background': 'https://media.rawg.io/media/games/abf/abfbb5bc3f06bf77c5572643ae0e386a.jpg'}]",,"Koneko Monogatari: The Adventures of Chatran (子猫物語) is a Platformer 2D video game published by Marionette, Pony Canyon released on 1986 for the FDS.",,,2,1.0,1.0,,,1.0,Everyone,everyone,,,,,,,,,,,,0.0,,
732508,number-munchers,Number Munchers,Number Munchers,"<p>Number Munchers is a 1986 video game and a spin-off to the title Word Munchers. It was made by MECC for Apple II, then ported to DOS and Macintosh in 1990. The concept of the game was designed by R. Philip Bouchard, who also designed The Oregon Trail. Two versions of the game were released being the Consumer Version (for home use) and the School Version (for classrooms). After The Learning Company acquired MECC, the game was rebranded as &quot;Math Munchers&quot;.</p>",,[],1986-01-01,False,2022-02-03T23:51:52,https://media.rawg.io/media/screenshots/a37/a3768dad06377d9b66fd7daf192833b6.jpg,https://media.rawg.io/media/screenshots/7d5/7d5e903953dc9b8d264f7790141f5fbc.jpg,https://archive.org/details/msdos_Number_Munchers_1990,0.0,0,[],4,0,6,0,1,0,0,,,,,0,0,0,0,0,79,[],,0,0,0,,0,0f0f0f,0f0f0f,"[{'platform': {'id': 5, 'name': 'Apple Macintosh', 'slug': 'mac'}}]","[{'platform': {'id': 41, 'name': 'Apple II', 'slug': 'apple-ii', 'image': None, 'year_end': None, 'year_start': None, 'games_count': 424, 'image_background': 'https://media.rawg.io/media/screenshots/3d2/3d2bb57b39e2efa39d1c385585b2ea8b.jpg'}, 'released_at': '1986-01-01', 'requirements': {}}, {'platform': {'id': 55, 'name': 'Classic Macintosh', 'slug': 'macintosh', 'image': None, 'year_end': None, 'year_start': None, 'games_count': 675, 'image_background': 'https://media.rawg.io/media/games/38a/38af969459ad6e5de116ec8a4a84218c.jpg'}, 'released_at': '1986-01-01', 'requirements': {}}]",[],"[{'id': 15165, 'name': 'MECC', 'slug': 'mecc', 'games_count': 10, 'image_background': 'https://media.rawg.io/media/screenshots/b65/b650687344648ddea6063cfbf898f91b.jpg'}]","[{'id': 34, 'name': 'Educational', 'slug': 'educational', 'games_count': 15690, 'image_background': 'https://media.rawg.io/media/games/7ca/7ca90d463ea0c0252e7d01afe897ffa8.jpg'}]",[],"[{'id': 11881, 'name': 'MECC', 'slug': 'mecc', 'games_count': 8, 'image_background': 'https://media.rawg.io/media/screenshots/b65/b650687344648ddea6063cfbf898f91b.jpg'}]",,"Number Munchers is a 1986 video game and a spin-off to the title Word Munchers. It was made by MECC for Apple II, then ported to DOS and Macintosh in 1990. The concept of the game was designed by R. Philip Bouchard, who also designed The Oregon Trail. Two versions of the game were released being the Consumer Version (for home use) and the School Version (for classrooms). After The Learning Company acquired MECC, the game was rebranded as ""Math Munchers"".",,,2,,1.0,1.0,,,,,,,,,,,,,,,,0.0,,
535525,star-soldier-nes,Star Soldier (NES),Star Soldier (NES),"<p>Star Soldier (スターソルジャー, Sutā Sorujā) is a shoot &#39;em up video game developed and published by Hudson Soft for the Nintendo Entertainment System and the MSX.[2] The player pilots the starship &quot;Caesar&quot;, travelling through space stations occupied by powerful supercomputers known as &quot;Starbrains&quot; who threaten the galactic empire. Star Soldier greatly resembles the earlier arcade game Star Force.[3]</p>",,[],1986-06-13,False,2020-12-22T11:47:03,https://media.rawg.io/media/screenshots/f4f/f4f2af6b90946c93e1771974e5a3c5d8.jpg,https://media.rawg.io/media/screenshots/e63/e637a04e1971da37cc65a37053a26f0a.jpg,,0.0,0,[],3,0,4,0,0,0,0,,,,,0,0,0,0,0,140,[],,0,0,0,,0,0f0f0f,0f0f0f,"[{'platform': {'id': 7, 'name': 'Nintendo', 'slug': 'nintendo'}}]","[{'platform': {'id': 49, 'name': 'NES', 'slug': 'nes', 'image': None, 'year_end': None, 'year_start': None, 'games_count': 1015, 'image_background': 'https://media.rawg.io/media/games/7c5/7c50dd0415eb0a57505c58d4e50e4d24.jpg'}, 'released_at': '1986-06-13', 'requirements': {}}]",[],"[{'id': 14652, 'name': 'Hudson Soft', 'slug': 'hudson-soft', 'games_count': 114, 'image_background': 'https://media.rawg.io/media/screenshots/e87/e87bd8b2b7cff248c4d1af8264d25d09.jpg'}]","[{'id': 2, 'name': 'Shooter', 'slug': 'shooter', 'games_count': 59560, 'image_background': 'https://media.rawg.io/media/games/d58/d588947d4286e7b5e0e12e1bea7d9844.jpg'}]",[],"[{'id': 10831, 'name': 'HUDSON SOFT', 'slug': 'hudson-soft', 'games_count': 198, 'image_background': 'https://media.rawg.io/media/games/d51/d519cdf7f6c11951ce87a01fab5ee34e.jpg'}]",,"Star Soldier (スターソルジャー, Sutā Sorujā) is a shoot 'em up video game developed and published by Hudson Soft for the Nintendo Entertainment System and the MSX.[2] The player pilots the starship ""Caesar"", travelling through space stations occupied by powerful supercomputers known as ""Starbrains"" who threaten the galactic empire. Star Soldier greatly resembles the earlier arcade game Star Force.[3]",,,1,,1.0,1.0,,,,,,,,,,,,,,,,0.0,,
627512,enchanted-scepters,Enchanted Scepters,Enchanted Scepters,"<p>The player must find the four fire, earth, air and water scepters hidden across the Kingdom, and return them to the Wizard. The gameplay is much like a text adventure game; the screen shows a picture of the room the player is currently in and to the right is a description of the room. The description mentions any items that can be used or picked up, but to do that the player must click on the item in the picture. The pictures change as the player moves to a new scene. There is no movement in the picture, but enemies are inserted when encountered, accompanied by sound effects. The player can then choose from a drop down menu whether to flee, and which way (north, south, east or west and occasionally up or down), or to fight, and with which weapon</p>",,[],1986-01-01,False,2021-06-26T20:03:57,,,,0.0,0,[],3,0,0,0,0,0,0,,,,,0,0,0,0,0,0,[],,0,0,0,,0,0f0f0f,0f0f0f,"[{'platform': {'id': 5, 'name': 'Apple Macintosh', 'slug': 'mac'}}]","[{'platform': {'id': 55, 'name': 'Classic Macintosh', 'slug': 'macintosh', 'image': None, 'year_end': None, 'year_start': None, 'games_count': 675, 'image_background': 'https://media.rawg.io/media/games/38a/38af969459ad6e5de116ec8a4a84218c.jpg'}, 'released_at': '1986-01-01', 'requirements': {}}]",[],"[{'id': 27090, 'name': 'Silicon Beach Software', 'slug': 'silicon-beach-software', 'games_count': 3, 'image_background': 'https://media.rawg.io/media/screenshots/4a2/4a26bf9aead1da70c1fc0220686f44ff.jpg'}]","[{'id': 3, 'name': 'Adventure', 'slug': 'adventure', 'games_count': 146479, 'image_background': 'https://media.rawg.io/media/games/cee/cee577e2097a59b77193fe2bce94667d.jpg'}]",[],[],,"The player must find the four fire, earth, air and water scepters hidden across the Kingdom, and return them to the Wizard. The gameplay is much like a text adventure game; the screen shows a picture of the room the player is currently in and to the right is a description of the room. The description mentions any items that can be used or picked up, but to do that the player must click on the item in the picture. The pictures change as the player moves to a new scene. There is no movement in the picture, but enemies are inserted when encountered, accompanied by sound effects. The player can then choose from a drop down menu whether to flee, and which way (north, south, east or west and occasionally up or down), or to fight, and with which weapon",,,2,,,1.0,,,,,,,,,,,,,,,,0.0,,
362725,mobile-suit-gundam-1995,Kidou Senshi Z-Gundam: Hot Scramble,Kidou Senshi Z-Gundam: Hot Scramble,"<p>Famicom Mini: Kidou Senshi Z-Gundam - Hot Scramble is an Action game, developed by Bandai and published by Nintendo, which was released in Japan in 2004.</p>",,[],1986-08-27,False,2023-10-11T11:51:24,https://media.rawg.io/media/games/879/879a7ad7c7fa0cf95431e5e188323de4.jpg,https://media.rawg.io/media/screenshots/d5d/d5dde1b70a094d3d88a34238ce095970.jpg,,0.0,0,"[{'id': 4, 'title': 'recommended', 'count': 1, 'percent': 100.0}]",2,0,5,0,6,0,0,,,,,0,0,0,0,1,99,[],,0,0,20,,1,0f0f0f,0f0f0f,"[{'platform': {'id': 7, 'name': 'Nintendo', 'slug': 'nintendo'}}]","[{'platform': {'id': 49, 'name': 'NES', 'slug': 'nes', 'image': None, 'year_end': None, 'year_start': None, 'games_count': 1015, 'image_background': 'https://media.rawg.io/media/games/7c5/7c50dd0415eb0a57505c58d4e50e4d24.jpg'}, 'released_at': '1986-08-27', 'requirements': {}}, {'platform': {'id': 24, 'name': 'Game Boy Advance', 'slug': 'game-boy-advance', 'image': None, 'year_end': None, 'year_start': None, 'games_count': 950, 'image_background': 'https://media.rawg.io/media/games/98c/98c87b286cd2a2ba942167df384a9bd3.jpg'}, 'released_at': '1986-08-27', 'requirements': {}}]",[],"[{'id': 28389, 'name': 'GAME STUDIO', 'slug': 'game-studio-inc', 'games_count': 8, 'image_background': 'https://media.rawg.io/media/screenshots/a3d/a3d3f9671b737eb0999f20426d587ce1.jpg'}]","[{'id': 4, 'name': 'Action', 'slug': 'action', 'games_count': 186608, 'image_background': 'https://media.rawg.io/media/games/618/618c2031a07bbff6b4f611f10b6bcdbc.jpg'}, {'id': 2, 'name': 'Shooter', 'slug': 'shooter', 'games_count': 59560, 'image_background': 'https://media.rawg.io/media/games/d58/d588947d4286e7b5e0e12e1bea7d9844.jpg'}]","[{'id': 37796, 'name': 'exclusive', 'slug': 'exclusive', 'language': 'eng', 'games_count': 4491, 'image_background': 'https://media.rawg.io/media/games/f24/f2493ea338fe7bd3c7d73750a85a0959.jpeg'}, {'id': 37797, 'name': 'true exclusive', 'slug': 'true-exclusive', 'language': 'eng', 'games_count': 3980, 'image_background': 'https://media.rawg.io/media/games/4be/4be6a6ad0364751a96229c56bf69be59.jpg'}]","[{'id': 11287, 'name': 'Bandai', 'slug': 'bandai', 'games_count': 212, 'image_background': 'https://media.rawg.io/media/games/dea/dea3ffd2ee465017a545b240a8fe63bb.jpg'}]",,"Famicom Mini: Kidou Senshi Z-Gundam - Hot Scramble is an Action game, developed by Bandai and published by Nintendo, which was released in Japan in 2004.",,,2,,,,,1.0,Everyone,everyone,,,,,,,,,,,,0.0,,
898504,firezone,Firezone,Firezone,"With the break up of the Superpower blocks, colonial wars ravage the world.<br/><br/>The development of powerful beam weapons and defensive energy shields have revolutionized ground warfare giving a new lease of life to the concept of the Armored Fighting Vehicle.<br/><br/>Propulsion systems have advanced beyond recognition. The development of the GRAV engine means tanks can skim across a battlefield at the speed of todays helicopter gun-ships.<br/><br/>FIREZONE simulates this new style of combat. It can be played as a solo game against a tough computer opponent or as a two player game. The player can control either of the two main protagonists - the EUROPEAN LEAGUE or the PACIFIC COMBINE - in any of the set scenarios. Victory is yours when the opposing forces are either wiped from the map or forced into mass retreat. Also incorporated is a scenario editor program allowing the player to design his own battles.<br/><br/>FIREZONE is a phased game and incorporates the latest in Artificial Intelligence techniques.<h3>Features</h3><br/><ul><li> Phased game<br/></li><li> Highly intelligent computer opponent<br/></li><li> 9 pre-set missions on disk<br/></li><li> Unique scenario generator<br/></li><li> Hidden or open movement<br/></li><li> 1 or 2 players<br/></li><li> Multiple terrain types<br/></li><li> Hex based scrolling maps<br/></li><li> Variable unit types</li></ul>",,[],1986-12-31,False,2023-11-05T15:40:54,https://media.rawg.io/media/screenshots/be7/be7738d99f7b9d972726484ff8224ca6.jpg,https://media.rawg.io/media/screenshots/977/9775de59ca6797b7071f568772b079e6.jpg,https://mirrorsoft.com/,0.0,0,[],2,0,5,0,0,0,0,,,,,0,0,0,0,0,129,[],,0,0,0,,0,0f0f0f,0f0f0f,"[{'platform': {'id': 1, 'name': 'PC', 'slug': 'pc'}}, {'platform': {'id': 6, 'name': 'Linux', 'slug': 'linux'}}]","[{'platform': {'id': 6, 'name': 'Linux', 'slug': 'linux', 'image': None, 'year_end': None, 'year_start': None, 'games_count': 78810, 'image_background': 'https://media.rawg.io/media/games/d58/d588947d4286e7b5e0e12e1bea7d9844.jpg'}, 'released_at': '2020-02-06', 'requirements': {}}, {'platform': {'id': 4, 'name': 'PC', 'slug': 'pc', 'image': None, 'year_end': None, 'year_start': None, 'games_count': 547194, 'image_background': 'https://media.rawg.io/media/games/4be/4be6a6ad0364751a96229c56bf69be59.jpg'}, 'released_at': '2020-02-06', 'requirements': {'minimum': 'Minimum:\nOS: Windows 7\nProcessor: 1 GHz\nMemory: 128 MB RAM\nGraphics: Any 100% OpenGL capable (Card or Onboard)\nStorage: 1 GB available space\nSound Card: 3D graphics card or onboard graphics compatible with DirectX 9.0c\nAdditional Notes: 100% DirectX 9 compatible card or onboard sound', 'recommended': 'Recommended:\nOS: Windows 10\nProcessor: 1.5 Ghz\nMemory: 256 MB RAM\nGraphics: Any 100% OpenGL capable (Card or Onboard)\nStorage: 1 GB available space\nSound Card: 3D graphics card or onboard graphics compatible with DirectX 9.0c\nAdditional Notes: 100% DirectX 9 compatible card or onboard sound'}}]","[{'id': 970499, 'url': '', 'store': {'id': 1, 'name': 'Steam', 'slug': 'steam', 'domain': 'store.steampowered.com', 'games_count': 110181, 'image_background': 'https://media.rawg.io/media/games/7fa/7fa0b586293c5861ee32490e953a4996.jpg'}}, {'id': 896617, 'url': '', 'store': {'id': 5, 'name': 'GOG', 'slug': 'gog', 'domain': 'gog.com', 'games_count': 6713, 'image_background': 'https://media.rawg.io/media/games/5c0/5c0dd63002cb23f804aab327d40ef119.jpg'}}]","[{'id': 127918, 'name': 'Arcadia', 'slug': 'arcadia', 'games_count': 7, 'image_background': 'https://media.rawg.io/media/screenshots/37c/37c473f1fcbf9bba5ca6f03d2e525ae2.jpg'}]","[{'id': 10, 'name': 'Strategy', 'slug': 'strategy', 'games_count': 59661, 'image_background': 'https://media.rawg.io/media/games/08b/08b2eee52a9876a48b955e5149affe5b.jpg'}]","[{'id': 31, 'name': 'Singleplayer', 'slug': 'singleplayer', 'language': 'eng', 'games_count': 238404, 'image_background': 'https://media.rawg.io/media/games/26d/26d4437715bee60138dab4a7c8c59c92.jpg'}, {'id': 7, 'name': 'Multiplayer', 'slug': 'multiplayer', 'language': 'eng', 'games_count': 40505, 'image_background': 'https://media.rawg.io/media/games/021/021c4e21a1824d2526f925eff6324653.jpg'}, {'id': 32, 'name': 'Sci-fi', 'slug': 'sci-fi', 'language': 'eng', 'games_count': 20746, 'image_background': 'https://media.rawg.io/media/games/198/1988a337305e008b41d7f536ce9b73f6.jpg'}, {'id': 198, 'name': 'Split Screen', 'slug': 'split-screen', 'language': 'eng', 'games_count': 7445, 'image_background': 'https://media.rawg.io/media/games/89a/89a700d3c6a76bd0610ca89ccd20da54.jpg'}, {'id': 74, 'name': 'Retro', 'slug': 'retro', 'language': 'eng', 'games_count': 43195, 'image_background': 'https://media.rawg.io/media/games/e04/e04963f3ac4c4fa83a1dc0b9231e50db.jpg'}, {'id': 157, 'name': 'PvP', 'slug': 'pvp', 'language': 'eng', 'games_count': 10819, 'image_background': 'https://media.rawg.io/media/games/b29/b294fdd866dcdb643e7bab370a552855.jpg'}, {'id': 1465, 'name': 'combat', 'slug': 'combat', 'language': 'eng', 'games_count': 14418, 'image_background': 'https://media.rawg.io/media/games/f54/f54e9fb2f4aac37810ea1a69a3e4480a.jpg'}, {'id': 101, 'name': 'Turn-Based Strategy', 'slug': 'turn-based-strategy', 'language': 'eng', 'games_count': 5952, 'image_background': 'https://media.rawg.io/media/games/27c/27c86ebfba2281ebe3ea8ca6c9e752f1.jpg'}, {'id': 45201, 'name': 'Remote Play Together', 'slug': 'remote-play-together', 'language': 'eng', 'games_count': 3485, 'image_background': 'https://media.rawg.io/media/games/dfe/dfe14d30ed6fccd9db4ae79d3be51d54.jpg'}, {'id': 55, 'name': 'Tanks', 'slug': 'tanks', 'language': 'eng', 'games_count': 2893, 'image_background': 'https://media.rawg.io/media/games/0d4/0d4e5446db732e2fcce34d1dcb4dd914.jpg'}, {'id': 3109, 'name': 'weapons', 'slug': 'weapons', 'language': 'eng', 'games_count': 2282, 'image_background': 'https://media.rawg.io/media/games/662/66261db966238da20c306c4b78ae4603.jpg'}, {'id': 103, 'name': 'Hex Grid', 'slug': 'hex-grid', 'language': 'eng', 'games_count': 492, 'image_background': 'https://media.rawg.io/media/screenshots/f8a/f8ae83f70a0f2631d7123a5caca19ace.jpg'}, {'id': 46114, 'name': 'Shared/Split Screen PvP', 'slug': 'sharedsplit-screen-pvp', 'language': 'eng', 'games_count': 2542, 'image_background': 'https://media.rawg.io/media/screenshots/327/327a516cea0814bf7c42f2c8bf88ca99.jpg'}, {'id': 500, 'name': 'Solo', 'slug': 'solo', 'language': 'eng', 'games_count': 1637, 'image_background': 'https://media.rawg.io/media/games/9f1/9f1891779cb20f44de93cef33b067e50.jpg'}, {'id': 754, 'name': 'gun', 'slug': 'gun', 'language': 'eng', 'games_count': 3216, 'image_background': 'https://media.rawg.io/media/games/23c/23c05dddf504b4990619f5aca006ce53.jpg'}, {'id': 3621, 'name': 'map', 'slug': 'map', 'language': 'eng', 'games_count': 1328, 'image_background': 'https://media.rawg.io/media/screenshots/99b/99b7ed43838e62d8845a3746cfafa319_RfsOZVP.jpg'}, {'id': 654, 'name': 'blocks', 'slug': 'blocks', 'language': 'eng', 'games_count': 6316, 'image_background': 'https://media.rawg.io/media/screenshots/988/988fd70f9c1d84907f4f9f7cfe8db690.jpg'}, {'id': 1075, 'name': 'Generator', 'slug': 'generator', 'language': 'eng', 'games_count': 1042, 'image_background': 'https://media.rawg.io/media/screenshots/256/256136a0d1856f6519703bcab89a6304.jpg'}, {'id': 2609, 'name': 'vehicle', 'slug': 'vehicle', 'language': 'eng', 'games_count': 401, 'image_background': 'https://media.rawg.io/media/screenshots/c07/c07076730453d91303b59f9c41218762_FYD9Tfs.jpg'}, {'id': 3244, 'name': 'helicopter', 'slug': 'helicopter', 'language': 'eng', 'games_count': 858, 'image_background': 'https://media.rawg.io/media/screenshots/728/7289208bd3be36d537d6d163cf97ff57.jpg'}, {'id': 1412, 'name': 'design', 'slug': 'design', 'language': 'eng', 'games_count': 1936, 'image_background': 'https://media.rawg.io/media/screenshots/20d/20d8b1d98bb2acdd73c22bfee3d89c20.jpg'}, {'id': 8007, 'name': 'movement', 'slug': 'movement', 'language': 'eng', 'games_count': 2382, 'image_background': 'https://media.rawg.io/media/screenshots/b8b/b8b86dbbf361df4176bea1220ba03be3.jpg'}, {'id': 14888, 'name': 'concept', 'slug': 'concept', 'language': 'eng', 'games_count': 632, 'image_background': 'https://media.rawg.io/media/screenshots/774/7744dcdbdc3d63d35300a311e5176d86.jpg'}, {'id': 3187, 'name': 'break', 'slug': 'break', 'language': 'eng', 'games_count': 412, 'image_background': 'https://media.rawg.io/media/screenshots/7ba/7ba26c2d691998d9538d0f691e4e2bf2.jpg'}]","[{'id': 10382, 'name': 'Throwback Entertainment', 'slug': 'throwback-entertainment', 'games_count': 30, 'image_background': 'https://media.rawg.io/media/screenshots/d5d/d5d3b088dc053f9404ec568dc09187a6.jpg'}, {'id': 47513, 'name': 'MIRROR Soft', 'slug': 'mirror-soft', 'games_count': 15, 'image_background': 'https://media.rawg.io/media/screenshots/83b/83be99eb3dbb007d66ad9f6a80f181f7.jpg'}]",,"With the break up of the Superpower blocks, colonial wars ravage the world.
The development of powerful beam weapons and defensive energy shields have revolutionized ground warfare giving a new lease of life to the concept of the Armored Fighting Vehicle.
Propulsion systems have advanced beyond recognition. The development of the GRAV engine means tanks can skim across a battlefield at the speed of todays helicopter gun-ships.
FIREZONE simulates this new style of combat. It can be played as a solo game against a tough computer opponent or as a two player game. The player can control either of the two main protagonists - the EUROPEAN LEAGUE or the PACIFIC COMBINE - in any of the set scenarios. Victory is yours when the opposing forces are either wiped from the map or forced into mass retreat. Also incorporated is a scenario editor program allowing the player to design his own battles.
FIREZONE is a phased game and incorporates the latest in Artificial Intelligence techniques.Features
Phased game
Highly intelligent computer opponent
9 pre-set missions on disk
Unique scenario generator
Hidden or open movement
1 or 2 players
Multiple terrain types
Hex based scrolling maps
Variable unit types",,,2,,,,,,,,,,,,,,,,,,,0.0,,
972402,alpha-1986,Alpha (1986),Alpha (1986),"<p>Alpha (アルファ) is an interactive fiction and eroge[1] game developed and published by Square, released for the NEC PC-8801, NEC PC-9801, Fujitsu FM-7, and Sharp X1 systems in 1986. Alpha uses a text parser to interpret the player&#39;s instructions and displays the results on screen.</p>",,[],1986-07-08,False,2023-11-17T12:40:10,,,,0.0,0,[],2,0,0,0,0,0,0,,,,,0,0,0,0,0,0,['アルファ'],,0,0,0,,0,0f0f0f,0f0f0f,[],[],[],[],"[{'id': 14, 'name': 'Simulation', 'slug': 'simulation', 'games_count': 73491, 'image_background': 'https://media.rawg.io/media/games/48c/48cb04ca483be865e3a83119c94e6097.jpg'}]",[],[],,"Alpha (アルファ) is an interactive fiction and eroge[1] game developed and published by Square, released for the NEC PC-8801, NEC PC-9801, Fujitsu FM-7, and Sharp X1 systems in 1986. Alpha uses a text parser to interpret the player's instructions and displays the results on screen.",,,2,,,,,,,,,,,,,,,,,,,0.0,,
