id,slug,name,name_original,description,metacritic,metacritic_platforms,released,tba,updated,background_image,background_image_additional,website,rating,rating_top,ratings,added,playtime,screenshots_count,movies_count,creators_count,achievements_count,parent_achievements_count,reddit_url,reddit_name,reddit_description,reddit_logo,reddit_count,twitch_count,youtube_count,reviews_text_count,ratings_count,suggestions_count,alternative_names,metacritic_url,parents_count,additions_count,game_series_count,user_game,reviews_count,saturated_color,dominant_color,parent_platforms,platforms,stores,developers,genres,tags,publishers,esrb_rating,clip,description_raw,added_by_status.yet,added_by_status.owned,added_by_status.beaten,added_by_status.toplay,added_by_status.dropped,added_by_status.playing,reactions.2,reactions.3,reactions.4,reactions.6,reactions.7,reactions.8,reactions.10,reactions.11,reactions.18,reactions.20,reactions.19,esrb_rating.id,esrb_rating.name,esrb_rating.slug,reactions.12,reactions,reactions.15,community_rating,added_by_status
54122,ultima-4-quest-of-the-avatar,Ultima IV: Quest of the Avatar,Ultima IV: Quest of the Avatar,"<p>Ultima IV: Quest of the Avatar, first released in 1985 for the Apple II, is the fourth in the series of Ultima role-playing video games. It is the first in the ""Age of Enlightenment"" trilogy, shifting the series from the hack and slash, dungeon crawl gameplay of its ""Age of Darkness"" predecessors towards an ethically-nuanced, story-driven approach. Ultima IV has a much larger game world than its predecessors, with an over world map sixteen times the size of Ultima III and puzzle-filled dungeon rooms to explore. Ultima IV further improves the franchise with dialog improvements, new means of travel and exploration, and world interactivity.</p>
<p>In 1996 Computer Gaming World named Ultima IV as #2 on its Best Games of All Time list on the PC. Designer Richard Garriott considers this game to be among his favorites from the Ultima series.</p>",,[],1985-09-15,False,2025-04-14T21:28:24,https://media.rawg.io/media/screenshots/773/7730495e8fc0fe7e1e747cb9449399ac.jpeg,https://media.rawg.io/media/screenshots/18a/18af78db2d678df375d2851c37fd7b2e.jpeg,,2.2,1,"[{'id': 1, 'title': 'skip', 'count': 86, 'percent': 54.78}, {'id': 3, 'title': 'meh', 'count': 36, 'percent': 22.93}, {'id': 4, 'title': 'recommended', 'count': 24, 'percent': 15.29}, {'id': 5, 'title': 'exceptional', 'count': 11, 'percent': 7.01}]",2271,1,61,0,15,0,0,,,,,0,0,16208,0,157,278,[],,0,1,21,,157,0f0f0f,0f0f0f,"[{'platform': {'id': 1, 'name': 'PC', 'slug': 'pc'}}, {'platform': {'id': 4, 'name': 'iOS', 'slug': 'ios'}}, {'platform': {'id': 5, 'name': 'Apple Macintosh', 'slug': 'mac'}}, {'platform': {'id': 7, 'name': 'Nintendo', 'slug': 'nintendo'}}, {'platform': {'id': 9, 'name': 'Atari', 'slug': 'atari'}}, {'platform': {'id': 10, 'name': 'Commodore / Amiga', 'slug': 'commodore-amiga'}}, {'platform': {'id': 11, 'name': 'SEGA', 'slug': 'sega'}}]","[{'platform': {'id': 3, 'name': 'iOS', 'slug': 'ios', 'image': None, 'year_end': None, 'year_start': None, 'games_count': 77392, 'image_background': 'https://media.rawg.io/media/games/5fa/5fae5fec3c943179e09da67a4427d68f.jpg'}, 'released_at': '1985-09-16', 'requirements': {}}, {'platform': {'id': 34, 'name': 'Atari ST', 'slug': 'atari-st', 'image': None, 'year_end': None, 'year_start': None, 'games_count': 836, 'image_background': 'https://media.rawg.io/media/games/637/637d7dc2f44d0f6ddd3ee2c0b1366962.jpg'}, 'released_at': '1985-09-16', 'requirements': {}}, {'platform': {'id': 74, 'name': 'SEGA Master System', 'slug': 'sega-master-system', 'image': None, 'year_end': None, 'year_start': None, 'games_count': 234, 'image_background': 'https://media.rawg.io/media/screenshots/a7f/a7f3cb62af2ee95d92065da88583338b.jpg'}, 'released_at': '1985-09-16', 'requirements': {}}, {'platform': {'id': 55, 'name': 'Classic Macintosh', 'slug': 'macintosh', 'image': None, 'year_end': None, 'year_start': None, 'games_count': 675, 'image_background': 'https://media.rawg.io/media/games/38a/38af969459ad6e5de116ec8a4a84218c.jpg'}, 'released_at': '1985-09-16', 'requirements': {}}, {'platform': {'id': 41, 'name': 'Apple II', 'slug': 'apple-ii', 'image': None, 'year_end': None, 'year_start': None, 'games_count': 424, 'image_background': 'https://media.rawg.io/media/screenshots/3d2/3d2bb57b39e2efa39d1c385585b2ea8b.jpg'}, 'released_at': '1985-09-16', 'requirements': {}}, {'platform': {'id': 25, 'name': 'Atari 8-bit', 'slug': 'atari-8-bit', 'image': None, 'year_end': None, 'year_start': None, 'games_count': 308, 'image_background': 'https://media.rawg.io/media/screenshots/038/0385a47d3a43b218204268af5361a19e.jpg'}, 'released_at': '1985-09-16', 'requirements': {}}, {'platform': {'id': 166, 'name': 'Commodore / Amiga', 'slug': 'commodore-amiga', 'image': None, 'year_end': None, 'year_start': None, 'games_count': 2083, 'image_background': 'https://media.rawg.io/media/games/cce/cce8bebe861f295003f5a9fe5b11233f.jpg'}, 'released_at': '1985-09-16', 'requirements': {}}, {'platform': {'id': 49, 'name': 'NES', 'slug': 'nes', 'image': None, 'year_end': None, 'year_start': None, 'games_count': 1015, 'image_background': 'https://media.rawg.io/media/games/7c5/7c50dd0415eb0a57505c58d4e50e4d24.jpg'}, 'released_at': '1985-09-16', 'requirements': {}}, {'platform': {'id': 4, 'name': 'PC', 'slug': 'pc', 'image': None, 'year_end': None, 'year_start': None, 'games_count': 547196, 'image_background': 'https://media.rawg.io/media/games/6fc/6fcf4cd3b17c288821388e6085bb0fc9.jpg'}, 'released_at': '1985-09-15', 'requirements': {}}, {'platform': {'id': 5, 'name': 'macOS', 'slug': 'macos', 'image': None, 'year_end': None, 'year_start': None, 'games_count': 106181, 'image_background': 'https://media.rawg.io/media/games/6fc/6fcf4cd3b17c288821388e6085bb0fc9.jpg'}, 'released_at': '1985-09-15', 'requirements': {'minimum': 'OS X 10.6.8 or later.Processor: Intel Core Duo 2GHz+Memory: 1GB of RAMGraphics: 64MB of video memory Recommended two-button mouse, or Apple mouse with Secondary Button / Secondary Click enabled.'}}]","[{'id': 46988, 'url': '', 'store': {'id': 4, 'name': 'App Store', 'slug': 'apple-appstore', 'domain': 'apps.apple.com', 'games_count': 75582, 'image_background': 'https://media.rawg.io/media/games/0bd/0bd5646a3d8ee0ac3314bced91ea306d.jpg'}}, {'id': 49491, 'url': '', 'store': {'id': 5, 'name': 'GOG', 'slug': 'gog', 'domain': 'gog.com', 'games_count': 6713, 'image_background': 'https://media.rawg.io/media/games/5c0/5c0dd63002cb23f804aab327d40ef119.jpg'}}]","[{'id': 13178, 'name': 'Origin Systems', 'slug': 'origin-systems', 'games_count': 60, 'image_background': 'https://media.rawg.io/media/screenshots/ba4/ba456796ee5e190af9cfb2e78feac2ec.jpg'}, {'id': 15420, 'name': 'Elite Systems', 'slug': 'elite-systems', 'games_count': 27, 'image_background': 'https://media.rawg.io/media/screenshots/caa/caa0c02cbf754482c07398d49211bb5e.jpg'}]","[{'id': 3, 'name': 'Adventure', 'slug': 'adventure', 'games_count': 146481, 'image_background': 'https://media.rawg.io/media/games/b6b/b6b20bfc4b34e312dbc8aac53c95a348.jpg'}, {'id': 5, 'name': 'RPG', 'slug': 'role-playing-games-rpg', 'games_count': 59370, 'image_background': 'https://media.rawg.io/media/games/f6b/f6bed028b02369d4cab548f4f9337e81.jpg'}]","[{'id': 31, 'name': 'Singleplayer', 'slug': 'singleplayer', 'language': 'eng', 'games_count': 238404, 'image_background': 'https://media.rawg.io/media/games/26d/26d4437715bee60138dab4a7c8c59c92.jpg'}, {'id': 468, 'name': 'role-playing', 'slug': 'role-playing', 'language': 'eng', 'games_count': 1621, 'image_background': 'https://media.rawg.io/media/games/14a/14a83c56ff668baaced6e8c8704b6391.jpg'}]","[{'id': 354, 'name': 'Electronic Arts', 'slug': 'electronic-arts', 'games_count': 1332, 'image_background': 'https://media.rawg.io/media/games/45b/45b57ed59de4b84effd8f6bc4b7bf515.jpg'}, {'id': 3408, 'name': 'SEGA', 'slug': 'sega-2', 'games_count': 1262, 'image_background': 'https://media.rawg.io/media/games/be9/be9cf02720c9326e11d0fda14518554f.jpg'}, {'id': 11776, 'name': 'Origin Systems', 'slug': 'origin-systems', 'games_count': 26, 'image_background': 'https://media.rawg.io/media/screenshots/773/7730495e8fc0fe7e1e747cb9449399ac.jpeg'}, {'id': 19852, 'name': 'Pony Canyon', 'slug': 'pony-canyon', 'games_count': 23, 'image_background': 'https://media.rawg.io/media/games/abf/abfbb5bc3f06bf77c5572643ae0e386a.jpg'}, {'id': 11855, 'name': 'Elite Systems', 'slug': 'elite-systems', 'games_count': 28, 'image_background': 'https://media.rawg.io/media/screenshots/310/310b7ee55711ca5b0b4e7cd11a6bf3d1_FhUKexc.jpg'}, {'id': 19875, 'name': 'Fujisankei Communications International', 'slug': 'fujisankei-communications-international', 'games_count': 22, 'image_background': 'https://media.rawg.io/media/screenshots/4e6/4e6d15aeb9aa0ac9ad3d8fa883edadc7.jpg'}]",,,"Ultima IV: Quest of the Avatar, first released in 1985 for the Apple II, is the fourth in the series of Ultima role-playing video games. It is the first in the ""Age of Enlightenment"" trilogy, shifting the series from the hack and slash, dungeon crawl gameplay of its ""Age of Darkness"" predecessors towards an ethically-nuanced, story-driven approach. Ultima IV has a much larger game world than its predecessors, with an over world map sixteen times the size of Ultima III and puzzle-filled dungeon rooms to explore. Ultima IV further improves the franchise with dialog improvements, new means of travel and exploration, and world interactivity.
In 1996 Computer Gaming World named Ultima IV as #2 on its Best Games of All Time list on the PC. Designer Richard Garriott considers this game to be among his favorites from the Ultima series.",249.0,1959.0,14.0,14.0,29.0,6.0,,,,,,,,,,,,,,,,,,,
25080,super-mario-bros,Super Mario Bros.,Super Mario Bros.,"<p>Mario and Luigi star in their first ever Mushroom Kingdom adventure! Find out why Super Mario Bros. is instantly recognizable to millions of people across the globe, and what made it the best-selling game in the world for three decades straight. Jump over obstacles, grab coins, kick shells, and throw fireballs through eight action-packed worlds in this iconic NES classic. Only you and the Mario Bros. can rescue Princess Toadstool from the clutches of the evil Bowser. </p>
<p>For more than 25 years, the Super Mario series has conquered the charts and won the hearts of fans the world over. Now you can discover - or rediscover - the original game that made Mario a household name.</p>
<p>Run and jump with Mario or Luigi through caves and castles, down pipes and across platforms, and face off against Bowser to rescue your beloved Princess Peach.</p>
<p>It may be more than a quarter of a century old, but Super Mario Bros. is still as enchanting as ever!</p>",,[],1985-09-13,False,2025-04-11T17:18:29,https://media.rawg.io/media/games/154/154fea9689109f26c49c6a2db6263ef9.jpg,https://media.rawg.io/media/screenshots/746/7469759c81be6fe5cc5288e59ecf09fa.jpg,,4.31,4,"[{'id': 4, 'title': 'recommended', 'count': 369, 'percent': 47.43}, {'id': 5, 'title': 'exceptional', 'count': 341, 'percent': 43.83}, {'id': 3, 'title': 'meh', 'count': 53, 'percent': 6.81}, {'id': 1, 'title': 'skip', 'count': 15, 'percent': 1.93}]",1485,30,12,0,7,0,0,,,,,0,0,1000000,12,766,131,[],https://www.metacritic.com/game/classic-nes-series-super-mario-bros/,0,1,17,,778,0f0f0f,0f0f0f,"[{'platform': {'id': 7, 'name': 'Nintendo', 'slug': 'nintendo'}}]","[{'platform': {'id': 49, 'name': 'NES', 'slug': 'nes', 'image': None, 'year_end': None, 'year_start': None, 'games_count': 1015, 'image_background': 'https://media.rawg.io/media/games/7c5/7c50dd0415eb0a57505c58d4e50e4d24.jpg'}, 'released_at': '1985-09-13', 'requirements': {}}, {'platform': {'id': 24, 'name': 'Game Boy Advance', 'slug': 'game-boy-advance', 'image': None, 'year_end': None, 'year_start': None, 'games_count': 950, 'image_background': 'https://media.rawg.io/media/games/98c/98c87b286cd2a2ba942167df384a9bd3.jpg'}, 'released_at': '1985-09-13', 'requirements': {}}, {'platform': {'id': 43, 'name': 'Game Boy Color', 'slug': 'game-boy-color', 'image': None, 'year_end': None, 'year_start': None, 'games_count': 427, 'image_background': 'https://media.rawg.io/media/games/28b/28b088364ecab7870dffc3b710104734.jpg'}, 'released_at': '1985-09-13', 'requirements': {}}, {'platform': {'id': 10, 'name': 'Wii U', 'slug': 'wii-u', 'image': None, 'year_end': None, 'year_start': None, 'games_count': 1114, 'image_background': 'https://media.rawg.io/media/games/85c/85c8ae70e7cdf0105f06ef6bdce63b8b.jpg'}, 'released_at': '1985-09-13', 'requirements': {}}, {'platform': {'id': 11, 'name': 'Wii', 'slug': 'wii', 'image': None, 'year_end': None, 'year_start': None, 'games_count': 2209, 'image_background': 'https://media.rawg.io/media/games/9ca/9ca31615beee447f3ae1dc9b3b736dce.jpg'}, 'released_at': '1985-09-13', 'requirements': {}}, {'platform': {'id': 7, 'name': 'Nintendo Switch', 'slug': 'nintendo-switch', 'image': None, 'year_end': None, 'year_start': None, 'games_count': 5623, 'image_background': 'https://media.rawg.io/media/games/f99/f9979698c43fd84c3ab69280576dd3af.jpg'}, 'released_at': '1985-09-13', 'requirements': {}}, {'platform': {'id': 79, 'name': 'SNES', 'slug': 'snes', 'image': None, 'year_end': None, 'year_start': None, 'games_count': 982, 'image_background': 'https://media.rawg.io/media/games/087/08727beb32c364d30e8b2a1aa8595f8e.jpg'}, 'released_at': '1985-09-13', 'requirements': {}}, {'platform': {'id': 8, 'name': 'Nintendo 3DS', 'slug': 'nintendo-3ds', 'image': None, 'year_end': None, 'year_start': None, 'games_count': 1682, 'image_background': 'https://media.rawg.io/media/screenshots/42d/42d770eb49f2ba01cd4045e0d92af7a9.jpg'}, 'released_at': '1985-09-13', 'requirements': {}}]","[{'id': 29465, 'url': '', 'store': {'id': 6, 'name': 'Nintendo Store', 'slug': 'nintendo', 'domain': 'nintendo.com', 'games_count': 9128, 'image_background': 'https://media.rawg.io/media/games/fc1/fc1307a2774506b5bd65d7e8424664a7.jpg'}}]","[{'id': 16257, 'name': 'Nintendo', 'slug': 'nintendo', 'games_count': 426, 'image_background': 'https://media.rawg.io/media/games/d9c/d9c8b7edc78391619566adfeb52b5a9a.jpg'}]","[{'id': 4, 'name': 'Action', 'slug': 'action', 'games_count': 186608, 'image_background': 'https://media.rawg.io/media/games/618/618c2031a07bbff6b4f611f10b6bcdbc.jpg'}, {'id': 3, 'name': 'Adventure', 'slug': 'adventure', 'games_count': 146481, 'image_background': 'https://media.rawg.io/media/games/b6b/b6b20bfc4b34e312dbc8aac53c95a348.jpg'}, {'id': 83, 'name': 'Platformer', 'slug': 'platformer', 'games_count': 100869, 'image_background': 'https://media.rawg.io/media/games/f8c/f8c6a262ead4c16b47e1219310210eb3.jpg'}]","[{'id': 31, 'name': 'Singleplayer', 'slug': 'singleplayer', 'language': 'eng', 'games_count': 238404, 'image_background': 'https://media.rawg.io/media/games/26d/26d4437715bee60138dab4a7c8c59c92.jpg'}, {'id': 7, 'name': 'Multiplayer', 'slug': 'multiplayer', 'language': 'eng', 'games_count': 40505, 'image_background': 'https://media.rawg.io/media/games/021/021c4e21a1824d2526f925eff6324653.jpg'}]","[{'id': 10681, 'name': 'Nintendo', 'slug': 'nintendo', 'games_count': 1235, 'image_background': 'https://media.rawg.io/media/games/dd1/dd167cf8753db3748a975d61cc926e54.jpg'}]",,,"Mario and Luigi star in their first ever Mushroom Kingdom adventure! Find out why Super Mario Bros. is instantly recognizable to millions of people across the globe, and what made it the best-selling game in the world for three decades straight. Jump over obstacles, grab coins, kick shells, and throw fireballs through eight action-packed worlds in this iconic NES classic. Only you and the Mario Bros. can rescue Princess Toadstool from the clutches of the evil Bowser. 

For more than 25 years, the Super Mario series has conquered the charts and won the hearts of fans the world over. Now you can discover - or rediscover - the original game that made Mario a household name.

Run and jump with Mario or Luigi through caves and castles, down pipes and across platforms, and face off against Bowser to rescue your beloved Princess Peach.

It may be more than a quarter of a century old, but Super Mario Bros. is still as enchanting as ever!",32.0,293.0,844.0,50.0,246.0,20.0,2.0,3.0,6.0,2.0,1.0,1.0,1.0,2.0,1.0,,,,,,,,,,
55775,battle-city,Battle City,Battle City,"<p>Battle City (バトルシティー, Batoru Shitī) is a multi-directional shooter video game for the Family Computer produced and published in 1985 by Namco. It is a successor to Namco&#39;s 1980 Tank Battalion, and would be succeeded itself by the 1991 Tank Force.<br />
An arcade version for the Nintendo VS. System would follow, and the game would eventually end up with the Virtual Console release for the Wii and Wii U. There was also a related Game Boy game of the same name dating back to 1991, which was also published by Namco but developed by Nova Games.</p>",,[],1985-09-09,False,2025-04-11T17:19:16,https://media.rawg.io/media/games/092/09252c018cf74744c7cf8f83e283b085.jpg,https://media.rawg.io/media/screenshots/23e/23e0e6e399c4e906bdebe0e8cadae829.jpg,,4.38,5,"[{'id': 5, 'title': 'exceptional', 'count': 199, 'percent': 51.69}, {'id': 4, 'title': 'recommended', 'count': 157, 'percent': 40.78}, {'id': 3, 'title': 'meh', 'count': 18, 'percent': 4.68}, {'id': 1, 'title': 'skip', 'count': 11, 'percent': 2.86}]",668,20,10,0,2,0,0,,,,,0,0,1000000,4,381,161,[],,0,0,1,,385,0f0f0f,0f0f0f,"[{'platform': {'id': 7, 'name': 'Nintendo', 'slug': 'nintendo'}}]","[{'platform': {'id': 49, 'name': 'NES', 'slug': 'nes', 'image': None, 'year_end': None, 'year_start': None, 'games_count': 1015, 'image_background': 'https://media.rawg.io/media/games/7c5/7c50dd0415eb0a57505c58d4e50e4d24.jpg'}, 'released_at': '1985-09-09', 'requirements': {}}, {'platform': {'id': 8, 'name': 'Nintendo 3DS', 'slug': 'nintendo-3ds', 'image': None, 'year_end': None, 'year_start': None, 'games_count': 1682, 'image_background': 'https://media.rawg.io/media/screenshots/42d/42d770eb49f2ba01cd4045e0d92af7a9.jpg'}, 'released_at': '1985-09-09', 'requirements': {}}, {'platform': {'id': 10, 'name': 'Wii U', 'slug': 'wii-u', 'image': None, 'year_end': None, 'year_start': None, 'games_count': 1114, 'image_background': 'https://media.rawg.io/media/games/85c/85c8ae70e7cdf0105f06ef6bdce63b8b.jpg'}, 'released_at': '1985-09-09', 'requirements': {}}, {'platform': {'id': 11, 'name': 'Wii', 'slug': 'wii', 'image': None, 'year_end': None, 'year_start': None, 'games_count': 2209, 'image_background': 'https://media.rawg.io/media/games/9ca/9ca31615beee447f3ae1dc9b3b736dce.jpg'}, 'released_at': '1985-09-09', 'requirements': {}}, {'platform': {'id': 26, 'name': 'Game Boy', 'slug': 'game-boy', 'image': None, 'year_end': None, 'year_start': None, 'games_count': 617, 'image_background': 'https://media.rawg.io/media/games/057/0573c1c9e1f2414c1f4acabe86ee9fd9.jpg'}, 'released_at': '1985-09-09', 'requirements': {}}]",[],"[{'id': 10055, 'name': 'NAMCO', 'slug': 'namco', 'games_count': 127, 'image_background': 'https://media.rawg.io/media/games/2ff/2ff5b06428e4b016f3b79cf299bd6596.jpg'}, {'id': 27246, 'name': 'Dempa Shinbunsha', 'slug': 'dempa-shinbunsha', 'games_count': 3, 'image_background': 'https://media.rawg.io/media/games/b21/b21555abc69d04d9b5d7663d478ca81e.jpg'}, {'id': 27247, 'name': 'Nova Games', 'slug': 'nova-games', 'games_count': 3, 'image_background': 'https://media.rawg.io/media/screenshots/a89/a89f1c87f2c35218973a5e9eba594ac7.jpg'}]","[{'id': 4, 'name': 'Action', 'slug': 'action', 'games_count': 186608, 'image_background': 'https://media.rawg.io/media/games/618/618c2031a07bbff6b4f611f10b6bcdbc.jpg'}]","[{'id': 31, 'name': 'Singleplayer', 'slug': 'singleplayer', 'language': 'eng', 'games_count': 238404, 'image_background': 'https://media.rawg.io/media/games/26d/26d4437715bee60138dab4a7c8c59c92.jpg'}, {'id': 7, 'name': 'Multiplayer', 'slug': 'multiplayer', 'language': 'eng', 'games_count': 40505, 'image_background': 'https://media.rawg.io/media/games/021/021c4e21a1824d2526f925eff6324653.jpg'}, {'id': 411, 'name': 'cooperative', 'slug': 'cooperative', 'language': 'eng', 'games_count': 5855, 'image_background': 'https://media.rawg.io/media/games/1bd/1bd2657b81eb0c99338120ad444b24ff.jpg'}]","[{'id': 10901, 'name': 'Namco', 'slug': 'namco', 'games_count': 215, 'image_background': 'https://media.rawg.io/media/games/fc5/fc503876ca1ca34e160e88671af86e88.jpg'}, {'id': 20249, 'name': 'Micomsoft', 'slug': 'micomsoft', 'games_count': 4, 'image_background': 'https://media.rawg.io/media/screenshots/3df/3dfa71e841586f0659e61c3b9f1f6ea5.jpg'}, {'id': 1112, 'name': 'Nova Games', 'slug': 'nova-games-ltd', 'games_count': 2, 'image_background': 'https://media.rawg.io/media/screenshots/677/677b60865b9e06463e92737606446292.jpeg'}]",,,"Battle City (バトルシティー, Batoru Shitī) is a multi-directional shooter video game for the Family Computer produced and published in 1985 by Namco. It is a successor to Namco's 1980 Tank Battalion, and would be succeeded itself by the 1991 Tank Force.
An arcade version for the Nintendo VS. System would follow, and the game would eventually end up with the Virtual Console release for the Wii and Wii U. There was also a related Game Boy game of the same name dating back to 1991, which was also published by Namco but developed by Nova Games.",7.0,178.0,276.0,13.0,188.0,6.0,,1.0,1.0,1.0,,2.0,,,,,,,,,,,,,
25100,ice-climber,Ice Climber,Ice Climber,"<p>As Popo, players use a trusty mallet to work their way up the mountain.<br />
They chip away at the blocks overhead, then jump up through the<br />
resulting hole to the mountain&#39;s next level. Once Popo reaches the top<br />
level, he enters a fast-moving bonus stage in which he can pick up<br />
veggies and, hopefully, reach the summit for a big point payoff. Of<br />
course, not everyone&#39;s supportive of Popo&#39;s pastime. Toppies fill Popo&#39;s<br />
holes, so players must jump through the gaps quickly. It&#39;s easy to slip<br />
off some of the icy levels, as Polar Bears, Toppies, and other ferocious<br />
fauna don&#39;t want players up there. There are 32 challenging peaks to<br />
scale. How will you fare?</p>",,[],1985-01-30,False,2025-04-11T18:00:04,https://media.rawg.io/media/games/8af/8af413130a0e933ca3b124707b6167a9.jpg,https://media.rawg.io/media/screenshots/833/8333020a1a7ee41a32d1fa6995cfe550.jpg,,3.86,4,"[{'id': 4, 'title': 'recommended', 'count': 61, 'percent': 58.65}, {'id': 3, 'title': 'meh', 'count': 25, 'percent': 24.04}, {'id': 5, 'title': 'exceptional', 'count': 16, 'percent': 15.38}, {'id': 1, 'title': 'skip', 'count': 2, 'percent': 1.92}]",235,5,36,0,3,0,0,,,,,0,0,298203,2,102,270,[],,0,0,0,,104,0f0f0f,0f0f0f,"[{'platform': {'id': 7, 'name': 'Nintendo', 'slug': 'nintendo'}}]","[{'platform': {'id': 8, 'name': 'Nintendo 3DS', 'slug': 'nintendo-3ds', 'image': None, 'year_end': None, 'year_start': None, 'games_count': 1682, 'image_background': 'https://media.rawg.io/media/screenshots/42d/42d770eb49f2ba01cd4045e0d92af7a9.jpg'}, 'released_at': '1985-01-30', 'requirements': {}}, {'platform': {'id': 10, 'name': 'Wii U', 'slug': 'wii-u', 'image': None, 'year_end': None, 'year_start': None, 'games_count': 1114, 'image_background': 'https://media.rawg.io/media/games/85c/85c8ae70e7cdf0105f06ef6bdce63b8b.jpg'}, 'released_at': '1985-01-30', 'requirements': {}}, {'platform': {'id': 7, 'name': 'Nintendo Switch', 'slug': 'nintendo-switch', 'image': None, 'year_end': None, 'year_start': None, 'games_count': 5623, 'image_background': 'https://media.rawg.io/media/games/f99/f9979698c43fd84c3ab69280576dd3af.jpg'}, 'released_at': '1985-01-30', 'requirements': {}}, {'platform': {'id': 11, 'name': 'Wii', 'slug': 'wii', 'image': None, 'year_end': None, 'year_start': None, 'games_count': 2209, 'image_background': 'https://media.rawg.io/media/games/9ca/9ca31615beee447f3ae1dc9b3b736dce.jpg'}, 'released_at': '1985-01-30', 'requirements': {}}, {'platform': {'id': 24, 'name': 'Game Boy Advance', 'slug': 'game-boy-advance', 'image': None, 'year_end': None, 'year_start': None, 'games_count': 950, 'image_background': 'https://media.rawg.io/media/games/98c/98c87b286cd2a2ba942167df384a9bd3.jpg'}, 'released_at': '1985-01-30', 'requirements': {}}, {'platform': {'id': 49, 'name': 'NES', 'slug': 'nes', 'image': None, 'year_end': None, 'year_start': None, 'games_count': 1015, 'image_background': 'https://media.rawg.io/media/games/7c5/7c50dd0415eb0a57505c58d4e50e4d24.jpg'}, 'released_at': '1985-01-30', 'requirements': {}}]","[{'id': 29487, 'url': '', 'store': {'id': 6, 'name': 'Nintendo Store', 'slug': 'nintendo', 'domain': 'nintendo.com', 'games_count': 9128, 'image_background': 'https://media.rawg.io/media/games/fc1/fc1307a2774506b5bd65d7e8424664a7.jpg'}}]","[{'id': 16257, 'name': 'Nintendo', 'slug': 'nintendo', 'games_count': 426, 'image_background': 'https://media.rawg.io/media/games/d9c/d9c8b7edc78391619566adfeb52b5a9a.jpg'}]","[{'id': 83, 'name': 'Platformer', 'slug': 'platformer', 'games_count': 100869, 'image_background': 'https://media.rawg.io/media/games/f8c/f8c6a262ead4c16b47e1219310210eb3.jpg'}]","[{'id': 31, 'name': 'Singleplayer', 'slug': 'singleplayer', 'language': 'eng', 'games_count': 238404, 'image_background': 'https://media.rawg.io/media/games/26d/26d4437715bee60138dab4a7c8c59c92.jpg'}, {'id': 7, 'name': 'Multiplayer', 'slug': 'multiplayer', 'language': 'eng', 'games_count': 40505, 'image_background': 'https://media.rawg.io/media/games/021/021c4e21a1824d2526f925eff6324653.jpg'}, {'id': 411, 'name': 'cooperative', 'slug': 'cooperative', 'language': 'eng', 'games_count': 5855, 'image_background': 'https://media.rawg.io/media/games/1bd/1bd2657b81eb0c99338120ad444b24ff.jpg'}]","[{'id': 10681, 'name': 'Nintendo', 'slug': 'nintendo', 'games_count': 1235, 'image_background': 'https://media.rawg.io/media/games/dd1/dd167cf8753db3748a975d61cc926e54.jpg'}]",,,"As Popo, players use a trusty mallet to work their way up the mountain.
They chip away at the blocks overhead, then jump up through the
resulting hole to the mountain's next level. Once Popo reaches the top
level, he enters a fast-moving bonus stage in which he can pick up
veggies and, hopefully, reach the summit for a big point payoff. Of
course, not everyone's supportive of Popo's pastime. Toppies fill Popo's
holes, so players must jump through the gaps quickly. It's easy to slip
off some of the icy levels, as Polar Bears, Toppies, and other ferocious
fauna don't want players up there. There are 32 challenging peaks to
scale. How will you fare?",12.0,56.0,71.0,9.0,84.0,3.0,,,,,,,,,,1.0,,,,,,,,,
53467,paperboy,Paperboy,Paperboy,"<p>Paperboy is a 1985 arcade game developed and published by Atari Games. The player takes the role of a paperboy who delivers a fictional newspaper called &quot;The Daily Sun&quot; along a suburban street on his bicycle. The game was ported to a wide range of video game consoles and personal computers. The Nintendo Entertainment System version is the first NES game developed in the United States, and the Sega Master System version represented the first SMS game developed in the United Kingdom. Paperboy is notable for its unusual theme, which extends to using bike handlebars as the controller.<br />
A sequel for home computers and consoles, Paperboy 2, was released in 1991.</p>",71.0,"[{'metascore': 71, 'url': 'https://www.metacritic.com/game/xbox-360/paperboy', 'platform': {'platform': 14, 'name': 'Xbox 360', 'slug': 'xbox360'}}]",1985-04-01,False,2024-12-17T03:59:48,https://media.rawg.io/media/screenshots/3d2/3d2bb57b39e2efa39d1c385585b2ea8b.jpg,https://media.rawg.io/media/screenshots/281/2813136984f39ba92981deb5f0e25c92.jpg,,3.67,4,"[{'id': 4, 'title': 'recommended', 'count': 30, 'percent': 50.0}, {'id': 3, 'title': 'meh', 'count': 19, 'percent': 31.67}, {'id': 5, 'title': 'exceptional', 'count': 8, 'percent': 13.33}, {'id': 1, 'title': 'skip', 'count': 3, 'percent': 5.0}]",198,0,37,0,8,11,11,,,,,0,0,282190,1,59,358,[],https://www.metacritic.com/game/xbox-360/paperboy,0,0,2,,60,0f0f0f,0f0f0f,"[{'platform': {'id': 1, 'name': 'PC', 'slug': 'pc'}}, {'platform': {'id': 3, 'name': 'Xbox', 'slug': 'xbox'}}, {'platform': {'id': 5, 'name': 'Apple Macintosh', 'slug': 'mac'}}, {'platform': {'id': 7, 'name': 'Nintendo', 'slug': 'nintendo'}}, {'platform': {'id': 9, 'name': 'Atari', 'slug': 'atari'}}, {'platform': {'id': 10, 'name': 'Commodore / Amiga', 'slug': 'commodore-amiga'}}, {'platform': {'id': 11, 'name': 'SEGA', 'slug': 'sega'}}]","[{'platform': {'id': 26, 'name': 'Game Boy', 'slug': 'game-boy', 'image': None, 'year_end': None, 'year_start': None, 'games_count': 617, 'image_background': 'https://media.rawg.io/media/games/057/0573c1c9e1f2414c1f4acabe86ee9fd9.jpg'}, 'released_at': '1985-04-01', 'requirements': {}}, {'platform': {'id': 41, 'name': 'Apple II', 'slug': 'apple-ii', 'image': None, 'year_end': None, 'year_start': None, 'games_count': 424, 'image_background': 'https://media.rawg.io/media/screenshots/3d2/3d2bb57b39e2efa39d1c385585b2ea8b.jpg'}, 'released_at': '1985-04-01', 'requirements': {}}, {'platform': {'id': 167, 'name': 'Genesis', 'slug': 'genesis', 'image': None, 'year_end': None, 'year_start': None, 'games_count': 849, 'image_background': 'https://media.rawg.io/media/screenshots/180/180b5f6e5d8c770bbbf941b9875046b6.jpg'}, 'released_at': '1985-04-01', 'requirements': {}}, {'platform': {'id': 4, 'name': 'PC', 'slug': 'pc', 'image': None, 'year_end': None, 'year_start': None, 'games_count': 547196, 'image_background': 'https://media.rawg.io/media/games/6fc/6fcf4cd3b17c288821388e6085bb0fc9.jpg'}, 'released_at': '1985-04-01', 'requirements': {}}, {'platform': {'id': 14, 'name': 'Xbox 360', 'slug': 'xbox360', 'image': None, 'year_end': None, 'year_start': None, 'games_count': 2805, 'image_background': 'https://media.rawg.io/media/games/4a0/4a0a1316102366260e6f38fd2a9cfdce.jpg'}, 'released_at': '1985-04-01', 'requirements': {}}, {'platform': {'id': 34, 'name': 'Atari ST', 'slug': 'atari-st', 'image': None, 'year_end': None, 'year_start': None, 'games_count': 836, 'image_background': 'https://media.rawg.io/media/games/637/637d7dc2f44d0f6ddd3ee2c0b1366962.jpg'}, 'released_at': '1985-04-01', 'requirements': {}}, {'platform': {'id': 43, 'name': 'Game Boy Color', 'slug': 'game-boy-color', 'image': None, 'year_end': None, 'year_start': None, 'games_count': 427, 'image_background': 'https://media.rawg.io/media/games/28b/28b088364ecab7870dffc3b710104734.jpg'}, 'released_at': '1985-04-01', 'requirements': {}}, {'platform': {'id': 46, 'name': 'Atari Lynx', 'slug': 'atari-lynx', 'image': None, 'year_end': None, 'year_start': None, 'games_count': 57, 'image_background': 'https://media.rawg.io/media/screenshots/d71/d71b68d3f6b1810bc9d64d7aea746d30.jpg'}, 'released_at': '1985-04-01', 'requirements': {}}, {'platform': {'id': 49, 'name': 'NES', 'slug': 'nes', 'image': None, 'year_end': None, 'year_start': None, 'games_count': 1015, 'image_background': 'https://media.rawg.io/media/games/7c5/7c50dd0415eb0a57505c58d4e50e4d24.jpg'}, 'released_at': '1985-04-01', 'requirements': {}}, {'platform': {'id': 74, 'name': 'SEGA Master System', 'slug': 'sega-master-system', 'image': None, 'year_end': None, 'year_start': None, 'games_count': 234, 'image_background': 'https://media.rawg.io/media/screenshots/a7f/a7f3cb62af2ee95d92065da88583338b.jpg'}, 'released_at': '1985-04-01', 'requirements': {}}, {'platform': {'id': 77, 'name': 'Game Gear', 'slug': 'game-gear', 'image': None, 'year_end': None, 'year_start': None, 'games_count': 228, 'image_background': 'https://media.rawg.io/media/games/e48/e4852b9be5eb6859870288d91f74aab6.jpg'}, 'released_at': '1985-04-01', 'requirements': {}}, {'platform': {'id': 83, 'name': 'Nintendo 64', 'slug': 'nintendo-64', 'image': None, 'year_end': None, 'year_start': None, 'games_count': 363, 'image_background': 'https://media.rawg.io/media/screenshots/c1f/c1fd8b15793743563367688b3dd5faa6.jpg'}, 'released_at': '1985-04-01', 'requirements': {}}, {'platform': {'id': 166, 'name': 'Commodore / Amiga', 'slug': 'commodore-amiga', 'image': None, 'year_end': None, 'year_start': None, 'games_count': 2083, 'image_background': 'https://media.rawg.io/media/games/cce/cce8bebe861f295003f5a9fe5b11233f.jpg'}, 'released_at': '1985-04-01', 'requirements': {}}]",[],"[{'id': 14828, 'name': 'Atari Games', 'slug': 'atari-games', 'games_count': 50, 'image_background': 'https://media.rawg.io/media/games/118/1189a10aafa6349dcdf24dfa2060fe57.jpg'}, {'id': 26685, 'name': 'Eastridge Technology', 'slug': 'eastridge-technology', 'games_count': 5, 'image_background': 'https://media.rawg.io/media/screenshots/fe1/fe17432ca7cfaaeee627119389f15259.jpg'}]","[{'id': 4, 'name': 'Action', 'slug': 'action', 'games_count': 186608, 'image_background': 'https://media.rawg.io/media/games/618/618c2031a07bbff6b4f611f10b6bcdbc.jpg'}, {'id': 3, 'name': 'Adventure', 'slug': 'adventure', 'games_count': 146481, 'image_background': 'https://media.rawg.io/media/games/b6b/b6b20bfc4b34e312dbc8aac53c95a348.jpg'}]","[{'id': 31, 'name': 'Singleplayer', 'slug': 'singleplayer', 'language': 'eng', 'games_count': 238404, 'image_background': 'https://media.rawg.io/media/games/26d/26d4437715bee60138dab4a7c8c59c92.jpg'}, {'id': 418, 'name': '2 players', 'slug': '2-players', 'language': 'eng', 'games_count': 1244, 'image_background': 'https://media.rawg.io/media/screenshots/f9a/f9ac59bb4af2ca2193ee9ffb979577cf.jpg'}]","[{'id': 1779, 'name': 'Atari', 'slug': 'atari', 'games_count': 507, 'image_background': 'https://media.rawg.io/media/games/d82/d82dbcf92ded452bf8c6fb1bbdd62e52.jpg'}, {'id': 10943, 'name': 'MINDSCAPE', 'slug': 'mindscape', 'games_count': 108, 'image_background': 'https://media.rawg.io/media/screenshots/0b1/0b12ddf58af6047922a20dd0d310ad18.jpg'}, {'id': 11855, 'name': 'Elite Systems', 'slug': 'elite-systems', 'games_count': 28, 'image_background': 'https://media.rawg.io/media/screenshots/310/310b7ee55711ca5b0b4e7cd11a6bf3d1_FhUKexc.jpg'}]",,,"Paperboy is a 1985 arcade game developed and published by Atari Games. The player takes the role of a paperboy who delivers a fictional newspaper called ""The Daily Sun"" along a suburban street on his bicycle. The game was ported to a wide range of video game consoles and personal computers. The Nintendo Entertainment System version is the first NES game developed in the United States, and the Sega Master System version represented the first SMS game developed in the United Kingdom. Paperboy is notable for its unusual theme, which extends to using bike handlebars as the controller.
A sequel for home computers and consoles, Paperboy 2, was released in 1991.",4.0,104.0,31.0,9.0,50.0,,,,,,,,,,,,1.0,1.0,Everyone,everyone,,,,,
56899,yie-ar-kung-fu-1985,Yie Ar Kung-Fu (1985),Yie Ar Kung-Fu (1985),"<p>Yie Ar Kung-Fu (イー・アル・カンフー, Ī Aru Kanfū) is a 1985 arcade fighting game developed and published by Konami. Along with 1984&#39;s Karate Champ, which influenced Yie-Ar Kung Fu, it is one of the games that established the basis for modern fighting games.</p>",,[],1985-04-22,False,2025-01-15T23:31:13,https://media.rawg.io/media/games/c27/c27b5be174683de9d402f140d9955ba8.jpg,https://media.rawg.io/media/screenshots/e59/e5909fdbafba8f992677225684e493da.jpg,,3.76,4,"[{'id': 4, 'title': 'recommended', 'count': 47, 'percent': 62.67}, {'id': 3, 'title': 'meh', 'count': 17, 'percent': 22.67}, {'id': 5, 'title': 'exceptional', 'count': 8, 'percent': 10.67}, {'id': 1, 'title': 'skip', 'count': 3, 'percent': 4.0}]",151,0,5,0,1,0,0,,,,,0,0,0,1,74,228,[],,0,0,0,,75,0f0f0f,0f0f0f,"[{'platform': {'id': 7, 'name': 'Nintendo', 'slug': 'nintendo'}}, {'platform': {'id': 10, 'name': 'Commodore / Amiga', 'slug': 'commodore-amiga'}}]","[{'platform': {'id': 166, 'name': 'Commodore / Amiga', 'slug': 'commodore-amiga', 'image': None, 'year_end': None, 'year_start': None, 'games_count': 2083, 'image_background': 'https://media.rawg.io/media/games/cce/cce8bebe861f295003f5a9fe5b11233f.jpg'}, 'released_at': '1985-04-22', 'requirements': {}}, {'platform': {'id': 49, 'name': 'NES', 'slug': 'nes', 'image': None, 'year_end': None, 'year_start': None, 'games_count': 1015, 'image_background': 'https://media.rawg.io/media/games/7c5/7c50dd0415eb0a57505c58d4e50e4d24.jpg'}, 'released_at': '1985-04-22', 'requirements': {}}]",[],"[{'id': 1971, 'name': 'Konami Digital Entertainment', 'slug': 'konami-digital-entertainment', 'games_count': 467, 'image_background': 'https://media.rawg.io/media/games/d56/d56412cd670313ef306da64669c381d8.jpg'}]","[{'id': 6, 'name': 'Fighting', 'slug': 'fighting', 'games_count': 11763, 'image_background': 'https://media.rawg.io/media/games/35b/35b47c4d85cd6e08f3e2ca43ea5ce7bb.jpg'}]","[{'id': 31, 'name': 'Singleplayer', 'slug': 'singleplayer', 'language': 'eng', 'games_count': 238404, 'image_background': 'https://media.rawg.io/media/games/26d/26d4437715bee60138dab4a7c8c59c92.jpg'}, {'id': 7, 'name': 'Multiplayer', 'slug': 'multiplayer', 'language': 'eng', 'games_count': 40505, 'image_background': 'https://media.rawg.io/media/games/021/021c4e21a1824d2526f925eff6324653.jpg'}, {'id': 379, 'name': 'One', 'slug': 'one', 'language': 'eng', 'games_count': 38, 'image_background': 'https://media.rawg.io/media/screenshots/814/814ea074d6b0b31d5f8cbc68c4b280fd.jpg'}, {'id': 527, 'name': 'two', 'slug': 'two', 'language': 'eng', 'games_count': 17, 'image_background': 'https://media.rawg.io/media/screenshots/3ed/3ed3dae175d2460dc1dd77440cf436e5.jpg'}]","[{'id': 10691, 'name': 'Konami', 'slug': 'konami', 'games_count': 788, 'image_background': 'https://media.rawg.io/media/games/85e/85e4c8a78cf9b82b5ed19262fe00c00f.jpg'}]",,,"Yie Ar Kung-Fu (イー・アル・カンフー, Ī Aru Kanfū) is a 1985 arcade fighting game developed and published by Konami. Along with 1984's Karate Champ, which influenced Yie-Ar Kung Fu, it is one of the games that established the basis for modern fighting games.",3.0,31.0,65.0,4.0,47.0,1.0,,,,,,,,,,,1.0,,,,,,,,
53190,balloon-fight-1985,Balloon Fight (1985),Balloon Fight (1985),"<p>Balloon Fight (バルーンファイト, Barūn Faito) is an action video game developed by Nintendo. The original arcade version was released for the Nintendo VS. System as Vs. Balloon Fight, and its Nintendo Entertainment System counterpart was internationally released in 1986. The gameplay is similar to the 1982 game Joust from Williams Electronics. The home Nintendo Entertainment System version was ported to the NEC PC-8801 in October 1985, the Sharp X1 in November 1985, the Game Boy Advance as Balloon Fight-e for the e-Reader in the United States on September 16, 2002, and as part of the Famicom Mini Series in Japan on May 21, 2004.</p>",,[],1985-01-22,False,2025-04-11T17:57:24,https://media.rawg.io/media/games/cea/cea209f1a58a6f18f6b6930cbada4672.jpg,https://media.rawg.io/media/screenshots/141/141b73efb7410bd20ff280ee40195f08.jpg,https://www.nintendo.com/store/products/balloon-flight-switch/,3.9,4,"[{'id': 4, 'title': 'recommended', 'count': 48, 'percent': 67.61}, {'id': 5, 'title': 'exceptional', 'count': 11, 'percent': 15.49}, {'id': 3, 'title': 'meh', 'count': 9, 'percent': 12.68}, {'id': 1, 'title': 'skip', 'count': 3, 'percent': 4.23}]",148,0,11,0,3,0,0,,,,,0,0,0,0,71,198,"['Barūn Faito', 'バルーンファイト']",,0,0,1,,71,0f0f0f,0f0f0f,"[{'platform': {'id': 8, 'name': 'Android', 'slug': 'android'}}, {'platform': {'id': 7, 'name': 'Nintendo', 'slug': 'nintendo'}}]","[{'platform': {'id': 8, 'name': 'Nintendo 3DS', 'slug': 'nintendo-3ds', 'image': None, 'year_end': None, 'year_start': None, 'games_count': 1682, 'image_background': 'https://media.rawg.io/media/screenshots/42d/42d770eb49f2ba01cd4045e0d92af7a9.jpg'}, 'released_at': '1985-01-22', 'requirements': {}}, {'platform': {'id': 21, 'name': 'Android', 'slug': 'android', 'image': None, 'year_end': None, 'year_start': None, 'games_count': 52427, 'image_background': 'https://media.rawg.io/media/games/198/1988a337305e008b41d7f536ce9b73f6.jpg'}, 'released_at': '1985-01-22', 'requirements': {}}, {'platform': {'id': 49, 'name': 'NES', 'slug': 'nes', 'image': None, 'year_end': None, 'year_start': None, 'games_count': 1015, 'image_background': 'https://media.rawg.io/media/games/7c5/7c50dd0415eb0a57505c58d4e50e4d24.jpg'}, 'released_at': '1985-01-22', 'requirements': {}}, {'platform': {'id': 24, 'name': 'Game Boy Advance', 'slug': 'game-boy-advance', 'image': None, 'year_end': None, 'year_start': None, 'games_count': 950, 'image_background': 'https://media.rawg.io/media/games/98c/98c87b286cd2a2ba942167df384a9bd3.jpg'}, 'released_at': '1985-01-22', 'requirements': {}}, {'platform': {'id': 7, 'name': 'Nintendo Switch', 'slug': 'nintendo-switch', 'image': None, 'year_end': None, 'year_start': None, 'games_count': 5623, 'image_background': 'https://media.rawg.io/media/games/f99/f9979698c43fd84c3ab69280576dd3af.jpg'}, 'released_at': '1985-01-22', 'requirements': {}}]","[{'id': 856814, 'url': '', 'store': {'id': 8, 'name': 'Google Play', 'slug': 'google-play', 'domain': 'play.google.com', 'games_count': 17110, 'image_background': 'https://media.rawg.io/media/games/aa3/aa36ba4b486a03ddfaef274fb4f5afd4.jpg'}}, {'id': 856813, 'url': '', 'store': {'id': 6, 'name': 'Nintendo Store', 'slug': 'nintendo', 'domain': 'nintendo.com', 'games_count': 9128, 'image_background': 'https://media.rawg.io/media/games/fc1/fc1307a2774506b5bd65d7e8424664a7.jpg'}}]","[{'id': 16257, 'name': 'Nintendo', 'slug': 'nintendo', 'games_count': 426, 'image_background': 'https://media.rawg.io/media/games/d9c/d9c8b7edc78391619566adfeb52b5a9a.jpg'}]","[{'id': 4, 'name': 'Action', 'slug': 'action', 'games_count': 186608, 'image_background': 'https://media.rawg.io/media/games/618/618c2031a07bbff6b4f611f10b6bcdbc.jpg'}, {'id': 11, 'name': 'Arcade', 'slug': 'arcade', 'games_count': 22658, 'image_background': 'https://media.rawg.io/media/games/556/556157feed9ee1f55f2b12b2973e30a3.jpg'}]","[{'id': 31, 'name': 'Singleplayer', 'slug': 'singleplayer', 'language': 'eng', 'games_count': 238404, 'image_background': 'https://media.rawg.io/media/games/26d/26d4437715bee60138dab4a7c8c59c92.jpg'}]","[{'id': 10681, 'name': 'Nintendo', 'slug': 'nintendo', 'games_count': 1235, 'image_background': 'https://media.rawg.io/media/games/dd1/dd167cf8753db3748a975d61cc926e54.jpg'}]",,,"Balloon Fight (バルーンファイト, Barūn Faito) is an action video game developed by Nintendo. The original arcade version was released for the Nintendo VS. System as Vs. Balloon Fight, and its Nintendo Entertainment System counterpart was internationally released in 1986. The gameplay is similar to the 1982 game Joust from Williams Electronics. The home Nintendo Entertainment System version was ported to the NEC PC-8801 in October 1985, the Sharp X1 in November 1985, the Game Boy Advance as Balloon Fight-e for the e-Reader in the United States on September 16, 2002, and as part of the Famicom Mini Series in Japan on May 21, 2004.",8.0,36.0,43.0,5.0,54.0,2.0,,,,,,,,,,,,1.0,Everyone,everyone,,,,,
53839,ghosts-n-goblins-1985,Ghosts 'n Goblins (1985),Ghosts 'n Goblins (1985),"<p>Ghosts &#39;n Goblins (魔界村, Makaimura, lit. Demon World Village), stylized as Ghost &#39;n Goblins, is a 1985 side-scrolling platform video game developed by Capcom for video arcades and has since been released on several other platforms. It is the first game in the Ghosts &#39;n Goblins franchise. It was directed by Tokuro Fujiwara.</p>",,[],1985-09-19,False,2024-12-10T15:50:58,https://media.rawg.io/media/screenshots/d18/d1883ed857d52e568f9ea3a3ba2647ca.jpg,https://media.rawg.io/media/screenshots/3c7/3c770b56f143373c241be3682e2620c5.jpg,,3.6,4,"[{'id': 4, 'title': 'recommended', 'count': 30, 'percent': 63.83}, {'id': 3, 'title': 'meh', 'count': 12, 'percent': 25.53}, {'id': 1, 'title': 'skip', 'count': 3, 'percent': 6.38}, {'id': 5, 'title': 'exceptional', 'count': 2, 'percent': 4.26}]",137,0,23,0,17,0,0,,,,,0,0,0,0,47,384,[],,0,0,11,,47,0f0f0f,0f0f0f,"[{'platform': {'id': 1, 'name': 'PC', 'slug': 'pc'}}, {'platform': {'id': 2, 'name': 'PlayStation', 'slug': 'playstation'}}, {'platform': {'id': 3, 'name': 'Xbox', 'slug': 'xbox'}}, {'platform': {'id': 4, 'name': 'iOS', 'slug': 'ios'}}, {'platform': {'id': 8, 'name': 'Android', 'slug': 'android'}}, {'platform': {'id': 7, 'name': 'Nintendo', 'slug': 'nintendo'}}, {'platform': {'id': 9, 'name': 'Atari', 'slug': 'atari'}}, {'platform': {'id': 10, 'name': 'Commodore / Amiga', 'slug': 'commodore-amiga'}}]","[{'platform': {'id': 34, 'name': 'Atari ST', 'slug': 'atari-st', 'image': None, 'year_end': None, 'year_start': None, 'games_count': 836, 'image_background': 'https://media.rawg.io/media/games/637/637d7dc2f44d0f6ddd3ee2c0b1366962.jpg'}, 'released_at': '1985-09-19', 'requirements': {}}, {'platform': {'id': 3, 'name': 'iOS', 'slug': 'ios', 'image': None, 'year_end': None, 'year_start': None, 'games_count': 77392, 'image_background': 'https://media.rawg.io/media/games/5fa/5fae5fec3c943179e09da67a4427d68f.jpg'}, 'released_at': '1985-09-19', 'requirements': {}}, {'platform': {'id': 4, 'name': 'PC', 'slug': 'pc', 'image': None, 'year_end': None, 'year_start': None, 'games_count': 547196, 'image_background': 'https://media.rawg.io/media/games/6fc/6fcf4cd3b17c288821388e6085bb0fc9.jpg'}, 'released_at': '1985-09-19', 'requirements': {}}, {'platform': {'id': 8, 'name': 'Nintendo 3DS', 'slug': 'nintendo-3ds', 'image': None, 'year_end': None, 'year_start': None, 'games_count': 1682, 'image_background': 'https://media.rawg.io/media/screenshots/42d/42d770eb49f2ba01cd4045e0d92af7a9.jpg'}, 'released_at': '1985-09-19', 'requirements': {}}, {'platform': {'id': 10, 'name': 'Wii U', 'slug': 'wii-u', 'image': None, 'year_end': None, 'year_start': None, 'games_count': 1114, 'image_background': 'https://media.rawg.io/media/games/85c/85c8ae70e7cdf0105f06ef6bdce63b8b.jpg'}, 'released_at': '1985-09-19', 'requirements': {}}, {'platform': {'id': 11, 'name': 'Wii', 'slug': 'wii', 'image': None, 'year_end': None, 'year_start': None, 'games_count': 2209, 'image_background': 'https://media.rawg.io/media/games/9ca/9ca31615beee447f3ae1dc9b3b736dce.jpg'}, 'released_at': '1985-09-19', 'requirements': {}}, {'platform': {'id': 7, 'name': 'Nintendo Switch', 'slug': 'nintendo-switch', 'image': None, 'year_end': None, 'year_start': None, 'games_count': 5623, 'image_background': 'https://media.rawg.io/media/games/f99/f9979698c43fd84c3ab69280576dd3af.jpg'}, 'released_at': '1985-09-19', 'requirements': {}}, {'platform': {'id': 14, 'name': 'Xbox 360', 'slug': 'xbox360', 'image': None, 'year_end': None, 'year_start': None, 'games_count': 2805, 'image_background': 'https://media.rawg.io/media/games/4a0/4a0a1316102366260e6f38fd2a9cfdce.jpg'}, 'released_at': '1985-09-19', 'requirements': {}}, {'platform': {'id': 16, 'name': 'PlayStation 3', 'slug': 'playstation3', 'image': None, 'year_end': None, 'year_start': None, 'games_count': 3167, 'image_background': 'https://media.rawg.io/media/games/736/73619bd336c894d6941d926bfd563946.jpg'}, 'released_at': '1985-09-19', 'requirements': {}}, {'platform': {'id': 21, 'name': 'Android', 'slug': 'android', 'image': None, 'year_end': None, 'year_start': None, 'games_count': 52427, 'image_background': 'https://media.rawg.io/media/games/198/1988a337305e008b41d7f536ce9b73f6.jpg'}, 'released_at': '1985-09-19', 'requirements': {}}, {'platform': {'id': 24, 'name': 'Game Boy Advance', 'slug': 'game-boy-advance', 'image': None, 'year_end': None, 'year_start': None, 'games_count': 950, 'image_background': 'https://media.rawg.io/media/games/98c/98c87b286cd2a2ba942167df384a9bd3.jpg'}, 'released_at': '1985-09-19', 'requirements': {}}, {'platform': {'id': 43, 'name': 'Game Boy Color', 'slug': 'game-boy-color', 'image': None, 'year_end': None, 'year_start': None, 'games_count': 427, 'image_background': 'https://media.rawg.io/media/games/28b/28b088364ecab7870dffc3b710104734.jpg'}, 'released_at': '1985-09-19', 'requirements': {}}, {'platform': {'id': 49, 'name': 'NES', 'slug': 'nes', 'image': None, 'year_end': None, 'year_start': None, 'games_count': 1015, 'image_background': 'https://media.rawg.io/media/games/7c5/7c50dd0415eb0a57505c58d4e50e4d24.jpg'}, 'released_at': '1985-09-19', 'requirements': {}}, {'platform': {'id': 166, 'name': 'Commodore / Amiga', 'slug': 'commodore-amiga', 'image': None, 'year_end': None, 'year_start': None, 'games_count': 2083, 'image_background': 'https://media.rawg.io/media/games/cce/cce8bebe861f295003f5a9fe5b11233f.jpg'}, 'released_at': '1985-09-19', 'requirements': {}}]",[],"[{'id': 3678, 'name': 'Capcom', 'slug': 'capcom', 'games_count': 466, 'image_background': 'https://media.rawg.io/media/games/cee/cee577e2097a59b77193fe2bce94667d.jpg'}]","[{'id': 11, 'name': 'Arcade', 'slug': 'arcade', 'games_count': 22658, 'image_background': 'https://media.rawg.io/media/games/556/556157feed9ee1f55f2b12b2973e30a3.jpg'}]","[{'id': 31, 'name': 'Singleplayer', 'slug': 'singleplayer', 'language': 'eng', 'games_count': 238404, 'image_background': 'https://media.rawg.io/media/games/26d/26d4437715bee60138dab4a7c8c59c92.jpg'}, {'id': 7, 'name': 'Multiplayer', 'slug': 'multiplayer', 'language': 'eng', 'games_count': 40505, 'image_background': 'https://media.rawg.io/media/games/021/021c4e21a1824d2526f925eff6324653.jpg'}]","[{'id': 2150, 'name': 'Capcom', 'slug': 'capcom', 'games_count': 623, 'image_background': 'https://media.rawg.io/media/games/21c/21cc15d233117c6809ec86870559e105.jpg'}, {'id': 19909, 'name': 'Taito America', 'slug': 'taito-america', 'games_count': 1, 'image_background': 'https://media.rawg.io/media/screenshots/d18/d1883ed857d52e568f9ea3a3ba2647ca.jpg'}]",,,"Ghosts 'n Goblins (魔界村, Makaimura, lit. Demon World Village), stylized as Ghost 'n Goblins, is a 1985 side-scrolling platform video game developed by Capcom for video arcades and has since been released on several other platforms. It is the first game in the Ghosts 'n Goblins franchise. It was directed by Tokuro Fujiwara.",11.0,42.0,27.0,13.0,43.0,1.0,,,,1.0,,,,,,,,,,,1.0,,,,
54581,karateka-1986,Karateka (1985),Karateka (1985),"<p>Karateka is a 1984 martial arts action game by Jordan Mechner, and was his first published game, created while attending Yale University. It was originally programmed for the Apple II, then widely ported. The game was published in North America by Brøderbund, and in Europe by Ariolasoft. Along with Swashbuckler (1982), Karate Champ (1984), and Yie-Ar Kung Fu (1985), Karateka was one of the earliest fighting games.<br />
The player controls an unnamed protagonist who is attempting to rescue his love interest, the Princess Mariko, from Akuma&#39;s castle fortress. The game exhibits a combination of a side-scrolling platform and fighting game elements similar to a beat &#39;em up. The player uses punches and kicks to defeat Akuma and his guards and make his way deeper into the fortress.<br />
A 2013 remake, spearheaded by Mechner, was released in 2013 as a downloadable title for the Xbox 360, Microsoft Windows, PlayStation 3, and iOS.</p>",,[],1985-12-05,False,2024-10-15T12:29:06,https://media.rawg.io/media/screenshots/51a/51aae596dbc0e07ceaf3a4ff328d8478.jpg,https://media.rawg.io/media/screenshots/582/582d526391a6fc24a753368a80424bc2.jpg,,3.42,4,"[{'id': 4, 'title': 'recommended', 'count': 18, 'percent': 41.86}, {'id': 3, 'title': 'meh', 'count': 15, 'percent': 34.88}, {'id': 5, 'title': 'exceptional', 'count': 5, 'percent': 11.63}, {'id': 1, 'title': 'skip', 'count': 5, 'percent': 11.63}]",105,0,58,0,5,0,0,,,,,0,0,0,0,43,144,"['Karate Master', 'Karateka Classic', 'カラテカ']",,0,0,0,,43,0f0f0f,0f0f0f,"[{'platform': {'id': 1, 'name': 'PC', 'slug': 'pc'}}, {'platform': {'id': 4, 'name': 'iOS', 'slug': 'ios'}}, {'platform': {'id': 8, 'name': 'Android', 'slug': 'android'}}, {'platform': {'id': 5, 'name': 'Apple Macintosh', 'slug': 'mac'}}, {'platform': {'id': 7, 'name': 'Nintendo', 'slug': 'nintendo'}}, {'platform': {'id': 9, 'name': 'Atari', 'slug': 'atari'}}, {'platform': {'id': 10, 'name': 'Commodore / Amiga', 'slug': 'commodore-amiga'}}]","[{'platform': {'id': 3, 'name': 'iOS', 'slug': 'ios', 'image': None, 'year_end': None, 'year_start': None, 'games_count': 77392, 'image_background': 'https://media.rawg.io/media/games/5fa/5fae5fec3c943179e09da67a4427d68f.jpg'}, 'released_at': '1985-12-05', 'requirements': {}}, {'platform': {'id': 4, 'name': 'PC', 'slug': 'pc', 'image': None, 'year_end': None, 'year_start': None, 'games_count': 547196, 'image_background': 'https://media.rawg.io/media/games/6fc/6fcf4cd3b17c288821388e6085bb0fc9.jpg'}, 'released_at': '1985-12-05', 'requirements': {}}, {'platform': {'id': 21, 'name': 'Android', 'slug': 'android', 'image': None, 'year_end': None, 'year_start': None, 'games_count': 52427, 'image_background': 'https://media.rawg.io/media/games/198/1988a337305e008b41d7f536ce9b73f6.jpg'}, 'released_at': '1985-12-05', 'requirements': {}}, {'platform': {'id': 25, 'name': 'Atari 8-bit', 'slug': 'atari-8-bit', 'image': None, 'year_end': None, 'year_start': None, 'games_count': 308, 'image_background': 'https://media.rawg.io/media/screenshots/038/0385a47d3a43b218204268af5361a19e.jpg'}, 'released_at': '1985-12-05', 'requirements': {}}, {'platform': {'id': 28, 'name': 'Atari 7800', 'slug': 'atari-7800', 'image': None, 'year_end': None, 'year_start': None, 'games_count': 64, 'image_background': 'https://media.rawg.io/media/screenshots/565/56504b28b184dbc630a7de118e39d822.jpg'}, 'released_at': '1985-12-05', 'requirements': {}}, {'platform': {'id': 34, 'name': 'Atari ST', 'slug': 'atari-st', 'image': None, 'year_end': None, 'year_start': None, 'games_count': 836, 'image_background': 'https://media.rawg.io/media/games/637/637d7dc2f44d0f6ddd3ee2c0b1366962.jpg'}, 'released_at': '1985-12-05', 'requirements': {}}, {'platform': {'id': 41, 'name': 'Apple II', 'slug': 'apple-ii', 'image': None, 'year_end': None, 'year_start': None, 'games_count': 424, 'image_background': 'https://media.rawg.io/media/screenshots/3d2/3d2bb57b39e2efa39d1c385585b2ea8b.jpg'}, 'released_at': '1985-12-05', 'requirements': {}}, {'platform': {'id': 49, 'name': 'NES', 'slug': 'nes', 'image': None, 'year_end': None, 'year_start': None, 'games_count': 1015, 'image_background': 'https://media.rawg.io/media/games/7c5/7c50dd0415eb0a57505c58d4e50e4d24.jpg'}, 'released_at': '1985-12-05', 'requirements': {}}, {'platform': {'id': 166, 'name': 'Commodore / Amiga', 'slug': 'commodore-amiga', 'image': None, 'year_end': None, 'year_start': None, 'games_count': 2083, 'image_background': 'https://media.rawg.io/media/games/cce/cce8bebe861f295003f5a9fe5b11233f.jpg'}, 'released_at': '1985-12-05', 'requirements': {}}]",[],"[{'id': 11327, 'name': 'Liquid Entertainment', 'slug': 'liquid-entertainment', 'games_count': 12, 'image_background': 'https://media.rawg.io/media/screenshots/9b4/9b42279591a018adcaae8a92cad80de1.jpg'}, {'id': 14767, 'name': 'The Connelley Group', 'slug': 'the-connelley-group', 'games_count': 3, 'image_background': 'https://media.rawg.io/media/screenshots/ef8/ef82cc07edafa5244d60e557217c62e5.jpg'}, {'id': 14768, 'name': 'Jordan Mechner', 'slug': 'jordan-mechner', 'games_count': 2, 'image_background': 'https://media.rawg.io/media/screenshots/8ac/8ace4baebf28ab54d8bea36881e6dd17.jpg'}, {'id': 26811, 'name': 'Remake', 'slug': 'remake', 'games_count': 1, 'image_background': 'https://media.rawg.io/media/screenshots/51a/51aae596dbc0e07ceaf3a4ff328d8478.jpg'}]","[{'id': 4, 'name': 'Action', 'slug': 'action', 'games_count': 186608, 'image_background': 'https://media.rawg.io/media/games/618/618c2031a07bbff6b4f611f10b6bcdbc.jpg'}, {'id': 11, 'name': 'Arcade', 'slug': 'arcade', 'games_count': 22658, 'image_background': 'https://media.rawg.io/media/games/556/556157feed9ee1f55f2b12b2973e30a3.jpg'}]","[{'id': 31, 'name': 'Singleplayer', 'slug': 'singleplayer', 'language': 'eng', 'games_count': 238404, 'image_background': 'https://media.rawg.io/media/games/26d/26d4437715bee60138dab4a7c8c59c92.jpg'}]","[{'id': 10782, 'name': 'D3 Publisher', 'slug': 'd3publisher', 'games_count': 189, 'image_background': 'https://media.rawg.io/media/screenshots/10b/10bc57566c85770610893f131560b0ed.jpg'}, {'id': 11442, 'name': 'Broderbund Software', 'slug': 'broderbund-software', 'games_count': 27, 'image_background': 'https://media.rawg.io/media/games/a9a/a9a2472f862b041d2980103ddbb61c91.jpg'}, {'id': 19491, 'name': 'Brøderbund', 'slug': 'broderbund', 'games_count': 32, 'image_background': 'https://media.rawg.io/media/games/054/0540c8fc8eed3fc13d3990f419c61c6f.jpg'}]",,,"Karateka is a 1984 martial arts action game by Jordan Mechner, and was his first published game, created while attending Yale University. It was originally programmed for the Apple II, then widely ported. The game was published in North America by Brøderbund, and in Europe by Ariolasoft. Along with Swashbuckler (1982), Karate Champ (1984), and Yie-Ar Kung Fu (1985), Karateka was one of the earliest fighting games.
The player controls an unnamed protagonist who is attempting to rescue his love interest, the Princess Mariko, from Akuma's castle fortress. The game exhibits a combination of a side-scrolling platform and fighting game elements similar to a beat 'em up. The player uses punches and kicks to defeat Akuma and his guards and make his way deeper into the fortress.
A 2013 remake, spearheaded by Mechner, was released in 2013 as a downloadable title for the Xbox 360, Microsoft Windows, PlayStation 3, and iOS.",3.0,36.0,22.0,8.0,35.0,1.0,,,,,,,,,,,,,,,,,,,
25086,gradius,Gradius,Gradius,"<p>
      Across the galaxy, there exists a distant planet known as Gradius. 
      Gradius' peaceful existence has been brought to an end by an intense 
      space invasion by a race known as the Bacterion. To save the planet, the 
      hyperspace fighter Vic Viper has been deployed to fight the Bacterion 
      invasion. Players pilot the Vic Viper through seven stages, shooting and 
      dodging through deadly obstacles, while using various power-ups, 
      including missiles, lasers, options and shields. The Vic Viper's target 
      is the enemy fortress, Xaerous. The only way to end the war is to plunge 
      deep through the enemy forces and destroy its very core.
    </p><p>This classic game is part of the Virtual Console service, which brings you great games created for consoles such as NES™, Super NES™ and Game Boy™ Advance. We hope you'll enjoy the new features (including off-TV play) that have been added to this title. See more Virtual Console games for Wii U.</p>",,[],1985-01-01,False,2024-10-01T15:20:01,https://media.rawg.io/media/screenshots/fa9/fa9b8cfa25908f9d2218c541465263c4.jpg,https://media.rawg.io/media/screenshots/1e7/1e785c9f482e4d0a4346319d42e9976f.jpg,,3.86,4,"[{'id': 4, 'title': 'recommended', 'count': 23, 'percent': 63.89}, {'id': 3, 'title': 'meh', 'count': 7, 'percent': 19.44}, {'id': 5, 'title': 'exceptional', 'count': 5, 'percent': 13.89}, {'id': 1, 'title': 'skip', 'count': 1, 'percent': 2.78}]",98,0,40,0,8,0,0,,,,,0,118,0,2,34,161,[],,0,0,0,,36,0f0f0f,0f0f0f,"[{'platform': {'id': 2, 'name': 'PlayStation', 'slug': 'playstation'}}, {'platform': {'id': 7, 'name': 'Nintendo', 'slug': 'nintendo'}}, {'platform': {'id': 10, 'name': 'Commodore / Amiga', 'slug': 'commodore-amiga'}}]","[{'platform': {'id': 8, 'name': 'Nintendo 3DS', 'slug': 'nintendo-3ds', 'image': None, 'year_end': None, 'year_start': None, 'games_count': 1682, 'image_background': 'https://media.rawg.io/media/screenshots/42d/42d770eb49f2ba01cd4045e0d92af7a9.jpg'}, 'released_at': '1985-01-01', 'requirements': {}}, {'platform': {'id': 10, 'name': 'Wii U', 'slug': 'wii-u', 'image': None, 'year_end': None, 'year_start': None, 'games_count': 1114, 'image_background': 'https://media.rawg.io/media/games/85c/85c8ae70e7cdf0105f06ef6bdce63b8b.jpg'}, 'released_at': '1985-01-01', 'requirements': {}}, {'platform': {'id': 11, 'name': 'Wii', 'slug': 'wii', 'image': None, 'year_end': None, 'year_start': None, 'games_count': 2209, 'image_background': 'https://media.rawg.io/media/games/9ca/9ca31615beee447f3ae1dc9b3b736dce.jpg'}, 'released_at': '1985-01-01', 'requirements': {}}, {'platform': {'id': 7, 'name': 'Nintendo Switch', 'slug': 'nintendo-switch', 'image': None, 'year_end': None, 'year_start': None, 'games_count': 5623, 'image_background': 'https://media.rawg.io/media/games/f99/f9979698c43fd84c3ab69280576dd3af.jpg'}, 'released_at': '1985-01-01', 'requirements': {}}, {'platform': {'id': 166, 'name': 'Commodore / Amiga', 'slug': 'commodore-amiga', 'image': None, 'year_end': None, 'year_start': None, 'games_count': 2083, 'image_background': 'https://media.rawg.io/media/games/cce/cce8bebe861f295003f5a9fe5b11233f.jpg'}, 'released_at': '1985-01-01', 'requirements': {}}, {'platform': {'id': 18, 'name': 'PlayStation 4', 'slug': 'playstation4', 'image': None, 'year_end': None, 'year_start': None, 'games_count': 6916, 'image_background': 'https://media.rawg.io/media/games/f46/f466571d536f2e3ea9e815ad17177501.jpg'}, 'released_at': '1985-01-01', 'requirements': {}}, {'platform': {'id': 49, 'name': 'NES', 'slug': 'nes', 'image': None, 'year_end': None, 'year_start': None, 'games_count': 1015, 'image_background': 'https://media.rawg.io/media/games/7c5/7c50dd0415eb0a57505c58d4e50e4d24.jpg'}, 'released_at': '1985-01-01', 'requirements': {}}]","[{'id': 29472, 'url': '', 'store': {'id': 6, 'name': 'Nintendo Store', 'slug': 'nintendo', 'domain': 'nintendo.com', 'games_count': 9128, 'image_background': 'https://media.rawg.io/media/games/fc1/fc1307a2774506b5bd65d7e8424664a7.jpg'}}]","[{'id': 1971, 'name': 'Konami Digital Entertainment', 'slug': 'konami-digital-entertainment', 'games_count': 467, 'image_background': 'https://media.rawg.io/media/games/d56/d56412cd670313ef306da64669c381d8.jpg'}]","[{'id': 2, 'name': 'Shooter', 'slug': 'shooter', 'games_count': 59560, 'image_background': 'https://media.rawg.io/media/games/d58/d588947d4286e7b5e0e12e1bea7d9844.jpg'}]","[{'id': 25, 'name': 'Space', 'slug': 'space', 'language': 'eng', 'games_count': 43594, 'image_background': 'https://media.rawg.io/media/games/ebd/ebdbb7eb52bd58b0e7fa4538d9757b60.jpg'}, {'id': 70, 'name': 'War', 'slug': 'war', 'language': 'eng', 'games_count': 9755, 'image_background': 'https://media.rawg.io/media/games/736/73619bd336c894d6941d926bfd563946.jpg'}, {'id': 5816, 'name': 'console', 'slug': 'console', 'language': 'eng', 'games_count': 1390, 'image_background': 'https://media.rawg.io/media/games/faa/faa6a4a7a2e57faf2960329630aee211.jpg'}, {'id': 1529, 'name': 'fight', 'slug': 'fight', 'language': 'eng', 'games_count': 7907, 'image_background': 'https://media.rawg.io/media/screenshots/354/35415d87481388c8632a299ce2a97bbf.jpeg'}, {'id': 1407, 'name': 'race', 'slug': 'race', 'language': 'eng', 'games_count': 6793, 'image_background': 'https://media.rawg.io/media/games/553/553274881e0897c95ad75de9627265c3.jpg'}, {'id': 3046, 'name': 'destroy', 'slug': 'destroy', 'language': 'eng', 'games_count': 4618, 'image_background': 'https://media.rawg.io/media/screenshots/c84/c841102a515d24777f91b4861a84fb5b.jpg'}, {'id': 1105, 'name': 'planet', 'slug': 'planet', 'language': 'eng', 'games_count': 3020, 'image_background': 'https://media.rawg.io/media/games/89c/89ceadfd42109aa0d80e9c5dbc86f277.jpg'}, {'id': 7082, 'name': 'fighter', 'slug': 'fighter', 'language': 'eng', 'games_count': 1483, 'image_background': 'https://media.rawg.io/media/games/1b9/1b9b1b82d204e9656019f73c577cb804.jpg'}, {'id': 731, 'name': 'NES', 'slug': 'nes', 'language': 'eng', 'games_count': 1335, 'image_background': 'https://media.rawg.io/media/games/5fe/5fe62882f1af83e36480ded84c49b984.jpg'}, {'id': 3654, 'name': 'lasers', 'slug': 'lasers', 'language': 'eng', 'games_count': 760, 'image_background': 'https://media.rawg.io/media/screenshots/5bb/5bbd71548240703f3bc42cee7c87972d.jpg'}]","[{'id': 10691, 'name': 'Konami', 'slug': 'konami', 'games_count': 788, 'image_background': 'https://media.rawg.io/media/games/85e/85e4c8a78cf9b82b5ed19262fe00c00f.jpg'}]",,,"Across the galaxy, there exists a distant planet known as Gradius.
Gradius' peaceful existence has been brought to an end by an intense
space invasion by a race known as the Bacterion. To save the planet, the
hyperspace fighter Vic Viper has been deployed to fight the Bacterion
invasion. Players pilot the Vic Viper through seven stages, shooting and
dodging through deadly obstacles, while using various power-ups,
including missiles, lasers, options and shields. The Vic Viper's target
is the enemy fortress, Xaerous. The only way to end the war is to plunge
deep through the enemy forces and destroy its very core.
This classic game is part of the Virtual Console service, which brings you great games created for consoles such as NES™, Super NES™ and Game Boy™ Advance. We hope you'll enjoy the new features (including off-TV play) that have been added to this title. See more Virtual Console games for Wii U.",9.0,30.0,27.0,9.0,22.0,1.0,,,,,,,,,,1.0,,,,,,,,,
25261,lunar-pool,Lunar Pool,Lunar Pool,"<p>Lunar Pool takes the historical ball game of billiards and reinvents it<br />
with a unique and futuristic flair. The rules are simple. All you need<br />
to do is use your cue stick to hit the white cue ball, causing it to hit<br />
the other numbered balls and make them go into the pockets. You can<br />
enjoy nearly unlimited game play with 30 tables, 2 different ball<br />
arrangements, and the ability to change the degree of friction on the<br />
table. You can also play against a computer or another human player, so<br />
try challenging someone once you’ve got the hang of the game.<br />
This classic game is part of the Virtual Console service, which brings you great games created for consoles such as NES™, Super NES™ and Game Boy™ Advance. See more Virtual Console games for Wii.</p>",,[],1985-12-05,False,2025-04-11T17:50:45,https://media.rawg.io/media/games/a09/a0933a91be1fd88408256cb82b17ab7c.jpg,https://media.rawg.io/media/screenshots/3a8/3a8dcb63d98ef8ac396c3763986d683a.jpg,,4.02,4,"[{'id': 4, 'title': 'recommended', 'count': 35, 'percent': 83.33}, {'id': 5, 'title': 'exceptional', 'count': 5, 'percent': 11.9}, {'id': 3, 'title': 'meh', 'count': 1, 'percent': 2.38}, {'id': 1, 'title': 'skip', 'count': 1, 'percent': 2.38}]",90,1,7,0,1,0,0,,,,,0,29,0,1,41,153,[],,0,0,0,,42,0f0f0f,0f0f0f,"[{'platform': {'id': 7, 'name': 'Nintendo', 'slug': 'nintendo'}}]","[{'platform': {'id': 11, 'name': 'Wii', 'slug': 'wii', 'image': None, 'year_end': None, 'year_start': None, 'games_count': 2209, 'image_background': 'https://media.rawg.io/media/games/9ca/9ca31615beee447f3ae1dc9b3b736dce.jpg'}, 'released_at': '1985-12-05', 'requirements': {}}, {'platform': {'id': 49, 'name': 'NES', 'slug': 'nes', 'image': None, 'year_end': None, 'year_start': None, 'games_count': 1015, 'image_background': 'https://media.rawg.io/media/games/7c5/7c50dd0415eb0a57505c58d4e50e4d24.jpg'}, 'released_at': '1985-12-05', 'requirements': {}}]","[{'id': 29677, 'url': '', 'store': {'id': 6, 'name': 'Nintendo Store', 'slug': 'nintendo', 'domain': 'nintendo.com', 'games_count': 9128, 'image_background': 'https://media.rawg.io/media/games/fc1/fc1307a2774506b5bd65d7e8424664a7.jpg'}}]","[{'id': 26357, 'name': 'Compile', 'slug': 'compile', 'games_count': 29, 'image_background': 'https://media.rawg.io/media/games/47f/47fda464d6e138bad4fe97566b883419.jpg'}]","[{'id': 15, 'name': 'Sports', 'slug': 'sports', 'games_count': 22123, 'image_background': 'https://media.rawg.io/media/games/5eb/5eb49eb2fa0738fdb5bacea557b1bc57.jpg'}]","[{'id': 31, 'name': 'Singleplayer', 'slug': 'singleplayer', 'language': 'eng', 'games_count': 238404, 'image_background': 'https://media.rawg.io/media/games/26d/26d4437715bee60138dab4a7c8c59c92.jpg'}, {'id': 7, 'name': 'Multiplayer', 'slug': 'multiplayer', 'language': 'eng', 'games_count': 40505, 'image_background': 'https://media.rawg.io/media/games/021/021c4e21a1824d2526f925eff6324653.jpg'}, {'id': 40858, 'name': 'Other', 'slug': 'other', 'language': 'eng', 'games_count': 345, 'image_background': 'https://media.rawg.io/media/games/ada/ada5c5ef872679536eb0e2ab58c1aa1d.jpeg'}]","[{'id': 10815, 'name': 'D4 Enterprise', 'slug': 'd4-enterprise', 'games_count': 56, 'image_background': 'https://media.rawg.io/media/screenshots/26e/26ec0db6906c5115385a287daba40cda.jpg'}, {'id': 19852, 'name': 'Pony Canyon', 'slug': 'pony-canyon', 'games_count': 23, 'image_background': 'https://media.rawg.io/media/games/abf/abfbb5bc3f06bf77c5572643ae0e386a.jpg'}, {'id': 19875, 'name': 'Fujisankei Communications International', 'slug': 'fujisankei-communications-international', 'games_count': 22, 'image_background': 'https://media.rawg.io/media/screenshots/4e6/4e6d15aeb9aa0ac9ad3d8fa883edadc7.jpg'}, {'id': 19929, 'name': 'Ponyca', 'slug': 'ponyca', 'games_count': 1, 'image_background': 'https://media.rawg.io/media/games/a09/a0933a91be1fd88408256cb82b17ab7c.jpg'}]",,,"Lunar Pool takes the historical ball game of billiards and reinvents it
with a unique and futuristic flair. The rules are simple. All you need
to do is use your cue stick to hit the white cue ball, causing it to hit
the other numbered balls and make them go into the pockets. You can
enjoy nearly unlimited game play with 30 tables, 2 different ball
arrangements, and the ability to change the degree of friction on the
table. You can also play against a computer or another human player, so
try challenging someone once you’ve got the hang of the game.
This classic game is part of the Virtual Console service, which brings you great games created for consoles such as NES™, Super NES™ and Game Boy™ Advance. See more Virtual Console games for Wii.",3.0,21.0,29.0,3.0,34.0,,,,,,,1.0,,,,,,,,,,,,,
53854,gunsmoke,Gun.Smoke,Gun.Smoke,"<p>Gun.Smoke is a 1985 vertical scrolling shooter arcade game by Capcom. This Wild West-themed game was designed by Yoshiki Okamoto. Gun.Smoke centers on a character named Billy Bob in the NES version, a bounty hunter who is after vicious criminals of the Wild West.</p>",,[],1985-11-01,False,2024-12-20T12:59:14,https://media.rawg.io/media/games/47a/47af2564836a5e0783b2c2abc437d96a.jpg,https://media.rawg.io/media/screenshots/040/040c6793fffb1c510b8f04dcea99294c.jpg,,4.31,4,"[{'id': 4, 'title': 'recommended', 'count': 18, 'percent': 56.25}, {'id': 5, 'title': 'exceptional', 'count': 12, 'percent': 37.5}, {'id': 3, 'title': 'meh', 'count': 2, 'percent': 6.25}]",72,0,5,0,3,0,0,,,,,0,0,0,0,32,290,[],,0,0,0,,32,0f0f0f,0f0f0f,"[{'platform': {'id': 2, 'name': 'PlayStation', 'slug': 'playstation'}}, {'platform': {'id': 3, 'name': 'Xbox', 'slug': 'xbox'}}, {'platform': {'id': 7, 'name': 'Nintendo', 'slug': 'nintendo'}}, {'platform': {'id': 10, 'name': 'Commodore / Amiga', 'slug': 'commodore-amiga'}}]","[{'platform': {'id': 14, 'name': 'Xbox 360', 'slug': 'xbox360', 'image': None, 'year_end': None, 'year_start': None, 'games_count': 2805, 'image_background': 'https://media.rawg.io/media/games/4a0/4a0a1316102366260e6f38fd2a9cfdce.jpg'}, 'released_at': '1985-11-01', 'requirements': {}}, {'platform': {'id': 166, 'name': 'Commodore / Amiga', 'slug': 'commodore-amiga', 'image': None, 'year_end': None, 'year_start': None, 'games_count': 2083, 'image_background': 'https://media.rawg.io/media/games/cce/cce8bebe861f295003f5a9fe5b11233f.jpg'}, 'released_at': '1985-11-01', 'requirements': {}}, {'platform': {'id': 16, 'name': 'PlayStation 3', 'slug': 'playstation3', 'image': None, 'year_end': None, 'year_start': None, 'games_count': 3167, 'image_background': 'https://media.rawg.io/media/games/736/73619bd336c894d6941d926bfd563946.jpg'}, 'released_at': '1985-11-01', 'requirements': {}}, {'platform': {'id': 49, 'name': 'NES', 'slug': 'nes', 'image': None, 'year_end': None, 'year_start': None, 'games_count': 1015, 'image_background': 'https://media.rawg.io/media/games/7c5/7c50dd0415eb0a57505c58d4e50e4d24.jpg'}, 'released_at': '1985-11-01', 'requirements': {}}]",[],"[{'id': 3678, 'name': 'Capcom', 'slug': 'capcom', 'games_count': 466, 'image_background': 'https://media.rawg.io/media/games/cee/cee577e2097a59b77193fe2bce94667d.jpg'}]",[],"[{'id': 31, 'name': 'Singleplayer', 'slug': 'singleplayer', 'language': 'eng', 'games_count': 238404, 'image_background': 'https://media.rawg.io/media/games/26d/26d4437715bee60138dab4a7c8c59c92.jpg'}, {'id': 418, 'name': '2 players', 'slug': '2-players', 'language': 'eng', 'games_count': 1244, 'image_background': 'https://media.rawg.io/media/screenshots/f9a/f9ac59bb4af2ca2193ee9ffb979577cf.jpg'}, {'id': 439, 'name': 'simultaneously', 'slug': 'simultaneously', 'language': 'eng', 'games_count': 7, 'image_background': 'https://media.rawg.io/media/screenshots/85a/85a945255a5cf98db9915a867d0f73bc.jpg'}]","[{'id': 19733, 'name': 'Romstar', 'slug': 'romstar', 'games_count': 13, 'image_background': 'https://media.rawg.io/media/screenshots/b39/b3991acd25749955822c1704e3d336d9.jpg'}]",,,"Gun.Smoke is a 1985 vertical scrolling shooter arcade game by Capcom. This Wild West-themed game was designed by Yoshiki Okamoto. Gun.Smoke centers on a character named Billy Bob in the NES version, a bounty hunter who is after vicious criminals of the Wild West.",3.0,20.0,29.0,2.0,17.0,1.0,,,,,,,,,,,,,,,,,,,
257231,sky-destroyer,Sky Destroyer,Sky Destroyer,"<p>Sky Destroyer is an aerial combat game. Players take the role of a warplane that has to defeat various enemy combatants in the air and in the sea. The player&#39;s warplane is equipped with machine guns and can also fire off torpedoes. The main goal is to destroy a fortified island at the end of each scene by firing a torpedo at it.</p>
<p>Gameplay is viewed from a behind the plane viewpoint. While flying. players will notice time elapses by the background changing from day to night and then back to day again. The is to help indicate to the player that they are making progress throughout the level. When the player cycles to the next daytime sequence, the player will be able to know a island should be coming up soon. After taking out the fortified island, players will get a chance to play a bonus stage where the objective is for the player to destroy as many planes of an incoming enemy fleet as possible, with each destroyed plane adding to the player&#39;s score. Managing to destroy every single plane in this bonus round will also give the player additional bonus points to add to their overall score.</p>
<p>The player starts with three lives and can lose them by either getting hit by incoming enemy fire or crashing into the water that is below them.</p>",,[],1985-11-14,False,2024-10-01T13:04:40,https://media.rawg.io/media/games/bbc/bbcadbea5faa91011a26ad9f707e8efd.jpg,https://media.rawg.io/media/screenshots/5fe/5feb10c1ea66c6e7fae138b2416ff95c.jpg,,3.91,4,"[{'id': 4, 'title': 'recommended', 'count': 23, 'percent': 67.65}, {'id': 5, 'title': 'exceptional', 'count': 5, 'percent': 14.71}, {'id': 3, 'title': 'meh', 'count': 5, 'percent': 14.71}, {'id': 1, 'title': 'skip', 'count': 1, 'percent': 2.94}]",71,0,6,0,0,0,0,,,,,0,1,0,0,34,57,[],,0,0,0,,34,0f0f0f,0f0f0f,"[{'platform': {'id': 7, 'name': 'Nintendo', 'slug': 'nintendo'}}]","[{'platform': {'id': 49, 'name': 'NES', 'slug': 'nes', 'image': None, 'year_end': None, 'year_start': None, 'games_count': 1015, 'image_background': 'https://media.rawg.io/media/games/7c5/7c50dd0415eb0a57505c58d4e50e4d24.jpg'}, 'released_at': '1985-11-14', 'requirements': {}}]",[],"[{'id': 6586, 'name': 'Taito', 'slug': 'taito', 'games_count': 158, 'image_background': 'https://media.rawg.io/media/screenshots/89d/89d33b5f76431cbbc5c8a8f89c98825d.jpeg'}]","[{'id': 4, 'name': 'Action', 'slug': 'action', 'games_count': 186608, 'image_background': 'https://media.rawg.io/media/games/618/618c2031a07bbff6b4f611f10b6bcdbc.jpg'}]","[{'id': 1465, 'name': 'combat', 'slug': 'combat', 'language': 'eng', 'games_count': 14418, 'image_background': 'https://media.rawg.io/media/games/f54/f54e9fb2f4aac37810ea1a69a3e4480a.jpg'}, {'id': 997, 'name': 'island', 'slug': 'island', 'language': 'eng', 'games_count': 2646, 'image_background': 'https://media.rawg.io/media/games/a1b/a1b2af4caa3c61f9922431baf1fca447.jpg'}, {'id': 1652, 'name': 'night', 'slug': 'night', 'language': 'eng', 'games_count': 4490, 'image_background': 'https://media.rawg.io/media/screenshots/689/68982c8e9f02b077c1b9bdc25fe6a87a.jpg'}, {'id': 3046, 'name': 'destroy', 'slug': 'destroy', 'language': 'eng', 'games_count': 4618, 'image_background': 'https://media.rawg.io/media/screenshots/c84/c841102a515d24777f91b4861a84fb5b.jpg'}, {'id': 1897, 'name': 'fire', 'slug': 'fire', 'language': 'eng', 'games_count': 6124, 'image_background': 'https://media.rawg.io/media/screenshots/983/98387b9caeb7496d3e8df567ef4f762b.jpeg'}, {'id': 1807, 'name': 'water', 'slug': 'water', 'language': 'eng', 'games_count': 3864, 'image_background': 'https://media.rawg.io/media/screenshots/ec6/ec6eda0d3d08d023793486b253534c27.jpg'}, {'id': 1753, 'name': 'guns', 'slug': 'guns', 'language': 'eng', 'games_count': 2477, 'image_background': 'https://media.rawg.io/media/screenshots/d43/d43f4c204c3991d16896720dde04b1d8.jpg'}, {'id': 1068, 'name': 'sea', 'slug': 'sea', 'language': 'eng', 'games_count': 2417, 'image_background': 'https://media.rawg.io/media/games/5f6/5f61441e6338e9221f96a8f4c64c7bb8.jpg'}, {'id': 5637, 'name': 'sky', 'slug': 'sky', 'language': 'eng', 'games_count': 1844, 'image_background': 'https://media.rawg.io/media/screenshots/40d/40db5db1a0ef232be674300867eea710.jpg'}, {'id': 1896, 'name': 'plane', 'slug': 'plane', 'language': 'eng', 'games_count': 1598, 'image_background': 'https://media.rawg.io/media/screenshots/c93/c930fe658e981f351acd89878411d1db.jpg'}]","[{'id': 10867, 'name': 'Taito', 'slug': 'taito', 'games_count': 200, 'image_background': 'https://media.rawg.io/media/games/541/541de539db14b477a5ae9973f6ea8193.jpg'}]",,,"Sky Destroyer is an aerial combat game. Players take the role of a warplane that has to defeat various enemy combatants in the air and in the sea. The player's warplane is equipped with machine guns and can also fire off torpedoes. The main goal is to destroy a fortified island at the end of each scene by firing a torpedo at it.

Gameplay is viewed from a behind the plane viewpoint. While flying. players will notice time elapses by the background changing from day to night and then back to day again. The is to help indicate to the player that they are making progress throughout the level. When the player cycles to the next daytime sequence, the player will be able to know a island should be coming up soon. After taking out the fortified island, players will get a chance to play a bonus stage where the objective is for the player to destroy as many planes of an incoming enemy fleet as possible, with each destroyed plane adding to the player's score. Managing to destroy every single plane in this bonus round will also give the player additional bonus points to add to their overall score.

The player starts with three lives and can lose them by either getting hit by incoming enemy fire or crashing into the water that is below them.",,15.0,20.0,4.0,31.0,1.0,,,,,,,,,,,,,,,,,,,
24913,soccer,Soccer,Soccer,"<p>Enjoy &#39;real football&#39; as you direct your team up and down the field.<br />
Pick from seven international teams—USA, Great Britain, France, Germany,<br />
Brazil, Japan, and Spain—and perform all the kickoffs, throw-ins, goal<br />
kicks, and corner kicks seen in a real friendly match. You can choose<br />
the skill level of the opposing team on a scale from one to five, so as<br />
your team improves, so do your opponents. You even choose the length of<br />
the match. As time ticks down, do your best to score the winning goal!<br />
This classic game is part of the Virtual Console service, which brings you great games created for consoles such as NES™, Super NES™ and Game Boy™ Advance. We hope you&#39;ll enjoy the new features (including off-TV play) that have been added to this title. See more Virtual Console games for Wii U.</p>",,[],1985-04-09,False,2024-10-15T12:32:42,https://media.rawg.io/media/screenshots/c53/c53b7ee64f9677bd048b5e96a8d36320.jpg,https://media.rawg.io/media/screenshots/6d8/6d8d604f8d2a6d1c71dd67676f61cbbf.jpg,,3.32,3,"[{'id': 3, 'title': 'meh', 'count': 15, 'percent': 53.57}, {'id': 4, 'title': 'recommended', 'count': 9, 'percent': 32.14}, {'id': 5, 'title': 'exceptional', 'count': 2, 'percent': 7.14}, {'id': 1, 'title': 'skip', 'count': 2, 'percent': 7.14}]",62,18,14,0,1,0,0,,,,,0,0,0,0,28,108,[],,0,0,0,,28,0f0f0f,0f0f0f,"[{'platform': {'id': 7, 'name': 'Nintendo', 'slug': 'nintendo'}}]","[{'platform': {'id': 10, 'name': 'Wii U', 'slug': 'wii-u', 'image': None, 'year_end': None, 'year_start': None, 'games_count': 1114, 'image_background': 'https://media.rawg.io/media/games/85c/85c8ae70e7cdf0105f06ef6bdce63b8b.jpg'}, 'released_at': '1985-04-09', 'requirements': {}}, {'platform': {'id': 11, 'name': 'Wii', 'slug': 'wii', 'image': None, 'year_end': None, 'year_start': None, 'games_count': 2209, 'image_background': 'https://media.rawg.io/media/games/9ca/9ca31615beee447f3ae1dc9b3b736dce.jpg'}, 'released_at': '1985-04-09', 'requirements': {}}, {'platform': {'id': 49, 'name': 'NES', 'slug': 'nes', 'image': None, 'year_end': None, 'year_start': None, 'games_count': 1015, 'image_background': 'https://media.rawg.io/media/games/7c5/7c50dd0415eb0a57505c58d4e50e4d24.jpg'}, 'released_at': '1985-04-09', 'requirements': {}}]","[{'id': 29287, 'url': '', 'store': {'id': 6, 'name': 'Nintendo Store', 'slug': 'nintendo', 'domain': 'nintendo.com', 'games_count': 9128, 'image_background': 'https://media.rawg.io/media/games/fc1/fc1307a2774506b5bd65d7e8424664a7.jpg'}}]","[{'id': 12898, 'name': 'Intelligent Systems', 'slug': 'intelligent-systems', 'games_count': 68, 'image_background': None}]","[{'id': 15, 'name': 'Sports', 'slug': 'sports', 'games_count': 22123, 'image_background': 'https://media.rawg.io/media/games/5eb/5eb49eb2fa0738fdb5bacea557b1bc57.jpg'}, {'id': 40, 'name': 'Casual', 'slug': 'casual', 'games_count': 61303, 'image_background': 'https://media.rawg.io/media/games/e44/e445335e611b4ccf03af71fffcbd30a4.jpg'}]","[{'id': 5816, 'name': 'console', 'slug': 'console', 'language': 'eng', 'games_count': 1390, 'image_background': 'https://media.rawg.io/media/games/faa/faa6a4a7a2e57faf2960329630aee211.jpg'}, {'id': 1484, 'name': 'skill', 'slug': 'skill', 'language': 'eng', 'games_count': 3529, 'image_background': 'https://media.rawg.io/media/screenshots/5bb/5bb6b09c84027d979a46affaba10fc7c.jpg'}, {'id': 191, 'name': 'Football', 'slug': 'football', 'language': 'eng', 'games_count': 2041, 'image_background': 'https://media.rawg.io/media/games/17a/17a05c3b047263ed0cd9b39396986b61.jpg'}, {'id': 3612, 'name': 'match', 'slug': 'match', 'language': 'eng', 'games_count': 6505, 'image_background': 'https://media.rawg.io/media/screenshots/9d0/9d01c130e3a33571c9ae6e9695973eb0.jpg'}, {'id': 726, 'name': 'japan', 'slug': 'japan', 'language': 'eng', 'games_count': 1010, 'image_background': 'https://media.rawg.io/media/screenshots/e2a/e2af1fcbd58c3a1ce69f6b4907fab687.jpg'}, {'id': 731, 'name': 'NES', 'slug': 'nes', 'language': 'eng', 'games_count': 1335, 'image_background': 'https://media.rawg.io/media/games/5fe/5fe62882f1af83e36480ded84c49b984.jpg'}]","[{'id': 10681, 'name': 'Nintendo', 'slug': 'nintendo', 'games_count': 1235, 'image_background': 'https://media.rawg.io/media/games/dd1/dd167cf8753db3748a975d61cc926e54.jpg'}]",,,"Enjoy 'real football' as you direct your team up and down the field.
Pick from seven international teams—USA, Great Britain, France, Germany,
Brazil, Japan, and Spain—and perform all the kickoffs, throw-ins, goal
kicks, and corner kicks seen in a real friendly match. You can choose
the skill level of the opposing team on a scale from one to five, so as
your team improves, so do your opponents. You even choose the length of
the match. As time ticks down, do your best to score the winning goal!
This classic game is part of the Virtual Console service, which brings you great games created for consoles such as NES™, Super NES™ and Game Boy™ Advance. We hope you'll enjoy the new features (including off-TV play) that have been added to this title. See more Virtual Console games for Wii U.",5.0,15.0,15.0,3.0,23.0,1.0,,,,,,,,,,,,,,,,,,,
54029,rushn-attack-1985,Rush'n Attack (1985),Rush'n Attack (1985),"<p>Rush&#39;n Attack, originally released in Japan and Europe as Green Beret (グリーンベレー, Gurīn Berē), is a run and gun arcade game released by Konami in 1985. Rush&#39;n Attack is remembered for its Cold War setting (the title is a play on &quot;Russian attack&quot;) and its reliance on the player using a knife to dispatch enemies.</p>",,[],1985-01-01,False,2024-10-15T12:32:59,https://media.rawg.io/media/games/c83/c838d5b01f343dc5aa2c3d537ebfaf65.jpg,https://media.rawg.io/media/screenshots/c2e/c2e7e88cb091d83f9d067225ca9c908c.jpg,,3.48,4,"[{'id': 4, 'title': 'recommended', 'count': 10, 'percent': 47.62}, {'id': 3, 'title': 'meh', 'count': 7, 'percent': 33.33}, {'id': 5, 'title': 'exceptional', 'count': 2, 'percent': 9.52}, {'id': 1, 'title': 'skip', 'count': 2, 'percent': 9.52}]",59,0,7,0,15,0,0,,,,,0,0,0,0,21,355,[],,0,0,0,,21,0f0f0f,0f0f0f,"[{'platform': {'id': 1, 'name': 'PC', 'slug': 'pc'}}, {'platform': {'id': 3, 'name': 'Xbox', 'slug': 'xbox'}}, {'platform': {'id': 7, 'name': 'Nintendo', 'slug': 'nintendo'}}, {'platform': {'id': 9, 'name': 'Atari', 'slug': 'atari'}}, {'platform': {'id': 10, 'name': 'Commodore / Amiga', 'slug': 'commodore-amiga'}}]","[{'platform': {'id': 4, 'name': 'PC', 'slug': 'pc', 'image': None, 'year_end': None, 'year_start': None, 'games_count': 547196, 'image_background': 'https://media.rawg.io/media/games/6fc/6fcf4cd3b17c288821388e6085bb0fc9.jpg'}, 'released_at': '1985-01-01', 'requirements': {}}, {'platform': {'id': 14, 'name': 'Xbox 360', 'slug': 'xbox360', 'image': None, 'year_end': None, 'year_start': None, 'games_count': 2805, 'image_background': 'https://media.rawg.io/media/games/4a0/4a0a1316102366260e6f38fd2a9cfdce.jpg'}, 'released_at': '1985-01-01', 'requirements': {}}, {'platform': {'id': 25, 'name': 'Atari 8-bit', 'slug': 'atari-8-bit', 'image': None, 'year_end': None, 'year_start': None, 'games_count': 308, 'image_background': 'https://media.rawg.io/media/screenshots/038/0385a47d3a43b218204268af5361a19e.jpg'}, 'released_at': '1985-01-01', 'requirements': {}}, {'platform': {'id': 49, 'name': 'NES', 'slug': 'nes', 'image': None, 'year_end': None, 'year_start': None, 'games_count': 1015, 'image_background': 'https://media.rawg.io/media/games/7c5/7c50dd0415eb0a57505c58d4e50e4d24.jpg'}, 'released_at': '1985-01-01', 'requirements': {}}, {'platform': {'id': 166, 'name': 'Commodore / Amiga', 'slug': 'commodore-amiga', 'image': None, 'year_end': None, 'year_start': None, 'games_count': 2083, 'image_background': 'https://media.rawg.io/media/games/cce/cce8bebe861f295003f5a9fe5b11233f.jpg'}, 'released_at': '1985-01-01', 'requirements': {}}]",[],"[{'id': 1971, 'name': 'Konami Digital Entertainment', 'slug': 'konami-digital-entertainment', 'games_count': 467, 'image_background': 'https://media.rawg.io/media/games/d56/d56412cd670313ef306da64669c381d8.jpg'}]",[],"[{'id': 31, 'name': 'Singleplayer', 'slug': 'singleplayer', 'language': 'eng', 'games_count': 238404, 'image_background': 'https://media.rawg.io/media/games/26d/26d4437715bee60138dab4a7c8c59c92.jpg'}, {'id': 418, 'name': '2 players', 'slug': '2-players', 'language': 'eng', 'games_count': 1244, 'image_background': 'https://media.rawg.io/media/screenshots/f9a/f9ac59bb4af2ca2193ee9ffb979577cf.jpg'}, {'id': 348, 'name': 'alternating turns', 'slug': 'alternating-turns', 'language': 'eng', 'games_count': 64, 'image_background': 'https://media.rawg.io/media/games/6f8/6f8fb1e98393f72b47f1f909d5b649d4.jpg'}]","[{'id': 10691, 'name': 'Konami', 'slug': 'konami', 'games_count': 788, 'image_background': 'https://media.rawg.io/media/games/85e/85e4c8a78cf9b82b5ed19262fe00c00f.jpg'}]",,,"Rush'n Attack, originally released in Japan and Europe as Green Beret (グリーンベレー, Gurīn Berē), is a run and gun arcade game released by Konami in 1985. Rush'n Attack is remembered for its Cold War setting (the title is a play on ""Russian attack"") and its reliance on the player using a knife to dispatch enemies.",4.0,17.0,21.0,3.0,13.0,1.0,,,,,,,,,,,,,,,,,,,
52542,kung-fu-master,Kung-Fu Master,Kung-Fu Master,"<p>Kung-Fu Master is a side-scrolling beat &#39;em up game produced by Irem as arcade game in 1984 and distributed by Data East in North America. The game was initially released in Japan under the title of Spartan X (スパルタンX, Suparutan X) as a tie-in based on the Jackie Chan film Wheels on Meals (which was distributed under the same title in Japan); however, the game has no bearing on the plot of the film outside the names of the main protagonist and his girlfriend, allowing Irem to export the game without the license by simply changing the title.<br />
The players control Thomas, the titular Kung-Fu Master, as he fights his way through the five levels of the Devil&#39;s Temple in order to rescue his girlfriend Sylvia from the mysterious crime boss Mr. X.</p>",,[],1985-10-18,False,2023-01-11T13:49:19,https://media.rawg.io/media/screenshots/ff6/ff623993a854663931c1e78d72a16a5a.jpg,https://media.rawg.io/media/screenshots/979/97936e4cae89acb7cb8bb1417fa07f82.jpg,,3.79,4,"[{'id': 4, 'title': 'recommended', 'count': 7, 'percent': 50.0}, {'id': 3, 'title': 'meh', 'count': 5, 'percent': 35.71}, {'id': 5, 'title': 'exceptional', 'count': 2, 'percent': 14.29}]",51,0,5,0,2,0,0,,,,,0,0,0,0,13,134,"['Kung-Fu', 'Spartan X']",,0,0,1,,14,0f0f0f,0f0f0f,"[{'platform': {'id': 7, 'name': 'Nintendo', 'slug': 'nintendo'}}, {'platform': {'id': 9, 'name': 'Atari', 'slug': 'atari'}}, {'platform': {'id': 10, 'name': 'Commodore / Amiga', 'slug': 'commodore-amiga'}}]","[{'platform': {'id': 166, 'name': 'Commodore / Amiga', 'slug': 'commodore-amiga', 'image': None, 'year_end': None, 'year_start': None, 'games_count': 2083, 'image_background': 'https://media.rawg.io/media/games/cce/cce8bebe861f295003f5a9fe5b11233f.jpg'}, 'released_at': '1985-10-18', 'requirements': {}}, {'platform': {'id': 49, 'name': 'NES', 'slug': 'nes', 'image': None, 'year_end': None, 'year_start': None, 'games_count': 1015, 'image_background': 'https://media.rawg.io/media/games/7c5/7c50dd0415eb0a57505c58d4e50e4d24.jpg'}, 'released_at': '1985-10-18', 'requirements': {}}, {'platform': {'id': 26, 'name': 'Game Boy', 'slug': 'game-boy', 'image': None, 'year_end': None, 'year_start': None, 'games_count': 617, 'image_background': 'https://media.rawg.io/media/games/057/0573c1c9e1f2414c1f4acabe86ee9fd9.jpg'}, 'released_at': '1985-10-18', 'requirements': {}}, {'platform': {'id': 23, 'name': 'Atari 2600', 'slug': 'atari-2600', 'image': None, 'year_end': None, 'year_start': None, 'games_count': 294, 'image_background': 'https://media.rawg.io/media/screenshots/ff6/ff623993a854663931c1e78d72a16a5a.jpg'}, 'released_at': '1985-10-18', 'requirements': {}}, {'platform': {'id': 28, 'name': 'Atari 7800', 'slug': 'atari-7800', 'image': None, 'year_end': None, 'year_start': None, 'games_count': 64, 'image_background': 'https://media.rawg.io/media/screenshots/565/56504b28b184dbc630a7de118e39d822.jpg'}, 'released_at': '1985-10-18', 'requirements': {}}]",[],"[{'id': 16257, 'name': 'Nintendo', 'slug': 'nintendo', 'games_count': 426, 'image_background': 'https://media.rawg.io/media/games/d9c/d9c8b7edc78391619566adfeb52b5a9a.jpg'}, {'id': 19513, 'name': 'Irem', 'slug': 'irem', 'games_count': 45, 'image_background': 'https://media.rawg.io/media/screenshots/40d/40d10bba809775a9a58fb4dfffa4a956.jpg'}]","[{'id': 6, 'name': 'Fighting', 'slug': 'fighting', 'games_count': 11763, 'image_background': 'https://media.rawg.io/media/games/35b/35b47c4d85cd6e08f3e2ca43ea5ce7bb.jpg'}]","[{'id': 31, 'name': 'Singleplayer', 'slug': 'singleplayer', 'language': 'eng', 'games_count': 238404, 'image_background': 'https://media.rawg.io/media/games/26d/26d4437715bee60138dab4a7c8c59c92.jpg'}, {'id': 7, 'name': 'Multiplayer', 'slug': 'multiplayer', 'language': 'eng', 'games_count': 40505, 'image_background': 'https://media.rawg.io/media/games/021/021c4e21a1824d2526f925eff6324653.jpg'}]","[{'id': 10681, 'name': 'Nintendo', 'slug': 'nintendo', 'games_count': 1235, 'image_background': 'https://media.rawg.io/media/games/dd1/dd167cf8753db3748a975d61cc926e54.jpg'}, {'id': 12214, 'name': 'Data East', 'slug': 'data-east', 'games_count': 64, 'image_background': 'https://media.rawg.io/media/screenshots/765/765f5b0640d1049558d0a8cc769ba227.jpg'}, {'id': 10896, 'name': 'IREM', 'slug': 'irem', 'games_count': 50, 'image_background': 'https://media.rawg.io/media/screenshots/474/4749fa343d4c4143d034f4a4fe6f71d7.jpg'}]",,,"Kung-Fu Master is a side-scrolling beat 'em up game produced by Irem as arcade game in 1984 and distributed by Data East in North America. The game was initially released in Japan under the title of Spartan X (スパルタンX, Suparutan X) as a tie-in based on the Jackie Chan film Wheels on Meals (which was distributed under the same title in Japan); however, the game has no bearing on the plot of the film outside the names of the main protagonist and his girlfriend, allowing Irem to export the game without the license by simply changing the title.
The players control Thomas, the titular Kung-Fu Master, as he fights his way through the five levels of the Devil's Temple in order to rescue his girlfriend Sylvia from the mysterious crime boss Mr. X.",1.0,19.0,12.0,4.0,15.0,,,,,,,,,,,,,,,,,,,,
53203,wrecking-crew-1985,Wrecking Crew (1985),Wrecking Crew (1985),"<p>Wrecking Crew (レッキングクルー, Rekkingu Kurū) is a 1985 action game developed and published by Nintendo. It was designed by Yoshio Sakamoto and released as a launch title for the Nintendo Entertainment System.</p>",,[],1985-06-18,False,2024-01-24T09:18:33,https://media.rawg.io/media/screenshots/3b3/3b35557e84cad684cb54e17c8a421611.jpg,https://media.rawg.io/media/screenshots/531/53184d4559bc163e7fa1f74389084bbc.jpg,,3.8,4,"[{'id': 4, 'title': 'recommended', 'count': 14, 'percent': 70.0}, {'id': 3, 'title': 'meh', 'count': 5, 'percent': 25.0}, {'id': 5, 'title': 'exceptional', 'count': 1, 'percent': 5.0}]",50,0,7,0,2,0,0,,,,,0,0,0,0,19,196,[],,0,0,0,,20,0f0f0f,0f0f0f,"[{'platform': {'id': 7, 'name': 'Nintendo', 'slug': 'nintendo'}}]","[{'platform': {'id': 11, 'name': 'Wii', 'slug': 'wii', 'image': None, 'year_end': None, 'year_start': None, 'games_count': 2209, 'image_background': 'https://media.rawg.io/media/games/9ca/9ca31615beee447f3ae1dc9b3b736dce.jpg'}, 'released_at': '1985-06-18', 'requirements': {}}, {'platform': {'id': 8, 'name': 'Nintendo 3DS', 'slug': 'nintendo-3ds', 'image': None, 'year_end': None, 'year_start': None, 'games_count': 1682, 'image_background': 'https://media.rawg.io/media/screenshots/42d/42d770eb49f2ba01cd4045e0d92af7a9.jpg'}, 'released_at': '1985-06-18', 'requirements': {}}, {'platform': {'id': 24, 'name': 'Game Boy Advance', 'slug': 'game-boy-advance', 'image': None, 'year_end': None, 'year_start': None, 'games_count': 950, 'image_background': 'https://media.rawg.io/media/games/98c/98c87b286cd2a2ba942167df384a9bd3.jpg'}, 'released_at': '1985-06-18', 'requirements': {}}, {'platform': {'id': 10, 'name': 'Wii U', 'slug': 'wii-u', 'image': None, 'year_end': None, 'year_start': None, 'games_count': 1114, 'image_background': 'https://media.rawg.io/media/games/85c/85c8ae70e7cdf0105f06ef6bdce63b8b.jpg'}, 'released_at': '1985-06-18', 'requirements': {}}, {'platform': {'id': 49, 'name': 'NES', 'slug': 'nes', 'image': None, 'year_end': None, 'year_start': None, 'games_count': 1015, 'image_background': 'https://media.rawg.io/media/games/7c5/7c50dd0415eb0a57505c58d4e50e4d24.jpg'}, 'released_at': '1985-06-18', 'requirements': {}}]",[],"[{'id': 16257, 'name': 'Nintendo', 'slug': 'nintendo', 'games_count': 426, 'image_background': 'https://media.rawg.io/media/games/d9c/d9c8b7edc78391619566adfeb52b5a9a.jpg'}]","[{'id': 4, 'name': 'Action', 'slug': 'action', 'games_count': 186608, 'image_background': 'https://media.rawg.io/media/games/618/618c2031a07bbff6b4f611f10b6bcdbc.jpg'}, {'id': 7, 'name': 'Puzzle', 'slug': 'puzzle', 'games_count': 97333, 'image_background': 'https://media.rawg.io/media/games/9f4/9f418898f5415668ca47b5f4ab1ecfeb.jpg'}]","[{'id': 31, 'name': 'Singleplayer', 'slug': 'singleplayer', 'language': 'eng', 'games_count': 238404, 'image_background': 'https://media.rawg.io/media/games/26d/26d4437715bee60138dab4a7c8c59c92.jpg'}, {'id': 7, 'name': 'Multiplayer', 'slug': 'multiplayer', 'language': 'eng', 'games_count': 40505, 'image_background': 'https://media.rawg.io/media/games/021/021c4e21a1824d2526f925eff6324653.jpg'}]","[{'id': 10681, 'name': 'Nintendo', 'slug': 'nintendo', 'games_count': 1235, 'image_background': 'https://media.rawg.io/media/games/dd1/dd167cf8753db3748a975d61cc926e54.jpg'}]",,,"Wrecking Crew (レッキングクルー, Rekkingu Kurū) is a 1985 action game developed and published by Nintendo. It was designed by Yoshio Sakamoto and released as a launch title for the Nintendo Entertainment System.",4.0,13.0,10.0,6.0,17.0,,,,,,,,,,,,,,,,,,,,
53303,gauntlet-1985,Gauntlet (1985),Gauntlet (1985),"<p>Gauntlet is a fantasy-themed hack and slash 1985 arcade game by Atari Games. Released in October 1985, Atari ultimately sold a total of 7,848 Gauntlet video game arcade cabinets. It is noted as being one of the first multi-player dungeon crawl arcade games. The core design of Gauntlet comes from Dandy, a 1983 Atari 8-bit family title, which resulted in a lawsuit.</p>",,[],1985-10-01,False,2024-02-13T08:45:08,https://media.rawg.io/media/screenshots/024/02473c9b0003ab9a9f933388014df5b8.jpg,https://media.rawg.io/media/screenshots/0a5/0a503f6ede4c6d274b2c1ca77de20848.jpg,,3.62,4,"[{'id': 4, 'title': 'recommended', 'count': 8, 'percent': 50.0}, {'id': 5, 'title': 'exceptional', 'count': 3, 'percent': 18.75}, {'id': 3, 'title': 'meh', 'count': 3, 'percent': 18.75}, {'id': 1, 'title': 'skip', 'count': 2, 'percent': 12.5}]",49,0,32,0,18,0,0,,,,,0,0,0,0,15,352,[],,0,0,7,,16,0f0f0f,0f0f0f,"[{'platform': {'id': 1, 'name': 'PC', 'slug': 'pc'}}, {'platform': {'id': 3, 'name': 'Xbox', 'slug': 'xbox'}}, {'platform': {'id': 5, 'name': 'Apple Macintosh', 'slug': 'mac'}}, {'platform': {'id': 7, 'name': 'Nintendo', 'slug': 'nintendo'}}, {'platform': {'id': 9, 'name': 'Atari', 'slug': 'atari'}}, {'platform': {'id': 10, 'name': 'Commodore / Amiga', 'slug': 'commodore-amiga'}}, {'platform': {'id': 11, 'name': 'SEGA', 'slug': 'sega'}}]","[{'platform': {'id': 34, 'name': 'Atari ST', 'slug': 'atari-st', 'image': None, 'year_end': None, 'year_start': None, 'games_count': 836, 'image_background': 'https://media.rawg.io/media/games/637/637d7dc2f44d0f6ddd3ee2c0b1366962.jpg'}, 'released_at': '1985-10-01', 'requirements': {}}, {'platform': {'id': 74, 'name': 'SEGA Master System', 'slug': 'sega-master-system', 'image': None, 'year_end': None, 'year_start': None, 'games_count': 234, 'image_background': 'https://media.rawg.io/media/screenshots/a7f/a7f3cb62af2ee95d92065da88583338b.jpg'}, 'released_at': '1985-10-01', 'requirements': {}}, {'platform': {'id': 55, 'name': 'Classic Macintosh', 'slug': 'macintosh', 'image': None, 'year_end': None, 'year_start': None, 'games_count': 675, 'image_background': 'https://media.rawg.io/media/games/38a/38af969459ad6e5de116ec8a4a84218c.jpg'}, 'released_at': '1985-10-01', 'requirements': {}}, {'platform': {'id': 41, 'name': 'Apple II', 'slug': 'apple-ii', 'image': None, 'year_end': None, 'year_start': None, 'games_count': 424, 'image_background': 'https://media.rawg.io/media/screenshots/3d2/3d2bb57b39e2efa39d1c385585b2ea8b.jpg'}, 'released_at': '1985-10-01', 'requirements': {}}, {'platform': {'id': 25, 'name': 'Atari 8-bit', 'slug': 'atari-8-bit', 'image': None, 'year_end': None, 'year_start': None, 'games_count': 308, 'image_background': 'https://media.rawg.io/media/screenshots/038/0385a47d3a43b218204268af5361a19e.jpg'}, 'released_at': '1985-10-01', 'requirements': {}}, {'platform': {'id': 14, 'name': 'Xbox 360', 'slug': 'xbox360', 'image': None, 'year_end': None, 'year_start': None, 'games_count': 2805, 'image_background': 'https://media.rawg.io/media/games/4a0/4a0a1316102366260e6f38fd2a9cfdce.jpg'}, 'released_at': '1985-10-01', 'requirements': {}}, {'platform': {'id': 24, 'name': 'Game Boy Advance', 'slug': 'game-boy-advance', 'image': None, 'year_end': None, 'year_start': None, 'games_count': 950, 'image_background': 'https://media.rawg.io/media/games/98c/98c87b286cd2a2ba942167df384a9bd3.jpg'}, 'released_at': '1985-10-01', 'requirements': {}}, {'platform': {'id': 166, 'name': 'Commodore / Amiga', 'slug': 'commodore-amiga', 'image': None, 'year_end': None, 'year_start': None, 'games_count': 2083, 'image_background': 'https://media.rawg.io/media/games/cce/cce8bebe861f295003f5a9fe5b11233f.jpg'}, 'released_at': '1985-10-01', 'requirements': {}}, {'platform': {'id': 4, 'name': 'PC', 'slug': 'pc', 'image': None, 'year_end': None, 'year_start': None, 'games_count': 547196, 'image_background': 'https://media.rawg.io/media/games/6fc/6fcf4cd3b17c288821388e6085bb0fc9.jpg'}, 'released_at': '1985-10-01', 'requirements': {}}, {'platform': {'id': 49, 'name': 'NES', 'slug': 'nes', 'image': None, 'year_end': None, 'year_start': None, 'games_count': 1015, 'image_background': 'https://media.rawg.io/media/games/7c5/7c50dd0415eb0a57505c58d4e50e4d24.jpg'}, 'released_at': '1987-01-03', 'requirements': {}}]",[],"[{'id': 14828, 'name': 'Atari Games', 'slug': 'atari-games', 'games_count': 50, 'image_background': 'https://media.rawg.io/media/games/118/1189a10aafa6349dcdf24dfa2060fe57.jpg'}, {'id': 14998, 'name': 'Tengen', 'slug': 'tengen', 'games_count': 13, 'image_background': 'https://media.rawg.io/media/screenshots/ea9/ea94a39c7137b4bc6da80eb3c3144475.jpg'}]","[{'id': 4, 'name': 'Action', 'slug': 'action', 'games_count': 186608, 'image_background': 'https://media.rawg.io/media/games/618/618c2031a07bbff6b4f611f10b6bcdbc.jpg'}, {'id': 5, 'name': 'RPG', 'slug': 'role-playing-games-rpg', 'games_count': 59370, 'image_background': 'https://media.rawg.io/media/games/f6b/f6bed028b02369d4cab548f4f9337e81.jpg'}]","[{'id': 31, 'name': 'Singleplayer', 'slug': 'singleplayer', 'language': 'eng', 'games_count': 238404, 'image_background': 'https://media.rawg.io/media/games/26d/26d4437715bee60138dab4a7c8c59c92.jpg'}, {'id': 7, 'name': 'Multiplayer', 'slug': 'multiplayer', 'language': 'eng', 'games_count': 40505, 'image_background': 'https://media.rawg.io/media/games/021/021c4e21a1824d2526f925eff6324653.jpg'}, {'id': 411, 'name': 'cooperative', 'slug': 'cooperative', 'language': 'eng', 'games_count': 5855, 'image_background': 'https://media.rawg.io/media/games/1bd/1bd2657b81eb0c99338120ad444b24ff.jpg'}, {'id': 351, 'name': 'Two-player', 'slug': 'two-player', 'language': 'eng', 'games_count': 272, 'image_background': 'https://media.rawg.io/media/screenshots/1c1/1c1c7ba1dc364dc71e522acd045aa428.jpg'}, {'id': 415, 'name': '4-player multiplayer', 'slug': '4-player-multiplayer', 'language': 'eng', 'games_count': 1, 'image_background': 'https://media.rawg.io/media/screenshots/024/02473c9b0003ab9a9f933388014df5b8.jpg'}]","[{'id': 11527, 'name': 'U.S. Gold', 'slug': 'us-gold-2', 'games_count': 95, 'image_background': 'https://media.rawg.io/media/games/eaa/eaa94a1203b9b8fdf5b01575c9e91591.jpg'}, {'id': 19908, 'name': 'Tengen', 'slug': 'tengen', 'games_count': 21, 'image_background': 'https://media.rawg.io/media/screenshots/dad/dadf40a877d1b0557016e3ef7b29f35d.jpg'}]",,,"Gauntlet is a fantasy-themed hack and slash 1985 arcade game by Atari Games. Released in October 1985, Atari ultimately sold a total of 7,848 Gauntlet video game arcade cabinets. It is noted as being one of the first multi-player dungeon crawl arcade games. The core design of Gauntlet comes from Dandy, a 1983 Atari 8-bit family title, which resulted in a lawsuit.",3.0,21.0,6.0,7.0,10.0,2.0,,,,,,,,,,,,,,,,,,,
55052,kings-quest-ii,King's Quest II,King's Quest II,<p>King&#39;s Quest II: Romancing the Throne is the second installment in the King&#39;s Quest series of graphic adventure games by Sierra On-Line. It uses the same AGI game engine as King&#39;s Quest I: Quest for the Crown and features King Graham as the player character. The title is a spoof of the 1984 film Romancing the Stone.</p>,,[],1985-05-01,False,2025-04-15T19:26:41,https://media.rawg.io/media/screenshots/20b/20b59385d2df92c7f7d66e6e50d90d94.jpg,https://media.rawg.io/media/screenshots/a8a/a8ac025dc1bd828cae9b20c0b661c326.jpg,,3.6,4,"[{'id': 4, 'title': 'recommended', 'count': 4, 'percent': 40.0}, {'id': 3, 'title': 'meh', 'count': 3, 'percent': 30.0}, {'id': 5, 'title': 'exceptional', 'count': 2, 'percent': 20.0}, {'id': 1, 'title': 'skip', 'count': 1, 'percent': 10.0}]",46,0,12,0,7,0,0,,,,,0,0,0,0,10,204,['King’s Quest II: Romancing the Throne'],,0,0,6,,10,0f0f0f,0f0f0f,"[{'platform': {'id': 1, 'name': 'PC', 'slug': 'pc'}}, {'platform': {'id': 5, 'name': 'Apple Macintosh', 'slug': 'mac'}}, {'platform': {'id': 9, 'name': 'Atari', 'slug': 'atari'}}, {'platform': {'id': 10, 'name': 'Commodore / Amiga', 'slug': 'commodore-amiga'}}]","[{'platform': {'id': 166, 'name': 'Commodore / Amiga', 'slug': 'commodore-amiga', 'image': None, 'year_end': None, 'year_start': None, 'games_count': 2083, 'image_background': 'https://media.rawg.io/media/games/cce/cce8bebe861f295003f5a9fe5b11233f.jpg'}, 'released_at': '1985-05-01', 'requirements': {}}, {'platform': {'id': 55, 'name': 'Classic Macintosh', 'slug': 'macintosh', 'image': None, 'year_end': None, 'year_start': None, 'games_count': 675, 'image_background': 'https://media.rawg.io/media/games/38a/38af969459ad6e5de116ec8a4a84218c.jpg'}, 'released_at': '1985-05-01', 'requirements': {}}, {'platform': {'id': 41, 'name': 'Apple II', 'slug': 'apple-ii', 'image': None, 'year_end': None, 'year_start': None, 'games_count': 424, 'image_background': 'https://media.rawg.io/media/screenshots/3d2/3d2bb57b39e2efa39d1c385585b2ea8b.jpg'}, 'released_at': '1985-05-01', 'requirements': {}}, {'platform': {'id': 34, 'name': 'Atari ST', 'slug': 'atari-st', 'image': None, 'year_end': None, 'year_start': None, 'games_count': 836, 'image_background': 'https://media.rawg.io/media/games/637/637d7dc2f44d0f6ddd3ee2c0b1366962.jpg'}, 'released_at': '1985-05-01', 'requirements': {}}, {'platform': {'id': 4, 'name': 'PC', 'slug': 'pc', 'image': None, 'year_end': None, 'year_start': None, 'games_count': 547196, 'image_background': 'https://media.rawg.io/media/games/6fc/6fcf4cd3b17c288821388e6085bb0fc9.jpg'}, 'released_at': '1985-05-01', 'requirements': {}}]",[],"[{'id': 1497, 'name': 'Sierra Entertainment', 'slug': 'sierra-entertainment', 'games_count': 46, 'image_background': 'https://media.rawg.io/media/screenshots/e5c/e5c9f61c648beb97143c5d70396240fe.jpg'}, {'id': 7564, 'name': 'Sierra On-Line', 'slug': 'sierra-on-line', 'games_count': 119, 'image_background': 'https://media.rawg.io/media/screenshots/3d7/3d7f9baa0db4d6fb67a5e17c29bda07f.jpg'}]","[{'id': 3, 'name': 'Adventure', 'slug': 'adventure', 'games_count': 146481, 'image_background': 'https://media.rawg.io/media/games/b6b/b6b20bfc4b34e312dbc8aac53c95a348.jpg'}]","[{'id': 31, 'name': 'Singleplayer', 'slug': 'singleplayer', 'language': 'eng', 'games_count': 238404, 'image_background': 'https://media.rawg.io/media/games/26d/26d4437715bee60138dab4a7c8c59c92.jpg'}]","[{'id': 11434, 'name': 'Sierra On-Line', 'slug': 'sierra-on-line', 'games_count': 256, 'image_background': 'https://media.rawg.io/media/games/bc8/bc84784c2630f46ed2e675d0b4a59d62.jpg'}]",,,King's Quest II: Romancing the Throne is the second installment in the King's Quest series of graphic adventure games by Sierra On-Line. It uses the same AGI game engine as King's Quest I: Quest for the Crown and features King Graham as the player character. The title is a spoof of the 1984 film Romancing the Stone.,6.0,14.0,15.0,9.0,2.0,,,,,,,,,,,,,,,,,,,,
53202,twinbee,TwinBee,TwinBee,"<p>TwinBee (ツインビー, TsuinBī) is a cartoon-themed vertical-scrolling shoot &#39;em up game originally released by Konami as a coin-operated video game in 1985 in Japan. <br />
The Attakons are scheming to zap the professor&#39;s brain, retrieving his secret bio-nuclear sweetener formula. A formula these evil-doers will use to transform Earth into an inter-galactic ball of cotton candy - a favorite munchie for Attackon sweet tooths. To save the world from this sticky fate, you&#39;ll soar into action in your highly advanced Stinger jet fighter, with its awesome array of wacky weapons.</p>",,[],1985-03-05,False,2024-08-18T00:04:34,https://media.rawg.io/media/games/ff0/ff0b6e2a38f01d77a5404fd23904cb96.jpg,https://media.rawg.io/media/screenshots/81d/81dd3f79350ee5dcf0feaa0ee3008299.jpg,,3.7,4,"[{'id': 4, 'title': 'recommended', 'count': 7, 'percent': 70.0}, {'id': 3, 'title': 'meh', 'count': 3, 'percent': 30.0}]",38,0,7,0,2,0,0,,,,,0,0,0,0,10,108,"['Moero TwinBee: Cinnamon Hakase o Sukue!', 'TsuinBī', 'ツインビー']",,0,1,6,,10,0f0f0f,0f0f0f,"[{'platform': {'id': 7, 'name': 'Nintendo', 'slug': 'nintendo'}}]","[{'platform': {'id': 49, 'name': 'NES', 'slug': 'nes', 'image': None, 'year_end': None, 'year_start': None, 'games_count': 1015, 'image_background': 'https://media.rawg.io/media/games/7c5/7c50dd0415eb0a57505c58d4e50e4d24.jpg'}, 'released_at': '1985-03-05', 'requirements': {}}]",[],"[{'id': 1971, 'name': 'Konami Digital Entertainment', 'slug': 'konami-digital-entertainment', 'games_count': 467, 'image_background': 'https://media.rawg.io/media/games/d56/d56412cd670313ef306da64669c381d8.jpg'}]","[{'id': 4, 'name': 'Action', 'slug': 'action', 'games_count': 186608, 'image_background': 'https://media.rawg.io/media/games/618/618c2031a07bbff6b4f611f10b6bcdbc.jpg'}, {'id': 2, 'name': 'Shooter', 'slug': 'shooter', 'games_count': 59560, 'image_background': 'https://media.rawg.io/media/games/d58/d588947d4286e7b5e0e12e1bea7d9844.jpg'}]","[{'id': 411, 'name': 'cooperative', 'slug': 'cooperative', 'language': 'eng', 'games_count': 5855, 'image_background': 'https://media.rawg.io/media/games/1bd/1bd2657b81eb0c99338120ad444b24ff.jpg'}, {'id': 418, 'name': '2 players', 'slug': '2-players', 'language': 'eng', 'games_count': 1244, 'image_background': 'https://media.rawg.io/media/screenshots/f9a/f9ac59bb4af2ca2193ee9ffb979577cf.jpg'}]","[{'id': 10691, 'name': 'Konami', 'slug': 'konami', 'games_count': 788, 'image_background': 'https://media.rawg.io/media/games/85e/85e4c8a78cf9b82b5ed19262fe00c00f.jpg'}]",,,"TwinBee (ツインビー, TsuinBī) is a cartoon-themed vertical-scrolling shoot 'em up game originally released by Konami as a coin-operated video game in 1985 in Japan. 
The Attakons are scheming to zap the professor's brain, retrieving his secret bio-nuclear sweetener formula. A formula these evil-doers will use to transform Earth into an inter-galactic ball of cotton candy - a favorite munchie for Attackon sweet tooths. To save the world from this sticky fate, you'll soar into action in your highly advanced Stinger jet fighter, with its awesome array of wacky weapons.",2.0,8.0,8.0,6.0,14.0,,,,,,,,,,,,,1.0,Everyone,everyone,,,,,
53698,the-bards-tale-1985,The Bard's Tale (1985),The Bard's Tale (1985),"<p>Tales of the Unknown: Volume I, better known by its subtitle The Bard&#39;s Tale, is a fantasy role-playing video game designed and programmed by Michael Cranford, produced by Interplay Productions in 1985 and distributed by Electronic Arts. It spawned &quot;The Bard&#39;s Tale&quot; series of games and books.<br />
The Bard&#39;s Tale was noteworthy among other role-playing computer games for its unprecedented 3D graphics and partly animated character portraits. The concept of the Bard was also an innovation: &quot;The Bard was author Michael Cranford&#39;s contribution to the genre, a character who casts spells by singing one of six tunes.&quot;<br />
It was originally released for the Apple II, and was also ported to the Commodore 64, Apple IIgs, ZX Spectrum, Amstrad CPC, Amiga, Atari ST, MS-DOS, Macintosh, and NES platforms.</p>",,[],1985-01-01,False,2024-11-18T10:58:29,https://media.rawg.io/media/games/bcf/bcf9f87a3332bcac026bd79c58ff04c5.jpg,https://media.rawg.io/media/screenshots/8b8/8b83f80e37c2b0ea67a8d1809433b0af.jpg,,3.5,5,"[{'id': 5, 'title': 'exceptional', 'count': 5, 'percent': 41.67}, {'id': 1, 'title': 'skip', 'count': 3, 'percent': 25.0}, {'id': 4, 'title': 'recommended', 'count': 2, 'percent': 16.67}, {'id': 3, 'title': 'meh', 'count': 2, 'percent': 16.67}]",36,0,20,0,1,0,0,,,,,0,0,0,0,11,303,"[""The Bard's Tale: Tales of the Unknown""]",,0,0,0,,12,0f0f0f,0f0f0f,"[{'platform': {'id': 1, 'name': 'PC', 'slug': 'pc'}}, {'platform': {'id': 5, 'name': 'Apple Macintosh', 'slug': 'mac'}}, {'platform': {'id': 7, 'name': 'Nintendo', 'slug': 'nintendo'}}, {'platform': {'id': 9, 'name': 'Atari', 'slug': 'atari'}}, {'platform': {'id': 10, 'name': 'Commodore / Amiga', 'slug': 'commodore-amiga'}}]","[{'platform': {'id': 166, 'name': 'Commodore / Amiga', 'slug': 'commodore-amiga', 'image': None, 'year_end': None, 'year_start': None, 'games_count': 2083, 'image_background': 'https://media.rawg.io/media/games/cce/cce8bebe861f295003f5a9fe5b11233f.jpg'}, 'released_at': '1985-01-01', 'requirements': {}}, {'platform': {'id': 55, 'name': 'Classic Macintosh', 'slug': 'macintosh', 'image': None, 'year_end': None, 'year_start': None, 'games_count': 675, 'image_background': 'https://media.rawg.io/media/games/38a/38af969459ad6e5de116ec8a4a84218c.jpg'}, 'released_at': '1985-01-01', 'requirements': {}}, {'platform': {'id': 49, 'name': 'NES', 'slug': 'nes', 'image': None, 'year_end': None, 'year_start': None, 'games_count': 1015, 'image_background': 'https://media.rawg.io/media/games/7c5/7c50dd0415eb0a57505c58d4e50e4d24.jpg'}, 'released_at': '1985-01-01', 'requirements': {}}, {'platform': {'id': 41, 'name': 'Apple II', 'slug': 'apple-ii', 'image': None, 'year_end': None, 'year_start': None, 'games_count': 424, 'image_background': 'https://media.rawg.io/media/screenshots/3d2/3d2bb57b39e2efa39d1c385585b2ea8b.jpg'}, 'released_at': '1985-01-01', 'requirements': {}}, {'platform': {'id': 34, 'name': 'Atari ST', 'slug': 'atari-st', 'image': None, 'year_end': None, 'year_start': None, 'games_count': 836, 'image_background': 'https://media.rawg.io/media/games/637/637d7dc2f44d0f6ddd3ee2c0b1366962.jpg'}, 'released_at': '1985-01-01', 'requirements': {}}, {'platform': {'id': 4, 'name': 'PC', 'slug': 'pc', 'image': None, 'year_end': None, 'year_start': None, 'games_count': 547196, 'image_background': 'https://media.rawg.io/media/games/6fc/6fcf4cd3b17c288821388e6085bb0fc9.jpg'}, 'released_at': '1985-01-01', 'requirements': {}}]",[],"[{'id': 12539, 'name': 'Interplay Entertainment', 'slug': 'interplay-entertainment', 'games_count': 61, 'image_background': 'https://media.rawg.io/media/screenshots/5ad/5adb88d1c6b9fc4fde1f372c9b6e451b.jpg'}]","[{'id': 5, 'name': 'RPG', 'slug': 'role-playing-games-rpg', 'games_count': 59370, 'image_background': 'https://media.rawg.io/media/games/f6b/f6bed028b02369d4cab548f4f9337e81.jpg'}]","[{'id': 31, 'name': 'Singleplayer', 'slug': 'singleplayer', 'language': 'eng', 'games_count': 238404, 'image_background': 'https://media.rawg.io/media/games/26d/26d4437715bee60138dab4a7c8c59c92.jpg'}]","[{'id': 354, 'name': 'Electronic Arts', 'slug': 'electronic-arts', 'games_count': 1332, 'image_background': 'https://media.rawg.io/media/games/45b/45b57ed59de4b84effd8f6bc4b7bf515.jpg'}, {'id': 19708, 'name': 'Ariolasoft', 'slug': 'ariolasoft', 'games_count': 19, 'image_background': 'https://media.rawg.io/media/screenshots/f4b/f4b8e0b7e42013d1051cca8ce9c55df9.jpg'}]",,,"Tales of the Unknown: Volume I, better known by its subtitle The Bard's Tale, is a fantasy role-playing video game designed and programmed by Michael Cranford, produced by Interplay Productions in 1985 and distributed by Electronic Arts. It spawned ""The Bard's Tale"" series of games and books.
The Bard's Tale was noteworthy among other role-playing computer games for its unprecedented 3D graphics and partly animated character portraits. The concept of the Bard was also an innovation: ""The Bard was author Michael Cranford's contribution to the genre, a character who casts spells by singing one of six tunes.""
It was originally released for the Apple II, and was also ported to the Commodore 64, Apple IIgs, ZX Spectrum, Amstrad CPC, Amiga, Atari ST, MS-DOS, Macintosh, and NES platforms.",4.0,12.0,9.0,9.0,2.0,,,,,,,,,,,,,3.0,Teen,teen,,,,,
257225,ninja-kun-majou-no-bouken,Ninja-kun - Majou no Bouken,Ninja-kun - Majou no Bouken,"<p>Players take control of a ninja whose goal is to defeat enemy ninjas and demons on his way to a final showdown at the Demon Castle.</p>
<p>The game is a vertical platformer where the player can jump up to higher platforms and fall down to lower platforms. The goal of each stage is to eliminate every enemy before the time limit runs out. Players can throw shurikens to defeat enemies. Defeated enemies leave behind scrolls which when collected increase the players score.</p>",,[],1985-05-10,False,2024-10-01T13:08:01,https://media.rawg.io/media/games/185/185e1eb9b15d17434e7c65ff3c1f51aa.jpg,https://media.rawg.io/media/screenshots/e26/e2691f6b8b07a0d70798e0ce5b0a714f.jpg,,3.71,4,"[{'id': 4, 'title': 'recommended', 'count': 8, 'percent': 57.14}, {'id': 3, 'title': 'meh', 'count': 5, 'percent': 35.71}, {'id': 5, 'title': 'exceptional', 'count': 1, 'percent': 7.14}]",35,0,8,0,0,0,0,,,,,0,0,0,0,14,117,"['Arcade Archives - Ninja-Kun: Majou no Bouken', 'Arcade Archives: Ninja-Kid', 'Ninja']",,0,0,7,,14,0f0f0f,0f0f0f,"[{'platform': {'id': 2, 'name': 'PlayStation', 'slug': 'playstation'}}, {'platform': {'id': 7, 'name': 'Nintendo', 'slug': 'nintendo'}}, {'platform': {'id': 9, 'name': 'Atari', 'slug': 'atari'}}]","[{'platform': {'id': 49, 'name': 'NES', 'slug': 'nes', 'image': None, 'year_end': None, 'year_start': None, 'games_count': 1015, 'image_background': 'https://media.rawg.io/media/games/7c5/7c50dd0415eb0a57505c58d4e50e4d24.jpg'}, 'released_at': '1985-05-10', 'requirements': {}}, {'platform': {'id': 34, 'name': 'Atari ST', 'slug': 'atari-st', 'image': None, 'year_end': None, 'year_start': None, 'games_count': 836, 'image_background': 'https://media.rawg.io/media/games/637/637d7dc2f44d0f6ddd3ee2c0b1366962.jpg'}, 'released_at': '1985-05-10', 'requirements': {}}, {'platform': {'id': 18, 'name': 'PlayStation 4', 'slug': 'playstation4', 'image': None, 'year_end': None, 'year_start': None, 'games_count': 6916, 'image_background': 'https://media.rawg.io/media/games/f46/f466571d536f2e3ea9e815ad17177501.jpg'}, 'released_at': '1985-05-10', 'requirements': {}}, {'platform': {'id': 7, 'name': 'Nintendo Switch', 'slug': 'nintendo-switch', 'image': None, 'year_end': None, 'year_start': None, 'games_count': 5623, 'image_background': 'https://media.rawg.io/media/games/f99/f9979698c43fd84c3ab69280576dd3af.jpg'}, 'released_at': '1985-05-10', 'requirements': {}}]",[],"[{'id': 18965, 'name': 'Tose', 'slug': 'tose', 'games_count': 104, 'image_background': 'https://media.rawg.io/media/screenshots/b99/b99368acaff24dbda444f4ed613fedd1.jpg'}]","[{'id': 4, 'name': 'Action', 'slug': 'action', 'games_count': 186608, 'image_background': 'https://media.rawg.io/media/games/618/618c2031a07bbff6b4f611f10b6bcdbc.jpg'}, {'id': 83, 'name': 'Platformer', 'slug': 'platformer', 'games_count': 100869, 'image_background': 'https://media.rawg.io/media/games/f8c/f8c6a262ead4c16b47e1219310210eb3.jpg'}]","[{'id': 187, 'name': 'Demons', 'slug': 'demons', 'language': 'eng', 'games_count': 3063, 'image_background': 'https://media.rawg.io/media/screenshots/370/370895ff725d74e26b8d30389222b397.jpg'}, {'id': 8234, 'name': 'fall', 'slug': 'fall', 'language': 'eng', 'games_count': 3543, 'image_background': 'https://media.rawg.io/media/screenshots/e14/e14435ba87a1502f64f0618de88ea531.jpg'}]","[{'id': 10826, 'name': 'Jaleco', 'slug': 'jaleco', 'games_count': 69, 'image_background': 'https://media.rawg.io/media/screenshots/d27/d27f054ac7142ef377af66c62fdb681f.jpg'}]",,,"Players take control of a ninja whose goal is to defeat enemy ninjas and demons on his way to a final showdown at the Demon Castle.

The game is a vertical platformer where the player can jump up to higher platforms and fall down to lower platforms. The goal of each stage is to eliminate every enemy before the time limit runs out. Players can throw shurikens to defeat enemies. Defeated enemies leave behind scrolls which when collected increase the players score.",1.0,9.0,6.0,3.0,16.0,,,,,,,,,,,,,1.0,Everyone,everyone,,,,,
54069,star-force,Star Force,Star Force,"<p>Star Force (スターフォース, Sutā Fōsu), released in North America by Video Ware in the arcades as Mega Force, is a vertically scrolling shooter released in 1984 by Tehkan.<br />
Moving in the darkness of the cosmos is an evil and mysterious planet named GORDESS. Everyone gave up fighting against GORDESS because of its awesome power, until one day a soldier riding a space patroller challenged GORDESS to fight! Join forces with STAR FORCE and travel across the galaxy in order to defeat GORDESS!</p>",,[],1985-01-01,False,2023-10-11T19:37:43,https://media.rawg.io/media/games/2c8/2c80a2cfdb4fc56c09b2f05932e31b13.jpg,https://media.rawg.io/media/screenshots/f08/f082e9a0fb4b15a803abf42d2c294260.jpg,,3.45,4,"[{'id': 4, 'title': 'recommended', 'count': 5, 'percent': 45.45}, {'id': 3, 'title': 'meh', 'count': 4, 'percent': 36.36}, {'id': 5, 'title': 'exceptional', 'count': 1, 'percent': 9.09}, {'id': 1, 'title': 'skip', 'count': 1, 'percent': 9.09}]",35,0,11,0,0,0,0,,,,,0,0,0,0,10,260,"['Mega Force', 'Sutā Fōsu', 'スターフォース']",,0,0,1,,11,0f0f0f,0f0f0f,"[{'platform': {'id': 7, 'name': 'Nintendo', 'slug': 'nintendo'}}]","[{'platform': {'id': 49, 'name': 'NES', 'slug': 'nes', 'image': None, 'year_end': None, 'year_start': None, 'games_count': 1015, 'image_background': 'https://media.rawg.io/media/games/7c5/7c50dd0415eb0a57505c58d4e50e4d24.jpg'}, 'released_at': '1985-01-01', 'requirements': {}}]",[],"[{'id': 14158, 'name': 'HUDSON', 'slug': 'hudson', 'games_count': 16, 'image_background': 'https://media.rawg.io/media/games/a62/a627b2a7cb00724d3f9e13239b116864.jpg'}, {'id': 26660, 'name': 'Tehkan', 'slug': 'tehkan', 'games_count': 2, 'image_background': 'https://media.rawg.io/media/screenshots/ada/adaf2a1c4b631509dc5ec000c599778f.jpg'}]","[{'id': 4, 'name': 'Action', 'slug': 'action', 'games_count': 186608, 'image_background': 'https://media.rawg.io/media/games/618/618c2031a07bbff6b4f611f10b6bcdbc.jpg'}, {'id': 2, 'name': 'Shooter', 'slug': 'shooter', 'games_count': 59560, 'image_background': 'https://media.rawg.io/media/games/d58/d588947d4286e7b5e0e12e1bea7d9844.jpg'}]","[{'id': 7, 'name': 'Multiplayer', 'slug': 'multiplayer', 'language': 'eng', 'games_count': 40505, 'image_background': 'https://media.rawg.io/media/games/021/021c4e21a1824d2526f925eff6324653.jpg'}, {'id': 3803, 'name': 'boss', 'slug': 'boss', 'language': 'eng', 'games_count': 3108, 'image_background': 'https://media.rawg.io/media/games/1d3/1d3cd86dfbb7e02ffe502a69838b5860.jpeg'}, {'id': 1774, 'name': 'spaceship', 'slug': 'spaceship', 'language': 'eng', 'games_count': 1413, 'image_background': 'https://media.rawg.io/media/screenshots/248/248f9788ae9dbbe717d15a5866721866.jpg'}, {'id': 365, 'name': 'Two Players', 'slug': 'two-players', 'language': 'eng', 'games_count': 19, 'image_background': 'https://media.rawg.io/media/screenshots/a65/a6596e72e293821e2fcabaf1fa9871d2.jpg'}]","[{'id': 10850, 'name': 'Tecmo', 'slug': 'tecmo', 'games_count': 91, 'image_background': 'https://media.rawg.io/media/screenshots/923/923af31543ea141f67665363469d0c79.jpg'}]",,,"Star Force (スターフォース, Sutā Fōsu), released in North America by Video Ware in the arcades as Mega Force, is a vertically scrolling shooter released in 1984 by Tehkan.
Moving in the darkness of the cosmos is an evil and mysterious planet named GORDESS. Everyone gave up fighting against GORDESS because of its awesome power, until one day a soldier riding a space patroller challenged GORDESS to fight! Join forces with STAR FORCE and travel across the galaxy in order to defeat GORDESS!",2.0,8.0,7.0,5.0,13.0,,,,,,,,,,,,,1.0,Everyone,everyone,,,,,
257224,binary-land,Binary Land,Binary Land,"<p>In this game, you have to guide two penguins, one male and one female, through top-down vertical levels. The penguins are in love with each other and must be re-united! The penguins start on opposite sides, separated by walls, bricks, and other obstacles. You take control of one of the penguins. The other makes exactly the same movements as you, but in the opposite direction. So if for example you see an enemy to the left of the penguin you are not controlling, you have to fire to the right in order to hit it. You have to reach the top of the level in such a way that the two penguins will arrive at the top square at the same time, coming from opposite sides. Enemies such as spiders will put web on your way or attack you. You can kill them for points. There are various power-ups that appear randomly on the levels. You should also be careful not to run out of time.</p>",,[],1985-12-19,False,2023-10-11T19:37:44,https://media.rawg.io/media/games/92f/92fe0049876c299962e655250ac3c04b.jpg,https://media.rawg.io/media/screenshots/76f/76f263f6e5c45608f8ffa700b79eb994.jpg,,3.54,4,"[{'id': 4, 'title': 'recommended', 'count': 7, 'percent': 53.85}, {'id': 3, 'title': 'meh', 'count': 6, 'percent': 46.15}]",32,0,5,0,0,0,0,,,,,0,0,0,0,12,83,[],,0,0,0,,13,0f0f0f,0f0f0f,"[{'platform': {'id': 7, 'name': 'Nintendo', 'slug': 'nintendo'}}]","[{'platform': {'id': 49, 'name': 'NES', 'slug': 'nes', 'image': None, 'year_end': None, 'year_start': None, 'games_count': 1015, 'image_background': 'https://media.rawg.io/media/games/7c5/7c50dd0415eb0a57505c58d4e50e4d24.jpg'}, 'released_at': '1985-12-19', 'requirements': {}}]",[],"[{'id': 14652, 'name': 'Hudson Soft', 'slug': 'hudson-soft', 'games_count': 114, 'image_background': 'https://media.rawg.io/media/screenshots/e87/e87bd8b2b7cff248c4d1af8264d25d09.jpg'}]","[{'id': 4, 'name': 'Action', 'slug': 'action', 'games_count': 186608, 'image_background': 'https://media.rawg.io/media/games/618/618c2031a07bbff6b4f611f10b6bcdbc.jpg'}, {'id': 7, 'name': 'Puzzle', 'slug': 'puzzle', 'games_count': 97333, 'image_background': 'https://media.rawg.io/media/games/9f4/9f418898f5415668ca47b5f4ab1ecfeb.jpg'}]","[{'id': 1897, 'name': 'fire', 'slug': 'fire', 'language': 'eng', 'games_count': 6124, 'image_background': 'https://media.rawg.io/media/screenshots/983/98387b9caeb7496d3e8df567ef4f762b.jpeg'}, {'id': 2876, 'name': 'square', 'slug': 'square', 'language': 'eng', 'games_count': 1396, 'image_background': 'https://media.rawg.io/media/screenshots/480/480e1719f9931da05dedcc616a9bde93.jpg'}, {'id': 4226, 'name': 'penguin', 'slug': 'penguin', 'language': 'eng', 'games_count': 580, 'image_background': 'https://media.rawg.io/media/screenshots/cb8/cb80b8683fc9d875478c9d699d7d8b76.jpg'}]","[{'id': 20740, 'name': 'Hudson Soft Company', 'slug': 'hudson-soft-company-ltd', 'games_count': 7, 'image_background': 'https://media.rawg.io/media/screenshots/723/723d4ba3905ca7632ddd17a986d20986.jpg'}]",,,"In this game, you have to guide two penguins, one male and one female, through top-down vertical levels. The penguins are in love with each other and must be re-united! The penguins start on opposite sides, separated by walls, bricks, and other obstacles. You take control of one of the penguins. The other makes exactly the same movements as you, but in the opposite direction. So if for example you see an enemy to the left of the penguin you are not controlling, you have to fire to the right in order to hit it. You have to reach the top of the level in such a way that the two penguins will arrive at the top square at the same time, coming from opposite sides. Enemies such as spiders will put web on your way or attack you. You can kill them for points. There are various power-ups that appear randomly on the levels. You should also be careful not to run out of time.",2.0,10.0,6.0,3.0,11.0,,,,,,,,,,,,,,,,,,,,
57912,commando,Commando,Commando,"<p>Commando, originally released as Senjō no Ōkami (戦場の狼, lit. &quot;Wolf of the Battlefield&quot;), is a run and gun, vertically scrolling arcade game released in 1985. Its influence can be seen in various later games in the shooter game genre. Versions were released for various home computers and consoles. The game also appears on Capcom Classics Collection, Activision Anthology, and on the Wii Virtual Console Arcade, as well as Capcom Arcade Cabinet for PlayStation 3 and Xbox 360.</p>",,[],1985-04-01,False,2019-08-28T21:59:39,https://media.rawg.io/media/screenshots/b91/b9191c864e246a00cdf6c7d0fe0ae774.jpg,https://media.rawg.io/media/screenshots/b37/b3751ead4805ef23404f726acec092f1.jpg,,3.4,4,"[{'id': 4, 'title': 'recommended', 'count': 6, 'percent': 60.0}, {'id': 3, 'title': 'meh', 'count': 3, 'percent': 30.0}, {'id': 1, 'title': 'skip', 'count': 1, 'percent': 10.0}]",32,0,30,0,18,0,0,,,,,0,0,0,0,9,274,[],,0,0,0,,10,0f0f0f,0f0f0f,"[{'platform': {'id': 2, 'name': 'PlayStation', 'slug': 'playstation'}}, {'platform': {'id': 3, 'name': 'Xbox', 'slug': 'xbox'}}, {'platform': {'id': 4, 'name': 'iOS', 'slug': 'ios'}}, {'platform': {'id': 8, 'name': 'Android', 'slug': 'android'}}, {'platform': {'id': 5, 'name': 'Apple Macintosh', 'slug': 'mac'}}, {'platform': {'id': 7, 'name': 'Nintendo', 'slug': 'nintendo'}}, {'platform': {'id': 9, 'name': 'Atari', 'slug': 'atari'}}, {'platform': {'id': 10, 'name': 'Commodore / Amiga', 'slug': 'commodore-amiga'}}]","[{'platform': {'id': 11, 'name': 'Wii', 'slug': 'wii', 'image': None, 'year_end': None, 'year_start': None, 'games_count': 2209, 'image_background': 'https://media.rawg.io/media/games/9ca/9ca31615beee447f3ae1dc9b3b736dce.jpg'}, 'released_at': '1985-04-01', 'requirements': {}}, {'platform': {'id': 14, 'name': 'Xbox 360', 'slug': 'xbox360', 'image': None, 'year_end': None, 'year_start': None, 'games_count': 2805, 'image_background': 'https://media.rawg.io/media/games/4a0/4a0a1316102366260e6f38fd2a9cfdce.jpg'}, 'released_at': '1985-04-01', 'requirements': {}}, {'platform': {'id': 166, 'name': 'Commodore / Amiga', 'slug': 'commodore-amiga', 'image': None, 'year_end': None, 'year_start': None, 'games_count': 2083, 'image_background': 'https://media.rawg.io/media/games/cce/cce8bebe861f295003f5a9fe5b11233f.jpg'}, 'released_at': '1985-04-01', 'requirements': {}}, {'platform': {'id': 3, 'name': 'iOS', 'slug': 'ios', 'image': None, 'year_end': None, 'year_start': None, 'games_count': 77392, 'image_background': 'https://media.rawg.io/media/games/5fa/5fae5fec3c943179e09da67a4427d68f.jpg'}, 'released_at': '1985-04-01', 'requirements': {}}, {'platform': {'id': 16, 'name': 'PlayStation 3', 'slug': 'playstation3', 'image': None, 'year_end': None, 'year_start': None, 'games_count': 3167, 'image_background': 'https://media.rawg.io/media/games/736/73619bd336c894d6941d926bfd563946.jpg'}, 'released_at': '1985-04-01', 'requirements': {}}, {'platform': {'id': 21, 'name': 'Android', 'slug': 'android', 'image': None, 'year_end': None, 'year_start': None, 'games_count': 52427, 'image_background': 'https://media.rawg.io/media/games/198/1988a337305e008b41d7f536ce9b73f6.jpg'}, 'released_at': '1985-04-01', 'requirements': {}}, {'platform': {'id': 23, 'name': 'Atari 2600', 'slug': 'atari-2600', 'image': None, 'year_end': None, 'year_start': None, 'games_count': 294, 'image_background': 'https://media.rawg.io/media/screenshots/ff6/ff623993a854663931c1e78d72a16a5a.jpg'}, 'released_at': '1985-04-01', 'requirements': {}}, {'platform': {'id': 28, 'name': 'Atari 7800', 'slug': 'atari-7800', 'image': None, 'year_end': None, 'year_start': None, 'games_count': 64, 'image_background': 'https://media.rawg.io/media/screenshots/565/56504b28b184dbc630a7de118e39d822.jpg'}, 'released_at': '1985-04-01', 'requirements': {}}, {'platform': {'id': 34, 'name': 'Atari ST', 'slug': 'atari-st', 'image': None, 'year_end': None, 'year_start': None, 'games_count': 836, 'image_background': 'https://media.rawg.io/media/games/637/637d7dc2f44d0f6ddd3ee2c0b1366962.jpg'}, 'released_at': '1985-04-01', 'requirements': {}}, {'platform': {'id': 41, 'name': 'Apple II', 'slug': 'apple-ii', 'image': None, 'year_end': None, 'year_start': None, 'games_count': 424, 'image_background': 'https://media.rawg.io/media/screenshots/3d2/3d2bb57b39e2efa39d1c385585b2ea8b.jpg'}, 'released_at': '1985-04-01', 'requirements': {}}, {'platform': {'id': 49, 'name': 'NES', 'slug': 'nes', 'image': None, 'year_end': None, 'year_start': None, 'games_count': 1015, 'image_background': 'https://media.rawg.io/media/games/7c5/7c50dd0415eb0a57505c58d4e50e4d24.jpg'}, 'released_at': '1985-04-01', 'requirements': {}}]",[],"[{'id': 3678, 'name': 'Capcom', 'slug': 'capcom', 'games_count': 466, 'image_background': 'https://media.rawg.io/media/games/cee/cee577e2097a59b77193fe2bce94667d.jpg'}]","[{'id': 4, 'name': 'Action', 'slug': 'action', 'games_count': 186608, 'image_background': 'https://media.rawg.io/media/games/618/618c2031a07bbff6b4f611f10b6bcdbc.jpg'}]","[{'id': 31, 'name': 'Singleplayer', 'slug': 'singleplayer', 'language': 'eng', 'games_count': 238404, 'image_background': 'https://media.rawg.io/media/games/26d/26d4437715bee60138dab4a7c8c59c92.jpg'}]","[{'id': 2150, 'name': 'Capcom', 'slug': 'capcom', 'games_count': 623, 'image_background': 'https://media.rawg.io/media/games/21c/21cc15d233117c6809ec86870559e105.jpg'}]",,,"Commando, originally released as Senjō no Ōkami (戦場の狼, lit. ""Wolf of the Battlefield""), is a run and gun, vertically scrolling arcade game released in 1985. Its influence can be seen in various later games in the shooter game genre. Versions were released for various home computers and consoles. The game also appears on Capcom Classics Collection, Activision Anthology, and on the Wii Virtual Console Arcade, as well as Capcom Arcade Cabinet for PlayStation 3 and Xbox 360.",3.0,15.0,5.0,5.0,4.0,,,,,,,,,,,,,,,,,,,,
33114,winter-games,Winter Games,Winter Games,"<p>The Winter Games are declared open on your Mac now!<br />
Winter Games offers you a modern look as well as the classic retro look of the 80ies. Play alone against the computer or with up to three friends in multiplayer. You may pick between countries, starters, difficulty levels and the controls are freely configurable for each player, it doesn’t matter if you prefer to play with keyboard, with mouse, joystick or a gamepad – even mats are supported.<br />
Get into your snow boots, grab a joystick and break all records to get your medal!<br />
Features:<br />
• 10 different kinds of sports including Figure Skating, Downhill, Biathlon and Bobsled amongst others<br />
• Play against the computer or against friends<br />
• Single and team competitions<br />
• Retro or modern visuals<br />
• Adjustable controls with up to 4 players at one Mac</p>",,[],1985-01-03,False,2025-04-15T19:29:13,https://media.rawg.io/media/screenshots/4ac/4ac93ead77ba82db9d8c88b03db65ccc_iBYUh2C.jpg,https://media.rawg.io/media/screenshots/129/129f2c1e567a092fe414e77fc507ffa3_NrPonOM.jpg,http://www.rune-soft.com/product.php?product_id=147,4.2,4,"[{'id': 4, 'title': 'recommended', 'count': 6, 'percent': 60.0}, {'id': 5, 'title': 'exceptional', 'count': 3, 'percent': 30.0}, {'id': 3, 'title': 'meh', 'count': 1, 'percent': 10.0}]",32,0,21,0,6,0,0,,,,,0,0,0,0,10,163,['ウインターゲームズ'],,0,0,0,,10,0f0f0f,0f0f0f,"[{'platform': {'id': 1, 'name': 'PC', 'slug': 'pc'}}, {'platform': {'id': 5, 'name': 'Apple Macintosh', 'slug': 'mac'}}, {'platform': {'id': 7, 'name': 'Nintendo', 'slug': 'nintendo'}}, {'platform': {'id': 9, 'name': 'Atari', 'slug': 'atari'}}, {'platform': {'id': 10, 'name': 'Commodore / Amiga', 'slug': 'commodore-amiga'}}]","[{'platform': {'id': 4, 'name': 'PC', 'slug': 'pc', 'image': None, 'year_end': None, 'year_start': None, 'games_count': 547196, 'image_background': 'https://media.rawg.io/media/games/6fc/6fcf4cd3b17c288821388e6085bb0fc9.jpg'}, 'released_at': '1985-01-03', 'requirements': {}}, {'platform': {'id': 5, 'name': 'macOS', 'slug': 'macos', 'image': None, 'year_end': None, 'year_start': None, 'games_count': 106181, 'image_background': 'https://media.rawg.io/media/games/6fc/6fcf4cd3b17c288821388e6085bb0fc9.jpg'}, 'released_at': '1985-01-03', 'requirements': {}}, {'platform': {'id': 11, 'name': 'Wii', 'slug': 'wii', 'image': None, 'year_end': None, 'year_start': None, 'games_count': 2209, 'image_background': 'https://media.rawg.io/media/games/9ca/9ca31615beee447f3ae1dc9b3b736dce.jpg'}, 'released_at': '1985-01-03', 'requirements': {}}, {'platform': {'id': 23, 'name': 'Atari 2600', 'slug': 'atari-2600', 'image': None, 'year_end': None, 'year_start': None, 'games_count': 294, 'image_background': 'https://media.rawg.io/media/screenshots/ff6/ff623993a854663931c1e78d72a16a5a.jpg'}, 'released_at': '1985-01-03', 'requirements': {}}, {'platform': {'id': 28, 'name': 'Atari 7800', 'slug': 'atari-7800', 'image': None, 'year_end': None, 'year_start': None, 'games_count': 64, 'image_background': 'https://media.rawg.io/media/screenshots/565/56504b28b184dbc630a7de118e39d822.jpg'}, 'released_at': '1985-01-03', 'requirements': {}}, {'platform': {'id': 34, 'name': 'Atari ST', 'slug': 'atari-st', 'image': None, 'year_end': None, 'year_start': None, 'games_count': 836, 'image_background': 'https://media.rawg.io/media/games/637/637d7dc2f44d0f6ddd3ee2c0b1366962.jpg'}, 'released_at': '1985-01-03', 'requirements': {}}, {'platform': {'id': 41, 'name': 'Apple II', 'slug': 'apple-ii', 'image': None, 'year_end': None, 'year_start': None, 'games_count': 424, 'image_background': 'https://media.rawg.io/media/screenshots/3d2/3d2bb57b39e2efa39d1c385585b2ea8b.jpg'}, 'released_at': '1985-01-03', 'requirements': {}}, {'platform': {'id': 49, 'name': 'NES', 'slug': 'nes', 'image': None, 'year_end': None, 'year_start': None, 'games_count': 1015, 'image_background': 'https://media.rawg.io/media/games/7c5/7c50dd0415eb0a57505c58d4e50e4d24.jpg'}, 'released_at': '1985-01-03', 'requirements': {}}, {'platform': {'id': 55, 'name': 'Classic Macintosh', 'slug': 'macintosh', 'image': None, 'year_end': None, 'year_start': None, 'games_count': 675, 'image_background': 'https://media.rawg.io/media/games/38a/38af969459ad6e5de116ec8a4a84218c.jpg'}, 'released_at': '1985-01-03', 'requirements': {}}, {'platform': {'id': 166, 'name': 'Commodore / Amiga', 'slug': 'commodore-amiga', 'image': None, 'year_end': None, 'year_start': None, 'games_count': 2083, 'image_background': 'https://media.rawg.io/media/games/cce/cce8bebe861f295003f5a9fe5b11233f.jpg'}, 'released_at': '1985-01-03', 'requirements': {}}]","[{'id': 292861, 'url': '', 'store': {'id': 4, 'name': 'App Store', 'slug': 'apple-appstore', 'domain': 'apps.apple.com', 'games_count': 75582, 'image_background': 'https://media.rawg.io/media/games/0bd/0bd5646a3d8ee0ac3314bced91ea306d.jpg'}}]","[{'id': 2546, 'name': 'Runesoft', 'slug': 'runesoft', 'games_count': 31, 'image_background': 'https://media.rawg.io/media/screenshots/a95/a958092e991caecab4e443c36de93764.jpg'}, {'id': 15335, 'name': 'Designer Software', 'slug': 'designer-software', 'games_count': 5, 'image_background': 'https://media.rawg.io/media/screenshots/58e/58e60c30aa785e5a9b5a53f0d76a043c.jpg'}, {'id': 16060, 'name': 'Action Graphics', 'slug': 'action-graphics', 'games_count': 1, 'image_background': 'https://media.rawg.io/media/screenshots/4ac/4ac93ead77ba82db9d8c88b03db65ccc_iBYUh2C.jpg'}]","[{'id': 15, 'name': 'Sports', 'slug': 'sports', 'games_count': 22123, 'image_background': 'https://media.rawg.io/media/games/5eb/5eb49eb2fa0738fdb5bacea557b1bc57.jpg'}, {'id': 11, 'name': 'Arcade', 'slug': 'arcade', 'games_count': 22658, 'image_background': 'https://media.rawg.io/media/games/556/556157feed9ee1f55f2b12b2973e30a3.jpg'}, {'id': 40, 'name': 'Casual', 'slug': 'casual', 'games_count': 61303, 'image_background': 'https://media.rawg.io/media/games/e44/e445335e611b4ccf03af71fffcbd30a4.jpg'}]","[{'id': 74, 'name': 'Retro', 'slug': 'retro', 'language': 'eng', 'games_count': 43195, 'image_background': 'https://media.rawg.io/media/games/e04/e04963f3ac4c4fa83a1dc0b9231e50db.jpg'}, {'id': 744, 'name': 'friends', 'slug': 'friends', 'language': 'eng', 'games_count': 15177, 'image_background': 'https://media.rawg.io/media/games/9f1/9f1891779cb20f44de93cef33b067e50.jpg'}, {'id': 980, 'name': 'winter', 'slug': 'winter', 'language': 'eng', 'games_count': 1597, 'image_background': 'https://media.rawg.io/media/screenshots/189/189515a8aaf4961d950f0c350b3056d9.jpg'}, {'id': 706, 'name': 'gamepad', 'slug': 'gamepad', 'language': 'eng', 'games_count': 2456, 'image_background': 'https://media.rawg.io/media/screenshots/dd5/dd5113a586932255f5c8f3610d4d7999.jpg'}, {'id': 1127, 'name': 'keyboard', 'slug': 'keyboard', 'language': 'eng', 'games_count': 2884, 'image_background': 'https://media.rawg.io/media/screenshots/819/819457d115dd09a11a0df8a08a370f84.jpg'}]","[{'id': 2251, 'name': 'Runesoft', 'slug': 'runesoft-gmbh', 'games_count': 31, 'image_background': 'https://media.rawg.io/media/screenshots/52a/52a1c85dfbd010cfd08b49506c055993.jpeg'}, {'id': 11929, 'name': 'Epyx', 'slug': 'epyx', 'games_count': 44, 'image_background': 'https://media.rawg.io/media/screenshots/189/1890b76089fc24b04ca7ce2fc3299274.jpg'}]",,,"The Winter Games are declared open on your Mac now!
Winter Games offers you a modern look as well as the classic retro look of the 80ies. Play alone against the computer or with up to three friends in multiplayer. You may pick between countries, starters, difficulty levels and the controls are freely configurable for each player, it doesn’t matter if you prefer to play with keyboard, with mouse, joystick or a gamepad – even mats are supported.
Get into your snow boots, grab a joystick and break all records to get your medal!
Features:
• 10 different kinds of sports including Figure Skating, Downhill, Biathlon and Bobsled amongst others
• Play against the computer or against friends
• Single and team competitions
• Retro or modern visuals
• Adjustable controls with up to 4 players at one Mac",1.0,14.0,7.0,3.0,7.0,,,,,,,,,,,,,,,,,,,,
46658,saboteur,Saboteur!,Saboteur!,"Saboteur! is classic retro game hit made by Clive Townsend in 1985 for ZX Spectrum 8-bit computer. In 1985 Saboteur! received prestigious award ""The Crash Smash"" from Crash magazine and was high-rated with 93% score. <br/><br/>Now after 33 years SimFabric in collaboration with Clive Townsend prepared special remastered version of Saboteur! for PC.<br/><br/>In the game you'll experience original mission from 1985 version. Additionally the story will contiue with new levels and enemies. Now you'll be able to know more about Saboteur and his dark and secret story.<br/><br/><br/><br/>- Original mission from 1985 in two versions ZX Spectrum and Commodore 64<br/>- New levels<br/>- New enemies<br/>- New story<br/>- New soundtrack and music<br/>- Over 10 hours of gameplay<br/>- 5 times bigger than original version<br/>- 9 retro consoles graphic modes<br/>- 8 language versions<br/>- 22 special achievments<br/>- Secrets and easter eggs to reveal",,[],1985-01-01,False,2023-02-08T10:51:26,https://media.rawg.io/media/screenshots/9c0/9c02386402399f6bc420626f9a9095ce.jpg,https://media.rawg.io/media/screenshots/21e/21e123e598a31a99493b354f8b2f41a8.jpg,http://www.clivetownsend.com,3.33,4,"[{'id': 4, 'title': 'recommended', 'count': 2, 'percent': 33.33}, {'id': 3, 'title': 'meh', 'count': 2, 'percent': 33.33}, {'id': 5, 'title': 'exceptional', 'count': 1, 'percent': 16.67}, {'id': 1, 'title': 'skip', 'count': 1, 'percent': 16.67}]",29,0,24,0,1,0,0,,,,,0,0,0,0,6,325,[],,0,0,1,,6,0f0f0f,0f0f0f,"[{'platform': {'id': 1, 'name': 'PC', 'slug': 'pc'}}, {'platform': {'id': 2, 'name': 'PlayStation', 'slug': 'playstation'}}, {'platform': {'id': 4, 'name': 'iOS', 'slug': 'ios'}}, {'platform': {'id': 7, 'name': 'Nintendo', 'slug': 'nintendo'}}, {'platform': {'id': 10, 'name': 'Commodore / Amiga', 'slug': 'commodore-amiga'}}]","[{'platform': {'id': 18, 'name': 'PlayStation 4', 'slug': 'playstation4', 'image': None, 'year_end': None, 'year_start': None, 'games_count': 6916, 'image_background': 'https://media.rawg.io/media/games/f46/f466571d536f2e3ea9e815ad17177501.jpg'}, 'released_at': '2020-01-31', 'requirements': {}}, {'platform': {'id': 166, 'name': 'Commodore / Amiga', 'slug': 'commodore-amiga', 'image': None, 'year_end': None, 'year_start': None, 'games_count': 2083, 'image_background': 'https://media.rawg.io/media/games/cce/cce8bebe861f295003f5a9fe5b11233f.jpg'}, 'released_at': '1985-01-01', 'requirements': {}}, {'platform': {'id': 7, 'name': 'Nintendo Switch', 'slug': 'nintendo-switch', 'image': None, 'year_end': None, 'year_start': None, 'games_count': 5623, 'image_background': 'https://media.rawg.io/media/games/f99/f9979698c43fd84c3ab69280576dd3af.jpg'}, 'released_at': '2018-11-09', 'requirements': {}}, {'platform': {'id': 3, 'name': 'iOS', 'slug': 'ios', 'image': None, 'year_end': None, 'year_start': None, 'games_count': 77392, 'image_background': 'https://media.rawg.io/media/games/5fa/5fae5fec3c943179e09da67a4427d68f.jpg'}, 'released_at': '2017-09-10', 'requirements': {'minimum': 'iPad 2 Wifi, iPad 2 3G, iPhone 4S, iPad Third Gen, iPad Third Gen 4G, iPhone 5, iPod Touch Fifth Gen, iPad Fourth Gen, iPad Fourth Gen 4G, iPad Mini, iPad Mini 4G, iPhone 5c, iPhone 5s, iPad Air, iPad Air Cellular, iPad Mini Retina, iPad Mini Retina Cellular, iPhone 6, iPhone 6 Plus, iPad Air 2, iPad Air 2 Cellular, iPad Mini 3, iPad Mini 3 Cellular, iPod Touch Sixth Gen, iPhone 6s, iPhone 6s Plus, iPad Mini 4, iPad Mini 4 Cellular, iPad Pro, iPad Pro Cellular, iPad Pro 9.7, iPad Pro 9.7 Cellular, iPhone SE, iPhone 7, iPhone 7 Plus, iPad 6 1 1, iPad 6 1 2, iPad 7 1, iPad 7 2, iPad 7 3, iPad 7 4, iPhone 8, iPhone 8 Plus, iPhone X, iPad 7 5, iPad 7 6, iPhone X S, iPhone X S Max, iPhone X R, iPad 8 1 2, iPad 8 3 4, iPad 8 5 6, iPad 8 7 8, iPad Mini 5, iPad Mini 5 Cellular, iPad Air 3, iPad Air 3 Cellular, iPod Touch Seventh Gen'}}, {'platform': {'id': 4, 'name': 'PC', 'slug': 'pc', 'image': None, 'year_end': None, 'year_start': None, 'games_count': 547196, 'image_background': 'https://media.rawg.io/media/games/6fc/6fcf4cd3b17c288821388e6085bb0fc9.jpg'}, 'released_at': '2018-11-29', 'requirements': {'minimum': 'Minimum:\nOS: Win7\nProcessor: i3\nMemory: 4 GB RAM\nGraphics: Integrated\nDirectX: Version 9.0\nStorage: 300 MB available space\nSound Card: Integrated', 'recommended': 'Recommended:\nOS: Win10\nProcessor: i7\nMemory: 16 GB RAM\nGraphics: NVidia GeForce\nDirectX: Version 11\nStorage: 500 MB available space\nSound Card: Integrated'}}]","[{'id': 38644, 'url': '', 'store': {'id': 4, 'name': 'App Store', 'slug': 'apple-appstore', 'domain': 'apps.apple.com', 'games_count': 75582, 'image_background': 'https://media.rawg.io/media/games/0bd/0bd5646a3d8ee0ac3314bced91ea306d.jpg'}}, {'id': 398318, 'url': '', 'store': {'id': 3, 'name': 'PlayStation Store', 'slug': 'playstation-store', 'domain': 'store.playstation.com', 'games_count': 8037, 'image_background': 'https://media.rawg.io/media/games/618/618c2031a07bbff6b4f611f10b6bcdbc.jpg'}}, {'id': 259998, 'url': '', 'store': {'id': 6, 'name': 'Nintendo Store', 'slug': 'nintendo', 'domain': 'nintendo.com', 'games_count': 9128, 'image_background': 'https://media.rawg.io/media/games/fc1/fc1307a2774506b5bd65d7e8424664a7.jpg'}}, {'id': 263060, 'url': '', 'store': {'id': 1, 'name': 'Steam', 'slug': 'steam', 'domain': 'store.steampowered.com', 'games_count': 110181, 'image_background': 'https://media.rawg.io/media/games/7fa/7fa0b586293c5861ee32490e953a4996.jpg'}}, {'id': 620574, 'url': '', 'store': {'id': 5, 'name': 'GOG', 'slug': 'gog', 'domain': 'gog.com', 'games_count': 6713, 'image_background': 'https://media.rawg.io/media/games/5c0/5c0dd63002cb23f804aab327d40ef119.jpg'}}]","[{'id': 14380, 'name': 'SimFabric', 'slug': 'simfabric', 'games_count': 16, 'image_background': 'https://media.rawg.io/media/screenshots/d21/d210f39613760280685cc34d6a0d4438.jpg'}, {'id': 1435, 'name': 'Realtech VR', 'slug': 'realtech-vr', 'games_count': 19, 'image_background': 'https://media.rawg.io/media/screenshots/d07/d073aef5c4d551f7c764edf070cf34b7.jpg'}, {'id': 27580, 'name': 'Clive Townsend', 'slug': 'clive-townsend', 'games_count': 4, 'image_background': 'https://media.rawg.io/media/screenshots/5ff/5ffb1e3d69a7c62ec9e54b872efb589e.jpg'}, {'id': 27579, 'name': 'Branko Spoljaric', 'slug': 'branko-spoljaric-c64', 'games_count': 1, 'image_background': 'https://media.rawg.io/media/screenshots/9c0/9c02386402399f6bc420626f9a9095ce.jpg'}]","[{'id': 4, 'name': 'Action', 'slug': 'action', 'games_count': 186608, 'image_background': 'https://media.rawg.io/media/games/618/618c2031a07bbff6b4f611f10b6bcdbc.jpg'}, {'id': 3, 'name': 'Adventure', 'slug': 'adventure', 'games_count': 146481, 'image_background': 'https://media.rawg.io/media/games/b6b/b6b20bfc4b34e312dbc8aac53c95a348.jpg'}, {'id': 51, 'name': 'Indie', 'slug': 'indie', 'games_count': 76957, 'image_background': 'https://media.rawg.io/media/games/dd5/dd50d4266915d56dd5b63ae1bf72606a.jpg'}]","[{'id': 31, 'name': 'Singleplayer', 'slug': 'singleplayer', 'language': 'eng', 'games_count': 238404, 'image_background': 'https://media.rawg.io/media/games/26d/26d4437715bee60138dab4a7c8c59c92.jpg'}, {'id': 45, 'name': '2D', 'slug': '2d', 'language': 'eng', 'games_count': 202072, 'image_background': 'https://media.rawg.io/media/games/8ca/8ca40b562a755d6a0e30d48e6c74b178.jpg'}, {'id': 40845, 'name': 'Partial Controller Support', 'slug': 'partial-controller-support', 'language': 'eng', 'games_count': 12999, 'image_background': 'https://media.rawg.io/media/games/587/587588c64afbff80e6f444eb2e46f9da.jpg'}]","[{'id': 20858, 'name': 'SimFabric', 'slug': 'simfabric', 'games_count': 16, 'image_background': 'https://media.rawg.io/media/screenshots/eef/eef4a8614077b1b23507ab37b2183915.jpg'}, {'id': 12020, 'name': 'Durell Software', 'slug': 'durell-software', 'games_count': 6, 'image_background': 'https://media.rawg.io/media/screenshots/2ad/2addfda33dac77dd659fd3276a7aa8dd.jpg'}, {'id': 1249, 'name': 'Stephane Denis', 'slug': 'stephane-denis', 'games_count': 17, 'image_background': 'https://media.rawg.io/media/screenshots/94c/94cf7e76c5e9c8a2373cb912fde1b204_XcssPh4.jpg'}]",,,"Saboteur! is classic retro game hit made by Clive Townsend in 1985 for ZX Spectrum 8-bit computer. In 1985 Saboteur! received prestigious award ""The Crash Smash"" from Crash magazine and was high-rated with 93% score.
Now after 33 years SimFabric in collaboration with Clive Townsend prepared special remastered version of Saboteur! for PC.
In the game you'll experience original mission from 1985 version. Additionally the story will contiue with new levels and enemies. Now you'll be able to know more about Saboteur and his dark and secret story.
- Original mission from 1985 in two versions ZX Spectrum and Commodore 64
- New levels
- New enemies
- New story
- New soundtrack and music
- Over 10 hours of gameplay
- 5 times bigger than original version
- 9 retro consoles graphic modes
- 8 language versions
- 22 special achievments
- Secrets and easter eggs to reveal",4.0,13.0,6.0,1.0,5.0,,,,,,,,,,,,,2.0,Everyone 10+,everyone-10-plus,,,,,
53751,city-connection-1985,City Connection (1985),City Connection (1985),"<p>City Connection (シティコネクション, Shiti Konekushon) is an arcade game developed and published in 1985. It was licensed to Kitcorp as Cruisin&#39;.<br />
City Connection is a platform game in which the player controls a car that can never be stopped. It can only 180° handbrake turn or jump (normal jump or high jump). The object of the game is to drive through a series of cities, avoiding obstacles and painting every part of the roads. City Connection was remarkable for its time as each location had its own background and music which was a variation on the main theme of the game. There are twelve locations: Manhattan, the Grand Canyon, Easter Island, Paris, Neuschwanstein Castle, London, Sydney, Egyptian temples, and cities in India, Holland, China and Japan.<br />
The game was ported to the MSX, ZX Spectrum and Nintendo Entertainment System. The game has a sequel available on cellphones exclusively in Japan titled as City Connection Rocket (シティコネクション・ロケット).</p>",,[],1985-01-01,False,2024-10-01T15:20:41,https://media.rawg.io/media/games/e7a/e7a17c43d9a5df335d7636be4cfcdb7e.jpg,https://media.rawg.io/media/screenshots/b1d/b1dad1c0ed2c37884f9eb98bec70283a.jpg,,3.0,4,"[{'id': 4, 'title': 'recommended', 'count': 2, 'percent': 28.57}, {'id': 3, 'title': 'meh', 'count': 2, 'percent': 28.57}, {'id': 1, 'title': 'skip', 'count': 2, 'percent': 28.57}, {'id': 5, 'title': 'exceptional', 'count': 1, 'percent': 14.29}]",28,0,9,0,0,0,0,,,,,0,0,0,1,6,234,"['Cruisin ', 'Shiti Konekushon', 'シティコネクション']",,0,1,0,,7,0f0f0f,0f0f0f,"[{'platform': {'id': 7, 'name': 'Nintendo', 'slug': 'nintendo'}}, {'platform': {'id': 11, 'name': 'SEGA', 'slug': 'sega'}}]","[{'platform': {'id': 167, 'name': 'Genesis', 'slug': 'genesis', 'image': None, 'year_end': None, 'year_start': None, 'games_count': 849, 'image_background': 'https://media.rawg.io/media/screenshots/180/180b5f6e5d8c770bbbf941b9875046b6.jpg'}, 'released_at': '1985-01-01', 'requirements': {}}, {'platform': {'id': 49, 'name': 'NES', 'slug': 'nes', 'image': None, 'year_end': None, 'year_start': None, 'games_count': 1015, 'image_background': 'https://media.rawg.io/media/games/7c5/7c50dd0415eb0a57505c58d4e50e4d24.jpg'}, 'released_at': '1985-01-01', 'requirements': {}}]",[],"[{'id': 16496, 'name': 'Jaleco', 'slug': 'jaleco', 'games_count': 22, 'image_background': 'https://media.rawg.io/media/games/8e6/8e684b3b1a4fd99c5fad7450e0d76d80.jpg'}]","[{'id': 4, 'name': 'Action', 'slug': 'action', 'games_count': 186608, 'image_background': 'https://media.rawg.io/media/games/618/618c2031a07bbff6b4f611f10b6bcdbc.jpg'}, {'id': 83, 'name': 'Platformer', 'slug': 'platformer', 'games_count': 100869, 'image_background': 'https://media.rawg.io/media/games/f8c/f8c6a262ead4c16b47e1219310210eb3.jpg'}]","[{'id': 418, 'name': '2 players', 'slug': '2-players', 'language': 'eng', 'games_count': 1244, 'image_background': 'https://media.rawg.io/media/screenshots/f9a/f9ac59bb4af2ca2193ee9ffb979577cf.jpg'}]","[{'id': 10826, 'name': 'Jaleco', 'slug': 'jaleco', 'games_count': 69, 'image_background': 'https://media.rawg.io/media/screenshots/d27/d27f054ac7142ef377af66c62fdb681f.jpg'}]",,,"City Connection (シティコネクション, Shiti Konekushon) is an arcade game developed and published in 1985. It was licensed to Kitcorp as Cruisin'.
City Connection is a platform game in which the player controls a car that can never be stopped. It can only 180° handbrake turn or jump (normal jump or high jump). The object of the game is to drive through a series of cities, avoiding obstacles and painting every part of the roads. City Connection was remarkable for its time as each location had its own background and music which was a variation on the main theme of the game. There are twelve locations: Manhattan, the Grand Canyon, Easter Island, Paris, Neuschwanstein Castle, London, Sydney, Egyptian temples, and cities in India, Holland, China and Japan.
The game was ported to the MSX, ZX Spectrum and Nintendo Entertainment System. The game has a sequel available on cellphones exclusively in Japan titled as City Connection Rocket (シティコネクション・ロケット).",3.0,10.0,5.0,2.0,8.0,,,,,,,,,,1.0,,,1.0,Everyone,everyone,,,,,
34944,where-in-the-world-is-carmen-sandiego,Where in the World Is Carmen Sandiego?,Where in the World Is Carmen Sandiego?,"Carmen Sandiego is up to her thieving high-jinks again and has stolen the valuable The Travels of Marco Polo book! Help Acme agents Hawkins and Jules track her down by following mysterious clues to countries all over the world. While talking to locals and gathering information to find Carmen, learn cool facts about each country you visit in this interactive game. The more you learn, the closer you get to catching Carmen and recovering the book!<br/>
• Adventure through 8 challenging missions covering multiple geographical locations across the globe!<br/>
• Discover interesting new characters, rich graphics, vivid settings, and exciting new game play!<br/>
• Access 15 amazing high-tech virtual gadgets to help you find valuable information, decipher clues, and solve the mystery!<br/>
• Access key facts on 50 countries around the world through an expansive country database.<br/>
• Challenge yourself with multiple puzzles and mind teasers from countries around the world.<br/>
• Stay on track! Detailed help is just a click away through the chief communicator. Plus, the game automatically remembers your progress so you can pick up where you left off!<br/>
For ages 8-12.<br/>
Expands knowledge of:<br/>
• World Geography<br/>
• Diverse Cultures<br/>
• Landmarks<br/>
• Foreign Languages<br/>
• Key facts on 50 countries around the world<br/>
Develops skills in:<br/>
• Social Studies<br/>
• Geography<br/>
• History<br/>
• Critical Thinking<br/>
• Decision Making<br/>
• Deductive Reasoning<br/>
• Reading<br/>
• Research<br/>
• Map Reading<br/>
<br/>
And More!",,[],1985-01-01,False,2023-12-08T06:48:36,https://media.rawg.io/media/screenshots/3c8/3c8ea7c3e582bc5d0dca45c371ce2776_KWx2LY8.jpg,https://media.rawg.io/media/screenshots/98c/98c8248b5edf8b68c9bb79409ea64374.jpg,,3.6,4,"[{'id': 4, 'title': 'recommended', 'count': 6, 'percent': 60.0}, {'id': 3, 'title': 'meh', 'count': 2, 'percent': 20.0}, {'id': 5, 'title': 'exceptional', 'count': 1, 'percent': 10.0}, {'id': 1, 'title': 'skip', 'count': 1, 'percent': 10.0}]",28,0,12,0,0,0,0,,,,,0,0,0,0,9,316,[],,0,0,0,,10,0f0f0f,0f0f0f,"[{'platform': {'id': 1, 'name': 'PC', 'slug': 'pc'}}, {'platform': {'id': 5, 'name': 'Apple Macintosh', 'slug': 'mac'}}, {'platform': {'id': 10, 'name': 'Commodore / Amiga', 'slug': 'commodore-amiga'}}]","[{'platform': {'id': 41, 'name': 'Apple II', 'slug': 'apple-ii', 'image': None, 'year_end': None, 'year_start': None, 'games_count': 424, 'image_background': 'https://media.rawg.io/media/screenshots/3d2/3d2bb57b39e2efa39d1c385585b2ea8b.jpg'}, 'released_at': '1985-01-01', 'requirements': {}}, {'platform': {'id': 166, 'name': 'Commodore / Amiga', 'slug': 'commodore-amiga', 'image': None, 'year_end': None, 'year_start': None, 'games_count': 2083, 'image_background': 'https://media.rawg.io/media/games/cce/cce8bebe861f295003f5a9fe5b11233f.jpg'}, 'released_at': '1985-01-01', 'requirements': {}}, {'platform': {'id': 4, 'name': 'PC', 'slug': 'pc', 'image': None, 'year_end': None, 'year_start': None, 'games_count': 547196, 'image_background': 'https://media.rawg.io/media/games/6fc/6fcf4cd3b17c288821388e6085bb0fc9.jpg'}, 'released_at': '2020-03-16', 'requirements': {'minimum': 'Minimum:\nOS: Windows® 7, Windows 8 and Windows 10,\nProcessor: Pentium® IV processor 200MHz or faster,\nMemory: 512 MB RAM\nStorage: 500 MB available space'}}]","[{'id': 419697, 'url': '', 'store': {'id': 1, 'name': 'Steam', 'slug': 'steam', 'domain': 'store.steampowered.com', 'games_count': 110181, 'image_background': 'https://media.rawg.io/media/games/7fa/7fa0b586293c5861ee32490e953a4996.jpg'}}]","[{'id': 15031, 'name': 'Broderbund Software', 'slug': 'broderbund-software', 'games_count': 9, 'image_background': 'https://media.rawg.io/media/screenshots/8c2/8c28d0482837485266c2b7bc14b20eb4.jpg'}, {'id': 26635, 'name': 'Brøderbund', 'slug': 'broderbund', 'games_count': 21, 'image_background': 'https://media.rawg.io/media/screenshots/b6c/b6c10b7f2247b12d7d4bdfe28ed8b5d8.jpg'}, {'id': 26682, 'name': 'Broderbund', 'slug': 'broderbund-2', 'games_count': 5, 'image_background': 'https://media.rawg.io/media/screenshots/3c8/3c8ea7c3e582bc5d0dca45c371ce2776_KWx2LY8.jpg'}, {'id': 15533, 'name': 'The Learning Company', 'slug': 'the-learning-company', 'games_count': 11, 'image_background': 'https://media.rawg.io/media/screenshots/75c/75c22ac4b576f87a05c87fd388b062c8.jpg'}]","[{'id': 10, 'name': 'Strategy', 'slug': 'strategy', 'games_count': 59661, 'image_background': 'https://media.rawg.io/media/games/08b/08b2eee52a9876a48b955e5149affe5b.jpg'}, {'id': 40, 'name': 'Casual', 'slug': 'casual', 'games_count': 61303, 'image_background': 'https://media.rawg.io/media/games/e44/e445335e611b4ccf03af71fffcbd30a4.jpg'}, {'id': 34, 'name': 'Educational', 'slug': 'educational', 'games_count': 15690, 'image_background': 'https://media.rawg.io/media/games/7ca/7ca90d463ea0c0252e7d01afe897ffa8.jpg'}]","[{'id': 31, 'name': 'Singleplayer', 'slug': 'singleplayer', 'language': 'eng', 'games_count': 238404, 'image_background': 'https://media.rawg.io/media/games/26d/26d4437715bee60138dab4a7c8c59c92.jpg'}, {'id': 89, 'name': 'Historical', 'slug': 'historical', 'language': 'eng', 'games_count': 3648, 'image_background': 'https://media.rawg.io/media/games/997/997ab4d67e96fb20a4092383477d4463.jpg'}, {'id': 142, 'name': 'Detective', 'slug': 'detective', 'language': 'eng', 'games_count': 3707, 'image_background': 'https://media.rawg.io/media/games/a9a/a9a4e45ad8e653df2295e8410b7e96fd.jpg'}, {'id': 140, 'name': 'Hidden Object', 'slug': 'hidden-object', 'language': 'eng', 'games_count': 4807, 'image_background': 'https://media.rawg.io/media/screenshots/f77/f77b685304e3c05087aed1d18a7b667f.jpg'}]","[{'id': 8001, 'name': 'Encore', 'slug': 'encore', 'games_count': 71, 'image_background': 'https://media.rawg.io/media/screenshots/5a8/5a82694b8549f4b6e2c1b987d26ff744.jpg'}, {'id': 11442, 'name': 'Broderbund Software', 'slug': 'broderbund-software', 'games_count': 27, 'image_background': 'https://media.rawg.io/media/games/a9a/a9a2472f862b041d2980103ddbb61c91.jpg'}, {'id': 19974, 'name': 'Broderbund', 'slug': 'broderbund-2', 'games_count': 10, 'image_background': 'https://media.rawg.io/media/screenshots/56b/56bef3b59994a5939dc2ac7063cb1bad.jpg'}]",,,"Carmen Sandiego is up to her thieving high-jinks again and has stolen the valuable The Travels of Marco Polo book! Help Acme agents Hawkins and Jules track her down by following mysterious clues to countries all over the world. While talking to locals and gathering information to find Carmen, learn cool facts about each country you visit in this interactive game. The more you learn, the closer you get to catching Carmen and recovering the book!
• Adventure through 8 challenging missions covering multiple geographical locations across the globe!
• Discover interesting new characters, rich graphics, vivid settings, and exciting new game play!
• Access 15 amazing high-tech virtual gadgets to help you find valuable information, decipher clues, and solve the mystery!
• Access key facts on 50 countries around the world through an expansive country database.
• Challenge yourself with multiple puzzles and mind teasers from countries around the world.
• Stay on track! Detailed help is just a click away through the chief communicator. Plus, the game automatically remembers your progress so you can pick up where you left off!
For ages 8-12.
Expands knowledge of:
• World Geography
• Diverse Cultures
• Landmarks
• Foreign Languages
• Key facts on 50 countries around the world
Develops skills in:
• Social Studies
• Geography
• History
• Critical Thinking
• Decision Making
• Deductive Reasoning
• Reading
• Research
• Map Reading
And More!",2.0,10.0,9.0,6.0,1.0,,,,,,,,,,,,,,,,,,,,
53787,dig-dug-ii-1985,Dig Dug II (1985),Dig Dug II (1985),"<p>Dig Dug II (ディグダグⅡ, Digu Dagu Tsu), subtitled Trouble in Paradise for Bandai's American NES port, is the arcade sequel to Dig Dug, released by Namco in 1985. It runs on Namco Super Pac-Man hardware but with a video system like that used in Mappy, The Tower of Druaga and Grobda (without the DAC). The only home version of the game was for the NES, which Bandai released in Japan on April 18, 1986 and in North America during 1989.</p>",,[],1985-03-12,False,2023-02-09T02:32:11,https://media.rawg.io/media/screenshots/a25/a25ed8a50bcc0acf62445a592701a1e3.jpg,https://media.rawg.io/media/screenshots/9e6/9e6551434b69e06c07fb2e52719f2381.jpg,,3.0,3,"[{'id': 3, 'title': 'meh', 'count': 5, 'percent': 62.5}, {'id': 4, 'title': 'recommended', 'count': 2, 'percent': 25.0}, {'id': 1, 'title': 'skip', 'count': 1, 'percent': 12.5}]",26,0,8,0,0,0,0,,,,,0,0,0,0,7,164,[],,0,0,0,,8,0f0f0f,0f0f0f,"[{'platform': {'id': 7, 'name': 'Nintendo', 'slug': 'nintendo'}}]","[{'platform': {'id': 10, 'name': 'Wii U', 'slug': 'wii-u', 'image': None, 'year_end': None, 'year_start': None, 'games_count': 1114, 'image_background': 'https://media.rawg.io/media/games/85c/85c8ae70e7cdf0105f06ef6bdce63b8b.jpg'}, 'released_at': '1985-03-12', 'requirements': {}}, {'platform': {'id': 49, 'name': 'NES', 'slug': 'nes', 'image': None, 'year_end': None, 'year_start': None, 'games_count': 1015, 'image_background': 'https://media.rawg.io/media/games/7c5/7c50dd0415eb0a57505c58d4e50e4d24.jpg'}, 'released_at': '1985-03-12', 'requirements': {}}, {'platform': {'id': 11, 'name': 'Wii', 'slug': 'wii', 'image': None, 'year_end': None, 'year_start': None, 'games_count': 2209, 'image_background': 'https://media.rawg.io/media/games/9ca/9ca31615beee447f3ae1dc9b3b736dce.jpg'}, 'released_at': '1985-03-12', 'requirements': {}}]",[],"[{'id': 10055, 'name': 'NAMCO', 'slug': 'namco', 'games_count': 127, 'image_background': 'https://media.rawg.io/media/games/2ff/2ff5b06428e4b016f3b79cf299bd6596.jpg'}]","[{'id': 4, 'name': 'Action', 'slug': 'action', 'games_count': 186608, 'image_background': 'https://media.rawg.io/media/games/618/618c2031a07bbff6b4f611f10b6bcdbc.jpg'}]","[{'id': 31, 'name': 'Singleplayer', 'slug': 'singleplayer', 'language': 'eng', 'games_count': 238404, 'image_background': 'https://media.rawg.io/media/games/26d/26d4437715bee60138dab4a7c8c59c92.jpg'}, {'id': 418, 'name': '2 players', 'slug': '2-players', 'language': 'eng', 'games_count': 1244, 'image_background': 'https://media.rawg.io/media/screenshots/f9a/f9ac59bb4af2ca2193ee9ffb979577cf.jpg'}, {'id': 348, 'name': 'alternating turns', 'slug': 'alternating-turns', 'language': 'eng', 'games_count': 64, 'image_background': 'https://media.rawg.io/media/games/6f8/6f8fb1e98393f72b47f1f909d5b649d4.jpg'}]","[{'id': 10901, 'name': 'Namco', 'slug': 'namco', 'games_count': 215, 'image_background': 'https://media.rawg.io/media/games/fc5/fc503876ca1ca34e160e88671af86e88.jpg'}]",,,"Dig Dug II (ディグダグⅡ, Digu Dagu Tsu), subtitled Trouble in Paradise for Bandai's American NES port, is the arcade sequel to Dig Dug, released by Namco in 1985. It runs on Namco Super Pac-Man hardware but with a video system like that used in Mappy, The Tower of Druaga and Grobda (without the DAC). The only home version of the game was for the NES, which Bandai released in Japan on April 18, 1986 and in North America during 1989.",2.0,10.0,3.0,4.0,7.0,,,,,,,,,,,,,,,,,,,,
22822,ultima-456,Ultima 4+5+6,Ultima 4+5+6,"Experience fantasy role-playing’s most distinctive and award-winning series in this special three-game collection. Ultima: The Second Trilogy follows the spellbinding tale of the Avatar in this richly detailed and challenging story. The setting is medieval Britannia, but the stories are timeless and involve universal issues that explore the essence of virtue. First, there is the pursuit of spiritual enlightenment in Ultima IV, where your personal ethics are tested in a treacherous struggle to demonstrate the eight virtues of Avatarhood. Then in Ultima V, you rely on your new-found strengths and skills to oppose a tyrannical leader who warps the virtues you uphold through his twisted legislation of morality. Finally, in the epic concluding chapter of Ultima VI, you, the Avatar, must resolve the cultural conflict between a race of hostile creatures and your own. It all adds up to a relentless test of character in a world where things are not always as they appear, and evil is not easily defined.Visit thousands of colorful places and characters, search towns, castles, and villages. Converse with merchants and mages, all as you walk, ride, and sail across Britannia
Explore magic, combat, and deception – weave hundreds of magical spells, watch axes and arrows fly in combat, discover clues, and solve mysteries
Witness the transformation from Stranger to Avatar through self-improvement, then join him on his quests to save Britannia and become the savior of all.",,[],1985-06-14,False,2023-02-08T10:51:23,https://media.rawg.io/media/screenshots/a6f/a6fbc612d7e140fe16b04df926646003.jpg,https://media.rawg.io/media/screenshots/305/305015b9e0a1d4daaaaf15e71e9824be.jpg,,2.38,1,"[{'id': 1, 'title': 'skip', 'count': 5, 'percent': 62.5}, {'id': 5, 'title': 'exceptional', 'count': 2, 'percent': 25.0}, {'id': 4, 'title': 'recommended', 'count': 1, 'percent': 12.5}]",26,0,12,0,0,0,0,,,,,0,0,0,1,6,324,[],,1,0,0,,8,0f0f0f,0f0f0f,"[{'platform': {'id': 1, 'name': 'PC', 'slug': 'pc'}}, {'platform': {'id': 5, 'name': 'Apple Macintosh', 'slug': 'mac'}}]","[{'platform': {'id': 4, 'name': 'PC', 'slug': 'pc', 'image': None, 'year_end': None, 'year_start': None, 'games_count': 547196, 'image_background': 'https://media.rawg.io/media/games/6fc/6fcf4cd3b17c288821388e6085bb0fc9.jpg'}, 'released_at': '1985-06-14', 'requirements': {'minimum': 'Windows XP or Windows Vista, 1.8 GHz Processor, 512MB RAM (1 GB recommended), 3D graphics card compatible with DirectX 7 (compatible with DirectX 9 recommended), 2GB HDD, Mouse, Keyboard.'}}, {'platform': {'id': 5, 'name': 'macOS', 'slug': 'macos', 'image': None, 'year_end': None, 'year_start': None, 'games_count': 106181, 'image_background': 'https://media.rawg.io/media/games/6fc/6fcf4cd3b17c288821388e6085bb0fc9.jpg'}, 'released_at': '1985-06-14', 'requirements': {'minimum': 'OS X 10.6.8 or later.Processor: Intel Core Duo 2GHz+Memory: 1GB of RAMGraphics: 64MB of video memory Recommended two-button mouse, or Apple mouse with Secondary Button / Secondary Click enabled.'}}]","[{'id': 25838, 'url': '', 'store': {'id': 5, 'name': 'GOG', 'slug': 'gog', 'domain': 'gog.com', 'games_count': 6713, 'image_background': 'https://media.rawg.io/media/games/5c0/5c0dd63002cb23f804aab327d40ef119.jpg'}}]","[{'id': 13178, 'name': 'Origin Systems', 'slug': 'origin-systems', 'games_count': 60, 'image_background': 'https://media.rawg.io/media/screenshots/ba4/ba456796ee5e190af9cfb2e78feac2ec.jpg'}]","[{'id': 3, 'name': 'Adventure', 'slug': 'adventure', 'games_count': 146481, 'image_background': 'https://media.rawg.io/media/games/b6b/b6b20bfc4b34e312dbc8aac53c95a348.jpg'}, {'id': 5, 'name': 'RPG', 'slug': 'role-playing-games-rpg', 'games_count': 59370, 'image_background': 'https://media.rawg.io/media/games/f6b/f6bed028b02369d4cab548f4f9337e81.jpg'}]","[{'id': 31, 'name': 'Singleplayer', 'slug': 'singleplayer', 'language': 'eng', 'games_count': 238404, 'image_background': 'https://media.rawg.io/media/games/26d/26d4437715bee60138dab4a7c8c59c92.jpg'}, {'id': 468, 'name': 'role-playing', 'slug': 'role-playing', 'language': 'eng', 'games_count': 1621, 'image_background': 'https://media.rawg.io/media/games/14a/14a83c56ff668baaced6e8c8704b6391.jpg'}]","[{'id': 354, 'name': 'Electronic Arts', 'slug': 'electronic-arts', 'games_count': 1332, 'image_background': 'https://media.rawg.io/media/games/45b/45b57ed59de4b84effd8f6bc4b7bf515.jpg'}]",,,"Experience fantasy role-playing’s most distinctive and award-winning series in this special three-game collection. Ultima: The Second Trilogy follows the spellbinding tale of the Avatar in this richly detailed and challenging story. The setting is medieval Britannia, but the stories are timeless and involve universal issues that explore the essence of virtue. First, there is the pursuit of spiritual enlightenment in Ultima IV, where your personal ethics are tested in a treacherous struggle to demonstrate the eight virtues of Avatarhood. Then in Ultima V, you rely on your new-found strengths and skills to oppose a tyrannical leader who warps the virtues you uphold through his twisted legislation of morality. Finally, in the epic concluding chapter of Ultima VI, you, the Avatar, must resolve the cultural conflict between a race of hostile creatures and your own. It all adds up to a relentless test of character in a world where things are not always as they appear, and evil is not easily defined.Visit thousands of colorful places and characters, search towns, castles, and villages. Converse with merchants and mages, all as you walk, ride, and sail across Britannia
Explore magic, combat, and deception – weave hundreds of magical spells, watch axes and arrows fly in combat, discover clues, and solve mysteries
Witness the transformation from Stranger to Avatar through self-improvement, then join him on his quests to save Britannia and become the savior of all.",2.0,11.0,3.0,7.0,2.0,1.0,,,,,,,,,,,,,,,,,,,
287334,hang-on-2,Hang-On,Hang-On,"<p>Hang-On (ハングオン Hangu On) is an arcade game designed by Yu Suzuki and released by Sega in 1985. In the game, the player controls a motorcycle against time and other computer-controlled bikes. It was one of the first arcade games to use 16-bit graphics and Sega&#39;s &quot;Super Scaler&quot; technology that allowed pseudo-3D sprite-scaling at high frame rates.[5] It also introduced a motion-controlled arcade cabinet, where the player&#39;s body movement on a large motorbike-shaped cabinet corresponds with the player character&#39;s movements on screen, inspiring arcade games that followed and anticipating the modern motion control trend.[6][1]</p>",,[],1985-07-01,False,2025-01-20T17:13:20,https://media.rawg.io/media/screenshots/c91/c919400e9914028fd6dc7fe5e46c097c.jpg,,,3.83,4,"[{'id': 4, 'title': 'recommended', 'count': 5, 'percent': 83.33}, {'id': 3, 'title': 'meh', 'count': 1, 'percent': 16.67}]",25,0,1,0,5,0,0,,,,,0,0,0,1,5,22,[],,0,0,0,,6,0f0f0f,0f0f0f,"[{'platform': {'id': 11, 'name': 'SEGA', 'slug': 'sega'}}]","[{'platform': {'id': 74, 'name': 'SEGA Master System', 'slug': 'sega-master-system', 'image': None, 'year_end': None, 'year_start': None, 'games_count': 234, 'image_background': 'https://media.rawg.io/media/screenshots/a7f/a7f3cb62af2ee95d92065da88583338b.jpg'}, 'released_at': '1985-07-01', 'requirements': {}}, {'platform': {'id': 107, 'name': 'SEGA Saturn', 'slug': 'sega-saturn', 'image': None, 'year_end': None, 'year_start': None, 'games_count': 372, 'image_background': 'https://media.rawg.io/media/screenshots/0fa/0fa357fe0160e2b592a6fafff0e6683e.jpg'}, 'released_at': '1985-07-01', 'requirements': {}}]",[],[],"[{'id': 1, 'name': 'Racing', 'slug': 'racing', 'games_count': 25359, 'image_background': 'https://media.rawg.io/media/screenshots/69b/69bb243ea9896ddfc2e051b58e81624d.jpg'}]","[{'id': 808, 'name': 'character', 'slug': 'character', 'language': 'eng', 'games_count': 8871, 'image_background': 'https://media.rawg.io/media/games/43f/43ff0ac9538f82b00fb3b47d186bd46b.jpg'}, {'id': 151, 'name': 'Modern', 'slug': 'modern', 'language': 'eng', 'games_count': 1953, 'image_background': 'https://media.rawg.io/media/screenshots/0b1/0b11c690545dcc0a61e7cb95d62f78b0.jpg'}]","[{'id': 3408, 'name': 'SEGA', 'slug': 'sega-2', 'games_count': 1262, 'image_background': 'https://media.rawg.io/media/games/be9/be9cf02720c9326e11d0fda14518554f.jpg'}]",,,"Hang-On (ハングオン Hangu On) is an arcade game designed by Yu Suzuki and released by Sega in 1985. In the game, the player controls a motorcycle against time and other computer-controlled bikes. It was one of the first arcade games to use 16-bit graphics and Sega's ""Super Scaler"" technology that allowed pseudo-3D sprite-scaling at high frame rates.[5] It also introduced a motion-controlled arcade cabinet, where the player's body movement on a large motorbike-shaped cabinet corresponds with the player character's movements on screen, inspiring arcade games that followed and anticipating the modern motion control trend.[6][1]",,10.0,8.0,4.0,3.0,,,,,,,,,,,,,,,,,,,,
25428,spelunker,Spelunker,Spelunker,"<p>Wander through miles of uncharted caves in search of the legendary<br />
underground pyramid and its vast treasures. To complete your adventure<br />
you will swing from ropes, climb ladders, run across unstable terrain<br />
and down ravines as well as operate elevators, mining carts and rafts.<br />
You will collect keys, bombs, flares, jewels, sacks of gold coins and<br />
other valuable items as you navigate the hazardous terrain. But beware<br />
of the scalding steam vents, poisonous bats and the avenging spirits of<br />
dead spelunkers that lurk in every corner of this massive underground<br />
labyrinth.<br />
This game is only playable in 2D.This classic game is part of the Virtual Console service, which brings you great games created for consoles such as NES™, Super NES™ and Game Boy™ Advance. See more Virtual Console games for Nintendo 3DS.</p>",,[],1985-12-06,False,2023-04-15T23:39:08,https://media.rawg.io/media/games/6fc/6fcc2a146916138709dbe3133d13ef13.jpg,https://media.rawg.io/media/screenshots/89b/89bd0df532c0140e9f841ba0bf3fb2b5.jpg,,3.43,4,"[{'id': 4, 'title': 'recommended', 'count': 5, 'percent': 71.43}, {'id': 3, 'title': 'meh', 'count': 1, 'percent': 14.29}, {'id': 1, 'title': 'skip', 'count': 1, 'percent': 14.29}]",22,0,28,0,1,0,0,,,,,0,0,0,1,6,271,['スペランカー'],,0,0,5,,7,0f0f0f,0f0f0f,"[{'platform': {'id': 7, 'name': 'Nintendo', 'slug': 'nintendo'}}, {'platform': {'id': 9, 'name': 'Atari', 'slug': 'atari'}}, {'platform': {'id': 10, 'name': 'Commodore / Amiga', 'slug': 'commodore-amiga'}}]","[{'platform': {'id': 166, 'name': 'Commodore / Amiga', 'slug': 'commodore-amiga', 'image': None, 'year_end': None, 'year_start': None, 'games_count': 2083, 'image_background': 'https://media.rawg.io/media/games/cce/cce8bebe861f295003f5a9fe5b11233f.jpg'}, 'released_at': '1985-12-06', 'requirements': {}}, {'platform': {'id': 49, 'name': 'NES', 'slug': 'nes', 'image': None, 'year_end': None, 'year_start': None, 'games_count': 1015, 'image_background': 'https://media.rawg.io/media/games/7c5/7c50dd0415eb0a57505c58d4e50e4d24.jpg'}, 'released_at': '1985-12-06', 'requirements': {}}, {'platform': {'id': 25, 'name': 'Atari 8-bit', 'slug': 'atari-8-bit', 'image': None, 'year_end': None, 'year_start': None, 'games_count': 308, 'image_background': 'https://media.rawg.io/media/screenshots/038/0385a47d3a43b218204268af5361a19e.jpg'}, 'released_at': '1985-12-06', 'requirements': {}}, {'platform': {'id': 11, 'name': 'Wii', 'slug': 'wii', 'image': None, 'year_end': None, 'year_start': None, 'games_count': 2209, 'image_background': 'https://media.rawg.io/media/games/9ca/9ca31615beee447f3ae1dc9b3b736dce.jpg'}, 'released_at': '1985-12-06', 'requirements': {}}, {'platform': {'id': 8, 'name': 'Nintendo 3DS', 'slug': 'nintendo-3ds', 'image': None, 'year_end': None, 'year_start': None, 'games_count': 1682, 'image_background': 'https://media.rawg.io/media/screenshots/42d/42d770eb49f2ba01cd4045e0d92af7a9.jpg'}, 'released_at': '1985-12-06', 'requirements': {}}, {'platform': {'id': 10, 'name': 'Wii U', 'slug': 'wii-u', 'image': None, 'year_end': None, 'year_start': None, 'games_count': 1114, 'image_background': 'https://media.rawg.io/media/games/85c/85c8ae70e7cdf0105f06ef6bdce63b8b.jpg'}, 'released_at': '1985-12-06', 'requirements': {}}]","[{'id': 29858, 'url': '', 'store': {'id': 6, 'name': 'Nintendo Store', 'slug': 'nintendo', 'domain': 'nintendo.com', 'games_count': 9128, 'image_background': 'https://media.rawg.io/media/games/fc1/fc1307a2774506b5bd65d7e8424664a7.jpg'}}]","[{'id': 18965, 'name': 'Tose', 'slug': 'tose', 'games_count': 104, 'image_background': 'https://media.rawg.io/media/screenshots/b99/b99368acaff24dbda444f4ed613fedd1.jpg'}, {'id': 19513, 'name': 'Irem', 'slug': 'irem', 'games_count': 45, 'image_background': 'https://media.rawg.io/media/screenshots/40d/40d10bba809775a9a58fb4dfffa4a956.jpg'}, {'id': 26448, 'name': 'Tamtex', 'slug': 'tamtex', 'games_count': 6, 'image_background': 'https://media.rawg.io/media/screenshots/fa9/fa9753b02f543de13deb9a2bb4d1c0d6.jpg'}, {'id': 26655, 'name': 'MicroGraphic Image', 'slug': 'micrographic-image', 'games_count': 1, 'image_background': 'https://media.rawg.io/media/screenshots/e5a/e5a50ebc44da3b3d40682a5fb2fb76ef.jpg'}]","[{'id': 4, 'name': 'Action', 'slug': 'action', 'games_count': 186608, 'image_background': 'https://media.rawg.io/media/games/618/618c2031a07bbff6b4f611f10b6bcdbc.jpg'}, {'id': 83, 'name': 'Platformer', 'slug': 'platformer', 'games_count': 100869, 'image_background': 'https://media.rawg.io/media/games/f8c/f8c6a262ead4c16b47e1219310210eb3.jpg'}]","[{'id': 31, 'name': 'Singleplayer', 'slug': 'singleplayer', 'language': 'eng', 'games_count': 238404, 'image_background': 'https://media.rawg.io/media/games/26d/26d4437715bee60138dab4a7c8c59c92.jpg'}, {'id': 5816, 'name': 'console', 'slug': 'console', 'language': 'eng', 'games_count': 1390, 'image_background': 'https://media.rawg.io/media/games/faa/faa6a4a7a2e57faf2960329630aee211.jpg'}, {'id': 1743, 'name': 'collect', 'slug': 'collect', 'language': 'eng', 'games_count': 8079, 'image_background': 'https://media.rawg.io/media/games/163/163004f22c5bd859a962b9187c967284.jpg'}, {'id': 316, 'name': 'Mining', 'slug': 'mining', 'language': 'eng', 'games_count': 1125, 'image_background': 'https://media.rawg.io/media/screenshots/671/671da72d282b3169568748fc2fcec927.jpg'}, {'id': 731, 'name': 'NES', 'slug': 'nes', 'language': 'eng', 'games_count': 1335, 'image_background': 'https://media.rawg.io/media/games/5fe/5fe62882f1af83e36480ded84c49b984.jpg'}, {'id': 982, 'name': 'run', 'slug': 'run', 'language': 'eng', 'games_count': 3972, 'image_background': 'https://media.rawg.io/media/screenshots/40d/40db5db1a0ef232be674300867eea710.jpg'}, {'id': 2784, 'name': 'labyrinth', 'slug': 'labyrinth', 'language': 'eng', 'games_count': 382, 'image_background': 'https://media.rawg.io/media/screenshots/131/1314db0fe69be09130361079ff71e310.jpeg'}]","[{'id': 19491, 'name': 'Brøderbund', 'slug': 'broderbund', 'games_count': 32, 'image_background': 'https://media.rawg.io/media/games/054/0540c8fc8eed3fc13d3990f419c61c6f.jpg'}, {'id': 10896, 'name': 'IREM', 'slug': 'irem', 'games_count': 50, 'image_background': 'https://media.rawg.io/media/screenshots/474/4749fa343d4c4143d034f4a4fe6f71d7.jpg'}, {'id': 19974, 'name': 'Broderbund', 'slug': 'broderbund-2', 'games_count': 10, 'image_background': 'https://media.rawg.io/media/screenshots/56b/56bef3b59994a5939dc2ac7063cb1bad.jpg'}, {'id': 10914, 'name': 'Tozai Games', 'slug': 'tozai-games', 'games_count': 5, 'image_background': 'https://media.rawg.io/media/screenshots/4c3/4c31b8d62e9ec28149605190feb691da.jpg'}, {'id': 19973, 'name': 'MicroGraphic Image', 'slug': 'micrographic-image', 'games_count': 1, 'image_background': 'https://media.rawg.io/media/screenshots/e5a/e5a50ebc44da3b3d40682a5fb2fb76ef.jpg'}]",,,"Wander through miles of uncharted caves in search of the legendary
underground pyramid and its vast treasures. To complete your adventure
you will swing from ropes, climb ladders, run across unstable terrain
and down ravines as well as operate elevators, mining carts and rafts.
You will collect keys, bombs, flares, jewels, sacks of gold coins and
other valuable items as you navigate the hazardous terrain. But beware
of the scalding steam vents, poisonous bats and the avenging spirits of
dead spelunkers that lurk in every corner of this massive underground
labyrinth.
This game is only playable in 2D.This classic game is part of the Virtual Console service, which brings you great games created for consoles such as NES™, Super NES™ and Game Boy™ Advance. See more Virtual Console games for Nintendo 3DS.",,10.0,4.0,6.0,2.0,,,,,,,,,,,,,1.0,Everyone,everyone,,,1.0,,
34412,reversi,Reversi,Reversi,"The classic game of Reversi, also known as Othello, is a much-loved strategy board game. It is often described as taking only a minute to learn but a lifetime to master. Each game only takes a few minutes and can be played by all ages. This continues to be one of the most sought-after versions of the game for the natural AI when playing against the CPU and the refreshing, crisp graphics.<br/><br/>FEATURES:<br/><br/>- One or two player mode<br/>- Six levels of difficulty from beginner to guru<br/>- Each level has its own style of play<br/>- Strong computer opponent at higher levels<br/>- Very fast computer play, even on the highest level<br/>- Hints option to help improve your game play<br/>- NEW! Load/save games to/from file<br/>- NEW! Custom board setup<br/>- Four gorgeously styled boards<br/>- Retina enhanced graphics<br/>- Animated pieces<br/>- Sound effects<br/>- Unlimited undo and redo<br/>- Scoreboard<br/>- Auto-save game in progress<br/>- Play with mouse or keyboard<br/><br/>Praise for the iPhone version:<br/><br/>""There are several free Reversi games in the app store, but none have the breadth of options or depth of AI of this paid version. AppCraver looks forward to seeing what developer Kiss The Machine comes up with next"" - www.appcraver.com<br/><br/>""For those who are serious about playing Reversi and want a serious AI challenge get this one"" - mrbass.org best iPhone and iPod Touch games",,[],1985-01-01,False,2023-02-08T10:51:28,https://media.rawg.io/media/screenshots/22e/22ed48ce409421d2b511352aca0a539d.jpg,https://media.rawg.io/media/screenshots/39a/39aafa75b4eaad1b6760369babd072cf.jpg,http://kissthemachine.com/reversi/,0.0,0,"[{'id': 4, 'title': 'recommended', 'count': 1, 'percent': 50.0}, {'id': 1, 'title': 'skip', 'count': 1, 'percent': 50.0}]",21,0,2,0,0,0,0,,,,,0,0,0,0,2,26,[],,0,0,0,,2,0f0f0f,0f0f0f,"[{'platform': {'id': 1, 'name': 'PC', 'slug': 'pc'}}, {'platform': {'id': 4, 'name': 'iOS', 'slug': 'ios'}}, {'platform': {'id': 8, 'name': 'Android', 'slug': 'android'}}, {'platform': {'id': 5, 'name': 'Apple Macintosh', 'slug': 'mac'}}]","[{'platform': {'id': 3, 'name': 'iOS', 'slug': 'ios', 'image': None, 'year_end': None, 'year_start': None, 'games_count': 77392, 'image_background': 'https://media.rawg.io/media/games/5fa/5fae5fec3c943179e09da67a4427d68f.jpg'}, 'released_at': '2008-07-11', 'requirements': {'minimum': 'iPad 2 Wifi, iPad 2 3G, iPhone 4S, iPad Third Gen, iPad Third Gen 4G, iPhone 5, iPod Touch Fifth Gen, iPad Fourth Gen, iPad Fourth Gen 4G, iPad Mini, iPad Mini 4G, iPhone 5c, iPhone 5s, iPad Air, iPad Air Cellular, iPad Mini Retina, iPad Mini Retina Cellular, iPhone 6, iPhone 6 Plus, iPad Air 2, iPad Air 2 Cellular, iPad Mini 3, iPad Mini 3 Cellular, iPod Touch Sixth Gen, iPhone 6s, iPhone 6s Plus, iPad Mini 4, iPad Mini 4 Cellular, iPad Pro, iPad Pro Cellular, iPad Pro 9.7, iPad Pro 9.7 Cellular, iPhone SE, iPhone 7, iPhone 7 Plus, iPad 6 1 1, iPad 6 1 2, iPad 7 1, iPad 7 2, iPad 7 3, iPad 7 4, iPhone 8, iPhone 8 Plus, iPhone X, iPad 7 5, iPad 7 6, iPhone X S, iPhone X S Max, iPhone X R, iPad 8 1 2, iPad 8 3 4, iPad 8 5 6, iPad 8 7 8,  Watch 4, iPad Mini 5, iPad Mini 5 Cellular, iPad Air 3, iPad Air 3 Cellular, iPod Touch Seventh Gen'}}, {'platform': {'id': 4, 'name': 'PC', 'slug': 'pc', 'image': None, 'year_end': None, 'year_start': None, 'games_count': 547196, 'image_background': 'https://media.rawg.io/media/games/6fc/6fcf4cd3b17c288821388e6085bb0fc9.jpg'}, 'released_at': '1985-01-01', 'requirements': {}}, {'platform': {'id': 5, 'name': 'macOS', 'slug': 'macos', 'image': None, 'year_end': None, 'year_start': None, 'games_count': 106181, 'image_background': 'https://media.rawg.io/media/games/6fc/6fcf4cd3b17c288821388e6085bb0fc9.jpg'}, 'released_at': '2011-02-15', 'requirements': {'devices': ''}}, {'platform': {'id': 21, 'name': 'Android', 'slug': 'android', 'image': None, 'year_end': None, 'year_start': None, 'games_count': 52427, 'image_background': 'https://media.rawg.io/media/games/198/1988a337305e008b41d7f536ce9b73f6.jpg'}, 'released_at': '1985-01-01', 'requirements': {'minimum': '4.1 and up'}}]","[{'id': 210128, 'url': '', 'store': {'id': 4, 'name': 'App Store', 'slug': 'apple-appstore', 'domain': 'apps.apple.com', 'games_count': 75582, 'image_background': 'https://media.rawg.io/media/games/0bd/0bd5646a3d8ee0ac3314bced91ea306d.jpg'}}, {'id': 214615, 'url': '', 'store': {'id': 8, 'name': 'Google Play', 'slug': 'google-play', 'domain': 'play.google.com', 'games_count': 17110, 'image_background': 'https://media.rawg.io/media/games/aa3/aa36ba4b486a03ddfaef274fb4f5afd4.jpg'}}]","[{'id': 16903, 'name': 'AI Factory', 'slug': 'ai-factory', 'games_count': 35, 'image_background': 'https://media.rawg.io/media/screenshots/dfb/dfbf5dbda561d73cb96bd44df21aa749.jpg'}, {'id': 32885, 'name': 'Banana & Co.', 'slug': 'banana-co', 'games_count': 41, 'image_background': 'https://media.rawg.io/media/screenshots/74e/74eaac689d0b179572267499664a0426.jpg'}, {'id': 16670, 'name': 'James Oh & Associates', 'slug': 'james-oh-associates', 'games_count': 1, 'image_background': 'https://media.rawg.io/media/screenshots/22e/22ed48ce409421d2b511352aca0a539d.jpg'}, {'id': 97570, 'name': 'Kiss The Machine', 'slug': 'kiss-the-machine', 'games_count': 5, 'image_background': 'https://media.rawg.io/media/screenshots/bf9/bf9df260c4be3e7255f095945e268edb.jpg'}, {'id': 137917, 'name': 'Nicholas Dean', 'slug': 'nicholas-dean', 'games_count': 8, 'image_background': 'https://media.rawg.io/media/screenshots/483/4839269ae9385dcca5eb57b96e16e6f5.jpg'}, {'id': 137990, 'name': 'OneMirror', 'slug': 'onemirror-llc', 'games_count': 1, 'image_background': 'https://media.rawg.io/media/screenshots/22e/22ed48ce409421d2b511352aca0a539d.jpg'}]","[{'id': 10, 'name': 'Strategy', 'slug': 'strategy', 'games_count': 59661, 'image_background': 'https://media.rawg.io/media/games/08b/08b2eee52a9876a48b955e5149affe5b.jpg'}, {'id': 28, 'name': 'Board Games', 'slug': 'board-games', 'games_count': 8385, 'image_background': 'https://media.rawg.io/media/games/22c/22ce391b3096cd46eadae1a890624f39.jpg'}, {'id': 19, 'name': 'Family', 'slug': 'family', 'games_count': 5406, 'image_background': 'https://media.rawg.io/media/games/a87/a8743bdee8627c55bb9f2f01b9136ac1.jpg'}, {'id': 7, 'name': 'Puzzle', 'slug': 'puzzle', 'games_count': 97333, 'image_background': 'https://media.rawg.io/media/games/9f4/9f418898f5415668ca47b5f4ab1ecfeb.jpg'}]","[{'id': 1863, 'name': 'challenge', 'slug': 'challenge', 'language': 'eng', 'games_count': 12762, 'image_background': 'https://media.rawg.io/media/games/19e/19ea8efb10fcbcf1b9c60729d510ed14.jpg'}, {'id': 1471, 'name': 'ai', 'slug': 'ai', 'language': 'eng', 'games_count': 2259, 'image_background': 'https://media.rawg.io/media/screenshots/b22/b228126ae00bc76eb0f700f25c7e2bed.jpg'}]","[{'id': 12848, 'name': 'James Oh & Associates', 'slug': 'james-oh-associates', 'games_count': 1, 'image_background': 'https://media.rawg.io/media/screenshots/22e/22ed48ce409421d2b511352aca0a539d.jpg'}, {'id': 26538, 'name': 'Michael Patricios', 'slug': 'michael-patricios', 'games_count': 5, 'image_background': 'https://media.rawg.io/media/screenshots/22e/22ed48ce409421d2b511352aca0a539d.jpg'}, {'id': 38068, 'name': 'Nicholas Dean', 'slug': 'nicholas-dean', 'games_count': 8, 'image_background': 'https://media.rawg.io/media/screenshots/ef8/ef8e22c150a22092dab5b9f4a2680066.jpg'}]",,,"The classic game of Reversi, also known as Othello, is a much-loved strategy board game. It is often described as taking only a minute to learn but a lifetime to master. Each game only takes a few minutes and can be played by all ages. This continues to be one of the most sought-after versions of the game for the natural AI when playing against the CPU and the refreshing, crisp graphics.
FEATURES:
- One or two player mode
- Six levels of difficulty from beginner to guru
- Each level has its own style of play
- Strong computer opponent at higher levels
- Very fast computer play, even on the highest level
- Hints option to help improve your game play
- NEW! Load/save games to/from file
- NEW! Custom board setup
- Four gorgeously styled boards
- Retina enhanced graphics
- Animated pieces
- Sound effects
- Unlimited undo and redo
- Scoreboard
- Auto-save game in progress
- Play with mouse or keyboard
Praise for the iPhone version:
""There are several free Reversi games in the app store, but none have the breadth of options or depth of AI of this paid version. AppCraver looks forward to seeing what developer Kiss The Machine comes up with next"" - www.appcraver.com
""For those who are serious about playing Reversi and want a serious AI challenge get this one"" - mrbass.org best iPhone and iPod Touch games",2.0,11.0,3.0,2.0,3.0,,,,,,,,,,,,,2.0,Everyone 10+,everyone-10-plus,,,,0.0,
55075,mind-forever-voyaging-a,A Mind Forever Voyaging,A Mind Forever Voyaging,"<p>A Mind Forever Voyaging (AMFV) is a 1985 interactive fiction game designed and implemented by Steve Meretzky and published by Infocom. The name is taken from book three of The Prelude by William Wordsworth:</p>
<p>AMFV was not a conventional Infocom adventure, having only a single puzzle near the end of the game. Unlike most other Infocom titles, particularly those written by Steve Meretzky, the game had a serious tone and a political theme, attributes which the company would revisit with the following year's Trinity. The game is among Infocom's most respected titles, although it was not a commercial success. It was also the first of the ""Interactive Fiction Plus"" line, meaning that AMFV had greater memory requirements, unlike earlier Infocom games that used a less advanced version of the company's Z-machine interpreter. It is Infocom's seventeenth game. The game was explicitly intended as a polemical critique of Ronald Reagan's political policies.</p>",,[],1985-01-01,False,2023-02-08T10:51:37,https://media.rawg.io/media/screenshots/87b/87b222faa36f5b6241a60abc075e0a3a.jpg,https://media.rawg.io/media/screenshots/a09/a0912fdb028d04c32f29fa5a7eafca16.jpg,,0.0,0,"[{'id': 5, 'title': 'exceptional', 'count': 2, 'percent': 66.67}, {'id': 1, 'title': 'skip', 'count': 1, 'percent': 33.33}]",21,0,12,0,6,0,0,,,,,0,0,0,0,3,125,[],,0,0,0,,3,0f0f0f,0f0f0f,"[{'platform': {'id': 1, 'name': 'PC', 'slug': 'pc'}}, {'platform': {'id': 5, 'name': 'Apple Macintosh', 'slug': 'mac'}}, {'platform': {'id': 9, 'name': 'Atari', 'slug': 'atari'}}, {'platform': {'id': 10, 'name': 'Commodore / Amiga', 'slug': 'commodore-amiga'}}]","[{'platform': {'id': 166, 'name': 'Commodore / Amiga', 'slug': 'commodore-amiga', 'image': None, 'year_end': None, 'year_start': None, 'games_count': 2083, 'image_background': 'https://media.rawg.io/media/games/cce/cce8bebe861f295003f5a9fe5b11233f.jpg'}, 'released_at': '1985-08-14', 'requirements': {}}, {'platform': {'id': 41, 'name': 'Apple II', 'slug': 'apple-ii', 'image': None, 'year_end': None, 'year_start': None, 'games_count': 424, 'image_background': 'https://media.rawg.io/media/screenshots/3d2/3d2bb57b39e2efa39d1c385585b2ea8b.jpg'}, 'released_at': '1985-08-14', 'requirements': {}}, {'platform': {'id': 55, 'name': 'Classic Macintosh', 'slug': 'macintosh', 'image': None, 'year_end': None, 'year_start': None, 'games_count': 675, 'image_background': 'https://media.rawg.io/media/games/38a/38af969459ad6e5de116ec8a4a84218c.jpg'}, 'released_at': '1985-08-14', 'requirements': {}}, {'platform': {'id': 34, 'name': 'Atari ST', 'slug': 'atari-st', 'image': None, 'year_end': None, 'year_start': None, 'games_count': 836, 'image_background': 'https://media.rawg.io/media/games/637/637d7dc2f44d0f6ddd3ee2c0b1366962.jpg'}, 'released_at': '1985-08-14', 'requirements': {}}, {'platform': {'id': 4, 'name': 'PC', 'slug': 'pc', 'image': None, 'year_end': None, 'year_start': None, 'games_count': 547196, 'image_background': 'https://media.rawg.io/media/games/6fc/6fcf4cd3b17c288821388e6085bb0fc9.jpg'}, 'released_at': '1985-08-14', 'requirements': {}}]",[],"[{'id': 12929, 'name': 'Infocom', 'slug': 'infocom', 'games_count': 48, 'image_background': 'https://media.rawg.io/media/screenshots/782/7822ae77e839fa2db05cd53d08225dd8.jpg'}]","[{'id': 3, 'name': 'Adventure', 'slug': 'adventure', 'games_count': 146481, 'image_background': 'https://media.rawg.io/media/games/b6b/b6b20bfc4b34e312dbc8aac53c95a348.jpg'}]","[{'id': 31, 'name': 'Singleplayer', 'slug': 'singleplayer', 'language': 'eng', 'games_count': 238404, 'image_background': 'https://media.rawg.io/media/games/26d/26d4437715bee60138dab4a7c8c59c92.jpg'}]","[{'id': 11435, 'name': 'Infocom', 'slug': 'infocom', 'games_count': 45, 'image_background': 'https://media.rawg.io/media/screenshots/3d4/3d4094f02e71cb3439ab3c8af62809c0.jpg'}, {'id': 20239, 'name': 'Commodore 128', 'slug': 'commodore-128', 'games_count': 1, 'image_background': 'https://media.rawg.io/media/screenshots/87b/87b222faa36f5b6241a60abc075e0a3a.jpg'}]",,,"A Mind Forever Voyaging (AMFV) is a 1985 interactive fiction game designed and implemented by Steve Meretzky and published by Infocom. The name is taken from book three of The Prelude by William Wordsworth:
AMFV was not a conventional Infocom adventure, having only a single puzzle near the end of the game. Unlike most other Infocom titles, particularly those written by Steve Meretzky, the game had a serious tone and a political theme, attributes which the company would revisit with the following year's Trinity. The game is among Infocom's most respected titles, although it was not a commercial success. It was also the first of the ""Interactive Fiction Plus"" line, meaning that AMFV had greater memory requirements, unlike earlier Infocom games that used a less advanced version of the company's Z-machine interpreter. It is Infocom's seventeenth game. The game was explicitly intended as a polemical critique of Ronald Reagan's political policies.",2.0,7.0,5.0,5.0,2.0,,,,,,,,,,,,,,,,,,,0.0,
29513,f-15-strike-eagle,F-15 Strike Eagle,F-15 Strike Eagle,"Select a mission and you are immediately transported into the sophisticated cockpit of an F-15 fighter, fully armed for combat and heading into enemy airspace at high-speed.<br/>
<br/>
Developed by the legendary Sid Meier, F-15 Strike Eagle has been described as a “mega hit” and a “blockbuster.” It was named Computer Gaming World’s “Action Game of the Year” in 1985. <br/>
<br/>
Much like Sid Meier’s earlier Command Series titles, the gameplay is based on real life missions flown by F-15 fighter pilots in the Middle East and Asia in the 1970s and 80s. Meier collaborated with Air Force pilot John W. “Bill” Stealy to ensure the game’s accuracy. F-15 Strike Eagle marries authentic combat simulation with arcade action for an incredibly satisfying experience.<br/>
<br/>
Using your arsenal of missiles, bombs, and cannons to take out a variety of ground targets, if you can survive air-to-air combat from enemy fighters. Choose from seven missions, including strikes in Libya, Egypt, Iran and above the Persian Gulf in the Middle East, and strikes in Haiphong and Hanoi in Vietnam.<br/>
<br/>
-	Seven authentic missions, and infinite scenarios<br/>
-	Four skill levels, including arcade for less-experienced pilots<br/>
-	Heads Up Display (HUD), airborne radar, and ground tracking target display<br/>
-	Air-to-air missiles, cannon and high explosive bombs<br/>
-	Electronic countermeasures (ECM), surface-to-air missile indicators, chaff and flares<br/>
-	Single-player<br/>
<br/>
Sid Meier is one of the most well-known and prolific strategy video game designer-producers. F-15 Strike Eagle was first published in 1985 under the Microprose label.",,[],1985-01-01,False,2023-04-15T23:16:28,https://media.rawg.io/media/screenshots/653/653c53771aeea2b8758f104c641f9817.jpg,https://media.rawg.io/media/screenshots/f58/f58da8529f028534f91394a69eade12d.jpg,,0.0,4,"[{'id': 4, 'title': 'recommended', 'count': 3, 'percent': 60.0}, {'id': 3, 'title': 'meh', 'count': 2, 'percent': 40.0}]",21,0,5,0,0,0,0,,,,,0,0,0,0,5,178,[],,0,0,0,,5,0f0f0f,0f0f0f,"[{'platform': {'id': 1, 'name': 'PC', 'slug': 'pc'}}, {'platform': {'id': 5, 'name': 'Apple Macintosh', 'slug': 'mac'}}, {'platform': {'id': 7, 'name': 'Nintendo', 'slug': 'nintendo'}}, {'platform': {'id': 9, 'name': 'Atari', 'slug': 'atari'}}, {'platform': {'id': 10, 'name': 'Commodore / Amiga', 'slug': 'commodore-amiga'}}, {'platform': {'id': 11, 'name': 'SEGA', 'slug': 'sega'}}]","[{'platform': {'id': 34, 'name': 'Atari ST', 'slug': 'atari-st', 'image': None, 'year_end': None, 'year_start': None, 'games_count': 836, 'image_background': 'https://media.rawg.io/media/games/637/637d7dc2f44d0f6ddd3ee2c0b1366962.jpg'}, 'released_at': '1985-01-01', 'requirements': {}}, {'platform': {'id': 41, 'name': 'Apple II', 'slug': 'apple-ii', 'image': None, 'year_end': None, 'year_start': None, 'games_count': 424, 'image_background': 'https://media.rawg.io/media/screenshots/3d2/3d2bb57b39e2efa39d1c385585b2ea8b.jpg'}, 'released_at': '1985-01-01', 'requirements': {}}, {'platform': {'id': 25, 'name': 'Atari 8-bit', 'slug': 'atari-8-bit', 'image': None, 'year_end': None, 'year_start': None, 'games_count': 308, 'image_background': 'https://media.rawg.io/media/screenshots/038/0385a47d3a43b218204268af5361a19e.jpg'}, 'released_at': '1985-01-01', 'requirements': {}}, {'platform': {'id': 77, 'name': 'Game Gear', 'slug': 'game-gear', 'image': None, 'year_end': None, 'year_start': None, 'games_count': 228, 'image_background': 'https://media.rawg.io/media/games/e48/e4852b9be5eb6859870288d91f74aab6.jpg'}, 'released_at': '1985-01-01', 'requirements': {}}, {'platform': {'id': 26, 'name': 'Game Boy', 'slug': 'game-boy', 'image': None, 'year_end': None, 'year_start': None, 'games_count': 617, 'image_background': 'https://media.rawg.io/media/games/057/0573c1c9e1f2414c1f4acabe86ee9fd9.jpg'}, 'released_at': '1985-01-01', 'requirements': {}}, {'platform': {'id': 49, 'name': 'NES', 'slug': 'nes', 'image': None, 'year_end': None, 'year_start': None, 'games_count': 1015, 'image_background': 'https://media.rawg.io/media/games/7c5/7c50dd0415eb0a57505c58d4e50e4d24.jpg'}, 'released_at': '1985-01-01', 'requirements': {}}, {'platform': {'id': 166, 'name': 'Commodore / Amiga', 'slug': 'commodore-amiga', 'image': None, 'year_end': None, 'year_start': None, 'games_count': 2083, 'image_background': 'https://media.rawg.io/media/games/cce/cce8bebe861f295003f5a9fe5b11233f.jpg'}, 'released_at': '1985-01-01', 'requirements': {}}, {'platform': {'id': 4, 'name': 'PC', 'slug': 'pc', 'image': None, 'year_end': None, 'year_start': None, 'games_count': 547196, 'image_background': 'https://media.rawg.io/media/games/6fc/6fcf4cd3b17c288821388e6085bb0fc9.jpg'}, 'released_at': '2022-01-20', 'requirements': {'minimum': 'Minimum:\nOS: Windows 7 or higher\nProcessor: Pentium 4 or higher\nMemory: 256 MB RAM\nGraphics: DirectX 9 compatible\nStorage: 100 MB available space\nAdditional Notes: Powered by dosbox'}}]","[{'id': 720773, 'url': '', 'store': {'id': 1, 'name': 'Steam', 'slug': 'steam', 'domain': 'store.steampowered.com', 'games_count': 110181, 'image_background': 'https://media.rawg.io/media/games/7fa/7fa0b586293c5861ee32490e953a4996.jpg'}}]","[{'id': 14511, 'name': 'MicroProse Software', 'slug': 'microprose-software', 'games_count': 122, 'image_background': 'https://media.rawg.io/media/screenshots/5e9/5e92af32e3cf118d0aa6a64acfd89ada.jpg'}]","[{'id': 14, 'name': 'Simulation', 'slug': 'simulation', 'games_count': 73491, 'image_background': 'https://media.rawg.io/media/games/48c/48cb04ca483be865e3a83119c94e6097.jpg'}]","[{'id': 31, 'name': 'Singleplayer', 'slug': 'singleplayer', 'language': 'eng', 'games_count': 238404, 'image_background': 'https://media.rawg.io/media/games/26d/26d4437715bee60138dab4a7c8c59c92.jpg'}, {'id': 122, 'name': 'Pixel Graphics', 'slug': 'pixel-graphics', 'language': 'eng', 'games_count': 96617, 'image_background': 'https://media.rawg.io/media/games/ffe/ffed87105b14f5beff72ff44a7793fd5.jpg'}, {'id': 74, 'name': 'Retro', 'slug': 'retro', 'language': 'eng', 'games_count': 43195, 'image_background': 'https://media.rawg.io/media/games/e04/e04963f3ac4c4fa83a1dc0b9231e50db.jpg'}, {'id': 81, 'name': 'Military', 'slug': 'military', 'language': 'eng', 'games_count': 2249, 'image_background': 'https://media.rawg.io/media/games/8bd/8bd24e3c15354a9555bb1437fe555a69.jpg'}, {'id': 224, 'name': '1980s', 'slug': '1980s', 'language': 'eng', 'games_count': 3001, 'image_background': 'https://media.rawg.io/media/games/64a/64a7789943fe9f9d9c93f3a286ee7b20.jpg'}, {'id': 53, 'name': 'Flight', 'slug': 'flight', 'language': 'eng', 'games_count': 4586, 'image_background': 'https://media.rawg.io/media/games/0fc/0fc933e3dfbbf4306840ef429d73fa9a.jpg'}, {'id': 104, 'name': 'Wargame', 'slug': 'wargame', 'language': 'eng', 'games_count': 1712, 'image_background': 'https://media.rawg.io/media/screenshots/08f/08f861f3999fd86336a7917d6947c9a5.jpg'}]","[{'id': 1779, 'name': 'Atari', 'slug': 'atari', 'games_count': 507, 'image_background': 'https://media.rawg.io/media/games/d82/d82dbcf92ded452bf8c6fb1bbdd62e52.jpg'}, {'id': 11455, 'name': 'MicroProse', 'slug': 'microprose', 'games_count': 130, 'image_background': 'https://media.rawg.io/media/screenshots/05f/05f21409dac9ce60809bc1bce40d657a.jpg'}]",,,"Select a mission and you are immediately transported into the sophisticated cockpit of an F-15 fighter, fully armed for combat and heading into enemy airspace at high-speed.
Developed by the legendary Sid Meier, F-15 Strike Eagle has been described as a “mega hit” and a “blockbuster.” It was named Computer Gaming World’s “Action Game of the Year” in 1985.
Much like Sid Meier’s earlier Command Series titles, the gameplay is based on real life missions flown by F-15 fighter pilots in the Middle East and Asia in the 1970s and 80s. Meier collaborated with Air Force pilot John W. “Bill” Stealy to ensure the game’s accuracy. F-15 Strike Eagle marries authentic combat simulation with arcade action for an incredibly satisfying experience.
Using your arsenal of missiles, bombs, and cannons to take out a variety of ground targets, if you can survive air-to-air combat from enemy fighters. Choose from seven missions, including strikes in Libya, Egypt, Iran and above the Persian Gulf in the Middle East, and strikes in Haiphong and Hanoi in Vietnam.
-	Seven authentic missions, and infinite scenarios
-	Four skill levels, including arcade for less-experienced pilots
-	Heads Up Display (HUD), airborne radar, and ground tracking target display
-	Air-to-air missiles, cannon and high explosive bombs
-	Electronic countermeasures (ECM), surface-to-air missile indicators, chaff and flares
-	Single-player
Sid Meier is one of the most well-known and prolific strategy video game designer-producers. F-15 Strike Eagle was first published in 1985 under the Microprose label.",1.0,10.0,3.0,2.0,5.0,,,,,,,,,,,,,,,,,,,,
53925,mach-rider-1985,Mach Rider (1985),Mach Rider (1985),"<p>Mach Rider (マッハライダー, Mahha Raidā) is a futuristic driving video game created by Nintendo. It was first released in 1985 for the Nintendo Entertainment System. The Family Computer version can use the Famicom Data Recorder to save custom tracks.<br />
It was released on the Virtual Console for the Wii (2007), Nintendo 3DS (2013) and Wii U (2014). While the feature was only available in the Famicom version in the original releases, all versions of the Virtual Console release except for the 3DS version can save custom tracks.</p>",,[],1985-10-18,False,2023-10-11T19:37:43,https://media.rawg.io/media/games/f48/f48a2db925671e4ab1a401b6c1473b75.jpg,https://media.rawg.io/media/screenshots/bb7/bb7f9ae68d5f546e7336d60ca3c442e1.jpg,,2.33,3,"[{'id': 3, 'title': 'meh', 'count': 4, 'percent': 66.67}, {'id': 1, 'title': 'skip', 'count': 2, 'percent': 33.33}]",20,0,4,0,2,0,0,,,,,0,0,0,0,6,78,[],,0,0,0,,6,0f0f0f,0f0f0f,"[{'platform': {'id': 7, 'name': 'Nintendo', 'slug': 'nintendo'}}]","[{'platform': {'id': 8, 'name': 'Nintendo 3DS', 'slug': 'nintendo-3ds', 'image': None, 'year_end': None, 'year_start': None, 'games_count': 1682, 'image_background': 'https://media.rawg.io/media/screenshots/42d/42d770eb49f2ba01cd4045e0d92af7a9.jpg'}, 'released_at': '1985-10-18', 'requirements': {}}, {'platform': {'id': 10, 'name': 'Wii U', 'slug': 'wii-u', 'image': None, 'year_end': None, 'year_start': None, 'games_count': 1114, 'image_background': 'https://media.rawg.io/media/games/85c/85c8ae70e7cdf0105f06ef6bdce63b8b.jpg'}, 'released_at': '1985-10-18', 'requirements': {}}, {'platform': {'id': 11, 'name': 'Wii', 'slug': 'wii', 'image': None, 'year_end': None, 'year_start': None, 'games_count': 2209, 'image_background': 'https://media.rawg.io/media/games/9ca/9ca31615beee447f3ae1dc9b3b736dce.jpg'}, 'released_at': '1985-10-18', 'requirements': {}}, {'platform': {'id': 49, 'name': 'NES', 'slug': 'nes', 'image': None, 'year_end': None, 'year_start': None, 'games_count': 1015, 'image_background': 'https://media.rawg.io/media/games/7c5/7c50dd0415eb0a57505c58d4e50e4d24.jpg'}, 'released_at': '1985-10-18', 'requirements': {}}]",[],"[{'id': 16257, 'name': 'Nintendo', 'slug': 'nintendo', 'games_count': 426, 'image_background': 'https://media.rawg.io/media/games/d9c/d9c8b7edc78391619566adfeb52b5a9a.jpg'}, {'id': 14505, 'name': 'HAL Laboratory', 'slug': 'hal-laboratory', 'games_count': 61, 'image_background': 'https://media.rawg.io/media/screenshots/f19/f19840339a403fd40d43a633f4e96428.jpg'}]",[],"[{'id': 31, 'name': 'Singleplayer', 'slug': 'singleplayer', 'language': 'eng', 'games_count': 238404, 'image_background': 'https://media.rawg.io/media/games/26d/26d4437715bee60138dab4a7c8c59c92.jpg'}]","[{'id': 10681, 'name': 'Nintendo', 'slug': 'nintendo', 'games_count': 1235, 'image_background': 'https://media.rawg.io/media/games/dd1/dd167cf8753db3748a975d61cc926e54.jpg'}]",,,"Mach Rider (マッハライダー, Mahha Raidā) is a futuristic driving video game created by Nintendo. It was first released in 1985 for the Nintendo Entertainment System. The Family Computer version can use the Famicom Data Recorder to save custom tracks.
It was released on the Virtual Console for the Wii (2007), Nintendo 3DS (2013) and Wii U (2014). While the feature was only available in the Famicom version in the original releases, all versions of the Virtual Console release except for the 3DS version can save custom tracks.",,7.0,3.0,2.0,8.0,,,,,,,,,,,,,,,,,,,,
53924,tag-team-match-muscle,M.U.S.C.L.E.: Tag Team Match,M.U.S.C.L.E.: Tag Team Match,"<p>Tag Team Match: M.U.S.C.L.E. (キン肉マン マッスルタッグマッチ, Kinnikuman: Massuru Taggu Matchi, &quot;Kinnikuman Muscle Tag Match&quot;) is based on characters from Yudetamago&#39;s manga and anime series Kinnikuman.<br />
It has eight playable characters, each with his own special move. The game was followed by a 1987 Japan-only sequel for the Famicom Disk System titled, Kinnikuman: Kinniku-sei Ōi Sōdatsusen (キン肉マン キン肉星王位争奪戦, Kinnikuman: Scramble for the Throne).</p>",,[],1985-11-08,False,2024-10-01T15:20:57,https://media.rawg.io/media/games/5c3/5c3bc8d82bba57875080fbdfad6e2969.jpg,https://media.rawg.io/media/screenshots/3c7/3c7aa5e81b1ea50c6af939bad10bfd73.jpg,,3.71,4,"[{'id': 4, 'title': 'recommended', 'count': 3, 'percent': 42.86}, {'id': 5, 'title': 'exceptional', 'count': 2, 'percent': 28.57}, {'id': 3, 'title': 'meh', 'count': 1, 'percent': 14.29}, {'id': 1, 'title': 'skip', 'count': 1, 'percent': 14.29}]",20,0,8,0,0,0,0,,,,,0,0,0,0,7,118,"['Kinnikuman: Massuru Taggu Matchi', 'Kinnikuman: Muscle Tag Match', 'キン肉マン マッスルタッグマッチ']",,0,0,2,,7,0f0f0f,0f0f0f,"[{'platform': {'id': 7, 'name': 'Nintendo', 'slug': 'nintendo'}}]","[{'platform': {'id': 49, 'name': 'NES', 'slug': 'nes', 'image': None, 'year_end': None, 'year_start': None, 'games_count': 1015, 'image_background': 'https://media.rawg.io/media/games/7c5/7c50dd0415eb0a57505c58d4e50e4d24.jpg'}, 'released_at': '1985-11-08', 'requirements': {}}]",[],"[{'id': 18965, 'name': 'Tose', 'slug': 'tose', 'games_count': 104, 'image_background': 'https://media.rawg.io/media/screenshots/b99/b99368acaff24dbda444f4ed613fedd1.jpg'}, {'id': 25953, 'name': 'Tose Co.', 'slug': 'tose-co', 'games_count': 48, 'image_background': 'https://media.rawg.io/media/games/9aa/9aabe0a6f09a76901f0b8e2e9999333b.jpg'}]","[{'id': 15, 'name': 'Sports', 'slug': 'sports', 'games_count': 22123, 'image_background': 'https://media.rawg.io/media/games/5eb/5eb49eb2fa0738fdb5bacea557b1bc57.jpg'}, {'id': 6, 'name': 'Fighting', 'slug': 'fighting', 'games_count': 11763, 'image_background': 'https://media.rawg.io/media/games/35b/35b47c4d85cd6e08f3e2ca43ea5ce7bb.jpg'}]","[{'id': 31, 'name': 'Singleplayer', 'slug': 'singleplayer', 'language': 'eng', 'games_count': 238404, 'image_background': 'https://media.rawg.io/media/games/26d/26d4437715bee60138dab4a7c8c59c92.jpg'}, {'id': 7, 'name': 'Multiplayer', 'slug': 'multiplayer', 'language': 'eng', 'games_count': 40505, 'image_background': 'https://media.rawg.io/media/games/021/021c4e21a1824d2526f925eff6324653.jpg'}]","[{'id': 11287, 'name': 'Bandai', 'slug': 'bandai', 'games_count': 212, 'image_background': 'https://media.rawg.io/media/games/dea/dea3ffd2ee465017a545b240a8fe63bb.jpg'}]",,,"Tag Team Match: M.U.S.C.L.E. (キン肉マン マッスルタッグマッチ, Kinnikuman: Massuru Taggu Matchi, ""Kinnikuman Muscle Tag Match"") is based on characters from Yudetamago's manga and anime series Kinnikuman.
It has eight playable characters, each with his own special move. The game was followed by a 1987 Japan-only sequel for the Famicom Disk System titled, Kinnikuman: Kinniku-sei Ōi Sōdatsusen (キン肉マン キン肉星王位争奪戦, Kinnikuman: Scramble for the Throne).",,7.0,4.0,2.0,7.0,,,,,,,,,,,,,2.0,Everyone 10+,everyone-10-plus,,,,,
56682,outlaws-1985,Outlaws (1985),Outlaws (1985),"<p>Outlaws is a video game for the Commodore 64 developed and released by Ultimate Play the Game in 1985. In a break from earlier arcade adventure titles such as The Staff of Karnath and Entombed, Outlaws is a straightforward shooter game and does not feature the aristocrat adventurer, <em>Sir Arthur Pendragon</em>. Outlaws was released on the Commodore 64 at the same time as another wild west-themed title, Gunfright, for the ZX Spectrum. The game was created by brothers Dave and Robert (Bob) Thomas.</p>",,[],1985-01-01,False,2019-08-28T22:25:55,https://media.rawg.io/media/screenshots/94c/94c89990622d31e83712bd454b7c563a.jpg,https://media.rawg.io/media/screenshots/1ab/1aba217ccce06d8b85e39c104f5ec719.jpg,,0.0,0,"[{'id': 4, 'title': 'recommended', 'count': 2, 'percent': 100.0}]",19,0,6,0,0,0,0,,,,,0,0,0,0,2,200,[],,0,0,0,,2,0f0f0f,0f0f0f,"[{'platform': {'id': 10, 'name': 'Commodore / Amiga', 'slug': 'commodore-amiga'}}]","[{'platform': {'id': 166, 'name': 'Commodore / Amiga', 'slug': 'commodore-amiga', 'image': None, 'year_end': None, 'year_start': None, 'games_count': 2083, 'image_background': 'https://media.rawg.io/media/games/cce/cce8bebe861f295003f5a9fe5b11233f.jpg'}, 'released_at': '1985-01-01', 'requirements': {}}]",[],"[{'id': 27399, 'name': 'Ultimate Play the Game', 'slug': 'ultimate-play-the-game', 'games_count': 8, 'image_background': 'https://media.rawg.io/media/screenshots/7a5/7a5a2fc9e2813ff30471f86d5378e1eb.jpg'}]","[{'id': 2, 'name': 'Shooter', 'slug': 'shooter', 'games_count': 59560, 'image_background': 'https://media.rawg.io/media/games/d58/d588947d4286e7b5e0e12e1bea7d9844.jpg'}]","[{'id': 31, 'name': 'Singleplayer', 'slug': 'singleplayer', 'language': 'eng', 'games_count': 238404, 'image_background': 'https://media.rawg.io/media/games/26d/26d4437715bee60138dab4a7c8c59c92.jpg'}]","[{'id': 20498, 'name': 'Ultimate Play the Game', 'slug': 'ultimate-play-the-game', 'games_count': 10, 'image_background': 'https://media.rawg.io/media/screenshots/94c/94c89990622d31e83712bd454b7c563a.jpg'}]",,,"Outlaws is a video game for the Commodore 64 developed and released by Ultimate Play the Game in 1985. In a break from earlier arcade adventure titles such as The Staff of Karnath and Entombed, Outlaws is a straightforward shooter game and does not feature the aristocrat adventurer, Sir Arthur Pendragon. Outlaws was released on the Commodore 64 at the same time as another wild west-themed title, Gunfright, for the ZX Spectrum. The game was created by brothers Dave and Robert (Bob) Thomas.",,9.0,5.0,2.0,2.0,1.0,,,,,,,,,,,,,,,,,,0.0,
34244,balance-of-power,Balance of Power,Balance of Power,"<p>Balance of Power is a strategy game developed by Chris Crawford. It came out on 01-09-1985. MINDSCAPE published the game. Most rawgers rated the game as ""Recommended"". <br>Balance of Power is available on Atari ST, Apple II, Classic Macintosh and Commodore / Amiga. </p>

<p></p>",,[],1985-09-01,False,2023-02-08T10:51:35,https://media.rawg.io/media/screenshots/228/228c7091a10be1e9ab7477f52bea07b7.jpg,https://media.rawg.io/media/screenshots/843/843c3bad1184d9554af1d27fed8f36eb.jpg,,0.0,0,"[{'id': 4, 'title': 'recommended', 'count': 1, 'percent': 33.33}, {'id': 3, 'title': 'meh', 'count': 1, 'percent': 33.33}, {'id': 1, 'title': 'skip', 'count': 1, 'percent': 33.33}]",19,0,5,0,0,0,0,,,,,0,0,0,0,3,57,[],,0,0,0,,3,0f0f0f,0f0f0f,"[{'platform': {'id': 1, 'name': 'PC', 'slug': 'pc'}}, {'platform': {'id': 5, 'name': 'Apple Macintosh', 'slug': 'mac'}}, {'platform': {'id': 9, 'name': 'Atari', 'slug': 'atari'}}, {'platform': {'id': 10, 'name': 'Commodore / Amiga', 'slug': 'commodore-amiga'}}]","[{'platform': {'id': 34, 'name': 'Atari ST', 'slug': 'atari-st', 'image': None, 'year_end': None, 'year_start': None, 'games_count': 836, 'image_background': 'https://media.rawg.io/media/games/637/637d7dc2f44d0f6ddd3ee2c0b1366962.jpg'}, 'released_at': '1985-09-01', 'requirements': {}}, {'platform': {'id': 41, 'name': 'Apple II', 'slug': 'apple-ii', 'image': None, 'year_end': None, 'year_start': None, 'games_count': 424, 'image_background': 'https://media.rawg.io/media/screenshots/3d2/3d2bb57b39e2efa39d1c385585b2ea8b.jpg'}, 'released_at': '1985-09-01', 'requirements': {}}, {'platform': {'id': 55, 'name': 'Classic Macintosh', 'slug': 'macintosh', 'image': None, 'year_end': None, 'year_start': None, 'games_count': 675, 'image_background': 'https://media.rawg.io/media/games/38a/38af969459ad6e5de116ec8a4a84218c.jpg'}, 'released_at': '1985-09-01', 'requirements': {}}, {'platform': {'id': 166, 'name': 'Commodore / Amiga', 'slug': 'commodore-amiga', 'image': None, 'year_end': None, 'year_start': None, 'games_count': 2083, 'image_background': 'https://media.rawg.io/media/games/cce/cce8bebe861f295003f5a9fe5b11233f.jpg'}, 'released_at': '1985-09-01', 'requirements': {}}, {'platform': {'id': 4, 'name': 'PC', 'slug': 'pc', 'image': None, 'year_end': None, 'year_start': None, 'games_count': 547196, 'image_background': 'https://media.rawg.io/media/games/6fc/6fcf4cd3b17c288821388e6085bb0fc9.jpg'}, 'released_at': '1986-01-01', 'requirements': {}}]",[],"[{'id': 16597, 'name': 'Chris Crawford', 'slug': 'chris-crawford', 'games_count': 4, 'image_background': 'https://media.rawg.io/media/screenshots/d4c/d4cca57adca67a95d5ec864865069755_WMiMGAH.jpg'}]","[{'id': 10, 'name': 'Strategy', 'slug': 'strategy', 'games_count': 59661, 'image_background': 'https://media.rawg.io/media/games/08b/08b2eee52a9876a48b955e5149affe5b.jpg'}]","[{'id': 31, 'name': 'Singleplayer', 'slug': 'singleplayer', 'language': 'eng', 'games_count': 238404, 'image_background': 'https://media.rawg.io/media/games/26d/26d4437715bee60138dab4a7c8c59c92.jpg'}, {'id': 7, 'name': 'Multiplayer', 'slug': 'multiplayer', 'language': 'eng', 'games_count': 40505, 'image_background': 'https://media.rawg.io/media/games/021/021c4e21a1824d2526f925eff6324653.jpg'}, {'id': 383, 'name': 'hotseat', 'slug': 'hotseat', 'language': 'eng', 'games_count': 54, 'image_background': 'https://media.rawg.io/media/screenshots/c80/c803781de21cd3bd8634d816e9ee23e5.jpg'}]","[{'id': 10943, 'name': 'MINDSCAPE', 'slug': 'mindscape', 'games_count': 108, 'image_background': 'https://media.rawg.io/media/screenshots/0b1/0b12ddf58af6047922a20dd0d310ad18.jpg'}]",,,,1.0,8.0,4.0,5.0,1.0,,,,,,,,,,,,,,,,,,,0.0,
368966,zippy-race,Zippy Race,Zippy Race,"<p>Zippy Race is a racing game developed by Irem. It came out on 18-07-1985. It was published by IREM. Most rawgers rated the game as ""Recommended"". <br>Zippy Race is available on NES. </p>

<p></p>",,[],1985-07-18,False,2022-08-18T15:28:33,https://media.rawg.io/media/screenshots/c8a/c8a830a057d36ad47d63de8fe42cbc15.jpg,https://media.rawg.io/media/screenshots/19f/19fcd854c3e6bccef8cd43d61cf00583.jpg,,0.0,4,"[{'id': 4, 'title': 'recommended', 'count': 2, 'percent': 40.0}, {'id': 3, 'title': 'meh', 'count': 2, 'percent': 40.0}, {'id': 5, 'title': 'exceptional', 'count': 1, 'percent': 20.0}]",18,0,3,0,0,0,0,,,,,0,0,0,0,5,81,[],,0,0,0,,5,0f0f0f,0f0f0f,"[{'platform': {'id': 7, 'name': 'Nintendo', 'slug': 'nintendo'}}]","[{'platform': {'id': 49, 'name': 'NES', 'slug': 'nes', 'image': None, 'year_end': None, 'year_start': None, 'games_count': 1015, 'image_background': 'https://media.rawg.io/media/games/7c5/7c50dd0415eb0a57505c58d4e50e4d24.jpg'}, 'released_at': '1985-07-18', 'requirements': {}}]",[],"[{'id': 19513, 'name': 'Irem', 'slug': 'irem', 'games_count': 45, 'image_background': 'https://media.rawg.io/media/screenshots/40d/40d10bba809775a9a58fb4dfffa4a956.jpg'}]","[{'id': 1, 'name': 'Racing', 'slug': 'racing', 'games_count': 25359, 'image_background': 'https://media.rawg.io/media/screenshots/69b/69bb243ea9896ddfc2e051b58e81624d.jpg'}]",[],"[{'id': 10896, 'name': 'IREM', 'slug': 'irem', 'games_count': 50, 'image_background': 'https://media.rawg.io/media/screenshots/474/4749fa343d4c4143d034f4a4fe6f71d7.jpg'}]",,,,,6.0,5.0,1.0,6.0,,,,,,,,,,,,,,,,,,,,
56385,championship-lode-runner,Championship Lode Runner,Championship Lode Runner,<p>Championship Lode Runner is a sequel to the video game Lode Runner. It consists of levels that are much more challenging than those in the original Lode Runner.</p>,,[],1985-04-17,False,2019-08-28T22:00:31,https://media.rawg.io/media/screenshots/e63/e63b5026d81fc394dd00b157ff406e2c.jpg,https://media.rawg.io/media/screenshots/a60/a60d46a924ff96d2cbbe66caa420271f.jpg,,0.0,0,"[{'id': 3, 'title': 'meh', 'count': 3, 'percent': 100.0}]",18,0,16,0,1,0,0,,,,,0,0,0,1,2,213,[],,0,0,14,,3,0f0f0f,0f0f0f,"[{'platform': {'id': 5, 'name': 'Apple Macintosh', 'slug': 'mac'}}, {'platform': {'id': 7, 'name': 'Nintendo', 'slug': 'nintendo'}}, {'platform': {'id': 9, 'name': 'Atari', 'slug': 'atari'}}, {'platform': {'id': 10, 'name': 'Commodore / Amiga', 'slug': 'commodore-amiga'}}]","[{'platform': {'id': 11, 'name': 'Wii', 'slug': 'wii', 'image': None, 'year_end': None, 'year_start': None, 'games_count': 2209, 'image_background': 'https://media.rawg.io/media/games/9ca/9ca31615beee447f3ae1dc9b3b736dce.jpg'}, 'released_at': '1985-04-17', 'requirements': {}}, {'platform': {'id': 41, 'name': 'Apple II', 'slug': 'apple-ii', 'image': None, 'year_end': None, 'year_start': None, 'games_count': 424, 'image_background': 'https://media.rawg.io/media/screenshots/3d2/3d2bb57b39e2efa39d1c385585b2ea8b.jpg'}, 'released_at': '1985-04-17', 'requirements': {}}, {'platform': {'id': 25, 'name': 'Atari 8-bit', 'slug': 'atari-8-bit', 'image': None, 'year_end': None, 'year_start': None, 'games_count': 308, 'image_background': 'https://media.rawg.io/media/screenshots/038/0385a47d3a43b218204268af5361a19e.jpg'}, 'released_at': '1985-04-17', 'requirements': {}}, {'platform': {'id': 10, 'name': 'Wii U', 'slug': 'wii-u', 'image': None, 'year_end': None, 'year_start': None, 'games_count': 1114, 'image_background': 'https://media.rawg.io/media/games/85c/85c8ae70e7cdf0105f06ef6bdce63b8b.jpg'}, 'released_at': '1985-04-17', 'requirements': {}}, {'platform': {'id': 49, 'name': 'NES', 'slug': 'nes', 'image': None, 'year_end': None, 'year_start': None, 'games_count': 1015, 'image_background': 'https://media.rawg.io/media/games/7c5/7c50dd0415eb0a57505c58d4e50e4d24.jpg'}, 'released_at': '1985-04-17', 'requirements': {}}, {'platform': {'id': 166, 'name': 'Commodore / Amiga', 'slug': 'commodore-amiga', 'image': None, 'year_end': None, 'year_start': None, 'games_count': 2083, 'image_background': 'https://media.rawg.io/media/games/cce/cce8bebe861f295003f5a9fe5b11233f.jpg'}, 'released_at': '1985-04-17', 'requirements': {}}]",[],"[{'id': 26635, 'name': 'Brøderbund', 'slug': 'broderbund', 'games_count': 21, 'image_background': 'https://media.rawg.io/media/screenshots/b6c/b6c10b7f2247b12d7d4bdfe28ed8b5d8.jpg'}]","[{'id': 7, 'name': 'Puzzle', 'slug': 'puzzle', 'games_count': 97333, 'image_background': 'https://media.rawg.io/media/games/9f4/9f418898f5415668ca47b5f4ab1ecfeb.jpg'}]","[{'id': 31, 'name': 'Singleplayer', 'slug': 'singleplayer', 'language': 'eng', 'games_count': 238404, 'image_background': 'https://media.rawg.io/media/games/26d/26d4437715bee60138dab4a7c8c59c92.jpg'}]","[{'id': 10831, 'name': 'HUDSON SOFT', 'slug': 'hudson-soft', 'games_count': 198, 'image_background': 'https://media.rawg.io/media/games/d51/d519cdf7f6c11951ce87a01fab5ee34e.jpg'}, {'id': 19491, 'name': 'Brøderbund', 'slug': 'broderbund', 'games_count': 32, 'image_background': 'https://media.rawg.io/media/games/054/0540c8fc8eed3fc13d3990f419c61c6f.jpg'}]",,,Championship Lode Runner is a sequel to the video game Lode Runner. It consists of levels that are much more challenging than those in the original Lode Runner.,,7.0,4.0,2.0,5.0,,,,,,,,,,,1.0,,,,,,,,0.0,
55529,little-computer-people,Little Computer People,Little Computer People,"<p>Little Computer People, also called House-on-a-Disk, is a life simulation game released in 1985 by Activision for the Commodore 64, Sinclair ZX Spectrum, Amstrad CPC, Atari ST and Apple II. An Amiga version was released in 1987. Two Japanese versions were also released in 1987, a Family Computer Disk System version, published in Japan by DOG (a subsidiary of Square), and a PC-8801 version.</p>",,[],1985-01-01,False,2024-12-17T04:00:40,https://media.rawg.io/media/screenshots/05a/05ad4cfcfb793cb8ff61657ffd900b36.jpg,https://media.rawg.io/media/screenshots/adb/adb823f7f5b88849ac645d0a29ef26af.jpg,,0.0,0,"[{'id': 5, 'title': 'exceptional', 'count': 1, 'percent': 50.0}, {'id': 3, 'title': 'meh', 'count': 1, 'percent': 50.0}]",18,0,11,0,7,0,0,,,,,0,0,0,0,2,254,['Apple Town Story'],,0,0,0,,2,0f0f0f,0f0f0f,"[{'platform': {'id': 5, 'name': 'Apple Macintosh', 'slug': 'mac'}}, {'platform': {'id': 9, 'name': 'Atari', 'slug': 'atari'}}, {'platform': {'id': 10, 'name': 'Commodore / Amiga', 'slug': 'commodore-amiga'}}]","[{'platform': {'id': 34, 'name': 'Atari ST', 'slug': 'atari-st', 'image': None, 'year_end': None, 'year_start': None, 'games_count': 836, 'image_background': 'https://media.rawg.io/media/games/637/637d7dc2f44d0f6ddd3ee2c0b1366962.jpg'}, 'released_at': '1985-01-01', 'requirements': {}}, {'platform': {'id': 41, 'name': 'Apple II', 'slug': 'apple-ii', 'image': None, 'year_end': None, 'year_start': None, 'games_count': 424, 'image_background': 'https://media.rawg.io/media/screenshots/3d2/3d2bb57b39e2efa39d1c385585b2ea8b.jpg'}, 'released_at': '1985-01-01', 'requirements': {}}, {'platform': {'id': 166, 'name': 'Commodore / Amiga', 'slug': 'commodore-amiga', 'image': None, 'year_end': None, 'year_start': None, 'games_count': 2083, 'image_background': 'https://media.rawg.io/media/games/cce/cce8bebe861f295003f5a9fe5b11233f.jpg'}, 'released_at': '1985-01-01', 'requirements': {}}]",[],"[{'id': 11, 'name': 'Activision', 'slug': 'activision', 'games_count': 163, 'image_background': 'https://media.rawg.io/media/screenshots/d05/d0524e9b2e276dd9c8351881e897f7c9.jpg'}]","[{'id': 14, 'name': 'Simulation', 'slug': 'simulation', 'games_count': 73491, 'image_background': 'https://media.rawg.io/media/games/48c/48cb04ca483be865e3a83119c94e6097.jpg'}]","[{'id': 31, 'name': 'Singleplayer', 'slug': 'singleplayer', 'language': 'eng', 'games_count': 238404, 'image_background': 'https://media.rawg.io/media/games/26d/26d4437715bee60138dab4a7c8c59c92.jpg'}]","[{'id': 10830, 'name': 'Activision Blizzard', 'slug': 'activision-blizzard', 'games_count': 691, 'image_background': 'https://media.rawg.io/media/games/445/44507fdd60a8ec02b1c3c64a293ca754.jpg'}]",,,"Little Computer People, also called House-on-a-Disk, is a life simulation game released in 1985 by Activision for the Commodore 64, Sinclair ZX Spectrum, Amstrad CPC, Atari ST and Apple II. An Amiga version was released in 1987. Two Japanese versions were also released in 1987, a Family Computer Disk System version, published in Japan by DOG (a subsidiary of Square), and a PC-8801 version.",1.0,8.0,2.0,4.0,3.0,,,,,,,,,,,,,,,,,,,0.0,
54975,ballyhoo-1985,Ballyhoo (1985),Ballyhoo (1985),"<p>Ballyhoo is an interactive fiction computer game designed by Jeff O'Neill and published by Infocom in 1985. It was released for ten different 8 and 16-bit platforms, including MS-DOS, Atari ST, and Commodore 64. It is Infocom's nineteenth game.</p>
<p>With a circus-themed plot, the game's tagline was ""Big-time suspense under the Big Top!""</p>",,[],1985-12-15,False,2023-02-08T10:51:35,https://media.rawg.io/media/screenshots/5af/5afe8860eebc7a3f15812e4aafd1be11.jpg,https://media.rawg.io/media/screenshots/2e4/2e463ae0f69af2ff856388aefbee0f2d.jpg,,0.0,0,"[{'id': 4, 'title': 'recommended', 'count': 1, 'percent': 100.0}]",17,0,17,0,1,0,0,,,,,0,0,0,0,1,142,[],,0,0,0,,1,0f0f0f,0f0f0f,"[{'platform': {'id': 1, 'name': 'PC', 'slug': 'pc'}}, {'platform': {'id': 5, 'name': 'Apple Macintosh', 'slug': 'mac'}}, {'platform': {'id': 9, 'name': 'Atari', 'slug': 'atari'}}, {'platform': {'id': 10, 'name': 'Commodore / Amiga', 'slug': 'commodore-amiga'}}]","[{'platform': {'id': 34, 'name': 'Atari ST', 'slug': 'atari-st', 'image': None, 'year_end': None, 'year_start': None, 'games_count': 836, 'image_background': 'https://media.rawg.io/media/games/637/637d7dc2f44d0f6ddd3ee2c0b1366962.jpg'}, 'released_at': '1985-12-15', 'requirements': {}}, {'platform': {'id': 41, 'name': 'Apple II', 'slug': 'apple-ii', 'image': None, 'year_end': None, 'year_start': None, 'games_count': 424, 'image_background': 'https://media.rawg.io/media/screenshots/3d2/3d2bb57b39e2efa39d1c385585b2ea8b.jpg'}, 'released_at': '1985-12-15', 'requirements': {}}, {'platform': {'id': 25, 'name': 'Atari 8-bit', 'slug': 'atari-8-bit', 'image': None, 'year_end': None, 'year_start': None, 'games_count': 308, 'image_background': 'https://media.rawg.io/media/screenshots/038/0385a47d3a43b218204268af5361a19e.jpg'}, 'released_at': '1985-12-15', 'requirements': {}}, {'platform': {'id': 55, 'name': 'Classic Macintosh', 'slug': 'macintosh', 'image': None, 'year_end': None, 'year_start': None, 'games_count': 675, 'image_background': 'https://media.rawg.io/media/games/38a/38af969459ad6e5de116ec8a4a84218c.jpg'}, 'released_at': '1985-12-15', 'requirements': {}}, {'platform': {'id': 166, 'name': 'Commodore / Amiga', 'slug': 'commodore-amiga', 'image': None, 'year_end': None, 'year_start': None, 'games_count': 2083, 'image_background': 'https://media.rawg.io/media/games/cce/cce8bebe861f295003f5a9fe5b11233f.jpg'}, 'released_at': '1985-12-15', 'requirements': {}}, {'platform': {'id': 4, 'name': 'PC', 'slug': 'pc', 'image': None, 'year_end': None, 'year_start': None, 'games_count': 547196, 'image_background': 'https://media.rawg.io/media/games/6fc/6fcf4cd3b17c288821388e6085bb0fc9.jpg'}, 'released_at': '1985-12-15', 'requirements': {}}]",[],"[{'id': 12929, 'name': 'Infocom', 'slug': 'infocom', 'games_count': 48, 'image_background': 'https://media.rawg.io/media/screenshots/782/7822ae77e839fa2db05cd53d08225dd8.jpg'}]",[],"[{'id': 31, 'name': 'Singleplayer', 'slug': 'singleplayer', 'language': 'eng', 'games_count': 238404, 'image_background': 'https://media.rawg.io/media/games/26d/26d4437715bee60138dab4a7c8c59c92.jpg'}]","[{'id': 11435, 'name': 'Infocom', 'slug': 'infocom', 'games_count': 45, 'image_background': 'https://media.rawg.io/media/screenshots/3d4/3d4094f02e71cb3439ab3c8af62809c0.jpg'}]",,,"Ballyhoo is an interactive fiction computer game designed by Jeff O'Neill and published by Infocom in 1985. It was released for ten different 8 and 16-bit platforms, including MS-DOS, Atari ST, and Commodore 64. It is Infocom's nineteenth game.
With a circus-themed plot, the game's tagline was ""Big-time suspense under the Big Top!""",1.0,9.0,3.0,3.0,1.0,,,,,,,,,,,,,,,,,,,0.0,
54055,soccer-1985,Soccer (1985),Soccer (1985),"<p>Soccer (サッカー, Sakkā) is a video game produced by Intelligent Systems and Nintendo as part of its Sports Series for the Nintendo Entertainment System. It was released in Japan in 1985, in the United States at launch in 1985 and in Europe in 1987. It was also released for the Family Computer Disk System in 1986. It is also available on the Virtual Console since June 12, 2014, to be bought from the Wii Shop Channel and the Wii U Nintendo eShop.</p>",,[],1985-04-09,False,2022-11-22T11:24:37,https://media.rawg.io/media/screenshots/bfa/bfac4085a3efd6a709a707ce74151c50.jpg,https://media.rawg.io/media/screenshots/7b4/7b443ec27cc6b5a5185d35257dc43d0f.jpg,,3.71,4,"[{'id': 4, 'title': 'recommended', 'count': 3, 'percent': 42.86}, {'id': 5, 'title': 'exceptional', 'count': 2, 'percent': 28.57}, {'id': 3, 'title': 'meh', 'count': 1, 'percent': 14.29}, {'id': 1, 'title': 'skip', 'count': 1, 'percent': 14.29}]",17,0,16,0,1,0,0,,,,,0,0,0,0,6,190,[],,0,0,0,,7,0f0f0f,0f0f0f,"[{'platform': {'id': 7, 'name': 'Nintendo', 'slug': 'nintendo'}}]","[{'platform': {'id': 10, 'name': 'Wii U', 'slug': 'wii-u', 'image': None, 'year_end': None, 'year_start': None, 'games_count': 1114, 'image_background': 'https://media.rawg.io/media/games/85c/85c8ae70e7cdf0105f06ef6bdce63b8b.jpg'}, 'released_at': '1985-04-09', 'requirements': {}}, {'platform': {'id': 49, 'name': 'NES', 'slug': 'nes', 'image': None, 'year_end': None, 'year_start': None, 'games_count': 1015, 'image_background': 'https://media.rawg.io/media/games/7c5/7c50dd0415eb0a57505c58d4e50e4d24.jpg'}, 'released_at': '1985-04-09', 'requirements': {}}, {'platform': {'id': 11, 'name': 'Wii', 'slug': 'wii', 'image': None, 'year_end': None, 'year_start': None, 'games_count': 2209, 'image_background': 'https://media.rawg.io/media/games/9ca/9ca31615beee447f3ae1dc9b3b736dce.jpg'}, 'released_at': '1985-04-09', 'requirements': {}}, {'platform': {'id': 26, 'name': 'Game Boy', 'slug': 'game-boy', 'image': None, 'year_end': None, 'year_start': None, 'games_count': 617, 'image_background': 'https://media.rawg.io/media/games/057/0573c1c9e1f2414c1f4acabe86ee9fd9.jpg'}, 'released_at': '1991-06-07', 'requirements': {}}]",[],"[{'id': 12898, 'name': 'Intelligent Systems', 'slug': 'intelligent-systems', 'games_count': 68, 'image_background': None}, {'id': 18965, 'name': 'Tose', 'slug': 'tose', 'games_count': 104, 'image_background': 'https://media.rawg.io/media/screenshots/b99/b99368acaff24dbda444f4ed613fedd1.jpg'}, {'id': 25953, 'name': 'Tose Co.', 'slug': 'tose-co', 'games_count': 48, 'image_background': 'https://media.rawg.io/media/games/9aa/9aabe0a6f09a76901f0b8e2e9999333b.jpg'}]","[{'id': 14, 'name': 'Simulation', 'slug': 'simulation', 'games_count': 73491, 'image_background': 'https://media.rawg.io/media/games/48c/48cb04ca483be865e3a83119c94e6097.jpg'}, {'id': 15, 'name': 'Sports', 'slug': 'sports', 'games_count': 22123, 'image_background': 'https://media.rawg.io/media/games/5eb/5eb49eb2fa0738fdb5bacea557b1bc57.jpg'}]","[{'id': 31, 'name': 'Singleplayer', 'slug': 'singleplayer', 'language': 'eng', 'games_count': 238404, 'image_background': 'https://media.rawg.io/media/games/26d/26d4437715bee60138dab4a7c8c59c92.jpg'}, {'id': 7, 'name': 'Multiplayer', 'slug': 'multiplayer', 'language': 'eng', 'games_count': 40505, 'image_background': 'https://media.rawg.io/media/games/021/021c4e21a1824d2526f925eff6324653.jpg'}]","[{'id': 10681, 'name': 'Nintendo', 'slug': 'nintendo', 'games_count': 1235, 'image_background': 'https://media.rawg.io/media/games/dd1/dd167cf8753db3748a975d61cc926e54.jpg'}, {'id': 11287, 'name': 'Bandai', 'slug': 'bandai', 'games_count': 212, 'image_background': 'https://media.rawg.io/media/games/dea/dea3ffd2ee465017a545b240a8fe63bb.jpg'}, {'id': 19901, 'name': 'Tonkin House', 'slug': 'tonkin-house', 'games_count': 9, 'image_background': 'https://media.rawg.io/media/screenshots/bfa/bfac4085a3efd6a709a707ce74151c50.jpg'}]",,,"Soccer (サッカー, Sakkā) is a video game produced by Intelligent Systems and Nintendo as part of its Sports Series for the Nintendo Entertainment System. It was released in Japan in 1985, in the United States at launch in 1985 and in Europe in 1987. It was also released for the Family Computer Disk System in 1986. It is also available on the Virtual Console since June 12, 2014, to be bought from the Wii Shop Channel and the Wii U Nintendo eShop.",1.0,5.0,5.0,3.0,3.0,,,,,,,,,,,,,,,,,,,,
56493,super-punch-out-1985,Super Punch-Out!! (1985),Super Punch-Out!! (1985),"<p>Super Punch-Out!! (スーパーパンチアウト！！, Sūpā Panchi-Auto!!) is a 1984 arcade game by Nintendo. It is a boxing game with the same gameplay and digitized speech of its arcade precursor, Punch-Out!!. This second game in the Punch-Out!! series introduced recurring video games characters such as Bear Hugger, Dragon Chan, Vodka Drunkenski (whose name was changed to Soda Popinski in later releases), Great Tiger and Super Macho Man.</p>",,[],1985-12-31,False,2023-02-09T02:29:43,https://media.rawg.io/media/screenshots/11b/11bf074f3e398e685cf4249f2e5f943c.jpg,https://media.rawg.io/media/screenshots/fa1/fa1727b3a2d94a65651d55d6431aa1b4.jpg,,0.0,0,"[{'id': 4, 'title': 'recommended', 'count': 1, 'percent': 100.0}]",17,0,6,0,1,0,0,,,,,0,0,0,0,1,237,[],,0,0,0,,1,0f0f0f,0f0f0f,"[{'platform': {'id': 10, 'name': 'Commodore / Amiga', 'slug': 'commodore-amiga'}}]","[{'platform': {'id': 166, 'name': 'Commodore / Amiga', 'slug': 'commodore-amiga', 'image': None, 'year_end': None, 'year_start': None, 'games_count': 2083, 'image_background': 'https://media.rawg.io/media/games/cce/cce8bebe861f295003f5a9fe5b11233f.jpg'}, 'released_at': '1985-12-31', 'requirements': {}}]",[],"[{'id': 16257, 'name': 'Nintendo', 'slug': 'nintendo', 'games_count': 426, 'image_background': 'https://media.rawg.io/media/games/d9c/d9c8b7edc78391619566adfeb52b5a9a.jpg'}, {'id': 15420, 'name': 'Elite Systems', 'slug': 'elite-systems', 'games_count': 27, 'image_background': 'https://media.rawg.io/media/screenshots/caa/caa0c02cbf754482c07398d49211bb5e.jpg'}]","[{'id': 15, 'name': 'Sports', 'slug': 'sports', 'games_count': 22123, 'image_background': 'https://media.rawg.io/media/games/5eb/5eb49eb2fa0738fdb5bacea557b1bc57.jpg'}]","[{'id': 31, 'name': 'Singleplayer', 'slug': 'singleplayer', 'language': 'eng', 'games_count': 238404, 'image_background': 'https://media.rawg.io/media/games/26d/26d4437715bee60138dab4a7c8c59c92.jpg'}]","[{'id': 10681, 'name': 'Nintendo', 'slug': 'nintendo', 'games_count': 1235, 'image_background': 'https://media.rawg.io/media/games/dd1/dd167cf8753db3748a975d61cc926e54.jpg'}, {'id': 11855, 'name': 'Elite Systems', 'slug': 'elite-systems', 'games_count': 28, 'image_background': 'https://media.rawg.io/media/screenshots/310/310b7ee55711ca5b0b4e7cd11a6bf3d1_FhUKexc.jpg'}, {'id': 19492, 'name': 'Japan', 'slug': 'japan', 'games_count': 27, 'image_background': 'https://media.rawg.io/media/screenshots/291/291eb34b435ecdad82aecf7d60310aa2.jpg'}]",,,"Super Punch-Out!! (スーパーパンチアウト！！, Sūpā Panchi-Auto!!) is a 1984 arcade game by Nintendo. It is a boxing game with the same gameplay and digitized speech of its arcade precursor, Punch-Out!!. This second game in the Punch-Out!! series introduced recurring video games characters such as Bear Hugger, Dragon Chan, Vodka Drunkenski (whose name was changed to Soda Popinski in later releases), Great Tiger and Super Macho Man.",,9.0,4.0,2.0,2.0,,,,,,,,,,,,,,,,,,,0.0,
54040,silent-service-1985,Silent Service (1985),Silent Service (1985),"<p>Silent Service is a submarine simulator video game designed completely by Sid Meier and published by MicroProse for various 8-bit home computers in 1985 and for 16-bit systems like the Amiga in 1987. A Nintendo Entertainment System port of Silent Service developed by Rare was published in 1989 by Konami in Europe and by Konami's Ultra Games subsidiary in North America. The follow-up game, Silent Service II, was released in 1990. Tommo purchased the rights to this game and digitally publishes it through its Retroism brand in 2015.</p>",,[],1985-01-01,False,2025-04-15T19:22:41,https://media.rawg.io/media/screenshots/3ec/3ecc8f453e2f4ef67844c1480c737de4.jpg,https://media.rawg.io/media/screenshots/67e/67e116d5920cdab9cff7d1610658d0a5.jpg,,0.0,0,"[{'id': 4, 'title': 'recommended', 'count': 3, 'percent': 75.0}, {'id': 3, 'title': 'meh', 'count': 1, 'percent': 25.0}]",17,0,22,0,8,0,0,,,,,0,0,0,0,4,216,[],,0,0,0,,4,0f0f0f,0f0f0f,"[{'platform': {'id': 1, 'name': 'PC', 'slug': 'pc'}}, {'platform': {'id': 5, 'name': 'Apple Macintosh', 'slug': 'mac'}}, {'platform': {'id': 7, 'name': 'Nintendo', 'slug': 'nintendo'}}, {'platform': {'id': 9, 'name': 'Atari', 'slug': 'atari'}}, {'platform': {'id': 10, 'name': 'Commodore / Amiga', 'slug': 'commodore-amiga'}}]","[{'platform': {'id': 4, 'name': 'PC', 'slug': 'pc', 'image': None, 'year_end': None, 'year_start': None, 'games_count': 547196, 'image_background': 'https://media.rawg.io/media/games/6fc/6fcf4cd3b17c288821388e6085bb0fc9.jpg'}, 'released_at': '1985-01-01', 'requirements': {}}, {'platform': {'id': 34, 'name': 'Atari ST', 'slug': 'atari-st', 'image': None, 'year_end': None, 'year_start': None, 'games_count': 836, 'image_background': 'https://media.rawg.io/media/games/637/637d7dc2f44d0f6ddd3ee2c0b1366962.jpg'}, 'released_at': '1985-01-01', 'requirements': {}}, {'platform': {'id': 41, 'name': 'Apple II', 'slug': 'apple-ii', 'image': None, 'year_end': None, 'year_start': None, 'games_count': 424, 'image_background': 'https://media.rawg.io/media/screenshots/3d2/3d2bb57b39e2efa39d1c385585b2ea8b.jpg'}, 'released_at': '1985-01-01', 'requirements': {}}, {'platform': {'id': 25, 'name': 'Atari 8-bit', 'slug': 'atari-8-bit', 'image': None, 'year_end': None, 'year_start': None, 'games_count': 308, 'image_background': 'https://media.rawg.io/media/screenshots/038/0385a47d3a43b218204268af5361a19e.jpg'}, 'released_at': '1985-01-01', 'requirements': {}}, {'platform': {'id': 49, 'name': 'NES', 'slug': 'nes', 'image': None, 'year_end': None, 'year_start': None, 'games_count': 1015, 'image_background': 'https://media.rawg.io/media/games/7c5/7c50dd0415eb0a57505c58d4e50e4d24.jpg'}, 'released_at': '1985-01-01', 'requirements': {}}, {'platform': {'id': 166, 'name': 'Commodore / Amiga', 'slug': 'commodore-amiga', 'image': None, 'year_end': None, 'year_start': None, 'games_count': 2083, 'image_background': 'https://media.rawg.io/media/games/cce/cce8bebe861f295003f5a9fe5b11233f.jpg'}, 'released_at': '1985-01-01', 'requirements': {}}]",[],"[{'id': 13836, 'name': 'Rare', 'slug': 'rare', 'games_count': 99, 'image_background': 'https://media.rawg.io/media/games/ed5/ed57fed438335280b5b832f6fa027e29.jpg'}, {'id': 14511, 'name': 'MicroProse Software', 'slug': 'microprose-software', 'games_count': 122, 'image_background': 'https://media.rawg.io/media/screenshots/5e9/5e92af32e3cf118d0aa6a64acfd89ada.jpg'}]",[],"[{'id': 31, 'name': 'Singleplayer', 'slug': 'singleplayer', 'language': 'eng', 'games_count': 238404, 'image_background': 'https://media.rawg.io/media/games/26d/26d4437715bee60138dab4a7c8c59c92.jpg'}]","[{'id': 10691, 'name': 'Konami', 'slug': 'konami', 'games_count': 788, 'image_background': 'https://media.rawg.io/media/games/85e/85e4c8a78cf9b82b5ed19262fe00c00f.jpg'}, {'id': 11455, 'name': 'MicroProse', 'slug': 'microprose', 'games_count': 130, 'image_background': 'https://media.rawg.io/media/screenshots/05f/05f21409dac9ce60809bc1bce40d657a.jpg'}]",,,"Silent Service is a submarine simulator video game designed completely by Sid Meier and published by MicroProse for various 8-bit home computers in 1985 and for 16-bit systems like the Amiga in 1987. A Nintendo Entertainment System port of Silent Service developed by Rare was published in 1989 by Konami in Europe and by Konami's Ultra Games subsidiary in North America. The follow-up game, Silent Service II, was released in 1990. Tommo purchased the rights to this game and digitally publishes it through its Retroism brand in 2015.",1.0,8.0,2.0,2.0,4.0,,,,,,,,,,,,,,,,,,,0.0,
55576,pac-land-1985,Pac-Land (1985),Pac-Land (1985),"<p>Pac-Land (パックランド, Pakku-Rando) is an entry in the Pac-Man series of arcade video games, released into arcades by Namco, and its American distributor Bally Midway (later Midway Games), in August 1984. It was the first Namco arcade game to use the then-new arcade system later titled Namco Pac-Land.</p>
<p>Pac-Land features parallax scrolling for some of the background elements, a feature that would not become commonplace until the 16-bit console era began much later.</p>",,[],1985-11-21,False,2023-11-18T21:29:21,https://media.rawg.io/media/screenshots/d83/d838275def3851c33ff3f01d1db2b594.jpg,https://media.rawg.io/media/screenshots/3d7/3d72e8bb72e3ee32449496b864b3209b.jpg,,0.0,3,"[{'id': 3, 'title': 'meh', 'count': 3, 'percent': 60.0}, {'id': 5, 'title': 'exceptional', 'count': 1, 'percent': 20.0}, {'id': 4, 'title': 'recommended', 'count': 1, 'percent': 20.0}]",17,0,22,0,4,0,0,,,,,0,0,0,0,5,335,[],,0,0,0,,5,0f0f0f,0f0f0f,"[{'platform': {'id': 7, 'name': 'Nintendo', 'slug': 'nintendo'}}, {'platform': {'id': 9, 'name': 'Atari', 'slug': 'atari'}}, {'platform': {'id': 10, 'name': 'Commodore / Amiga', 'slug': 'commodore-amiga'}}]","[{'platform': {'id': 166, 'name': 'Commodore / Amiga', 'slug': 'commodore-amiga', 'image': None, 'year_end': None, 'year_start': None, 'games_count': 2083, 'image_background': 'https://media.rawg.io/media/games/cce/cce8bebe861f295003f5a9fe5b11233f.jpg'}, 'released_at': '1985-11-21', 'requirements': {}}, {'platform': {'id': 34, 'name': 'Atari ST', 'slug': 'atari-st', 'image': None, 'year_end': None, 'year_start': None, 'games_count': 836, 'image_background': 'https://media.rawg.io/media/games/637/637d7dc2f44d0f6ddd3ee2c0b1366962.jpg'}, 'released_at': '1985-11-21', 'requirements': {}}, {'platform': {'id': 10, 'name': 'Wii U', 'slug': 'wii-u', 'image': None, 'year_end': None, 'year_start': None, 'games_count': 1114, 'image_background': 'https://media.rawg.io/media/games/85c/85c8ae70e7cdf0105f06ef6bdce63b8b.jpg'}, 'released_at': '1985-11-21', 'requirements': {}}, {'platform': {'id': 46, 'name': 'Atari Lynx', 'slug': 'atari-lynx', 'image': None, 'year_end': None, 'year_start': None, 'games_count': 57, 'image_background': 'https://media.rawg.io/media/screenshots/d71/d71b68d3f6b1810bc9d64d7aea746d30.jpg'}, 'released_at': '1985-11-21', 'requirements': {}}, {'platform': {'id': 49, 'name': 'NES', 'slug': 'nes', 'image': None, 'year_end': None, 'year_start': None, 'games_count': 1015, 'image_background': 'https://media.rawg.io/media/games/7c5/7c50dd0415eb0a57505c58d4e50e4d24.jpg'}, 'released_at': '1985-11-21', 'requirements': {}}]",[],"[{'id': 10055, 'name': 'NAMCO', 'slug': 'namco', 'games_count': 127, 'image_background': 'https://media.rawg.io/media/games/2ff/2ff5b06428e4b016f3b79cf299bd6596.jpg'}, {'id': 27172, 'name': 'Mr. Micro', 'slug': 'mr-micro', 'games_count': 2, 'image_background': 'https://media.rawg.io/media/screenshots/767/767bedcb8cd8a3d441ccdde5d82d99cf.jpg'}, {'id': 27037, 'name': 'Grandslam Entertainment', 'slug': 'grandslam-entertainment', 'games_count': 3, 'image_background': 'https://media.rawg.io/media/screenshots/d83/d838275def3851c33ff3f01d1db2b594.jpg'}]",[],"[{'id': 31, 'name': 'Singleplayer', 'slug': 'singleplayer', 'language': 'eng', 'games_count': 238404, 'image_background': 'https://media.rawg.io/media/games/26d/26d4437715bee60138dab4a7c8c59c92.jpg'}, {'id': 418, 'name': '2 players', 'slug': '2-players', 'language': 'eng', 'games_count': 1244, 'image_background': 'https://media.rawg.io/media/screenshots/f9a/f9ac59bb4af2ca2193ee9ffb979577cf.jpg'}, {'id': 348, 'name': 'alternating turns', 'slug': 'alternating-turns', 'language': 'eng', 'games_count': 64, 'image_background': 'https://media.rawg.io/media/games/6f8/6f8fb1e98393f72b47f1f909d5b649d4.jpg'}]","[{'id': 1779, 'name': 'Atari', 'slug': 'atari', 'games_count': 507, 'image_background': 'https://media.rawg.io/media/games/d82/d82dbcf92ded452bf8c6fb1bbdd62e52.jpg'}, {'id': 10901, 'name': 'Namco', 'slug': 'namco', 'games_count': 215, 'image_background': 'https://media.rawg.io/media/games/fc5/fc503876ca1ca34e160e88671af86e88.jpg'}, {'id': 19742, 'name': 'NEC', 'slug': 'nec', 'games_count': 30, 'image_background': 'https://media.rawg.io/media/screenshots/706/706727780cd957d288fe7e3a23bc787c.jpg'}, {'id': 19419, 'name': 'Bally Midway', 'slug': 'bally-midway', 'games_count': 14, 'image_background': 'https://media.rawg.io/media/screenshots/a9d/a9d6ecfce2839af25e2e74ff8821094d.jpg'}, {'id': 20278, 'name': 'Grandslam Entertainment', 'slug': 'grandslam-entertainment', 'games_count': 7, 'image_background': 'https://media.rawg.io/media/screenshots/d83/d838275def3851c33ff3f01d1db2b594.jpg'}, {'id': 20358, 'name': 'Quicksilva', 'slug': 'quicksilva', 'games_count': 8, 'image_background': 'https://media.rawg.io/media/screenshots/259/2594266d718720ba25f9351c3f22c16a.jpg'}]",,,"Pac-Land (パックランド, Pakku-Rando) is an entry in the Pac-Man series of arcade video games, released into arcades by Namco, and its American distributor Bally Midway (later Midway Games), in August 1984. It was the first Namco arcade game to use the then-new arcade system later titled Namco Pac-Land.
Pac-Land features parallax scrolling for some of the background elements, a feature that would not become commonplace until the 16-bit console era began much later.",1.0,6.0,3.0,4.0,3.0,,,,,,,,,,,,,,,,,,,,
258340,exerion,Exerion,Exerion,<p>This is a shoot-em-up game with parallax effects in the background. It does have a simulation of inertia in the control of the ship. There are dozens of enemies and two types of shooting: slow and fast. Two weapon systems: one slow double-shot cannon and one fast single-shot cannon. With each enemy hit by the slow cannon you get one shot added to the fast cannon ammunition supply. A challenge stage follows each stage in which you can build up your fast-shot bullet supply.</p>,,[],1985-02-11,False,2022-08-18T15:28:30,https://media.rawg.io/media/games/839/8397d3cf6f82100ee12e017ece895627.jpg,https://media.rawg.io/media/screenshots/fca/fca8dea59833961e9fc241f9d9277b90.jpg,,0.0,0,"[{'id': 3, 'title': 'meh', 'count': 3, 'percent': 75.0}, {'id': 5, 'title': 'exceptional', 'count': 1, 'percent': 25.0}]",17,0,4,0,0,0,0,,,,,0,0,0,0,4,51,[],,0,0,0,,4,0f0f0f,0f0f0f,"[{'platform': {'id': 7, 'name': 'Nintendo', 'slug': 'nintendo'}}]","[{'platform': {'id': 49, 'name': 'NES', 'slug': 'nes', 'image': None, 'year_end': None, 'year_start': None, 'games_count': 1015, 'image_background': 'https://media.rawg.io/media/games/7c5/7c50dd0415eb0a57505c58d4e50e4d24.jpg'}, 'released_at': '1985-02-11', 'requirements': {}}]",[],"[{'id': 16496, 'name': 'Jaleco', 'slug': 'jaleco', 'games_count': 22, 'image_background': 'https://media.rawg.io/media/games/8e6/8e684b3b1a4fd99c5fad7450e0d76d80.jpg'}]","[{'id': 2, 'name': 'Shooter', 'slug': 'shooter', 'games_count': 59560, 'image_background': 'https://media.rawg.io/media/games/d58/d588947d4286e7b5e0e12e1bea7d9844.jpg'}, {'id': 11, 'name': 'Arcade', 'slug': 'arcade', 'games_count': 22658, 'image_background': 'https://media.rawg.io/media/games/556/556157feed9ee1f55f2b12b2973e30a3.jpg'}]","[{'id': 1863, 'name': 'challenge', 'slug': 'challenge', 'language': 'eng', 'games_count': 12762, 'image_background': 'https://media.rawg.io/media/games/19e/19ea8efb10fcbcf1b9c60729d510ed14.jpg'}, {'id': 1411, 'name': 'build', 'slug': 'build', 'language': 'eng', 'games_count': 5041, 'image_background': 'https://media.rawg.io/media/screenshots/7f8/7f8b58994fc420fefaa5fb9992335a11.jpg'}, {'id': 1505, 'name': 'ship', 'slug': 'ship', 'language': 'eng', 'games_count': 2794, 'image_background': 'https://media.rawg.io/media/games/e74/e74458058b35e01c1ae3feeb39a3f724.jpg'}, {'id': 3117, 'name': 'shoot', 'slug': 'shoot', 'language': 'eng', 'games_count': 9955, 'image_background': 'https://media.rawg.io/media/screenshots/471/47138dfaf3865699a2cf2561e15f659e.jpg'}, {'id': 3116, 'name': 'fast', 'slug': 'fast', 'language': 'eng', 'games_count': 2163, 'image_background': 'https://media.rawg.io/media/screenshots/861/8613c08906e2f0cb9bfb57bfcedc57df.jpg'}]","[{'id': 10826, 'name': 'Jaleco', 'slug': 'jaleco', 'games_count': 69, 'image_background': 'https://media.rawg.io/media/screenshots/d27/d27f054ac7142ef377af66c62fdb681f.jpg'}]",,,This is a shoot-em-up game with parallax effects in the background. It does have a simulation of inertia in the control of the ship. There are dozens of enemies and two types of shooting: slow and fast. Two weapon systems: one slow double-shot cannon and one fast single-shot cannon. With each enemy hit by the slow cannon you get one shot added to the fast cannon ammunition supply. A challenge stage follows each stage in which you can build up your fast-shot bullet supply.,,6.0,3.0,2.0,6.0,,,,,,,,,,,,,,,,,,,0.0,
56614,lord-of-the-rings-game-one,Lord of the Rings: Game One,Lord of the Rings: Game One,"<p>Lord of the Rings: Game One (released in North America as The Fellowship of the Ring: A Software Adventure) is a computer game released in 1985 and based on the book The Fellowship of the Ring, by J. R. R. Tolkien. It was the follow-up to the 1982 game The Hobbit, although did not reach the same level of critical and commercial success as its predecessor, and is considered inferior by the gaming community, with many complaining about the removal of the real-time aspects and complex AI patterns of the previous game, and puzzles that lacked coherent solutions.</p>",,[],1985-01-01,False,2023-02-08T10:51:30,https://media.rawg.io/media/screenshots/3fb/3fb753b1551a4ea8ad242eb6768ec06b.jpg,https://media.rawg.io/media/screenshots/4de/4de37bf70d9e3e174b3d219e93a63984.jpg,,0.0,0,"[{'id': 1, 'title': 'skip', 'count': 1, 'percent': 100.0}]",16,0,16,0,1,0,0,,,,,0,0,0,0,1,300,[],,0,0,0,,1,0f0f0f,0f0f0f,"[{'platform': {'id': 1, 'name': 'PC', 'slug': 'pc'}}, {'platform': {'id': 5, 'name': 'Apple Macintosh', 'slug': 'mac'}}, {'platform': {'id': 10, 'name': 'Commodore / Amiga', 'slug': 'commodore-amiga'}}]","[{'platform': {'id': 166, 'name': 'Commodore / Amiga', 'slug': 'commodore-amiga', 'image': None, 'year_end': None, 'year_start': None, 'games_count': 2083, 'image_background': 'https://media.rawg.io/media/games/cce/cce8bebe861f295003f5a9fe5b11233f.jpg'}, 'released_at': '1985-01-01', 'requirements': {}}, {'platform': {'id': 55, 'name': 'Classic Macintosh', 'slug': 'macintosh', 'image': None, 'year_end': None, 'year_start': None, 'games_count': 675, 'image_background': 'https://media.rawg.io/media/games/38a/38af969459ad6e5de116ec8a4a84218c.jpg'}, 'released_at': '1985-01-01', 'requirements': {}}, {'platform': {'id': 41, 'name': 'Apple II', 'slug': 'apple-ii', 'image': None, 'year_end': None, 'year_start': None, 'games_count': 424, 'image_background': 'https://media.rawg.io/media/screenshots/3d2/3d2bb57b39e2efa39d1c385585b2ea8b.jpg'}, 'released_at': '1985-01-01', 'requirements': {}}, {'platform': {'id': 4, 'name': 'PC', 'slug': 'pc', 'image': None, 'year_end': None, 'year_start': None, 'games_count': 547196, 'image_background': 'https://media.rawg.io/media/games/6fc/6fcf4cd3b17c288821388e6085bb0fc9.jpg'}, 'released_at': '1985-01-01', 'requirements': {}}]",[],"[{'id': 13227, 'name': 'Beam Software', 'slug': 'beam-software', 'games_count': 73, 'image_background': 'https://media.rawg.io/media/screenshots/27e/27e552bc7ab2c13154ea7bc1e75c8c97.jpg'}, {'id': 26238, 'name': 'Krome Studios Melbourne', 'slug': 'krome-studios-melbourne', 'games_count': 43, 'image_background': 'https://media.rawg.io/media/screenshots/461/46155242dc47b7ae8b4dc9d524cffd3e.jpg'}]","[{'id': 3, 'name': 'Adventure', 'slug': 'adventure', 'games_count': 146481, 'image_background': 'https://media.rawg.io/media/games/b6b/b6b20bfc4b34e312dbc8aac53c95a348.jpg'}]","[{'id': 31, 'name': 'Singleplayer', 'slug': 'singleplayer', 'language': 'eng', 'games_count': 238404, 'image_background': 'https://media.rawg.io/media/games/26d/26d4437715bee60138dab4a7c8c59c92.jpg'}]","[{'id': 11640, 'name': 'Melbourne House', 'slug': 'melbourne-house', 'games_count': 20, 'image_background': 'https://media.rawg.io/media/screenshots/4b5/4b5da9777256bee3ad67ce22db580604.jpg'}, {'id': 19919, 'name': 'Krome Studios Melbourne', 'slug': 'krome-studios-melbourne', 'games_count': 14, 'image_background': 'https://media.rawg.io/media/screenshots/753/753292d5a5792dd004033f0fdada95f7.jpg'}]",,,"Lord of the Rings: Game One (released in North America as The Fellowship of the Ring: A Software Adventure) is a computer game released in 1985 and based on the book The Fellowship of the Ring, by J. R. R. Tolkien. It was the follow-up to the 1982 game The Hobbit, although did not reach the same level of critical and commercial success as its predecessor, and is considered inferior by the gaming community, with many complaining about the removal of the real-time aspects and complex AI patterns of the previous game, and puzzles that lacked coherent solutions.",2.0,5.0,2.0,5.0,2.0,,,,,,,,,,,,,,,,,,,0.0,
53333,international-karate,International Karate,International Karate,"<p>International Karate is a karate fighting game created and published by System 3 for various home computers.</p>
<p>Epyx licensed and published the game in the US as World Karate Championship in April 1986. Except for a new loading screen and necessary tuning for the American NTSC television system, the US releases were unchanged.</p>
<p>International Karate + a successor which expanded the gameplay through the introduction of an additional - although not player controllable - karateka, was released in 1987. Through the unauthorized release of International Karate + Gold in 2001, this player was made controllable using a joystick adapter.</p>",,[],1985-11-01,False,2023-02-08T10:51:32,https://media.rawg.io/media/screenshots/fc7/fc7088371a2bfb8885372c139b30f350.jpg,https://media.rawg.io/media/screenshots/af9/af95356a0b9254eb4a8ef83b7357b5e8.jpg,,0.0,0,"[{'id': 4, 'title': 'recommended', 'count': 1, 'percent': 33.33}, {'id': 3, 'title': 'meh', 'count': 1, 'percent': 33.33}, {'id': 1, 'title': 'skip', 'count': 1, 'percent': 33.33}]",16,0,20,0,2,0,0,,,,,0,0,0,0,3,301,[],,0,0,0,,3,0f0f0f,0f0f0f,"[{'platform': {'id': 1, 'name': 'PC', 'slug': 'pc'}}, {'platform': {'id': 5, 'name': 'Apple Macintosh', 'slug': 'mac'}}, {'platform': {'id': 7, 'name': 'Nintendo', 'slug': 'nintendo'}}, {'platform': {'id': 9, 'name': 'Atari', 'slug': 'atari'}}, {'platform': {'id': 10, 'name': 'Commodore / Amiga', 'slug': 'commodore-amiga'}}]","[{'platform': {'id': 34, 'name': 'Atari ST', 'slug': 'atari-st', 'image': None, 'year_end': None, 'year_start': None, 'games_count': 836, 'image_background': 'https://media.rawg.io/media/games/637/637d7dc2f44d0f6ddd3ee2c0b1366962.jpg'}, 'released_at': '1985-11-01', 'requirements': {}}, {'platform': {'id': 11, 'name': 'Wii', 'slug': 'wii', 'image': None, 'year_end': None, 'year_start': None, 'games_count': 2209, 'image_background': 'https://media.rawg.io/media/games/9ca/9ca31615beee447f3ae1dc9b3b736dce.jpg'}, 'released_at': '1985-11-01', 'requirements': {}}, {'platform': {'id': 41, 'name': 'Apple II', 'slug': 'apple-ii', 'image': None, 'year_end': None, 'year_start': None, 'games_count': 424, 'image_background': 'https://media.rawg.io/media/screenshots/3d2/3d2bb57b39e2efa39d1c385585b2ea8b.jpg'}, 'released_at': '1985-11-01', 'requirements': {}}, {'platform': {'id': 25, 'name': 'Atari 8-bit', 'slug': 'atari-8-bit', 'image': None, 'year_end': None, 'year_start': None, 'games_count': 308, 'image_background': 'https://media.rawg.io/media/screenshots/038/0385a47d3a43b218204268af5361a19e.jpg'}, 'released_at': '1985-11-01', 'requirements': {}}, {'platform': {'id': 24, 'name': 'Game Boy Advance', 'slug': 'game-boy-advance', 'image': None, 'year_end': None, 'year_start': None, 'games_count': 950, 'image_background': 'https://media.rawg.io/media/games/98c/98c87b286cd2a2ba942167df384a9bd3.jpg'}, 'released_at': '1985-11-01', 'requirements': {}}, {'platform': {'id': 166, 'name': 'Commodore / Amiga', 'slug': 'commodore-amiga', 'image': None, 'year_end': None, 'year_start': None, 'games_count': 2083, 'image_background': 'https://media.rawg.io/media/games/cce/cce8bebe861f295003f5a9fe5b11233f.jpg'}, 'released_at': '1985-11-01', 'requirements': {}}, {'platform': {'id': 4, 'name': 'PC', 'slug': 'pc', 'image': None, 'year_end': None, 'year_start': None, 'games_count': 547196, 'image_background': 'https://media.rawg.io/media/games/6fc/6fcf4cd3b17c288821388e6085bb0fc9.jpg'}, 'released_at': '1985-11-01', 'requirements': {}}]",[],"[{'id': 3517, 'name': 'System 3', 'slug': 'system-3', 'games_count': 17, 'image_background': 'https://media.rawg.io/media/screenshots/915/9159836d0e9a74f0f08b51c4955b962c.jpg'}]","[{'id': 6, 'name': 'Fighting', 'slug': 'fighting', 'games_count': 11763, 'image_background': 'https://media.rawg.io/media/games/35b/35b47c4d85cd6e08f3e2ca43ea5ce7bb.jpg'}]","[{'id': 31, 'name': 'Singleplayer', 'slug': 'singleplayer', 'language': 'eng', 'games_count': 238404, 'image_background': 'https://media.rawg.io/media/games/26d/26d4437715bee60138dab4a7c8c59c92.jpg'}, {'id': 7, 'name': 'Multiplayer', 'slug': 'multiplayer', 'language': 'eng', 'games_count': 40505, 'image_background': 'https://media.rawg.io/media/games/021/021c4e21a1824d2526f925eff6324653.jpg'}]","[{'id': 3245, 'name': 'System 3', 'slug': 'system-3', 'games_count': 21, 'image_background': 'https://media.rawg.io/media/screenshots/ff0/ff0d8fde011ff4e263957b7b42fec68b_CZIuBPv.jpg'}, {'id': 11929, 'name': 'Epyx', 'slug': 'epyx', 'games_count': 44, 'image_background': 'https://media.rawg.io/media/screenshots/189/1890b76089fc24b04ca7ce2fc3299274.jpg'}, {'id': 19763, 'name': 'Europe', 'slug': 'europe-2', 'games_count': 2, 'image_background': 'https://media.rawg.io/media/screenshots/fc7/fc7088371a2bfb8885372c139b30f350.jpg'}]",,,"International Karate is a karate fighting game created and published by System 3 for various home computers.
Epyx licensed and published the game in the US as World Karate Championship in April 1986. Except for a new loading screen and necessary tuning for the American NTSC television system, the US releases were unchanged.
International Karate + a successor which expanded the gameplay through the introduction of an additional - although not player controllable - karateka, was released in 1987. Through the unauthorized release of International Karate + Gold in 2001, this player was made controllable using a joystick adapter.",1.0,9.0,1.0,2.0,3.0,,,,,,,,,,,,,,,,,,,0.0,
53656,10-yard-fight,10-Yard Fight,10-Yard Fight,"<p>10-Yard Fight (10ヤードファイト, Ten Yādo Faito) is a 1983 American football arcade game that was developed and published in Japan by Irem and published in the United States by Taito and in Europe by Electrocoin.</p>",,[],1985-08-30,False,2023-03-20T15:20:38,https://media.rawg.io/media/screenshots/903/9035e2f269a66d3c70ac9d4971e4fbb6.jpg,https://media.rawg.io/media/screenshots/180/18098e6ddbb300f60e4210389efeec90.jpg,,0.0,1,"[{'id': 1, 'title': 'skip', 'count': 4, 'percent': 80.0}, {'id': 3, 'title': 'meh', 'count': 1, 'percent': 20.0}]",16,0,9,0,0,0,0,,,,,0,0,0,0,5,191,[],,0,0,0,,5,0f0f0f,0f0f0f,"[{'platform': {'id': 7, 'name': 'Nintendo', 'slug': 'nintendo'}}]","[{'platform': {'id': 49, 'name': 'NES', 'slug': 'nes', 'image': None, 'year_end': None, 'year_start': None, 'games_count': 1015, 'image_background': 'https://media.rawg.io/media/games/7c5/7c50dd0415eb0a57505c58d4e50e4d24.jpg'}, 'released_at': '1985-08-30', 'requirements': {}}]",[],"[{'id': 19513, 'name': 'Irem', 'slug': 'irem', 'games_count': 45, 'image_background': 'https://media.rawg.io/media/screenshots/40d/40d10bba809775a9a58fb4dfffa4a956.jpg'}]","[{'id': 15, 'name': 'Sports', 'slug': 'sports', 'games_count': 22123, 'image_background': 'https://media.rawg.io/media/games/5eb/5eb49eb2fa0738fdb5bacea557b1bc57.jpg'}]","[{'id': 31, 'name': 'Singleplayer', 'slug': 'singleplayer', 'language': 'eng', 'games_count': 238404, 'image_background': 'https://media.rawg.io/media/games/26d/26d4437715bee60138dab4a7c8c59c92.jpg'}, {'id': 7, 'name': 'Multiplayer', 'slug': 'multiplayer', 'language': 'eng', 'games_count': 40505, 'image_background': 'https://media.rawg.io/media/games/021/021c4e21a1824d2526f925eff6324653.jpg'}]","[{'id': 10867, 'name': 'Taito', 'slug': 'taito', 'games_count': 200, 'image_background': 'https://media.rawg.io/media/games/541/541de539db14b477a5ae9973f6ea8193.jpg'}]",,,"10-Yard Fight (10ヤードファイト, Ten Yādo Faito) is a 1983 American football arcade game that was developed and published in Japan by Irem and published in the United States by Taito and in Europe by Electrocoin.",,7.0,5.0,2.0,2.0,,,,,,,,,,,,,,,,,,,,
56887,wizards-crown,Wizard's Crown,Wizard's Crown,"<p>Wizard's Crown is a 1986 top-down role-playing video game published by Strategic Simulations, Inc. (SSI). It was released for the Atari 8-bit, Atari ST, IBM PC, Apple II and Commodore 64. Its sequel, The Eternal Dagger, was released in 1987.</p>",,[],1985-12-31,False,2023-02-08T10:51:23,https://media.rawg.io/media/screenshots/d4b/d4b0da9eff7b122eafcf7d1b80044a78.jpg,https://media.rawg.io/media/screenshots/397/39722862ce050a537ac53dc3d997f934.jpg,,0.0,0,"[{'id': 1, 'title': 'skip', 'count': 1, 'percent': 100.0}]",16,0,19,0,2,0,0,,,,,0,0,0,0,1,369,[],,0,0,0,,1,0f0f0f,0f0f0f,"[{'platform': {'id': 1, 'name': 'PC', 'slug': 'pc'}}, {'platform': {'id': 5, 'name': 'Apple Macintosh', 'slug': 'mac'}}, {'platform': {'id': 9, 'name': 'Atari', 'slug': 'atari'}}, {'platform': {'id': 10, 'name': 'Commodore / Amiga', 'slug': 'commodore-amiga'}}]","[{'platform': {'id': 166, 'name': 'Commodore / Amiga', 'slug': 'commodore-amiga', 'image': None, 'year_end': None, 'year_start': None, 'games_count': 2083, 'image_background': 'https://media.rawg.io/media/games/cce/cce8bebe861f295003f5a9fe5b11233f.jpg'}, 'released_at': '1986-01-01', 'requirements': {}}, {'platform': {'id': 25, 'name': 'Atari 8-bit', 'slug': 'atari-8-bit', 'image': None, 'year_end': None, 'year_start': None, 'games_count': 308, 'image_background': 'https://media.rawg.io/media/screenshots/038/0385a47d3a43b218204268af5361a19e.jpg'}, 'released_at': '1986-01-01', 'requirements': {}}, {'platform': {'id': 34, 'name': 'Atari ST', 'slug': 'atari-st', 'image': None, 'year_end': None, 'year_start': None, 'games_count': 836, 'image_background': 'https://media.rawg.io/media/games/637/637d7dc2f44d0f6ddd3ee2c0b1366962.jpg'}, 'released_at': '1986-01-01', 'requirements': {}}, {'platform': {'id': 41, 'name': 'Apple II', 'slug': 'apple-ii', 'image': None, 'year_end': None, 'year_start': None, 'games_count': 424, 'image_background': 'https://media.rawg.io/media/screenshots/3d2/3d2bb57b39e2efa39d1c385585b2ea8b.jpg'}, 'released_at': '1986-01-01', 'requirements': {}}, {'platform': {'id': 4, 'name': 'PC', 'slug': 'pc', 'image': None, 'year_end': None, 'year_start': None, 'games_count': 547196, 'image_background': 'https://media.rawg.io/media/games/6fc/6fcf4cd3b17c288821388e6085bb0fc9.jpg'}, 'released_at': '1985-12-31', 'requirements': {}}]","[{'id': 698847, 'url': '', 'store': {'id': 5, 'name': 'GOG', 'slug': 'gog', 'domain': 'gog.com', 'games_count': 6713, 'image_background': 'https://media.rawg.io/media/games/5c0/5c0dd63002cb23f804aab327d40ef119.jpg'}}]","[{'id': 13148, 'name': 'Strategic Simulations', 'slug': 'strategic-simulations', 'games_count': 85, 'image_background': 'https://media.rawg.io/media/screenshots/4ce/4ce8db24d00f54368491e29b090dfba6.jpg'}, {'id': 16336, 'name': 'SSI', 'slug': 'ssi', 'games_count': 10, 'image_background': 'https://media.rawg.io/media/screenshots/734/7341ae72c6814a37ac2a44f9776ba526.jpg'}]","[{'id': 5, 'name': 'RPG', 'slug': 'role-playing-games-rpg', 'games_count': 59370, 'image_background': 'https://media.rawg.io/media/games/f6b/f6bed028b02369d4cab548f4f9337e81.jpg'}]","[{'id': 31, 'name': 'Singleplayer', 'slug': 'singleplayer', 'language': 'eng', 'games_count': 238404, 'image_background': 'https://media.rawg.io/media/games/26d/26d4437715bee60138dab4a7c8c59c92.jpg'}, {'id': 468, 'name': 'role-playing', 'slug': 'role-playing', 'language': 'eng', 'games_count': 1621, 'image_background': 'https://media.rawg.io/media/games/14a/14a83c56ff668baaced6e8c8704b6391.jpg'}]","[{'id': 19851, 'name': 'Strategic Simulations', 'slug': 'strategic-simulations', 'games_count': 113, 'image_background': 'https://media.rawg.io/media/screenshots/55c/55cd1c62d524e51467185c94839b08c4.jpg'}, {'id': 12590, 'name': 'SSI', 'slug': 'ssi', 'games_count': 13, 'image_background': 'https://media.rawg.io/media/screenshots/34c/34c5845589def81a14b93feba2645518.jpg'}]",,,"Wizard's Crown is a 1986 top-down role-playing video game published by Strategic Simulations, Inc. (SSI). It was released for the Atari 8-bit, Atari ST, IBM PC, Apple II and Commodore 64. Its sequel, The Eternal Dagger, was released in 1987.",1.0,8.0,3.0,3.0,1.0,,,,,,,,,,,,,,,,,,,0.0,
264684,crusade-in-europe,Crusade in Europe,Crusade in Europe,"Normandy, June 1944.  An invasion force of more than 150,000 British, Canadian and American forces needs to be managed, and then their actions on the ground need to be coordinated in response to real-time events on the battlefield. The beginning of a true military crusade.<br/>
<br/>
Crusade in Europe is a classic real-time simulation game from the 80s designed by Sid Meier and Ed Bever.  The first title in the ""Command Series"" of tactical wargames from Microprose, the game features real-time battles that test your skills as a commander.<br/>
<br/>
Five different scenarios, from D-Day to the Battle of the Bulge, recreate the tactical decisions faced by commanders in the European Campaign. Each has multiple variables, so you can create “what-if” scenarios, and different levels of difficulty.<br/>
<br/>
Accelerated real-time simulation<br/>
Historically accurate scenarios<br/>
Different skill levels<br/>
Single player campaign<br/>
Two-play head-to-head<br/>
Choose to lead either side<br/>
In-depth historical backgrounds and hints<br/>
<br/>
The idea for the Command Series came from observation of actual tabletop military scenario exercises.  The games challenge you to manage assets, strategically place and move them around the battlefield map, and try to out maneuver the enemy. Victory requires careful strategic thinking and fast responses to rapidly changing battlefield conditions. <br/>
<br/>
Sid Meier, one of the most well-known and prolific strategy game designer-producers, collaborated with historian Ed Bever to make the games incredibly historically accurate.<br/>
<br/>
The Command Series, including Decision in the Desert, Crusade in Europe, and Conflict in Vietnam, has been brought back by Atari and the titles are now available on Steam.",,[],1985-06-05,False,2023-11-04T10:26:24,https://media.rawg.io/media/screenshots/408/40824669a8a7dc57a0540f9a39a82ed8.jpg,https://media.rawg.io/media/screenshots/e86/e8656cb04b6b3cbd33250d2fd7907c35.jpg,,0.0,0,"[{'id': 4, 'title': 'recommended', 'count': 1, 'percent': 100.0}]",16,0,4,0,1,0,0,,,,,0,0,0,0,1,144,[],,0,0,0,,1,0f0f0f,0f0f0f,"[{'platform': {'id': 1, 'name': 'PC', 'slug': 'pc'}}]","[{'platform': {'id': 4, 'name': 'PC', 'slug': 'pc', 'image': None, 'year_end': None, 'year_start': None, 'games_count': 547196, 'image_background': 'https://media.rawg.io/media/games/6fc/6fcf4cd3b17c288821388e6085bb0fc9.jpg'}, 'released_at': '2021-11-30', 'requirements': {'minimum': 'Minimum:\nOS: Windows 7 or higher\nProcessor: Pentium 4 or higher\nMemory: 256 MB RAM\nGraphics: Direct X 9 compatible graphics card\nDirectX: Version 9.0\nStorage: 100 MB available space\nAdditional Notes: Runs on DOSBox. Bypass encryption questions by pressing any key when prompted to enter code'}}]","[{'id': 969120, 'url': '', 'store': {'id': 1, 'name': 'Steam', 'slug': 'steam', 'domain': 'store.steampowered.com', 'games_count': 110181, 'image_background': 'https://media.rawg.io/media/games/7fa/7fa0b586293c5861ee32490e953a4996.jpg'}}, {'id': 776411, 'url': '', 'store': {'id': 5, 'name': 'GOG', 'slug': 'gog', 'domain': 'gog.com', 'games_count': 6713, 'image_background': 'https://media.rawg.io/media/games/5c0/5c0dd63002cb23f804aab327d40ef119.jpg'}}]","[{'id': 14511, 'name': 'MicroProse Software', 'slug': 'microprose-software', 'games_count': 122, 'image_background': 'https://media.rawg.io/media/screenshots/5e9/5e92af32e3cf118d0aa6a64acfd89ada.jpg'}]","[{'id': 10, 'name': 'Strategy', 'slug': 'strategy', 'games_count': 59661, 'image_background': 'https://media.rawg.io/media/games/08b/08b2eee52a9876a48b955e5149affe5b.jpg'}, {'id': 14, 'name': 'Simulation', 'slug': 'simulation', 'games_count': 73491, 'image_background': 'https://media.rawg.io/media/games/48c/48cb04ca483be865e3a83119c94e6097.jpg'}]","[{'id': 31, 'name': 'Singleplayer', 'slug': 'singleplayer', 'language': 'eng', 'games_count': 238404, 'image_background': 'https://media.rawg.io/media/games/26d/26d4437715bee60138dab4a7c8c59c92.jpg'}, {'id': 45, 'name': '2D', 'slug': '2d', 'language': 'eng', 'games_count': 202072, 'image_background': 'https://media.rawg.io/media/games/8ca/8ca40b562a755d6a0e30d48e6c74b178.jpg'}, {'id': 80, 'name': 'Tactical', 'slug': 'tactical', 'language': 'eng', 'games_count': 5900, 'image_background': 'https://media.rawg.io/media/games/0bd/0bd5646a3d8ee0ac3314bced91ea306d.jpg'}, {'id': 70, 'name': 'War', 'slug': 'war', 'language': 'eng', 'games_count': 9755, 'image_background': 'https://media.rawg.io/media/games/736/73619bd336c894d6941d926bfd563946.jpg'}, {'id': 89, 'name': 'Historical', 'slug': 'historical', 'language': 'eng', 'games_count': 3648, 'image_background': 'https://media.rawg.io/media/games/997/997ab4d67e96fb20a4092383477d4463.jpg'}, {'id': 168, 'name': 'RTS', 'slug': 'rts', 'language': 'eng', 'games_count': 2680, 'image_background': 'https://media.rawg.io/media/screenshots/65c/65c9c15e274705b5fe343e424ce76ec8.jpg'}, {'id': 81, 'name': 'Military', 'slug': 'military', 'language': 'eng', 'games_count': 2249, 'image_background': 'https://media.rawg.io/media/games/8bd/8bd24e3c15354a9555bb1437fe555a69.jpg'}, {'id': 61, 'name': 'Top-Down', 'slug': 'top-down', 'language': 'eng', 'games_count': 27149, 'image_background': 'https://media.rawg.io/media/screenshots/2fc/2fc6994425146f9dba3133400b414e29.jpg'}, {'id': 105, 'name': 'World War II', 'slug': 'world-war-ii', 'language': 'eng', 'games_count': 1024, 'image_background': 'https://media.rawg.io/media/games/da1/da15524e850ee9791b32973b748e08d5.jpg'}, {'id': 176, 'name': 'Turn-Based Tactics', 'slug': 'turn-based-tactics', 'language': 'eng', 'games_count': 3759, 'image_background': 'https://media.rawg.io/media/screenshots/5d6/5d6ab867b41a604eceee6c4026292e41.jpg'}, {'id': 112, 'name': 'Minimalist', 'slug': 'minimalist', 'language': 'eng', 'games_count': 16366, 'image_background': 'https://media.rawg.io/media/games/0d7/0d7b7a687bf665b61337904193c56855.jpg'}, {'id': 224, 'name': '1980s', 'slug': '1980s', 'language': 'eng', 'games_count': 3001, 'image_background': 'https://media.rawg.io/media/games/64a/64a7789943fe9f9d9c93f3a286ee7b20.jpg'}, {'id': 162, 'name': 'Board Game', 'slug': 'board-game', 'language': 'eng', 'games_count': 4291, 'image_background': 'https://media.rawg.io/media/games/f86/f869253c68b38fa789f58cc5be2cb996.jpg'}, {'id': 570, 'name': 'Old School', 'slug': 'old-school', 'language': 'eng', 'games_count': 4421, 'image_background': 'https://media.rawg.io/media/games/261/261f147b8cbe9fed2da8d81a1bb52d68.jpg'}, {'id': 104, 'name': 'Wargame', 'slug': 'wargame', 'language': 'eng', 'games_count': 1712, 'image_background': 'https://media.rawg.io/media/screenshots/08f/08f861f3999fd86336a7917d6947c9a5.jpg'}, {'id': 4880, 'name': 'tabletop', 'slug': 'tabletop', 'language': 'eng', 'games_count': 2577, 'image_background': 'https://media.rawg.io/media/games/391/391954934d459b8fe78d87a8a68c71c6.jpg'}]","[{'id': 1779, 'name': 'Atari', 'slug': 'atari', 'games_count': 507, 'image_background': 'https://media.rawg.io/media/games/d82/d82dbcf92ded452bf8c6fb1bbdd62e52.jpg'}]",,,"Normandy, June 1944.  An invasion force of more than 150,000 British, Canadian and American forces needs to be managed, and then their actions on the ground need to be coordinated in response to real-time events on the battlefield. The beginning of a true military crusade.
Crusade in Europe is a classic real-time simulation game from the 80s designed by Sid Meier and Ed Bever.  The first title in the ""Command Series"" of tactical wargames from Microprose, the game features real-time battles that test your skills as a commander.
Five different scenarios, from D-Day to the Battle of the Bulge, recreate the tactical decisions faced by commanders in the European Campaign. Each has multiple variables, so you can create “what-if” scenarios, and different levels of difficulty.
Accelerated real-time simulation
Historically accurate scenarios
Different skill levels
Single player campaign
Two-play head-to-head
Choose to lead either side
In-depth historical backgrounds and hints
The idea for the Command Series came from observation of actual tabletop military scenario exercises.  The games challenge you to manage assets, strategically place and move them around the battlefield map, and try to out maneuver the enemy. Victory requires careful strategic thinking and fast responses to rapidly changing battlefield conditions.
Sid Meier, one of the most well-known and prolific strategy game designer-producers, collaborated with historian Ed Bever to make the games incredibly historically accurate.
The Command Series, including Decision in the Desert, Crusade in Europe, and Conflict in Vietnam, has been brought back by Atari and the titles are now available on Steam.",1.0,10.0,3.0,1.0,1.0,,,,,,,,,,,,,,,,,,,0.0,
34260,antixonix,AntiXonix,AntiXonix,"<p>AntiXonix is an arcade game developed by Павловский Дмитрий. It was originally released in 1985. It was published by Павловский Дмитрий. The game is rated as ""Skip"" on RAWG. <br>You can play AntiXonix on PC. </p>

<p></p>",,[],1985-01-01,False,2023-02-08T10:51:36,https://media.rawg.io/media/screenshots/39b/39bba8c59cb63ba7eb5870b94abc6e21.jpg,https://media.rawg.io/media/screenshots/a80/a808f1f8640ae40411dc7ea74644e8dd.jpg,,0.0,0,"[{'id': 1, 'title': 'skip', 'count': 1, 'percent': 100.0}]",15,0,5,0,0,0,0,,,,,0,0,0,0,1,46,[],,0,0,0,,1,0f0f0f,0f0f0f,"[{'platform': {'id': 1, 'name': 'PC', 'slug': 'pc'}}]","[{'platform': {'id': 4, 'name': 'PC', 'slug': 'pc', 'image': None, 'year_end': None, 'year_start': None, 'games_count': 547196, 'image_background': 'https://media.rawg.io/media/games/6fc/6fcf4cd3b17c288821388e6085bb0fc9.jpg'}, 'released_at': '1985-01-01', 'requirements': {}}]",[],"[{'id': 15532, 'name': 'Павловский Дмитрий', 'slug': 'developer-51', 'games_count': 6, 'image_background': 'https://media.rawg.io/media/screenshots/12f/12f0602dfa13eabe3f2a0d6dee0be593.jpg'}]","[{'id': 11, 'name': 'Arcade', 'slug': 'arcade', 'games_count': 22658, 'image_background': 'https://media.rawg.io/media/games/556/556157feed9ee1f55f2b12b2973e30a3.jpg'}]",[],"[{'id': 12796, 'name': 'Павловский Дмитрий', 'slug': 'publisher-54', 'games_count': 2, 'image_background': 'https://media.rawg.io/media/screenshots/39b/39bba8c59cb63ba7eb5870b94abc6e21.jpg'}]",,,,1.0,6.0,3.0,3.0,2.0,,,,,,,,,,,,,,,,,,,0.0,
54092,tiger-heli,Tiger Heli,Tiger Heli,<p>Tiger-Heli (タイガー・ヘリ) is a 1985 scrolling shooter developed by Toaplan and published by Taito for the arcades. It is a predecessor to Twin Cobra.</p>,,[],1985-01-01,False,2024-04-15T07:57:24,https://media.rawg.io/media/screenshots/fbb/fbb0748793aad750d57d96f4a2151158.jpg,https://media.rawg.io/media/screenshots/1c9/1c993ae330b90fe41fa1e77aa5168d37.jpg,,0.0,0,"[{'id': 4, 'title': 'recommended', 'count': 2, 'percent': 50.0}, {'id': 3, 'title': 'meh', 'count': 2, 'percent': 50.0}]",15,0,2,0,1,0,0,,,,,0,0,0,0,4,51,[],,0,0,0,,4,0f0f0f,0f0f0f,"[{'platform': {'id': 7, 'name': 'Nintendo', 'slug': 'nintendo'}}]","[{'platform': {'id': 49, 'name': 'NES', 'slug': 'nes', 'image': None, 'year_end': None, 'year_start': None, 'games_count': 1015, 'image_background': 'https://media.rawg.io/media/games/7c5/7c50dd0415eb0a57505c58d4e50e4d24.jpg'}, 'released_at': '1985-01-01', 'requirements': {}}]",[],"[{'id': 26648, 'name': 'Toaplan', 'slug': 'toaplan', 'games_count': 36, 'image_background': 'https://media.rawg.io/media/screenshots/173/1730d996f8c1421006c1ea43bad07db2.jpg'}, {'id': 26544, 'name': 'Micronics', 'slug': 'micronics', 'games_count': 11, 'image_background': 'https://media.rawg.io/media/games/e9d/e9d2b6f855998ee10cb60ff859b61f06.jpg'}]",[],"[{'id': 418, 'name': '2 players', 'slug': '2-players', 'language': 'eng', 'games_count': 1244, 'image_background': 'https://media.rawg.io/media/screenshots/f9a/f9ac59bb4af2ca2193ee9ffb979577cf.jpg'}, {'id': 354, 'name': 'alternating', 'slug': 'alternating', 'language': 'eng', 'games_count': 6, 'image_background': 'https://media.rawg.io/media/screenshots/3d6/3d63a56f41d94345e0c1be534497b37b.jpg'}]","[{'id': 11433, 'name': 'Acclaim Entertainment', 'slug': 'acclaim-entertainment', 'games_count': 192, 'image_background': 'https://media.rawg.io/media/games/b44/b44e56d43b3a184d26e8f933931f8bc0.jpg'}, {'id': 10867, 'name': 'Taito', 'slug': 'taito', 'games_count': 200, 'image_background': 'https://media.rawg.io/media/games/541/541de539db14b477a5ae9973f6ea8193.jpg'}, {'id': 19852, 'name': 'Pony Canyon', 'slug': 'pony-canyon', 'games_count': 23, 'image_background': 'https://media.rawg.io/media/games/abf/abfbb5bc3f06bf77c5572643ae0e386a.jpg'}]",,,Tiger-Heli (タイガー・ヘリ) is a 1985 scrolling shooter developed by Toaplan and published by Taito for the arcades. It is a predecessor to Twin Cobra.,,6.0,4.0,2.0,3.0,,,,,,,,,,,,,,,,,,,0.0,
33329,cyrus,Cyrus,Cyrus,"<p>Cyrus is a game developed by Intelligent Chess Software. It was originally released in 1985. Intelligent Chess Software published the game. Most rawgers rated the game as ""Meh"". <br>You can play Cyrus on PC. </p>

<p></p>",,[],1985-01-01,False,2023-02-08T10:51:33,https://media.rawg.io/media/screenshots/276/27695faf8bcf6b66e91ecf444d60c883.jpg,https://media.rawg.io/media/screenshots/5ac/5ac1036b3f5df9861d28dd01c56a27cf.jpg,,0.0,0,"[{'id': 3, 'title': 'meh', 'count': 2, 'percent': 100.0}]",15,0,4,0,0,0,0,,,,,0,0,0,0,2,50,[],,0,0,0,,2,0f0f0f,0f0f0f,"[{'platform': {'id': 1, 'name': 'PC', 'slug': 'pc'}}]","[{'platform': {'id': 4, 'name': 'PC', 'slug': 'pc', 'image': None, 'year_end': None, 'year_start': None, 'games_count': 547196, 'image_background': 'https://media.rawg.io/media/games/6fc/6fcf4cd3b17c288821388e6085bb0fc9.jpg'}, 'released_at': '1985-01-01', 'requirements': {}}]",[],"[{'id': 16171, 'name': 'Intelligent Chess Software', 'slug': 'intelligent-chess-software', 'games_count': 1, 'image_background': 'https://media.rawg.io/media/screenshots/276/27695faf8bcf6b66e91ecf444d60c883.jpg'}]",[],[],"[{'id': 12447, 'name': 'Intelligent Chess Software', 'slug': 'intelligent-chess-software', 'games_count': 1, 'image_background': 'https://media.rawg.io/media/screenshots/276/27695faf8bcf6b66e91ecf444d60c883.jpg'}]",,,,1.0,7.0,3.0,1.0,3.0,,,,,,,,,,,,,,,,,,,0.0,
55715,wishbringer,Wishbringer,Wishbringer,"<p>Wishbringer: The Magick Stone of Dreams is an interactive fiction computer game written by Brian Moriarty and published by Infocom in 1985. It was intended to be an easier game to solve than the typical Infocom release and provide a good introduction to interactive fiction for inexperienced players, and was very well received.</p>",,[],1985-05-01,False,2023-02-08T10:51:23,https://media.rawg.io/media/screenshots/bee/beea9553727654cd4e661bb32d3bf90a.jpg,https://media.rawg.io/media/screenshots/778/7780696526e7dfb8e429c0c36b167533.jpg,,0.0,0,"[{'id': 4, 'title': 'recommended', 'count': 1, 'percent': 100.0}]",15,0,22,0,1,0,0,,,,,0,0,0,0,1,126,[],,0,0,0,,1,0f0f0f,0f0f0f,"[{'platform': {'id': 1, 'name': 'PC', 'slug': 'pc'}}, {'platform': {'id': 5, 'name': 'Apple Macintosh', 'slug': 'mac'}}, {'platform': {'id': 9, 'name': 'Atari', 'slug': 'atari'}}, {'platform': {'id': 10, 'name': 'Commodore / Amiga', 'slug': 'commodore-amiga'}}]","[{'platform': {'id': 166, 'name': 'Commodore / Amiga', 'slug': 'commodore-amiga', 'image': None, 'year_end': None, 'year_start': None, 'games_count': 2083, 'image_background': 'https://media.rawg.io/media/games/cce/cce8bebe861f295003f5a9fe5b11233f.jpg'}, 'released_at': '1985-05-01', 'requirements': {}}, {'platform': {'id': 34, 'name': 'Atari ST', 'slug': 'atari-st', 'image': None, 'year_end': None, 'year_start': None, 'games_count': 836, 'image_background': 'https://media.rawg.io/media/games/637/637d7dc2f44d0f6ddd3ee2c0b1366962.jpg'}, 'released_at': '1985-05-01', 'requirements': {}}, {'platform': {'id': 41, 'name': 'Apple II', 'slug': 'apple-ii', 'image': None, 'year_end': None, 'year_start': None, 'games_count': 424, 'image_background': 'https://media.rawg.io/media/screenshots/3d2/3d2bb57b39e2efa39d1c385585b2ea8b.jpg'}, 'released_at': '1985-05-01', 'requirements': {}}, {'platform': {'id': 25, 'name': 'Atari 8-bit', 'slug': 'atari-8-bit', 'image': None, 'year_end': None, 'year_start': None, 'games_count': 308, 'image_background': 'https://media.rawg.io/media/screenshots/038/0385a47d3a43b218204268af5361a19e.jpg'}, 'released_at': '1985-05-01', 'requirements': {}}, {'platform': {'id': 55, 'name': 'Classic Macintosh', 'slug': 'macintosh', 'image': None, 'year_end': None, 'year_start': None, 'games_count': 675, 'image_background': 'https://media.rawg.io/media/games/38a/38af969459ad6e5de116ec8a4a84218c.jpg'}, 'released_at': '1985-05-01', 'requirements': {}}, {'platform': {'id': 4, 'name': 'PC', 'slug': 'pc', 'image': None, 'year_end': None, 'year_start': None, 'games_count': 547196, 'image_background': 'https://media.rawg.io/media/games/6fc/6fcf4cd3b17c288821388e6085bb0fc9.jpg'}, 'released_at': '1985-05-01', 'requirements': {}}]",[],"[{'id': 12929, 'name': 'Infocom', 'slug': 'infocom', 'games_count': 48, 'image_background': 'https://media.rawg.io/media/screenshots/782/7822ae77e839fa2db05cd53d08225dd8.jpg'}]",[],"[{'id': 31, 'name': 'Singleplayer', 'slug': 'singleplayer', 'language': 'eng', 'games_count': 238404, 'image_background': 'https://media.rawg.io/media/games/26d/26d4437715bee60138dab4a7c8c59c92.jpg'}]","[{'id': 11435, 'name': 'Infocom', 'slug': 'infocom', 'games_count': 45, 'image_background': 'https://media.rawg.io/media/screenshots/3d4/3d4094f02e71cb3439ab3c8af62809c0.jpg'}]",,,"Wishbringer: The Magick Stone of Dreams is an interactive fiction computer game written by Brian Moriarty and published by Infocom in 1985. It was intended to be an easier game to solve than the typical Infocom release and provide a good introduction to interactive fiction for inexperienced players, and was very well received.",1.0,7.0,3.0,3.0,1.0,,,,,,,,,,,,,,,,,,,0.0,
55552,moebius-the-orb-of-celestial-harmony,Moebius: The Orb of Celestial Harmony,Moebius: The Orb of Celestial Harmony,"<p>Moebius: The Orb of Celestial Harmony is a video game produced by Origin Systems and designed by Greg Malone. It was originally released in 1985 for the Apple II series of personal computers. Versions were also released for the Amiga, Atari ST, Commodore 64, Macintosh, and MS-DOS. The game is primarily a top-down view tile-based role-playing video game, but it has action-based combat sequences which use a side view, roughly similar to games such as Karateka.</p>
<p>Origin Systems produced a sequel to the game, entitled Windwalker.</p>",,[],1985-01-01,False,2023-02-08T10:51:30,https://media.rawg.io/media/screenshots/e13/e136685ca2adf04b40fc640279bf9e5d.jpg,https://media.rawg.io/media/screenshots/6fc/6fc339d142ebcd9b591d51edd36771ce.jpg,,0.0,0,"[{'id': 4, 'title': 'recommended', 'count': 1, 'percent': 50.0}, {'id': 1, 'title': 'skip', 'count': 1, 'percent': 50.0}]",15,0,10,0,1,0,0,,,,,0,0,0,0,2,321,[],,0,0,0,,2,0f0f0f,0f0f0f,"[{'platform': {'id': 1, 'name': 'PC', 'slug': 'pc'}}, {'platform': {'id': 5, 'name': 'Apple Macintosh', 'slug': 'mac'}}, {'platform': {'id': 9, 'name': 'Atari', 'slug': 'atari'}}, {'platform': {'id': 10, 'name': 'Commodore / Amiga', 'slug': 'commodore-amiga'}}]","[{'platform': {'id': 166, 'name': 'Commodore / Amiga', 'slug': 'commodore-amiga', 'image': None, 'year_end': None, 'year_start': None, 'games_count': 2083, 'image_background': 'https://media.rawg.io/media/games/cce/cce8bebe861f295003f5a9fe5b11233f.jpg'}, 'released_at': '1985-01-01', 'requirements': {}}, {'platform': {'id': 34, 'name': 'Atari ST', 'slug': 'atari-st', 'image': None, 'year_end': None, 'year_start': None, 'games_count': 836, 'image_background': 'https://media.rawg.io/media/games/637/637d7dc2f44d0f6ddd3ee2c0b1366962.jpg'}, 'released_at': '1985-01-01', 'requirements': {}}, {'platform': {'id': 41, 'name': 'Apple II', 'slug': 'apple-ii', 'image': None, 'year_end': None, 'year_start': None, 'games_count': 424, 'image_background': 'https://media.rawg.io/media/screenshots/3d2/3d2bb57b39e2efa39d1c385585b2ea8b.jpg'}, 'released_at': '1985-01-01', 'requirements': {}}, {'platform': {'id': 55, 'name': 'Classic Macintosh', 'slug': 'macintosh', 'image': None, 'year_end': None, 'year_start': None, 'games_count': 675, 'image_background': 'https://media.rawg.io/media/games/38a/38af969459ad6e5de116ec8a4a84218c.jpg'}, 'released_at': '1985-01-01', 'requirements': {}}, {'platform': {'id': 4, 'name': 'PC', 'slug': 'pc', 'image': None, 'year_end': None, 'year_start': None, 'games_count': 547196, 'image_background': 'https://media.rawg.io/media/games/6fc/6fcf4cd3b17c288821388e6085bb0fc9.jpg'}, 'released_at': '1985-01-01', 'requirements': {}}]",[],"[{'id': 13178, 'name': 'Origin Systems', 'slug': 'origin-systems', 'games_count': 60, 'image_background': 'https://media.rawg.io/media/screenshots/ba4/ba456796ee5e190af9cfb2e78feac2ec.jpg'}]","[{'id': 4, 'name': 'Action', 'slug': 'action', 'games_count': 186608, 'image_background': 'https://media.rawg.io/media/games/618/618c2031a07bbff6b4f611f10b6bcdbc.jpg'}, {'id': 3, 'name': 'Adventure', 'slug': 'adventure', 'games_count': 146481, 'image_background': 'https://media.rawg.io/media/games/b6b/b6b20bfc4b34e312dbc8aac53c95a348.jpg'}, {'id': 5, 'name': 'RPG', 'slug': 'role-playing-games-rpg', 'games_count': 59370, 'image_background': 'https://media.rawg.io/media/games/f6b/f6bed028b02369d4cab548f4f9337e81.jpg'}]","[{'id': 31, 'name': 'Singleplayer', 'slug': 'singleplayer', 'language': 'eng', 'games_count': 238404, 'image_background': 'https://media.rawg.io/media/games/26d/26d4437715bee60138dab4a7c8c59c92.jpg'}]","[{'id': 19491, 'name': 'Brøderbund', 'slug': 'broderbund', 'games_count': 32, 'image_background': 'https://media.rawg.io/media/games/054/0540c8fc8eed3fc13d3990f419c61c6f.jpg'}]",,,"Moebius: The Orb of Celestial Harmony is a video game produced by Origin Systems and designed by Greg Malone. It was originally released in 1985 for the Apple II series of personal computers. Versions were also released for the Amiga, Atari ST, Commodore 64, Macintosh, and MS-DOS. The game is primarily a top-down view tile-based role-playing video game, but it has action-based combat sequences which use a side view, roughly similar to games such as Karateka.
Origin Systems produced a sequel to the game, entitled Windwalker.",2.0,7.0,3.0,2.0,1.0,,,,,,,,,,,,,,,,,,,0.0,
56433,doomdarks-revenge-1985,Doomdark's Revenge (1985),Doomdark's Revenge (1985),"<p>Doomdark's Revenge is a role-playing and strategy video game developed by Mike Singleton and published by Beyond Software for the ZX Spectrum, Commodore 64 and Amstrad CPC in 1985. It is a sequel to Singleton's 1984 seminal The Lords of Midnight and has similar game mechanics but adds more detail and complexity with the number of characters and locations increased.</p>
<p>In Doomdark's Revenge, the hero of the first game, Luxor the Moonprince, goes into the savage wastes of Icemark to save his son Morkin and defeat the evil Empress Shareth, daughter of his enemy Doomdark. Despite what the title suggests, Doomdark himself, who was killed in the first game, does not actually return in the sequel.</p>
<p>Like its predecessor, Doomdark's Revenge was a major critical success and a commercial hit. It was supposed to be followed the sequel titled Eye of the Moon in 1989, which was never finished. Another sequel, Lords of Midnight: The Citadel, was eventually released in 1995.</p>",,[],1985-01-01,False,2023-02-08T10:51:33,https://media.rawg.io/media/screenshots/a8d/a8d0d193a021e097b79bd0a457d42370.jpg,https://media.rawg.io/media/screenshots/aa5/aa59d23b9b8fad3f19ab097a44e900fa.jpg,,0.0,0,"[{'id': 1, 'title': 'skip', 'count': 1, 'percent': 100.0}]",15,0,9,0,2,0,0,,,,,0,0,0,0,1,153,[],,0,0,0,,1,0f0f0f,0f0f0f,"[{'platform': {'id': 1, 'name': 'PC', 'slug': 'pc'}}, {'platform': {'id': 4, 'name': 'iOS', 'slug': 'ios'}}, {'platform': {'id': 8, 'name': 'Android', 'slug': 'android'}}, {'platform': {'id': 5, 'name': 'Apple Macintosh', 'slug': 'mac'}}, {'platform': {'id': 10, 'name': 'Commodore / Amiga', 'slug': 'commodore-amiga'}}]","[{'platform': {'id': 3, 'name': 'iOS', 'slug': 'ios', 'image': None, 'year_end': None, 'year_start': None, 'games_count': 77392, 'image_background': 'https://media.rawg.io/media/games/5fa/5fae5fec3c943179e09da67a4427d68f.jpg'}, 'released_at': '1985-01-01', 'requirements': {}}, {'platform': {'id': 21, 'name': 'Android', 'slug': 'android', 'image': None, 'year_end': None, 'year_start': None, 'games_count': 52427, 'image_background': 'https://media.rawg.io/media/games/198/1988a337305e008b41d7f536ce9b73f6.jpg'}, 'released_at': '1985-01-01', 'requirements': {}}, {'platform': {'id': 4, 'name': 'PC', 'slug': 'pc', 'image': None, 'year_end': None, 'year_start': None, 'games_count': 547196, 'image_background': 'https://media.rawg.io/media/games/6fc/6fcf4cd3b17c288821388e6085bb0fc9.jpg'}, 'released_at': '1985-01-01', 'requirements': {}}, {'platform': {'id': 55, 'name': 'Classic Macintosh', 'slug': 'macintosh', 'image': None, 'year_end': None, 'year_start': None, 'games_count': 675, 'image_background': 'https://media.rawg.io/media/games/38a/38af969459ad6e5de116ec8a4a84218c.jpg'}, 'released_at': '1985-01-01', 'requirements': {}}, {'platform': {'id': 166, 'name': 'Commodore / Amiga', 'slug': 'commodore-amiga', 'image': None, 'year_end': None, 'year_start': None, 'games_count': 2083, 'image_background': 'https://media.rawg.io/media/games/cce/cce8bebe861f295003f5a9fe5b11233f.jpg'}, 'released_at': '1985-01-01', 'requirements': {}}]",[],"[{'id': 27434, 'name': 'Mike Singleton', 'slug': 'mike-singleton', 'games_count': 2, 'image_background': 'https://media.rawg.io/media/screenshots/a8d/a8d0d193a021e097b79bd0a457d42370.jpg'}]","[{'id': 5, 'name': 'RPG', 'slug': 'role-playing-games-rpg', 'games_count': 59370, 'image_background': 'https://media.rawg.io/media/games/f6b/f6bed028b02369d4cab548f4f9337e81.jpg'}, {'id': 10, 'name': 'Strategy', 'slug': 'strategy', 'games_count': 59661, 'image_background': 'https://media.rawg.io/media/games/08b/08b2eee52a9876a48b955e5149affe5b.jpg'}]","[{'id': 31, 'name': 'Singleplayer', 'slug': 'singleplayer', 'language': 'eng', 'games_count': 238404, 'image_background': 'https://media.rawg.io/media/games/26d/26d4437715bee60138dab4a7c8c59c92.jpg'}, {'id': 7, 'name': 'Multiplayer', 'slug': 'multiplayer', 'language': 'eng', 'games_count': 40505, 'image_background': 'https://media.rawg.io/media/games/021/021c4e21a1824d2526f925eff6324653.jpg'}]","[{'id': 19981, 'name': 'Beyond Software', 'slug': 'beyond-software', 'games_count': 4, 'image_background': 'https://media.rawg.io/media/screenshots/f64/f64fc102b850732764dfd7c29cca3429.jpg'}]",,,"Doomdark's Revenge is a role-playing and strategy video game developed by Mike Singleton and published by Beyond Software for the ZX Spectrum, Commodore 64 and Amstrad CPC in 1985. It is a sequel to Singleton's 1984 seminal The Lords of Midnight and has similar game mechanics but adds more detail and complexity with the number of characters and locations increased.
In Doomdark's Revenge, the hero of the first game, Luxor the Moonprince, goes into the savage wastes of Icemark to save his son Morkin and defeat the evil Empress Shareth, daughter of his enemy Doomdark. Despite what the title suggests, Doomdark himself, who was killed in the first game, does not actually return in the sequel.
Like its predecessor, Doomdark's Revenge was a major critical success and a commercial hit. It was supposed to be followed the sequel titled Eye of the Moon in 1989, which was never finished. Another sequel, Lords of Midnight: The Citadel, was eventually released in 1995.",4.0,7.0,1.0,2.0,1.0,,,,,,,,,,,,,,,,,,,0.0,
54955,annals-of-rome,Annals of Rome,Annals of Rome,"<p>Annals of Rome is a turn-based strategy video game developed by Level 9 Computing and published by Personal Software Services. It was first released in the United Kingdom for the ZX Spectrum, Amstrad CPC and Atari ST in 1986. It was then released in Germany for the Commodore 64 and Amiga in 1987 and 1988, respectively. The game revolves around the late Roman Empire and its objective of surviving for as long as possible against rebelling European states.</p>",,[],1985-12-31,False,2023-02-08T10:51:20,https://media.rawg.io/media/screenshots/f58/f58f436f3459e76fe3aadf663865d4c8.jpg,https://media.rawg.io/media/screenshots/17f/17f432fa2a59b0775e46006ba37b526e.jpg,,0.0,0,"[{'id': 4, 'title': 'recommended', 'count': 1, 'percent': 100.0}]",15,2,17,0,0,0,0,,,,,0,0,0,0,1,291,[],,0,0,0,,1,0f0f0f,0f0f0f,"[{'platform': {'id': 1, 'name': 'PC', 'slug': 'pc'}}, {'platform': {'id': 6, 'name': 'Linux', 'slug': 'linux'}}, {'platform': {'id': 9, 'name': 'Atari', 'slug': 'atari'}}, {'platform': {'id': 10, 'name': 'Commodore / Amiga', 'slug': 'commodore-amiga'}}]","[{'platform': {'id': 6, 'name': 'Linux', 'slug': 'linux', 'image': None, 'year_end': None, 'year_start': None, 'games_count': 78810, 'image_background': 'https://media.rawg.io/media/games/d58/d588947d4286e7b5e0e12e1bea7d9844.jpg'}, 'released_at': '1985-12-31', 'requirements': {}}, {'platform': {'id': 34, 'name': 'Atari ST', 'slug': 'atari-st', 'image': None, 'year_end': None, 'year_start': None, 'games_count': 836, 'image_background': 'https://media.rawg.io/media/games/637/637d7dc2f44d0f6ddd3ee2c0b1366962.jpg'}, 'released_at': '1986-01-01', 'requirements': {}}, {'platform': {'id': 166, 'name': 'Commodore / Amiga', 'slug': 'commodore-amiga', 'image': None, 'year_end': None, 'year_start': None, 'games_count': 2083, 'image_background': 'https://media.rawg.io/media/games/cce/cce8bebe861f295003f5a9fe5b11233f.jpg'}, 'released_at': '1986-01-01', 'requirements': {}}, {'platform': {'id': 4, 'name': 'PC', 'slug': 'pc', 'image': None, 'year_end': None, 'year_start': None, 'games_count': 547196, 'image_background': 'https://media.rawg.io/media/games/6fc/6fcf4cd3b17c288821388e6085bb0fc9.jpg'}, 'released_at': '1985-12-31', 'requirements': {}}]","[{'id': 885799, 'url': '', 'store': {'id': 5, 'name': 'GOG', 'slug': 'gog', 'domain': 'gog.com', 'games_count': 6713, 'image_background': 'https://media.rawg.io/media/games/5c0/5c0dd63002cb23f804aab327d40ef119.jpg'}}]","[{'id': 26917, 'name': 'Level 9 Computing', 'slug': 'level-9-computing', 'games_count': 14, 'image_background': 'https://media.rawg.io/media/screenshots/e13/e138543a6b16ec409eb856656de24e67.jpg'}, {'id': 27086, 'name': 'PSS', 'slug': 'pss', 'games_count': 11, 'image_background': 'https://media.rawg.io/media/screenshots/2e0/2e074142dfebcc09d82d681b807a0d94.jpg'}]","[{'id': 10, 'name': 'Strategy', 'slug': 'strategy', 'games_count': 59661, 'image_background': 'https://media.rawg.io/media/games/08b/08b2eee52a9876a48b955e5149affe5b.jpg'}]","[{'id': 31, 'name': 'Singleplayer', 'slug': 'singleplayer', 'language': 'eng', 'games_count': 238404, 'image_background': 'https://media.rawg.io/media/games/26d/26d4437715bee60138dab4a7c8c59c92.jpg'}]","[{'id': 12092, 'name': 'Mirrorsoft', 'slug': 'mirrorsoft', 'games_count': 32, 'image_background': 'https://media.rawg.io/media/screenshots/dc4/dc41719cdc3e2d85103ccde3d6ca976e.jpg'}, {'id': 20202, 'name': 'Personal Software Services', 'slug': 'personal-software-services', 'games_count': 5, 'image_background': 'https://media.rawg.io/media/screenshots/938/93860ecb9d01042d748d7f13bd91295d.jpg'}]",,,"Annals of Rome is a turn-based strategy video game developed by Level 9 Computing and published by Personal Software Services. It was first released in the United Kingdom for the ZX Spectrum, Amstrad CPC and Atari ST in 1986. It was then released in Germany for the Commodore 64 and Amiga in 1987 and 1988, respectively. The game revolves around the late Roman Empire and its objective of surviving for as long as possible against rebelling European states.",1.0,8.0,3.0,2.0,1.0,,,,,,,,,,,,,,,,,,,0.0,
33706,infiltrator,Infiltrator,Infiltrator,"You are Captain Johnny ""Jimbo Baby"" McGibbits-The Infiltrator. Ace helicopter pilot, ballistics expert, neurosurgeon, rock star, motorcycle racer, and a devil-may-care all around good guy with a nifty haircut. Your mission is to fly into the country of the Mad Leader and carry out operations which will completely disable his plans for war. Ultimately, you are to eliminate the Mad Leader himself, as surely the world doesn't need yet another man who spits when he speaks and starts all of his sentences with the word ""basically"".<br/>
<br/>
This is a most dangerous and difficult assignment. You will be required to fly through hostile enemy airspace in what has been disguised to look like a neutral helicopter, reach several important target areas, and carry out specific missions to help destroy the Mad Leader's military force. There will be no time for acting or motorcycle racing this time. Or will there?<br/>
<br/>
Featuring:<br/>
- The ultimate, realistic helicopter flight simulation<br/>
- Exciting animated graphic adventures<br/>
- The chance to win for yourself honor, fame, the respect of millions, and a lot of cash from your best friend who's betting you'll kick the bucket on this one<br/>
<br/>
Gameplay:<br/>
- Interactive flight simulation: Fly through hostile skies as you attempt to distinguish friend from foe. Guess the correct password or get blown out of the sky.<br/>
- Infiltrate the enemy base: Make your way through the enemy base. Keep your ID card ready and a can of sleep gas handy. <br/>
- Discover Secret Files: Investigate the enemy hideout. Avoid guards, don disguises, and find the enemy secrets. <br/>
- Get out before the enemy gets you.",,[],1985-12-31,False,2023-03-24T05:03:51,https://media.rawg.io/media/screenshots/d39/d39e1b0b2bb373bac3320cd0f27ac9bd.jpg,https://media.rawg.io/media/screenshots/606/606c3aaccf6546be035c5f56d464d1c9.jpg,https://www.throwbackentertainment.com,0.0,0,"[{'id': 4, 'title': 'recommended', 'count': 1, 'percent': 50.0}, {'id': 1, 'title': 'skip', 'count': 1, 'percent': 50.0}]",14,0,4,0,0,0,0,,,,,0,0,0,0,2,96,[],,0,0,0,,2,0f0f0f,0f0f0f,"[{'platform': {'id': 1, 'name': 'PC', 'slug': 'pc'}}, {'platform': {'id': 4, 'name': 'iOS', 'slug': 'ios'}}, {'platform': {'id': 5, 'name': 'Apple Macintosh', 'slug': 'mac'}}, {'platform': {'id': 7, 'name': 'Nintendo', 'slug': 'nintendo'}}, {'platform': {'id': 9, 'name': 'Atari', 'slug': 'atari'}}, {'platform': {'id': 10, 'name': 'Commodore / Amiga', 'slug': 'commodore-amiga'}}]","[{'platform': {'id': 4, 'name': 'PC', 'slug': 'pc', 'image': None, 'year_end': None, 'year_start': None, 'games_count': 547196, 'image_background': 'https://media.rawg.io/media/games/6fc/6fcf4cd3b17c288821388e6085bb0fc9.jpg'}, 'released_at': '2023-03-23', 'requirements': {'minimum': 'Minimum:\nOS: Windows 7\nProcessor: 1 GHz\nMemory: 128 MB RAM\nGraphics: 100% DirectX compatible graphics\nStorage: 500 MB available space\nSound Card: 100% DirectX compatible card or onboard sound'}}, {'platform': {'id': 166, 'name': 'Commodore / Amiga', 'slug': 'commodore-amiga', 'image': None, 'year_end': None, 'year_start': None, 'games_count': 2083, 'image_background': 'https://media.rawg.io/media/games/cce/cce8bebe861f295003f5a9fe5b11233f.jpg'}, 'released_at': '1986-01-01', 'requirements': {}}, {'platform': {'id': 3, 'name': 'iOS', 'slug': 'ios', 'image': None, 'year_end': None, 'year_start': None, 'games_count': 77392, 'image_background': 'https://media.rawg.io/media/games/5fa/5fae5fec3c943179e09da67a4427d68f.jpg'}, 'released_at': '1986-01-01', 'requirements': {}}, {'platform': {'id': 41, 'name': 'Apple II', 'slug': 'apple-ii', 'image': None, 'year_end': None, 'year_start': None, 'games_count': 424, 'image_background': 'https://media.rawg.io/media/screenshots/3d2/3d2bb57b39e2efa39d1c385585b2ea8b.jpg'}, 'released_at': '1986-01-01', 'requirements': {}}, {'platform': {'id': 25, 'name': 'Atari 8-bit', 'slug': 'atari-8-bit', 'image': None, 'year_end': None, 'year_start': None, 'games_count': 308, 'image_background': 'https://media.rawg.io/media/screenshots/038/0385a47d3a43b218204268af5361a19e.jpg'}, 'released_at': '1986-01-01', 'requirements': {}}, {'platform': {'id': 49, 'name': 'NES', 'slug': 'nes', 'image': None, 'year_end': None, 'year_start': None, 'games_count': 1015, 'image_background': 'https://media.rawg.io/media/games/7c5/7c50dd0415eb0a57505c58d4e50e4d24.jpg'}, 'released_at': '1986-01-01', 'requirements': {}}]","[{'id': 943607, 'url': '', 'store': {'id': 1, 'name': 'Steam', 'slug': 'steam', 'domain': 'store.steampowered.com', 'games_count': 110181, 'image_background': 'https://media.rawg.io/media/games/7fa/7fa0b586293c5861ee32490e953a4996.jpg'}}, {'id': 925203, 'url': '', 'store': {'id': 5, 'name': 'GOG', 'slug': 'gog', 'domain': 'gog.com', 'games_count': 6713, 'image_background': 'https://media.rawg.io/media/games/5c0/5c0dd63002cb23f804aab327d40ef119.jpg'}}]","[{'id': 26125, 'name': 'Gray Matter', 'slug': 'gray-matter', 'games_count': 18, 'image_background': 'https://media.rawg.io/media/screenshots/9f8/9f8e3f791971968a95dd63c228a9db77.jpg'}, {'id': 16344, 'name': 'Chris Gray', 'slug': 'chris-gray', 'games_count': 2, 'image_background': 'https://media.rawg.io/media/screenshots/d39/d39e1b0b2bb373bac3320cd0f27ac9bd.jpg'}, {'id': 26562, 'name': 'Chris Gray Enterprises', 'slug': 'chris-gray-enterprises', 'games_count': 2, 'image_background': 'https://media.rawg.io/media/screenshots/d39/d39e1b0b2bb373bac3320cd0f27ac9bd.jpg'}]","[{'id': 4, 'name': 'Action', 'slug': 'action', 'games_count': 186608, 'image_background': 'https://media.rawg.io/media/games/618/618c2031a07bbff6b4f611f10b6bcdbc.jpg'}, {'id': 3, 'name': 'Adventure', 'slug': 'adventure', 'games_count': 146481, 'image_background': 'https://media.rawg.io/media/games/b6b/b6b20bfc4b34e312dbc8aac53c95a348.jpg'}, {'id': 14, 'name': 'Simulation', 'slug': 'simulation', 'games_count': 73491, 'image_background': 'https://media.rawg.io/media/games/48c/48cb04ca483be865e3a83119c94e6097.jpg'}, {'id': 11, 'name': 'Arcade', 'slug': 'arcade', 'games_count': 22658, 'image_background': 'https://media.rawg.io/media/games/556/556157feed9ee1f55f2b12b2973e30a3.jpg'}]","[{'id': 31, 'name': 'Singleplayer', 'slug': 'singleplayer', 'language': 'eng', 'games_count': 238404, 'image_background': 'https://media.rawg.io/media/games/26d/26d4437715bee60138dab4a7c8c59c92.jpg'}, {'id': 8, 'name': 'First-Person', 'slug': 'first-person', 'language': 'eng', 'games_count': 34702, 'image_background': 'https://media.rawg.io/media/games/8e4/8e4de3f54ac659e08a7ba6a2b731682a.jpg'}, {'id': 45, 'name': '2D', 'slug': '2d', 'language': 'eng', 'games_count': 202072, 'image_background': 'https://media.rawg.io/media/games/8ca/8ca40b562a755d6a0e30d48e6c74b178.jpg'}, {'id': 69, 'name': 'Action-Adventure', 'slug': 'action-adventure', 'language': 'eng', 'games_count': 19010, 'image_background': 'https://media.rawg.io/media/games/849/849414b978db37d4563ff9e4b0d3a787.jpg'}, {'id': 122, 'name': 'Pixel Graphics', 'slug': 'pixel-graphics', 'language': 'eng', 'games_count': 96617, 'image_background': 'https://media.rawg.io/media/games/ffe/ffed87105b14f5beff72ff44a7793fd5.jpg'}, {'id': 99, 'name': 'Isometric', 'slug': 'isometric', 'language': 'eng', 'games_count': 4919, 'image_background': 'https://media.rawg.io/media/games/87a/87a29bcc56b6b6082ead1dd5e2510aaa.jpg'}, {'id': 81, 'name': 'Military', 'slug': 'military', 'language': 'eng', 'games_count': 2249, 'image_background': 'https://media.rawg.io/media/games/8bd/8bd24e3c15354a9555bb1437fe555a69.jpg'}, {'id': 236, 'name': 'Top-Down Shooter', 'slug': 'top-down-shooter', 'language': 'eng', 'games_count': 2777, 'image_background': 'https://media.rawg.io/media/games/ae3/ae357d6e6f9e89597e8293469ddabba9.jpg'}, {'id': 224, 'name': '1980s', 'slug': '1980s', 'language': 'eng', 'games_count': 3001, 'image_background': 'https://media.rawg.io/media/games/64a/64a7789943fe9f9d9c93f3a286ee7b20.jpg'}, {'id': 53, 'name': 'Flight', 'slug': 'flight', 'language': 'eng', 'games_count': 4586, 'image_background': 'https://media.rawg.io/media/games/0fc/0fc933e3dfbbf4306840ef429d73fa9a.jpg'}, {'id': 303, 'name': 'Text-Based', 'slug': 'text-based', 'language': 'eng', 'games_count': 3047, 'image_background': 'https://media.rawg.io/media/screenshots/c0e/c0e4bf570d2a52c81f945c87430d67a8.jpg'}, {'id': 49970, 'name': 'Vehicular Combat', 'slug': 'vehicular-combat-2', 'language': 'eng', 'games_count': 742, 'image_background': 'https://media.rawg.io/media/games/ba2/ba27ddbd28606e4ef8f694298c0fd67f.jpg'}, {'id': 2838, 'name': 'jet', 'slug': 'jet', 'language': 'eng', 'games_count': 334, 'image_background': 'https://media.rawg.io/media/screenshots/faf/faf4b97b7f1494124597de883115ebdf.jpg'}]","[{'id': 11527, 'name': 'U.S. Gold', 'slug': 'us-gold-2', 'games_count': 95, 'image_background': 'https://media.rawg.io/media/games/eaa/eaa94a1203b9b8fdf5b01575c9e91591.jpg'}, {'id': 10943, 'name': 'MINDSCAPE', 'slug': 'mindscape', 'games_count': 108, 'image_background': 'https://media.rawg.io/media/screenshots/0b1/0b12ddf58af6047922a20dd0d310ad18.jpg'}, {'id': 10382, 'name': 'Throwback Entertainment', 'slug': 'throwback-entertainment', 'games_count': 30, 'image_background': 'https://media.rawg.io/media/screenshots/d5d/d5d3b088dc053f9404ec568dc09187a6.jpg'}, {'id': 11542, 'name': 'Mindscape Entertainment', 'slug': 'mindscape-entertainment', 'games_count': 51, 'image_background': 'https://media.rawg.io/media/screenshots/351/3515d86dbd5e092bf05c68d4cc79fda6.jpg'}, {'id': 47513, 'name': 'MIRROR Soft', 'slug': 'mirror-soft', 'games_count': 15, 'image_background': 'https://media.rawg.io/media/screenshots/83b/83be99eb3dbb007d66ad9f6a80f181f7.jpg'}]",,,"You are Captain Johnny ""Jimbo Baby"" McGibbits-The Infiltrator. Ace helicopter pilot, ballistics expert, neurosurgeon, rock star, motorcycle racer, and a devil-may-care all around good guy with a nifty haircut. Your mission is to fly into the country of the Mad Leader and carry out operations which will completely disable his plans for war. Ultimately, you are to eliminate the Mad Leader himself, as surely the world doesn't need yet another man who spits when he speaks and starts all of his sentences with the word ""basically"".
This is a most dangerous and difficult assignment. You will be required to fly through hostile enemy airspace in what has been disguised to look like a neutral helicopter, reach several important target areas, and carry out specific missions to help destroy the Mad Leader's military force. There will be no time for acting or motorcycle racing this time. Or will there?
Featuring:
- The ultimate, realistic helicopter flight simulation
- Exciting animated graphic adventures
- The chance to win for yourself honor, fame, the respect of millions, and a lot of cash from your best friend who's betting you'll kick the bucket on this one
Gameplay:
- Interactive flight simulation: Fly through hostile skies as you attempt to distinguish friend from foe. Guess the correct password or get blown out of the sky.
- Infiltrate the enemy base: Make your way through the enemy base. Keep your ID card ready and a can of sleep gas handy.
- Discover Secret Files: Investigate the enemy hideout. Avoid guards, don disguises, and find the enemy secrets.
- Get out before the enemy gets you.",1.0,8.0,2.0,2.0,1.0,,,,,,,,,,,,,,,,,,,0.0,
55675,thexder-1985,Thexder (1985),Thexder (1985),"<p>Thexder (テグザー, Teguzā) is an arcade-style run-and-gun shooter action game from Game Arts, originally released as a PC game for the NEC PC-8001 in 1985 and subsequently ported to a number of other personal computer platforms throughout the 1980s and 1990s as well as the Nintendo Entertainment System.</p>",,[],1985-01-01,False,2023-02-08T10:51:24,https://media.rawg.io/media/screenshots/2aa/2aa047f2c49664cc03fcab048a74d10c.jpg,https://media.rawg.io/media/screenshots/ef6/ef6b35dfecc8392b1762b74f81549abd.jpg,,0.0,0,"[{'id': 3, 'title': 'meh', 'count': 1, 'percent': 100.0}]",14,0,20,0,2,0,0,,,,,0,0,0,0,1,353,[],,0,0,0,,1,0f0f0f,0f0f0f,"[{'platform': {'id': 1, 'name': 'PC', 'slug': 'pc'}}, {'platform': {'id': 5, 'name': 'Apple Macintosh', 'slug': 'mac'}}, {'platform': {'id': 7, 'name': 'Nintendo', 'slug': 'nintendo'}}, {'platform': {'id': 10, 'name': 'Commodore / Amiga', 'slug': 'commodore-amiga'}}]","[{'platform': {'id': 166, 'name': 'Commodore / Amiga', 'slug': 'commodore-amiga', 'image': None, 'year_end': None, 'year_start': None, 'games_count': 2083, 'image_background': 'https://media.rawg.io/media/games/cce/cce8bebe861f295003f5a9fe5b11233f.jpg'}, 'released_at': '1985-01-01', 'requirements': {}}, {'platform': {'id': 41, 'name': 'Apple II', 'slug': 'apple-ii', 'image': None, 'year_end': None, 'year_start': None, 'games_count': 424, 'image_background': 'https://media.rawg.io/media/screenshots/3d2/3d2bb57b39e2efa39d1c385585b2ea8b.jpg'}, 'released_at': '1985-01-01', 'requirements': {}}, {'platform': {'id': 55, 'name': 'Classic Macintosh', 'slug': 'macintosh', 'image': None, 'year_end': None, 'year_start': None, 'games_count': 675, 'image_background': 'https://media.rawg.io/media/games/38a/38af969459ad6e5de116ec8a4a84218c.jpg'}, 'released_at': '1985-01-01', 'requirements': {}}, {'platform': {'id': 49, 'name': 'NES', 'slug': 'nes', 'image': None, 'year_end': None, 'year_start': None, 'games_count': 1015, 'image_background': 'https://media.rawg.io/media/games/7c5/7c50dd0415eb0a57505c58d4e50e4d24.jpg'}, 'released_at': '1985-01-01', 'requirements': {}}, {'platform': {'id': 4, 'name': 'PC', 'slug': 'pc', 'image': None, 'year_end': None, 'year_start': None, 'games_count': 547196, 'image_background': 'https://media.rawg.io/media/games/6fc/6fcf4cd3b17c288821388e6085bb0fc9.jpg'}, 'released_at': '1985-01-01', 'requirements': {}}]",[],"[{'id': 13850, 'name': 'GAME ARTS', 'slug': 'game-arts', 'games_count': 20, 'image_background': 'https://media.rawg.io/media/games/65f/65f84d40bf3f5c265d9ba09e34244541.jpg'}]","[{'id': 3, 'name': 'Adventure', 'slug': 'adventure', 'games_count': 146481, 'image_background': 'https://media.rawg.io/media/games/b6b/b6b20bfc4b34e312dbc8aac53c95a348.jpg'}]","[{'id': 31, 'name': 'Singleplayer', 'slug': 'singleplayer', 'language': 'eng', 'games_count': 238404, 'image_background': 'https://media.rawg.io/media/games/26d/26d4437715bee60138dab4a7c8c59c92.jpg'}]","[{'id': 10946, 'name': 'Game Arts', 'slug': 'game-arts', 'games_count': 7, 'image_background': 'https://media.rawg.io/media/screenshots/123/12354bfe52b7291c3a7f01f4a7b1f102.jpg'}]",,,"Thexder (テグザー, Teguzā) is an arcade-style run-and-gun shooter action game from Game Arts, originally released as a PC game for the NEC PC-8001 in 1985 and subsequently ported to a number of other personal computer platforms throughout the 1980s and 1990s as well as the Nintendo Entertainment System.",1.0,9.0,2.0,1.0,1.0,,,,,,,,,,,,,,,,,,,0.0,
56387,chimera,Chimera,Chimera,<p>Chimera is an action-adventure game written by Shahid Ahmad and published by Firebird in 1985.</p>,,[],1985-01-01,False,2019-08-28T22:00:31,https://media.rawg.io/media/screenshots/bb1/bb10fcdccaff62ed17e5bd4b96a6775c.jpg,https://media.rawg.io/media/screenshots/f55/f55c43a98e1e06a28502fd75aa96d6c4.jpg,,0.0,0,"[{'id': 1, 'title': 'skip', 'count': 2, 'percent': 100.0}]",14,0,10,0,2,0,0,,,,,0,0,0,0,2,385,[],,0,0,0,,2,0f0f0f,0f0f0f,"[{'platform': {'id': 9, 'name': 'Atari', 'slug': 'atari'}}, {'platform': {'id': 10, 'name': 'Commodore / Amiga', 'slug': 'commodore-amiga'}}]","[{'platform': {'id': 166, 'name': 'Commodore / Amiga', 'slug': 'commodore-amiga', 'image': None, 'year_end': None, 'year_start': None, 'games_count': 2083, 'image_background': 'https://media.rawg.io/media/games/cce/cce8bebe861f295003f5a9fe5b11233f.jpg'}, 'released_at': '1985-01-01', 'requirements': {}}, {'platform': {'id': 25, 'name': 'Atari 8-bit', 'slug': 'atari-8-bit', 'image': None, 'year_end': None, 'year_start': None, 'games_count': 308, 'image_background': 'https://media.rawg.io/media/screenshots/038/0385a47d3a43b218204268af5361a19e.jpg'}, 'released_at': '1985-01-01', 'requirements': {}}]",[],[],[],"[{'id': 31, 'name': 'Singleplayer', 'slug': 'singleplayer', 'language': 'eng', 'games_count': 238404, 'image_background': 'https://media.rawg.io/media/games/26d/26d4437715bee60138dab4a7c8c59c92.jpg'}]","[{'id': 20199, 'name': 'Telecomsoft', 'slug': 'telecomsoft', 'games_count': 28, 'image_background': 'https://media.rawg.io/media/screenshots/b56/b569505ea715521ab76621752fa0c6a4.jpg'}, {'id': 19518, 'name': 'Firebird', 'slug': 'firebird', 'games_count': 13, 'image_background': 'https://media.rawg.io/media/screenshots/a38/a38a2d68cc586603b9162f5e25b14245.jpg'}]",,,Chimera is an action-adventure game written by Shahid Ahmad and published by Firebird in 1985.,,8.0,2.0,2.0,2.0,,,,,,,,,,,,,,,,,,,0.0,
55086,the-pawn,The Pawn,The Pawn,"<p>The Pawn is a text-based interactive fiction game by Magnetic Scrolls, first published for the Sinclair QL by Sinclair Research in 1985. It was then released for other platforms in 1986 by Rainbird. It is remembered for its excellent graphics (on some versions) and the opening music available in some game versions. Also the game itself—story and parser—got mostly positive reviews. The story takes place in the fairy land of Kerovnia, from which the player must escape.</p>
<p>The game is written in 68000 assembler. Later versions use a cut-down 68000 virtual machine even on less powerful machines like the Z80-based Sinclair Spectrum. The Amiga version uses digitized instrument samples in its title music early in that computer's lifecycle. The peaceful title music was composed by John Molloy and it features guitar and flute sounds .</p>",,[],1985-01-01,False,2023-02-08T10:51:25,https://media.rawg.io/media/screenshots/0dd/0dd9d4af84e2bbcdb22f2483c643a8bb.jpg,https://media.rawg.io/media/screenshots/335/335c09d63bcc8c6d3561a2213df55bfa.jpg,,0.0,0,"[{'id': 4, 'title': 'recommended', 'count': 1, 'percent': 50.0}, {'id': 1, 'title': 'skip', 'count': 1, 'percent': 50.0}]",14,0,19,0,4,0,0,,,,,0,0,0,0,2,302,[],,0,0,0,,2,0f0f0f,0f0f0f,"[{'platform': {'id': 1, 'name': 'PC', 'slug': 'pc'}}, {'platform': {'id': 5, 'name': 'Apple Macintosh', 'slug': 'mac'}}, {'platform': {'id': 9, 'name': 'Atari', 'slug': 'atari'}}, {'platform': {'id': 10, 'name': 'Commodore / Amiga', 'slug': 'commodore-amiga'}}]","[{'platform': {'id': 166, 'name': 'Commodore / Amiga', 'slug': 'commodore-amiga', 'image': None, 'year_end': None, 'year_start': None, 'games_count': 2083, 'image_background': 'https://media.rawg.io/media/games/cce/cce8bebe861f295003f5a9fe5b11233f.jpg'}, 'released_at': '1985-01-01', 'requirements': {}}, {'platform': {'id': 34, 'name': 'Atari ST', 'slug': 'atari-st', 'image': None, 'year_end': None, 'year_start': None, 'games_count': 836, 'image_background': 'https://media.rawg.io/media/games/637/637d7dc2f44d0f6ddd3ee2c0b1366962.jpg'}, 'released_at': '1985-01-01', 'requirements': {}}, {'platform': {'id': 41, 'name': 'Apple II', 'slug': 'apple-ii', 'image': None, 'year_end': None, 'year_start': None, 'games_count': 424, 'image_background': 'https://media.rawg.io/media/screenshots/3d2/3d2bb57b39e2efa39d1c385585b2ea8b.jpg'}, 'released_at': '1985-01-01', 'requirements': {}}, {'platform': {'id': 25, 'name': 'Atari 8-bit', 'slug': 'atari-8-bit', 'image': None, 'year_end': None, 'year_start': None, 'games_count': 308, 'image_background': 'https://media.rawg.io/media/screenshots/038/0385a47d3a43b218204268af5361a19e.jpg'}, 'released_at': '1985-01-01', 'requirements': {}}, {'platform': {'id': 55, 'name': 'Classic Macintosh', 'slug': 'macintosh', 'image': None, 'year_end': None, 'year_start': None, 'games_count': 675, 'image_background': 'https://media.rawg.io/media/games/38a/38af969459ad6e5de116ec8a4a84218c.jpg'}, 'released_at': '1985-01-01', 'requirements': {}}, {'platform': {'id': 4, 'name': 'PC', 'slug': 'pc', 'image': None, 'year_end': None, 'year_start': None, 'games_count': 547196, 'image_background': 'https://media.rawg.io/media/games/6fc/6fcf4cd3b17c288821388e6085bb0fc9.jpg'}, 'released_at': '1985-01-01', 'requirements': {}}]",[],"[{'id': 15079, 'name': 'Magnetic Scrolls', 'slug': 'magnetic-scrolls', 'games_count': 8, 'image_background': 'https://media.rawg.io/media/screenshots/b7e/b7eb4bf1b9cb5d482c74da4bf247c86f.jpg'}]",[],"[{'id': 31, 'name': 'Singleplayer', 'slug': 'singleplayer', 'language': 'eng', 'games_count': 238404, 'image_background': 'https://media.rawg.io/media/games/26d/26d4437715bee60138dab4a7c8c59c92.jpg'}]","[{'id': 20199, 'name': 'Telecomsoft', 'slug': 'telecomsoft', 'games_count': 28, 'image_background': 'https://media.rawg.io/media/screenshots/b56/b569505ea715521ab76621752fa0c6a4.jpg'}, {'id': 11798, 'name': 'Rainbird Software', 'slug': 'rainbird-software', 'games_count': 13, 'image_background': 'https://media.rawg.io/media/screenshots/e7f/e7f1a261d2958b296476f1bd0c9a9453.jpg'}]",,,"The Pawn is a text-based interactive fiction game by Magnetic Scrolls, first published for the Sinclair QL by Sinclair Research in 1985. It was then released for other platforms in 1986 by Rainbird. It is remembered for its excellent graphics (on some versions) and the opening music available in some game versions. Also the game itself—story and parser—got mostly positive reviews. The story takes place in the fairy land of Kerovnia, from which the player must escape.
The game is written in 68000 assembler. Later versions use a cut-down 68000 virtual machine even on less powerful machines like the Z80-based Sinclair Spectrum. The Amiga version uses digitized instrument samples in its title music early in that computer's lifecycle. The peaceful title music was composed by John Molloy and it features guitar and flute sounds .",1.0,7.0,4.0,1.0,1.0,,,,,,,,,,,,,,,,,,,0.0,
56524,the-great-american-cross-country-road-race,The Great American Cross-Country Road Race,The Great American Cross-Country Road Race,"<p>The Great American Cross-Country Road Race (UK re-release title: American Road Race) is a racing video game written by Alex DeMeo for the Atari 8-bit family and published by Activision in 1985. It was ported to the Apple II and Commodore 64. The game is in part an adaptation of an earlier Activision game Enduro, created for the Atari 2600 console, but with design, graphics and sound expanded to fit the capabilities of the more powerful computers.</p>",,[],1985-01-01,False,2023-04-15T23:42:19,https://media.rawg.io/media/screenshots/d0b/d0b74260e6fe140936701915e5e8ed5d.jpg,https://media.rawg.io/media/screenshots/7f7/7f7ce559d73446f0b098367023e3ffe2.jpg,,0.0,0,"[{'id': 5, 'title': 'exceptional', 'count': 1, 'percent': 50.0}, {'id': 3, 'title': 'meh', 'count': 1, 'percent': 50.0}]",14,0,7,0,0,0,0,,,,,0,0,0,0,2,177,[],,0,0,0,,2,0f0f0f,0f0f0f,"[{'platform': {'id': 5, 'name': 'Apple Macintosh', 'slug': 'mac'}}, {'platform': {'id': 9, 'name': 'Atari', 'slug': 'atari'}}, {'platform': {'id': 10, 'name': 'Commodore / Amiga', 'slug': 'commodore-amiga'}}]","[{'platform': {'id': 166, 'name': 'Commodore / Amiga', 'slug': 'commodore-amiga', 'image': None, 'year_end': None, 'year_start': None, 'games_count': 2083, 'image_background': 'https://media.rawg.io/media/games/cce/cce8bebe861f295003f5a9fe5b11233f.jpg'}, 'released_at': '1985-01-01', 'requirements': {}}, {'platform': {'id': 41, 'name': 'Apple II', 'slug': 'apple-ii', 'image': None, 'year_end': None, 'year_start': None, 'games_count': 424, 'image_background': 'https://media.rawg.io/media/screenshots/3d2/3d2bb57b39e2efa39d1c385585b2ea8b.jpg'}, 'released_at': '1985-01-01', 'requirements': {}}, {'platform': {'id': 25, 'name': 'Atari 8-bit', 'slug': 'atari-8-bit', 'image': None, 'year_end': None, 'year_start': None, 'games_count': 308, 'image_background': 'https://media.rawg.io/media/screenshots/038/0385a47d3a43b218204268af5361a19e.jpg'}, 'released_at': '1985-01-01', 'requirements': {}}]",[],"[{'id': 11, 'name': 'Activision', 'slug': 'activision', 'games_count': 163, 'image_background': 'https://media.rawg.io/media/screenshots/d05/d0524e9b2e276dd9c8351881e897f7c9.jpg'}]","[{'id': 1, 'name': 'Racing', 'slug': 'racing', 'games_count': 25359, 'image_background': 'https://media.rawg.io/media/screenshots/69b/69bb243ea9896ddfc2e051b58e81624d.jpg'}]","[{'id': 31, 'name': 'Singleplayer', 'slug': 'singleplayer', 'language': 'eng', 'games_count': 238404, 'image_background': 'https://media.rawg.io/media/games/26d/26d4437715bee60138dab4a7c8c59c92.jpg'}]","[{'id': 10830, 'name': 'Activision Blizzard', 'slug': 'activision-blizzard', 'games_count': 691, 'image_background': 'https://media.rawg.io/media/games/445/44507fdd60a8ec02b1c3c64a293ca754.jpg'}]",,,"The Great American Cross-Country Road Race (UK re-release title: American Road Race) is a racing video game written by Alex DeMeo for the Atari 8-bit family and published by Activision in 1985. It was ported to the Apple II and Commodore 64. The game is in part an adaptation of an earlier Activision game Enduro, created for the Atari 2600 console, but with design, graphics and sound expanded to fit the capabilities of the more powerful computers.",,7.0,2.0,3.0,2.0,,,,,,,,,,,,,,,,,,,0.0,
52452,road-runner,Road Runner,Road Runner,"<p>Road Runner is a variant of the platformer genre, based on the Wile E. Coyote and Road Runner shorts. It was developed and released by Atari Games in 1985.</p>",,[],1985-01-01,False,2024-12-17T04:00:52,https://media.rawg.io/media/screenshots/abe/abe6fea63aaf04066b12cf9f1b85e447.jpg,https://media.rawg.io/media/screenshots/f48/f4829f7855511bc0741751617e2a5c5d.jpg,,0.0,0,"[{'id': 5, 'title': 'exceptional', 'count': 2, 'percent': 66.67}, {'id': 3, 'title': 'meh', 'count': 1, 'percent': 33.33}]",14,0,14,0,2,0,0,,,,,0,0,0,0,3,266,[],,0,0,0,,3,0f0f0f,0f0f0f,"[{'platform': {'id': 1, 'name': 'PC', 'slug': 'pc'}}, {'platform': {'id': 7, 'name': 'Nintendo', 'slug': 'nintendo'}}, {'platform': {'id': 9, 'name': 'Atari', 'slug': 'atari'}}, {'platform': {'id': 10, 'name': 'Commodore / Amiga', 'slug': 'commodore-amiga'}}]","[{'platform': {'id': 34, 'name': 'Atari ST', 'slug': 'atari-st', 'image': None, 'year_end': None, 'year_start': None, 'games_count': 836, 'image_background': 'https://media.rawg.io/media/games/637/637d7dc2f44d0f6ddd3ee2c0b1366962.jpg'}, 'released_at': '1985-01-01', 'requirements': {}}, {'platform': {'id': 4, 'name': 'PC', 'slug': 'pc', 'image': None, 'year_end': None, 'year_start': None, 'games_count': 547196, 'image_background': 'https://media.rawg.io/media/games/6fc/6fcf4cd3b17c288821388e6085bb0fc9.jpg'}, 'released_at': '1985-01-01', 'requirements': {}}, {'platform': {'id': 49, 'name': 'NES', 'slug': 'nes', 'image': None, 'year_end': None, 'year_start': None, 'games_count': 1015, 'image_background': 'https://media.rawg.io/media/games/7c5/7c50dd0415eb0a57505c58d4e50e4d24.jpg'}, 'released_at': '1985-01-01', 'requirements': {}}, {'platform': {'id': 166, 'name': 'Commodore / Amiga', 'slug': 'commodore-amiga', 'image': None, 'year_end': None, 'year_start': None, 'games_count': 2083, 'image_background': 'https://media.rawg.io/media/games/cce/cce8bebe861f295003f5a9fe5b11233f.jpg'}, 'released_at': '1985-01-01', 'requirements': {}}, {'platform': {'id': 23, 'name': 'Atari 2600', 'slug': 'atari-2600', 'image': None, 'year_end': None, 'year_start': None, 'games_count': 294, 'image_background': 'https://media.rawg.io/media/screenshots/ff6/ff623993a854663931c1e78d72a16a5a.jpg'}, 'released_at': '1985-01-01', 'requirements': {}}]",[],"[{'id': 14828, 'name': 'Atari Games', 'slug': 'atari-games', 'games_count': 50, 'image_background': 'https://media.rawg.io/media/games/118/1189a10aafa6349dcdf24dfa2060fe57.jpg'}]",[],"[{'id': 418, 'name': '2 players', 'slug': '2-players', 'language': 'eng', 'games_count': 1244, 'image_background': 'https://media.rawg.io/media/screenshots/f9a/f9ac59bb4af2ca2193ee9ffb979577cf.jpg'}]","[{'id': 1779, 'name': 'Atari', 'slug': 'atari', 'games_count': 507, 'image_background': 'https://media.rawg.io/media/games/d82/d82dbcf92ded452bf8c6fb1bbdd62e52.jpg'}]",,,"Road Runner is a variant of the platformer genre, based on the Wile E. Coyote and Road Runner shorts. It was developed and released by Atari Games in 1985.",2.0,7.0,1.0,2.0,2.0,,,,,,,,,,,,,,,,,,,0.0,
264674,the-adventures-of-buckaroo-banzai-across-the-eight,The Adventures of Buckaroo Banzai: Across the Eighth Dimension,The Adventures of Buckaroo Banzai: Across the Eighth Dimension,"<p>The Adventures of Buckaroo Banzai: Across the Eighth Dimension is an adventure game. It was originally released in 1985. The game is rated as ""Recommended"" on RAWG. <br>The Adventures of Buckaroo Banzai: Across the Eighth Dimension is available on PC. </p>

<p></p>",,[],1985-12-31,False,2023-02-08T10:51:25,https://media.rawg.io/media/screenshots/ea8/ea85a59d383a49a40e52bb979ebd0e7f.jpg,https://media.rawg.io/media/screenshots/676/676d496c541a7ec4fda21e8ed21c0265.jpg,,0.0,0,"[{'id': 4, 'title': 'recommended', 'count': 1, 'percent': 100.0}]",14,0,5,0,0,0,0,,,,,0,0,0,0,1,186,[],,0,0,0,,1,0f0f0f,0f0f0f,"[{'platform': {'id': 1, 'name': 'PC', 'slug': 'pc'}}]","[{'platform': {'id': 4, 'name': 'PC', 'slug': 'pc', 'image': None, 'year_end': None, 'year_start': None, 'games_count': 547196, 'image_background': 'https://media.rawg.io/media/games/6fc/6fcf4cd3b17c288821388e6085bb0fc9.jpg'}, 'released_at': '1985-12-31', 'requirements': {}}]",[],[],"[{'id': 3, 'name': 'Adventure', 'slug': 'adventure', 'games_count': 146481, 'image_background': 'https://media.rawg.io/media/games/b6b/b6b20bfc4b34e312dbc8aac53c95a348.jpg'}]",[],[],,,,1.0,6.0,3.0,3.0,1.0,,,,,,,,,,,,,,,,,,,0.0,
56602,law-of-the-west,Law of the West,Law of the West,"<p>Law of the West is a computer game for the Commodore 64, the Apple II family and the NES. It was one of Accolade's launch products and is the only game in Accolade's history to be designed by Accolade co-founder Alan Miller. Graphics were by Mimi Doggett and the music was by Ed Bogas. The game is a kind of graphical adventure game taking place in the American Old West. In Scandinavia the game was published by American Action.</p>",,[],1985-01-01,False,2019-08-28T22:00:24,https://media.rawg.io/media/screenshots/ea7/ea7efa8740c343ed9a0351408e6d22eb.jpg,https://media.rawg.io/media/screenshots/305/305523131362c52872416f0ce1aabd92.jpg,,0.0,0,"[{'id': 5, 'title': 'exceptional', 'count': 1, 'percent': 33.33}, {'id': 4, 'title': 'recommended', 'count': 1, 'percent': 33.33}, {'id': 1, 'title': 'skip', 'count': 1, 'percent': 33.33}]",14,0,8,0,4,0,0,,,,,0,0,0,0,3,328,[],,0,0,0,,3,0f0f0f,0f0f0f,"[{'platform': {'id': 5, 'name': 'Apple Macintosh', 'slug': 'mac'}}, {'platform': {'id': 7, 'name': 'Nintendo', 'slug': 'nintendo'}}, {'platform': {'id': 10, 'name': 'Commodore / Amiga', 'slug': 'commodore-amiga'}}]","[{'platform': {'id': 166, 'name': 'Commodore / Amiga', 'slug': 'commodore-amiga', 'image': None, 'year_end': None, 'year_start': None, 'games_count': 2083, 'image_background': 'https://media.rawg.io/media/games/cce/cce8bebe861f295003f5a9fe5b11233f.jpg'}, 'released_at': '1985-01-01', 'requirements': {}}, {'platform': {'id': 41, 'name': 'Apple II', 'slug': 'apple-ii', 'image': None, 'year_end': None, 'year_start': None, 'games_count': 424, 'image_background': 'https://media.rawg.io/media/screenshots/3d2/3d2bb57b39e2efa39d1c385585b2ea8b.jpg'}, 'released_at': '1985-01-01', 'requirements': {}}, {'platform': {'id': 49, 'name': 'NES', 'slug': 'nes', 'image': None, 'year_end': None, 'year_start': None, 'games_count': 1015, 'image_background': 'https://media.rawg.io/media/games/7c5/7c50dd0415eb0a57505c58d4e50e4d24.jpg'}, 'released_at': '1985-01-01', 'requirements': {}}]",[],"[{'id': 10590, 'name': 'Accolade', 'slug': 'accolade', 'games_count': 53, 'image_background': 'https://media.rawg.io/media/screenshots/cbb/cbb8ad6d2e0647a003c0dc3b254f3b19.jpg'}]","[{'id': 3, 'name': 'Adventure', 'slug': 'adventure', 'games_count': 146481, 'image_background': 'https://media.rawg.io/media/games/b6b/b6b20bfc4b34e312dbc8aac53c95a348.jpg'}]","[{'id': 31, 'name': 'Singleplayer', 'slug': 'singleplayer', 'language': 'eng', 'games_count': 238404, 'image_background': 'https://media.rawg.io/media/games/26d/26d4437715bee60138dab4a7c8c59c92.jpg'}]","[{'id': 11540, 'name': 'Accolade', 'slug': 'accolade', 'games_count': 86, 'image_background': 'https://media.rawg.io/media/screenshots/d86/d86266847b2b502a7c22d3c67307626d.jpg'}, {'id': 20567, 'name': 'American Action', 'slug': 'american-action', 'games_count': 1, 'image_background': 'https://media.rawg.io/media/screenshots/ea7/ea7efa8740c343ed9a0351408e6d22eb.jpg'}]",,,"Law of the West is a computer game for the Commodore 64, the Apple II family and the NES. It was one of Accolade's launch products and is the only game in Accolade's history to be designed by Accolade co-founder Alan Miller. Graphics were by Mimi Doggett and the music was by Ed Bogas. The game is a kind of graphical adventure game taking place in the American Old West. In Scandinavia the game was published by American Action.",,7.0,2.0,2.0,3.0,,,,,,,,,,,,,,,,,,,0.0,
55035,hacker,Hacker,Hacker,"<p>Hacker is a 1985 computer game by Activision. It was designed by Steve Cartwright and released for the Amiga, Amstrad CPC, Apple II, Atari 8-bit family, Atari ST, Commodore 64, Macintosh, MS-DOS, MSX, and ZX Spectrum.</p>",,[],1985-01-01,False,2023-02-08T10:51:32,https://media.rawg.io/media/screenshots/de1/de1ea5a53a1df5de5730546b0dd295e7.jpg,https://media.rawg.io/media/screenshots/ae2/ae2e4a2975d2fe986c11bb76030a7870.jpg,,0.0,0,"[{'id': 4, 'title': 'recommended', 'count': 1, 'percent': 100.0}]",14,0,22,0,2,0,0,,,,,0,0,0,0,1,178,[],,0,0,0,,1,0f0f0f,0f0f0f,"[{'platform': {'id': 1, 'name': 'PC', 'slug': 'pc'}}, {'platform': {'id': 5, 'name': 'Apple Macintosh', 'slug': 'mac'}}, {'platform': {'id': 9, 'name': 'Atari', 'slug': 'atari'}}, {'platform': {'id': 10, 'name': 'Commodore / Amiga', 'slug': 'commodore-amiga'}}]","[{'platform': {'id': 41, 'name': 'Apple II', 'slug': 'apple-ii', 'image': None, 'year_end': None, 'year_start': None, 'games_count': 424, 'image_background': 'https://media.rawg.io/media/screenshots/3d2/3d2bb57b39e2efa39d1c385585b2ea8b.jpg'}, 'released_at': '1985-01-01', 'requirements': {}}, {'platform': {'id': 166, 'name': 'Commodore / Amiga', 'slug': 'commodore-amiga', 'image': None, 'year_end': None, 'year_start': None, 'games_count': 2083, 'image_background': 'https://media.rawg.io/media/games/cce/cce8bebe861f295003f5a9fe5b11233f.jpg'}, 'released_at': '1985-01-01', 'requirements': {}}, {'platform': {'id': 4, 'name': 'PC', 'slug': 'pc', 'image': None, 'year_end': None, 'year_start': None, 'games_count': 547196, 'image_background': 'https://media.rawg.io/media/games/6fc/6fcf4cd3b17c288821388e6085bb0fc9.jpg'}, 'released_at': '1985-01-01', 'requirements': {}}, {'platform': {'id': 25, 'name': 'Atari 8-bit', 'slug': 'atari-8-bit', 'image': None, 'year_end': None, 'year_start': None, 'games_count': 308, 'image_background': 'https://media.rawg.io/media/screenshots/038/0385a47d3a43b218204268af5361a19e.jpg'}, 'released_at': '1985-01-01', 'requirements': {}}, {'platform': {'id': 34, 'name': 'Atari ST', 'slug': 'atari-st', 'image': None, 'year_end': None, 'year_start': None, 'games_count': 836, 'image_background': 'https://media.rawg.io/media/games/637/637d7dc2f44d0f6ddd3ee2c0b1366962.jpg'}, 'released_at': '1985-01-01', 'requirements': {}}, {'platform': {'id': 55, 'name': 'Classic Macintosh', 'slug': 'macintosh', 'image': None, 'year_end': None, 'year_start': None, 'games_count': 675, 'image_background': 'https://media.rawg.io/media/games/38a/38af969459ad6e5de116ec8a4a84218c.jpg'}, 'released_at': '1985-01-01', 'requirements': {}}]",[],"[{'id': 11, 'name': 'Activision', 'slug': 'activision', 'games_count': 163, 'image_background': 'https://media.rawg.io/media/screenshots/d05/d0524e9b2e276dd9c8351881e897f7c9.jpg'}]","[{'id': 10, 'name': 'Strategy', 'slug': 'strategy', 'games_count': 59661, 'image_background': 'https://media.rawg.io/media/games/08b/08b2eee52a9876a48b955e5149affe5b.jpg'}, {'id': 7, 'name': 'Puzzle', 'slug': 'puzzle', 'games_count': 97333, 'image_background': 'https://media.rawg.io/media/games/9f4/9f418898f5415668ca47b5f4ab1ecfeb.jpg'}]","[{'id': 31, 'name': 'Singleplayer', 'slug': 'singleplayer', 'language': 'eng', 'games_count': 238404, 'image_background': 'https://media.rawg.io/media/games/26d/26d4437715bee60138dab4a7c8c59c92.jpg'}]","[{'id': 10830, 'name': 'Activision Blizzard', 'slug': 'activision-blizzard', 'games_count': 691, 'image_background': 'https://media.rawg.io/media/games/445/44507fdd60a8ec02b1c3c64a293ca754.jpg'}]",,,"Hacker is a 1985 computer game by Activision. It was designed by Steve Cartwright and released for the Amiga, Amstrad CPC, Apple II, Atari 8-bit family, Atari ST, Commodore 64, Macintosh, MS-DOS, MSX, and ZX Spectrum.",1.0,6.0,3.0,3.0,1.0,,,,,,,,,,,,,,,,,,,0.0,
53855,gyromite,Gyromite,Gyromite,"<p>Gyromite, also known as Robot Gyro (ジャイロ, Jairo), is a video game released in 1985 for the Nintendo Entertainment System, designed for use with the Robotic Operating Buddy. Gyromite is one of two games in Nintendo's Robot Series, the other being Stack-Up (AKA Robot Block). The opening screen of the game shows the title Robot Gyro, the Japanese name of the game for the Family Computer. Essentially, the Gyromite game program is unchanged from the Famicom Robot Gyro cartridge, and many Gyromite cartridges contain the circuit board from a copy of ""Robot Gyro,"" attached to an adaptor that allows the game to be played on NES consoles. Famicom games had 60-pin connectors, so the adaptor converted the game so it can be used with the 72-pin connector in an NES.</p>",,[],1985-08-13,False,2019-08-28T22:26:20,https://media.rawg.io/media/screenshots/dc4/dc4c44e301c02859c9bfb113c06f747b.jpg,https://media.rawg.io/media/screenshots/551/551fc7836f894ea47f40d97bcf9db549.jpg,,0.0,0,"[{'id': 4, 'title': 'recommended', 'count': 1, 'percent': 50.0}, {'id': 3, 'title': 'meh', 'count': 1, 'percent': 50.0}]",14,0,6,0,2,0,0,,,,,0,0,0,1,1,117,[],,0,0,0,,2,0f0f0f,0f0f0f,"[{'platform': {'id': 7, 'name': 'Nintendo', 'slug': 'nintendo'}}]","[{'platform': {'id': 49, 'name': 'NES', 'slug': 'nes', 'image': None, 'year_end': None, 'year_start': None, 'games_count': 1015, 'image_background': 'https://media.rawg.io/media/games/7c5/7c50dd0415eb0a57505c58d4e50e4d24.jpg'}, 'released_at': '1985-08-13', 'requirements': {}}]",[],"[{'id': 16257, 'name': 'Nintendo', 'slug': 'nintendo', 'games_count': 426, 'image_background': 'https://media.rawg.io/media/games/d9c/d9c8b7edc78391619566adfeb52b5a9a.jpg'}]","[{'id': 7, 'name': 'Puzzle', 'slug': 'puzzle', 'games_count': 97333, 'image_background': 'https://media.rawg.io/media/games/9f4/9f418898f5415668ca47b5f4ab1ecfeb.jpg'}]","[{'id': 31, 'name': 'Singleplayer', 'slug': 'singleplayer', 'language': 'eng', 'games_count': 238404, 'image_background': 'https://media.rawg.io/media/games/26d/26d4437715bee60138dab4a7c8c59c92.jpg'}, {'id': 7, 'name': 'Multiplayer', 'slug': 'multiplayer', 'language': 'eng', 'games_count': 40505, 'image_background': 'https://media.rawg.io/media/games/021/021c4e21a1824d2526f925eff6324653.jpg'}]","[{'id': 10681, 'name': 'Nintendo', 'slug': 'nintendo', 'games_count': 1235, 'image_background': 'https://media.rawg.io/media/games/dd1/dd167cf8753db3748a975d61cc926e54.jpg'}]",,,"Gyromite, also known as Robot Gyro (ジャイロ, Jairo), is a video game released in 1985 for the Nintendo Entertainment System, designed for use with the Robotic Operating Buddy. Gyromite is one of two games in Nintendo's Robot Series, the other being Stack-Up (AKA Robot Block). The opening screen of the game shows the title Robot Gyro, the Japanese name of the game for the Family Computer. Essentially, the Gyromite game program is unchanged from the Famicom Robot Gyro cartridge, and many Gyromite cartridges contain the circuit board from a copy of ""Robot Gyro,"" attached to an adaptor that allows the game to be played on NES consoles. Famicom games had 60-pin connectors, so the adaptor converted the game so it can be used with the 72-pin connector in an NES.",1.0,6.0,4.0,2.0,1.0,,,,,,,,,,,,,,,,,,,0.0,
54968,autoduel,Autoduel,Autoduel,"<p>Autoduel is a 1985 role-playing video game published by Origin Systems for the Atari 8-bit family, Commodore 64, Apple II, Macintosh, and MS-DOS. It was released in 1987 for the Atari ST and in 1988 for the Amiga. The game is based on the Steve Jackson Games series Car Wars.</p>
<p>The game is set in a hypothetical future in the U.S., where cars are a primary means of protection and defense, and the highways are dangerous stretches of land ruled by gangs and vigilantes with armed vehicles.</p>
<p>Autoduel is no longer available for commercial sale. However, because it is part of Electronic Arts’ (“EA”) intellectual property portfolio, EA issues takedown notices to any abandonware site found to be hosting it.</p>",,[],1985-01-01,False,2023-02-08T10:51:35,https://media.rawg.io/media/screenshots/ca9/ca9ea6d59490f18cbf8cd0961360aaf0.jpg,https://media.rawg.io/media/screenshots/9b6/9b68c36fc92839f6e34cd2dc4f418606.jpg,,0.0,0,"[{'id': 4, 'title': 'recommended', 'count': 1, 'percent': 50.0}, {'id': 1, 'title': 'skip', 'count': 1, 'percent': 50.0}]",14,0,12,0,6,0,0,,,,,0,0,0,0,2,270,[],,0,0,0,,2,0f0f0f,0f0f0f,"[{'platform': {'id': 1, 'name': 'PC', 'slug': 'pc'}}, {'platform': {'id': 5, 'name': 'Apple Macintosh', 'slug': 'mac'}}, {'platform': {'id': 9, 'name': 'Atari', 'slug': 'atari'}}, {'platform': {'id': 10, 'name': 'Commodore / Amiga', 'slug': 'commodore-amiga'}}]","[{'platform': {'id': 34, 'name': 'Atari ST', 'slug': 'atari-st', 'image': None, 'year_end': None, 'year_start': None, 'games_count': 836, 'image_background': 'https://media.rawg.io/media/games/637/637d7dc2f44d0f6ddd3ee2c0b1366962.jpg'}, 'released_at': '1985-01-01', 'requirements': {}}, {'platform': {'id': 41, 'name': 'Apple II', 'slug': 'apple-ii', 'image': None, 'year_end': None, 'year_start': None, 'games_count': 424, 'image_background': 'https://media.rawg.io/media/screenshots/3d2/3d2bb57b39e2efa39d1c385585b2ea8b.jpg'}, 'released_at': '1985-01-01', 'requirements': {}}, {'platform': {'id': 25, 'name': 'Atari 8-bit', 'slug': 'atari-8-bit', 'image': None, 'year_end': None, 'year_start': None, 'games_count': 308, 'image_background': 'https://media.rawg.io/media/screenshots/038/0385a47d3a43b218204268af5361a19e.jpg'}, 'released_at': '1985-01-01', 'requirements': {}}, {'platform': {'id': 55, 'name': 'Classic Macintosh', 'slug': 'macintosh', 'image': None, 'year_end': None, 'year_start': None, 'games_count': 675, 'image_background': 'https://media.rawg.io/media/games/38a/38af969459ad6e5de116ec8a4a84218c.jpg'}, 'released_at': '1985-01-01', 'requirements': {}}, {'platform': {'id': 166, 'name': 'Commodore / Amiga', 'slug': 'commodore-amiga', 'image': None, 'year_end': None, 'year_start': None, 'games_count': 2083, 'image_background': 'https://media.rawg.io/media/games/cce/cce8bebe861f295003f5a9fe5b11233f.jpg'}, 'released_at': '1985-01-01', 'requirements': {}}, {'platform': {'id': 4, 'name': 'PC', 'slug': 'pc', 'image': None, 'year_end': None, 'year_start': None, 'games_count': 547196, 'image_background': 'https://media.rawg.io/media/games/6fc/6fcf4cd3b17c288821388e6085bb0fc9.jpg'}, 'released_at': '1985-01-01', 'requirements': {}}]",[],"[{'id': 13178, 'name': 'Origin Systems', 'slug': 'origin-systems', 'games_count': 60, 'image_background': 'https://media.rawg.io/media/screenshots/ba4/ba456796ee5e190af9cfb2e78feac2ec.jpg'}]","[{'id': 5, 'name': 'RPG', 'slug': 'role-playing-games-rpg', 'games_count': 59370, 'image_background': 'https://media.rawg.io/media/games/f6b/f6bed028b02369d4cab548f4f9337e81.jpg'}]","[{'id': 31, 'name': 'Singleplayer', 'slug': 'singleplayer', 'language': 'eng', 'games_count': 238404, 'image_background': 'https://media.rawg.io/media/games/26d/26d4437715bee60138dab4a7c8c59c92.jpg'}]","[{'id': 11776, 'name': 'Origin Systems', 'slug': 'origin-systems', 'games_count': 26, 'image_background': 'https://media.rawg.io/media/screenshots/773/7730495e8fc0fe7e1e747cb9449399ac.jpeg'}]",,,"Autoduel is a 1985 role-playing video game published by Origin Systems for the Atari 8-bit family, Commodore 64, Apple II, Macintosh, and MS-DOS. It was released in 1987 for the Atari ST and in 1988 for the Amiga. The game is based on the Steve Jackson Games series Car Wars.
The game is set in a hypothetical future in the U.S., where cars are a primary means of protection and defense, and the highways are dangerous stretches of land ruled by gangs and vigilantes with armed vehicles.
Autoduel is no longer available for commercial sale. However, because it is part of Electronic Arts’ (“EA”) intellectual property portfolio, EA issues takedown notices to any abandonware site found to be hosting it.",1.0,7.0,3.0,2.0,1.0,,,,,,,,,,,,,,,,,,,0.0,
30978,spellbreaker,Spellbreaker,Spellbreaker,"<p>Spellbreaker is an adventure game developed by Infocom. It came out on 01-01-1985. Infocom published the game. Most rawgers rated the game as ""Recommended"". <br>Spellbreaker is available on Commodore / Amiga, Atari ST, Atari 8-bit and Classic Macintosh. </p>

<p></p>",,[],1985-01-01,False,2023-02-08T10:51:26,https://media.rawg.io/media/screenshots/131/13129b0b1aea31763f8c3e38b3f7b0e2.jpg,https://media.rawg.io/media/screenshots/649/649cfe226fe0fcf4844f1af0a7c1cde4.jpg,,0.0,0,"[{'id': 4, 'title': 'recommended', 'count': 1, 'percent': 100.0}]",14,0,3,0,1,0,0,,,,,0,0,0,0,1,57,[],,0,0,0,,1,0f0f0f,0f0f0f,"[{'platform': {'id': 1, 'name': 'PC', 'slug': 'pc'}}, {'platform': {'id': 5, 'name': 'Apple Macintosh', 'slug': 'mac'}}, {'platform': {'id': 9, 'name': 'Atari', 'slug': 'atari'}}, {'platform': {'id': 10, 'name': 'Commodore / Amiga', 'slug': 'commodore-amiga'}}]","[{'platform': {'id': 166, 'name': 'Commodore / Amiga', 'slug': 'commodore-amiga', 'image': None, 'year_end': None, 'year_start': None, 'games_count': 2083, 'image_background': 'https://media.rawg.io/media/games/cce/cce8bebe861f295003f5a9fe5b11233f.jpg'}, 'released_at': '1985-09-16', 'requirements': {}}, {'platform': {'id': 34, 'name': 'Atari ST', 'slug': 'atari-st', 'image': None, 'year_end': None, 'year_start': None, 'games_count': 836, 'image_background': 'https://media.rawg.io/media/games/637/637d7dc2f44d0f6ddd3ee2c0b1366962.jpg'}, 'released_at': '1985-09-16', 'requirements': {}}, {'platform': {'id': 25, 'name': 'Atari 8-bit', 'slug': 'atari-8-bit', 'image': None, 'year_end': None, 'year_start': None, 'games_count': 308, 'image_background': 'https://media.rawg.io/media/screenshots/038/0385a47d3a43b218204268af5361a19e.jpg'}, 'released_at': '1985-09-16', 'requirements': {}}, {'platform': {'id': 55, 'name': 'Classic Macintosh', 'slug': 'macintosh', 'image': None, 'year_end': None, 'year_start': None, 'games_count': 675, 'image_background': 'https://media.rawg.io/media/games/38a/38af969459ad6e5de116ec8a4a84218c.jpg'}, 'released_at': '1985-09-16', 'requirements': {}}, {'platform': {'id': 41, 'name': 'Apple II', 'slug': 'apple-ii', 'image': None, 'year_end': None, 'year_start': None, 'games_count': 424, 'image_background': 'https://media.rawg.io/media/screenshots/3d2/3d2bb57b39e2efa39d1c385585b2ea8b.jpg'}, 'released_at': '1985-09-16', 'requirements': {}}, {'platform': {'id': 4, 'name': 'PC', 'slug': 'pc', 'image': None, 'year_end': None, 'year_start': None, 'games_count': 547196, 'image_background': 'https://media.rawg.io/media/games/6fc/6fcf4cd3b17c288821388e6085bb0fc9.jpg'}, 'released_at': '1985-01-01', 'requirements': {}}]",[],"[{'id': 12929, 'name': 'Infocom', 'slug': 'infocom', 'games_count': 48, 'image_background': 'https://media.rawg.io/media/screenshots/782/7822ae77e839fa2db05cd53d08225dd8.jpg'}]","[{'id': 3, 'name': 'Adventure', 'slug': 'adventure', 'games_count': 146481, 'image_background': 'https://media.rawg.io/media/games/b6b/b6b20bfc4b34e312dbc8aac53c95a348.jpg'}]","[{'id': 31, 'name': 'Singleplayer', 'slug': 'singleplayer', 'language': 'eng', 'games_count': 238404, 'image_background': 'https://media.rawg.io/media/games/26d/26d4437715bee60138dab4a7c8c59c92.jpg'}]","[{'id': 11435, 'name': 'Infocom', 'slug': 'infocom', 'games_count': 45, 'image_background': 'https://media.rawg.io/media/screenshots/3d4/3d4094f02e71cb3439ab3c8af62809c0.jpg'}]",,,,1.0,7.0,3.0,2.0,1.0,,,,,,,,,,,,,,,,,,,0.0,
266193,mind-mirror,Mind Mirror,Mind Mirror,"<p>Timothy Leary’s Mind Mirror is software program that Tim created with Bob Dietz and Peter Van den Beemt back in 1985. It runs on the IBM PC with a CGA graphics card in 4 color mode, on the Apple II, and on the Commodore 64. It requires a floppy drive. It was published by Electronic Arts and sold about 65,000 copies over the course of about two years.&lt;br&gt;&lt;br&gt;EA wanted to capitalize upon the good doctor’s wild &amp; zany notoriety, and Tim obliged. It is based on Tim’s work on psycho-metrics from the 1950’s and allows users to define, compare and role play personalities. One of the most innovative ideas about the program is that role playing someone else will teach you about yourself and others.&lt;br&gt;&lt;br&gt;The limitations of the 1985 computers forced many compromises on the presentation of the text and graphics. Electronic Arts abandoned the program many years ago and Timothy’s Estate recently sold its rights in Mind Mirror to the original developers and programmers. They are working with Edward Craig, who has licensed the product, to extend its capabilities to modern computers and the Internet.</p>",,[],1985-01-01,False,2023-02-08T10:51:30,https://media.rawg.io/media/games/702/702582de9bc1553047f1ef928d44ae88.jpg,https://media.rawg.io/media/screenshots/ad7/ad7e870492b2a5447a281a1d80337ccd.jpg,https://twitter.com/MindMirrorGame,0.0,0,"[{'id': 4, 'title': 'recommended', 'count': 2, 'percent': 100.0}]",14,0,5,0,0,0,0,,,,,0,0,0,0,2,82,"[""Timothy Leary's Mind Mirror""]",,0,0,0,,2,0f0f0f,0f0f0f,"[{'platform': {'id': 1, 'name': 'PC', 'slug': 'pc'}}, {'platform': {'id': 5, 'name': 'Apple Macintosh', 'slug': 'mac'}}, {'platform': {'id': 9, 'name': 'Atari', 'slug': 'atari'}}, {'platform': {'id': 10, 'name': 'Commodore / Amiga', 'slug': 'commodore-amiga'}}]","[{'platform': {'id': 4, 'name': 'PC', 'slug': 'pc', 'image': None, 'year_end': None, 'year_start': None, 'games_count': 547196, 'image_background': 'https://media.rawg.io/media/games/6fc/6fcf4cd3b17c288821388e6085bb0fc9.jpg'}, 'released_at': '2020-08-07', 'requirements': {'minimum': 'Minimum:\nOS: Microsoft Windows\nProcessor: 1.8GHz\nMemory: 4 GB RAM\nGraphics: Intel HD 4000 series\nDirectX: Version 11\nStorage: 2 GB available space', 'recommended': 'Recommended:\nOS: Microsoft Windows\nProcessor: 2.4GHz\nMemory: 8 GB RAM\nGraphics: Nvidia GTX 1050\nDirectX: Version 11\nStorage: 2 GB available space'}}, {'platform': {'id': 25, 'name': 'Atari 8-bit', 'slug': 'atari-8-bit', 'image': None, 'year_end': None, 'year_start': None, 'games_count': 308, 'image_background': 'https://media.rawg.io/media/screenshots/038/0385a47d3a43b218204268af5361a19e.jpg'}, 'released_at': '1985-01-01', 'requirements': {}}, {'platform': {'id': 41, 'name': 'Apple II', 'slug': 'apple-ii', 'image': None, 'year_end': None, 'year_start': None, 'games_count': 424, 'image_background': 'https://media.rawg.io/media/screenshots/3d2/3d2bb57b39e2efa39d1c385585b2ea8b.jpg'}, 'released_at': '1985-01-01', 'requirements': {}}, {'platform': {'id': 166, 'name': 'Commodore / Amiga', 'slug': 'commodore-amiga', 'image': None, 'year_end': None, 'year_start': None, 'games_count': 2083, 'image_background': 'https://media.rawg.io/media/games/cce/cce8bebe861f295003f5a9fe5b11233f.jpg'}, 'released_at': '1985-01-01', 'requirements': {}}]","[{'id': 483196, 'url': '', 'store': {'id': 1, 'name': 'Steam', 'slug': 'steam', 'domain': 'store.steampowered.com', 'games_count': 110181, 'image_background': 'https://media.rawg.io/media/games/7fa/7fa0b586293c5861ee32490e953a4996.jpg'}}]","[{'id': 205810, 'name': 'BigFrog Studio', 'slug': 'bigfrog-studio', 'games_count': 1, 'image_background': 'https://media.rawg.io/media/games/702/702582de9bc1553047f1ef928d44ae88.jpg'}]","[{'id': 3, 'name': 'Adventure', 'slug': 'adventure', 'games_count': 146481, 'image_background': 'https://media.rawg.io/media/games/b6b/b6b20bfc4b34e312dbc8aac53c95a348.jpg'}, {'id': 14, 'name': 'Simulation', 'slug': 'simulation', 'games_count': 73491, 'image_background': 'https://media.rawg.io/media/games/48c/48cb04ca483be865e3a83119c94e6097.jpg'}, {'id': 40, 'name': 'Casual', 'slug': 'casual', 'games_count': 61303, 'image_background': 'https://media.rawg.io/media/games/e44/e445335e611b4ccf03af71fffcbd30a4.jpg'}, {'id': 51, 'name': 'Indie', 'slug': 'indie', 'games_count': 76957, 'image_background': 'https://media.rawg.io/media/games/dd5/dd50d4266915d56dd5b63ae1bf72606a.jpg'}]","[{'id': 31, 'name': 'Singleplayer', 'slug': 'singleplayer', 'language': 'eng', 'games_count': 238404, 'image_background': 'https://media.rawg.io/media/games/26d/26d4437715bee60138dab4a7c8c59c92.jpg'}, {'id': 40847, 'name': 'Steam Achievements', 'slug': 'steam-achievements', 'language': 'eng', 'games_count': 45058, 'image_background': 'https://media.rawg.io/media/games/310/3106b0e012271c5ffb16497b070be739.jpg'}, {'id': 7, 'name': 'Multiplayer', 'slug': 'multiplayer', 'language': 'eng', 'games_count': 40505, 'image_background': 'https://media.rawg.io/media/games/021/021c4e21a1824d2526f925eff6324653.jpg'}, {'id': 40849, 'name': 'Steam Cloud', 'slug': 'steam-cloud', 'language': 'eng', 'games_count': 21821, 'image_background': 'https://media.rawg.io/media/games/490/49016e06ae2103881ff6373248843069.jpg'}, {'id': 42, 'name': 'Great Soundtrack', 'slug': 'great-soundtrack', 'language': 'eng', 'games_count': 3424, 'image_background': 'https://media.rawg.io/media/games/960/960b601d9541cec776c5fa42a00bf6c4.jpg'}, {'id': 18, 'name': 'Co-op', 'slug': 'co-op', 'language': 'eng', 'games_count': 13123, 'image_background': 'https://media.rawg.io/media/games/55e/55ee6432ac2bf224610fa17e4c652107.jpg'}, {'id': 411, 'name': 'cooperative', 'slug': 'cooperative', 'language': 'eng', 'games_count': 5855, 'image_background': 'https://media.rawg.io/media/games/1bd/1bd2657b81eb0c99338120ad444b24ff.jpg'}, {'id': 8, 'name': 'First-Person', 'slug': 'first-person', 'language': 'eng', 'games_count': 34702, 'image_background': 'https://media.rawg.io/media/games/8e4/8e4de3f54ac659e08a7ba6a2b731682a.jpg'}, {'id': 32, 'name': 'Sci-fi', 'slug': 'sci-fi', 'language': 'eng', 'games_count': 20746, 'image_background': 'https://media.rawg.io/media/games/198/1988a337305e008b41d7f536ce9b73f6.jpg'}, {'id': 40845, 'name': 'Partial Controller Support', 'slug': 'partial-controller-support', 'language': 'eng', 'games_count': 12999, 'image_background': 'https://media.rawg.io/media/games/587/587588c64afbff80e6f444eb2e46f9da.jpg'}, {'id': 9, 'name': 'Online Co-Op', 'slug': 'online-co-op', 'language': 'eng', 'games_count': 6716, 'image_background': 'https://media.rawg.io/media/games/8cc/8cce7c0e99dcc43d66c8efd42f9d03e3.jpg'}, {'id': 14, 'name': 'Early Access', 'slug': 'early-access', 'language': 'eng', 'games_count': 17611, 'image_background': 'https://media.rawg.io/media/games/66e/66e90c9d7b9a17335b310ceb294e9365.jpg'}, {'id': 77, 'name': 'Realistic', 'slug': 'realistic', 'language': 'eng', 'games_count': 7650, 'image_background': 'https://media.rawg.io/media/games/bff/bff7d82316cddea9541261a045ba008a.jpg'}, {'id': 167, 'name': 'Futuristic', 'slug': 'futuristic', 'language': 'eng', 'games_count': 6226, 'image_background': 'https://media.rawg.io/media/games/951/951572a3dd1e42544bd39a5d5b42d234.jpg'}, {'id': 285, 'name': 'Psychological', 'slug': 'psychological', 'language': 'eng', 'games_count': 2242, 'image_background': 'https://media.rawg.io/media/games/e06/e062facadfeb0a0339103bf7e81ca129.jpg'}, {'id': 220, 'name': 'Experimental', 'slug': 'experimental', 'language': 'eng', 'games_count': 9647, 'image_background': 'https://media.rawg.io/media/games/0d7/0d7b7a687bf665b61337904193c56855.jpg'}, {'id': 326, 'name': 'Investigation', 'slug': 'investigation', 'language': 'eng', 'games_count': 2952, 'image_background': 'https://media.rawg.io/media/games/c15/c1504d3d18ba8011499d37b6d57261f8.jpg'}]","[{'id': 354, 'name': 'Electronic Arts', 'slug': 'electronic-arts', 'games_count': 1332, 'image_background': 'https://media.rawg.io/media/games/45b/45b57ed59de4b84effd8f6bc4b7bf515.jpg'}, {'id': 44116, 'name': 'BigFrog Studio', 'slug': 'bigfrog-studio', 'games_count': 1, 'image_background': 'https://media.rawg.io/media/games/702/702582de9bc1553047f1ef928d44ae88.jpg'}]",,,"Timothy Leary’s Mind Mirror is software program that Tim created with Bob Dietz and Peter Van den Beemt back in 1985. It runs on the IBM PC with a CGA graphics card in 4 color mode, on the Apple II, and on the Commodore 64. It requires a floppy drive. It was published by Electronic Arts and sold about 65,000 copies over the course of about two years.<br><br>EA wanted to capitalize upon the good doctor’s wild & zany notoriety, and Tim obliged. It is based on Tim’s work on psycho-metrics from the 1950’s and allows users to define, compare and role play personalities. One of the most innovative ideas about the program is that role playing someone else will teach you about yourself and others.<br><br>The limitations of the 1985 computers forced many compromises on the presentation of the text and graphics. Electronic Arts abandoned the program many years ago and Timothy’s Estate recently sold its rights in Mind Mirror to the original developers and programmers. They are working with Edward Craig, who has licensed the product, to extend its capabilities to modern computers and the Internet.",1.0,7.0,2.0,2.0,2.0,,,,,,,,,,,,,,,,,,,0.0,
53750,chubby-cherub,Chubby Cherub,Chubby Cherub,"<p>Chubby Cherub (known in Japan as Obake no Q-tarō: WanWan Panic (オバケのQ太郎 ワンワンパニック, Obake no Q-tarō WanWan Panikku, lit. &quot;Q-tarō the Ghost: BowWow Panic&quot;)) is a video game by Bandai for the Nintendo Entertainment System. It is about a flying cupid-like character who eats food and attacks enemies with hearts.<br />
The original Japanese version of the game is about a ghost named Q-tarō, a character from a Fujiko Fujio manga series titled Obake no Q-tarō. It was retitled and heavily modified for its North American release since its source material was not familiar to Western audiences.<br />
A game where you&#39;ll chomp and chase all day! Chubby Cherub is a chivalrous little angel whose life is far from trouble-free. He gets bitten by dogs and pecked at by birds. Firecrackers are thrown at him and smoke puffs cover him from head to toe. And all because he wants to help people - and get some food to eat! Your skills can get Chubby Cherub out of trouble. In this fun-filled, fast-paced Game Pak, you and Chubby Cherub can go on endless adventures. And with you at the controls, Chubby Cherub can rescue his friend, perform his deeds, and make the day a cheerful one!</p>",,[],1985-12-16,False,2024-11-02T07:44:45,https://media.rawg.io/media/games/f4d/f4dddc379ff2f0b65b7a54146b99a6eb.jpg,https://media.rawg.io/media/screenshots/19c/19cc8ff031e1f5cdaf7a080cf1212890.jpg,,0.0,0,"[{'id': 3, 'title': 'meh', 'count': 2, 'percent': 100.0}]",14,0,11,0,0,0,0,,,,,0,0,0,0,2,100,"['Chubby Ghost', 'Obake no Q Tarou: Wan Wan Panic', 'Obake no Q-tarō WanWan Panikku', 'Obake no Q-tarō: WanWan Panic', 'Q-tarō the Ghost: BowWow Panic', 'オバケのQ太郎 ワンワンパニック']",,0,0,0,,2,0f0f0f,0f0f0f,"[{'platform': {'id': 7, 'name': 'Nintendo', 'slug': 'nintendo'}}]","[{'platform': {'id': 49, 'name': 'NES', 'slug': 'nes', 'image': None, 'year_end': None, 'year_start': None, 'games_count': 1015, 'image_background': 'https://media.rawg.io/media/games/7c5/7c50dd0415eb0a57505c58d4e50e4d24.jpg'}, 'released_at': '1985-12-16', 'requirements': {}}]",[],"[{'id': 18965, 'name': 'Tose', 'slug': 'tose', 'games_count': 104, 'image_background': 'https://media.rawg.io/media/screenshots/b99/b99368acaff24dbda444f4ed613fedd1.jpg'}, {'id': 25953, 'name': 'Tose Co.', 'slug': 'tose-co', 'games_count': 48, 'image_background': 'https://media.rawg.io/media/games/9aa/9aabe0a6f09a76901f0b8e2e9999333b.jpg'}]","[{'id': 4, 'name': 'Action', 'slug': 'action', 'games_count': 186608, 'image_background': 'https://media.rawg.io/media/games/618/618c2031a07bbff6b4f611f10b6bcdbc.jpg'}]","[{'id': 31, 'name': 'Singleplayer', 'slug': 'singleplayer', 'language': 'eng', 'games_count': 238404, 'image_background': 'https://media.rawg.io/media/games/26d/26d4437715bee60138dab4a7c8c59c92.jpg'}]","[{'id': 11287, 'name': 'Bandai', 'slug': 'bandai', 'games_count': 212, 'image_background': 'https://media.rawg.io/media/games/dea/dea3ffd2ee465017a545b240a8fe63bb.jpg'}]",,,"Chubby Cherub (known in Japan as Obake no Q-tarō: WanWan Panic (オバケのQ太郎 ワンワンパニック, Obake no Q-tarō WanWan Panikku, lit. ""Q-tarō the Ghost: BowWow Panic"")) is a video game by Bandai for the Nintendo Entertainment System. It is about a flying cupid-like character who eats food and attacks enemies with hearts.
The original Japanese version of the game is about a ghost named Q-tarō, a character from a Fujiko Fujio manga series titled Obake no Q-tarō. It was retitled and heavily modified for its North American release since its source material was not familiar to Western audiences.
A game where you'll chomp and chase all day! Chubby Cherub is a chivalrous little angel whose life is far from trouble-free. He gets bitten by dogs and pecked at by birds. Firecrackers are thrown at him and smoke puffs cover him from head to toe. And all because he wants to help people - and get some food to eat! Your skills can get Chubby Cherub out of trouble. In this fun-filled, fast-paced Game Pak, you and Chubby Cherub can go on endless adventures. And with you at the controls, Chubby Cherub can rescue his friend, perform his deeds, and make the day a cheerful one!",,9.0,2.0,2.0,1.0,,,,,,,,,,,,,1.0,Everyone,everyone,,,,0.0,
52648,a-train-1985,A-Train (1985),A-Train (1985),"<p>A-Train (A列車で行こう, Ē Ressha de Ikō, lit. Let's Take the A-Train) is a series of train simulation video games that were originally developed and published by Japanese game developer Artdink in Japan. The first game in the series was published in 1985. The first release in the United States was Take the A-Train II, published in 1988 by the Seika Corporation under the title Railroad Empire. However, the most well known U.S. release is Take the A-Train III, published in 1992 by Maxis as simply A-Train.</p>",,[],1985-01-01,False,2023-02-08T10:51:37,https://media.rawg.io/media/screenshots/8de/8de40eb99a278cf5cfcc44b488639ac1.jpg,https://media.rawg.io/media/screenshots/ce4/ce4838acb50680da235e2ffd7999aeca.jpg,,0.0,0,"[{'id': 4, 'title': 'recommended', 'count': 1, 'percent': 100.0}]",14,0,12,0,0,0,0,,,,,0,0,0,0,1,322,[],,0,0,0,,1,0f0f0f,0f0f0f,"[{'platform': {'id': 1, 'name': 'PC', 'slug': 'pc'}}, {'platform': {'id': 2, 'name': 'PlayStation', 'slug': 'playstation'}}, {'platform': {'id': 5, 'name': 'Apple Macintosh', 'slug': 'mac'}}, {'platform': {'id': 7, 'name': 'Nintendo', 'slug': 'nintendo'}}, {'platform': {'id': 10, 'name': 'Commodore / Amiga', 'slug': 'commodore-amiga'}}]","[{'platform': {'id': 11, 'name': 'Wii', 'slug': 'wii', 'image': None, 'year_end': None, 'year_start': None, 'games_count': 2209, 'image_background': 'https://media.rawg.io/media/games/9ca/9ca31615beee447f3ae1dc9b3b736dce.jpg'}, 'released_at': '1985-01-01', 'requirements': {}}, {'platform': {'id': 55, 'name': 'Classic Macintosh', 'slug': 'macintosh', 'image': None, 'year_end': None, 'year_start': None, 'games_count': 675, 'image_background': 'https://media.rawg.io/media/games/38a/38af969459ad6e5de116ec8a4a84218c.jpg'}, 'released_at': '1985-01-01', 'requirements': {}}, {'platform': {'id': 27, 'name': 'PlayStation', 'slug': 'playstation1', 'image': None, 'year_end': None, 'year_start': None, 'games_count': 1679, 'image_background': 'https://media.rawg.io/media/games/96a/96a48ac7487d9db9179d83170afcb16a.jpg'}, 'released_at': '1985-01-01', 'requirements': {}}, {'platform': {'id': 166, 'name': 'Commodore / Amiga', 'slug': 'commodore-amiga', 'image': None, 'year_end': None, 'year_start': None, 'games_count': 2083, 'image_background': 'https://media.rawg.io/media/games/cce/cce8bebe861f295003f5a9fe5b11233f.jpg'}, 'released_at': '1985-01-01', 'requirements': {}}, {'platform': {'id': 4, 'name': 'PC', 'slug': 'pc', 'image': None, 'year_end': None, 'year_start': None, 'games_count': 547196, 'image_background': 'https://media.rawg.io/media/games/6fc/6fcf4cd3b17c288821388e6085bb0fc9.jpg'}, 'released_at': '1985-01-01', 'requirements': {}}]",[],"[{'id': 7261, 'name': 'ARTDINK', 'slug': 'artdink', 'games_count': 42, 'image_background': 'https://media.rawg.io/media/games/d0c/d0cc96be8517df20c614f23e3a4502ef.jpg'}]",[],"[{'id': 31, 'name': 'Singleplayer', 'slug': 'singleplayer', 'language': 'eng', 'games_count': 238404, 'image_background': 'https://media.rawg.io/media/games/26d/26d4437715bee60138dab4a7c8c59c92.jpg'}]","[{'id': 11474, 'name': 'Ocean Software', 'slug': 'ocean-software', 'games_count': 106, 'image_background': 'https://media.rawg.io/media/screenshots/11b/11b13a543a0ff469af2584b8831cc43b.jpg'}, {'id': 11464, 'name': 'Maxis', 'slug': 'maxis', 'games_count': 39, 'image_background': 'https://media.rawg.io/media/screenshots/488/4882524078d42329d5bb2bff38566dd6.jpg'}]",,,"A-Train (A列車で行こう, Ē Ressha de Ikō, lit. Let's Take the A-Train) is a series of train simulation video games that were originally developed and published by Japanese game developer Artdink in Japan. The first game in the series was published in 1985. The first release in the United States was Take the A-Train II, published in 1988 by the Seika Corporation under the title Railroad Empire. However, the most well known U.S. release is Take the A-Train III, published in 1992 by Maxis as simply A-Train.",1.0,7.0,2.0,1.0,3.0,,,,,,,,,,,,,,,,,,,0.0,
55371,borrowed-time,Borrowed Time,Borrowed Time,"<p>Borrowed Time is a 1985 point-and-click adventure game. The storyline is about a detective, who tries to rescue his kidnapped wife. The game was developed by Interplay and published by Activision.<br />
Mastertronic republished it as a budget game, renamed Time to Die.</p>",,[],1985-01-01,False,2021-11-22T00:21:57,https://media.rawg.io/media/screenshots/d80/d80c26a23fc372f028bafedfdff73eee.jpg,https://media.rawg.io/media/screenshots/c5b/c5be05782d07b0b8ccd78e3ecb1d304a.jpg,,0.0,0,[],14,0,12,0,7,0,0,,,,,0,0,0,0,0,260,"['Time to Die', 'Time to die...']",,0,0,0,,0,0f0f0f,0f0f0f,"[{'platform': {'id': 5, 'name': 'Apple Macintosh', 'slug': 'mac'}}, {'platform': {'id': 9, 'name': 'Atari', 'slug': 'atari'}}, {'platform': {'id': 10, 'name': 'Commodore / Amiga', 'slug': 'commodore-amiga'}}]","[{'platform': {'id': 34, 'name': 'Atari ST', 'slug': 'atari-st', 'image': None, 'year_end': None, 'year_start': None, 'games_count': 836, 'image_background': 'https://media.rawg.io/media/games/637/637d7dc2f44d0f6ddd3ee2c0b1366962.jpg'}, 'released_at': '1985-01-01', 'requirements': {}}, {'platform': {'id': 41, 'name': 'Apple II', 'slug': 'apple-ii', 'image': None, 'year_end': None, 'year_start': None, 'games_count': 424, 'image_background': 'https://media.rawg.io/media/screenshots/3d2/3d2bb57b39e2efa39d1c385585b2ea8b.jpg'}, 'released_at': '1985-01-01', 'requirements': {}}, {'platform': {'id': 55, 'name': 'Classic Macintosh', 'slug': 'macintosh', 'image': None, 'year_end': None, 'year_start': None, 'games_count': 675, 'image_background': 'https://media.rawg.io/media/games/38a/38af969459ad6e5de116ec8a4a84218c.jpg'}, 'released_at': '1985-01-01', 'requirements': {}}, {'platform': {'id': 166, 'name': 'Commodore / Amiga', 'slug': 'commodore-amiga', 'image': None, 'year_end': None, 'year_start': None, 'games_count': 2083, 'image_background': 'https://media.rawg.io/media/games/cce/cce8bebe861f295003f5a9fe5b11233f.jpg'}, 'released_at': '1985-01-01', 'requirements': {}}]",[],"[{'id': 12539, 'name': 'Interplay Entertainment', 'slug': 'interplay-entertainment', 'games_count': 61, 'image_background': 'https://media.rawg.io/media/screenshots/5ad/5adb88d1c6b9fc4fde1f372c9b6e451b.jpg'}]","[{'id': 3, 'name': 'Adventure', 'slug': 'adventure', 'games_count': 146481, 'image_background': 'https://media.rawg.io/media/games/b6b/b6b20bfc4b34e312dbc8aac53c95a348.jpg'}]","[{'id': 31, 'name': 'Singleplayer', 'slug': 'singleplayer', 'language': 'eng', 'games_count': 238404, 'image_background': 'https://media.rawg.io/media/games/26d/26d4437715bee60138dab4a7c8c59c92.jpg'}, {'id': 117, 'name': 'Mystery', 'slug': 'mystery', 'language': 'eng', 'games_count': 15078, 'image_background': 'https://media.rawg.io/media/games/be0/be084b850302abe81675bc4ffc08a0d0.jpg'}, {'id': 142, 'name': 'Detective', 'slug': 'detective', 'language': 'eng', 'games_count': 3707, 'image_background': 'https://media.rawg.io/media/games/a9a/a9a4e45ad8e653df2295e8410b7e96fd.jpg'}, {'id': 21388, 'name': '1930s', 'slug': '1930s', 'language': 'eng', 'games_count': 11, 'image_background': 'https://media.rawg.io/media/screenshots/8a9/8a9a5dac0a62ecad12b2a8f22424c2f4.jpg'}, {'id': 861, 'name': 'text-adventure', 'slug': 'text-adventure', 'language': 'eng', 'games_count': 359, 'image_background': 'https://media.rawg.io/media/screenshots/3fc/3fc1eb47fb42f0ad4091fdaa86a0c6f2.jpg'}, {'id': 18895, 'name': 'text-parser', 'slug': 'text-parser', 'language': 'eng', 'games_count': 4, 'image_background': 'https://media.rawg.io/media/screenshots/d80/d80c26a23fc372f028bafedfdff73eee.jpg'}, {'id': 73079, 'name': 'private investigator', 'slug': 'private-investigator-2', 'language': 'eng', 'games_count': 1, 'image_background': 'https://media.rawg.io/media/screenshots/d80/d80c26a23fc372f028bafedfdff73eee.jpg'}, {'id': 73080, 'name': 'text parser', 'slug': 'text-parser-2', 'language': 'eng', 'games_count': 1, 'image_background': 'https://media.rawg.io/media/screenshots/d80/d80c26a23fc372f028bafedfdff73eee.jpg'}, {'id': 11900, 'name': 'pi', 'slug': 'pi', 'language': 'eng', 'games_count': 15, 'image_background': 'https://media.rawg.io/media/screenshots/ce7/ce7d5323e3bd2ab9ff83bcbb8874c0ae.jpg'}, {'id': 19290, 'name': 'kidnapping', 'slug': 'kidnapping', 'language': 'eng', 'games_count': 5, 'image_background': 'https://media.rawg.io/media/screenshots/bfd/bfd16ad966da876800e13a54a2b9c6e5.jpg'}, {'id': 55509, 'name': 'private-investigator', 'slug': 'private-investigator', 'language': 'eng', 'games_count': 2, 'image_background': 'https://media.rawg.io/media/screenshots/22e/22e0d2f91fb5397daf644b1ded0686d2.jpg'}, {'id': 73077, 'name': 'informants', 'slug': 'informants', 'language': 'eng', 'games_count': 1, 'image_background': 'https://media.rawg.io/media/screenshots/d80/d80c26a23fc372f028bafedfdff73eee.jpg'}, {'id': 73078, 'name': 'interactive-fiction', 'slug': 'interactive-fiction-2', 'language': 'eng', 'games_count': 1, 'image_background': 'https://media.rawg.io/media/screenshots/d80/d80c26a23fc372f028bafedfdff73eee.jpg'}]","[{'id': 10830, 'name': 'Activision Blizzard', 'slug': 'activision-blizzard', 'games_count': 691, 'image_background': 'https://media.rawg.io/media/games/445/44507fdd60a8ec02b1c3c64a293ca754.jpg'}, {'id': 7133, 'name': 'Activison', 'slug': 'activison', 'games_count': 99, 'image_background': 'https://media.rawg.io/media/games/2f2/2f2eb93e32d400677b0b27f4686f7b4f.jpg'}, {'id': 4799, 'name': 'Mastertronic', 'slug': 'mastertronic', 'games_count': 72, 'image_background': 'https://media.rawg.io/media/screenshots/bb4/bb424afaf45c23f5893753ab1c1eca27.jpg'}]",,,"Borrowed Time is a 1985 point-and-click adventure game. The storyline is about a detective, who tries to rescue his kidnapped wife. The game was developed by Interplay and published by Activision.
Mastertronic republished it as a budget game, renamed Time to Die.",,8.0,2.0,3.0,1.0,,,,,,,,,,,,,,,,,,,0.0,
264682,portopia-renzoku-satsujin-jiken,Portopia Renzoku Satsujin Jiken,Portopia Renzoku Satsujin Jiken,<p>Portopia Renzoku Satsujin Jiken (ポートピア連続殺人事件) is a Adventure/Visual Novel video game published by Enix Corporation released on 1985 for the NES.</p>,,[],1985-11-29,False,2022-11-24T08:55:01,https://media.rawg.io/media/games/1d0/1d08b5623f01fc13b7a26d58375138fc.jpg,https://media.rawg.io/media/screenshots/b1f/b1fd729a8dba43b1e142f3e91f58b93b.jpg,,0.0,0,"[{'id': 4, 'title': 'recommended', 'count': 1, 'percent': 100.0}]",13,0,5,0,1,0,0,,,,,0,0,0,0,1,68,['ポートピア連続殺人事件'],,0,0,0,,1,0f0f0f,0f0f0f,"[{'platform': {'id': 7, 'name': 'Nintendo', 'slug': 'nintendo'}}]","[{'platform': {'id': 49, 'name': 'NES', 'slug': 'nes', 'image': None, 'year_end': None, 'year_start': None, 'games_count': 1015, 'image_background': 'https://media.rawg.io/media/games/7c5/7c50dd0415eb0a57505c58d4e50e4d24.jpg'}, 'released_at': '1985-11-29', 'requirements': {}}]",[],"[{'id': 26340, 'name': 'Chunsoft', 'slug': 'chunsoft', 'games_count': 20, 'image_background': 'https://media.rawg.io/media/screenshots/271/2717882cb18cb7f317d71b4f175e5b91.jpg'}]","[{'id': 3, 'name': 'Adventure', 'slug': 'adventure', 'games_count': 146481, 'image_background': 'https://media.rawg.io/media/games/b6b/b6b20bfc4b34e312dbc8aac53c95a348.jpg'}, {'id': 14, 'name': 'Simulation', 'slug': 'simulation', 'games_count': 73491, 'image_background': 'https://media.rawg.io/media/games/48c/48cb04ca483be865e3a83119c94e6097.jpg'}, {'id': 40, 'name': 'Casual', 'slug': 'casual', 'games_count': 61303, 'image_background': 'https://media.rawg.io/media/games/e44/e445335e611b4ccf03af71fffcbd30a4.jpg'}]",[],"[{'id': 19552, 'name': 'Enix', 'slug': 'enix', 'games_count': 39, 'image_background': 'https://media.rawg.io/media/screenshots/40b/40b05f83bfb73679bec0cd064c529fd4.jpg'}]",,,Portopia Renzoku Satsujin Jiken (ポートピア連続殺人事件) is a Adventure/Visual Novel video game published by Enix Corporation released on 1985 for the NES.,,7.0,3.0,2.0,1.0,,,,,,,,,,,,,3.0,Teen,teen,,,,0.0,
829344,choujikuu-yousai-macross,Choujikuu Yousai Macross,Choujikuu Yousai Macross,"<p>Choujikuu Yousai Macross is an Action game, developed by Namco and published by Bandai, which was released in Japan in 1985.</p>",,[],1985-12-10,False,2024-10-01T15:21:40,https://media.rawg.io/media/games/484/4842b93b9ed6ddad81aae67e885388d4.jpg,https://media.rawg.io/media/screenshots/302/302809ad00d8e8195db65482626bc30b.jpg,,0.0,0,"[{'id': 5, 'title': 'exceptional', 'count': 1, 'percent': 50.0}, {'id': 4, 'title': 'recommended', 'count': 1, 'percent': 50.0}]",13,0,6,0,0,0,0,,,,,0,0,0,0,2,82,"[' Macross Countdown', ' 超時空要塞マクロス', 'Cho Jiku Yosai Makurosu', 'The Super Dimension Fortress Macross', 'Trans Time Space Fortress Macross']",,0,0,6,,2,0f0f0f,0f0f0f,"[{'platform': {'id': 7, 'name': 'Nintendo', 'slug': 'nintendo'}}]","[{'platform': {'id': 49, 'name': 'NES', 'slug': 'nes', 'image': None, 'year_end': None, 'year_start': None, 'games_count': 1015, 'image_background': 'https://media.rawg.io/media/games/7c5/7c50dd0415eb0a57505c58d4e50e4d24.jpg'}, 'released_at': '1985-12-10', 'requirements': {}}]",[],"[{'id': 10055, 'name': 'NAMCO', 'slug': 'namco', 'games_count': 127, 'image_background': 'https://media.rawg.io/media/games/2ff/2ff5b06428e4b016f3b79cf299bd6596.jpg'}]","[{'id': 4, 'name': 'Action', 'slug': 'action', 'games_count': 186608, 'image_background': 'https://media.rawg.io/media/games/618/618c2031a07bbff6b4f611f10b6bcdbc.jpg'}, {'id': 2, 'name': 'Shooter', 'slug': 'shooter', 'games_count': 59560, 'image_background': 'https://media.rawg.io/media/games/d58/d588947d4286e7b5e0e12e1bea7d9844.jpg'}]",[],"[{'id': 11287, 'name': 'Bandai', 'slug': 'bandai', 'games_count': 212, 'image_background': 'https://media.rawg.io/media/games/dea/dea3ffd2ee465017a545b240a8fe63bb.jpg'}]",,,"Choujikuu Yousai Macross is an Action game, developed by Namco and published by Bandai, which was released in Japan in 1985.",,5.0,2.0,,6.0,,,,,,,,,,,,,2.0,Everyone 10+,everyone-10-plus,,,,0.0,
34534,nine-princes-in-amber,Nine Princes in Amber,Nine Princes in Amber,"<p>Nine Princes in Amber is an adventure game developed by Telarium and Spinnaker Software. It came out on 01-01-1985. It was published by Telarium. <br>You can play Nine Princes in Amber on Commodore / Amiga, Atari ST, Apple II and PC. </p>

<p></p>",,[],1985-01-01,False,2023-02-08T10:51:29,https://media.rawg.io/media/screenshots/986/986d18df6d74b5dc0ae9dd413ebe3d52.jpg,https://media.rawg.io/media/screenshots/c86/c868a4059c8ebbcff9c82f6761effba5_jRTI2Xq.jpg,,0.0,0,[],13,0,6,0,0,0,0,,,,,0,0,0,0,0,184,[],,0,0,0,,0,0f0f0f,0f0f0f,"[{'platform': {'id': 1, 'name': 'PC', 'slug': 'pc'}}, {'platform': {'id': 5, 'name': 'Apple Macintosh', 'slug': 'mac'}}, {'platform': {'id': 9, 'name': 'Atari', 'slug': 'atari'}}, {'platform': {'id': 10, 'name': 'Commodore / Amiga', 'slug': 'commodore-amiga'}}]","[{'platform': {'id': 166, 'name': 'Commodore / Amiga', 'slug': 'commodore-amiga', 'image': None, 'year_end': None, 'year_start': None, 'games_count': 2083, 'image_background': 'https://media.rawg.io/media/games/cce/cce8bebe861f295003f5a9fe5b11233f.jpg'}, 'released_at': '1985-01-01', 'requirements': {}}, {'platform': {'id': 34, 'name': 'Atari ST', 'slug': 'atari-st', 'image': None, 'year_end': None, 'year_start': None, 'games_count': 836, 'image_background': 'https://media.rawg.io/media/games/637/637d7dc2f44d0f6ddd3ee2c0b1366962.jpg'}, 'released_at': '1985-01-01', 'requirements': {}}, {'platform': {'id': 41, 'name': 'Apple II', 'slug': 'apple-ii', 'image': None, 'year_end': None, 'year_start': None, 'games_count': 424, 'image_background': 'https://media.rawg.io/media/screenshots/3d2/3d2bb57b39e2efa39d1c385585b2ea8b.jpg'}, 'released_at': '1985-01-01', 'requirements': {}}, {'platform': {'id': 4, 'name': 'PC', 'slug': 'pc', 'image': None, 'year_end': None, 'year_start': None, 'games_count': 547196, 'image_background': 'https://media.rawg.io/media/games/6fc/6fcf4cd3b17c288821388e6085bb0fc9.jpg'}, 'released_at': '1985-01-01', 'requirements': {}}]",[],"[{'id': 27551, 'name': 'Telarium', 'slug': 'telarium', 'games_count': 2, 'image_background': 'https://media.rawg.io/media/screenshots/5c4/5c465a012f675b55b08c297b83518f0f.jpg'}, {'id': 27540, 'name': 'Spinnaker Software', 'slug': 'spinnaker-software', 'games_count': 1, 'image_background': 'https://media.rawg.io/media/screenshots/986/986d18df6d74b5dc0ae9dd413ebe3d52.jpg'}]","[{'id': 3, 'name': 'Adventure', 'slug': 'adventure', 'games_count': 146481, 'image_background': 'https://media.rawg.io/media/games/b6b/b6b20bfc4b34e312dbc8aac53c95a348.jpg'}]","[{'id': 31, 'name': 'Singleplayer', 'slug': 'singleplayer', 'language': 'eng', 'games_count': 238404, 'image_background': 'https://media.rawg.io/media/games/26d/26d4437715bee60138dab4a7c8c59c92.jpg'}]","[{'id': 20201, 'name': 'Telarium', 'slug': 'telarium', 'games_count': 4, 'image_background': 'https://media.rawg.io/media/screenshots/986/986d18df6d74b5dc0ae9dd413ebe3d52.jpg'}]",,,,1.0,7.0,2.0,2.0,1.0,,,,,,,,,,,,,,,,,,,0.0,
53778,deja-vu,Deja Vu: A Nightmare Comes True,Deja Vu: A Nightmare Comes True,"<p>Déjà Vu is a point-and-click adventure game set in the world of 1940s hard-boiled detective novels and movies. It was released in 1985 for Macintosh – the first in the MacVenture series – and later ported to several other systems, including the Amiga. Subsequent releases featured improved graphical features, including color.</p>",,[],1985-01-01,False,2024-10-23T11:33:44,https://media.rawg.io/media/games/a28/a28d69787199c9372675cb368697e8f0.jpg,https://media.rawg.io/media/screenshots/b90/b9089a6192acac5210dcbdac80228789.jpg,,0.0,0,"[{'id': 4, 'title': 'recommended', 'count': 2, 'percent': 66.67}, {'id': 3, 'title': 'meh', 'count': 1, 'percent': 33.33}]",13,0,5,0,6,0,0,,,,,0,0,0,0,3,0,"['Deja Vu: Akumu wa Hontou ni Yattekita', 'ディジャブ']",,0,1,6,,3,0f0f0f,0f0f0f,"[{'platform': {'id': 7, 'name': 'Nintendo', 'slug': 'nintendo'}}, {'platform': {'id': 10, 'name': 'Commodore / Amiga', 'slug': 'commodore-amiga'}}]","[{'platform': {'id': 166, 'name': 'Commodore / Amiga', 'slug': 'commodore-amiga', 'image': None, 'year_end': None, 'year_start': None, 'games_count': 2083, 'image_background': 'https://media.rawg.io/media/games/cce/cce8bebe861f295003f5a9fe5b11233f.jpg'}, 'released_at': '1985-01-01', 'requirements': {}}, {'platform': {'id': 49, 'name': 'NES', 'slug': 'nes', 'image': None, 'year_end': None, 'year_start': None, 'games_count': 1015, 'image_background': 'https://media.rawg.io/media/games/7c5/7c50dd0415eb0a57505c58d4e50e4d24.jpg'}, 'released_at': '1985-01-01', 'requirements': {}}, {'platform': {'id': 43, 'name': 'Game Boy Color', 'slug': 'game-boy-color', 'image': None, 'year_end': None, 'year_start': None, 'games_count': 427, 'image_background': 'https://media.rawg.io/media/games/28b/28b088364ecab7870dffc3b710104734.jpg'}, 'released_at': '1985-01-01', 'requirements': {}}]",[],"[{'id': 15477, 'name': 'ICOM Simulations', 'slug': 'icom-simulations', 'games_count': 12, 'image_background': 'https://media.rawg.io/media/screenshots/d97/d977bbe3fa8e9ac17356a3db91e6835e.jpg'}]","[{'id': 3, 'name': 'Adventure', 'slug': 'adventure', 'games_count': 146481, 'image_background': 'https://media.rawg.io/media/games/b6b/b6b20bfc4b34e312dbc8aac53c95a348.jpg'}]","[{'id': 31, 'name': 'Singleplayer', 'slug': 'singleplayer', 'language': 'eng', 'games_count': 238404, 'image_background': 'https://media.rawg.io/media/games/26d/26d4437715bee60138dab4a7c8c59c92.jpg'}]","[{'id': 10943, 'name': 'MINDSCAPE', 'slug': 'mindscape', 'games_count': 108, 'image_background': 'https://media.rawg.io/media/screenshots/0b1/0b12ddf58af6047922a20dd0d310ad18.jpg'}, {'id': 5725, 'name': 'KEMCO', 'slug': 'kemco', 'games_count': 160, 'image_background': 'https://media.rawg.io/media/screenshots/f98/f98fd57fa9240bec6e4811f5d4fb704b.jpg'}]",,,"Déjà Vu is a point-and-click adventure game set in the world of 1940s hard-boiled detective novels and movies. It was released in 1985 for Macintosh – the first in the MacVenture series – and later ported to several other systems, including the Amiga. Subsequent releases featured improved graphical features, including color.",,8.0,2.0,2.0,1.0,,,,,,,,,,,,,2.0,Everyone 10+,everyone-10-plus,,,,0.0,
55091,phantasie-1985,Phantasie (1985),Phantasie (1985),"<p>Phantasie is a fantasy role-playing video game series designed by Winston Douglas Wood and published by Strategic Simulations in 1985. It was released for the Apple II, Atari 8-bit family, Atari ST, Amiga, Commodore 64, MS-DOS, and MSX.</p>",,[],1985-01-01,False,2023-02-08T10:51:29,https://media.rawg.io/media/screenshots/248/2489afb40101d86f25e5d2ad03408e85.jpg,https://media.rawg.io/media/screenshots/afc/afc63f4716f16ec9bc44c35c184df163.jpg,,0.0,0,"[{'id': 1, 'title': 'skip', 'count': 1, 'percent': 100.0}]",13,0,14,0,2,0,0,,,,,0,0,0,0,1,293,[],,0,0,0,,1,0f0f0f,0f0f0f,"[{'platform': {'id': 1, 'name': 'PC', 'slug': 'pc'}}, {'platform': {'id': 5, 'name': 'Apple Macintosh', 'slug': 'mac'}}, {'platform': {'id': 9, 'name': 'Atari', 'slug': 'atari'}}, {'platform': {'id': 10, 'name': 'Commodore / Amiga', 'slug': 'commodore-amiga'}}]","[{'platform': {'id': 25, 'name': 'Atari 8-bit', 'slug': 'atari-8-bit', 'image': None, 'year_end': None, 'year_start': None, 'games_count': 308, 'image_background': 'https://media.rawg.io/media/screenshots/038/0385a47d3a43b218204268af5361a19e.jpg'}, 'released_at': '1985-01-01', 'requirements': {}}, {'platform': {'id': 34, 'name': 'Atari ST', 'slug': 'atari-st', 'image': None, 'year_end': None, 'year_start': None, 'games_count': 836, 'image_background': 'https://media.rawg.io/media/games/637/637d7dc2f44d0f6ddd3ee2c0b1366962.jpg'}, 'released_at': '1985-01-01', 'requirements': {}}, {'platform': {'id': 41, 'name': 'Apple II', 'slug': 'apple-ii', 'image': None, 'year_end': None, 'year_start': None, 'games_count': 424, 'image_background': 'https://media.rawg.io/media/screenshots/3d2/3d2bb57b39e2efa39d1c385585b2ea8b.jpg'}, 'released_at': '1985-01-01', 'requirements': {}}, {'platform': {'id': 4, 'name': 'PC', 'slug': 'pc', 'image': None, 'year_end': None, 'year_start': None, 'games_count': 547196, 'image_background': 'https://media.rawg.io/media/games/6fc/6fcf4cd3b17c288821388e6085bb0fc9.jpg'}, 'released_at': '1985-01-01', 'requirements': {}}, {'platform': {'id': 166, 'name': 'Commodore / Amiga', 'slug': 'commodore-amiga', 'image': None, 'year_end': None, 'year_start': None, 'games_count': 2083, 'image_background': 'https://media.rawg.io/media/games/cce/cce8bebe861f295003f5a9fe5b11233f.jpg'}, 'released_at': '1985-01-01', 'requirements': {}}]",[],"[{'id': 13148, 'name': 'Strategic Simulations', 'slug': 'strategic-simulations', 'games_count': 85, 'image_background': 'https://media.rawg.io/media/screenshots/4ce/4ce8db24d00f54368491e29b090dfba6.jpg'}]","[{'id': 5, 'name': 'RPG', 'slug': 'role-playing-games-rpg', 'games_count': 59370, 'image_background': 'https://media.rawg.io/media/games/f6b/f6bed028b02369d4cab548f4f9337e81.jpg'}]","[{'id': 31, 'name': 'Singleplayer', 'slug': 'singleplayer', 'language': 'eng', 'games_count': 238404, 'image_background': 'https://media.rawg.io/media/games/26d/26d4437715bee60138dab4a7c8c59c92.jpg'}]","[{'id': 19851, 'name': 'Strategic Simulations', 'slug': 'strategic-simulations', 'games_count': 113, 'image_background': 'https://media.rawg.io/media/screenshots/55c/55cd1c62d524e51467185c94839b08c4.jpg'}]",,,"Phantasie is a fantasy role-playing video game series designed by Winston Douglas Wood and published by Strategic Simulations in 1985. It was released for the Apple II, Atari 8-bit family, Atari ST, Amiga, Commodore 64, MS-DOS, and MSX.",1.0,6.0,2.0,3.0,1.0,,,,,,,,,,,,,,,,,,,0.0,
56498,gi-joe-a-real-american-hero,G.I. Joe (1985),G.I. Joe (1985),<p>G. I. Joe: A Real American Hero is a 1985 action shoot &#39;em up video game. It was developed and published by Epyx for the Apple II and Commodore 64.</p>,,[],1985-01-01,False,2022-12-21T13:12:04,https://media.rawg.io/media/games/9cd/9cd14473758fd698576db015b5fb3c65.jpg,https://media.rawg.io/media/screenshots/330/33049f8a67e36c0424bfbfb4b0f0889f.jpg,,0.0,0,"[{'id': 4, 'title': 'recommended', 'count': 2, 'percent': 100.0}]",13,0,8,0,0,0,0,,,,,0,0,0,0,2,293,[],,0,0,14,,2,0f0f0f,0f0f0f,"[{'platform': {'id': 5, 'name': 'Apple Macintosh', 'slug': 'mac'}}, {'platform': {'id': 10, 'name': 'Commodore / Amiga', 'slug': 'commodore-amiga'}}]","[{'platform': {'id': 41, 'name': 'Apple II', 'slug': 'apple-ii', 'image': None, 'year_end': None, 'year_start': None, 'games_count': 424, 'image_background': 'https://media.rawg.io/media/screenshots/3d2/3d2bb57b39e2efa39d1c385585b2ea8b.jpg'}, 'released_at': '1985-01-01', 'requirements': {}}, {'platform': {'id': 166, 'name': 'Commodore / Amiga', 'slug': 'commodore-amiga', 'image': None, 'year_end': None, 'year_start': None, 'games_count': 2083, 'image_background': 'https://media.rawg.io/media/games/cce/cce8bebe861f295003f5a9fe5b11233f.jpg'}, 'released_at': '1985-01-01', 'requirements': {}}]",[],"[{'id': 15055, 'name': 'Epyx', 'slug': 'epyx', 'games_count': 47, 'image_background': 'https://media.rawg.io/media/screenshots/e33/e333909a54369eb4ec75e2e80b8da927.jpg'}]","[{'id': 4, 'name': 'Action', 'slug': 'action', 'games_count': 186608, 'image_background': 'https://media.rawg.io/media/games/618/618c2031a07bbff6b4f611f10b6bcdbc.jpg'}, {'id': 83, 'name': 'Platformer', 'slug': 'platformer', 'games_count': 100869, 'image_background': 'https://media.rawg.io/media/games/f8c/f8c6a262ead4c16b47e1219310210eb3.jpg'}]","[{'id': 31, 'name': 'Singleplayer', 'slug': 'singleplayer', 'language': 'eng', 'games_count': 238404, 'image_background': 'https://media.rawg.io/media/games/26d/26d4437715bee60138dab4a7c8c59c92.jpg'}, {'id': 7, 'name': 'Multiplayer', 'slug': 'multiplayer', 'language': 'eng', 'games_count': 40505, 'image_background': 'https://media.rawg.io/media/games/021/021c4e21a1824d2526f925eff6324653.jpg'}]","[{'id': 11929, 'name': 'Epyx', 'slug': 'epyx', 'games_count': 44, 'image_background': 'https://media.rawg.io/media/screenshots/189/1890b76089fc24b04ca7ce2fc3299274.jpg'}]",,,G. I. Joe: A Real American Hero is a 1985 action shoot 'em up video game. It was developed and published by Epyx for the Apple II and Commodore 64.,,6.0,3.0,2.0,2.0,,,,,,,,,,,,,,,,,,,0.0,
55385,chuckie-egg-2,Chuckie Egg 2,Chuckie Egg 2,"<p>Chuckie Egg 2 is the sequel to 1983 hit computer game Chuckie Egg. Released in 1985 and featuring the same lead character, Henhouse Harry, the game took players beyond the single-screen format of the original into a large factory. Here, Harry had to assemble a toy-carrying chocolate egg from its constituent parts (sugar, milk and cocoa powder) and deliver it to the dispatch lorry. On completion the quest restarted, with more monsters and an alternative toy.</p>",,[],1985-01-01,False,2024-12-17T04:00:47,https://media.rawg.io/media/screenshots/b55/b559d5e4dd96d8ea9cdbf9978278f392.jpg,https://media.rawg.io/media/screenshots/e4f/e4f3ab2e0cb10839f13b8a6d1864c364.jpg,,0.0,0,"[{'id': 5, 'title': 'exceptional', 'count': 1, 'percent': 100.0}]",13,0,10,0,3,0,0,,,,,0,0,0,0,1,270,[],,0,0,0,,1,0f0f0f,0f0f0f,"[{'platform': {'id': 9, 'name': 'Atari', 'slug': 'atari'}}, {'platform': {'id': 10, 'name': 'Commodore / Amiga', 'slug': 'commodore-amiga'}}]","[{'platform': {'id': 34, 'name': 'Atari ST', 'slug': 'atari-st', 'image': None, 'year_end': None, 'year_start': None, 'games_count': 836, 'image_background': 'https://media.rawg.io/media/games/637/637d7dc2f44d0f6ddd3ee2c0b1366962.jpg'}, 'released_at': '1985-01-01', 'requirements': {}}, {'platform': {'id': 166, 'name': 'Commodore / Amiga', 'slug': 'commodore-amiga', 'image': None, 'year_end': None, 'year_start': None, 'games_count': 2083, 'image_background': 'https://media.rawg.io/media/games/cce/cce8bebe861f295003f5a9fe5b11233f.jpg'}, 'released_at': '1985-01-01', 'requirements': {}}]",[],"[{'id': 27097, 'name': 'A&F; Software', 'slug': 'af-software', 'games_count': 2, 'image_background': 'https://media.rawg.io/media/screenshots/b55/b559d5e4dd96d8ea9cdbf9978278f392.jpg'}]","[{'id': 3, 'name': 'Adventure', 'slug': 'adventure', 'games_count': 146481, 'image_background': 'https://media.rawg.io/media/games/b6b/b6b20bfc4b34e312dbc8aac53c95a348.jpg'}]","[{'id': 31, 'name': 'Singleplayer', 'slug': 'singleplayer', 'language': 'eng', 'games_count': 238404, 'image_background': 'https://media.rawg.io/media/games/26d/26d4437715bee60138dab4a7c8c59c92.jpg'}]","[{'id': 20310, 'name': 'A&F; Software', 'slug': 'af-software', 'games_count': 3, 'image_background': 'https://media.rawg.io/media/screenshots/725/725eb1611a3a0fdb7777938b7ca519cf.jpg'}, {'id': 20311, 'name': 'Pick & Choose', 'slug': 'pick-choose', 'games_count': 2, 'image_background': 'https://media.rawg.io/media/screenshots/725/725eb1611a3a0fdb7777938b7ca519cf.jpg'}]",,,"Chuckie Egg 2 is the sequel to 1983 hit computer game Chuckie Egg. Released in 1985 and featuring the same lead character, Henhouse Harry, the game took players beyond the single-screen format of the original into a large factory. Here, Harry had to assemble a toy-carrying chocolate egg from its constituent parts (sugar, milk and cocoa powder) and deliver it to the dispatch lorry. On completion the quest restarted, with more monsters and an alternative toy.",,8.0,3.0,1.0,1.0,,,,,,,,,,,,,,,,,,,0.0,
264677,cartels-cutthroat,Cartels & Cutthroat$,Cartels & Cutthroat$,"<p>Cartels & Cutthroat$ is a strategy game. It was originally released in 1985. Most rawgers rated the game as ""Recommended"". <br>Cartels & Cutthroat$ is available on PC. </p>

<p></p>",,[],1985-12-31,False,2023-02-08T10:51:34,https://media.rawg.io/media/screenshots/2d4/2d480ae7746048779ac721345fef1e98.jpg,https://media.rawg.io/media/screenshots/29f/29f8492e1fe2bbcf588f93b5bdb7642c.jpg,,0.0,0,"[{'id': 4, 'title': 'recommended', 'count': 1, 'percent': 100.0}]",13,0,4,0,0,0,0,,,,,0,0,0,0,1,112,[],,0,0,0,,1,0f0f0f,0f0f0f,"[{'platform': {'id': 1, 'name': 'PC', 'slug': 'pc'}}]","[{'platform': {'id': 4, 'name': 'PC', 'slug': 'pc', 'image': None, 'year_end': None, 'year_start': None, 'games_count': 547196, 'image_background': 'https://media.rawg.io/media/games/6fc/6fcf4cd3b17c288821388e6085bb0fc9.jpg'}, 'released_at': '1985-12-31', 'requirements': {}}]",[],[],"[{'id': 10, 'name': 'Strategy', 'slug': 'strategy', 'games_count': 59661, 'image_background': 'https://media.rawg.io/media/games/08b/08b2eee52a9876a48b955e5149affe5b.jpg'}]",[],[],,,,1.0,7.0,3.0,1.0,1.0,,,,,,,,,,,,,,,,,,,0.0,
56354,blade-runner-1985,Blade Runner (1985),Blade Runner (1985),"<p>Blade Runner is a video game loosely inspired by the 1982 film Blade Runner, but actually based on the film soundtrack by Vangelis as the publishers were unable to obtain a licence for a film tie-in. The game was published in 1985 by CRL Group PLC for Commodore 64, ZX Spectrum and Amstrad CPC. Reviews of the game were average at best.</p>",,[],1985-01-01,False,2019-08-28T22:00:32,https://media.rawg.io/media/screenshots/552/552cb13b6aedb52299373994ad66fc24.jpg,https://media.rawg.io/media/screenshots/73c/73c5128b9d9750c7bda98949a80085c0.jpg,,0.0,0,[],13,0,9,0,0,0,0,,,,,0,0,0,0,0,146,[],,0,0,3,,0,0f0f0f,0f0f0f,"[{'platform': {'id': 10, 'name': 'Commodore / Amiga', 'slug': 'commodore-amiga'}}]","[{'platform': {'id': 166, 'name': 'Commodore / Amiga', 'slug': 'commodore-amiga', 'image': None, 'year_end': None, 'year_start': None, 'games_count': 2083, 'image_background': 'https://media.rawg.io/media/games/cce/cce8bebe861f295003f5a9fe5b11233f.jpg'}, 'released_at': '1985-01-01', 'requirements': {}}]",[],"[{'id': 27400, 'name': 'Ian Foster', 'slug': 'ian-foster', 'games_count': 1, 'image_background': 'https://media.rawg.io/media/screenshots/552/552cb13b6aedb52299373994ad66fc24.jpg'}, {'id': 27401, 'name': 'Andy Stodart', 'slug': 'andy-stodart', 'games_count': 1, 'image_background': 'https://media.rawg.io/media/screenshots/552/552cb13b6aedb52299373994ad66fc24.jpg'}]",[],"[{'id': 31, 'name': 'Singleplayer', 'slug': 'singleplayer', 'language': 'eng', 'games_count': 238404, 'image_background': 'https://media.rawg.io/media/games/26d/26d4437715bee60138dab4a7c8c59c92.jpg'}]","[{'id': 20289, 'name': 'CRL Group', 'slug': 'crl-group', 'games_count': 12, 'image_background': 'https://media.rawg.io/media/screenshots/48a/48a78f92a96ad5870bb0fcc1e705ccc4.jpg'}, {'id': 20290, 'name': 'CRL Group PLC', 'slug': 'crl-group-plc', 'games_count': 3, 'image_background': 'https://media.rawg.io/media/screenshots/552/552cb13b6aedb52299373994ad66fc24.jpg'}]",,,"Blade Runner is a video game loosely inspired by the 1982 film Blade Runner, but actually based on the film soundtrack by Vangelis as the publishers were unable to obtain a licence for a film tie-in. The game was published in 1985 by CRL Group PLC for Commodore 64, ZX Spectrum and Amstrad CPC. Reviews of the game were average at best.",1.0,7.0,2.0,2.0,1.0,,,,,,,,,,,,,,,,,,,0.0,
264675,asylum-ii,Asylum II,Asylum II,"<p>Asylum II is an adventure game. It came out on 31-12-1985. The game is rated as ""Recommended"" on RAWG. <br>You can play Asylum II on PC. </p>

<p></p>",,[],1985-12-31,False,2023-02-08T10:51:36,https://media.rawg.io/media/screenshots/994/994c275a03b147806250ef1933eeb79d.jpg,https://media.rawg.io/media/screenshots/636/636e12036bf708b8ce304db71f16911c.jpg,,0.0,0,"[{'id': 4, 'title': 'recommended', 'count': 1, 'percent': 100.0}]",13,0,6,0,0,0,0,,,,,0,0,0,0,1,177,[],,0,0,0,,1,0f0f0f,0f0f0f,"[{'platform': {'id': 1, 'name': 'PC', 'slug': 'pc'}}]","[{'platform': {'id': 4, 'name': 'PC', 'slug': 'pc', 'image': None, 'year_end': None, 'year_start': None, 'games_count': 547196, 'image_background': 'https://media.rawg.io/media/games/6fc/6fcf4cd3b17c288821388e6085bb0fc9.jpg'}, 'released_at': '1985-12-31', 'requirements': {}}]",[],[],"[{'id': 3, 'name': 'Adventure', 'slug': 'adventure', 'games_count': 146481, 'image_background': 'https://media.rawg.io/media/games/b6b/b6b20bfc4b34e312dbc8aac53c95a348.jpg'}]",[],[],,,,1.0,7.0,3.0,1.0,1.0,,,,,,,,,,,,,,,,,,,0.0,
264680,the-vortex-factor,The Vortex Factor,The Vortex Factor,"<p>The Vortex Factor is an adventure game. It came out on 31-01-1985. The game is rated as ""Exceptional"" on RAWG. <br>The Vortex Factor is available on PC. </p>

<p></p>",,[],1985-01-31,False,2023-02-08T10:51:24,https://media.rawg.io/media/screenshots/d69/d69a8d5c08f2a458512ad2d3f9931fa9.jpg,https://media.rawg.io/media/screenshots/3f5/3f55fc0d1604141e82f9b2c0027cd114.jpg,,0.0,0,"[{'id': 5, 'title': 'exceptional', 'count': 1, 'percent': 50.0}, {'id': 4, 'title': 'recommended', 'count': 1, 'percent': 50.0}]",12,0,4,0,0,0,0,,,,,0,0,0,0,2,49,[],,0,0,0,,2,0f0f0f,0f0f0f,"[{'platform': {'id': 1, 'name': 'PC', 'slug': 'pc'}}]","[{'platform': {'id': 4, 'name': 'PC', 'slug': 'pc', 'image': None, 'year_end': None, 'year_start': None, 'games_count': 547196, 'image_background': 'https://media.rawg.io/media/games/6fc/6fcf4cd3b17c288821388e6085bb0fc9.jpg'}, 'released_at': '1985-01-31', 'requirements': {}}]",[],[],"[{'id': 3, 'name': 'Adventure', 'slug': 'adventure', 'games_count': 146481, 'image_background': 'https://media.rawg.io/media/games/b6b/b6b20bfc4b34e312dbc8aac53c95a348.jpg'}]",[],[],,,,1.0,5.0,3.0,2.0,1.0,,,,,,,,,,,,,,,,,,,0.0,
56804,star-trek-the-kobayashi-alternative,Star Trek: The Kobayashi Alternative,Star Trek: The Kobayashi Alternative,"<p>Star Trek: The Kobayashi Alternative was a Star Trek themed computer software game, designed for the Apple II Plus, Apple IIe, and Apple IIc. The game was also available for the Commodore 64, Macintosh and IBM PC. This text adventure was first published in 1985 by Simon &amp; Schuster. The player assumes the role of Captain James T. Kirk. As Kirk, the player commands the actions of the Enterprise crew, as well as the Enterprise itself. The game was expansive and ambitious, but also very buggy.</p>
<p>The plot is based on the idea that Starfleet is replacing the Kobayashi Maru scenario with a new test based on a mission from the Enterprise logs. The player is supposedly testing this ""Kobayashi Alternative Command Performance Evaluation"" for a Starfleet admiral.</p>",,[],1985-01-01,False,2023-02-08T10:51:26,https://media.rawg.io/media/screenshots/87e/87ee3a9f3ac3bbeee07c6f886d58f2fd.jpg,https://media.rawg.io/media/screenshots/34d/34d852476aabdbace50d567a8eca01a5.jpg,,0.0,0,[],12,0,9,0,4,0,0,,,,,0,0,0,0,0,231,[],,0,0,0,,0,0f0f0f,0f0f0f,"[{'platform': {'id': 1, 'name': 'PC', 'slug': 'pc'}}, {'platform': {'id': 5, 'name': 'Apple Macintosh', 'slug': 'mac'}}, {'platform': {'id': 10, 'name': 'Commodore / Amiga', 'slug': 'commodore-amiga'}}]","[{'platform': {'id': 166, 'name': 'Commodore / Amiga', 'slug': 'commodore-amiga', 'image': None, 'year_end': None, 'year_start': None, 'games_count': 2083, 'image_background': 'https://media.rawg.io/media/games/cce/cce8bebe861f295003f5a9fe5b11233f.jpg'}, 'released_at': '1985-01-01', 'requirements': {}}, {'platform': {'id': 55, 'name': 'Classic Macintosh', 'slug': 'macintosh', 'image': None, 'year_end': None, 'year_start': None, 'games_count': 675, 'image_background': 'https://media.rawg.io/media/games/38a/38af969459ad6e5de116ec8a4a84218c.jpg'}, 'released_at': '1985-01-01', 'requirements': {}}, {'platform': {'id': 41, 'name': 'Apple II', 'slug': 'apple-ii', 'image': None, 'year_end': None, 'year_start': None, 'games_count': 424, 'image_background': 'https://media.rawg.io/media/screenshots/3d2/3d2bb57b39e2efa39d1c385585b2ea8b.jpg'}, 'released_at': '1985-01-01', 'requirements': {}}, {'platform': {'id': 4, 'name': 'PC', 'slug': 'pc', 'image': None, 'year_end': None, 'year_start': None, 'games_count': 547196, 'image_background': 'https://media.rawg.io/media/games/6fc/6fcf4cd3b17c288821388e6085bb0fc9.jpg'}, 'released_at': '1985-01-01', 'requirements': {}}]",[],"[{'id': 27601, 'name': 'Micromosaics', 'slug': 'micromosaics', 'games_count': 1, 'image_background': 'https://media.rawg.io/media/screenshots/87e/87ee3a9f3ac3bbeee07c6f886d58f2fd.jpg'}]",[],"[{'id': 31, 'name': 'Singleplayer', 'slug': 'singleplayer', 'language': 'eng', 'games_count': 238404, 'image_background': 'https://media.rawg.io/media/games/26d/26d4437715bee60138dab4a7c8c59c92.jpg'}]","[{'id': 20163, 'name': 'Simon & Schuster', 'slug': 'simon-schuster', 'games_count': 10, 'image_background': 'https://media.rawg.io/media/screenshots/ce6/ce6e152c93333973ce769a2bc513af53.jpg'}]",,,"Star Trek: The Kobayashi Alternative was a Star Trek themed computer software game, designed for the Apple II Plus, Apple IIe, and Apple IIc. The game was also available for the Commodore 64, Macintosh and IBM PC. This text adventure was first published in 1985 by Simon & Schuster. The player assumes the role of Captain James T. Kirk. As Kirk, the player commands the actions of the Enterprise crew, as well as the Enterprise itself. The game was expansive and ambitious, but also very buggy.
The plot is based on the idea that Starfleet is replacing the Kobayashi Maru scenario with a new test based on a mission from the Enterprise logs. The player is supposedly testing this ""Kobayashi Alternative Command Performance Evaluation"" for a Starfleet admiral.",1.0,6.0,2.0,2.0,1.0,,,,,,,,,,,,,,,,,,,0.0,
56691,perry-mason-the-case-of-the-mandarin-murder,Perry Mason: The Case of the Mandarin Murder,Perry Mason: The Case of the Mandarin Murder,"<p>Perry Mason: The Case of the Mandarin Murder is an interactive fiction computer game with graphics. The game was published by Telarium (formerly known as Trillium), a subsidiary of Spinnaker Software, in 1985.</p>",,[],1985-01-01,False,2023-02-08T10:51:29,https://media.rawg.io/media/screenshots/f28/f28cef3798464a890cd88e98c6252b6f.jpg,https://media.rawg.io/media/screenshots/b97/b97203f54c0375454bd9aae3fbea5132.jpg,,0.0,0,"[{'id': 5, 'title': 'exceptional', 'count': 1, 'percent': 50.0}, {'id': 4, 'title': 'recommended', 'count': 1, 'percent': 50.0}]",12,0,10,0,0,0,0,,,,,0,0,0,0,2,304,[],,0,0,0,,2,0f0f0f,0f0f0f,"[{'platform': {'id': 1, 'name': 'PC', 'slug': 'pc'}}, {'platform': {'id': 5, 'name': 'Apple Macintosh', 'slug': 'mac'}}, {'platform': {'id': 9, 'name': 'Atari', 'slug': 'atari'}}, {'platform': {'id': 10, 'name': 'Commodore / Amiga', 'slug': 'commodore-amiga'}}]","[{'platform': {'id': 166, 'name': 'Commodore / Amiga', 'slug': 'commodore-amiga', 'image': None, 'year_end': None, 'year_start': None, 'games_count': 2083, 'image_background': 'https://media.rawg.io/media/games/cce/cce8bebe861f295003f5a9fe5b11233f.jpg'}, 'released_at': '1985-01-01', 'requirements': {}}, {'platform': {'id': 34, 'name': 'Atari ST', 'slug': 'atari-st', 'image': None, 'year_end': None, 'year_start': None, 'games_count': 836, 'image_background': 'https://media.rawg.io/media/games/637/637d7dc2f44d0f6ddd3ee2c0b1366962.jpg'}, 'released_at': '1985-01-01', 'requirements': {}}, {'platform': {'id': 41, 'name': 'Apple II', 'slug': 'apple-ii', 'image': None, 'year_end': None, 'year_start': None, 'games_count': 424, 'image_background': 'https://media.rawg.io/media/screenshots/3d2/3d2bb57b39e2efa39d1c385585b2ea8b.jpg'}, 'released_at': '1985-01-01', 'requirements': {}}, {'platform': {'id': 4, 'name': 'PC', 'slug': 'pc', 'image': None, 'year_end': None, 'year_start': None, 'games_count': 547196, 'image_background': 'https://media.rawg.io/media/games/6fc/6fcf4cd3b17c288821388e6085bb0fc9.jpg'}, 'released_at': '1985-01-01', 'requirements': {}}]",[],"[{'id': 27551, 'name': 'Telarium', 'slug': 'telarium', 'games_count': 2, 'image_background': 'https://media.rawg.io/media/screenshots/5c4/5c465a012f675b55b08c297b83518f0f.jpg'}]",[],"[{'id': 31, 'name': 'Singleplayer', 'slug': 'singleplayer', 'language': 'eng', 'games_count': 238404, 'image_background': 'https://media.rawg.io/media/games/26d/26d4437715bee60138dab4a7c8c59c92.jpg'}]",[],,,"Perry Mason: The Case of the Mandarin Murder is an interactive fiction computer game with graphics. The game was published by Telarium (formerly known as Trillium), a subsidiary of Spinnaker Software, in 1985.",1.0,5.0,3.0,2.0,1.0,,,,,,,,,,,,,,,,,,,0.0,
54179,the-way-of-the-exploding-fist,The Way of the Exploding Fist,The Way of the Exploding Fist,"<p>The Way of the Exploding Fist is a 1985 fighting game by Gregg Barnett, Bruce Bayley and David Johnston of Beam Software. Originally developed on the Commodore 64 and published in June 1985 by Melbourne House, ports were made for Amstrad CPC, ZX Spectrum, BBC Micro, Acorn Electron and Commodore 16. It was one of the first games to include realistic graphics and movements and borrows heavily from the Data East arcade game Karate Champ which was released the previous year. An NES version was developed by Beam Software but it was never released.</p>
<p>The name of the game is probably a play on Bruce Lee's fighting system Jeet Kune Do, which can be translated to ""Way of the Intercepting Fist"".</p>
<p>Karate champion Jeoffrey Thompson was signed to promote the game but was not sufficiently well known to have the game named after him.</p>",,[],1985-01-01,False,2019-08-28T22:26:18,https://media.rawg.io/media/screenshots/94b/94bf2903928ef834ae4d2a20a76c6d76.jpg,https://media.rawg.io/media/screenshots/5b7/5b7d2c6818962f9e1ff793238cf8869d.jpg,,0.0,0,"[{'id': 4, 'title': 'recommended', 'count': 2, 'percent': 50.0}, {'id': 1, 'title': 'skip', 'count': 2, 'percent': 50.0}]",12,0,10,0,1,0,0,,,,,0,0,0,0,4,251,[],,0,0,0,,4,0f0f0f,0f0f0f,"[{'platform': {'id': 7, 'name': 'Nintendo', 'slug': 'nintendo'}}, {'platform': {'id': 10, 'name': 'Commodore / Amiga', 'slug': 'commodore-amiga'}}]","[{'platform': {'id': 166, 'name': 'Commodore / Amiga', 'slug': 'commodore-amiga', 'image': None, 'year_end': None, 'year_start': None, 'games_count': 2083, 'image_background': 'https://media.rawg.io/media/games/cce/cce8bebe861f295003f5a9fe5b11233f.jpg'}, 'released_at': '1985-01-01', 'requirements': {}}, {'platform': {'id': 49, 'name': 'NES', 'slug': 'nes', 'image': None, 'year_end': None, 'year_start': None, 'games_count': 1015, 'image_background': 'https://media.rawg.io/media/games/7c5/7c50dd0415eb0a57505c58d4e50e4d24.jpg'}, 'released_at': '1985-01-01', 'requirements': {}}]",[],"[{'id': 13227, 'name': 'Beam Software', 'slug': 'beam-software', 'games_count': 73, 'image_background': 'https://media.rawg.io/media/screenshots/27e/27e552bc7ab2c13154ea7bc1e75c8c97.jpg'}, {'id': 26238, 'name': 'Krome Studios Melbourne', 'slug': 'krome-studios-melbourne', 'games_count': 43, 'image_background': 'https://media.rawg.io/media/screenshots/461/46155242dc47b7ae8b4dc9d524cffd3e.jpg'}]","[{'id': 6, 'name': 'Fighting', 'slug': 'fighting', 'games_count': 11763, 'image_background': 'https://media.rawg.io/media/games/35b/35b47c4d85cd6e08f3e2ca43ea5ce7bb.jpg'}]","[{'id': 31, 'name': 'Singleplayer', 'slug': 'singleplayer', 'language': 'eng', 'games_count': 238404, 'image_background': 'https://media.rawg.io/media/games/26d/26d4437715bee60138dab4a7c8c59c92.jpg'}]","[{'id': 11640, 'name': 'Melbourne House', 'slug': 'melbourne-house', 'games_count': 20, 'image_background': 'https://media.rawg.io/media/screenshots/4b5/4b5da9777256bee3ad67ce22db580604.jpg'}, {'id': 19919, 'name': 'Krome Studios Melbourne', 'slug': 'krome-studios-melbourne', 'games_count': 14, 'image_background': 'https://media.rawg.io/media/screenshots/753/753292d5a5792dd004033f0fdada95f7.jpg'}]",,,"The Way of the Exploding Fist is a 1985 fighting game by Gregg Barnett, Bruce Bayley and David Johnston of Beam Software. Originally developed on the Commodore 64 and published in June 1985 by Melbourne House, ports were made for Amstrad CPC, ZX Spectrum, BBC Micro, Acorn Electron and Commodore 16. It was one of the first games to include realistic graphics and movements and borrows heavily from the Data East arcade game Karate Champ which was released the previous year. An NES version was developed by Beam Software but it was never released.
The name of the game is probably a play on Bruce Lee's fighting system Jeet Kune Do, which can be translated to ""Way of the Intercepting Fist"".
Karate champion Jeoffrey Thompson was signed to promote the game but was not sufficiently well known to have the game named after him.",,5.0,2.0,3.0,2.0,,,,,,,,,,,,,,,,,,,0.0,
54300,road-blaster,Road Blaster,Road Blaster,<p>Road Blaster (ロードブラスター) is a 1985 interactive movie video game produced by Data East for the arcades.</p>,,[],1985-08-01,False,2024-12-17T03:59:33,https://media.rawg.io/media/screenshots/41f/41f28351acf19ea8dc9daee7661aab92.jpg,https://media.rawg.io/media/screenshots/484/484a02d4f133f0bdfab03f4d26f7304a.jpg,,0.0,0,"[{'id': 5, 'title': 'exceptional', 'count': 1, 'percent': 33.33}, {'id': 4, 'title': 'recommended', 'count': 1, 'percent': 33.33}, {'id': 3, 'title': 'meh', 'count': 1, 'percent': 33.33}]",12,0,8,0,5,0,0,,,,,0,0,0,0,3,277,[],,0,0,0,,3,0f0f0f,0f0f0f,"[{'platform': {'id': 1, 'name': 'PC', 'slug': 'pc'}}, {'platform': {'id': 2, 'name': 'PlayStation', 'slug': 'playstation'}}, {'platform': {'id': 11, 'name': 'SEGA', 'slug': 'sega'}}]","[{'platform': {'id': 4, 'name': 'PC', 'slug': 'pc', 'image': None, 'year_end': None, 'year_start': None, 'games_count': 547196, 'image_background': 'https://media.rawg.io/media/games/6fc/6fcf4cd3b17c288821388e6085bb0fc9.jpg'}, 'released_at': '1985-08-01', 'requirements': {}}, {'platform': {'id': 119, 'name': 'SEGA CD', 'slug': 'sega-cd', 'image': None, 'year_end': None, 'year_start': None, 'games_count': 163, 'image_background': 'https://media.rawg.io/media/screenshots/9a0/9a01b32ce1a3e0576018a2580e32cf26.jpg'}, 'released_at': '1985-08-01', 'requirements': {}}, {'platform': {'id': 27, 'name': 'PlayStation', 'slug': 'playstation1', 'image': None, 'year_end': None, 'year_start': None, 'games_count': 1679, 'image_background': 'https://media.rawg.io/media/games/96a/96a48ac7487d9db9179d83170afcb16a.jpg'}, 'released_at': '1985-08-01', 'requirements': {}}]",[],"[{'id': 15837, 'name': 'Data East', 'slug': 'data-east', 'games_count': 71, 'image_background': 'https://media.rawg.io/media/games/3b9/3b98e6b2552b49a95f9505351ff4fba7.jpg'}, {'id': 26077, 'name': 'Victor Interactive Software', 'slug': 'victor-interactive-software', 'games_count': 18, 'image_background': 'https://media.rawg.io/media/screenshots/fb5/fb5a4020b5f91914730da1c1ae1a42e3.jpg'}, {'id': 26498, 'name': 'Wolf Team', 'slug': 'wolf-team', 'games_count': 17, 'image_background': 'https://media.rawg.io/media/screenshots/ff8/ff8fe3dec28496814fa7e829d6fb7d01.jpg'}, {'id': 26749, 'name': 'Telenet Japan', 'slug': 'telenet-japan', 'games_count': 15, 'image_background': 'https://media.rawg.io/media/screenshots/ee6/ee64773111e69b07a7bc8b6ad6311da6.jpg'}, {'id': 26318, 'name': 'font-weight:normal;font-size:inherit;background:transparent;text-align:left', 'slug': 'font-weightnormalfont-sizeinheritbackgroundtranspa', 'games_count': 2, 'image_background': 'https://media.rawg.io/media/screenshots/41f/41f28351acf19ea8dc9daee7661aab92.jpg'}, {'id': 843, 'name': 'Revolutionary Concepts', 'slug': 'revolutionary-concepts', 'games_count': 7, 'image_background': 'https://media.rawg.io/media/screenshots/b70/b70de35b09c90e797bc1df6ad5bb6f93.jpeg'}, {'id': 26729, 'name': 'Ecseco', 'slug': 'ecseco', 'games_count': 2, 'image_background': 'https://media.rawg.io/media/screenshots/41f/41f28351acf19ea8dc9daee7661aab92.jpg'}]","[{'id': 4, 'name': 'Action', 'slug': 'action', 'games_count': 186608, 'image_background': 'https://media.rawg.io/media/games/618/618c2031a07bbff6b4f611f10b6bcdbc.jpg'}, {'id': 1, 'name': 'Racing', 'slug': 'racing', 'games_count': 25359, 'image_background': 'https://media.rawg.io/media/screenshots/69b/69bb243ea9896ddfc2e051b58e81624d.jpg'}]","[{'id': 31, 'name': 'Singleplayer', 'slug': 'singleplayer', 'language': 'eng', 'games_count': 238404, 'image_background': 'https://media.rawg.io/media/games/26d/26d4437715bee60138dab4a7c8c59c92.jpg'}, {'id': 351, 'name': 'Two-player', 'slug': 'two-player', 'language': 'eng', 'games_count': 272, 'image_background': 'https://media.rawg.io/media/screenshots/1c1/1c1c7ba1dc364dc71e522acd045aa428.jpg'}]","[{'id': 3408, 'name': 'SEGA', 'slug': 'sega-2', 'games_count': 1262, 'image_background': 'https://media.rawg.io/media/games/be9/be9cf02720c9326e11d0fda14518554f.jpg'}, {'id': 12214, 'name': 'Data East', 'slug': 'data-east', 'games_count': 64, 'image_background': 'https://media.rawg.io/media/screenshots/765/765f5b0640d1049558d0a8cc769ba227.jpg'}, {'id': 20048, 'name': 'font-weight:normal;font-size:inherit;background:transparent;text-align:left', 'slug': 'font-weightnormalfont-sizeinheritbackgroundtranspa', 'games_count': 2, 'image_background': 'https://media.rawg.io/media/screenshots/41f/41f28351acf19ea8dc9daee7661aab92.jpg'}, {'id': 20037, 'name': 'Ecseco', 'slug': 'ecseco', 'games_count': 2, 'image_background': 'https://media.rawg.io/media/screenshots/41f/41f28351acf19ea8dc9daee7661aab92.jpg'}]",,,Road Blaster (ロードブラスター) is a 1985 interactive movie video game produced by Data East for the arcades.,1.0,5.0,2.0,2.0,2.0,,,,,,,,,,,,,,,,,,,0.0,
33273,spacewar,SpaceWar,SpaceWar,"<p>SpaceWar is an arcade game developed by Bill Seiler. It came out on 01-01-1985. Bill Seiler published the game. <br>You can play SpaceWar on PC. </p>

<p></p>",,[],1985-01-01,False,2025-04-15T19:45:44,https://media.rawg.io/media/screenshots/1a2/1a21b59a52a7fa90e1834526ebc838a0.jpg,https://media.rawg.io/media/screenshots/1d6/1d638be9a888ec3ac99cc54d27576712.jpg,,0.0,0,"[{'id': 1, 'title': 'skip', 'count': 1, 'percent': 100.0}]",12,0,3,0,0,5,5,,,,,0,0,0,0,1,18,[],,0,0,0,,1,0f0f0f,0f0f0f,"[{'platform': {'id': 1, 'name': 'PC', 'slug': 'pc'}}]","[{'platform': {'id': 4, 'name': 'PC', 'slug': 'pc', 'image': None, 'year_end': None, 'year_start': None, 'games_count': 547196, 'image_background': 'https://media.rawg.io/media/games/6fc/6fcf4cd3b17c288821388e6085bb0fc9.jpg'}, 'released_at': '1985-01-01', 'requirements': {}}]",[],"[{'id': 16143, 'name': 'Bill Seiler', 'slug': 'bill-seiler', 'games_count': 1, 'image_background': 'https://media.rawg.io/media/screenshots/1a2/1a21b59a52a7fa90e1834526ebc838a0.jpg'}]","[{'id': 11, 'name': 'Arcade', 'slug': 'arcade', 'games_count': 22658, 'image_background': 'https://media.rawg.io/media/games/556/556157feed9ee1f55f2b12b2973e30a3.jpg'}]",[],"[{'id': 12422, 'name': 'Bill Seiler', 'slug': 'bill-seiler', 'games_count': 1, 'image_background': 'https://media.rawg.io/media/screenshots/1a2/1a21b59a52a7fa90e1834526ebc838a0.jpg'}]",,,,2.0,5.0,2.0,2.0,1.0,,,,,,,,,,,,,,,,,,,0.0,
56635,metro-cross,Metro-Cross,Metro-Cross,"<p>Metro-Cross (メトロクロス, Metoro-Kurosu) is a platform arcade game that was released by Namco in 1985. It runs upon Namco Pac-Land hardware (but with a video system like that used in Dragon Buster, modified to support a 2048-color palette). It uses a Motorola M6809 microprocessor, with a Hitachi HD63701 sub-microprocessor (both running at 1.536 MHz) and Namco 8-channel waveform PSG for audio.</p>",,[],1985-12-15,False,2021-12-09T22:27:28,https://media.rawg.io/media/screenshots/125/125d0f9b514b1acdb241f400ea9d9eaf.jpg,https://media.rawg.io/media/screenshots/f71/f719d6e5d3186c58a944560148a95d4a.jpg,,0.0,0,"[{'id': 4, 'title': 'recommended', 'count': 1, 'percent': 50.0}, {'id': 1, 'title': 'skip', 'count': 1, 'percent': 50.0}]",12,0,3,0,6,0,0,,,,,0,0,0,0,2,75,"['Metoro-Kurosu', 'Metro Cross', 'メトロクロス']",,0,0,0,,2,0f0f0f,0f0f0f,"[{'platform': {'id': 7, 'name': 'Nintendo', 'slug': 'nintendo'}}, {'platform': {'id': 9, 'name': 'Atari', 'slug': 'atari'}}, {'platform': {'id': 10, 'name': 'Commodore / Amiga', 'slug': 'commodore-amiga'}}]","[{'platform': {'id': 10, 'name': 'Wii U', 'slug': 'wii-u', 'image': None, 'year_end': None, 'year_start': None, 'games_count': 1114, 'image_background': 'https://media.rawg.io/media/games/85c/85c8ae70e7cdf0105f06ef6bdce63b8b.jpg'}, 'released_at': '1985-12-15', 'requirements': {}}, {'platform': {'id': 34, 'name': 'Atari ST', 'slug': 'atari-st', 'image': None, 'year_end': None, 'year_start': None, 'games_count': 836, 'image_background': 'https://media.rawg.io/media/games/637/637d7dc2f44d0f6ddd3ee2c0b1366962.jpg'}, 'released_at': '1985-12-15', 'requirements': {}}, {'platform': {'id': 49, 'name': 'NES', 'slug': 'nes', 'image': None, 'year_end': None, 'year_start': None, 'games_count': 1015, 'image_background': 'https://media.rawg.io/media/games/7c5/7c50dd0415eb0a57505c58d4e50e4d24.jpg'}, 'released_at': '1985-12-15', 'requirements': {}}, {'platform': {'id': 166, 'name': 'Commodore / Amiga', 'slug': 'commodore-amiga', 'image': None, 'year_end': None, 'year_start': None, 'games_count': 2083, 'image_background': 'https://media.rawg.io/media/games/cce/cce8bebe861f295003f5a9fe5b11233f.jpg'}, 'released_at': '1985-12-15', 'requirements': {}}]",[],"[{'id': 10055, 'name': 'NAMCO', 'slug': 'namco', 'games_count': 127, 'image_background': 'https://media.rawg.io/media/games/2ff/2ff5b06428e4b016f3b79cf299bd6596.jpg'}, {'id': 14122, 'name': 'Now Production', 'slug': 'now-production', 'games_count': 39, 'image_background': 'https://media.rawg.io/media/games/7f1/7f1af1b50b55260e4c221a7b801c924f.jpg'}, {'id': 27217, 'name': 'Probe', 'slug': 'probe', 'games_count': 3, 'image_background': 'https://media.rawg.io/media/screenshots/4de/4dee76a21513eb75a04f8d2020e5300d.jpg'}]","[{'id': 4, 'name': 'Action', 'slug': 'action', 'games_count': 186608, 'image_background': 'https://media.rawg.io/media/games/618/618c2031a07bbff6b4f611f10b6bcdbc.jpg'}, {'id': 15, 'name': 'Sports', 'slug': 'sports', 'games_count': 22123, 'image_background': 'https://media.rawg.io/media/games/5eb/5eb49eb2fa0738fdb5bacea557b1bc57.jpg'}, {'id': 83, 'name': 'Platformer', 'slug': 'platformer', 'games_count': 100869, 'image_background': 'https://media.rawg.io/media/games/f8c/f8c6a262ead4c16b47e1219310210eb3.jpg'}]","[{'id': 31, 'name': 'Singleplayer', 'slug': 'singleplayer', 'language': 'eng', 'games_count': 238404, 'image_background': 'https://media.rawg.io/media/games/26d/26d4437715bee60138dab4a7c8c59c92.jpg'}, {'id': 418, 'name': '2 players', 'slug': '2-players', 'language': 'eng', 'games_count': 1244, 'image_background': 'https://media.rawg.io/media/screenshots/f9a/f9ac59bb4af2ca2193ee9ffb979577cf.jpg'}, {'id': 1510, 'name': 'skateboarding', 'slug': 'skateboarding', 'language': 'eng', 'games_count': 138, 'image_background': 'https://media.rawg.io/media/games/418/4183d93cf89b69091b9e7395eab6c608.jpg'}, {'id': 348, 'name': 'alternating turns', 'slug': 'alternating-turns', 'language': 'eng', 'games_count': 64, 'image_background': 'https://media.rawg.io/media/games/6f8/6f8fb1e98393f72b47f1f909d5b649d4.jpg'}]","[{'id': 8352, 'name': 'Bandai Namco Entertainment', 'slug': 'bandai-namco-entertainment', 'games_count': 604, 'image_background': 'https://media.rawg.io/media/games/b92/b924c4beeed6617201d5d91511cfcf8e.jpg'}, {'id': 10901, 'name': 'Namco', 'slug': 'namco', 'games_count': 215, 'image_background': 'https://media.rawg.io/media/games/fc5/fc503876ca1ca34e160e88671af86e88.jpg'}, {'id': 11527, 'name': 'U.S. Gold', 'slug': 'us-gold-2', 'games_count': 95, 'image_background': 'https://media.rawg.io/media/games/eaa/eaa94a1203b9b8fdf5b01575c9e91591.jpg'}, {'id': 20253, 'name': 'Kixx', 'slug': 'kixx', 'games_count': 7, 'image_background': 'https://media.rawg.io/media/screenshots/33d/33d618025f4963429ae860494b1fe9b8.jpg'}]",,,"Metro-Cross (メトロクロス, Metoro-Kurosu) is a platform arcade game that was released by Namco in 1985. It runs upon Namco Pac-Land hardware (but with a video system like that used in Dragon Buster, modified to support a 2048-color palette). It uses a Motorola M6809 microprocessor, with a Hitachi HD63701 sub-microprocessor (both running at 1.536 MHz) and Namco 8-channel waveform PSG for audio.",,7.0,2.0,2.0,1.0,,,,,,,,,,,,,,,,,,,0.0,
56596,koronis-rift,Koronis Rift,Koronis Rift,"<p>Koronis Rift is a December 1985 computer game from Lucasfilm Games. It was produced and designed by Noah Falstein. Originally developed for the Atari 8-bit family and the Commodore 64, Koronis Rift was ported to the Amstrad CPC, Apple II, MSX, Tandy Color Computer 3, and ZX Spectrum.</p>
<p>The Atari and C64 version shipped on a flippy disk, with one version of the game on each side. A cassette version was also released for the Commodore 64. The Atari version required computers with the GTIA chip installed in order to display properly.</p>
<p>Koronis Rift was one of two games in Lucasfilm Games' second wave (December 1985). The other was The Eidolon. Both enhanced the fractal technology developed for Rescue on Fractalus!. In Koronis Rift, the Atari 8-bit family's additional colors (over those of the Commodore 64) allowed the programmers to gradually fade in the background rather than it suddenly popping in as in Rescue, an early example of depth cueing in a computer game.</p>",,[],1985-01-01,False,2023-04-15T23:43:33,https://media.rawg.io/media/screenshots/2dc/2dc38585e63e9d75b441701e9bb09eab.jpg,https://media.rawg.io/media/screenshots/78e/78e2648194554297ab74df922146f7f3.jpg,,0.0,0,"[{'id': 4, 'title': 'recommended', 'count': 1, 'percent': 100.0}]",12,0,14,0,11,0,0,,,,,0,0,0,0,1,279,[],,0,0,0,,1,0f0f0f,0f0f0f,"[{'platform': {'id': 5, 'name': 'Apple Macintosh', 'slug': 'mac'}}, {'platform': {'id': 9, 'name': 'Atari', 'slug': 'atari'}}, {'platform': {'id': 10, 'name': 'Commodore / Amiga', 'slug': 'commodore-amiga'}}]","[{'platform': {'id': 166, 'name': 'Commodore / Amiga', 'slug': 'commodore-amiga', 'image': None, 'year_end': None, 'year_start': None, 'games_count': 2083, 'image_background': 'https://media.rawg.io/media/games/cce/cce8bebe861f295003f5a9fe5b11233f.jpg'}, 'released_at': '1985-01-01', 'requirements': {}}, {'platform': {'id': 25, 'name': 'Atari 8-bit', 'slug': 'atari-8-bit', 'image': None, 'year_end': None, 'year_start': None, 'games_count': 308, 'image_background': 'https://media.rawg.io/media/screenshots/038/0385a47d3a43b218204268af5361a19e.jpg'}, 'released_at': '1985-01-01', 'requirements': {}}, {'platform': {'id': 41, 'name': 'Apple II', 'slug': 'apple-ii', 'image': None, 'year_end': None, 'year_start': None, 'games_count': 424, 'image_background': 'https://media.rawg.io/media/screenshots/3d2/3d2bb57b39e2efa39d1c385585b2ea8b.jpg'}, 'released_at': '1985-01-01', 'requirements': {}}]",[],"[{'id': 14443, 'name': 'LucasArts Entertainment', 'slug': 'lucasarts-entertainment', 'games_count': 89, 'image_background': 'https://media.rawg.io/media/screenshots/c7c/c7cec66d0ef731f891e413fc4c5dfa74.jpg'}, {'id': 13290, 'name': 'Lucasfilm', 'slug': 'lucasfilm', 'games_count': 43, 'image_background': 'https://media.rawg.io/media/screenshots/101/1015fe740ce5654eb97c9140f6da3c3e.jpg'}]","[{'id': 10, 'name': 'Strategy', 'slug': 'strategy', 'games_count': 59661, 'image_background': 'https://media.rawg.io/media/games/08b/08b2eee52a9876a48b955e5149affe5b.jpg'}]","[{'id': 31, 'name': 'Singleplayer', 'slug': 'singleplayer', 'language': 'eng', 'games_count': 238404, 'image_background': 'https://media.rawg.io/media/games/26d/26d4437715bee60138dab4a7c8c59c92.jpg'}]","[{'id': 11929, 'name': 'Epyx', 'slug': 'epyx', 'games_count': 44, 'image_background': 'https://media.rawg.io/media/screenshots/189/1890b76089fc24b04ca7ce2fc3299274.jpg'}]",,,"Koronis Rift is a December 1985 computer game from Lucasfilm Games. It was produced and designed by Noah Falstein. Originally developed for the Atari 8-bit family and the Commodore 64, Koronis Rift was ported to the Amstrad CPC, Apple II, MSX, Tandy Color Computer 3, and ZX Spectrum.
The Atari and C64 version shipped on a flippy disk, with one version of the game on each side. A cassette version was also released for the Commodore 64. The Atari version required computers with the GTIA chip installed in order to display properly.
Koronis Rift was one of two games in Lucasfilm Games' second wave (December 1985). The other was The Eidolon. Both enhanced the fractal technology developed for Rescue on Fractalus!. In Koronis Rift, the Atari 8-bit family's additional colors (over those of the Commodore 64) allowed the programmers to gradually fade in the background rather than it suddenly popping in as in Rescue, an early example of depth cueing in a computer game.",,6.0,2.0,3.0,1.0,,,,,,,,,,,,,,,,,,,0.0,
56837,tau-ceti,Tau Ceti,Tau Ceti,"<p>Tau Ceti is a science fiction themed computer game first published in 1985 by CRL for the ZX Spectrum and later converted to several other platforms. It was designed and programmed by Pete Cooke. It was groundbreaking at the time for its extensive use of 3D graphics, shadow effects and its large gameworld set on a small planet, Tau Ceti III, orbiting the titular star. The planet also has a realistic day and night cycle (much shorter than our own).<br />
An enhanced version (known as Tau Ceti - The Special Edition) was released for the 128K Spectrum and Amstrad CPC in 1987 featuring extra graphics and a large amount of accessible library data about the gameworld and the game.<br />
A sequel, Academy, was released in 1986.</p>",,[],1985-01-01,False,2023-02-08T10:51:25,https://media.rawg.io/media/screenshots/48a/48a78f92a96ad5870bb0fcc1e705ccc4.jpg,https://media.rawg.io/media/screenshots/96a/96a42b4d89b331b156cfa2d7c1059653.jpg,,0.0,0,[],12,0,12,0,2,0,0,,,,,0,0,0,0,0,338,"['Tau Ceti: The Lost Star Colony', 'Tau-Ceti', 'Tau-Ceti: The Lost Star Colony']",,0,0,0,,0,0f0f0f,0f0f0f,"[{'platform': {'id': 1, 'name': 'PC', 'slug': 'pc'}}, {'platform': {'id': 9, 'name': 'Atari', 'slug': 'atari'}}, {'platform': {'id': 10, 'name': 'Commodore / Amiga', 'slug': 'commodore-amiga'}}]","[{'platform': {'id': 4, 'name': 'PC', 'slug': 'pc', 'image': None, 'year_end': None, 'year_start': None, 'games_count': 547196, 'image_background': 'https://media.rawg.io/media/games/6fc/6fcf4cd3b17c288821388e6085bb0fc9.jpg'}, 'released_at': '1985-01-01', 'requirements': {}}, {'platform': {'id': 34, 'name': 'Atari ST', 'slug': 'atari-st', 'image': None, 'year_end': None, 'year_start': None, 'games_count': 836, 'image_background': 'https://media.rawg.io/media/games/637/637d7dc2f44d0f6ddd3ee2c0b1366962.jpg'}, 'released_at': '1985-01-01', 'requirements': {}}, {'platform': {'id': 166, 'name': 'Commodore / Amiga', 'slug': 'commodore-amiga', 'image': None, 'year_end': None, 'year_start': None, 'games_count': 2083, 'image_background': 'https://media.rawg.io/media/games/cce/cce8bebe861f295003f5a9fe5b11233f.jpg'}, 'released_at': '1985-01-01', 'requirements': {}}]",[],"[{'id': 27069, 'name': 'CRL Group', 'slug': 'crl-group', 'games_count': 4, 'image_background': 'https://media.rawg.io/media/screenshots/48a/48a78f92a96ad5870bb0fcc1e705ccc4.jpg'}, {'id': 27070, 'name': 'CRL Group PLC', 'slug': 'crl-group-plc', 'games_count': 2, 'image_background': 'https://media.rawg.io/media/screenshots/48a/48a78f92a96ad5870bb0fcc1e705ccc4.jpg'}]","[{'id': 4, 'name': 'Action', 'slug': 'action', 'games_count': 186608, 'image_background': 'https://media.rawg.io/media/games/618/618c2031a07bbff6b4f611f10b6bcdbc.jpg'}, {'id': 14, 'name': 'Simulation', 'slug': 'simulation', 'games_count': 73491, 'image_background': 'https://media.rawg.io/media/games/48c/48cb04ca483be865e3a83119c94e6097.jpg'}]","[{'id': 31, 'name': 'Singleplayer', 'slug': 'singleplayer', 'language': 'eng', 'games_count': 238404, 'image_background': 'https://media.rawg.io/media/games/26d/26d4437715bee60138dab4a7c8c59c92.jpg'}]","[{'id': 20289, 'name': 'CRL Group', 'slug': 'crl-group', 'games_count': 12, 'image_background': 'https://media.rawg.io/media/screenshots/48a/48a78f92a96ad5870bb0fcc1e705ccc4.jpg'}, {'id': 20290, 'name': 'CRL Group PLC', 'slug': 'crl-group-plc', 'games_count': 3, 'image_background': 'https://media.rawg.io/media/screenshots/552/552cb13b6aedb52299373994ad66fc24.jpg'}]",,,"Tau Ceti is a science fiction themed computer game first published in 1985 by CRL for the ZX Spectrum and later converted to several other platforms. It was designed and programmed by Pete Cooke. It was groundbreaking at the time for its extensive use of 3D graphics, shadow effects and its large gameworld set on a small planet, Tau Ceti III, orbiting the titular star. The planet also has a realistic day and night cycle (much shorter than our own).
An enhanced version (known as Tau Ceti - The Special Edition) was released for the 128K Spectrum and Amstrad CPC in 1987 featuring extra graphics and a large amount of accessible library data about the gameworld and the game.
A sequel, Academy, was released in 1986.",1.0,6.0,2.0,2.0,1.0,,,,,,,,,,,,,,,,,,,0.0,
264681,back-to-skool,Back to Skool,Back to Skool,"<p>Back to Skool is an adventure game. It was originally released in 1985. Most rawgers rated the game as ""Recommended"". <br>You can play Back to Skool on PC. </p>

<p></p>",,[],1985-01-02,False,2023-02-08T10:51:35,https://media.rawg.io/media/screenshots/6ac/6accd02e5e2d45ac66bd27c896ddc343.jpg,https://media.rawg.io/media/screenshots/e47/e473fc4f3939fdec03d0793c7dc0b2d6.jpg,,0.0,0,"[{'id': 4, 'title': 'recommended', 'count': 1, 'percent': 100.0}]",12,0,4,0,1,0,0,,,,,0,0,0,0,1,99,[],,0,0,0,,1,0f0f0f,0f0f0f,"[{'platform': {'id': 1, 'name': 'PC', 'slug': 'pc'}}]","[{'platform': {'id': 4, 'name': 'PC', 'slug': 'pc', 'image': None, 'year_end': None, 'year_start': None, 'games_count': 547196, 'image_background': 'https://media.rawg.io/media/games/6fc/6fcf4cd3b17c288821388e6085bb0fc9.jpg'}, 'released_at': '1985-01-02', 'requirements': {}}]",[],[],"[{'id': 3, 'name': 'Adventure', 'slug': 'adventure', 'games_count': 146481, 'image_background': 'https://media.rawg.io/media/games/b6b/b6b20bfc4b34e312dbc8aac53c95a348.jpg'}]",[],[],,,,1.0,6.0,3.0,1.0,1.0,,,,,,,,,,,,,,,,,,,0.0,
55340,arnhem,Arnhem,Arnhem,"<p>Arnhem: The 'Market Garden' Operation is a battle strategy game by CCS. It was released for MS-DOS, ZX Spectrum and Amstrad CPC in 1985 and for the Amiga in 1991.</p>",,[],1985-01-01,False,2023-02-08T10:51:36,https://media.rawg.io/media/screenshots/340/340fd6610c03b6371655febdaef39280.jpg,https://media.rawg.io/media/screenshots/985/985e0b080c981842738059481bdd27e1.jpg,,0.0,0,"[{'id': 4, 'title': 'recommended', 'count': 1, 'percent': 100.0}]",12,0,9,0,0,0,0,,,,,0,0,0,0,1,126,[],,0,0,0,,1,0f0f0f,0f0f0f,"[{'platform': {'id': 1, 'name': 'PC', 'slug': 'pc'}}, {'platform': {'id': 10, 'name': 'Commodore / Amiga', 'slug': 'commodore-amiga'}}]","[{'platform': {'id': 166, 'name': 'Commodore / Amiga', 'slug': 'commodore-amiga', 'image': None, 'year_end': None, 'year_start': None, 'games_count': 2083, 'image_background': 'https://media.rawg.io/media/games/cce/cce8bebe861f295003f5a9fe5b11233f.jpg'}, 'released_at': '1985-01-01', 'requirements': {}}, {'platform': {'id': 4, 'name': 'PC', 'slug': 'pc', 'image': None, 'year_end': None, 'year_start': None, 'games_count': 547196, 'image_background': 'https://media.rawg.io/media/games/6fc/6fcf4cd3b17c288821388e6085bb0fc9.jpg'}, 'released_at': '1985-01-01', 'requirements': {}}]",[],"[{'id': 27082, 'name': 'Robert T. Smith', 'slug': 'robert-t-smith', 'games_count': 1, 'image_background': 'https://media.rawg.io/media/screenshots/340/340fd6610c03b6371655febdaef39280.jpg'}]",[],"[{'id': 31, 'name': 'Singleplayer', 'slug': 'singleplayer', 'language': 'eng', 'games_count': 238404, 'image_background': 'https://media.rawg.io/media/games/26d/26d4437715bee60138dab4a7c8c59c92.jpg'}]","[{'id': 19851, 'name': 'Strategic Simulations', 'slug': 'strategic-simulations', 'games_count': 113, 'image_background': 'https://media.rawg.io/media/screenshots/55c/55cd1c62d524e51467185c94839b08c4.jpg'}, {'id': 20301, 'name': 'CCS', 'slug': 'ccs', 'games_count': 13, 'image_background': 'https://media.rawg.io/media/screenshots/221/221aec68e30a6a3cbc2cf29323dd165b.jpg'}]",,,"Arnhem: The 'Market Garden' Operation is a battle strategy game by CCS. It was released for MS-DOS, ZX Spectrum and Amstrad CPC in 1985 and for the Amiga in 1991.",1.0,6.0,3.0,1.0,1.0,,,,,,,,,,,,,,,,,,,0.0,
56594,konamis-ping-pong,Konami's Ping Pong,Konami's Ping Pong,"<p>Konami&#39;s Ping Pong is a sports arcade game created in 1985 by Konami. The game is noted as the first video game to accurately reflect the gameplay of table tennis, as opposed to earlier oversimplifications like Pong. As with other Konami titles of the time, it was ported to several 8-bit computer systems and video game consoles.</p>",,[],1985-11-25,False,2019-08-28T22:25:56,https://media.rawg.io/media/screenshots/69c/69cee8d973c993ce51b77c1fec5a5821.jpg,https://media.rawg.io/media/screenshots/83b/83ba26b622af31bb498ead598fd86928.jpg,,0.0,0,"[{'id': 4, 'title': 'recommended', 'count': 1, 'percent': 100.0}]",12,0,12,0,0,0,0,,,,,0,0,0,0,1,190,[],,0,0,0,,1,0f0f0f,0f0f0f,"[{'platform': {'id': 7, 'name': 'Nintendo', 'slug': 'nintendo'}}, {'platform': {'id': 10, 'name': 'Commodore / Amiga', 'slug': 'commodore-amiga'}}]","[{'platform': {'id': 10, 'name': 'Wii U', 'slug': 'wii-u', 'image': None, 'year_end': None, 'year_start': None, 'games_count': 1114, 'image_background': 'https://media.rawg.io/media/games/85c/85c8ae70e7cdf0105f06ef6bdce63b8b.jpg'}, 'released_at': '1985-11-25', 'requirements': {}}, {'platform': {'id': 11, 'name': 'Wii', 'slug': 'wii', 'image': None, 'year_end': None, 'year_start': None, 'games_count': 2209, 'image_background': 'https://media.rawg.io/media/games/9ca/9ca31615beee447f3ae1dc9b3b736dce.jpg'}, 'released_at': '1985-11-25', 'requirements': {}}, {'platform': {'id': 49, 'name': 'NES', 'slug': 'nes', 'image': None, 'year_end': None, 'year_start': None, 'games_count': 1015, 'image_background': 'https://media.rawg.io/media/games/7c5/7c50dd0415eb0a57505c58d4e50e4d24.jpg'}, 'released_at': '1985-11-25', 'requirements': {}}, {'platform': {'id': 166, 'name': 'Commodore / Amiga', 'slug': 'commodore-amiga', 'image': None, 'year_end': None, 'year_start': None, 'games_count': 2083, 'image_background': 'https://media.rawg.io/media/games/cce/cce8bebe861f295003f5a9fe5b11233f.jpg'}, 'released_at': '1985-11-25', 'requirements': {}}]",[],"[{'id': 1971, 'name': 'Konami Digital Entertainment', 'slug': 'konami-digital-entertainment', 'games_count': 467, 'image_background': 'https://media.rawg.io/media/games/d56/d56412cd670313ef306da64669c381d8.jpg'}]","[{'id': 15, 'name': 'Sports', 'slug': 'sports', 'games_count': 22123, 'image_background': 'https://media.rawg.io/media/games/5eb/5eb49eb2fa0738fdb5bacea557b1bc57.jpg'}]","[{'id': 31, 'name': 'Singleplayer', 'slug': 'singleplayer', 'language': 'eng', 'games_count': 238404, 'image_background': 'https://media.rawg.io/media/games/26d/26d4437715bee60138dab4a7c8c59c92.jpg'}, {'id': 7, 'name': 'Multiplayer', 'slug': 'multiplayer', 'language': 'eng', 'games_count': 40505, 'image_background': 'https://media.rawg.io/media/games/021/021c4e21a1824d2526f925eff6324653.jpg'}, {'id': 418, 'name': '2 players', 'slug': '2-players', 'language': 'eng', 'games_count': 1244, 'image_background': 'https://media.rawg.io/media/screenshots/f9a/f9ac59bb4af2ca2193ee9ffb979577cf.jpg'}]","[{'id': 10691, 'name': 'Konami', 'slug': 'konami', 'games_count': 788, 'image_background': 'https://media.rawg.io/media/games/85e/85e4c8a78cf9b82b5ed19262fe00c00f.jpg'}]",,,"Konami's Ping Pong is a sports arcade game created in 1985 by Konami. The game is noted as the first video game to accurately reflect the gameplay of table tennis, as opposed to earlier oversimplifications like Pong. As with other Konami titles of the time, it was ported to several 8-bit computer systems and video game consoles.",,6.0,2.0,2.0,2.0,,,,,,,,,,,,,,,,,,,0.0,
33046,world-tour-golf,World Tour Golf,World Tour Golf,"<p>World Tour Golf is a simulation-sports game developed by Electronic Arts. It was originally released in 1985. It was published by Electronic Arts. The game is rated as ""Recommended"" on RAWG. <br>World Tour Golf is available on Commodore / Amiga, Apple II and PC. </p>

<p></p>",,[],1985-01-01,False,2023-02-08T10:51:22,https://media.rawg.io/media/screenshots/1c2/1c256bb7297cf93bf4191056bab5dcab.jpg,https://media.rawg.io/media/screenshots/52e/52eafe86c0056add98d304e8a3576a73.jpg,,0.0,0,"[{'id': 4, 'title': 'recommended', 'count': 1, 'percent': 100.0}]",12,0,3,0,3,0,0,,,,,0,0,0,0,1,54,[],,0,0,0,,1,0f0f0f,0f0f0f,"[{'platform': {'id': 1, 'name': 'PC', 'slug': 'pc'}}, {'platform': {'id': 5, 'name': 'Apple Macintosh', 'slug': 'mac'}}, {'platform': {'id': 10, 'name': 'Commodore / Amiga', 'slug': 'commodore-amiga'}}]","[{'platform': {'id': 166, 'name': 'Commodore / Amiga', 'slug': 'commodore-amiga', 'image': None, 'year_end': None, 'year_start': None, 'games_count': 2083, 'image_background': 'https://media.rawg.io/media/games/cce/cce8bebe861f295003f5a9fe5b11233f.jpg'}, 'released_at': '1986-01-01', 'requirements': {}}, {'platform': {'id': 41, 'name': 'Apple II', 'slug': 'apple-ii', 'image': None, 'year_end': None, 'year_start': None, 'games_count': 424, 'image_background': 'https://media.rawg.io/media/screenshots/3d2/3d2bb57b39e2efa39d1c385585b2ea8b.jpg'}, 'released_at': '1986-01-01', 'requirements': {}}, {'platform': {'id': 4, 'name': 'PC', 'slug': 'pc', 'image': None, 'year_end': None, 'year_start': None, 'games_count': 547196, 'image_background': 'https://media.rawg.io/media/games/6fc/6fcf4cd3b17c288821388e6085bb0fc9.jpg'}, 'released_at': '1985-01-01', 'requirements': {}}]",[],"[{'id': 109, 'name': 'Electronic Arts', 'slug': 'electronic-arts', 'games_count': 318, 'image_background': 'https://media.rawg.io/media/games/979/979155841412068e7adf8c83dee94a4a.jpg'}]","[{'id': 14, 'name': 'Simulation', 'slug': 'simulation', 'games_count': 73491, 'image_background': 'https://media.rawg.io/media/games/48c/48cb04ca483be865e3a83119c94e6097.jpg'}, {'id': 15, 'name': 'Sports', 'slug': 'sports', 'games_count': 22123, 'image_background': 'https://media.rawg.io/media/games/5eb/5eb49eb2fa0738fdb5bacea557b1bc57.jpg'}]","[{'id': 31, 'name': 'Singleplayer', 'slug': 'singleplayer', 'language': 'eng', 'games_count': 238404, 'image_background': 'https://media.rawg.io/media/games/26d/26d4437715bee60138dab4a7c8c59c92.jpg'}]","[{'id': 354, 'name': 'Electronic Arts', 'slug': 'electronic-arts', 'games_count': 1332, 'image_background': 'https://media.rawg.io/media/games/45b/45b57ed59de4b84effd8f6bc4b7bf515.jpg'}]",,,,1.0,6.0,3.0,1.0,1.0,,,,,,,,,,,,,,,,,,,0.0,
56624,mail-order-monsters,Mail Order Monsters,Mail Order Monsters,"<p>Mail Order Monsters is a 1985 action-strategy computer game created by Paul Reiche III, Evan Robinson, and Nicky Robinson. It was published by Electronic Arts (Ariolasoft in Europe) for the Commodore 64 and Atari 8-bit family home computers. Players create monsters, which they can use to battle multiplayer or against computer-controlled opponents.</p>",,[],1985-01-01,False,2019-08-28T22:00:23,https://media.rawg.io/media/screenshots/79a/79a2d62ae098e539999dbe8643c712d8.jpg,https://media.rawg.io/media/screenshots/90a/90a4f8e69af78d856af619729420f81d.jpg,,0.0,0,[],12,0,5,0,1,0,0,,,,,0,0,0,0,0,168,[],,0,0,0,,0,0f0f0f,0f0f0f,"[{'platform': {'id': 9, 'name': 'Atari', 'slug': 'atari'}}, {'platform': {'id': 10, 'name': 'Commodore / Amiga', 'slug': 'commodore-amiga'}}]","[{'platform': {'id': 166, 'name': 'Commodore / Amiga', 'slug': 'commodore-amiga', 'image': None, 'year_end': None, 'year_start': None, 'games_count': 2083, 'image_background': 'https://media.rawg.io/media/games/cce/cce8bebe861f295003f5a9fe5b11233f.jpg'}, 'released_at': '1985-01-01', 'requirements': {}}, {'platform': {'id': 25, 'name': 'Atari 8-bit', 'slug': 'atari-8-bit', 'image': None, 'year_end': None, 'year_start': None, 'games_count': 308, 'image_background': 'https://media.rawg.io/media/screenshots/038/0385a47d3a43b218204268af5361a19e.jpg'}, 'released_at': '1985-01-01', 'requirements': {}}]",[],"[{'id': 27519, 'name': 'Nicky Robinson', 'slug': 'nicky-robinson', 'games_count': 1, 'image_background': 'https://media.rawg.io/media/screenshots/79a/79a2d62ae098e539999dbe8643c712d8.jpg'}, {'id': 27520, 'name': 'Paul Reiche III', 'slug': 'paul-reiche-iii', 'games_count': 1, 'image_background': 'https://media.rawg.io/media/screenshots/79a/79a2d62ae098e539999dbe8643c712d8.jpg'}, {'id': 27521, 'name': 'Evan Robinson', 'slug': 'evan-robinson', 'games_count': 1, 'image_background': 'https://media.rawg.io/media/screenshots/79a/79a2d62ae098e539999dbe8643c712d8.jpg'}]","[{'id': 4, 'name': 'Action', 'slug': 'action', 'games_count': 186608, 'image_background': 'https://media.rawg.io/media/games/618/618c2031a07bbff6b4f611f10b6bcdbc.jpg'}, {'id': 10, 'name': 'Strategy', 'slug': 'strategy', 'games_count': 59661, 'image_background': 'https://media.rawg.io/media/games/08b/08b2eee52a9876a48b955e5149affe5b.jpg'}]","[{'id': 31, 'name': 'Singleplayer', 'slug': 'singleplayer', 'language': 'eng', 'games_count': 238404, 'image_background': 'https://media.rawg.io/media/games/26d/26d4437715bee60138dab4a7c8c59c92.jpg'}, {'id': 7, 'name': 'Multiplayer', 'slug': 'multiplayer', 'language': 'eng', 'games_count': 40505, 'image_background': 'https://media.rawg.io/media/games/021/021c4e21a1824d2526f925eff6324653.jpg'}]","[{'id': 354, 'name': 'Electronic Arts', 'slug': 'electronic-arts', 'games_count': 1332, 'image_background': 'https://media.rawg.io/media/games/45b/45b57ed59de4b84effd8f6bc4b7bf515.jpg'}]",,,"Mail Order Monsters is a 1985 action-strategy computer game created by Paul Reiche III, Evan Robinson, and Nicky Robinson. It was published by Electronic Arts (Ariolasoft in Europe) for the Commodore 64 and Atari 8-bit family home computers. Players create monsters, which they can use to battle multiplayer or against computer-controlled opponents.",,6.0,2.0,3.0,1.0,,,,,,,,,,,,,,,,,,,0.0,
56432,doctor-who-and-the-mines-of-terror,Doctor Who and the Mines of Terror,Doctor Who and the Mines of Terror,"<p>Doctor Who and the Mines of Terror is a game for the Amstrad CPC, BBC Micro and Commodore 64. It was first released by Micro Power on the BBC Micro in 1985, and on the Amstrad CPC &amp; C64 in 1986.</p>",,[],1985-01-01,False,2019-01-09T12:41:06,https://media.rawg.io/media/screenshots/cfe/cfe53404facead59f6c8c83186729111.jpg,https://media.rawg.io/media/screenshots/f9f/f9fcbc6088699ec8161d50c996401445.jpg,,0.0,0,[],12,0,9,0,0,0,0,,,,,0,0,0,0,0,313,[],,0,0,0,,0,0f0f0f,0f0f0f,"[{'platform': {'id': 10, 'name': 'Commodore / Amiga', 'slug': 'commodore-amiga'}}]","[{'platform': {'id': 166, 'name': 'Commodore / Amiga', 'slug': 'commodore-amiga', 'image': None, 'year_end': None, 'year_start': None, 'games_count': 2083, 'image_background': 'https://media.rawg.io/media/games/cce/cce8bebe861f295003f5a9fe5b11233f.jpg'}, 'released_at': '1985-01-01', 'requirements': {}}]",[],"[{'id': 27433, 'name': 'Gary Partis', 'slug': 'gary-partis', 'games_count': 1, 'image_background': 'https://media.rawg.io/media/screenshots/cfe/cfe53404facead59f6c8c83186729111.jpg'}]",[],"[{'id': 3748, 'name': 'terror', 'slug': 'terror', 'language': 'eng', 'games_count': 728, 'image_background': 'https://media.rawg.io/media/screenshots/d01/d0198ca39f70aa21e58d8dfe64f317bd.jpg'}]","[{'id': 20518, 'name': 'Micro Power', 'slug': 'micro-power', 'games_count': 5, 'image_background': 'https://media.rawg.io/media/screenshots/a72/a72e06b71a90e01dfd1dcfbc867d4813.jpg'}]",,,"Doctor Who and the Mines of Terror is a game for the Amstrad CPC, BBC Micro and Commodore 64. It was first released by Micro Power on the BBC Micro in 1985, and on the Amstrad CPC & C64 in 1986.",1.0,6.0,2.0,2.0,1.0,,,,,,,,,,,,,,,,,,,0.0,
56530,gyroscope,Gyroscope,Gyroscope,"<p>Gyroscope is an action video game published by Melbourne House in 1985 for a number of home computers. It is based on the Atari arcade game Marble Madness. In fact, Melbourne House would go on to publish the official Atari ports of Marble Madness (DeLuxe Edition) for the ZX Spectrum and Amstrad CPC but these were entirely new versions, unconnected to Gyroscope (being coded by John F. Cain rather than the Catalyst Coders).</p>",,[],1985-01-01,False,2022-03-29T09:40:44,https://media.rawg.io/media/screenshots/e5a/e5ae86a761a4033675a690f503d3e86b.jpg,https://media.rawg.io/media/screenshots/ea2/ea2dc9594244828e738254b7be4ba1bb.jpg,,0.0,0,[],12,0,9,0,6,0,0,,,,,0,0,0,0,0,173,[],,0,0,0,,0,0f0f0f,0f0f0f,"[{'platform': {'id': 10, 'name': 'Commodore / Amiga', 'slug': 'commodore-amiga'}}]","[{'platform': {'id': 166, 'name': 'Commodore / Amiga', 'slug': 'commodore-amiga', 'image': None, 'year_end': None, 'year_start': None, 'games_count': 2083, 'image_background': 'https://media.rawg.io/media/games/cce/cce8bebe861f295003f5a9fe5b11233f.jpg'}, 'released_at': '1985-01-01', 'requirements': {}}]",[],"[{'id': 342194, 'name': 'Dubree', 'slug': 'dubree', 'games_count': 1, 'image_background': 'https://media.rawg.io/media/screenshots/e5a/e5ae86a761a4033675a690f503d3e86b.jpg'}, {'id': 27467, 'name': 'Catalyst Coders', 'slug': 'catalyst-coders', 'games_count': 1, 'image_background': 'https://media.rawg.io/media/screenshots/e5a/e5ae86a761a4033675a690f503d3e86b.jpg'}]","[{'id': 4, 'name': 'Action', 'slug': 'action', 'games_count': 186608, 'image_background': 'https://media.rawg.io/media/games/618/618c2031a07bbff6b4f611f10b6bcdbc.jpg'}, {'id': 11, 'name': 'Arcade', 'slug': 'arcade', 'games_count': 22658, 'image_background': 'https://media.rawg.io/media/games/556/556157feed9ee1f55f2b12b2973e30a3.jpg'}]","[{'id': 31, 'name': 'Singleplayer', 'slug': 'singleplayer', 'language': 'eng', 'games_count': 238404, 'image_background': 'https://media.rawg.io/media/games/26d/26d4437715bee60138dab4a7c8c59c92.jpg'}]","[{'id': 11640, 'name': 'Melbourne House', 'slug': 'melbourne-house', 'games_count': 20, 'image_background': 'https://media.rawg.io/media/screenshots/4b5/4b5da9777256bee3ad67ce22db580604.jpg'}, {'id': 19919, 'name': 'Krome Studios Melbourne', 'slug': 'krome-studios-melbourne', 'games_count': 14, 'image_background': 'https://media.rawg.io/media/screenshots/753/753292d5a5792dd004033f0fdada95f7.jpg'}]",,,"Gyroscope is an action video game published by Melbourne House in 1985 for a number of home computers. It is based on the Atari arcade game Marble Madness. In fact, Melbourne House would go on to publish the official Atari ports of Marble Madness (DeLuxe Edition) for the ZX Spectrum and Amstrad CPC but these were entirely new versions, unconnected to Gyroscope (being coded by John F. Cain rather than the Catalyst Coders).",,6.0,2.0,2.0,2.0,,,,,,,,,,,,,,,,,,,0.0,
54988,buggy-boy,Buggy Boy,Buggy Boy,"<p>Buggy Boy, also known as Speed Buggy, is an arcade off-road racing game developed by Tatsumi in 1985. The object of the game is to drive around one of five courses (Offroad, North, East, South or West) in the shortest time possible. Each course has five legs, each filled with obstacles such as boulders and brick walls. Points are awarded for driving through gates and collecting flags. Offroad is a closed-circuit course that takes five laps to complete while North, South, East, and West are each a strict point A to point B style course.</p>
<p>The player could also hit logs and tree stumps in order to jump the buggy over obstacles, gaining extra points while airborne. Extra points are also rewarded for driving the buggy on two wheels.</p>
<p>The original, cockpit version of the arcade cabinet had a panoramic three-screen display, a feature previously employed in TX-1. An upright, single-screen cabinet was released in 1986 under the name, Buggy Boy Junior.</p>",,[],1985-01-01,False,2019-08-28T22:01:16,https://media.rawg.io/media/screenshots/735/7356e65a227eced3b451bb75f4765629.jpg,https://media.rawg.io/media/screenshots/c4a/c4a8dc93af69c7061507cf9fef4784db.jpg,,0.0,0,"[{'id': 4, 'title': 'recommended', 'count': 2, 'percent': 100.0}]",12,0,12,0,0,0,0,,,,,0,0,0,0,2,198,[],,0,0,0,,2,0f0f0f,0f0f0f,"[{'platform': {'id': 9, 'name': 'Atari', 'slug': 'atari'}}, {'platform': {'id': 10, 'name': 'Commodore / Amiga', 'slug': 'commodore-amiga'}}]","[{'platform': {'id': 34, 'name': 'Atari ST', 'slug': 'atari-st', 'image': None, 'year_end': None, 'year_start': None, 'games_count': 836, 'image_background': 'https://media.rawg.io/media/games/637/637d7dc2f44d0f6ddd3ee2c0b1366962.jpg'}, 'released_at': '1985-01-01', 'requirements': {}}, {'platform': {'id': 166, 'name': 'Commodore / Amiga', 'slug': 'commodore-amiga', 'image': None, 'year_end': None, 'year_start': None, 'games_count': 2083, 'image_background': 'https://media.rawg.io/media/games/cce/cce8bebe861f295003f5a9fe5b11233f.jpg'}, 'released_at': '1985-01-01', 'requirements': {}}]",[],"[{'id': 26933, 'name': 'Tatsumi', 'slug': 'tatsumi', 'games_count': 1, 'image_background': 'https://media.rawg.io/media/screenshots/735/7356e65a227eced3b451bb75f4765629.jpg'}]","[{'id': 1, 'name': 'Racing', 'slug': 'racing', 'games_count': 25359, 'image_background': 'https://media.rawg.io/media/screenshots/69b/69bb243ea9896ddfc2e051b58e81624d.jpg'}]","[{'id': 31, 'name': 'Singleplayer', 'slug': 'singleplayer', 'language': 'eng', 'games_count': 238404, 'image_background': 'https://media.rawg.io/media/games/26d/26d4437715bee60138dab4a7c8c59c92.jpg'}]","[{'id': 12214, 'name': 'Data East', 'slug': 'data-east', 'games_count': 64, 'image_background': 'https://media.rawg.io/media/screenshots/765/765f5b0640d1049558d0a8cc769ba227.jpg'}, {'id': 20214, 'name': 'Tatsumi', 'slug': 'tatsumi', 'games_count': 1, 'image_background': 'https://media.rawg.io/media/screenshots/735/7356e65a227eced3b451bb75f4765629.jpg'}]",,,"Buggy Boy, also known as Speed Buggy, is an arcade off-road racing game developed by Tatsumi in 1985. The object of the game is to drive around one of five courses (Offroad, North, East, South or West) in the shortest time possible. Each course has five legs, each filled with obstacles such as boulders and brick walls. Points are awarded for driving through gates and collecting flags. Offroad is a closed-circuit course that takes five laps to complete while North, South, East, and West are each a strict point A to point B style course.
The player could also hit logs and tree stumps in order to jump the buggy over obstacles, gaining extra points while airborne. Extra points are also rewarded for driving the buggy on two wheels.
The original, cockpit version of the arcade cabinet had a panoramic three-screen display, a feature previously employed in TX-1. An upright, single-screen cabinet was released in 1986 under the name, Buggy Boy Junior.",,6.0,3.0,1.0,2.0,,,,,,,,,,,,,,,,,,,0.0,
54996,colonial-conquest-1985,Colonial Conquest (1985),Colonial Conquest (1985),"<p>Colonial Conquest is a turn-based strategy video game developed by Strategic Simulations and was released by Strategic Simulations, Inc in 1985 for Commodore 64, Atari 8-bit family and Apple II. It was ported to the Atari ST by Andromeda Software in 1987 and NEC PC-9801 in 1989.</p>
<p>A game titled Colonial Conquest II was released for Amiga in 1994, but is entirely unrelated to the original game by SSI.</p>",,[],1985-01-01,False,2019-08-28T22:26:09,https://media.rawg.io/media/screenshots/4db/4db521efeeab6fdd597e397226f3e36c.jpg,https://media.rawg.io/media/screenshots/851/8515ac40bf0d2f14baa430ffe25ce97e.jpg,,0.0,0,[],12,0,8,0,1,0,0,,,,,0,0,0,0,0,214,[],,0,0,0,,0,0f0f0f,0f0f0f,"[{'platform': {'id': 5, 'name': 'Apple Macintosh', 'slug': 'mac'}}, {'platform': {'id': 9, 'name': 'Atari', 'slug': 'atari'}}, {'platform': {'id': 10, 'name': 'Commodore / Amiga', 'slug': 'commodore-amiga'}}]","[{'platform': {'id': 25, 'name': 'Atari 8-bit', 'slug': 'atari-8-bit', 'image': None, 'year_end': None, 'year_start': None, 'games_count': 308, 'image_background': 'https://media.rawg.io/media/screenshots/038/0385a47d3a43b218204268af5361a19e.jpg'}, 'released_at': '1985-01-01', 'requirements': {}}, {'platform': {'id': 34, 'name': 'Atari ST', 'slug': 'atari-st', 'image': None, 'year_end': None, 'year_start': None, 'games_count': 836, 'image_background': 'https://media.rawg.io/media/games/637/637d7dc2f44d0f6ddd3ee2c0b1366962.jpg'}, 'released_at': '1985-01-01', 'requirements': {}}, {'platform': {'id': 41, 'name': 'Apple II', 'slug': 'apple-ii', 'image': None, 'year_end': None, 'year_start': None, 'games_count': 424, 'image_background': 'https://media.rawg.io/media/screenshots/3d2/3d2bb57b39e2efa39d1c385585b2ea8b.jpg'}, 'released_at': '1985-01-01', 'requirements': {}}, {'platform': {'id': 166, 'name': 'Commodore / Amiga', 'slug': 'commodore-amiga', 'image': None, 'year_end': None, 'year_start': None, 'games_count': 2083, 'image_background': 'https://media.rawg.io/media/games/cce/cce8bebe861f295003f5a9fe5b11233f.jpg'}, 'released_at': '1985-01-01', 'requirements': {}}]",[],"[{'id': 13148, 'name': 'Strategic Simulations', 'slug': 'strategic-simulations', 'games_count': 85, 'image_background': 'https://media.rawg.io/media/screenshots/4ce/4ce8db24d00f54368491e29b090dfba6.jpg'}]",[],"[{'id': 31, 'name': 'Singleplayer', 'slug': 'singleplayer', 'language': 'eng', 'games_count': 238404, 'image_background': 'https://media.rawg.io/media/games/26d/26d4437715bee60138dab4a7c8c59c92.jpg'}]","[{'id': 918, 'name': 'Ubisoft Entertainment', 'slug': 'ubisoft-entertainment', 'games_count': 1082, 'image_background': 'https://media.rawg.io/media/games/9f1/9f189c639f70f91166df415811a8b525.jpg'}, {'id': 19851, 'name': 'Strategic Simulations', 'slug': 'strategic-simulations', 'games_count': 113, 'image_background': 'https://media.rawg.io/media/screenshots/55c/55cd1c62d524e51467185c94839b08c4.jpg'}]",,,"Colonial Conquest is a turn-based strategy video game developed by Strategic Simulations and was released by Strategic Simulations, Inc in 1985 for Commodore 64, Atari 8-bit family and Apple II. It was ported to the Atari ST by Andromeda Software in 1987 and NEC PC-9801 in 1989.
A game titled Colonial Conquest II was released for Amiga in 1994, but is entirely unrelated to the original game by SSI.",,7.0,2.0,2.0,1.0,,,,,,,,,,,,,,,,,,,0.0,
54578,fight-night,Fight Night,Fight Night,"<p>Fight Night is a 1985 boxing video game. It was developed by Sydney Development Corporation and published by Accolade in the United States and by U.S. Gold in the United Kingdom. It was released for the Apple II, Atari 8-bit family, Atari ST, Atari 7800 and the Commodore 64.</p>
<p>The game includes both a single player mode and multiplayer mode. It includes the ability to customize the player's boxer. In total, there are five boxers to beat.</p>
<p>The Atari 8-bit version was republished on cartridge by Atari Corporation in 1987, after the release of the XEGS.</p>",,[],1985-01-01,False,2019-08-28T22:01:29,https://media.rawg.io/media/screenshots/b8a/b8a968fda5f6f534409db9ab5e4b4b01.jpg,https://media.rawg.io/media/screenshots/fe8/fe857cfb408ce4652c03bc7280a0be62.jpg,,0.0,0,"[{'id': 1, 'title': 'skip', 'count': 1, 'percent': 100.0}]",12,0,9,0,0,0,0,,,,,0,0,0,0,1,276,[],,0,0,4,,1,0f0f0f,0f0f0f,"[{'platform': {'id': 5, 'name': 'Apple Macintosh', 'slug': 'mac'}}, {'platform': {'id': 9, 'name': 'Atari', 'slug': 'atari'}}, {'platform': {'id': 10, 'name': 'Commodore / Amiga', 'slug': 'commodore-amiga'}}]","[{'platform': {'id': 166, 'name': 'Commodore / Amiga', 'slug': 'commodore-amiga', 'image': None, 'year_end': None, 'year_start': None, 'games_count': 2083, 'image_background': 'https://media.rawg.io/media/games/cce/cce8bebe861f295003f5a9fe5b11233f.jpg'}, 'released_at': '1985-01-01', 'requirements': {}}, {'platform': {'id': 28, 'name': 'Atari 7800', 'slug': 'atari-7800', 'image': None, 'year_end': None, 'year_start': None, 'games_count': 64, 'image_background': 'https://media.rawg.io/media/screenshots/565/56504b28b184dbc630a7de118e39d822.jpg'}, 'released_at': '1985-01-01', 'requirements': {}}, {'platform': {'id': 50, 'name': 'Atari XEGS', 'slug': 'atari-xegs', 'image': None, 'year_end': None, 'year_start': None, 'games_count': 22, 'image_background': 'https://media.rawg.io/media/screenshots/769/7691726d70c23c029903df08858df001.jpg'}, 'released_at': '1985-01-01', 'requirements': {}}, {'platform': {'id': 41, 'name': 'Apple II', 'slug': 'apple-ii', 'image': None, 'year_end': None, 'year_start': None, 'games_count': 424, 'image_background': 'https://media.rawg.io/media/screenshots/3d2/3d2bb57b39e2efa39d1c385585b2ea8b.jpg'}, 'released_at': '1985-01-01', 'requirements': {}}, {'platform': {'id': 25, 'name': 'Atari 8-bit', 'slug': 'atari-8-bit', 'image': None, 'year_end': None, 'year_start': None, 'games_count': 308, 'image_background': 'https://media.rawg.io/media/screenshots/038/0385a47d3a43b218204268af5361a19e.jpg'}, 'released_at': '1985-01-01', 'requirements': {}}]",[],"[{'id': 27383, 'name': 'Sydney Development', 'slug': 'sydney-development', 'games_count': 3, 'image_background': 'https://media.rawg.io/media/screenshots/33d/33dd26c542fa1990e23853e42c6b9648.jpg'}]","[{'id': 15, 'name': 'Sports', 'slug': 'sports', 'games_count': 22123, 'image_background': 'https://media.rawg.io/media/games/5eb/5eb49eb2fa0738fdb5bacea557b1bc57.jpg'}, {'id': 6, 'name': 'Fighting', 'slug': 'fighting', 'games_count': 11763, 'image_background': 'https://media.rawg.io/media/games/35b/35b47c4d85cd6e08f3e2ca43ea5ce7bb.jpg'}]","[{'id': 31, 'name': 'Singleplayer', 'slug': 'singleplayer', 'language': 'eng', 'games_count': 238404, 'image_background': 'https://media.rawg.io/media/games/26d/26d4437715bee60138dab4a7c8c59c92.jpg'}, {'id': 351, 'name': 'Two-player', 'slug': 'two-player', 'language': 'eng', 'games_count': 272, 'image_background': 'https://media.rawg.io/media/screenshots/1c1/1c1c7ba1dc364dc71e522acd045aa428.jpg'}]","[{'id': 11527, 'name': 'U.S. Gold', 'slug': 'us-gold-2', 'games_count': 95, 'image_background': 'https://media.rawg.io/media/games/eaa/eaa94a1203b9b8fdf5b01575c9e91591.jpg'}, {'id': 11540, 'name': 'Accolade', 'slug': 'accolade', 'games_count': 86, 'image_background': 'https://media.rawg.io/media/screenshots/d86/d86266847b2b502a7c22d3c67307626d.jpg'}]",,,"Fight Night is a 1985 boxing video game. It was developed by Sydney Development Corporation and published by Accolade in the United States and by U.S. Gold in the United Kingdom. It was released for the Apple II, Atari 8-bit family, Atari ST, Atari 7800 and the Commodore 64.
The game includes both a single player mode and multiplayer mode. It includes the ability to customize the player's boxer. In total, there are five boxers to beat.
The Atari 8-bit version was republished on cartridge by Atari Corporation in 1987, after the release of the XEGS.",,6.0,2.0,2.0,2.0,,,,,,,,,,,,,,,,,,,0.0,
56903,zorro-1985,Zorro (1985),Zorro (1985),"<p>Zorro is a 1985 video game written by James Garon and published by Datasoft. The game is as a puzzle platformer, where Zorro has to use items to solve puzzles while battling enemies with his sword, all to save the imprisoned senorita. Versions were released for the Apple II, Atari 8-bit family, Commodore 64, Amstrad CPC. A ZX Spectrum port was published in 1986 by U.S. Gold.</p>",,[],1985-01-01,False,2019-08-28T22:00:14,https://media.rawg.io/media/screenshots/665/665977c11192ad3c09a1cda9aaa1272f.jpg,https://media.rawg.io/media/screenshots/9c8/9c87e50fd7c051197bacd24b9798e7c8.jpg,,0.0,0,"[{'id': 5, 'title': 'exceptional', 'count': 1, 'percent': 100.0}]",12,0,10,0,1,0,0,,,,,0,0,0,0,1,247,[],,0,0,0,,1,0f0f0f,0f0f0f,"[{'platform': {'id': 5, 'name': 'Apple Macintosh', 'slug': 'mac'}}, {'platform': {'id': 9, 'name': 'Atari', 'slug': 'atari'}}, {'platform': {'id': 10, 'name': 'Commodore / Amiga', 'slug': 'commodore-amiga'}}]","[{'platform': {'id': 166, 'name': 'Commodore / Amiga', 'slug': 'commodore-amiga', 'image': None, 'year_end': None, 'year_start': None, 'games_count': 2083, 'image_background': 'https://media.rawg.io/media/games/cce/cce8bebe861f295003f5a9fe5b11233f.jpg'}, 'released_at': '1985-01-01', 'requirements': {}}, {'platform': {'id': 25, 'name': 'Atari 8-bit', 'slug': 'atari-8-bit', 'image': None, 'year_end': None, 'year_start': None, 'games_count': 308, 'image_background': 'https://media.rawg.io/media/screenshots/038/0385a47d3a43b218204268af5361a19e.jpg'}, 'released_at': '1985-01-01', 'requirements': {}}, {'platform': {'id': 41, 'name': 'Apple II', 'slug': 'apple-ii', 'image': None, 'year_end': None, 'year_start': None, 'games_count': 424, 'image_background': 'https://media.rawg.io/media/screenshots/3d2/3d2bb57b39e2efa39d1c385585b2ea8b.jpg'}, 'released_at': '1985-01-01', 'requirements': {}}]",[],"[{'id': 15600, 'name': 'Datasoft', 'slug': 'datasoft', 'games_count': 6, 'image_background': 'https://media.rawg.io/media/screenshots/2ca/2caee4c3c5124729d6abb81446763c47.jpg'}]","[{'id': 83, 'name': 'Platformer', 'slug': 'platformer', 'games_count': 100869, 'image_background': 'https://media.rawg.io/media/games/f8c/f8c6a262ead4c16b47e1219310210eb3.jpg'}]","[{'id': 31, 'name': 'Singleplayer', 'slug': 'singleplayer', 'language': 'eng', 'games_count': 238404, 'image_background': 'https://media.rawg.io/media/games/26d/26d4437715bee60138dab4a7c8c59c92.jpg'}]","[{'id': 11527, 'name': 'U.S. Gold', 'slug': 'us-gold-2', 'games_count': 95, 'image_background': 'https://media.rawg.io/media/games/eaa/eaa94a1203b9b8fdf5b01575c9e91591.jpg'}, {'id': 12080, 'name': 'Datasoft', 'slug': 'datasoft', 'games_count': 12, 'image_background': 'https://media.rawg.io/media/screenshots/665/665977c11192ad3c09a1cda9aaa1272f.jpg'}]",,,"Zorro is a 1985 video game written by James Garon and published by Datasoft. The game is as a puzzle platformer, where Zorro has to use items to solve puzzles while battling enemies with his sword, all to save the imprisoned senorita. Versions were released for the Apple II, Atari 8-bit family, Commodore 64, Amstrad CPC. A ZX Spectrum port was published in 1986 by U.S. Gold.",,6.0,3.0,2.0,1.0,,,,,,,,,,,,,,,,,,,0.0,
56868,under-fire,Under Fire!,Under Fire!,"<p>Under Fire! is a tactical level computer game released by Avalon Hill's computer division in 1985. The game was released for Apple II, Commodore 64, and MS-DOS systems. Initial packaging had the name of the designer, Ralph H. Bosson, over the title on the box front so as to read Ralph Bosson's UNDER FIRE!, but subsequent packaging replaced his name and read Avalon Hill's UNDER FIRE! instead. The C64 port was by Dyadic Software Associates.</p>
<p>The game was not billed as a computer version of Squad Leader, though it did bear some similarities in that players commanded roughly company sized forces. Only three maps were available for play. The game was unique in that for each of the nine scenarios, victory was not declared at game's end. A results screen would show losses in men and equipment, and list possession of objectives, leaving the determination of ""victory"" to the player.</p>
<p>An Extended Capabilities Disk was sold by Avalon Hill also, adding 56 more US, German and Russian assault guns and tanks to the game, as well as providing Japanese, British and Italian forces, with two additional maps and six more scenarios. A Second Extended Capabilities Disk also underwent initial development, bringing a campaign layer to the game, increasing the speed of play, and making use of 64K of additional memory (where available).</p>",,[],1985-01-01,False,2023-02-08T10:51:23,https://media.rawg.io/media/screenshots/1a5/1a558fbf0619cb056a5ff220bfc25f1d.jpg,https://media.rawg.io/media/screenshots/0c3/0c31630de8faeccace0e99059fd77e50.jpg,,0.0,0,"[{'id': 4, 'title': 'recommended', 'count': 1, 'percent': 100.0}]",12,0,5,0,0,0,0,,,,,0,0,0,0,1,119,[],,0,0,0,,1,0f0f0f,0f0f0f,"[{'platform': {'id': 1, 'name': 'PC', 'slug': 'pc'}}, {'platform': {'id': 5, 'name': 'Apple Macintosh', 'slug': 'mac'}}, {'platform': {'id': 10, 'name': 'Commodore / Amiga', 'slug': 'commodore-amiga'}}]","[{'platform': {'id': 166, 'name': 'Commodore / Amiga', 'slug': 'commodore-amiga', 'image': None, 'year_end': None, 'year_start': None, 'games_count': 2083, 'image_background': 'https://media.rawg.io/media/games/cce/cce8bebe861f295003f5a9fe5b11233f.jpg'}, 'released_at': '1985-01-01', 'requirements': {}}, {'platform': {'id': 41, 'name': 'Apple II', 'slug': 'apple-ii', 'image': None, 'year_end': None, 'year_start': None, 'games_count': 424, 'image_background': 'https://media.rawg.io/media/screenshots/3d2/3d2bb57b39e2efa39d1c385585b2ea8b.jpg'}, 'released_at': '1985-01-01', 'requirements': {}}, {'platform': {'id': 4, 'name': 'PC', 'slug': 'pc', 'image': None, 'year_end': None, 'year_start': None, 'games_count': 547196, 'image_background': 'https://media.rawg.io/media/games/6fc/6fcf4cd3b17c288821388e6085bb0fc9.jpg'}, 'released_at': '1985-01-01', 'requirements': {}}]",[],"[{'id': 27639, 'name': 'Avalon Hill', 'slug': 'avalon-hill', 'games_count': 1, 'image_background': 'https://media.rawg.io/media/screenshots/1a5/1a558fbf0619cb056a5ff220bfc25f1d.jpg'}]",[],"[{'id': 31, 'name': 'Singleplayer', 'slug': 'singleplayer', 'language': 'eng', 'games_count': 238404, 'image_background': 'https://media.rawg.io/media/games/26d/26d4437715bee60138dab4a7c8c59c92.jpg'}]","[{'id': 12136, 'name': 'Avalon Hill', 'slug': 'avalon-hill', 'games_count': 7, 'image_background': 'https://media.rawg.io/media/screenshots/b0e/b0eb33376b97262e17780480bd1857b6.jpg'}]",,,"Under Fire! is a tactical level computer game released by Avalon Hill's computer division in 1985. The game was released for Apple II, Commodore 64, and MS-DOS systems. Initial packaging had the name of the designer, Ralph H. Bosson, over the title on the box front so as to read Ralph Bosson's UNDER FIRE!, but subsequent packaging replaced his name and read Avalon Hill's UNDER FIRE! instead. The C64 port was by Dyadic Software Associates.
The game was not billed as a computer version of Squad Leader, though it did bear some similarities in that players commanded roughly company sized forces. Only three maps were available for play. The game was unique in that for each of the nine scenarios, victory was not declared at game's end. A results screen would show losses in men and equipment, and list possession of objectives, leaving the determination of ""victory"" to the player.
An Extended Capabilities Disk was sold by Avalon Hill also, adding 56 more US, German and Russian assault guns and tanks to the game, as well as providing Japanese, British and Italian forces, with two additional maps and six more scenarios. A Second Extended Capabilities Disk also underwent initial development, bringing a campaign layer to the game, increasing the speed of play, and making use of 64K of additional memory (where available).",1.0,5.0,3.0,2.0,1.0,,,,,,,,,,,,,,,,,,,0.0,
368955,field-combat,Field Combat,Field Combat,"<p>Field Combat is an action game developed by Tose. It was originally released in 1985. Jaleco Entertainment published the game. The game is rated as ""Meh"" on RAWG. <br>Field Combat is available on NES. </p>

<p></p>",,[],1985-07-09,False,2022-08-18T15:28:33,https://media.rawg.io/media/screenshots/5de/5de721f3786e59fcb013329561b03637.jpg,https://media.rawg.io/media/screenshots/e05/e0514899c29c5ecc1c8e42eeb4f52794.jpg,,0.0,0,"[{'id': 3, 'title': 'meh', 'count': 2, 'percent': 66.67}, {'id': 4, 'title': 'recommended', 'count': 1, 'percent': 33.33}]",11,0,3,0,0,0,0,,,,,0,0,0,0,3,62,[],,0,0,0,,3,0f0f0f,0f0f0f,"[{'platform': {'id': 7, 'name': 'Nintendo', 'slug': 'nintendo'}}]","[{'platform': {'id': 49, 'name': 'NES', 'slug': 'nes', 'image': None, 'year_end': None, 'year_start': None, 'games_count': 1015, 'image_background': 'https://media.rawg.io/media/games/7c5/7c50dd0415eb0a57505c58d4e50e4d24.jpg'}, 'released_at': '1985-07-09', 'requirements': {}}]",[],"[{'id': 18965, 'name': 'Tose', 'slug': 'tose', 'games_count': 104, 'image_background': 'https://media.rawg.io/media/screenshots/b99/b99368acaff24dbda444f4ed613fedd1.jpg'}]","[{'id': 4, 'name': 'Action', 'slug': 'action', 'games_count': 186608, 'image_background': 'https://media.rawg.io/media/games/618/618c2031a07bbff6b4f611f10b6bcdbc.jpg'}]",[],"[{'id': 12010, 'name': 'Jaleco Entertainment', 'slug': 'jaleco-entertainment', 'games_count': 32, 'image_background': 'https://media.rawg.io/media/screenshots/d55/d55174d0c83e54496c3dbfc4da5cce37.jpg'}]",,,,,5.0,2.0,,4.0,,,,,,,,,,,,,,,,,,,0.0,
56364,bounces,Bounces,Bounces,"<p>Bounces is a 1985 sports/fighting game released for the Commodore 64 and ZX Spectrum.</p>
<p>Points are scored by catching and throwing the bouncing ball into a goal, or by knocking the opponent out with the ball or hand-to-hand combat. Each contestant is hampered by being attached to the wall by a length of elastic.</p>",,[],1985-01-01,False,2019-08-28T22:00:31,https://media.rawg.io/media/screenshots/24a/24a4449dc064cf1a693cb67900339d72.jpg,https://media.rawg.io/media/screenshots/eda/eda32d45932ef5be301a24bc41c3c80b.jpg,,0.0,0,[],11,0,8,0,0,0,0,,,,,0,0,0,0,0,232,[],,0,0,0,,0,0f0f0f,0f0f0f,"[{'platform': {'id': 10, 'name': 'Commodore / Amiga', 'slug': 'commodore-amiga'}}]","[{'platform': {'id': 166, 'name': 'Commodore / Amiga', 'slug': 'commodore-amiga', 'image': None, 'year_end': None, 'year_start': None, 'games_count': 2083, 'image_background': 'https://media.rawg.io/media/games/cce/cce8bebe861f295003f5a9fe5b11233f.jpg'}, 'released_at': '1985-01-01', 'requirements': {}}]",[],"[{'id': 14738, 'name': 'Denton Designs', 'slug': 'denton-designs', 'games_count': 9, 'image_background': 'https://media.rawg.io/media/screenshots/07a/07a025fe6e7d16c0a049ee63ee1293ac.jpg'}]","[{'id': 15, 'name': 'Sports', 'slug': 'sports', 'games_count': 22123, 'image_background': 'https://media.rawg.io/media/games/5eb/5eb49eb2fa0738fdb5bacea557b1bc57.jpg'}, {'id': 6, 'name': 'Fighting', 'slug': 'fighting', 'games_count': 11763, 'image_background': 'https://media.rawg.io/media/games/35b/35b47c4d85cd6e08f3e2ca43ea5ce7bb.jpg'}]","[{'id': 31, 'name': 'Singleplayer', 'slug': 'singleplayer', 'language': 'eng', 'games_count': 238404, 'image_background': 'https://media.rawg.io/media/games/26d/26d4437715bee60138dab4a7c8c59c92.jpg'}, {'id': 418, 'name': '2 players', 'slug': '2-players', 'language': 'eng', 'games_count': 1244, 'image_background': 'https://media.rawg.io/media/screenshots/f9a/f9ac59bb4af2ca2193ee9ffb979577cf.jpg'}]","[{'id': 20501, 'name': 'Beyond ‑ Challenging Software', 'slug': 'beyond-challenging-software', 'games_count': 1, 'image_background': 'https://media.rawg.io/media/screenshots/24a/24a4449dc064cf1a693cb67900339d72.jpg'}]",,,"Bounces is a 1985 sports/fighting game released for the Commodore 64 and ZX Spectrum.
Points are scored by catching and throwing the bouncing ball into a goal, or by knocking the opponent out with the ball or hand-to-hand combat. Each contestant is hampered by being attached to the wall by a length of elastic.",,6.0,2.0,2.0,1.0,,,,,,,,,,,,,,,,,,,0.0,
56362,bored-of-the-rings,Bored of the Rings,Bored of the Rings,"<p>Bored of the Rings is a text adventure game released by Delta 4 in 1985 for several computer systems written using The Quill. It was also released by CRL Group. The game is inspired by, but not based on, the Bored of the Rings parody novel published by Harvard Lampoon. The earlier game The Hobbit is also parodied. It was followed by a prequel in the same spirit, The Boggit.</p>",,[],1985-01-01,False,2019-08-28T22:00:31,https://media.rawg.io/media/screenshots/0af/0af24479b2a5fa9c2eebd5b5398ae387.jpg,https://media.rawg.io/media/screenshots/b96/b965acda458e0a6ee49d2b1b1fdf8be7.jpg,,0.0,0,[],11,0,9,0,1,0,0,,,,,0,0,0,0,0,180,[],,0,0,0,,0,0f0f0f,0f0f0f,"[{'platform': {'id': 10, 'name': 'Commodore / Amiga', 'slug': 'commodore-amiga'}}]","[{'platform': {'id': 166, 'name': 'Commodore / Amiga', 'slug': 'commodore-amiga', 'image': None, 'year_end': None, 'year_start': None, 'games_count': 2083, 'image_background': 'https://media.rawg.io/media/games/cce/cce8bebe861f295003f5a9fe5b11233f.jpg'}, 'released_at': '1985-01-01', 'requirements': {}}]",[],"[{'id': 27403, 'name': 'Delta 4', 'slug': 'delta-4', 'games_count': 4, 'image_background': 'https://media.rawg.io/media/screenshots/67a/67a3323ff74f188e0e21b443c01477bc.jpg'}]",[],"[{'id': 31, 'name': 'Singleplayer', 'slug': 'singleplayer', 'language': 'eng', 'games_count': 238404, 'image_background': 'https://media.rawg.io/media/games/26d/26d4437715bee60138dab4a7c8c59c92.jpg'}]","[{'id': 20289, 'name': 'CRL Group', 'slug': 'crl-group', 'games_count': 12, 'image_background': 'https://media.rawg.io/media/screenshots/48a/48a78f92a96ad5870bb0fcc1e705ccc4.jpg'}]",,,"Bored of the Rings is a text adventure game released by Delta 4 in 1985 for several computer systems written using The Quill. It was also released by CRL Group. The game is inspired by, but not based on, the Bored of the Rings parody novel published by Harvard Lampoon. The earlier game The Hobbit is also parodied. It was followed by a prequel in the same spirit, The Boggit.",,6.0,2.0,2.0,1.0,,,,,,,,,,,,,,,,,,,0.0,
56390,citadel-1985,Citadel (1985),Citadel (1985),"<p>For the 1989 video game, see Citadel: Adventure of the Crystal Keep. For the 2013 video game, see Citadels (video game).</p>
<p>Citadel is a computer game developed for the BBC Micro and released by Superior Software in 1985. It was also ported to the Acorn Electron. A platform game with some puzzle solving elements, the game's plot involves finding five crystals hidden in various locations in a large castle, together with areas outside it (including a wasteland, a pyramid, a sea and an island) and returning them to their rightful place.</p>
<p>Upon returning the crystals, the player must teleport to a separate set of locations to complete the game. Once the game is completed, the player is left free to roam the castle in order to achieve the maximum possible score if they have not done so already. The only way to see the final congratulatory message is to reach 99 points.</p>
<p>Citadel was unusual at the time for playing synthesized speech before loading the main game (in part to advertise Superior Software's ""Speech!"" programme package), as well as having other special effects advanced for the time, such as splashing water sounds.</p>",,[],1985-01-01,False,2019-08-28T22:00:31,https://media.rawg.io/media/screenshots/90b/90bd23027daeeb725832dbcf41e85fa6.jpg,https://media.rawg.io/media/screenshots/71b/71bbc03c49b3ce4d004bb5e07ad3e099.jpg,,0.0,0,[],11,0,8,0,1,0,0,,,,,0,0,0,0,0,207,[],,0,0,0,,0,0f0f0f,0f0f0f,"[{'platform': {'id': 10, 'name': 'Commodore / Amiga', 'slug': 'commodore-amiga'}}]","[{'platform': {'id': 166, 'name': 'Commodore / Amiga', 'slug': 'commodore-amiga', 'image': None, 'year_end': None, 'year_start': None, 'games_count': 2083, 'image_background': 'https://media.rawg.io/media/games/cce/cce8bebe861f295003f5a9fe5b11233f.jpg'}, 'released_at': '1985-01-01', 'requirements': {}}]",[],"[{'id': 27092, 'name': 'Superior Software', 'slug': 'superior-software', 'games_count': 3, 'image_background': 'https://media.rawg.io/media/screenshots/90b/90bd23027daeeb725832dbcf41e85fa6.jpg'}]","[{'id': 7, 'name': 'Puzzle', 'slug': 'puzzle', 'games_count': 97333, 'image_background': 'https://media.rawg.io/media/games/9f4/9f418898f5415668ca47b5f4ab1ecfeb.jpg'}]","[{'id': 31, 'name': 'Singleplayer', 'slug': 'singleplayer', 'language': 'eng', 'games_count': 238404, 'image_background': 'https://media.rawg.io/media/games/26d/26d4437715bee60138dab4a7c8c59c92.jpg'}]","[{'id': 19408, 'name': 'Superior Software', 'slug': 'superior-software', 'games_count': 20, 'image_background': 'https://media.rawg.io/media/screenshots/c5f/c5f8bbb01493ed77a498f4fc25dc3234.jpg'}]",,,"For the 1989 video game, see Citadel: Adventure of the Crystal Keep. For the 2013 video game, see Citadels (video game).
Citadel is a computer game developed for the BBC Micro and released by Superior Software in 1985. It was also ported to the Acorn Electron. A platform game with some puzzle solving elements, the game's plot involves finding five crystals hidden in various locations in a large castle, together with areas outside it (including a wasteland, a pyramid, a sea and an island) and returning them to their rightful place.
Upon returning the crystals, the player must teleport to a separate set of locations to complete the game. Once the game is completed, the player is left free to roam the castle in order to achieve the maximum possible score if they have not done so already. The only way to see the final congratulatory message is to reach 99 points.
Citadel was unusual at the time for playing synthesized speech before loading the main game (in part to advertise Superior Software's ""Speech!"" programme package), as well as having other special effects advanced for the time, such as splashing water sounds.",,6.0,2.0,2.0,1.0,,,,,,,,,,,,,,,,,,,0.0,
56370,brian-jacks-superstar-challenge,Brian Jacks Superstar Challenge,Brian Jacks Superstar Challenge,"<p>Brian Jacks Superstar Challenge is a 1985 sports simulation game released for various home computers by Martech, licensed by British sportsman, Brian Jacks. It was released for systems including the Commodore 64, BBC Micro, and Acorn Electron.</p>",,[],1985-01-01,False,2019-01-09T12:41:06,https://media.rawg.io/media/screenshots/b8c/b8cf1ba6f7af838ef1579a80fdea0d8f.jpg,https://media.rawg.io/media/screenshots/980/980c8a00466b7510590c89971919ba5e.jpg,,0.0,0,[],11,0,9,0,0,0,0,,,,,0,0,0,0,0,285,[],,0,0,0,,0,0f0f0f,0f0f0f,"[{'platform': {'id': 10, 'name': 'Commodore / Amiga', 'slug': 'commodore-amiga'}}]","[{'platform': {'id': 166, 'name': 'Commodore / Amiga', 'slug': 'commodore-amiga', 'image': None, 'year_end': None, 'year_start': None, 'games_count': 2083, 'image_background': 'https://media.rawg.io/media/games/cce/cce8bebe861f295003f5a9fe5b11233f.jpg'}, 'released_at': '1985-01-01', 'requirements': {}}]",[],"[{'id': 27130, 'name': 'Martech', 'slug': 'martech', 'games_count': 3, 'image_background': 'https://media.rawg.io/media/screenshots/11b/11b3c0748c025bba6f60814fab6698b1.jpg'}]",[],"[{'id': 1863, 'name': 'challenge', 'slug': 'challenge', 'language': 'eng', 'games_count': 12762, 'image_background': 'https://media.rawg.io/media/games/19e/19ea8efb10fcbcf1b9c60729d510ed14.jpg'}]",[],,,"Brian Jacks Superstar Challenge is a 1985 sports simulation game released for various home computers by Martech, licensed by British sportsman, Brian Jacks. It was released for systems including the Commodore 64, BBC Micro, and Acorn Electron.",,6.0,2.0,2.0,1.0,,,,,,,,,,,,,,,,,,,0.0,
56730,the-rats,The Rats,The Rats,"<p>The Rats is a government simulation game and survival horror text adventure game that runs on the Commodore 64 and ZX Spectrum computers. It is based on the novel of the same name by James Herbert. The game was programmed by GXT (Five Ways Software), and published by Hodder &amp; Stoughton, who were the publishers of James Herbert's book The Rats. An Amstrad CPC version was planned, but was never released.</p>",,[],1985-01-01,False,2019-08-28T22:00:19,https://media.rawg.io/media/screenshots/37f/37fa58812747c3be78a4ab2b48f3bd2a.jpg,https://media.rawg.io/media/screenshots/e3a/e3a795b416c8182076484e13631830ef.jpg,,0.0,0,"[{'id': 3, 'title': 'meh', 'count': 1, 'percent': 100.0}]",11,0,7,0,0,0,0,,,,,0,0,0,0,1,141,[],,0,0,0,,1,0f0f0f,0f0f0f,"[{'platform': {'id': 10, 'name': 'Commodore / Amiga', 'slug': 'commodore-amiga'}}]","[{'platform': {'id': 166, 'name': 'Commodore / Amiga', 'slug': 'commodore-amiga', 'image': None, 'year_end': None, 'year_start': None, 'games_count': 2083, 'image_background': 'https://media.rawg.io/media/games/cce/cce8bebe861f295003f5a9fe5b11233f.jpg'}, 'released_at': '1985-01-01', 'requirements': {}}]",[],"[{'id': 27568, 'name': 'GXT', 'slug': 'gxt-five-ways-software', 'games_count': 1, 'image_background': 'https://media.rawg.io/media/screenshots/37f/37fa58812747c3be78a4ab2b48f3bd2a.jpg'}, {'id': 27569, 'name': 'Hodder & Stoughton', 'slug': 'hodder-stoughton', 'games_count': 1, 'image_background': 'https://media.rawg.io/media/screenshots/37f/37fa58812747c3be78a4ab2b48f3bd2a.jpg'}]",[],"[{'id': 31, 'name': 'Singleplayer', 'slug': 'singleplayer', 'language': 'eng', 'games_count': 238404, 'image_background': 'https://media.rawg.io/media/games/26d/26d4437715bee60138dab4a7c8c59c92.jpg'}]","[{'id': 20602, 'name': 'Hodder & Stoughton', 'slug': 'hodder-stoughton', 'games_count': 1, 'image_background': 'https://media.rawg.io/media/screenshots/37f/37fa58812747c3be78a4ab2b48f3bd2a.jpg'}]",,,"The Rats is a government simulation game and survival horror text adventure game that runs on the Commodore 64 and ZX Spectrum computers. It is based on the novel of the same name by James Herbert. The game was programmed by GXT (Five Ways Software), and published by Hodder & Stoughton, who were the publishers of James Herbert's book The Rats. An Amstrad CPC version was planned, but was never released.",,5.0,2.0,2.0,2.0,,,,,,,,,,,,,,,,,,,0.0,
56710,critical-mass-1985,Critical Mass (1985),Critical Mass (1985),"<p>Critical Mass (known as Power! in North America) is a computer game developed by Simon Francis in 1985 for the Amstrad CPC, Commodore 64 and ZX Spectrum.</p>",,[],1985-01-01,False,2019-01-09T12:41:06,https://media.rawg.io/media/screenshots/336/336134aaee67986661ca7c77683150bb.jpg,https://media.rawg.io/media/screenshots/314/314f3202a9a22cd223da637f4a33e6da.jpg,,0.0,0,[],11,0,9,0,0,0,0,,,,,0,0,0,0,0,198,[],,0,0,0,,0,0f0f0f,0f0f0f,"[{'platform': {'id': 10, 'name': 'Commodore / Amiga', 'slug': 'commodore-amiga'}}]","[{'platform': {'id': 166, 'name': 'Commodore / Amiga', 'slug': 'commodore-amiga', 'image': None, 'year_end': None, 'year_start': None, 'games_count': 2083, 'image_background': 'https://media.rawg.io/media/games/cce/cce8bebe861f295003f5a9fe5b11233f.jpg'}, 'released_at': '1985-01-01', 'requirements': {}}]",[],"[{'id': 10590, 'name': 'Accolade', 'slug': 'accolade', 'games_count': 53, 'image_background': 'https://media.rawg.io/media/screenshots/cbb/cbb8ad6d2e0647a003c0dc3b254f3b19.jpg'}, {'id': 27375, 'name': 'Simon Francis', 'slug': 'simon-francis', 'games_count': 2, 'image_background': 'https://media.rawg.io/media/screenshots/336/336134aaee67986661ca7c77683150bb.jpg'}]","[{'id': 4, 'name': 'Action', 'slug': 'action', 'games_count': 186608, 'image_background': 'https://media.rawg.io/media/games/618/618c2031a07bbff6b4f611f10b6bcdbc.jpg'}]",[],"[{'id': 12020, 'name': 'Durell Software', 'slug': 'durell-software', 'games_count': 6, 'image_background': 'https://media.rawg.io/media/screenshots/2ad/2addfda33dac77dd659fd3276a7aa8dd.jpg'}]",,,"Critical Mass (known as Power! in North America) is a computer game developed by Simon Francis in 1985 for the Amstrad CPC, Commodore 64 and ZX Spectrum.",,6.0,2.0,2.0,1.0,,,,,,,,,,,,,,,,,,,0.0,
56402,confuzion,Confuzion,Confuzion,"<p>Confuzion is a puzzle game developed and published by Incentive Software for the ZX Spectrum, Commodore 64, BBC Micro, and Acorn Electron. The object is to guide a spark along a fuse wire. It is similar to the 1982 arcade game Loco-Motion. Confuzion was written by Paul Shirley who later wrote Spindizzy.</p>",,[],1985-01-01,False,2019-08-28T22:25:58,https://media.rawg.io/media/screenshots/885/885ef2a81df4623673ed14e906bf4eb7.jpg,https://media.rawg.io/media/screenshots/75c/75c4ee051fc1d010a4c91c484f487e53.jpg,,0.0,0,[],11,0,9,0,2,0,0,,,,,0,0,0,0,0,156,[],,0,0,0,,0,0f0f0f,0f0f0f,"[{'platform': {'id': 10, 'name': 'Commodore / Amiga', 'slug': 'commodore-amiga'}}]","[{'platform': {'id': 166, 'name': 'Commodore / Amiga', 'slug': 'commodore-amiga', 'image': None, 'year_end': None, 'year_start': None, 'games_count': 2083, 'image_background': 'https://media.rawg.io/media/games/cce/cce8bebe861f295003f5a9fe5b11233f.jpg'}, 'released_at': '1985-01-01', 'requirements': {}}]",[],"[{'id': 14939, 'name': 'Incentive Software', 'slug': 'incentive-software', 'games_count': 7, 'image_background': 'https://media.rawg.io/media/screenshots/0b3/0b32ebcc0421cd78cc774d1cc476e020.jpg'}]","[{'id': 7, 'name': 'Puzzle', 'slug': 'puzzle', 'games_count': 97333, 'image_background': 'https://media.rawg.io/media/games/9f4/9f418898f5415668ca47b5f4ab1ecfeb.jpg'}]","[{'id': 31, 'name': 'Singleplayer', 'slug': 'singleplayer', 'language': 'eng', 'games_count': 238404, 'image_background': 'https://media.rawg.io/media/games/26d/26d4437715bee60138dab4a7c8c59c92.jpg'}]","[{'id': 20198, 'name': 'Incentive Software', 'slug': 'incentive-software', 'games_count': 8, 'image_background': 'https://media.rawg.io/media/screenshots/885/885ef2a81df4623673ed14e906bf4eb7.jpg'}]",,,"Confuzion is a puzzle game developed and published by Incentive Software for the ZX Spectrum, Commodore 64, BBC Micro, and Acorn Electron. The object is to guide a spark along a fuse wire. It is similar to the 1982 arcade game Loco-Motion. Confuzion was written by Paul Shirley who later wrote Spindizzy.",,6.0,2.0,2.0,1.0,,,,,,,,,,,,,,,,,,,0.0,
56472,fairlight,Fairlight,Fairlight,"<p>Fairlight is an isometric projection arcade adventure video game developed by Bo Jangeborg and Jack Wilkes at EDGE Games and released in 1985. Developed in seven months, Jangeborg created the GRAX game engine using some prior code and components from his earlier project, graphics package The Artist. Wilkes contributed art assets towards the game, including enemy sprites and the title screen. The game was well received critically and commercially, selling over 50,000 copies, a sequel Fairlight II was released in 1986.</p>
<p>The game revolves around the protagonist Isvar, and his quest to find the Book of Light for the court sorcerer, in order for them to escape Castle Avars.</p>
<p>The ZX Spectrum version was one of the first (along with Technician Ted) to have an interactive loader - instead of the usual yellow/blue loading bars, a counter at the bottom of the screen ran backwards indicating how long until the game had loaded.</p>",,[],1985-01-01,False,2019-08-28T22:25:57,https://media.rawg.io/media/screenshots/34e/34ed96f3aedbbb607a92fc4ec996c8a3.jpg,https://media.rawg.io/media/screenshots/03d/03dfb15867f1248ea74673b202cf2fe5.jpg,,0.0,0,"[{'id': 4, 'title': 'recommended', 'count': 1, 'percent': 100.0}]",11,0,9,0,7,0,0,,,,,0,0,0,0,1,227,[],,0,0,0,,1,0f0f0f,0f0f0f,"[{'platform': {'id': 10, 'name': 'Commodore / Amiga', 'slug': 'commodore-amiga'}}]","[{'platform': {'id': 166, 'name': 'Commodore / Amiga', 'slug': 'commodore-amiga', 'image': None, 'year_end': None, 'year_start': None, 'games_count': 2083, 'image_background': 'https://media.rawg.io/media/games/cce/cce8bebe861f295003f5a9fe5b11233f.jpg'}, 'released_at': '1985-01-01', 'requirements': {}}]",[],"[{'id': 26956, 'name': 'Edge Games', 'slug': 'edge-games', 'games_count': 7, 'image_background': 'https://media.rawg.io/media/screenshots/aee/aeef1f723baecc0969a64a5d53a1715d.jpg'}, {'id': 27449, 'name': 'Bo Jangeborg', 'slug': 'bo-jangeborg', 'games_count': 1, 'image_background': 'https://media.rawg.io/media/screenshots/34e/34ed96f3aedbbb607a92fc4ec996c8a3.jpg'}]",[],"[{'id': 31, 'name': 'Singleplayer', 'slug': 'singleplayer', 'language': 'eng', 'games_count': 238404, 'image_background': 'https://media.rawg.io/media/games/26d/26d4437715bee60138dab4a7c8c59c92.jpg'}]","[{'id': 20228, 'name': 'Edge Games', 'slug': 'edge-games', 'games_count': 9, 'image_background': 'https://media.rawg.io/media/screenshots/54f/54f9e984187bb6676249fd71e73d3794.jpg'}]",,,"Fairlight is an isometric projection arcade adventure video game developed by Bo Jangeborg and Jack Wilkes at EDGE Games and released in 1985. Developed in seven months, Jangeborg created the GRAX game engine using some prior code and components from his earlier project, graphics package The Artist. Wilkes contributed art assets towards the game, including enemy sprites and the title screen. The game was well received critically and commercially, selling over 50,000 copies, a sequel Fairlight II was released in 1986.
The game revolves around the protagonist Isvar, and his quest to find the Book of Light for the court sorcerer, in order for them to escape Castle Avars.
The ZX Spectrum version was one of the first (along with Technician Ted) to have an interactive loader - instead of the usual yellow/blue loading bars, a counter at the bottom of the screen ran backwards indicating how long until the game had loaded.",,5.0,2.0,2.0,2.0,,,,,,,,,,,,,,,,,,,0.0,
56655,motos,Motos,Motos,"<p>Motos (モトス, Motosu) is an arcade game that was released by Namco on September 20, 1985. It runs on Namco Super Pac-Man hardware but with a video system like that used in Mappy, The Tower of Druaga, Grobda (without the DAC) and Dig Dug II.</p>",,[],1985-09-20,False,2019-01-09T12:41:06,https://media.rawg.io/media/screenshots/502/50298e89f31afbb08a938722b73e07c6.jpg,https://media.rawg.io/media/screenshots/ea0/ea0ae89c2c379b8cd7564d84b2ca428c.jpg,,0.0,0,[],11,0,8,0,0,0,0,,,,,0,0,0,0,0,246,[],,0,0,0,,0,0f0f0f,0f0f0f,"[{'platform': {'id': 10, 'name': 'Commodore / Amiga', 'slug': 'commodore-amiga'}}]","[{'platform': {'id': 166, 'name': 'Commodore / Amiga', 'slug': 'commodore-amiga', 'image': None, 'year_end': None, 'year_start': None, 'games_count': 2083, 'image_background': 'https://media.rawg.io/media/games/cce/cce8bebe861f295003f5a9fe5b11233f.jpg'}, 'released_at': '1985-09-20', 'requirements': {}}]",[],"[{'id': 10055, 'name': 'NAMCO', 'slug': 'namco', 'games_count': 127, 'image_background': 'https://media.rawg.io/media/games/2ff/2ff5b06428e4b016f3b79cf299bd6596.jpg'}, {'id': 26996, 'name': 'Dempa', 'slug': 'dempa', 'games_count': 5, 'image_background': 'https://media.rawg.io/media/games/b21/b21555abc69d04d9b5d7663d478ca81e.jpg'}, {'id': 14928, 'name': 'Mastertronic', 'slug': 'mastertronic', 'games_count': 7, 'image_background': 'https://media.rawg.io/media/screenshots/eaf/eaf8bef129cf1b5229e0c3f2264e123b.jpg'}]","[{'id': 4, 'name': 'Action', 'slug': 'action', 'games_count': 186608, 'image_background': 'https://media.rawg.io/media/games/618/618c2031a07bbff6b4f611f10b6bcdbc.jpg'}]","[{'id': 418, 'name': '2 players', 'slug': '2-players', 'language': 'eng', 'games_count': 1244, 'image_background': 'https://media.rawg.io/media/screenshots/f9a/f9ac59bb4af2ca2193ee9ffb979577cf.jpg'}, {'id': 348, 'name': 'alternating turns', 'slug': 'alternating-turns', 'language': 'eng', 'games_count': 64, 'image_background': 'https://media.rawg.io/media/games/6f8/6f8fb1e98393f72b47f1f909d5b649d4.jpg'}]","[{'id': 10901, 'name': 'Namco', 'slug': 'namco', 'games_count': 215, 'image_background': 'https://media.rawg.io/media/games/fc5/fc503876ca1ca34e160e88671af86e88.jpg'}]",,,"Motos (モトス, Motosu) is an arcade game that was released by Namco on September 20, 1985. It runs on Namco Super Pac-Man hardware but with a video system like that used in Mappy, The Tower of Druaga, Grobda (without the DAC) and Dig Dug II.",,6.0,2.0,2.0,1.0,,,,,,,,,,,,,,,,,,,0.0,
56453,the-eidolon,The Eidolon,The Eidolon,"<p>The Eidolon was one of two games that were part of Lucasfilm Games' second wave in December 1985. The other was Koronis Rift. Both took advantage of the fractal technology developed for Rescue on Fractalus!, further enhancing it. In The Eidolon, Rescue's fractal mountains were turned upside down and became the inside of a cave.</p>
<p>In addition to common cassette formats, the Atari and Commodore C64 versions of the game were supplied on a flippy disk. One side had the Atari version, and the other had the Commodore 64 version. The Atari version required an XL/XE with 64kB or more memory.</p>",,[],1985-01-01,False,2019-08-28T22:25:58,https://media.rawg.io/media/screenshots/60b/60b37cfff9a6707d512b043badb58756.jpg,https://media.rawg.io/media/screenshots/163/1630e16100f3d77d806a753654d87172.jpg,,0.0,0,[],11,0,14,0,2,0,0,,,,,0,0,0,0,0,230,[],,0,0,0,,0,0f0f0f,0f0f0f,"[{'platform': {'id': 5, 'name': 'Apple Macintosh', 'slug': 'mac'}}, {'platform': {'id': 9, 'name': 'Atari', 'slug': 'atari'}}, {'platform': {'id': 10, 'name': 'Commodore / Amiga', 'slug': 'commodore-amiga'}}]","[{'platform': {'id': 166, 'name': 'Commodore / Amiga', 'slug': 'commodore-amiga', 'image': None, 'year_end': None, 'year_start': None, 'games_count': 2083, 'image_background': 'https://media.rawg.io/media/games/cce/cce8bebe861f295003f5a9fe5b11233f.jpg'}, 'released_at': '1985-01-01', 'requirements': {}}, {'platform': {'id': 25, 'name': 'Atari 8-bit', 'slug': 'atari-8-bit', 'image': None, 'year_end': None, 'year_start': None, 'games_count': 308, 'image_background': 'https://media.rawg.io/media/screenshots/038/0385a47d3a43b218204268af5361a19e.jpg'}, 'released_at': '1985-01-01', 'requirements': {}}, {'platform': {'id': 41, 'name': 'Apple II', 'slug': 'apple-ii', 'image': None, 'year_end': None, 'year_start': None, 'games_count': 424, 'image_background': 'https://media.rawg.io/media/screenshots/3d2/3d2bb57b39e2efa39d1c385585b2ea8b.jpg'}, 'released_at': '1985-01-01', 'requirements': {}}]",[],"[{'id': 14443, 'name': 'LucasArts Entertainment', 'slug': 'lucasarts-entertainment', 'games_count': 89, 'image_background': 'https://media.rawg.io/media/screenshots/c7c/c7cec66d0ef731f891e413fc4c5dfa74.jpg'}, {'id': 13290, 'name': 'Lucasfilm', 'slug': 'lucasfilm', 'games_count': 43, 'image_background': 'https://media.rawg.io/media/screenshots/101/1015fe740ce5654eb97c9140f6da3c3e.jpg'}]","[{'id': 3, 'name': 'Adventure', 'slug': 'adventure', 'games_count': 146481, 'image_background': 'https://media.rawg.io/media/games/b6b/b6b20bfc4b34e312dbc8aac53c95a348.jpg'}]","[{'id': 31, 'name': 'Singleplayer', 'slug': 'singleplayer', 'language': 'eng', 'games_count': 238404, 'image_background': 'https://media.rawg.io/media/games/26d/26d4437715bee60138dab4a7c8c59c92.jpg'}]","[{'id': 10830, 'name': 'Activision Blizzard', 'slug': 'activision-blizzard', 'games_count': 691, 'image_background': 'https://media.rawg.io/media/games/445/44507fdd60a8ec02b1c3c64a293ca754.jpg'}, {'id': 11929, 'name': 'Epyx', 'slug': 'epyx', 'games_count': 44, 'image_background': 'https://media.rawg.io/media/screenshots/189/1890b76089fc24b04ca7ce2fc3299274.jpg'}]",,,"The Eidolon was one of two games that were part of Lucasfilm Games' second wave in December 1985. The other was Koronis Rift. Both took advantage of the fractal technology developed for Rescue on Fractalus!, further enhancing it. In The Eidolon, Rescue's fractal mountains were turned upside down and became the inside of a cave.
In addition to common cassette formats, the Atari and Commodore C64 versions of the game were supplied on a flippy disk. One side had the Atari version, and the other had the Commodore 64 version. The Atari version required an XL/XE with 64kB or more memory.",,5.0,2.0,3.0,1.0,,,,,,,,,,,,,,,,,,,0.0,
56721,racing-destruction-set,Racing Destruction Set,Racing Destruction Set,"<p>Racing Destruction Set is a car racing and motocross computer game published in 1985 by Electronic Arts. It was developed for the Commodore 64, and advertised as being Commodore 128 compatible. A version for the Atari 8-bit family of computers was also released. The game allows players to design and race on tracks with a variety of vehicles.</p>",,[],1985-01-01,False,2019-08-28T22:00:20,https://media.rawg.io/media/screenshots/f4b/f4b8e0b7e42013d1051cca8ce9c55df9.jpg,https://media.rawg.io/media/screenshots/947/94772f6bba0fef139d7edbb9125e02d0.jpg,,0.0,0,"[{'id': 4, 'title': 'recommended', 'count': 1, 'percent': 100.0}]",11,0,7,0,1,0,0,,,,,0,0,0,0,1,132,[],,0,0,0,,1,0f0f0f,0f0f0f,"[{'platform': {'id': 9, 'name': 'Atari', 'slug': 'atari'}}, {'platform': {'id': 10, 'name': 'Commodore / Amiga', 'slug': 'commodore-amiga'}}]","[{'platform': {'id': 166, 'name': 'Commodore / Amiga', 'slug': 'commodore-amiga', 'image': None, 'year_end': None, 'year_start': None, 'games_count': 2083, 'image_background': 'https://media.rawg.io/media/games/cce/cce8bebe861f295003f5a9fe5b11233f.jpg'}, 'released_at': '1985-01-01', 'requirements': {}}, {'platform': {'id': 25, 'name': 'Atari 8-bit', 'slug': 'atari-8-bit', 'image': None, 'year_end': None, 'year_start': None, 'games_count': 308, 'image_background': 'https://media.rawg.io/media/screenshots/038/0385a47d3a43b218204268af5361a19e.jpg'}, 'released_at': '1985-01-01', 'requirements': {}}]",[],[],"[{'id': 1, 'name': 'Racing', 'slug': 'racing', 'games_count': 25359, 'image_background': 'https://media.rawg.io/media/screenshots/69b/69bb243ea9896ddfc2e051b58e81624d.jpg'}]","[{'id': 31, 'name': 'Singleplayer', 'slug': 'singleplayer', 'language': 'eng', 'games_count': 238404, 'image_background': 'https://media.rawg.io/media/games/26d/26d4437715bee60138dab4a7c8c59c92.jpg'}, {'id': 7, 'name': 'Multiplayer', 'slug': 'multiplayer', 'language': 'eng', 'games_count': 40505, 'image_background': 'https://media.rawg.io/media/games/021/021c4e21a1824d2526f925eff6324653.jpg'}, {'id': 418, 'name': '2 players', 'slug': '2-players', 'language': 'eng', 'games_count': 1244, 'image_background': 'https://media.rawg.io/media/screenshots/f9a/f9ac59bb4af2ca2193ee9ffb979577cf.jpg'}]","[{'id': 354, 'name': 'Electronic Arts', 'slug': 'electronic-arts', 'games_count': 1332, 'image_background': 'https://media.rawg.io/media/games/45b/45b57ed59de4b84effd8f6bc4b7bf515.jpg'}, {'id': 19708, 'name': 'Ariolasoft', 'slug': 'ariolasoft', 'games_count': 19, 'image_background': 'https://media.rawg.io/media/screenshots/f4b/f4b8e0b7e42013d1051cca8ce9c55df9.jpg'}]",,,"Racing Destruction Set is a car racing and motocross computer game published in 1985 by Electronic Arts. It was developed for the Commodore 64, and advertised as being Commodore 128 compatible. A version for the Atari 8-bit family of computers was also released. The game allows players to design and race on tracks with a variety of vehicles.",,6.0,2.0,2.0,1.0,,,,,,,,,,,,,,,,,,,0.0,
56714,project-space-station,Project Space Station,Project Space Station,"<p>Project Space Station is a game published in 1985 by HESware, originally written for the Commodore 64 home computer, then ported to the Apple II series and PC compatibles.</p>",,[],1985-01-01,False,2023-02-08T10:51:28,https://media.rawg.io/media/screenshots/b9a/b9ade0aead5283ecb79fdac4a15e4857.jpg,https://media.rawg.io/media/screenshots/34b/34b900bf2fe1d0c8f7509ea458b9a07f.jpg,,0.0,0,[],11,0,9,0,0,0,0,,,,,0,0,0,0,0,249,[],,0,0,0,,0,0f0f0f,0f0f0f,"[{'platform': {'id': 1, 'name': 'PC', 'slug': 'pc'}}, {'platform': {'id': 5, 'name': 'Apple Macintosh', 'slug': 'mac'}}, {'platform': {'id': 10, 'name': 'Commodore / Amiga', 'slug': 'commodore-amiga'}}]","[{'platform': {'id': 166, 'name': 'Commodore / Amiga', 'slug': 'commodore-amiga', 'image': None, 'year_end': None, 'year_start': None, 'games_count': 2083, 'image_background': 'https://media.rawg.io/media/games/cce/cce8bebe861f295003f5a9fe5b11233f.jpg'}, 'released_at': '1985-01-01', 'requirements': {}}, {'platform': {'id': 41, 'name': 'Apple II', 'slug': 'apple-ii', 'image': None, 'year_end': None, 'year_start': None, 'games_count': 424, 'image_background': 'https://media.rawg.io/media/screenshots/3d2/3d2bb57b39e2efa39d1c385585b2ea8b.jpg'}, 'released_at': '1985-01-01', 'requirements': {}}, {'platform': {'id': 4, 'name': 'PC', 'slug': 'pc', 'image': None, 'year_end': None, 'year_start': None, 'games_count': 547196, 'image_background': 'https://media.rawg.io/media/games/6fc/6fcf4cd3b17c288821388e6085bb0fc9.jpg'}, 'released_at': '1985-01-01', 'requirements': {}}]",[],"[{'id': 27558, 'name': 'HESware', 'slug': 'hesware', 'games_count': 1, 'image_background': 'https://media.rawg.io/media/screenshots/b9a/b9ade0aead5283ecb79fdac4a15e4857.jpg'}]","[{'id': 14, 'name': 'Simulation', 'slug': 'simulation', 'games_count': 73491, 'image_background': 'https://media.rawg.io/media/games/48c/48cb04ca483be865e3a83119c94e6097.jpg'}]","[{'id': 31, 'name': 'Singleplayer', 'slug': 'singleplayer', 'language': 'eng', 'games_count': 238404, 'image_background': 'https://media.rawg.io/media/games/26d/26d4437715bee60138dab4a7c8c59c92.jpg'}]","[{'id': 20547, 'name': 'HESware', 'slug': 'hesware', 'games_count': 3, 'image_background': 'https://media.rawg.io/media/screenshots/b9a/b9ade0aead5283ecb79fdac4a15e4857.jpg'}]",,,"Project Space Station is a game published in 1985 by HESware, originally written for the Commodore 64 home computer, then ported to the Apple II series and PC compatibles.",1.0,5.0,2.0,2.0,1.0,,,,,,,,,,,,,,,,,,,0.0,
56847,time-tunnel,Time Tunnel,Time Tunnel,"<p>Time Tunnel is a computer game for the Commodore 64. The aim of the game is to teleport between different ages to solve puzzles, find ""The Seven Scriptures"" and become King of the Gnomes. The different locations you move between in the game are:</p>
<ul><li>The Gnome Mansion, where the time machine is assembled</li>
<li>Stone Age, 9600 BC</li>
<li>Magical Persia, 893 BC</li>
<li>Mythological Greece, 86 BC</li>
<li>Colonial Salem, Massachusetts, 1692 AD</li>
<li>California Gold Rush, 1849 AD</li>
<li>Intergalactic Spaceship, 3456 AD</li>
<li>The Black Hole, 9999 AD</li>
</ul>",,[],1985-01-01,False,2019-08-28T22:00:16,https://media.rawg.io/media/screenshots/87a/87a77bbbb54550d9c69a4a1718d09e1f.jpg,https://media.rawg.io/media/screenshots/cb5/cb574995e2ad1a4092244246cb939c63.jpg,,0.0,0,[],11,0,8,0,0,0,0,,,,,0,0,0,0,0,110,[],,0,0,0,,0,0f0f0f,0f0f0f,"[{'platform': {'id': 10, 'name': 'Commodore / Amiga', 'slug': 'commodore-amiga'}}]","[{'platform': {'id': 166, 'name': 'Commodore / Amiga', 'slug': 'commodore-amiga', 'image': None, 'year_end': None, 'year_start': None, 'games_count': 2083, 'image_background': 'https://media.rawg.io/media/games/cce/cce8bebe861f295003f5a9fe5b11233f.jpg'}, 'released_at': '1985-01-01', 'requirements': {}}]",[],"[{'id': 27623, 'name': 'Applied Systems Engineering', 'slug': 'applied-systems-engineering-inc', 'games_count': 1, 'image_background': 'https://media.rawg.io/media/screenshots/87a/87a77bbbb54550d9c69a4a1718d09e1f.jpg'}]","[{'id': 3, 'name': 'Adventure', 'slug': 'adventure', 'games_count': 146481, 'image_background': 'https://media.rawg.io/media/games/b6b/b6b20bfc4b34e312dbc8aac53c95a348.jpg'}]","[{'id': 31, 'name': 'Singleplayer', 'slug': 'singleplayer', 'language': 'eng', 'games_count': 238404, 'image_background': 'https://media.rawg.io/media/games/26d/26d4437715bee60138dab4a7c8c59c92.jpg'}]","[{'id': 11501, 'name': 'US Gold', 'slug': 'us-gold', 'games_count': 2, 'image_background': 'https://media.rawg.io/media/screenshots/4be/4be4b7a9ccf9169081b6a07f79ef25cd.jpg'}]",,,"Time Tunnel is a computer game for the Commodore 64. The aim of the game is to teleport between different ages to solve puzzles, find ""The Seven Scriptures"" and become King of the Gnomes. The different locations you move between in the game are:
The Gnome Mansion, where the time machine is assembled
Stone Age, 9600 BC
Magical Persia, 893 BC
Mythological Greece, 86 BC
Colonial Salem, Massachusetts, 1692 AD
California Gold Rush, 1849 AD
Intergalactic Spaceship, 3456 AD
The Black Hole, 9999 AD",,5.0,2.0,3.0,1.0,,,,,,,,,,,,,,,,,,,0.0,
264683,lot-lot,Lot Lot,Lot Lot,"<p>Lot Lot is a puzzle game. It came out on 21-12-1985. Most rawgers rated the game as ""Meh"". <br>Lot Lot is available on NES. </p>

<p></p>",,[],1985-12-21,False,2022-08-18T15:39:01,https://media.rawg.io/media/screenshots/bf5/bf564fb4f064a8b4d2474a87af7dfe34.jpg,https://media.rawg.io/media/screenshots/bc2/bc251d7fd89d8cad0e5b1395a98edc04.jpg,,0.0,0,"[{'id': 3, 'title': 'meh', 'count': 2, 'percent': 66.67}, {'id': 4, 'title': 'recommended', 'count': 1, 'percent': 33.33}]",11,0,2,0,0,0,0,,,,,0,0,0,0,3,28,[],,0,0,0,,3,0f0f0f,0f0f0f,"[{'platform': {'id': 7, 'name': 'Nintendo', 'slug': 'nintendo'}}]","[{'platform': {'id': 49, 'name': 'NES', 'slug': 'nes', 'image': None, 'year_end': None, 'year_start': None, 'games_count': 1015, 'image_background': 'https://media.rawg.io/media/games/7c5/7c50dd0415eb0a57505c58d4e50e4d24.jpg'}, 'released_at': '1985-12-21', 'requirements': {}}]",[],[],"[{'id': 7, 'name': 'Puzzle', 'slug': 'puzzle', 'games_count': 97333, 'image_background': 'https://media.rawg.io/media/games/9f4/9f418898f5415668ca47b5f4ab1ecfeb.jpg'}]",[],[],,,,,6.0,3.0,1.0,1.0,,,,,,,,,,,,,,,,,,,0.0,
56435,dough-boy,Dough Boy,Dough Boy,"<p>Doughboy (ダウ・ボーイ, Dauboi) is a Commodore 64 video game by Ken Coates released in North America in 1984. A direct port for the Famicom was released in Japan in 1985 with the spelling changed to Dough Boy.</p>
<p>Doughboy is a nickname given to American soldiers during the First World War because they would often rush into battle while wearing white dust on them; this originated in the Mexican-American War of 1848 when they had to march through the deserts of northern Mexico.</p>",,[],1985-12-11,False,2019-08-28T22:00:29,https://media.rawg.io/media/screenshots/7b5/7b5d23f65718fc508970819cccc7867c.jpg,https://media.rawg.io/media/screenshots/e8a/e8ab83bed0260aaa3fde2c5cbc29a4e9.jpg,,0.0,0,"[{'id': 4, 'title': 'recommended', 'count': 1, 'percent': 100.0}]",11,0,8,0,1,0,0,,,,,0,0,0,0,1,90,[],,0,0,0,,1,0f0f0f,0f0f0f,"[{'platform': {'id': 7, 'name': 'Nintendo', 'slug': 'nintendo'}}, {'platform': {'id': 10, 'name': 'Commodore / Amiga', 'slug': 'commodore-amiga'}}]","[{'platform': {'id': 166, 'name': 'Commodore / Amiga', 'slug': 'commodore-amiga', 'image': None, 'year_end': None, 'year_start': None, 'games_count': 2083, 'image_background': 'https://media.rawg.io/media/games/cce/cce8bebe861f295003f5a9fe5b11233f.jpg'}, 'released_at': '1985-12-11', 'requirements': {}}, {'platform': {'id': 49, 'name': 'NES', 'slug': 'nes', 'image': None, 'year_end': None, 'year_start': None, 'games_count': 1015, 'image_background': 'https://media.rawg.io/media/games/7c5/7c50dd0415eb0a57505c58d4e50e4d24.jpg'}, 'released_at': '1985-12-11', 'requirements': {}}]",[],"[{'id': 27063, 'name': 'Synapse Software', 'slug': 'synapse-software', 'games_count': 7, 'image_background': 'https://media.rawg.io/media/screenshots/7b5/7b5d23f65718fc508970819cccc7867c.jpg'}]","[{'id': 4, 'name': 'Action', 'slug': 'action', 'games_count': 186608, 'image_background': 'https://media.rawg.io/media/games/618/618c2031a07bbff6b4f611f10b6bcdbc.jpg'}]","[{'id': 31, 'name': 'Singleplayer', 'slug': 'singleplayer', 'language': 'eng', 'games_count': 238404, 'image_background': 'https://media.rawg.io/media/games/26d/26d4437715bee60138dab4a7c8c59c92.jpg'}, {'id': 7, 'name': 'Multiplayer', 'slug': 'multiplayer', 'language': 'eng', 'games_count': 40505, 'image_background': 'https://media.rawg.io/media/games/021/021c4e21a1824d2526f925eff6324653.jpg'}]","[{'id': 5725, 'name': 'KEMCO', 'slug': 'kemco', 'games_count': 160, 'image_background': 'https://media.rawg.io/media/screenshots/f98/f98fd57fa9240bec6e4811f5d4fb704b.jpg'}, {'id': 20192, 'name': 'Synapse Software', 'slug': 'synapse-software', 'games_count': 11, 'image_background': 'https://media.rawg.io/media/screenshots/7b5/7b5d23f65718fc508970819cccc7867c.jpg'}]",,,"Doughboy (ダウ・ボーイ, Dauboi) is a Commodore 64 video game by Ken Coates released in North America in 1984. A direct port for the Famicom was released in Japan in 1985 with the spelling changed to Dough Boy.
Doughboy is a nickname given to American soldiers during the First World War because they would often rush into battle while wearing white dust on them; this originated in the Mexican-American War of 1848 when they had to march through the deserts of northern Mexico.",,6.0,2.0,2.0,1.0,,,,,,,,,,,,,,,,,,,0.0,
34526,master-blaster,Master Blaster,Master Blaster,"The Universe is threatened by the mighty <strong>LORD CHAOSBRINGER</strong>, a primeval entity who has unleashed its chaotic hordes of elemental forces. The Universe needs <strong>YOU </strong>to defeat the forces of chaos and <strong>CLAIM THE TITLE</strong> of the <strong>MASTER BLASTER</strong>. Your journey will be difficult but fulfilling… Here is what you should be expecting:<h3>Blasting Action</h3><ul><li><strong>AIM </strong>and <strong>SHOOT </strong>your blasters against attacking hordes of elemental particles. <br/></li><li>Avoid, or take advantage of <strong>OBSTACLES </strong>and <strong>HAZARDS</strong>. <br/></li><li>Deal with unexpected air hockey-inspired <strong>PHYSICS </strong>behaviors and make them work for you, or they will not!</li></ul><h3>Campaign Mode: Explore - Upgrade - Eliminate</h3><ul><li>8 Galaxies to <strong>EXPLORE </strong> with <strong>50 Levels</strong> of gameplay.<br/></li><li>Power-up by completing levels and earning powerful <strong>REWARDS</strong>. By becoming stronger you will <strong>UNLOCK</strong> new Star Systems.<br/></li><li>Make it to the<strong> FINAL battle</strong> against Lord Chaosbringer and <strong>save the universe</strong>!</li></ul><h3>Survival Mode: Aim for the High-Score and dominate the leaderboard</h3><ul><li>Survive <strong>INFINITE</strong> Waves of chaotic attacks for as long as you can. <br/></li><li><strong>Each Run is UNIQUE,</strong> so only your skills and smart selection of power-ups can keep you in the game. <br/></li><li>Fallen <strong>CHAMPIONS </strong>will enter their <strong>NAME and SCORE</strong> in the Master Blaster’s <strong>STEAM LEADERBOARD</strong> (and earn bragging rights among their friends!)</li></ul><h3>Upgrade and Manage your Resources</h3><ul><li><strong>UPGRADE</strong> your Energy Capacitors to make your attacks even more effective and spectacular! <br/></li><li><strong>UPGRADE</strong> your Resilience to improve your resistance to enemy attacks.<br/></li><li>Utilize <strong>Special Shooting TACTICS</strong> to Regenerate your Energy and Resilience. <br/></li><li>Earn meaningful <strong>REWARDS </strong>to reduce energy <strong>COSTS </strong>and enhance <strong>REGENERATION </strong>abilities.</li></ul><h3>Improve your Blastery!</h3><ul><li>Learn how to use <strong>COMBOS </strong>of Powerblasts, Collisions and Deflections to maximize the effect of your <strong>Shooting</strong>, while <strong>Regenerating </strong>your Energy and Resilience too! <br/></li><li>Sharpen your reflexes in <strong>PRECISION</strong> challenges that will test your <strong>AIM and COORDINATION</strong> skills!</li></ul><h3>Tips and Tricks:</h3><ul><li>The game is <strong>optimized for CONTROLLERS</strong>. If your have one, use it!<br/></li><li>Watch out for your <strong>ENERGY</strong> levels and<strong> prioritize to UPGRADE</strong> early on.<br/></li><li>Charge-up your shots (<strong>POWERBLASTING</strong>) to maximize Energy <strong>REGENERATION</strong> and <strong>SCORE</strong>!<br/></li><li><strong>STRATEGIZE</strong> your shots to amplify their effect versus energy cost. For example, you can regenerate your Resilience, get a power-up and do multiple kills with a single shot!<br/></li><li>Stay calm and <strong>ENJOY Master Blaster!</strong></li></ul><br/>",,[],1985-01-01,False,2024-08-02T16:33:26,https://media.rawg.io/media/screenshots/b2e/b2e2c73b2708522cac0f7a4c4f6b2030.jpg,,https://www.lostcabinetgames.com/,0.0,0,"[{'id': 5, 'title': 'exceptional', 'count': 1, 'percent': 100.0}]",11,0,1,0,0,0,0,,,,,0,0,0,0,1,27,[],,0,0,0,,1,0f0f0f,0f0f0f,"[{'platform': {'id': 1, 'name': 'PC', 'slug': 'pc'}}]","[{'platform': {'id': 4, 'name': 'PC', 'slug': 'pc', 'image': None, 'year_end': None, 'year_start': None, 'games_count': 547196, 'image_background': 'https://media.rawg.io/media/games/6fc/6fcf4cd3b17c288821388e6085bb0fc9.jpg'}, 'released_at': '2024-07-31', 'requirements': {'minimum': 'Minimum:\nRequires a 64-bit processor and operating system\nOS: Windows 10\nProcessor: AMD Ryzen 5 2600 / Intel Core i3-10100\nMemory: 4 GB RAM\nGraphics: AMD Radeon RX 580 / NVIDIA GeForce GTX 1660\nStorage: 2 GB available space', 'recommended': 'Recommended:\nRequires a 64-bit processor and operating system\nOS: Windows 10\nProcessor: AMD Ryzen 5 3600 / Intel Core i5-10400\nMemory: 4 GB RAM\nGraphics: AMD Radeon RX 580 / NVIDIA GeForce GTX 1660\nStorage: 2 GB available space'}}]","[{'id': 987295, 'url': '', 'store': {'id': 1, 'name': 'Steam', 'slug': 'steam', 'domain': 'store.steampowered.com', 'games_count': 110181, 'image_background': 'https://media.rawg.io/media/games/7fa/7fa0b586293c5861ee32490e953a4996.jpg'}}]","[{'id': 16731, 'name': 'Silly', 'slug': 'silly', 'games_count': 1, 'image_background': 'https://media.rawg.io/media/screenshots/b2e/b2e2c73b2708522cac0f7a4c4f6b2030.jpg'}, {'id': 454556, 'name': 'Lost Cabinet Games', 'slug': 'lost-cabinet-games', 'games_count': 1, 'image_background': 'https://media.rawg.io/media/screenshots/b2e/b2e2c73b2708522cac0f7a4c4f6b2030.jpg'}]","[{'id': 4, 'name': 'Action', 'slug': 'action', 'games_count': 186608, 'image_background': 'https://media.rawg.io/media/games/618/618c2031a07bbff6b4f611f10b6bcdbc.jpg'}, {'id': 11, 'name': 'Arcade', 'slug': 'arcade', 'games_count': 22658, 'image_background': 'https://media.rawg.io/media/games/556/556157feed9ee1f55f2b12b2973e30a3.jpg'}, {'id': 40, 'name': 'Casual', 'slug': 'casual', 'games_count': 61303, 'image_background': 'https://media.rawg.io/media/games/e44/e445335e611b4ccf03af71fffcbd30a4.jpg'}, {'id': 51, 'name': 'Indie', 'slug': 'indie', 'games_count': 76957, 'image_background': 'https://media.rawg.io/media/games/dd5/dd50d4266915d56dd5b63ae1bf72606a.jpg'}]","[{'id': 31, 'name': 'Singleplayer', 'slug': 'singleplayer', 'language': 'eng', 'games_count': 238404, 'image_background': 'https://media.rawg.io/media/games/26d/26d4437715bee60138dab4a7c8c59c92.jpg'}, {'id': 40847, 'name': 'Steam Achievements', 'slug': 'steam-achievements', 'language': 'eng', 'games_count': 45058, 'image_background': 'https://media.rawg.io/media/games/310/3106b0e012271c5ffb16497b070be739.jpg'}, {'id': 40849, 'name': 'Steam Cloud', 'slug': 'steam-cloud', 'language': 'eng', 'games_count': 21821, 'image_background': 'https://media.rawg.io/media/games/490/49016e06ae2103881ff6373248843069.jpg'}, {'id': 13, 'name': 'Atmospheric', 'slug': 'atmospheric', 'language': 'eng', 'games_count': 36707, 'image_background': 'https://media.rawg.io/media/games/b7d/b7d3f1715fa8381a4e780173a197a615.jpg'}, {'id': 32, 'name': 'Sci-fi', 'slug': 'sci-fi', 'language': 'eng', 'games_count': 20746, 'image_background': 'https://media.rawg.io/media/games/198/1988a337305e008b41d7f536ce9b73f6.jpg'}, {'id': 40845, 'name': 'Partial Controller Support', 'slug': 'partial-controller-support', 'language': 'eng', 'games_count': 12999, 'image_background': 'https://media.rawg.io/media/games/587/587588c64afbff80e6f444eb2e46f9da.jpg'}, {'id': 40850, 'name': 'Steam Leaderboards', 'slug': 'steam-leaderboards', 'language': 'eng', 'games_count': 7726, 'image_background': 'https://media.rawg.io/media/games/1fb/1fb1c5f7a71d771f440b27ce7f71e7eb.jpg'}, {'id': 115, 'name': 'Controller', 'slug': 'controller', 'language': 'eng', 'games_count': 13461, 'image_background': 'https://media.rawg.io/media/games/85c/85c8ae70e7cdf0105f06ef6bdce63b8b.jpg'}, {'id': 41, 'name': 'Dark', 'slug': 'dark', 'language': 'eng', 'games_count': 17353, 'image_background': 'https://media.rawg.io/media/games/4fb/4fb548e4816c84d1d70f1a228fb167cc.jpg'}, {'id': 571, 'name': '3D', 'slug': '3d', 'language': 'eng', 'games_count': 89061, 'image_background': 'https://media.rawg.io/media/games/acc/acc3de7aaa850ad998d49b15f8901e23.jpg'}, {'id': 114, 'name': 'Physics', 'slug': 'physics', 'language': 'eng', 'games_count': 20513, 'image_background': 'https://media.rawg.io/media/games/a3c/a3c529a12c896c0ef02db5b4741de2ba.jpg'}, {'id': 243, 'name': ""1990's"", 'slug': '1990s', 'language': 'eng', 'games_count': 3376, 'image_background': 'https://media.rawg.io/media/games/a3f/a3fb21a739b6abf7ceee3dead89a73d7.jpg'}, {'id': 56, 'name': ""Shoot 'Em Up"", 'slug': 'shoot-em-up', 'language': 'eng', 'games_count': 11985, 'image_background': 'https://media.rawg.io/media/screenshots/5e9/5e996586e4fe42611462193cafbaa75e.jpg'}, {'id': 171, 'name': 'PvE', 'slug': 'pve', 'language': 'eng', 'games_count': 6589, 'image_background': 'https://media.rawg.io/media/games/4fe/4feffcec6315c5f5a96442a8444431ca.jpg'}, {'id': 57, 'name': 'Bullet Hell', 'slug': 'bullet-hell', 'language': 'eng', 'games_count': 10007, 'image_background': 'https://media.rawg.io/media/games/5a4/5a44112251d70a25291cc33757220fce.jpg'}, {'id': 224, 'name': '1980s', 'slug': '1980s', 'language': 'eng', 'games_count': 3001, 'image_background': 'https://media.rawg.io/media/games/64a/64a7789943fe9f9d9c93f3a286ee7b20.jpg'}, {'id': 295, 'name': 'Soundtrack', 'slug': 'soundtrack', 'language': 'eng', 'games_count': 3191, 'image_background': 'https://media.rawg.io/media/games/4c0/4c00f2f0436cde8c5eaecbf7607aff7c.jpg'}, {'id': 91686, 'name': 'Family Sharing', 'slug': 'family-sharing', 'language': 'eng', 'games_count': 17571, 'image_background': 'https://media.rawg.io/media/screenshots/af2/af2ecc6d854efd19e3591c61136f9a44.jpg'}, {'id': 54, 'name': 'Score Attack', 'slug': 'score-attack', 'language': 'eng', 'games_count': 4884, 'image_background': 'https://media.rawg.io/media/screenshots/d38/d3857bf3217f7b30b5e71d4c1963793b.jpg'}, {'id': 570, 'name': 'Old School', 'slug': 'old-school', 'language': 'eng', 'games_count': 4421, 'image_background': 'https://media.rawg.io/media/games/261/261f147b8cbe9fed2da8d81a1bb52d68.jpg'}, {'id': 146, 'name': 'Nonlinear', 'slug': 'nonlinear', 'language': 'eng', 'games_count': 2164, 'image_background': 'https://media.rawg.io/media/games/3d9/3d9a3ea11db2de2c85083e8fd7f3bb15.jpg'}, {'id': 5700, 'name': 'hockey', 'slug': 'hockey', 'language': 'eng', 'games_count': 473, 'image_background': 'https://media.rawg.io/media/screenshots/8cd/8cdcf8db42bcca645f2abfc8ecad845c.jpg'}, {'id': 264, 'name': 'Pool', 'slug': 'pool', 'language': 'eng', 'games_count': 210, 'image_background': 'https://media.rawg.io/media/screenshots/091/09187159e32b3008d5686c832d1f9767.jpg'}]","[{'id': 12895, 'name': 'Silly', 'slug': 'silly', 'games_count': 1, 'image_background': 'https://media.rawg.io/media/screenshots/b2e/b2e2c73b2708522cac0f7a4c4f6b2030.jpg'}, {'id': 77631, 'name': 'Lost Cabinet Games', 'slug': 'lost-cabinet-games', 'games_count': 1, 'image_background': 'https://media.rawg.io/media/screenshots/b2e/b2e2c73b2708522cac0f7a4c4f6b2030.jpg'}]",,,"The Universe is threatened by the mighty LORD CHAOSBRINGER, a primeval entity who has unleashed its chaotic hordes of elemental forces. The Universe needs YOU to defeat the forces of chaos and CLAIM THE TITLE of the MASTER BLASTER. Your journey will be difficult but fulfilling… Here is what you should be expecting:Blasting ActionAIM and SHOOT your blasters against attacking hordes of elemental particles.
Avoid, or take advantage of OBSTACLES and HAZARDS.
Deal with unexpected air hockey-inspired PHYSICS behaviors and make them work for you, or they will not!Campaign Mode: Explore - Upgrade - Eliminate8 Galaxies to EXPLORE  with 50 Levels of gameplay.
Power-up by completing levels and earning powerful REWARDS. By becoming stronger you will UNLOCK new Star Systems.
Make it to the FINAL battle against Lord Chaosbringer and save the universe!Survival Mode: Aim for the High-Score and dominate the leaderboardSurvive INFINITE Waves of chaotic attacks for as long as you can.
Each Run is UNIQUE, so only your skills and smart selection of power-ups can keep you in the game.
Fallen CHAMPIONS will enter their NAME and SCORE in the Master Blaster’s STEAM LEADERBOARD (and earn bragging rights among their friends!)Upgrade and Manage your ResourcesUPGRADE your Energy Capacitors to make your attacks even more effective and spectacular!
UPGRADE your Resilience to improve your resistance to enemy attacks.
Utilize Special Shooting TACTICS to Regenerate your Energy and Resilience.
Earn meaningful REWARDS to reduce energy COSTS and enhance REGENERATION abilities.Improve your Blastery!Learn how to use COMBOS of Powerblasts, Collisions and Deflections to maximize the effect of your Shooting, while Regenerating your Energy and Resilience too!
Sharpen your reflexes in PRECISION challenges that will test your AIM and COORDINATION skills!Tips and Tricks:The game is optimized for CONTROLLERS. If your have one, use it!
Watch out for your ENERGY levels and prioritize to UPGRADE early on.
Charge-up your shots (POWERBLASTING) to maximize Energy REGENERATION and SCORE!
STRATEGIZE your shots to amplify their effect versus energy cost. For example, you can regenerate your Resilience, get a power-up and do multiple kills with a single shot!
Stay calm and ENJOY Master Blaster!",1.0,5.0,2.0,1.0,2.0,,,,,,,,,,,,,,,,,,,0.0,
56456,the-empire-of-karn,The Empire of Karn,The Empire of Karn,"<p>The Empire of Karn is a 1985 adventure game released for the Amstrad CPC and Commodore 64. A prequel, The Heroes Of Karn was released in 1983. The game was written by Ian Gray and featured music and graphics by Chris Cox.</p>",,[],1985-01-01,False,2019-08-28T22:00:28,https://media.rawg.io/media/screenshots/da2/da235aee74a283a58a5aaeb7a059f034.jpg,https://media.rawg.io/media/screenshots/e3d/e3deb623d2550d3b356ba9b74dbd2d88.jpg,,0.0,0,[],11,0,6,0,1,0,0,,,,,0,0,0,0,0,105,[],,0,0,0,,0,0f0f0f,0f0f0f,"[{'platform': {'id': 10, 'name': 'Commodore / Amiga', 'slug': 'commodore-amiga'}}]","[{'platform': {'id': 166, 'name': 'Commodore / Amiga', 'slug': 'commodore-amiga', 'image': None, 'year_end': None, 'year_start': None, 'games_count': 2083, 'image_background': 'https://media.rawg.io/media/games/cce/cce8bebe861f295003f5a9fe5b11233f.jpg'}, 'released_at': '1985-01-01', 'requirements': {}}]",[],"[{'id': 27441, 'name': 'Interceptor Software', 'slug': 'interceptor-software', 'games_count': 1, 'image_background': 'https://media.rawg.io/media/screenshots/da2/da235aee74a283a58a5aaeb7a059f034.jpg'}]","[{'id': 3, 'name': 'Adventure', 'slug': 'adventure', 'games_count': 146481, 'image_background': 'https://media.rawg.io/media/games/b6b/b6b20bfc4b34e312dbc8aac53c95a348.jpg'}]","[{'id': 31, 'name': 'Singleplayer', 'slug': 'singleplayer', 'language': 'eng', 'games_count': 238404, 'image_background': 'https://media.rawg.io/media/games/26d/26d4437715bee60138dab4a7c8c59c92.jpg'}]","[{'id': 20529, 'name': 'Interceptor Micros', 'slug': 'interceptor-micros', 'games_count': 4, 'image_background': 'https://media.rawg.io/media/screenshots/a05/a054ffaffdaf83b041fedbb8cfd7f65d.jpg'}, {'id': 20528, 'name': 'Interceptor Software', 'slug': 'interceptor-software', 'games_count': 1, 'image_background': 'https://media.rawg.io/media/screenshots/da2/da235aee74a283a58a5aaeb7a059f034.jpg'}]",,,"The Empire of Karn is a 1985 adventure game released for the Amstrad CPC and Commodore 64. A prequel, The Heroes Of Karn was released in 1983. The game was written by Ian Gray and featured music and graphics by Chris Cox.",,5.0,2.0,3.0,1.0,,,,,,,,,,,,,,,,,,,0.0,
22955,silent-service-12,Silent Service 1+2,Silent Service 1+2,"0400 hours, Tuesday, August 12, 1942… BATTLE STATIONS! BATTLE STATIONS! Enemy convoy identified on radar!
<br/><br/>
The world is deep at war, and you're submerged among the enemy.
Prepare to dive into Silent Service, the submarine simulation that recreates authentic World War II sea patrols in the bloody waters of the South Pacific.
<br/><br/>
From the second you take command, you'll live by the motto FIND 'EM, CHASE 'EM, SINK 'EM, as you follow instruments, charts and your instincts in search of hostile convoys. Is a submerged daylight periscope attack best or do you charge in on the surface at night using only radar bearings to guide you? Do you fire a spread of your precious torpedoes or can you close the range and pick off the enemy with a single torpedo shot? These decisions and many more are yours to make as you take your place among the elite ranks of the Silent Service!Includes Silent Service and its sequel Silent Service II.
Challenging combat versus single ships and heavily escorted convoys.
All the critical battle stations: engine room, conning tower and ship’s bridge.
An infinite variety of situations using complete maps and charts for the entire Southwest Pacific.
A wide selection of historical scenarios from individual attacks to patrol missions.",,[],1985-12-30,False,2023-02-08T10:51:26,https://media.rawg.io/media/screenshots/602/6021823f99d579c15cae3eb3fc4cd5b7.jpg,https://media.rawg.io/media/screenshots/bb1/bb1c28d9bb83b5b5c60619d4a1435c74.jpg,,0.0,0,[],11,0,12,0,0,0,0,,,,,0,0,0,0,0,250,[],,0,0,0,,0,0f0f0f,0f0f0f,"[{'platform': {'id': 1, 'name': 'PC', 'slug': 'pc'}}, {'platform': {'id': 5, 'name': 'Apple Macintosh', 'slug': 'mac'}}, {'platform': {'id': 6, 'name': 'Linux', 'slug': 'linux'}}]","[{'platform': {'id': 4, 'name': 'PC', 'slug': 'pc', 'image': None, 'year_end': None, 'year_start': None, 'games_count': 547196, 'image_background': 'https://media.rawg.io/media/games/6fc/6fcf4cd3b17c288821388e6085bb0fc9.jpg'}, 'released_at': '1985-12-30', 'requirements': {'minimum': 'Windows XP / Vista / 7 / 8 / 10, 1.8 GHz Processor, 512MB RAM (1 GB recommended), 3D graphics card compatible with DirectX 7 (compatible with DirectX 9 recommended), 2GB HDD, Mouse, Keyboard.'}}, {'platform': {'id': 5, 'name': 'macOS', 'slug': 'macos', 'image': None, 'year_end': None, 'year_start': None, 'games_count': 106181, 'image_background': 'https://media.rawg.io/media/games/6fc/6fcf4cd3b17c288821388e6085bb0fc9.jpg'}, 'released_at': '1985-12-30', 'requirements': {'minimum': 'OS X 10.7.0 or later, Processor: Intel Core 2 Duo 2GHz+, Memory: 1GB of RAM, Graphics: 64MB of video memory. Recommended two-button mouse, or Apple mouse with Secondary Button / Secondary Click enabled.'}}, {'platform': {'id': 6, 'name': 'Linux', 'slug': 'linux', 'image': None, 'year_end': None, 'year_start': None, 'games_count': 78810, 'image_background': 'https://media.rawg.io/media/games/d58/d588947d4286e7b5e0e12e1bea7d9844.jpg'}, 'released_at': '1985-12-30', 'requirements': {'minimum': 'Ubuntu 14.04 / Linux Mint 17, Processor: 2.0 GHz, Memory: 1 GB, Graphics: 256 MB VRAM, OpenGL compatible.'}}]","[{'id': 26132, 'url': '', 'store': {'id': 5, 'name': 'GOG', 'slug': 'gog', 'domain': 'gog.com', 'games_count': 6713, 'image_background': 'https://media.rawg.io/media/games/5c0/5c0dd63002cb23f804aab327d40ef119.jpg'}}]","[{'id': 14511, 'name': 'MicroProse Software', 'slug': 'microprose-software', 'games_count': 122, 'image_background': 'https://media.rawg.io/media/screenshots/5e9/5e92af32e3cf118d0aa6a64acfd89ada.jpg'}]","[{'id': 14, 'name': 'Simulation', 'slug': 'simulation', 'games_count': 73491, 'image_background': 'https://media.rawg.io/media/games/48c/48cb04ca483be865e3a83119c94e6097.jpg'}]","[{'id': 31, 'name': 'Singleplayer', 'slug': 'singleplayer', 'language': 'eng', 'games_count': 238404, 'image_background': 'https://media.rawg.io/media/games/26d/26d4437715bee60138dab4a7c8c59c92.jpg'}]","[{'id': 4801, 'name': 'Retroism', 'slug': 'retroism', 'games_count': 96, 'image_background': 'https://media.rawg.io/media/screenshots/7a3/7a32b396c30e2421e79b85f25c7c640d.jpg'}]",,,"0400 hours, Tuesday, August 12, 1942… BATTLE STATIONS! BATTLE STATIONS! Enemy convoy identified on radar!
The world is deep at war, and you're submerged among the enemy.
Prepare to dive into Silent Service, the submarine simulation that recreates authentic World War II sea patrols in the bloody waters of the South Pacific.
From the second you take command, you'll live by the motto FIND 'EM, CHASE 'EM, SINK 'EM, as you follow instruments, charts and your instincts in search of hostile convoys. Is a submerged daylight periscope attack best or do you charge in on the surface at night using only radar bearings to guide you? Do you fire a spread of your precious torpedoes or can you close the range and pick off the enemy with a single torpedo shot? These decisions and many more are yours to make as you take your place among the elite ranks of the Silent Service!Includes Silent Service and its sequel Silent Service II.
Challenging combat versus single ships and heavily escorted convoys.
All the critical battle stations: engine room, conning tower and ship’s bridge.
An infinite variety of situations using complete maps and charts for the entire Southwest Pacific.
A wide selection of historical scenarios from individual attacks to patrol missions.",1.0,5.0,2.0,2.0,1.0,,,,,,,,,,,,,3.0,Teen,teen,,,,0.0,
56285,action-biker,Action Biker,Action Biker,"<p>Action Biker (also known as KP Skips Action Biker with Clumsy Colin in the UK) is a 1985 game for the Atari 8-bit family, Commodore 64, and ZX Spectrum released by Mastertronic. The game was a tie-in with snack food KP Skips, whose mascot was ""Clumsy Colin"" who featured in television adverts for Skips at around the time the game was published.</p>
<p>Although marketed under the same title, the ZX Spectrum version of Action Biker differs significantly from the Atari and C64 versions, to the extent that Retro Gamer magazine featured it in their ""Same Name, Different Game"" column.</p>
<p>The music was composed by C64 game musician Rob Hubbard.</p>",,[],1985-01-01,False,2019-08-28T22:00:34,https://media.rawg.io/media/screenshots/eaf/eaf8bef129cf1b5229e0c3f2264e123b.jpg,https://media.rawg.io/media/screenshots/6e8/6e825499d23726c5208051f46a4d4bbe.jpg,,0.0,0,"[{'id': 5, 'title': 'exceptional', 'count': 1, 'percent': 100.0}]",11,0,8,0,1,0,0,,,,,0,0,0,0,1,198,[],,0,0,0,,1,0f0f0f,0f0f0f,"[{'platform': {'id': 10, 'name': 'Commodore / Amiga', 'slug': 'commodore-amiga'}}]","[{'platform': {'id': 166, 'name': 'Commodore / Amiga', 'slug': 'commodore-amiga', 'image': None, 'year_end': None, 'year_start': None, 'games_count': 2083, 'image_background': 'https://media.rawg.io/media/games/cce/cce8bebe861f295003f5a9fe5b11233f.jpg'}, 'released_at': '1985-01-01', 'requirements': {}}]",[],"[{'id': 14928, 'name': 'Mastertronic', 'slug': 'mastertronic', 'games_count': 7, 'image_background': 'https://media.rawg.io/media/screenshots/eaf/eaf8bef129cf1b5229e0c3f2264e123b.jpg'}]","[{'id': 4, 'name': 'Action', 'slug': 'action', 'games_count': 186608, 'image_background': 'https://media.rawg.io/media/games/618/618c2031a07bbff6b4f611f10b6bcdbc.jpg'}]","[{'id': 31, 'name': 'Singleplayer', 'slug': 'singleplayer', 'language': 'eng', 'games_count': 238404, 'image_background': 'https://media.rawg.io/media/games/26d/26d4437715bee60138dab4a7c8c59c92.jpg'}]","[{'id': 4799, 'name': 'Mastertronic', 'slug': 'mastertronic', 'games_count': 72, 'image_background': 'https://media.rawg.io/media/screenshots/bb4/bb424afaf45c23f5893753ab1c1eca27.jpg'}]",,,"Action Biker (also known as KP Skips Action Biker with Clumsy Colin in the UK) is a 1985 game for the Atari 8-bit family, Commodore 64, and ZX Spectrum released by Mastertronic. The game was a tie-in with snack food KP Skips, whose mascot was ""Clumsy Colin"" who featured in television adverts for Skips at around the time the game was published.
Although marketed under the same title, the ZX Spectrum version of Action Biker differs significantly from the Atari and C64 versions, to the extent that Retro Gamer magazine featured it in their ""Same Name, Different Game"" column.
The music was composed by C64 game musician Rob Hubbard.",,6.0,2.0,2.0,1.0,,,,,,,,,,,,,,,,,,,0.0,
54098,terra-cresta,Terra Cresta,Terra Cresta,<p>Terra Cresta (テラクレスタ) is an arcade game that was released by Nichibutsu in 1985.</p>,,[],1985-01-01,False,2019-08-28T22:26:18,https://media.rawg.io/media/screenshots/293/293edcb46564f7e2e37c5d330db0ccaa.jpg,https://media.rawg.io/media/screenshots/009/0093739f69d3107719881c21874fcb35.jpg,,0.0,0,"[{'id': 4, 'title': 'recommended', 'count': 2, 'percent': 100.0}]",11,0,9,0,0,0,0,,,,,0,0,0,0,2,256,[],,0,0,0,,2,0f0f0f,0f0f0f,"[{'platform': {'id': 2, 'name': 'PlayStation', 'slug': 'playstation'}}, {'platform': {'id': 7, 'name': 'Nintendo', 'slug': 'nintendo'}}, {'platform': {'id': 10, 'name': 'Commodore / Amiga', 'slug': 'commodore-amiga'}}]","[{'platform': {'id': 18, 'name': 'PlayStation 4', 'slug': 'playstation4', 'image': None, 'year_end': None, 'year_start': None, 'games_count': 6916, 'image_background': 'https://media.rawg.io/media/games/f46/f466571d536f2e3ea9e815ad17177501.jpg'}, 'released_at': '1985-01-01', 'requirements': {}}, {'platform': {'id': 49, 'name': 'NES', 'slug': 'nes', 'image': None, 'year_end': None, 'year_start': None, 'games_count': 1015, 'image_background': 'https://media.rawg.io/media/games/7c5/7c50dd0415eb0a57505c58d4e50e4d24.jpg'}, 'released_at': '1985-01-01', 'requirements': {}}, {'platform': {'id': 166, 'name': 'Commodore / Amiga', 'slug': 'commodore-amiga', 'image': None, 'year_end': None, 'year_start': None, 'games_count': 2083, 'image_background': 'https://media.rawg.io/media/games/cce/cce8bebe861f295003f5a9fe5b11233f.jpg'}, 'released_at': '1985-01-01', 'requirements': {}}]",[],"[{'id': 25940, 'name': 'Nihon Bussan', 'slug': 'nihon-bussan', 'games_count': 9, 'image_background': 'https://media.rawg.io/media/games/981/981caf7a64217f036e8810ff940cfa72.jpg'}]",[],"[{'id': 31, 'name': 'Singleplayer', 'slug': 'singleplayer', 'language': 'eng', 'games_count': 238404, 'image_background': 'https://media.rawg.io/media/games/26d/26d4437715bee60138dab4a7c8c59c92.jpg'}, {'id': 7, 'name': 'Multiplayer', 'slug': 'multiplayer', 'language': 'eng', 'games_count': 40505, 'image_background': 'https://media.rawg.io/media/games/021/021c4e21a1824d2526f925eff6324653.jpg'}, {'id': 418, 'name': '2 players', 'slug': '2-players', 'language': 'eng', 'games_count': 1244, 'image_background': 'https://media.rawg.io/media/screenshots/f9a/f9ac59bb4af2ca2193ee9ffb979577cf.jpg'}]","[{'id': 10692, 'name': 'HAMSTER', 'slug': 'hamster', 'games_count': 238, 'image_background': 'https://media.rawg.io/media/screenshots/74b/74bd62df16980a502dcaa7ddafb97311.jpg'}, {'id': 11875, 'name': 'Vic Tokai', 'slug': 'vic-tokai', 'games_count': 35, 'image_background': 'https://media.rawg.io/media/screenshots/70e/70e839c355fcbe3ae51ad32571e3244c.jpg'}, {'id': 19967, 'name': 'Nihon Bussan', 'slug': 'nihon-bussan', 'games_count': 6, 'image_background': 'https://media.rawg.io/media/games/981/981caf7a64217f036e8810ff940cfa72.jpg'}, {'id': 19410, 'name': 'Nichibutsu', 'slug': 'nichibutsu', 'games_count': 5, 'image_background': 'https://media.rawg.io/media/screenshots/10c/10cd0115664d2927d9773a72aff25898.jpg'}]",,,Terra Cresta (テラクレスタ) is an arcade game that was released by Nichibutsu in 1985.,1.0,5.0,2.0,2.0,1.0,,,,,,,,,,,,,,,,,,,0.0,
264676,by-fire-sword,By Fire & Sword,By Fire & Sword,"<p>By Fire & Sword is a strategy game. It was originally released in 1985. The game is rated as ""Recommended"" on RAWG. <br>By Fire & Sword is available on PC. </p>

<p></p>",,[],1985-01-01,False,2023-02-08T10:51:35,https://media.rawg.io/media/screenshots/a47/a47e5c92b1796aab582e6bc3e84dfc34.jpg,https://media.rawg.io/media/screenshots/964/964338666f71e16d8f647a54128a1424.jpg,,0.0,0,"[{'id': 4, 'title': 'recommended', 'count': 1, 'percent': 100.0}]",11,0,4,0,0,0,0,,,,,0,0,0,0,1,115,[],,0,0,0,,1,0f0f0f,0f0f0f,"[{'platform': {'id': 1, 'name': 'PC', 'slug': 'pc'}}]","[{'platform': {'id': 4, 'name': 'PC', 'slug': 'pc', 'image': None, 'year_end': None, 'year_start': None, 'games_count': 547196, 'image_background': 'https://media.rawg.io/media/games/6fc/6fcf4cd3b17c288821388e6085bb0fc9.jpg'}, 'released_at': '1985-01-01', 'requirements': {}}]",[],[],"[{'id': 10, 'name': 'Strategy', 'slug': 'strategy', 'games_count': 59661, 'image_background': 'https://media.rawg.io/media/games/08b/08b2eee52a9876a48b955e5149affe5b.jpg'}]",[],[],,,,1.0,5.0,3.0,1.0,1.0,,,,,,,,,,,,,,,,,,,0.0,
55402,mercenary,Mercenary,Mercenary,"<p>Mercenary is the first in a series of computer games, published on a number of 8-bit and 16-bit platforms from the mid-1980s to the early 1990s, by Novagen Software. The second and third games were known as Damocles and Mercenary III: The Dion Crisis respectively.</p>
<p>The games were notable for their smooth vector and polygonal graphics, vast environments, and open-ended gameplay which offered several ways to complete each game. All three titles were favourably reviewed when they were originally released, and the titles have a following in the retrogaming community.</p>",,[],1985-01-01,False,2019-08-28T22:26:05,https://media.rawg.io/media/screenshots/03c/03ccf746aa682fd60d8968ab9ede67ed.jpg,https://media.rawg.io/media/screenshots/795/795c7527df171c40a37bd82e312d83ba.jpg,,0.0,0,[],11,0,8,0,3,0,0,,,,,0,0,0,0,0,173,[],,0,0,0,,0,0f0f0f,0f0f0f,"[{'platform': {'id': 9, 'name': 'Atari', 'slug': 'atari'}}, {'platform': {'id': 10, 'name': 'Commodore / Amiga', 'slug': 'commodore-amiga'}}]","[{'platform': {'id': 166, 'name': 'Commodore / Amiga', 'slug': 'commodore-amiga', 'image': None, 'year_end': None, 'year_start': None, 'games_count': 2083, 'image_background': 'https://media.rawg.io/media/games/cce/cce8bebe861f295003f5a9fe5b11233f.jpg'}, 'released_at': '1985-01-01', 'requirements': {}}, {'platform': {'id': 34, 'name': 'Atari ST', 'slug': 'atari-st', 'image': None, 'year_end': None, 'year_start': None, 'games_count': 836, 'image_background': 'https://media.rawg.io/media/games/637/637d7dc2f44d0f6ddd3ee2c0b1366962.jpg'}, 'released_at': '1985-01-01', 'requirements': {}}, {'platform': {'id': 25, 'name': 'Atari 8-bit', 'slug': 'atari-8-bit', 'image': None, 'year_end': None, 'year_start': None, 'games_count': 308, 'image_background': 'https://media.rawg.io/media/screenshots/038/0385a47d3a43b218204268af5361a19e.jpg'}, 'released_at': '1985-01-01', 'requirements': {}}]",[],"[{'id': 27110, 'name': 'Novagen', 'slug': 'novagen', 'games_count': 1, 'image_background': 'https://media.rawg.io/media/screenshots/03c/03ccf746aa682fd60d8968ab9ede67ed.jpg'}, {'id': 27111, 'name': 'Novagen Software', 'slug': 'novagen-software', 'games_count': 1, 'image_background': 'https://media.rawg.io/media/screenshots/03c/03ccf746aa682fd60d8968ab9ede67ed.jpg'}]",[],"[{'id': 31, 'name': 'Singleplayer', 'slug': 'singleplayer', 'language': 'eng', 'games_count': 238404, 'image_background': 'https://media.rawg.io/media/games/26d/26d4437715bee60138dab4a7c8c59c92.jpg'}]",[],,,"Mercenary is the first in a series of computer games, published on a number of 8-bit and 16-bit platforms from the mid-1980s to the early 1990s, by Novagen Software. The second and third games were known as Damocles and Mercenary III: The Dion Crisis respectively.
The games were notable for their smooth vector and polygonal graphics, vast environments, and open-ended gameplay which offered several ways to complete each game. All three titles were favourably reviewed when they were originally released, and the titles have a following in the retrogaming community.",,6.0,2.0,2.0,1.0,,,,,,,,,,,,,,,,,,,0.0,
56764,the-serpents-star,The Serpent's Star,The Serpent's Star,<p>The Serpent's Star is an interactive fiction computer game with graphics. The adventure game is the sequel to the adventure The Mask of the Sun. It was developed by Ultrasoft and published by Brøderbund in 1985.</p>,,[],1985-01-01,False,2019-08-28T22:25:54,https://media.rawg.io/media/screenshots/d02/d02b256c85d4ff3e4aaec81ba1c442a2.jpg,https://media.rawg.io/media/screenshots/cf8/cf8ef3b6e3661a24e01a89b91b961328.jpg,,0.0,0,[],11,0,6,0,0,0,0,,,,,0,0,0,0,0,124,[],,0,0,0,,0,0f0f0f,0f0f0f,"[{'platform': {'id': 5, 'name': 'Apple Macintosh', 'slug': 'mac'}}, {'platform': {'id': 9, 'name': 'Atari', 'slug': 'atari'}}, {'platform': {'id': 10, 'name': 'Commodore / Amiga', 'slug': 'commodore-amiga'}}]","[{'platform': {'id': 166, 'name': 'Commodore / Amiga', 'slug': 'commodore-amiga', 'image': None, 'year_end': None, 'year_start': None, 'games_count': 2083, 'image_background': 'https://media.rawg.io/media/games/cce/cce8bebe861f295003f5a9fe5b11233f.jpg'}, 'released_at': '1985-01-01', 'requirements': {}}, {'platform': {'id': 41, 'name': 'Apple II', 'slug': 'apple-ii', 'image': None, 'year_end': None, 'year_start': None, 'games_count': 424, 'image_background': 'https://media.rawg.io/media/screenshots/3d2/3d2bb57b39e2efa39d1c385585b2ea8b.jpg'}, 'released_at': '1985-01-01', 'requirements': {}}, {'platform': {'id': 25, 'name': 'Atari 8-bit', 'slug': 'atari-8-bit', 'image': None, 'year_end': None, 'year_start': None, 'games_count': 308, 'image_background': 'https://media.rawg.io/media/screenshots/038/0385a47d3a43b218204268af5361a19e.jpg'}, 'released_at': '1985-01-01', 'requirements': {}}]",[],"[{'id': 27523, 'name': 'Ultrasoft', 'slug': 'ultrasoft', 'games_count': 2, 'image_background': 'https://media.rawg.io/media/screenshots/aef/aef2d692b8dd35a7f93a0a72993bae24.jpg'}]","[{'id': 3, 'name': 'Adventure', 'slug': 'adventure', 'games_count': 146481, 'image_background': 'https://media.rawg.io/media/games/b6b/b6b20bfc4b34e312dbc8aac53c95a348.jpg'}]","[{'id': 31, 'name': 'Singleplayer', 'slug': 'singleplayer', 'language': 'eng', 'games_count': 238404, 'image_background': 'https://media.rawg.io/media/games/26d/26d4437715bee60138dab4a7c8c59c92.jpg'}]","[{'id': 19491, 'name': 'Brøderbund', 'slug': 'broderbund', 'games_count': 32, 'image_background': 'https://media.rawg.io/media/games/054/0540c8fc8eed3fc13d3990f419c61c6f.jpg'}]",,,The Serpent's Star is an interactive fiction computer game with graphics. The adventure game is the sequel to the adventure The Mask of the Sun. It was developed by Ultrasoft and published by Brøderbund in 1985.,,5.0,2.0,3.0,1.0,,,,,,,,,,,,,,,,,,,0.0,
56345,big-mac,Big Mac,Big Mac,"<p>Big Mac the Mad Maintenance Man is a computer game published in 1985 by Mastertronic for the Commodore 64. It is a platform game in the style of Manic Miner. The game&#39;s full title according to the cover is More Adventures of Big Mac the Mad Maintenance Man although the game&#39;s opening screen uses the shorter title. Most fans, however, simply remember the game as &#39;Big Mac&#39;.<br />
The player takes on the role of the title character who must negotiate a power station consisting of 18 separate levels (vaults). On each level the aim is to avoid a range of defences and press switches to shut down the vault.</p>",,[],1985-01-01,False,2022-06-13T19:34:45,https://media.rawg.io/media/games/c2d/c2d632daa29c7e2d84e103880c948d52.jpg,https://media.rawg.io/media/screenshots/858/858d2d192ad601dbeb213c959ee02fd4.jpg,,0.0,0,"[{'id': 5, 'title': 'exceptional', 'count': 1, 'percent': 100.0}]",11,0,8,0,1,0,0,,,,,0,0,0,0,1,96,['More Adventures of Big Mac: The Mad Maintenance Man'],,0,0,0,,1,0f0f0f,0f0f0f,"[{'platform': {'id': 10, 'name': 'Commodore / Amiga', 'slug': 'commodore-amiga'}}]","[{'platform': {'id': 166, 'name': 'Commodore / Amiga', 'slug': 'commodore-amiga', 'image': None, 'year_end': None, 'year_start': None, 'games_count': 2083, 'image_background': 'https://media.rawg.io/media/games/cce/cce8bebe861f295003f5a9fe5b11233f.jpg'}, 'released_at': '1985-01-01', 'requirements': {}}]",[],"[{'id': 27147, 'name': 'Mr. Chip Software', 'slug': 'mr-chip-software', 'games_count': 3, 'image_background': 'https://media.rawg.io/media/screenshots/b58/b580f52647f0054acd0330b118bc52d0.jpg'}]","[{'id': 4, 'name': 'Action', 'slug': 'action', 'games_count': 186608, 'image_background': 'https://media.rawg.io/media/games/618/618c2031a07bbff6b4f611f10b6bcdbc.jpg'}, {'id': 83, 'name': 'Platformer', 'slug': 'platformer', 'games_count': 100869, 'image_background': 'https://media.rawg.io/media/games/f8c/f8c6a262ead4c16b47e1219310210eb3.jpg'}]","[{'id': 31, 'name': 'Singleplayer', 'slug': 'singleplayer', 'language': 'eng', 'games_count': 238404, 'image_background': 'https://media.rawg.io/media/games/26d/26d4437715bee60138dab4a7c8c59c92.jpg'}]","[{'id': 4799, 'name': 'Mastertronic', 'slug': 'mastertronic', 'games_count': 72, 'image_background': 'https://media.rawg.io/media/screenshots/bb4/bb424afaf45c23f5893753ab1c1eca27.jpg'}]",,,"Big Mac the Mad Maintenance Man is a computer game published in 1985 by Mastertronic for the Commodore 64. It is a platform game in the style of Manic Miner. The game's full title according to the cover is More Adventures of Big Mac the Mad Maintenance Man although the game's opening screen uses the shorter title. Most fans, however, simply remember the game as 'Big Mac'.
The player takes on the role of the title character who must negotiate a power station consisting of 18 separate levels (vaults). On each level the aim is to avoid a range of defences and press switches to shut down the vault.",,6.0,2.0,2.0,1.0,,,,,,,,,,,,,1.0,Everyone,everyone,,,,0.0,
58029,chopper,Chopper,Chopper,"<p>Chopper is an iOS video game developed by Majic Jungle Software and released on April 5, 2009. The sequel, Chopper 2, was released on July 27, 2010. The game &quot;is a total evolution from the first episode: better graphic, more missions, more variety&quot;.<br />
As of 2 February 2018, the app is removed from App Store and Mac App Store</p>",,[],1985-04-05,False,2019-01-09T12:41:06,https://media.rawg.io/media/screenshots/3f1/3f12b9b8db9968eab3ea327bb7b853fd.jpg,https://media.rawg.io/media/screenshots/426/42685d1ad8cb2a1ba76700869727499d.jpg,,0.0,0,[],11,0,6,0,0,0,0,,,,,0,0,0,0,0,149,[],,0,0,0,,0,0f0f0f,0f0f0f,"[{'platform': {'id': 10, 'name': 'Commodore / Amiga', 'slug': 'commodore-amiga'}}]","[{'platform': {'id': 166, 'name': 'Commodore / Amiga', 'slug': 'commodore-amiga', 'image': None, 'year_end': None, 'year_start': None, 'games_count': 2083, 'image_background': 'https://media.rawg.io/media/games/cce/cce8bebe861f295003f5a9fe5b11233f.jpg'}, 'released_at': '1985-04-05', 'requirements': {}}]",[],"[{'id': 454, 'name': 'Majic Jungle Software', 'slug': 'majic-jungle-software', 'games_count': 3, 'image_background': 'https://media.rawg.io/media/screenshots/3f1/3f12b9b8db9968eab3ea327bb7b853fd.jpg'}]",[],"[{'id': 677, 'name': 'evolution', 'slug': 'evolution', 'language': 'eng', 'games_count': 853, 'image_background': 'https://media.rawg.io/media/screenshots/0d3/0d3b915b3daf1aa6babaaa16301a155e.jpeg'}, {'id': 1618, 'name': 'jungle', 'slug': 'jungle', 'language': 'eng', 'games_count': 1388, 'image_background': 'https://media.rawg.io/media/screenshots/45a/45af34fdb6e49b9438cd40163b4f5f5e.jpeg'}]",[],,,"Chopper is an iOS video game developed by Majic Jungle Software and released on April 5, 2009. The sequel, Chopper 2, was released on July 27, 2010. The game ""is a total evolution from the first episode: better graphic, more missions, more variety"".
As of 2 February 2018, the app is removed from App Store and Mac App Store",,6.0,2.0,2.0,1.0,,,,,,,,,,,,,,,,,,,0.0,
56382,cauldron,Cauldron,Cauldron,"<p>Cauldron is a two-dimensional (2D) shoot 'em up/platformer computer game developed and published by British developer Palace Software (Palace). The game was released in 1985 for the ZX Spectrum, Commodore 64 and Amstrad CPC home computers. Players control a witch, who aims to become the ""Witch Queen"" by defeating an enemy called the ""Pumpking"".</p>
<p>Designed by Steve Brown and Richard Leinfellner, Cauldron originated as a licensed video game of the horror film Halloween. Brown eventually altered the game to use a theme based on the Halloween holiday. The mix of two genres resulted from Brown and Leinfellner wanting to make a shoot 'em up and platform game, respectively. The developers realized that there were no technical limitations preventing the genres from being combined.</p>
<p>The game received praise from video game magazines, who focused on the graphics and two different modes of play. A common complaint was Cauldron's excessive difficulty. The following year, Palace released a direct sequel titled Cauldron II: The Pumpkin Strikes Back.</p>",,[],1985-01-01,False,2019-08-28T22:00:31,https://media.rawg.io/media/screenshots/c55/c5541965215fa291e22d0525b49c3008.jpg,https://media.rawg.io/media/screenshots/5d2/5d2fb4670b7b4ea767a555001cbbf5af.jpg,,0.0,0,"[{'id': 1, 'title': 'skip', 'count': 1, 'percent': 100.0}]",11,0,9,0,3,0,0,,,,,0,0,0,0,1,219,[],,0,0,0,,1,0f0f0f,0f0f0f,"[{'platform': {'id': 10, 'name': 'Commodore / Amiga', 'slug': 'commodore-amiga'}}]","[{'platform': {'id': 166, 'name': 'Commodore / Amiga', 'slug': 'commodore-amiga', 'image': None, 'year_end': None, 'year_start': None, 'games_count': 2083, 'image_background': 'https://media.rawg.io/media/games/cce/cce8bebe861f295003f5a9fe5b11233f.jpg'}, 'released_at': '1985-01-01', 'requirements': {}}]",[],"[{'id': 15731, 'name': 'Palace Software', 'slug': 'palace-software', 'games_count': 8, 'image_background': 'https://media.rawg.io/media/screenshots/d93/d9304513c6c0ac3620f8c735feaa845a.jpg'}]",[],"[{'id': 31, 'name': 'Singleplayer', 'slug': 'singleplayer', 'language': 'eng', 'games_count': 238404, 'image_background': 'https://media.rawg.io/media/games/26d/26d4437715bee60138dab4a7c8c59c92.jpg'}]","[{'id': 20213, 'name': 'Palace Software', 'slug': 'palace-software', 'games_count': 9, 'image_background': 'https://media.rawg.io/media/screenshots/983/98323867538edab00522e30f89329f23.jpg'}]",,,"Cauldron is a two-dimensional (2D) shoot 'em up/platformer computer game developed and published by British developer Palace Software (Palace). The game was released in 1985 for the ZX Spectrum, Commodore 64 and Amstrad CPC home computers. Players control a witch, who aims to become the ""Witch Queen"" by defeating an enemy called the ""Pumpking"".
Designed by Steve Brown and Richard Leinfellner, Cauldron originated as a licensed video game of the horror film Halloween. Brown eventually altered the game to use a theme based on the Halloween holiday. The mix of two genres resulted from Brown and Leinfellner wanting to make a shoot 'em up and platform game, respectively. The developers realized that there were no technical limitations preventing the genres from being combined.
The game received praise from video game magazines, who focused on the graphics and two different modes of play. A common complaint was Cauldron's excessive difficulty. The following year, Palace released a direct sequel titled Cauldron II: The Pumpkin Strikes Back.",,6.0,2.0,2.0,1.0,,,,,,,,,,,,,,,,,,,0.0,
56545,highway-encounter,Highway Encounter,Highway Encounter,"<p>Highway Encounter is a computer game released on the Sinclair ZX Spectrum 48K, Amstrad CPC, MSX, Commodore 64, and Tatung Einstein by Vortex Software in 1985. It was written by Costa Panayi who also coded Android, Android 2, TLL, Cyclone and Revolution. There is also an unfinished and officially unreleased, but available to download version for Atari ST made by Mark Haigh-Hutchinson and graphics by Costa Panayi, from 1990.</p>
<p>Highway Encounter was followed by a sequel, Alien Highway in 1986.</p>",,[],1985-01-01,False,2019-08-28T22:25:57,https://media.rawg.io/media/screenshots/23c/23c21e6028df939004114d716d2c2281.jpg,https://media.rawg.io/media/screenshots/909/909d90d7e6ab3443fceb07c11b87e43a.jpg,,0.0,0,"[{'id': 4, 'title': 'recommended', 'count': 1, 'percent': 100.0}]",11,0,10,0,1,0,0,,,,,0,0,0,0,1,308,[],,0,0,0,,1,0f0f0f,0f0f0f,"[{'platform': {'id': 10, 'name': 'Commodore / Amiga', 'slug': 'commodore-amiga'}}]","[{'platform': {'id': 166, 'name': 'Commodore / Amiga', 'slug': 'commodore-amiga', 'image': None, 'year_end': None, 'year_start': None, 'games_count': 2083, 'image_background': 'https://media.rawg.io/media/games/cce/cce8bebe861f295003f5a9fe5b11233f.jpg'}, 'released_at': '1985-01-01', 'requirements': {}}]",[],"[{'id': 27479, 'name': 'Costa Panayi', 'slug': 'costa-panayi', 'games_count': 1, 'image_background': 'https://media.rawg.io/media/screenshots/23c/23c21e6028df939004114d716d2c2281.jpg'}]","[{'id': 4, 'name': 'Action', 'slug': 'action', 'games_count': 186608, 'image_background': 'https://media.rawg.io/media/games/618/618c2031a07bbff6b4f611f10b6bcdbc.jpg'}]","[{'id': 31, 'name': 'Singleplayer', 'slug': 'singleplayer', 'language': 'eng', 'games_count': 238404, 'image_background': 'https://media.rawg.io/media/games/26d/26d4437715bee60138dab4a7c8c59c92.jpg'}]","[{'id': 20554, 'name': 'Vortex Software', 'slug': 'vortex-software', 'games_count': 1, 'image_background': 'https://media.rawg.io/media/screenshots/23c/23c21e6028df939004114d716d2c2281.jpg'}]",,,"Highway Encounter is a computer game released on the Sinclair ZX Spectrum 48K, Amstrad CPC, MSX, Commodore 64, and Tatung Einstein by Vortex Software in 1985. It was written by Costa Panayi who also coded Android, Android 2, TLL, Cyclone and Revolution. There is also an unfinished and officially unreleased, but available to download version for Atari ST made by Mark Haigh-Hutchinson and graphics by Costa Panayi, from 1990.
Highway Encounter was followed by a sequel, Alien Highway in 1986.",,5.0,3.0,2.0,1.0,,,,,,,,,,,,,,,,,,,0.0,
56424,desert-fox,Desert Fox,Desert Fox,"<p>Desert Fox is a video game developed and published by Accolade, published in Europe by US Gold. It was released in 1985 in its original form, subsequently re-released by Avantage and PowerHouse.</p>",,[],1985-01-01,False,2019-08-28T22:00:29,https://media.rawg.io/media/screenshots/df0/df00340e7693be1296cd06251986bf62.jpg,https://media.rawg.io/media/screenshots/12d/12d002462f18fefbd38b3eccc82d4fab.jpg,,0.0,0,[],11,0,6,0,0,0,0,,,,,0,0,0,0,0,153,[],,0,0,0,,0,0f0f0f,0f0f0f,"[{'platform': {'id': 10, 'name': 'Commodore / Amiga', 'slug': 'commodore-amiga'}}]","[{'platform': {'id': 166, 'name': 'Commodore / Amiga', 'slug': 'commodore-amiga', 'image': None, 'year_end': None, 'year_start': None, 'games_count': 2083, 'image_background': 'https://media.rawg.io/media/games/cce/cce8bebe861f295003f5a9fe5b11233f.jpg'}, 'released_at': '1985-01-01', 'requirements': {}}]",[],"[{'id': 10590, 'name': 'Accolade', 'slug': 'accolade', 'games_count': 53, 'image_background': 'https://media.rawg.io/media/screenshots/cbb/cbb8ad6d2e0647a003c0dc3b254f3b19.jpg'}]",[],"[{'id': 31, 'name': 'Singleplayer', 'slug': 'singleplayer', 'language': 'eng', 'games_count': 238404, 'image_background': 'https://media.rawg.io/media/games/26d/26d4437715bee60138dab4a7c8c59c92.jpg'}]","[{'id': 11540, 'name': 'Accolade', 'slug': 'accolade', 'games_count': 86, 'image_background': 'https://media.rawg.io/media/screenshots/d86/d86266847b2b502a7c22d3c67307626d.jpg'}]",,,"Desert Fox is a video game developed and published by Accolade, published in Europe by US Gold. It was released in 1985 in its original form, subsequently re-released by Avantage and PowerHouse.",,6.0,2.0,2.0,1.0,,,,,,,,,,,,,,,,,,,0.0,
55066,macadam-bumper,Macadam Bumper,Macadam Bumper,"<p>Macadam Bumper (also known as ""Pinball Wizard"") is a computer pinball construction set developed by ERE Informatique in France. It was first released for 8-bit computers in 1985, the Atari ST in 1986 and MS-DOS in 1987. The ST and PC versions were released in the US as Pinball Wizard in 1988 by Accolade.</p>",,[],1985-01-01,False,2023-02-08T10:51:30,https://media.rawg.io/media/screenshots/099/099cea58e6b1a7c8bbe9d8dad8ceef43.jpg,https://media.rawg.io/media/screenshots/437/4375a43472d0ec026a56624121c4002c.jpg,,0.0,0,[],11,0,14,0,1,0,0,,,,,0,0,0,0,0,334,[],,0,0,0,,0,0f0f0f,0f0f0f,"[{'platform': {'id': 1, 'name': 'PC', 'slug': 'pc'}}, {'platform': {'id': 9, 'name': 'Atari', 'slug': 'atari'}}, {'platform': {'id': 10, 'name': 'Commodore / Amiga', 'slug': 'commodore-amiga'}}]","[{'platform': {'id': 4, 'name': 'PC', 'slug': 'pc', 'image': None, 'year_end': None, 'year_start': None, 'games_count': 547196, 'image_background': 'https://media.rawg.io/media/games/6fc/6fcf4cd3b17c288821388e6085bb0fc9.jpg'}, 'released_at': '1985-01-01', 'requirements': {}}, {'platform': {'id': 166, 'name': 'Commodore / Amiga', 'slug': 'commodore-amiga', 'image': None, 'year_end': None, 'year_start': None, 'games_count': 2083, 'image_background': 'https://media.rawg.io/media/games/cce/cce8bebe861f295003f5a9fe5b11233f.jpg'}, 'released_at': '1985-01-01', 'requirements': {}}, {'platform': {'id': 34, 'name': 'Atari ST', 'slug': 'atari-st', 'image': None, 'year_end': None, 'year_start': None, 'games_count': 836, 'image_background': 'https://media.rawg.io/media/games/637/637d7dc2f44d0f6ddd3ee2c0b1366962.jpg'}, 'released_at': '1985-01-01', 'requirements': {}}]",[],"[{'id': 15662, 'name': 'ERE Informatique', 'slug': 'ere-informatique', 'games_count': 7, 'image_background': 'https://media.rawg.io/media/screenshots/099/099cea58e6b1a7c8bbe9d8dad8ceef43.jpg'}]","[{'id': 14, 'name': 'Simulation', 'slug': 'simulation', 'games_count': 73491, 'image_background': 'https://media.rawg.io/media/games/48c/48cb04ca483be865e3a83119c94e6097.jpg'}]","[{'id': 106, 'name': 'Pinball', 'slug': 'pinball', 'language': 'eng', 'games_count': 973, 'image_background': 'https://media.rawg.io/media/screenshots/2e4/2e43a1d9e73c9c413b6f1ee92a337bc2.jpg'}, {'id': 4132, 'name': 'wizard', 'slug': 'wizard', 'language': 'eng', 'games_count': 876, 'image_background': 'https://media.rawg.io/media/screenshots/52c/52c930548df7612684ea6d2a8cfe0a5b.jpg'}, {'id': 860, 'name': 'DOS', 'slug': 'dos', 'language': 'eng', 'games_count': 1055, 'image_background': 'https://media.rawg.io/media/screenshots/40f/40fcb5ba54917d3e2f0c59bbbf03adca.jpg'}]","[{'id': 11540, 'name': 'Accolade', 'slug': 'accolade', 'games_count': 86, 'image_background': 'https://media.rawg.io/media/screenshots/d86/d86266847b2b502a7c22d3c67307626d.jpg'}, {'id': 12118, 'name': 'ERE Informatique', 'slug': 'ere-informatique', 'games_count': 4, 'image_background': 'https://media.rawg.io/media/screenshots/efa/efabdff5f34521c4adf0a7256aaa2d35_RXrBmqF.jpg'}, {'id': 20202, 'name': 'Personal Software Services', 'slug': 'personal-software-services', 'games_count': 5, 'image_background': 'https://media.rawg.io/media/screenshots/938/93860ecb9d01042d748d7f13bd91295d.jpg'}]",,,"Macadam Bumper (also known as ""Pinball Wizard"") is a computer pinball construction set developed by ERE Informatique in France. It was first released for 8-bit computers in 1985, the Atari ST in 1986 and MS-DOS in 1987. The ST and PC versions were released in the US as Pinball Wizard in 1988 by Accolade.",1.0,5.0,2.0,2.0,1.0,,,,,,,,,,,,,,,,,,,0.0,
56365,bounder,Bounder,Bounder,<p>Bounder is a 1985 action game published by Gremlin Graphics in which the player navigates a variety of courses as a bouncing tennis ball.</p>,,[],1985-01-01,False,2025-01-20T17:13:32,https://media.rawg.io/media/screenshots/8d7/8d73ba9af44644e65cc05b8ca3a5f77a.jpg,https://media.rawg.io/media/screenshots/1f4/1f4fd2904c614fd5f6c4f8af17a1fb4f.jpg,,0.0,0,[],11,0,10,0,3,0,0,,,,,0,0,0,0,0,245,[],,0,0,0,,0,0f0f0f,0f0f0f,"[{'platform': {'id': 10, 'name': 'Commodore / Amiga', 'slug': 'commodore-amiga'}}]","[{'platform': {'id': 166, 'name': 'Commodore / Amiga', 'slug': 'commodore-amiga', 'image': None, 'year_end': None, 'year_start': None, 'games_count': 2083, 'image_background': 'https://media.rawg.io/media/games/cce/cce8bebe861f295003f5a9fe5b11233f.jpg'}, 'released_at': '1985-01-01', 'requirements': {}}]",[],"[{'id': 12126, 'name': 'Gremlin Interactive', 'slug': 'gremlin-interactive', 'games_count': 62, 'image_background': 'https://media.rawg.io/media/screenshots/8f7/8f7c2c06c592b6a3128d22c0e452fe88.jpg'}, {'id': 14786, 'name': 'Gremlin Graphics', 'slug': 'gremlin-graphics', 'games_count': 42, 'image_background': 'https://media.rawg.io/media/games/8e3/8e3e1b2953d178d200b2c74be6de9b25.jpg'}]","[{'id': 4, 'name': 'Action', 'slug': 'action', 'games_count': 186608, 'image_background': 'https://media.rawg.io/media/games/618/618c2031a07bbff6b4f611f10b6bcdbc.jpg'}]","[{'id': 31, 'name': 'Singleplayer', 'slug': 'singleplayer', 'language': 'eng', 'games_count': 238404, 'image_background': 'https://media.rawg.io/media/games/26d/26d4437715bee60138dab4a7c8c59c92.jpg'}]","[{'id': 11477, 'name': 'Gremlin Interactive', 'slug': 'gremlin-interactive', 'games_count': 58, 'image_background': 'https://media.rawg.io/media/games/885/8858877b10b705b4fcd9c0fc7946f4c7.jpg'}, {'id': 11956, 'name': 'Gremlin Graphics', 'slug': 'gremlin-graphics', 'games_count': 38, 'image_background': 'https://media.rawg.io/media/screenshots/05f/05fc758450ac0061ba8146ea557add01.jpg'}]",,,Bounder is a 1985 action game published by Gremlin Graphics in which the player navigates a variety of courses as a bouncing tennis ball.,,6.0,2.0,2.0,1.0,,,,,,,,,,,,,,,,,,,0.0,
56842,theatre-europe,Theatre Europe,Theatre Europe,"<p>Theatre Europe is a turn-based strategy video game developed and published by Personal Software Services. It was first released in the United Kingdom for the Commodore 64, ZX Spectrum, Amstrad CPC and Atari 8-bit home computers in 1985. It was later released in France by ERE Informatique in 1986, and was released in the United States by Datasoft later that year. It was also ported to the Tatung Einstein home computer in 1989, exclusively in the United Kingdom. It is the fifth instalment of the Strategic Wargames series.</p>
<p>The game is set during a fictional war in Europe between NATO and the Warsaw Pact, in which both sides use nuclear and chemical weapons against each other. The main objective of the game is to fight conventional battles in continental Europe, whilst trying to avoid a worldwide nuclear holocaust. Throughout the game, various capital cities and their civilian populations will be destroyed by nuclear weapons; the game will only end once either side is forced to surrender or if the entire population of Europe perishes. In order to request a nuclear strike, the player was required to call a dedicated telephone number, which led to an automated message announcing the authorisation code.</p>
<p>During development, the developers obtained extensive information and statistics of military strength from the Ministry of Defence and the Soviet embassy in London. Theatre Europe gained national controversy upon release, receiving criticism from both the Campaign for Nuclear Disarmament (CND) and The Sun newspaper. Some high street retail chains refused to sell the game upon release. Despite the controversy, the game received critical acclaim from reviewers. Praise was directed at its accuracy, playability and value for money. It won the ""Best Strategy Game"" award at the 1985 Golden Joystick Awards and was nominated for the ""Game of the Year"" title.</p>",,[],1985-01-01,False,2019-08-28T22:00:16,https://media.rawg.io/media/screenshots/be8/be833ae3071d91aeb55a3bcc84df41d3.jpg,https://media.rawg.io/media/screenshots/2bb/2bb1d66241eef98dbc57cd981872842d.jpg,,0.0,0,[],11,0,8,0,3,0,0,,,,,0,0,0,0,0,192,[],,0,0,0,,0,0f0f0f,0f0f0f,"[{'platform': {'id': 5, 'name': 'Apple Macintosh', 'slug': 'mac'}}, {'platform': {'id': 9, 'name': 'Atari', 'slug': 'atari'}}, {'platform': {'id': 10, 'name': 'Commodore / Amiga', 'slug': 'commodore-amiga'}}]","[{'platform': {'id': 166, 'name': 'Commodore / Amiga', 'slug': 'commodore-amiga', 'image': None, 'year_end': None, 'year_start': None, 'games_count': 2083, 'image_background': 'https://media.rawg.io/media/games/cce/cce8bebe861f295003f5a9fe5b11233f.jpg'}, 'released_at': '1985-01-01', 'requirements': {}}, {'platform': {'id': 25, 'name': 'Atari 8-bit', 'slug': 'atari-8-bit', 'image': None, 'year_end': None, 'year_start': None, 'games_count': 308, 'image_background': 'https://media.rawg.io/media/screenshots/038/0385a47d3a43b218204268af5361a19e.jpg'}, 'released_at': '1985-01-01', 'requirements': {}}, {'platform': {'id': 41, 'name': 'Apple II', 'slug': 'apple-ii', 'image': None, 'year_end': None, 'year_start': None, 'games_count': 424, 'image_background': 'https://media.rawg.io/media/screenshots/3d2/3d2bb57b39e2efa39d1c385585b2ea8b.jpg'}, 'released_at': '1985-01-01', 'requirements': {}}]",[],"[{'id': 26926, 'name': 'Personal Software Services', 'slug': 'personal-software-services', 'games_count': 7, 'image_background': 'https://media.rawg.io/media/screenshots/693/693a7380481451b646fdd9ce0984f953.jpg'}]","[{'id': 10, 'name': 'Strategy', 'slug': 'strategy', 'games_count': 59661, 'image_background': 'https://media.rawg.io/media/games/08b/08b2eee52a9876a48b955e5149affe5b.jpg'}]","[{'id': 31, 'name': 'Singleplayer', 'slug': 'singleplayer', 'language': 'eng', 'games_count': 238404, 'image_background': 'https://media.rawg.io/media/games/26d/26d4437715bee60138dab4a7c8c59c92.jpg'}]","[{'id': 20202, 'name': 'Personal Software Services', 'slug': 'personal-software-services', 'games_count': 5, 'image_background': 'https://media.rawg.io/media/screenshots/938/93860ecb9d01042d748d7f13bd91295d.jpg'}]",,,"Theatre Europe is a turn-based strategy video game developed and published by Personal Software Services. It was first released in the United Kingdom for the Commodore 64, ZX Spectrum, Amstrad CPC and Atari 8-bit home computers in 1985. It was later released in France by ERE Informatique in 1986, and was released in the United States by Datasoft later that year. It was also ported to the Tatung Einstein home computer in 1989, exclusively in the United Kingdom. It is the fifth instalment of the Strategic Wargames series.
The game is set during a fictional war in Europe between NATO and the Warsaw Pact, in which both sides use nuclear and chemical weapons against each other. The main objective of the game is to fight conventional battles in continental Europe, whilst trying to avoid a worldwide nuclear holocaust. Throughout the game, various capital cities and their civilian populations will be destroyed by nuclear weapons; the game will only end once either side is forced to surrender or if the entire population of Europe perishes. In order to request a nuclear strike, the player was required to call a dedicated telephone number, which led to an automated message announcing the authorisation code.
During development, the developers obtained extensive information and statistics of military strength from the Ministry of Defence and the Soviet embassy in London. Theatre Europe gained national controversy upon release, receiving criticism from both the Campaign for Nuclear Disarmament (CND) and The Sun newspaper. Some high street retail chains refused to sell the game upon release. Despite the controversy, the game received critical acclaim from reviewers. Praise was directed at its accuracy, playability and value for money. It won the ""Best Strategy Game"" award at the 1985 Golden Joystick Awards and was nominated for the ""Game of the Year"" title.",,6.0,2.0,2.0,1.0,,,,,,,,,,,,,,,,,,,0.0,
56344,beach-head-ii-the-dictator-strikes-back,Beach Head II: The Dictator Strikes Back,Beach Head II: The Dictator Strikes Back,"<p>Beach-Head II: The Dictator Strikes Back is a 1985 computer game, a sequel to Beach-Head. It was developed and published by Access Software. It was designed by Bruce Carver and his brother, Roger, and was released for the Amstrad CPC, Apple II, Atari 8-bit (Atari 400/800), Commodore 64 and ZX Spectrum.</p>
<p>The spelling of the game's name varies. The title screen spells it ""Beach Head"", while the box renders it ""Beach-Head"".</p>",,[],1985-01-01,False,2019-08-28T22:00:32,https://media.rawg.io/media/screenshots/079/0790b0590e10013d7ccae004f60eb071.jpg,https://media.rawg.io/media/screenshots/b0a/b0a97722dfdad0110765211472468c53.jpg,,0.0,0,[],11,0,10,0,0,0,0,,,,,0,0,0,0,0,292,[],,0,0,0,,0,0f0f0f,0f0f0f,"[{'platform': {'id': 5, 'name': 'Apple Macintosh', 'slug': 'mac'}}, {'platform': {'id': 9, 'name': 'Atari', 'slug': 'atari'}}, {'platform': {'id': 10, 'name': 'Commodore / Amiga', 'slug': 'commodore-amiga'}}]","[{'platform': {'id': 25, 'name': 'Atari 8-bit', 'slug': 'atari-8-bit', 'image': None, 'year_end': None, 'year_start': None, 'games_count': 308, 'image_background': 'https://media.rawg.io/media/screenshots/038/0385a47d3a43b218204268af5361a19e.jpg'}, 'released_at': '1985-01-01', 'requirements': {}}, {'platform': {'id': 41, 'name': 'Apple II', 'slug': 'apple-ii', 'image': None, 'year_end': None, 'year_start': None, 'games_count': 424, 'image_background': 'https://media.rawg.io/media/screenshots/3d2/3d2bb57b39e2efa39d1c385585b2ea8b.jpg'}, 'released_at': '1985-01-01', 'requirements': {}}, {'platform': {'id': 166, 'name': 'Commodore / Amiga', 'slug': 'commodore-amiga', 'image': None, 'year_end': None, 'year_start': None, 'games_count': 2083, 'image_background': 'https://media.rawg.io/media/games/cce/cce8bebe861f295003f5a9fe5b11233f.jpg'}, 'released_at': '1985-01-01', 'requirements': {}}]",[],"[{'id': 26969, 'name': 'Roger Carver', 'slug': 'roger-carver', 'games_count': 2, 'image_background': 'https://media.rawg.io/media/screenshots/079/0790b0590e10013d7ccae004f60eb071.jpg'}, {'id': 26970, 'name': 'Bruce Carver', 'slug': 'bruce-carver', 'games_count': 2, 'image_background': 'https://media.rawg.io/media/screenshots/045/04518133f7c8e94185b91ee436ffe758.jpg'}, {'id': 27392, 'name': 'Bruce', 'slug': 'bruce', 'games_count': 1, 'image_background': 'https://media.rawg.io/media/screenshots/079/0790b0590e10013d7ccae004f60eb071.jpg'}]",[],"[{'id': 31, 'name': 'Singleplayer', 'slug': 'singleplayer', 'language': 'eng', 'games_count': 238404, 'image_background': 'https://media.rawg.io/media/games/26d/26d4437715bee60138dab4a7c8c59c92.jpg'}, {'id': 7, 'name': 'Multiplayer', 'slug': 'multiplayer', 'language': 'eng', 'games_count': 40505, 'image_background': 'https://media.rawg.io/media/games/021/021c4e21a1824d2526f925eff6324653.jpg'}, {'id': 351, 'name': 'Two-player', 'slug': 'two-player', 'language': 'eng', 'games_count': 272, 'image_background': 'https://media.rawg.io/media/screenshots/1c1/1c1c7ba1dc364dc71e522acd045aa428.jpg'}]","[{'id': 11551, 'name': 'Access Software', 'slug': 'access-software', 'games_count': 16, 'image_background': 'https://media.rawg.io/media/screenshots/49a/49a69bea74c924d41086f5e1bcb4d829.jpg'}, {'id': 20044, 'name': 'Indie Built', 'slug': 'indie-built', 'games_count': 4, 'image_background': 'https://media.rawg.io/media/screenshots/747/747390700d8125f7fce385ac02a14df7.jpg'}, {'id': 20494, 'name': '1985', 'slug': 'publisher-93', 'games_count': 1, 'image_background': 'https://media.rawg.io/media/screenshots/079/0790b0590e10013d7ccae004f60eb071.jpg'}]",,,"Beach-Head II: The Dictator Strikes Back is a 1985 computer game, a sequel to Beach-Head. It was developed and published by Access Software. It was designed by Bruce Carver and his brother, Roger, and was released for the Amstrad CPC, Apple II, Atari 8-bit (Atari 400/800), Commodore 64 and ZX Spectrum.
The spelling of the game's name varies. The title screen spells it ""Beach Head"", while the box renders it ""Beach-Head"".",,7.0,2.0,1.0,1.0,,,,,,,,,,,,,,,,,,,0.0,
55609,super-robin-hood,Super Robin Hood,Super Robin Hood,"<p>Super Robin Hood is a Robin Hood-themed platform game published in November 1985 by Codemasters. It was reworked as Robin Hood: Legend Quest in 1992 when it was also released for the Amiga and Atari ST.</p>
<p>The Oliver twins developed the game for the Amstrad CPC when they were age 17; it and was their first game published by Codemasters. Codemasters offered the brothers £10,000 for the game, because the company expected to sell 100,000 copies with royalties of 10p per unit sold. The twins worked on a single computer in a bedroom of their parents' house. Working in shifts, they coded for 18 to 23 hours per day; they took 30 minute breaks to allow the computer to cool. Sometimes, one brother coded on paper while the other used the computer.</p>
<p>The game was well-received by critics, and sold well. After Codemasters asked the brothers to produce another game, they developed Ghost Hunters, which was released in February 1986.</p>
<p>Codemasters reworked Super Robin Hood for the NES (also released on the four-in-one NES cartridge Quattro Adventure, published by Camerica in 1993). This reworked version was also released as Robin Hood: Legend Quest in 1992 and 1993 on both the 8-bit home computers the first game had been released on as well as 16-bit home computers.</p>",,[],1985-11-01,False,2019-08-28T22:26:02,https://media.rawg.io/media/screenshots/4ec/4ecce0f43472b98c51f56bb5c61cddb5.jpg,https://media.rawg.io/media/screenshots/2cd/2cd305a5cd43635ba49611e13c152367.jpg,,0.0,0,"[{'id': 3, 'title': 'meh', 'count': 1, 'percent': 100.0}]",11,0,9,0,1,0,0,,,,,0,0,0,0,1,346,[],,0,0,0,,1,0f0f0f,0f0f0f,"[{'platform': {'id': 10, 'name': 'Commodore / Amiga', 'slug': 'commodore-amiga'}}]","[{'platform': {'id': 166, 'name': 'Commodore / Amiga', 'slug': 'commodore-amiga', 'image': None, 'year_end': None, 'year_start': None, 'games_count': 2083, 'image_background': 'https://media.rawg.io/media/games/cce/cce8bebe861f295003f5a9fe5b11233f.jpg'}, 'released_at': '1985-11-01', 'requirements': {}}]",[],"[{'id': 26701, 'name': 'Oliver Twins', 'slug': 'oliver-twins', 'games_count': 11, 'image_background': 'https://media.rawg.io/media/screenshots/0e8/0e8a982e042c53a4b881e90846f20996.jpg'}, {'id': 26919, 'name': 'The Oliver Twins', 'slug': 'the-oliver-twins', 'games_count': 2, 'image_background': 'https://media.rawg.io/media/screenshots/4ec/4ecce0f43472b98c51f56bb5c61cddb5.jpg'}]",[],"[{'id': 31, 'name': 'Singleplayer', 'slug': 'singleplayer', 'language': 'eng', 'games_count': 238404, 'image_background': 'https://media.rawg.io/media/games/26d/26d4437715bee60138dab4a7c8c59c92.jpg'}]","[{'id': 1294, 'name': 'Codemasters', 'slug': 'codemasters', 'games_count': 178, 'image_background': 'https://media.rawg.io/media/games/640/6409857596fe6553d3bb5af9a17f6160.jpg'}]",,,"Super Robin Hood is a Robin Hood-themed platform game published in November 1985 by Codemasters. It was reworked as Robin Hood: Legend Quest in 1992 when it was also released for the Amiga and Atari ST.
The Oliver twins developed the game for the Amstrad CPC when they were age 17; it and was their first game published by Codemasters. Codemasters offered the brothers £10,000 for the game, because the company expected to sell 100,000 copies with royalties of 10p per unit sold. The twins worked on a single computer in a bedroom of their parents' house. Working in shifts, they coded for 18 to 23 hours per day; they took 30 minute breaks to allow the computer to cool. Sometimes, one brother coded on paper while the other used the computer.
The game was well-received by critics, and sold well. After Codemasters asked the brothers to produce another game, they developed Ghost Hunters, which was released in February 1986.
Codemasters reworked Super Robin Hood for the NES (also released on the four-in-one NES cartridge Quattro Adventure, published by Camerica in 1993). This reworked version was also released as Robin Hood: Legend Quest in 1992 and 1993 on both the 8-bit home computers the first game had been released on as well as 16-bit home computers.",,6.0,2.0,2.0,1.0,,,,,,,,,,,,,,,,,,,0.0,
56672,nodes-of-yesod,Nodes of Yesod,Nodes of Yesod,"<p>Nodes of Yesod is a video game developed and published by Odin Computer Graphics in 1985. The game is similar to Underwurlde, which was released a year earlier, and the later Metroid.</p>
<p>The game was released for the Amstrad CPC, Commodore 64, Elan Enterprise 64 and 128 and ZX Spectrum platforms. Versions were also planned for the BBC Micro and MSX platforms but these were cancelled.</p>
<p>On the ZX Spectrum, the game came in separate 48K and 128K versions. The latter had improved title-screen music, in-game music and additional synthesised speech.</p>
<p>A sequel, The Arc of Yesod, was also published the same year.</p>
<p>A ""25th Anniversary Edition"" was released in 2010 for the iPhone and iOS (Apple) devices. This version included a ""classic mode"" (very similar to the original ZX Spectrum version) and an ""enhanced mode"", which featured new colour graphics, help system, map system, save/resume game feature and remixed music.</p>",,[],1985-01-01,False,2019-08-28T22:00:21,https://media.rawg.io/media/screenshots/de1/de1f7e368384dc463222dea6fb87d75c.jpg,https://media.rawg.io/media/screenshots/601/601dd90354e6530a05328e2416d74db7.jpg,,0.0,0,[],11,0,9,0,6,0,0,,,,,0,0,0,0,0,279,[],,0,0,0,,0,0f0f0f,0f0f0f,"[{'platform': {'id': 10, 'name': 'Commodore / Amiga', 'slug': 'commodore-amiga'}}]","[{'platform': {'id': 166, 'name': 'Commodore / Amiga', 'slug': 'commodore-amiga', 'image': None, 'year_end': None, 'year_start': None, 'games_count': 2083, 'image_background': 'https://media.rawg.io/media/games/cce/cce8bebe861f295003f5a9fe5b11233f.jpg'}, 'released_at': '1985-01-01', 'requirements': {}}]",[],"[{'id': 27363, 'name': 'Odin Computer Graphics', 'slug': 'odin-computer-graphics', 'games_count': 5, 'image_background': 'https://media.rawg.io/media/screenshots/de1/de1f7e368384dc463222dea6fb87d75c.jpg'}]",[],"[{'id': 31, 'name': 'Singleplayer', 'slug': 'singleplayer', 'language': 'eng', 'games_count': 238404, 'image_background': 'https://media.rawg.io/media/games/26d/26d4437715bee60138dab4a7c8c59c92.jpg'}]",[],,,"Nodes of Yesod is a video game developed and published by Odin Computer Graphics in 1985. The game is similar to Underwurlde, which was released a year earlier, and the later Metroid.
The game was released for the Amstrad CPC, Commodore 64, Elan Enterprise 64 and 128 and ZX Spectrum platforms. Versions were also planned for the BBC Micro and MSX platforms but these were cancelled.
On the ZX Spectrum, the game came in separate 48K and 128K versions. The latter had improved title-screen music, in-game music and additional synthesised speech.
A sequel, The Arc of Yesod, was also published the same year.
A ""25th Anniversary Edition"" was released in 2010 for the iPhone and iOS (Apple) devices. This version included a ""classic mode"" (very similar to the original ZX Spectrum version) and an ""enhanced mode"", which featured new colour graphics, help system, map system, save/resume game feature and remixed music.",,6.0,2.0,2.0,1.0,,,,,,,,,,,,,,,,,,,0.0,
55577,paradroid,Paradroid,Paradroid,"<p>Paradroid is a Commodore 64 computer game written by Andrew Braybrook and published by Hewson Consultants in 1985. It is a shoot 'em up with puzzle elements and was critically appraised at release. The objective is to clear a fleet of spaceships of hostile robots by destroying them or taking them over via a mini-game. It was later remade as Paradroid 90 for the Commodore Amiga and Atari ST home computers and as Paradroid 2000 for the Acorn Archimedes. There exist several fan-made remakes for modern PCs. In 2004 the Commodore 64 version was re-released as a built-in game on the C64 Direct-to-TV, and in 2008 for the Wii Virtual Console in Europe.</p>",,[],1985-01-01,False,2019-08-28T22:00:58,https://media.rawg.io/media/screenshots/74a/74aec72acc5a87f4e6ba11c750b2f502.jpg,https://media.rawg.io/media/screenshots/3ae/3ae17d4ad43b89491159d8df745725ac.jpg,,0.0,0,[],11,0,8,0,1,0,0,,,,,0,0,0,0,0,141,[],,0,0,0,,0,0f0f0f,0f0f0f,"[{'platform': {'id': 4, 'name': 'iOS', 'slug': 'ios'}}, {'platform': {'id': 7, 'name': 'Nintendo', 'slug': 'nintendo'}}, {'platform': {'id': 10, 'name': 'Commodore / Amiga', 'slug': 'commodore-amiga'}}]","[{'platform': {'id': 166, 'name': 'Commodore / Amiga', 'slug': 'commodore-amiga', 'image': None, 'year_end': None, 'year_start': None, 'games_count': 2083, 'image_background': 'https://media.rawg.io/media/games/cce/cce8bebe861f295003f5a9fe5b11233f.jpg'}, 'released_at': '1985-01-01', 'requirements': {}}, {'platform': {'id': 3, 'name': 'iOS', 'slug': 'ios', 'image': None, 'year_end': None, 'year_start': None, 'games_count': 77392, 'image_background': 'https://media.rawg.io/media/games/5fa/5fae5fec3c943179e09da67a4427d68f.jpg'}, 'released_at': '1985-01-01', 'requirements': {}}, {'platform': {'id': 11, 'name': 'Wii', 'slug': 'wii', 'image': None, 'year_end': None, 'year_start': None, 'games_count': 2209, 'image_background': 'https://media.rawg.io/media/games/9ca/9ca31615beee447f3ae1dc9b3b736dce.jpg'}, 'released_at': '1985-01-01', 'requirements': {}}]",[],"[{'id': 15773, 'name': 'Graftgold', 'slug': 'graftgold', 'games_count': 12, 'image_background': 'https://media.rawg.io/media/screenshots/acf/acf6d495920bbb762b8a7d48d0105fcf.jpg'}]","[{'id': 7, 'name': 'Puzzle', 'slug': 'puzzle', 'games_count': 97333, 'image_background': 'https://media.rawg.io/media/games/9f4/9f418898f5415668ca47b5f4ab1ecfeb.jpg'}]","[{'id': 31, 'name': 'Singleplayer', 'slug': 'singleplayer', 'language': 'eng', 'games_count': 238404, 'image_background': 'https://media.rawg.io/media/games/26d/26d4437715bee60138dab4a7c8c59c92.jpg'}]","[{'id': 19882, 'name': 'Hewson Consultants', 'slug': 'hewson-consultants', 'games_count': 19, 'image_background': 'https://media.rawg.io/media/screenshots/f8d/f8d83c0295a040005c54656cacd5868c.jpg'}]",,,"Paradroid is a Commodore 64 computer game written by Andrew Braybrook and published by Hewson Consultants in 1985. It is a shoot 'em up with puzzle elements and was critically appraised at release. The objective is to clear a fleet of spaceships of hostile robots by destroying them or taking them over via a mini-game. It was later remade as Paradroid 90 for the Commodore Amiga and Atari ST home computers and as Paradroid 2000 for the Acorn Archimedes. There exist several fan-made remakes for modern PCs. In 2004 the Commodore 64 version was re-released as a built-in game on the C64 Direct-to-TV, and in 2008 for the Wii Virtual Console in Europe.",,6.0,2.0,2.0,1.0,,,,,,,,,,,,,,,,,,,0.0,
56694,peter-pack-rat,Peter Pack Rat,Peter Pack Rat,"<p>Peter Pack Rat is a 1985 platform game developed and released by Atari Games for the Atari System 1 arcade hardware. The game was programmed by Peter Thompson, with graphics by Debbie Hayes and music by Brad Fuller. The game was only produced in small quantities, either as a standalone cabinet or as an upgrade kit to existing ones (Atari part no. 136028). It was ported to the Commodore 64, Amstrad CPC, and ZX Spectrum home computers in 1989 by Software Creations and released by Silverbird Software, with the Commodore 64 version featuring arranged music by Tim Follin.</p>",,[],1985-07-01,False,2019-08-28T22:00:21,https://media.rawg.io/media/screenshots/4b0/4b0a1ffa35a0f0c7cd3102b3f4b370d6.jpg,https://media.rawg.io/media/screenshots/72d/72d06f2cff7f8529995bfb40ee91688b.jpg,,0.0,0,"[{'id': 3, 'title': 'meh', 'count': 1, 'percent': 100.0}]",11,0,9,0,0,0,0,,,,,0,0,0,0,1,237,[],,0,0,0,,1,0f0f0f,0f0f0f,"[{'platform': {'id': 10, 'name': 'Commodore / Amiga', 'slug': 'commodore-amiga'}}]","[{'platform': {'id': 166, 'name': 'Commodore / Amiga', 'slug': 'commodore-amiga', 'image': None, 'year_end': None, 'year_start': None, 'games_count': 2083, 'image_background': 'https://media.rawg.io/media/games/cce/cce8bebe861f295003f5a9fe5b11233f.jpg'}, 'released_at': '1985-07-01', 'requirements': {}}]",[],"[{'id': 656, 'name': 'Atari', 'slug': 'atari', 'games_count': 137, 'image_background': 'https://media.rawg.io/media/games/0d2/0d2d6f345cd77639d65a235cb7dd0a21.jpg'}, {'id': 15552, 'name': 'Software Creations', 'slug': 'software-creations', 'games_count': 41, 'image_background': 'https://media.rawg.io/media/screenshots/dcc/dccef85450466b97c54b75041254b4b9.jpg'}, {'id': 14828, 'name': 'Atari Games', 'slug': 'atari-games', 'games_count': 50, 'image_background': 'https://media.rawg.io/media/games/118/1189a10aafa6349dcdf24dfa2060fe57.jpg'}]",[],"[{'id': 31, 'name': 'Singleplayer', 'slug': 'singleplayer', 'language': 'eng', 'games_count': 238404, 'image_background': 'https://media.rawg.io/media/games/26d/26d4437715bee60138dab4a7c8c59c92.jpg'}, {'id': 7, 'name': 'Multiplayer', 'slug': 'multiplayer', 'language': 'eng', 'games_count': 40505, 'image_background': 'https://media.rawg.io/media/games/021/021c4e21a1824d2526f925eff6324653.jpg'}]","[{'id': 1779, 'name': 'Atari', 'slug': 'atari', 'games_count': 507, 'image_background': 'https://media.rawg.io/media/games/d82/d82dbcf92ded452bf8c6fb1bbdd62e52.jpg'}, {'id': 20592, 'name': 'Silverbird Software', 'slug': 'silverbird-software', 'games_count': 2, 'image_background': 'https://media.rawg.io/media/screenshots/4b0/4b0a1ffa35a0f0c7cd3102b3f4b370d6.jpg'}]",,,"Peter Pack Rat is a 1985 platform game developed and released by Atari Games for the Atari System 1 arcade hardware. The game was programmed by Peter Thompson, with graphics by Debbie Hayes and music by Brad Fuller. The game was only produced in small quantities, either as a standalone cabinet or as an upgrade kit to existing ones (Atari part no. 136028). It was ported to the Commodore 64, Amstrad CPC, and ZX Spectrum home computers in 1989 by Software Creations and released by Silverbird Software, with the Commodore 64 version featuring arranged music by Tim Follin.",,5.0,3.0,2.0,1.0,,,,,,,,,,,,,,,,,,,0.0,
56335,barry-mcguigan-world-championship-boxing,Barry McGuigan World Championship Boxing,Barry McGuigan World Championship Boxing,"<p>Barry McGuigan World Championship Boxing is a British 1985 computer game for 8-bit home computers released by Activision and later re-released by Mastertronic for the Amstrad CPC, Commodore 64 and ZX Spectrum. Released as Star Rank Boxing in the United States. Designed by Doug Barnett and developed by Troy Lyndon.</p>",,[],1985-01-01,False,2019-08-28T22:25:59,https://media.rawg.io/media/screenshots/5a2/5a25f31339345898acea1e052da12cc8.jpg,https://media.rawg.io/media/screenshots/dd9/dd9de36a43a8e9f9211b553bd251e21e.jpg,,0.0,0,"[{'id': 1, 'title': 'skip', 'count': 1, 'percent': 100.0}]",11,0,9,0,2,0,0,,,,,0,0,0,0,1,286,[],,0,0,0,,1,0f0f0f,0f0f0f,"[{'platform': {'id': 10, 'name': 'Commodore / Amiga', 'slug': 'commodore-amiga'}}]","[{'platform': {'id': 166, 'name': 'Commodore / Amiga', 'slug': 'commodore-amiga', 'image': None, 'year_end': None, 'year_start': None, 'games_count': 2083, 'image_background': 'https://media.rawg.io/media/games/cce/cce8bebe861f295003f5a9fe5b11233f.jpg'}, 'released_at': '1985-01-01', 'requirements': {}}]",[],"[{'id': 27386, 'name': 'Troy Lyndon', 'slug': 'troy-lyndon', 'games_count': 1, 'image_background': 'https://media.rawg.io/media/screenshots/5a2/5a25f31339345898acea1e052da12cc8.jpg'}]","[{'id': 15, 'name': 'Sports', 'slug': 'sports', 'games_count': 22123, 'image_background': 'https://media.rawg.io/media/games/5eb/5eb49eb2fa0738fdb5bacea557b1bc57.jpg'}]","[{'id': 31, 'name': 'Singleplayer', 'slug': 'singleplayer', 'language': 'eng', 'games_count': 238404, 'image_background': 'https://media.rawg.io/media/games/26d/26d4437715bee60138dab4a7c8c59c92.jpg'}, {'id': 418, 'name': '2 players', 'slug': '2-players', 'language': 'eng', 'games_count': 1244, 'image_background': 'https://media.rawg.io/media/screenshots/f9a/f9ac59bb4af2ca2193ee9ffb979577cf.jpg'}]","[{'id': 10830, 'name': 'Activision Blizzard', 'slug': 'activision-blizzard', 'games_count': 691, 'image_background': 'https://media.rawg.io/media/games/445/44507fdd60a8ec02b1c3c64a293ca754.jpg'}, {'id': 4799, 'name': 'Mastertronic', 'slug': 'mastertronic', 'games_count': 72, 'image_background': 'https://media.rawg.io/media/screenshots/bb4/bb424afaf45c23f5893753ab1c1eca27.jpg'}]",,,"Barry McGuigan World Championship Boxing is a British 1985 computer game for 8-bit home computers released by Activision and later re-released by Mastertronic for the Amstrad CPC, Commodore 64 and ZX Spectrum. Released as Star Rank Boxing in the United States. Designed by Doug Barnett and developed by Troy Lyndon.",,6.0,2.0,2.0,1.0,,,,,,,,,,,,,,,,,,,0.0,
53008,hardball-2,HardBall!,HardBall!,<p>HardBall! is the first in a series of popular baseball computer and video games published by Accolade. It was released for a variety of platforms between 1985 and 1991. The game was followed by sequels HardBall II and HardBall III.</p>,,[],1985-01-01,False,2023-02-08T10:51:32,https://media.rawg.io/media/screenshots/340/34041ef67e76738a6bebd324234f75c7.jpg,https://media.rawg.io/media/screenshots/f59/f59f3f13d4cbe79205dd684be5f971b0.jpg,,0.0,0,"[{'id': 3, 'title': 'meh', 'count': 1, 'percent': 100.0}]",11,0,24,0,3,0,0,,,,,0,0,0,0,1,294,[],,0,0,0,,1,0f0f0f,0f0f0f,"[{'platform': {'id': 1, 'name': 'PC', 'slug': 'pc'}}, {'platform': {'id': 2, 'name': 'PlayStation', 'slug': 'playstation'}}, {'platform': {'id': 5, 'name': 'Apple Macintosh', 'slug': 'mac'}}, {'platform': {'id': 9, 'name': 'Atari', 'slug': 'atari'}}, {'platform': {'id': 10, 'name': 'Commodore / Amiga', 'slug': 'commodore-amiga'}}, {'platform': {'id': 11, 'name': 'SEGA', 'slug': 'sega'}}]","[{'platform': {'id': 34, 'name': 'Atari ST', 'slug': 'atari-st', 'image': None, 'year_end': None, 'year_start': None, 'games_count': 836, 'image_background': 'https://media.rawg.io/media/games/637/637d7dc2f44d0f6ddd3ee2c0b1366962.jpg'}, 'released_at': '1985-01-01', 'requirements': {}}, {'platform': {'id': 41, 'name': 'Apple II', 'slug': 'apple-ii', 'image': None, 'year_end': None, 'year_start': None, 'games_count': 424, 'image_background': 'https://media.rawg.io/media/screenshots/3d2/3d2bb57b39e2efa39d1c385585b2ea8b.jpg'}, 'released_at': '1985-01-01', 'requirements': {}}, {'platform': {'id': 4, 'name': 'PC', 'slug': 'pc', 'image': None, 'year_end': None, 'year_start': None, 'games_count': 547196, 'image_background': 'https://media.rawg.io/media/games/6fc/6fcf4cd3b17c288821388e6085bb0fc9.jpg'}, 'released_at': '1985-01-01', 'requirements': {}}, {'platform': {'id': 25, 'name': 'Atari 8-bit', 'slug': 'atari-8-bit', 'image': None, 'year_end': None, 'year_start': None, 'games_count': 308, 'image_background': 'https://media.rawg.io/media/screenshots/038/0385a47d3a43b218204268af5361a19e.jpg'}, 'released_at': '1985-01-01', 'requirements': {}}, {'platform': {'id': 55, 'name': 'Classic Macintosh', 'slug': 'macintosh', 'image': None, 'year_end': None, 'year_start': None, 'games_count': 675, 'image_background': 'https://media.rawg.io/media/games/38a/38af969459ad6e5de116ec8a4a84218c.jpg'}, 'released_at': '1985-01-01', 'requirements': {}}, {'platform': {'id': 27, 'name': 'PlayStation', 'slug': 'playstation1', 'image': None, 'year_end': None, 'year_start': None, 'games_count': 1679, 'image_background': 'https://media.rawg.io/media/games/96a/96a48ac7487d9db9179d83170afcb16a.jpg'}, 'released_at': '1985-01-01', 'requirements': {}}, {'platform': {'id': 166, 'name': 'Commodore / Amiga', 'slug': 'commodore-amiga', 'image': None, 'year_end': None, 'year_start': None, 'games_count': 2083, 'image_background': 'https://media.rawg.io/media/games/cce/cce8bebe861f295003f5a9fe5b11233f.jpg'}, 'released_at': '1985-01-01', 'requirements': {}}, {'platform': {'id': 167, 'name': 'Genesis', 'slug': 'genesis', 'image': None, 'year_end': None, 'year_start': None, 'games_count': 849, 'image_background': 'https://media.rawg.io/media/screenshots/180/180b5f6e5d8c770bbbf941b9875046b6.jpg'}, 'released_at': '1985-01-01', 'requirements': {}}]",[],[],"[{'id': 14, 'name': 'Simulation', 'slug': 'simulation', 'games_count': 73491, 'image_background': 'https://media.rawg.io/media/games/48c/48cb04ca483be865e3a83119c94e6097.jpg'}, {'id': 15, 'name': 'Sports', 'slug': 'sports', 'games_count': 22123, 'image_background': 'https://media.rawg.io/media/games/5eb/5eb49eb2fa0738fdb5bacea557b1bc57.jpg'}]","[{'id': 31, 'name': 'Singleplayer', 'slug': 'singleplayer', 'language': 'eng', 'games_count': 238404, 'image_background': 'https://media.rawg.io/media/games/26d/26d4437715bee60138dab4a7c8c59c92.jpg'}, {'id': 7, 'name': 'Multiplayer', 'slug': 'multiplayer', 'language': 'eng', 'games_count': 40505, 'image_background': 'https://media.rawg.io/media/games/021/021c4e21a1824d2526f925eff6324653.jpg'}]","[{'id': 11540, 'name': 'Accolade', 'slug': 'accolade', 'games_count': 86, 'image_background': 'https://media.rawg.io/media/screenshots/d86/d86266847b2b502a7c22d3c67307626d.jpg'}]",,,HardBall! is the first in a series of popular baseball computer and video games published by Accolade. It was released for a variety of platforms between 1985 and 1991. The game was followed by sequels HardBall II and HardBall III.,1.0,6.0,1.0,2.0,1.0,,,,,,,,,,,,,,,,,,,0.0,
56494,frankie-goes-to-hollywood,Frankie Goes to Hollywood,Frankie Goes to Hollywood,"<p>Frankie Goes to Hollywood is a computer game that was developed by Denton Designs and published by Ocean Software Ltd in 1985 for the Commodore 64, Amstrad CPC and ZX Spectrum home computers. The game is based on music, imagery and slogans of the UK band Frankie Goes to Hollywood.</p>",,[],1985-01-01,False,2019-08-28T22:00:27,https://media.rawg.io/media/screenshots/a6c/a6cf8fa55feeacda5d9eaa99e5927ce9.jpg,https://media.rawg.io/media/screenshots/143/1436fea4b721a6afcd5602e960aa5714.jpg,,0.0,0,[],11,0,9,0,0,0,0,,,,,0,0,0,0,0,201,[],,0,0,0,,0,0f0f0f,0f0f0f,"[{'platform': {'id': 10, 'name': 'Commodore / Amiga', 'slug': 'commodore-amiga'}}]","[{'platform': {'id': 166, 'name': 'Commodore / Amiga', 'slug': 'commodore-amiga', 'image': None, 'year_end': None, 'year_start': None, 'games_count': 2083, 'image_background': 'https://media.rawg.io/media/games/cce/cce8bebe861f295003f5a9fe5b11233f.jpg'}, 'released_at': '1985-01-01', 'requirements': {}}]",[],"[{'id': 14738, 'name': 'Denton Designs', 'slug': 'denton-designs', 'games_count': 9, 'image_background': 'https://media.rawg.io/media/screenshots/07a/07a025fe6e7d16c0a049ee63ee1293ac.jpg'}]","[{'id': 7, 'name': 'Puzzle', 'slug': 'puzzle', 'games_count': 97333, 'image_background': 'https://media.rawg.io/media/games/9f4/9f418898f5415668ca47b5f4ab1ecfeb.jpg'}]","[{'id': 31, 'name': 'Singleplayer', 'slug': 'singleplayer', 'language': 'eng', 'games_count': 238404, 'image_background': 'https://media.rawg.io/media/games/26d/26d4437715bee60138dab4a7c8c59c92.jpg'}]","[{'id': 11474, 'name': 'Ocean Software', 'slug': 'ocean-software', 'games_count': 106, 'image_background': 'https://media.rawg.io/media/screenshots/11b/11b13a543a0ff469af2584b8831cc43b.jpg'}]",,,"Frankie Goes to Hollywood is a computer game that was developed by Denton Designs and published by Ocean Software Ltd in 1985 for the Commodore 64, Amstrad CPC and ZX Spectrum home computers. The game is based on music, imagery and slogans of the UK band Frankie Goes to Hollywood.",,5.0,2.0,3.0,1.0,,,,,,,,,,,,,,,,,,,0.0,
37401,robot-odyssey,Robot Odyssey,Robot Odyssey,<p>Robot Odyssey is an educational puzzle game developed by The Learning Company. It came out on 01-01-1985. It was published by The Learning Company. <br>Robot Odyssey is available on PC. <br>Ed Bogas scored the game. <br></p>,,[],1985-01-01,False,2023-02-08T10:51:27,https://media.rawg.io/media/screenshots/fdf/fdf020be5f56c7b3b6a3f0919de5c1af.jpg,https://media.rawg.io/media/screenshots/6cd/6cd5d2454fa9ca6fd8ff8fc8d3b1e777_c6Ndc7y.jpg,,0.0,0,[],11,0,11,0,2,0,0,,,,,0,0,0,0,0,217,[],,0,0,0,,0,0f0f0f,0f0f0f,"[{'platform': {'id': 1, 'name': 'PC', 'slug': 'pc'}}]","[{'platform': {'id': 4, 'name': 'PC', 'slug': 'pc', 'image': None, 'year_end': None, 'year_start': None, 'games_count': 547196, 'image_background': 'https://media.rawg.io/media/games/6fc/6fcf4cd3b17c288821388e6085bb0fc9.jpg'}, 'released_at': '1985-01-01', 'requirements': {}}]",[],"[{'id': 15533, 'name': 'The Learning Company', 'slug': 'the-learning-company', 'games_count': 11, 'image_background': 'https://media.rawg.io/media/screenshots/75c/75c22ac4b576f87a05c87fd388b062c8.jpg'}]","[{'id': 34, 'name': 'Educational', 'slug': 'educational', 'games_count': 15690, 'image_background': 'https://media.rawg.io/media/games/7ca/7ca90d463ea0c0252e7d01afe897ffa8.jpg'}, {'id': 7, 'name': 'Puzzle', 'slug': 'puzzle', 'games_count': 97333, 'image_background': 'https://media.rawg.io/media/games/9f4/9f418898f5415668ca47b5f4ab1ecfeb.jpg'}]",[],"[{'id': 10820, 'name': 'The Learning Company', 'slug': 'the-learning-company', 'games_count': 23, 'image_background': 'https://media.rawg.io/media/screenshots/881/881ce15d4e1cd5df139c554cae2f386e.jpg'}]",,,,1.0,5.0,2.0,2.0,1.0,,,,,,,,,,,,,,,,,,,0.0,
57279,teddy-boy-blues,Teddy Boy Blues,Teddy Boy Blues,"<p>Teddy Boy Blues – Yohko Ishino (テディボーイ・ブルース / 石野陽子, Tedibōi Burūzu / Ishino Yōko) is a 1985 arcade game made by Sega. It stars a young boy who is armed with a gun. Each level is an infinitely-repeating maze with several dice. Each die is filled with monsters which hatch out and the player must shoot to shrink, then collect them. If the player does not collect each shrunken monster quickly, it turns into a time-eating bug which flies to the time limit bar and consumes a chunk of it. If you touch one monster or run out of time then you lose a life. The game ends if all lives are lost. There are 50 distinct levels, called ""rounds"" in the game, even though the counter goes to 99 (the 100th level does not show). The player can play through the levels loops infinitely, with no apparent end. There are also ""bonus rounds"" every so often where the player can shoot colored dice to reveal prizes and increase his or her score.</p>
<p>The name of the arcade version was a reference to a 1985 hit song entitled ""Teddy Boy Blues"" by then-popular Japanese pop star Yōko Ishino, an instrumental version of which constantly played in the background during the game. An animated version of Ishino also appeared on the title screen and during the bonus rounds.</p>",,[],1985-01-01,False,2019-08-28T22:25:50,https://media.rawg.io/media/screenshots/a8c/a8c426d2808b34871481608baddb03a3.jpg,https://media.rawg.io/media/screenshots/ac0/ac00109e7afcd80c3612fd688cffd0cd.jpg,,0.0,0,"[{'id': 4, 'title': 'recommended', 'count': 1, 'percent': 50.0}, {'id': 3, 'title': 'meh', 'count': 1, 'percent': 50.0}]",10,0,8,0,0,0,0,,,,,0,0,0,0,2,136,[],,0,0,0,,2,0f0f0f,0f0f0f,"[{'platform': {'id': 11, 'name': 'SEGA', 'slug': 'sega'}}]","[{'platform': {'id': 74, 'name': 'SEGA Master System', 'slug': 'sega-master-system', 'image': None, 'year_end': None, 'year_start': None, 'games_count': 234, 'image_background': 'https://media.rawg.io/media/screenshots/a7f/a7f3cb62af2ee95d92065da88583338b.jpg'}, 'released_at': '1985-01-01', 'requirements': {}}, {'platform': {'id': 167, 'name': 'Genesis', 'slug': 'genesis', 'image': None, 'year_end': None, 'year_start': None, 'games_count': 849, 'image_background': 'https://media.rawg.io/media/screenshots/180/180b5f6e5d8c770bbbf941b9875046b6.jpg'}, 'released_at': '1985-01-01', 'requirements': {}}]",[],"[{'id': 425, 'name': 'SEGA', 'slug': 'sega', 'games_count': 578, 'image_background': 'https://media.rawg.io/media/screenshots/845/84595759d06a7c5ed2eab76f623454f7.jpeg'}]",[],"[{'id': 31, 'name': 'Singleplayer', 'slug': 'singleplayer', 'language': 'eng', 'games_count': 238404, 'image_background': 'https://media.rawg.io/media/games/26d/26d4437715bee60138dab4a7c8c59c92.jpg'}, {'id': 7, 'name': 'Multiplayer', 'slug': 'multiplayer', 'language': 'eng', 'games_count': 40505, 'image_background': 'https://media.rawg.io/media/games/021/021c4e21a1824d2526f925eff6324653.jpg'}]","[{'id': 3408, 'name': 'SEGA', 'slug': 'sega-2', 'games_count': 1262, 'image_background': 'https://media.rawg.io/media/games/be9/be9cf02720c9326e11d0fda14518554f.jpg'}]",,,"Teddy Boy Blues – Yohko Ishino (テディボーイ・ブルース / 石野陽子, Tedibōi Burūzu / Ishino Yōko) is a 1985 arcade game made by Sega. It stars a young boy who is armed with a gun. Each level is an infinitely-repeating maze with several dice. Each die is filled with monsters which hatch out and the player must shoot to shrink, then collect them. If the player does not collect each shrunken monster quickly, it turns into a time-eating bug which flies to the time limit bar and consumes a chunk of it. If you touch one monster or run out of time then you lose a life. The game ends if all lives are lost. There are 50 distinct levels, called ""rounds"" in the game, even though the counter goes to 99 (the 100th level does not show). The player can play through the levels loops infinitely, with no apparent end. There are also ""bonus rounds"" every so often where the player can shoot colored dice to reveal prizes and increase his or her score.
The name of the arcade version was a reference to a 1985 hit song entitled ""Teddy Boy Blues"" by then-popular Japanese pop star Yōko Ishino, an instrumental version of which constantly played in the background during the game. An animated version of Ishino also appeared on the title screen and during the bonus rounds.",,6.0,1.0,1.0,2.0,,,,,,,,,,,,,,,,,,,0.0,
56839,terrormolinos,Terrormolinos,Terrormolinos,"<p>Terrormolinos is a text adventure released by Melbourne House in 1985 for the ZX Spectrum, Commodore 64, Amstrad CPC, BBC Micro and Acorn Electron, all retailing for £7.95.</p>",,[],1985-01-01,False,2019-08-28T22:25:53,https://media.rawg.io/media/screenshots/a09/a09874216f0f09b2eaf6f566050d5eb3.jpg,https://media.rawg.io/media/screenshots/c45/c459e41f386f4a66aad74b52e86041af.jpg,,0.0,0,[],10,0,9,0,0,0,0,,,,,0,0,0,0,0,116,[],,0,0,0,,0,0f0f0f,0f0f0f,"[{'platform': {'id': 10, 'name': 'Commodore / Amiga', 'slug': 'commodore-amiga'}}]","[{'platform': {'id': 166, 'name': 'Commodore / Amiga', 'slug': 'commodore-amiga', 'image': None, 'year_end': None, 'year_start': None, 'games_count': 2083, 'image_background': 'https://media.rawg.io/media/games/cce/cce8bebe861f295003f5a9fe5b11233f.jpg'}, 'released_at': '1985-01-01', 'requirements': {}}]",[],"[{'id': 27618, 'name': 'Trevor Lever', 'slug': 'trevor-lever', 'games_count': 1, 'image_background': 'https://media.rawg.io/media/screenshots/a09/a09874216f0f09b2eaf6f566050d5eb3.jpg'}, {'id': 27619, 'name': 'Peter Jones', 'slug': 'peter-jones', 'games_count': 1, 'image_background': 'https://media.rawg.io/media/screenshots/a09/a09874216f0f09b2eaf6f566050d5eb3.jpg'}]","[{'id': 3, 'name': 'Adventure', 'slug': 'adventure', 'games_count': 146481, 'image_background': 'https://media.rawg.io/media/games/b6b/b6b20bfc4b34e312dbc8aac53c95a348.jpg'}]","[{'id': 31, 'name': 'Singleplayer', 'slug': 'singleplayer', 'language': 'eng', 'games_count': 238404, 'image_background': 'https://media.rawg.io/media/games/26d/26d4437715bee60138dab4a7c8c59c92.jpg'}]","[{'id': 11640, 'name': 'Melbourne House', 'slug': 'melbourne-house', 'games_count': 20, 'image_background': 'https://media.rawg.io/media/screenshots/4b5/4b5da9777256bee3ad67ce22db580604.jpg'}, {'id': 19919, 'name': 'Krome Studios Melbourne', 'slug': 'krome-studios-melbourne', 'games_count': 14, 'image_background': 'https://media.rawg.io/media/screenshots/753/753292d5a5792dd004033f0fdada95f7.jpg'}]",,,"Terrormolinos is a text adventure released by Melbourne House in 1985 for the ZX Spectrum, Commodore 64, Amstrad CPC, BBC Micro and Acorn Electron, all retailing for £7.95.",,5.0,2.0,2.0,1.0,,,,,,,,,,,,,,,,,,,0.0,
56520,grand-national,Grand National,Grand National,<p>Grand National is a British computer game that was published in 1985 for the ZX Spectrum based on the horse race of the same name. The goal is to win a race with your chosen horse at Aintree Racecourse while also having a bet on the outcome. An Amiga port was published in 1989.</p>,,[],1985-01-01,False,2019-01-09T12:41:06,https://media.rawg.io/media/screenshots/942/942ae8fe8efd6810d73d36082d100cf8.jpg,https://media.rawg.io/media/screenshots/900/900aafefc0a0b038494bea8733f458fb.jpg,,0.0,0,[],10,0,8,0,0,0,0,,,,,0,0,0,0,0,170,[],,0,0,0,,0,0f0f0f,0f0f0f,"[{'platform': {'id': 4, 'name': 'iOS', 'slug': 'ios'}}, {'platform': {'id': 10, 'name': 'Commodore / Amiga', 'slug': 'commodore-amiga'}}]","[{'platform': {'id': 3, 'name': 'iOS', 'slug': 'ios', 'image': None, 'year_end': None, 'year_start': None, 'games_count': 77392, 'image_background': 'https://media.rawg.io/media/games/5fa/5fae5fec3c943179e09da67a4427d68f.jpg'}, 'released_at': '1985-01-01', 'requirements': {}}, {'platform': {'id': 166, 'name': 'Commodore / Amiga', 'slug': 'commodore-amiga', 'image': None, 'year_end': None, 'year_start': None, 'games_count': 2083, 'image_background': 'https://media.rawg.io/media/games/cce/cce8bebe861f295003f5a9fe5b11233f.jpg'}, 'released_at': '1985-01-01', 'requirements': {}}]",[],[],"[{'id': 15, 'name': 'Sports', 'slug': 'sports', 'games_count': 22123, 'image_background': 'https://media.rawg.io/media/games/5eb/5eb49eb2fa0738fdb5bacea557b1bc57.jpg'}]","[{'id': 378, 'name': 'One player', 'slug': 'one-player-2', 'language': 'eng', 'games_count': 20, 'image_background': 'https://media.rawg.io/media/screenshots/fae/fae97e1c49e0a6d701e275166b1835f3.jpg'}]","[{'id': 11855, 'name': 'Elite Systems', 'slug': 'elite-systems', 'games_count': 28, 'image_background': 'https://media.rawg.io/media/screenshots/310/310b7ee55711ca5b0b4e7cd11a6bf3d1_FhUKexc.jpg'}]",,,Grand National is a British computer game that was published in 1985 for the ZX Spectrum based on the horse race of the same name. The goal is to win a race with your chosen horse at Aintree Racecourse while also having a bet on the outcome. An Amiga port was published in 1989.,,5.0,2.0,2.0,1.0,,,,,,,,,,,,,,,,,,,0.0,
55038,hex-1985,Hex (1985),Hex (1985),"<p>Hex is a turn-based strategy game developed by Mark of the Unicorn and published in 1985 for the then-new Atari ST, and later for the Amiga. The player controls a unicorn that is trying to turn all the hexes on the game board to the same colour. Opponents attempt to turn them to a different colour and thus defeat the unicorn. As the unicorn levels up, new spells are added to its repertoire, but only 5 can be used at any given time.</p>",,[],1985-01-01,False,2019-01-09T12:41:06,https://media.rawg.io/media/screenshots/e60/e60de5b41acf312ba96083b13d8de91d.jpg,https://media.rawg.io/media/screenshots/2c0/2c01a8a39d737f0c2d2b024fe2551123.jpg,,0.0,0,[],10,0,5,0,1,0,0,,,,,0,0,0,0,0,49,[],,0,0,0,,0,0f0f0f,0f0f0f,"[{'platform': {'id': 9, 'name': 'Atari', 'slug': 'atari'}}, {'platform': {'id': 10, 'name': 'Commodore / Amiga', 'slug': 'commodore-amiga'}}]","[{'platform': {'id': 166, 'name': 'Commodore / Amiga', 'slug': 'commodore-amiga', 'image': None, 'year_end': None, 'year_start': None, 'games_count': 2083, 'image_background': 'https://media.rawg.io/media/games/cce/cce8bebe861f295003f5a9fe5b11233f.jpg'}, 'released_at': '1985-01-01', 'requirements': {}}, {'platform': {'id': 34, 'name': 'Atari ST', 'slug': 'atari-st', 'image': None, 'year_end': None, 'year_start': None, 'games_count': 836, 'image_background': 'https://media.rawg.io/media/games/637/637d7dc2f44d0f6ddd3ee2c0b1366962.jpg'}, 'released_at': '1985-01-01', 'requirements': {}}]",[],"[{'id': 26961, 'name': 'Mark of the Unicorn', 'slug': 'mark-of-the-unicorn', 'games_count': 1, 'image_background': 'https://media.rawg.io/media/screenshots/e60/e60de5b41acf312ba96083b13d8de91d.jpg'}]",[],"[{'id': 1534, 'name': 'atari', 'slug': 'atari', 'language': 'eng', 'games_count': 1158, 'image_background': 'https://media.rawg.io/media/screenshots/d10/d10fdd0fc764ad4a5d70fffa6aee1175.jpg'}]",[],,,"Hex is a turn-based strategy game developed by Mark of the Unicorn and published in 1985 for the then-new Atari ST, and later for the Amiga. The player controls a unicorn that is trying to turn all the hexes on the game board to the same colour. Opponents attempt to turn them to a different colour and thus defeat the unicorn. As the unicorn levels up, new spells are added to its repertoire, but only 5 can be used at any given time.",1.0,5.0,2.0,1.0,1.0,,,,,,,,,,,,,,,,,,,0.0,
56613,lode-runners-rescue,Lode Runner's Rescue,Lode Runner's Rescue,"<p>Lode Runner's Rescue is a 1985 action game developed by Joshua Scholar for the Commodore 64 and Atari 8-bit computers as a follow-up to Doug Smiths's Lode Runner. Lode Runner was published by Brøderbund, but the sequel was published under the Synapse Software name, a company acquired by Brøderbund in 1984. While the original Lode Runner is drawn from a side view, Lode Runner's Rescue uses isometric projection to give a 3D feel.</p>",,[],1985-01-01,False,2019-08-28T22:00:23,https://media.rawg.io/media/screenshots/79d/79d3d5b4e827ea1a1bfbda7a2789adb0.jpg,https://media.rawg.io/media/screenshots/437/43731ecc1f19de8b7808e47c1323128b.jpg,,0.0,0,[],10,0,8,0,1,0,0,,,,,0,0,0,0,0,213,[],,0,0,14,,0,0f0f0f,0f0f0f,"[{'platform': {'id': 9, 'name': 'Atari', 'slug': 'atari'}}, {'platform': {'id': 10, 'name': 'Commodore / Amiga', 'slug': 'commodore-amiga'}}]","[{'platform': {'id': 166, 'name': 'Commodore / Amiga', 'slug': 'commodore-amiga', 'image': None, 'year_end': None, 'year_start': None, 'games_count': 2083, 'image_background': 'https://media.rawg.io/media/games/cce/cce8bebe861f295003f5a9fe5b11233f.jpg'}, 'released_at': '1985-01-01', 'requirements': {}}, {'platform': {'id': 25, 'name': 'Atari 8-bit', 'slug': 'atari-8-bit', 'image': None, 'year_end': None, 'year_start': None, 'games_count': 308, 'image_background': 'https://media.rawg.io/media/screenshots/038/0385a47d3a43b218204268af5361a19e.jpg'}, 'released_at': '1985-01-01', 'requirements': {}}]",[],[],"[{'id': 4, 'name': 'Action', 'slug': 'action', 'games_count': 186608, 'image_background': 'https://media.rawg.io/media/games/618/618c2031a07bbff6b4f611f10b6bcdbc.jpg'}]","[{'id': 31, 'name': 'Singleplayer', 'slug': 'singleplayer', 'language': 'eng', 'games_count': 238404, 'image_background': 'https://media.rawg.io/media/games/26d/26d4437715bee60138dab4a7c8c59c92.jpg'}]","[{'id': 20192, 'name': 'Synapse Software', 'slug': 'synapse-software', 'games_count': 11, 'image_background': 'https://media.rawg.io/media/screenshots/7b5/7b5d23f65718fc508970819cccc7867c.jpg'}]",,,"Lode Runner's Rescue is a 1985 action game developed by Joshua Scholar for the Commodore 64 and Atari 8-bit computers as a follow-up to Doug Smiths's Lode Runner. Lode Runner was published by Brøderbund, but the sequel was published under the Synapse Software name, a company acquired by Brøderbund in 1984. While the original Lode Runner is drawn from a side view, Lode Runner's Rescue uses isometric projection to give a 3D feel.",,5.0,2.0,2.0,1.0,,,,,,,,,,,,,,,,,,,0.0,
56439,dragon-skulle,Dragon Skulle,Dragon Skulle,"<p>Dragon Skulle is a video game for the Commodore 64 developed and released by Ultimate Play the Game in late 1985. It is a sequel to The Staff of Karnath, Entombed and Blackwyche, and is the final title to feature the aristocrat adventurer, <em>Sir Arthur Pendragon</em>. The game was created by brothers Dave and Robert (Bob) Thomas.</p>",,[],1985-01-01,False,2019-08-28T22:00:29,https://media.rawg.io/media/screenshots/4e7/4e7477bd30ac22159cc4bb1bbe5c2aeb.jpg,https://media.rawg.io/media/screenshots/03e/03ecf9e6964b8f20b22c61f9e96d62da.jpg,,0.0,0,[],10,0,8,0,2,0,0,,,,,0,0,0,0,0,190,[],,0,0,0,,0,0f0f0f,0f0f0f,"[{'platform': {'id': 10, 'name': 'Commodore / Amiga', 'slug': 'commodore-amiga'}}]","[{'platform': {'id': 166, 'name': 'Commodore / Amiga', 'slug': 'commodore-amiga', 'image': None, 'year_end': None, 'year_start': None, 'games_count': 2083, 'image_background': 'https://media.rawg.io/media/games/cce/cce8bebe861f295003f5a9fe5b11233f.jpg'}, 'released_at': '1985-01-01', 'requirements': {}}]",[],"[{'id': 27399, 'name': 'Ultimate Play the Game', 'slug': 'ultimate-play-the-game', 'games_count': 8, 'image_background': 'https://media.rawg.io/media/screenshots/7a5/7a5a2fc9e2813ff30471f86d5378e1eb.jpg'}]",[],"[{'id': 31, 'name': 'Singleplayer', 'slug': 'singleplayer', 'language': 'eng', 'games_count': 238404, 'image_background': 'https://media.rawg.io/media/games/26d/26d4437715bee60138dab4a7c8c59c92.jpg'}]","[{'id': 19346, 'name': 'Rare', 'slug': 'rare', 'games_count': 13, 'image_background': 'https://media.rawg.io/media/games/f62/f62d090119e5ff05c59036480123fd83.jpg'}, {'id': 20498, 'name': 'Ultimate Play the Game', 'slug': 'ultimate-play-the-game', 'games_count': 10, 'image_background': 'https://media.rawg.io/media/screenshots/94c/94c89990622d31e83712bd454b7c563a.jpg'}]",,,"Dragon Skulle is a video game for the Commodore 64 developed and released by Ultimate Play the Game in late 1985. It is a sequel to The Staff of Karnath, Entombed and Blackwyche, and is the final title to feature the aristocrat adventurer, Sir Arthur Pendragon. The game was created by brothers Dave and Robert (Bob) Thomas.",1.0,5.0,2.0,1.0,1.0,,,,,,,,,,,,,,,,,,,0.0,
56452,eddie-kidd-jump-challenge,Eddie Kidd Jump Challenge,Eddie Kidd Jump Challenge,"<p>Eddie Kidd Jump Challenge was a 1985 vehicle simulation game released for the Commodore 64, MSX, ZX Spectrum, Acorn Electron and BBC Micro, licensed by British stunt performer, Eddie Kidd.</p>",,[],1985-01-01,False,2019-08-28T22:00:28,https://media.rawg.io/media/screenshots/0a7/0a76c3546ed89149ed54cfc9889ea8f3.jpg,https://media.rawg.io/media/screenshots/c1e/c1e600682b834486aeb74a45bde6f20c.jpg,,0.0,0,[],10,0,7,0,0,0,0,,,,,0,0,0,0,0,152,[],,0,0,0,,0,0f0f0f,0f0f0f,"[{'platform': {'id': 10, 'name': 'Commodore / Amiga', 'slug': 'commodore-amiga'}}]","[{'platform': {'id': 166, 'name': 'Commodore / Amiga', 'slug': 'commodore-amiga', 'image': None, 'year_end': None, 'year_start': None, 'games_count': 2083, 'image_background': 'https://media.rawg.io/media/games/cce/cce8bebe861f295003f5a9fe5b11233f.jpg'}, 'released_at': '1985-01-01', 'requirements': {}}]",[],"[{'id': 27130, 'name': 'Martech', 'slug': 'martech', 'games_count': 3, 'image_background': 'https://media.rawg.io/media/screenshots/11b/11b3c0748c025bba6f60814fab6698b1.jpg'}]","[{'id': 15, 'name': 'Sports', 'slug': 'sports', 'games_count': 22123, 'image_background': 'https://media.rawg.io/media/games/5eb/5eb49eb2fa0738fdb5bacea557b1bc57.jpg'}]","[{'id': 31, 'name': 'Singleplayer', 'slug': 'singleplayer', 'language': 'eng', 'games_count': 238404, 'image_background': 'https://media.rawg.io/media/games/26d/26d4437715bee60138dab4a7c8c59c92.jpg'}]","[{'id': 20262, 'name': 'Martech', 'slug': 'martech', 'games_count': 7, 'image_background': 'https://media.rawg.io/media/screenshots/26b/26b4986f8b81237f8da48e7baa2d5e0e.jpg'}]",,,"Eddie Kidd Jump Challenge was a 1985 vehicle simulation game released for the Commodore 64, MSX, ZX Spectrum, Acorn Electron and BBC Micro, licensed by British stunt performer, Eddie Kidd.",,6.0,2.0,1.0,1.0,,,,,,,,,,,,,,,,,,,0.0,
56743,rockn-wrestle,Rock'n Wrestle,Rock'n Wrestle,"<p>Rock'n Wrestle is a professional wrestling video game released in 1985 for the ZX Spectrum, Amstrad and Commodore 64 game console.</p>",,[],1985-01-01,False,2023-02-08T10:51:27,https://media.rawg.io/media/screenshots/b20/b20bd3b88d140b6b6c0549b92f35956b.jpg,https://media.rawg.io/media/screenshots/e58/e5872a1d1402435802444fc2fe6df628.jpg,,0.0,0,[],10,0,12,0,5,0,0,,,,,0,0,0,0,0,338,[],,0,0,0,,0,0f0f0f,0f0f0f,"[{'platform': {'id': 1, 'name': 'PC', 'slug': 'pc'}}, {'platform': {'id': 5, 'name': 'Apple Macintosh', 'slug': 'mac'}}, {'platform': {'id': 9, 'name': 'Atari', 'slug': 'atari'}}, {'platform': {'id': 10, 'name': 'Commodore / Amiga', 'slug': 'commodore-amiga'}}]","[{'platform': {'id': 166, 'name': 'Commodore / Amiga', 'slug': 'commodore-amiga', 'image': None, 'year_end': None, 'year_start': None, 'games_count': 2083, 'image_background': 'https://media.rawg.io/media/games/cce/cce8bebe861f295003f5a9fe5b11233f.jpg'}, 'released_at': '1985-01-01', 'requirements': {}}, {'platform': {'id': 25, 'name': 'Atari 8-bit', 'slug': 'atari-8-bit', 'image': None, 'year_end': None, 'year_start': None, 'games_count': 308, 'image_background': 'https://media.rawg.io/media/screenshots/038/0385a47d3a43b218204268af5361a19e.jpg'}, 'released_at': '1985-01-01', 'requirements': {}}, {'platform': {'id': 41, 'name': 'Apple II', 'slug': 'apple-ii', 'image': None, 'year_end': None, 'year_start': None, 'games_count': 424, 'image_background': 'https://media.rawg.io/media/screenshots/3d2/3d2bb57b39e2efa39d1c385585b2ea8b.jpg'}, 'released_at': '1985-01-01', 'requirements': {}}, {'platform': {'id': 4, 'name': 'PC', 'slug': 'pc', 'image': None, 'year_end': None, 'year_start': None, 'games_count': 547196, 'image_background': 'https://media.rawg.io/media/games/6fc/6fcf4cd3b17c288821388e6085bb0fc9.jpg'}, 'released_at': '1985-01-01', 'requirements': {}}]",[],"[{'id': 13227, 'name': 'Beam Software', 'slug': 'beam-software', 'games_count': 73, 'image_background': 'https://media.rawg.io/media/screenshots/27e/27e552bc7ab2c13154ea7bc1e75c8c97.jpg'}, {'id': 26238, 'name': 'Krome Studios Melbourne', 'slug': 'krome-studios-melbourne', 'games_count': 43, 'image_background': 'https://media.rawg.io/media/screenshots/461/46155242dc47b7ae8b4dc9d524cffd3e.jpg'}]",[],"[{'id': 31, 'name': 'Singleplayer', 'slug': 'singleplayer', 'language': 'eng', 'games_count': 238404, 'image_background': 'https://media.rawg.io/media/games/26d/26d4437715bee60138dab4a7c8c59c92.jpg'}, {'id': 7, 'name': 'Multiplayer', 'slug': 'multiplayer', 'language': 'eng', 'games_count': 40505, 'image_background': 'https://media.rawg.io/media/games/021/021c4e21a1824d2526f925eff6324653.jpg'}]","[{'id': 11640, 'name': 'Melbourne House', 'slug': 'melbourne-house', 'games_count': 20, 'image_background': 'https://media.rawg.io/media/screenshots/4b5/4b5da9777256bee3ad67ce22db580604.jpg'}, {'id': 19919, 'name': 'Krome Studios Melbourne', 'slug': 'krome-studios-melbourne', 'games_count': 14, 'image_background': 'https://media.rawg.io/media/screenshots/753/753292d5a5792dd004033f0fdada95f7.jpg'}]",,,"Rock'n Wrestle is a professional wrestling video game released in 1985 for the ZX Spectrum, Amstrad and Commodore 64 game console.",1.0,4.0,2.0,2.0,1.0,,,,,,,,,,,,,,,,,,,0.0,
55509,kennedy-approach,Kennedy Approach,Kennedy Approach,<p>Kennedy Approach is an air traffic control simulation computer game released by MicroProse for the Atari 8-bit family and Commodore 64 in 1985. It was designed by Andy Hollis. Ports for the Amiga and Atari ST were published in 1988.</p>,,[],1985-01-01,False,2019-08-28T22:01:00,https://media.rawg.io/media/screenshots/2ce/2ceffd59db232b6c7843eb07c09afa4a.jpg,https://media.rawg.io/media/screenshots/f88/f8868209f31a99493e21715183ed046a.jpg,,0.0,0,[],10,0,8,0,1,0,0,,,,,0,0,0,0,0,191,[],,0,0,0,,0,0f0f0f,0f0f0f,"[{'platform': {'id': 9, 'name': 'Atari', 'slug': 'atari'}}, {'platform': {'id': 10, 'name': 'Commodore / Amiga', 'slug': 'commodore-amiga'}}]","[{'platform': {'id': 166, 'name': 'Commodore / Amiga', 'slug': 'commodore-amiga', 'image': None, 'year_end': None, 'year_start': None, 'games_count': 2083, 'image_background': 'https://media.rawg.io/media/games/cce/cce8bebe861f295003f5a9fe5b11233f.jpg'}, 'released_at': '1985-01-01', 'requirements': {}}, {'platform': {'id': 34, 'name': 'Atari ST', 'slug': 'atari-st', 'image': None, 'year_end': None, 'year_start': None, 'games_count': 836, 'image_background': 'https://media.rawg.io/media/games/637/637d7dc2f44d0f6ddd3ee2c0b1366962.jpg'}, 'released_at': '1985-01-01', 'requirements': {}}, {'platform': {'id': 25, 'name': 'Atari 8-bit', 'slug': 'atari-8-bit', 'image': None, 'year_end': None, 'year_start': None, 'games_count': 308, 'image_background': 'https://media.rawg.io/media/screenshots/038/0385a47d3a43b218204268af5361a19e.jpg'}, 'released_at': '1985-01-01', 'requirements': {}}]",[],"[{'id': 14511, 'name': 'MicroProse Software', 'slug': 'microprose-software', 'games_count': 122, 'image_background': 'https://media.rawg.io/media/screenshots/5e9/5e92af32e3cf118d0aa6a64acfd89ada.jpg'}]","[{'id': 14, 'name': 'Simulation', 'slug': 'simulation', 'games_count': 73491, 'image_background': 'https://media.rawg.io/media/games/48c/48cb04ca483be865e3a83119c94e6097.jpg'}]","[{'id': 31, 'name': 'Singleplayer', 'slug': 'singleplayer', 'language': 'eng', 'games_count': 238404, 'image_background': 'https://media.rawg.io/media/games/26d/26d4437715bee60138dab4a7c8c59c92.jpg'}]","[{'id': 11455, 'name': 'MicroProse', 'slug': 'microprose', 'games_count': 130, 'image_background': 'https://media.rawg.io/media/screenshots/05f/05f21409dac9ce60809bc1bce40d657a.jpg'}]",,,Kennedy Approach is an air traffic control simulation computer game released by MicroProse for the Atari 8-bit family and Commodore 64 in 1985. It was designed by Andy Hollis. Ports for the Amiga and Atari ST were published in 1988.,,5.0,2.0,2.0,1.0,,,,,,,,,,,,,,,,,,,0.0,
56680,one-man-and-his-droid,One Man and His Droid,One Man and His Droid,"<p>One Man and His Droid is a game published by Mastertronic in 1985 for use on the Amstrad CPC, Atari 8-bit, Commodore 16, Commodore 64 and ZX Spectrum home computer systems. The name of the game is a play on the title of the BBC television show One Man and His Dog. The object of the game is to use a droid to collect Ramboids, the male form of alien sheep. You must move these Ramboids into teleporters to win the game.</p>",,[],1985-01-01,False,2019-08-28T22:00:21,https://media.rawg.io/media/screenshots/e2d/e2d6e58cf4ddccddd1a74a55a97691ff.jpg,https://media.rawg.io/media/screenshots/605/605aa8cb0f02f1cedc446466d842b7f6.jpg,,0.0,0,[],10,0,10,0,1,0,0,,,,,0,0,0,0,0,277,[],,0,0,0,,0,0f0f0f,0f0f0f,"[{'platform': {'id': 9, 'name': 'Atari', 'slug': 'atari'}}, {'platform': {'id': 10, 'name': 'Commodore / Amiga', 'slug': 'commodore-amiga'}}]","[{'platform': {'id': 166, 'name': 'Commodore / Amiga', 'slug': 'commodore-amiga', 'image': None, 'year_end': None, 'year_start': None, 'games_count': 2083, 'image_background': 'https://media.rawg.io/media/games/cce/cce8bebe861f295003f5a9fe5b11233f.jpg'}, 'released_at': '1985-01-01', 'requirements': {}}, {'platform': {'id': 25, 'name': 'Atari 8-bit', 'slug': 'atari-8-bit', 'image': None, 'year_end': None, 'year_start': None, 'games_count': 308, 'image_background': 'https://media.rawg.io/media/screenshots/038/0385a47d3a43b218204268af5361a19e.jpg'}, 'released_at': '1985-01-01', 'requirements': {}}]",[],"[{'id': 27547, 'name': 'Clive Brooker', 'slug': 'clive-brooker', 'games_count': 1, 'image_background': 'https://media.rawg.io/media/screenshots/e2d/e2d6e58cf4ddccddd1a74a55a97691ff.jpg'}]","[{'id': 4, 'name': 'Action', 'slug': 'action', 'games_count': 186608, 'image_background': 'https://media.rawg.io/media/games/618/618c2031a07bbff6b4f611f10b6bcdbc.jpg'}, {'id': 7, 'name': 'Puzzle', 'slug': 'puzzle', 'games_count': 97333, 'image_background': 'https://media.rawg.io/media/games/9f4/9f418898f5415668ca47b5f4ab1ecfeb.jpg'}]","[{'id': 31, 'name': 'Singleplayer', 'slug': 'singleplayer', 'language': 'eng', 'games_count': 238404, 'image_background': 'https://media.rawg.io/media/games/26d/26d4437715bee60138dab4a7c8c59c92.jpg'}]","[{'id': 4799, 'name': 'Mastertronic', 'slug': 'mastertronic', 'games_count': 72, 'image_background': 'https://media.rawg.io/media/screenshots/bb4/bb424afaf45c23f5893753ab1c1eca27.jpg'}]",,,"One Man and His Droid is a game published by Mastertronic in 1985 for use on the Amstrad CPC, Atari 8-bit, Commodore 16, Commodore 64 and ZX Spectrum home computer systems. The name of the game is a play on the title of the BBC television show One Man and His Dog. The object of the game is to use a droid to collect Ramboids, the male form of alien sheep. You must move these Ramboids into teleporters to win the game.",,5.0,2.0,2.0,1.0,,,,,,,,,,,,,,,,,,,0.0,
55880,penguin-wars,Penguin Wars,Penguin Wars,"<p>Penguin Wars (ぺんぎんくんWARS, Pengin-kun WARS) is an arcade game released in 1985 by UPL. It was ported to the original Game Boy (1990), MSX and Nintendo Entertainment System by ASCII under the title Penguin Wars. The Game Boy version of the game is known as King of the Zoo in Europe and Penguin-Kun Wars Vs. in Japan.</p>",,[],1985-01-01,False,2019-08-28T22:00:48,https://media.rawg.io/media/screenshots/27a/27a4aa1701fb9fdc6aa3a93c92a23f8b.jpg,https://media.rawg.io/media/screenshots/db1/db1e868242d590dcf909078dfdb19b4e.jpg,,0.0,0,"[{'id': 3, 'title': 'meh', 'count': 1, 'percent': 100.0}]",10,0,10,0,0,0,0,,,,,0,0,0,0,1,127,[],,0,0,0,,1,0f0f0f,0f0f0f,"[{'platform': {'id': 7, 'name': 'Nintendo', 'slug': 'nintendo'}}]","[{'platform': {'id': 49, 'name': 'NES', 'slug': 'nes', 'image': None, 'year_end': None, 'year_start': None, 'games_count': 1015, 'image_background': 'https://media.rawg.io/media/games/7c5/7c50dd0415eb0a57505c58d4e50e4d24.jpg'}, 'released_at': '1985-01-01', 'requirements': {}}, {'platform': {'id': 26, 'name': 'Game Boy', 'slug': 'game-boy', 'image': None, 'year_end': None, 'year_start': None, 'games_count': 617, 'image_background': 'https://media.rawg.io/media/games/057/0573c1c9e1f2414c1f4acabe86ee9fd9.jpg'}, 'released_at': '1985-01-01', 'requirements': {}}]",[],"[{'id': 26924, 'name': 'UPL', 'slug': 'upl', 'games_count': 3, 'image_background': 'https://media.rawg.io/media/screenshots/27a/27a4aa1701fb9fdc6aa3a93c92a23f8b.jpg'}, {'id': 26659, 'name': 'Home Data', 'slug': 'home-data', 'games_count': 4, 'image_background': 'https://media.rawg.io/media/screenshots/27a/27a4aa1701fb9fdc6aa3a93c92a23f8b.jpg'}, {'id': 25988, 'name': 'Universal Entertainment', 'slug': 'universal-entertainment-corporation', 'games_count': 6, 'image_background': 'https://media.rawg.io/media/screenshots/909/9091d02f13477bede3bf9b724a672ae9.jpg'}]",[],"[{'id': 31, 'name': 'Singleplayer', 'slug': 'singleplayer', 'language': 'eng', 'games_count': 238404, 'image_background': 'https://media.rawg.io/media/games/26d/26d4437715bee60138dab4a7c8c59c92.jpg'}, {'id': 7, 'name': 'Multiplayer', 'slug': 'multiplayer', 'language': 'eng', 'games_count': 40505, 'image_background': 'https://media.rawg.io/media/games/021/021c4e21a1824d2526f925eff6324653.jpg'}]","[{'id': 19658, 'name': 'ASCII', 'slug': 'ascii', 'games_count': 23, 'image_background': 'https://media.rawg.io/media/screenshots/0e9/0e949517ea386982360a4ce315a3eddc.jpg'}]",,,"Penguin Wars (ぺんぎんくんWARS, Pengin-kun WARS) is an arcade game released in 1985 by UPL. It was ported to the original Game Boy (1990), MSX and Nintendo Entertainment System by ASCII under the title Penguin Wars. The Game Boy version of the game is known as King of the Zoo in Europe and Penguin-Kun Wars Vs. in Japan.",,5.0,2.0,2.0,1.0,,,,,,,,,,,,,,,,,,,0.0,
56508,ghetto-blaster,Ghetto Blaster,Ghetto Blaster,<p>Ghetto Blaster is a computer game that was released for the Commodore 64 in 1985. It was developed by two former employees of the software house Taskset.</p>,,[],1985-01-01,False,2019-08-28T22:00:27,,,,0.0,0,[],10,0,0,0,2,0,0,,,,,0,0,0,0,0,0,[],,0,0,0,,0,0f0f0f,0f0f0f,"[{'platform': {'id': 10, 'name': 'Commodore / Amiga', 'slug': 'commodore-amiga'}}]","[{'platform': {'id': 166, 'name': 'Commodore / Amiga', 'slug': 'commodore-amiga', 'image': None, 'year_end': None, 'year_start': None, 'games_count': 2083, 'image_background': 'https://media.rawg.io/media/games/cce/cce8bebe861f295003f5a9fe5b11233f.jpg'}, 'released_at': '1985-01-01', 'requirements': {}}]",[],"[{'id': 27459, 'name': 'Mark Harrison', 'slug': 'mark-harrison', 'games_count': 1, 'image_background': ''}]","[{'id': 4, 'name': 'Action', 'slug': 'action', 'games_count': 186608, 'image_background': 'https://media.rawg.io/media/games/618/618c2031a07bbff6b4f611f10b6bcdbc.jpg'}]","[{'id': 31, 'name': 'Singleplayer', 'slug': 'singleplayer', 'language': 'eng', 'games_count': 238404, 'image_background': 'https://media.rawg.io/media/games/26d/26d4437715bee60138dab4a7c8c59c92.jpg'}]","[{'id': 19533, 'name': 'Virgin Interactive', 'slug': 'virgin-interactive', 'games_count': 108, 'image_background': 'https://media.rawg.io/media/games/f68/f68622c57a11c672b896f06dfb106c4b.jpg'}, {'id': 11608, 'name': 'Virgin Games', 'slug': 'virgin-games', 'games_count': 46, 'image_background': 'https://media.rawg.io/media/screenshots/e4c/e4c561a19fca9715165c36d36e5250ff.jpg'}]",,,Ghetto Blaster is a computer game that was released for the Commodore 64 in 1985. It was developed by two former employees of the software house Taskset.,,5.0,2.0,2.0,1.0,,,,,,,,,,,,,,,,,,,0.0,
56463,everyones-a-wally,Everyone's A Wally,Everyone's A Wally,"<p>Everyone&#39;s a Wally is a computer game released in 1985 by Mikro-Gen for the ZX Spectrum, Amstrad CPC and Commodore 64. The sequel to Pyjamarama, it featured the same hero character, Wally Week, and used an upgraded version of the same game engine.</p>",,[],1985-01-03,False,2022-03-28T16:25:52,,,,0.0,0,"[{'id': 1, 'title': 'skip', 'count': 1, 'percent': 100.0}]",10,0,0,0,0,0,0,,,,,0,0,0,0,1,0,[],,0,0,0,,1,0f0f0f,0f0f0f,"[{'platform': {'id': 4, 'name': 'iOS', 'slug': 'ios'}}, {'platform': {'id': 10, 'name': 'Commodore / Amiga', 'slug': 'commodore-amiga'}}]","[{'platform': {'id': 3, 'name': 'iOS', 'slug': 'ios', 'image': None, 'year_end': None, 'year_start': None, 'games_count': 77392, 'image_background': 'https://media.rawg.io/media/games/5fa/5fae5fec3c943179e09da67a4427d68f.jpg'}, 'released_at': '1985-01-03', 'requirements': {}}, {'platform': {'id': 166, 'name': 'Commodore / Amiga', 'slug': 'commodore-amiga', 'image': None, 'year_end': None, 'year_start': None, 'games_count': 2083, 'image_background': 'https://media.rawg.io/media/games/cce/cce8bebe861f295003f5a9fe5b11233f.jpg'}, 'released_at': '1985-01-03', 'requirements': {}}]",[],"[{'id': 27443, 'name': 'Chris Hinsley', 'slug': 'chris-hinsley', 'games_count': 3, 'image_background': 'https://media.rawg.io/media/screenshots/4fe/4fea1efd27ee7e5e21ca23a97e6f99be.jpg'}, {'id': 27444, 'name': 'Mikro-Gen', 'slug': 'mikro-gen', 'games_count': 1, 'image_background': ''}]","[{'id': 4, 'name': 'Action', 'slug': 'action', 'games_count': 186608, 'image_background': 'https://media.rawg.io/media/games/618/618c2031a07bbff6b4f611f10b6bcdbc.jpg'}, {'id': 7, 'name': 'Puzzle', 'slug': 'puzzle', 'games_count': 97333, 'image_background': 'https://media.rawg.io/media/games/9f4/9f418898f5415668ca47b5f4ab1ecfeb.jpg'}]","[{'id': 31, 'name': 'Singleplayer', 'slug': 'singleplayer', 'language': 'eng', 'games_count': 238404, 'image_background': 'https://media.rawg.io/media/games/26d/26d4437715bee60138dab4a7c8c59c92.jpg'}]","[{'id': 20531, 'name': 'Mikro-Gen', 'slug': 'mikro-gen', 'games_count': 4, 'image_background': 'https://media.rawg.io/media/screenshots/db1/db11b7db407be451065a2ed82b2f43b7.jpg'}]",,,"Everyone's a Wally is a computer game released in 1985 by Mikro-Gen for the ZX Spectrum, Amstrad CPC and Commodore 64. The sequel to Pyjamarama, it featured the same hero character, Wally Week, and used an upgraded version of the same game engine.",,5.0,2.0,2.0,1.0,,,,,,,,,,,,,,,,,,,0.0,
55750,turbo-sub,Turbo Sub,Turbo Sub,<p>Turbo Sub released in 1985 as an arcade shooter game by Entertainment Sciences. Then later in 1991 for the Atari Lynx. The arcade version was a one player game set in the future where you control a submersible ship against a horde of aliens. The Atari Lynx version is the same but can be played with two players and tells us the story is set in the 28th century on Earth. The planet has been invaded and the goal of the game is that the player must destroy all the aliens.</p>,,[],1985-01-01,False,2019-01-09T12:41:06,https://media.rawg.io/media/screenshots/523/523d180c80f9124adf77e72601a85dae.jpg,https://media.rawg.io/media/screenshots/150/1509fe01b63f776b0597d7ca5c7f1a6f.jpg,,0.0,0,[],10,0,8,0,3,0,0,,,,,0,0,0,0,0,298,[],,0,0,0,,0,0f0f0f,0f0f0f,"[{'platform': {'id': 9, 'name': 'Atari', 'slug': 'atari'}}]","[{'platform': {'id': 46, 'name': 'Atari Lynx', 'slug': 'atari-lynx', 'image': None, 'year_end': None, 'year_start': None, 'games_count': 57, 'image_background': 'https://media.rawg.io/media/screenshots/d71/d71b68d3f6b1810bc9d64d7aea746d30.jpg'}, 'released_at': '1985-01-01', 'requirements': {}}]",[],"[{'id': 27240, 'name': 'Entertainment Sciences', 'slug': 'entertainment-sciences', 'games_count': 1, 'image_background': 'https://media.rawg.io/media/screenshots/523/523d180c80f9124adf77e72601a85dae.jpg'}]",[],"[{'id': 418, 'name': '2 players', 'slug': '2-players', 'language': 'eng', 'games_count': 1244, 'image_background': 'https://media.rawg.io/media/screenshots/f9a/f9ac59bb4af2ca2193ee9ffb979577cf.jpg'}]","[{'id': 1779, 'name': 'Atari', 'slug': 'atari', 'games_count': 507, 'image_background': 'https://media.rawg.io/media/games/d82/d82dbcf92ded452bf8c6fb1bbdd62e52.jpg'}]",,,Turbo Sub released in 1985 as an arcade shooter game by Entertainment Sciences. Then later in 1991 for the Atari Lynx. The arcade version was a one player game set in the future where you control a submersible ship against a horde of aliens. The Atari Lynx version is the same but can be played with two players and tells us the story is set in the 28th century on Earth. The planet has been invaded and the goal of the game is that the player must destroy all the aliens.,,5.0,2.0,2.0,1.0,,,,,,,,,,,,,,,,,,,0.0,
56308,the-arc-of-yesod,The Arc of Yesod,The Arc of Yesod,<p>Arc of Yesod is a video game by Odin Computer Graphics published in 1985 for the Sinclair Spectrum and Commodore 64. It is the sequel to Nodes of Yesod.</p>,,[],1985-01-01,False,2019-08-28T22:00:33,https://media.rawg.io/media/screenshots/d43/d433419d42d332b31b66c2642bef2fd3.jpg,https://media.rawg.io/media/screenshots/667/667c6e30454eb6792331c867086e2495.jpg,,0.0,0,[],10,0,8,0,0,0,0,,,,,0,0,0,0,0,209,[],,0,0,0,,0,0f0f0f,0f0f0f,"[{'platform': {'id': 10, 'name': 'Commodore / Amiga', 'slug': 'commodore-amiga'}}]","[{'platform': {'id': 166, 'name': 'Commodore / Amiga', 'slug': 'commodore-amiga', 'image': None, 'year_end': None, 'year_start': None, 'games_count': 2083, 'image_background': 'https://media.rawg.io/media/games/cce/cce8bebe861f295003f5a9fe5b11233f.jpg'}, 'released_at': '1985-01-01', 'requirements': {}}]",[],"[{'id': 27363, 'name': 'Odin Computer Graphics', 'slug': 'odin-computer-graphics', 'games_count': 5, 'image_background': 'https://media.rawg.io/media/screenshots/de1/de1f7e368384dc463222dea6fb87d75c.jpg'}]",[],"[{'id': 31, 'name': 'Singleplayer', 'slug': 'singleplayer', 'language': 'eng', 'games_count': 238404, 'image_background': 'https://media.rawg.io/media/games/26d/26d4437715bee60138dab4a7c8c59c92.jpg'}]","[{'id': 20480, 'name': 'Thor Computer Software', 'slug': 'thor-computer-software', 'games_count': 2, 'image_background': 'https://media.rawg.io/media/screenshots/3d9/3d9f7320b9a76f2cbbe5494044f77c3e.jpg'}]",,,Arc of Yesod is a video game by Odin Computer Graphics published in 1985 for the Sinclair Spectrum and Commodore 64. It is the sequel to Nodes of Yesod.,,5.0,2.0,2.0,1.0,,,,,,,,,,,,,,,,,,,0.0,
56531,the-halley-project,The Halley Project,The Halley Project,"<p>The Halley Project is game developed for the Apple II, Commodore 64, Atari 8-bit family, by Omar Khudari and Tom Snyder and published by Mindscape in 1985. It was ported to the Amiga with updated graphics in 1986.</p>",,[],1985-01-01,False,2019-08-28T22:25:57,,,,0.0,0,[],10,0,0,0,5,0,0,,,,,0,0,0,0,0,0,[],,0,0,0,,0,0f0f0f,0f0f0f,"[{'platform': {'id': 10, 'name': 'Commodore / Amiga', 'slug': 'commodore-amiga'}}]","[{'platform': {'id': 166, 'name': 'Commodore / Amiga', 'slug': 'commodore-amiga', 'image': None, 'year_end': None, 'year_start': None, 'games_count': 2083, 'image_background': 'https://media.rawg.io/media/games/cce/cce8bebe861f295003f5a9fe5b11233f.jpg'}, 'released_at': '1985-01-01', 'requirements': {}}]",[],"[{'id': 27468, 'name': 'Tom Snyder', 'slug': 'tom-snyder', 'games_count': 1, 'image_background': ''}]","[{'id': 14, 'name': 'Simulation', 'slug': 'simulation', 'games_count': 73491, 'image_background': 'https://media.rawg.io/media/games/48c/48cb04ca483be865e3a83119c94e6097.jpg'}]","[{'id': 31, 'name': 'Singleplayer', 'slug': 'singleplayer', 'language': 'eng', 'games_count': 238404, 'image_background': 'https://media.rawg.io/media/games/26d/26d4437715bee60138dab4a7c8c59c92.jpg'}]","[{'id': 10943, 'name': 'MINDSCAPE', 'slug': 'mindscape', 'games_count': 108, 'image_background': 'https://media.rawg.io/media/screenshots/0b1/0b12ddf58af6047922a20dd0d310ad18.jpg'}]",,,"The Halley Project is game developed for the Apple II, Commodore 64, Atari 8-bit family, by Omar Khudari and Tom Snyder and published by Mindscape in 1985. It was ported to the Amiga with updated graphics in 1986.",,5.0,2.0,2.0,1.0,,,,,,,,,,,,,,,,,,,0.0,
264679,essex,Essex,Essex,"<p>Essex is a strategy game. It was originally released in 1985. The game is rated as ""Recommended"" on RAWG. <br>Essex is available on PC. </p>

<p></p>",,[],1985-01-01,False,2023-02-08T10:51:33,https://media.rawg.io/media/screenshots/45e/45e6c0a6c12807e9f91b1b2f94f3236b.jpg,https://media.rawg.io/media/screenshots/0e7/0e7bd091578515ff5f486b95cbecc0aa.jpg,,0.0,0,"[{'id': 4, 'title': 'recommended', 'count': 1, 'percent': 100.0}]",10,0,2,0,0,0,0,,,,,0,0,0,0,1,33,[],,0,0,0,,1,0f0f0f,0f0f0f,"[{'platform': {'id': 1, 'name': 'PC', 'slug': 'pc'}}]","[{'platform': {'id': 4, 'name': 'PC', 'slug': 'pc', 'image': None, 'year_end': None, 'year_start': None, 'games_count': 547196, 'image_background': 'https://media.rawg.io/media/games/6fc/6fcf4cd3b17c288821388e6085bb0fc9.jpg'}, 'released_at': '1985-01-01', 'requirements': {}}]",[],[],"[{'id': 10, 'name': 'Strategy', 'slug': 'strategy', 'games_count': 59661, 'image_background': 'https://media.rawg.io/media/games/08b/08b2eee52a9876a48b955e5149affe5b.jpg'}]",[],[],,,,1.0,4.0,3.0,1.0,1.0,,,,,,,,,,,,,,,,,,,0.0,
56717,quake-minus-one,Quake Minus One,Quake Minus One,<p>Quake Minus One is a real-time strategy video game published for the Commodore 64 by Monolith/Beyond in 1985 and was written by Warren Foulkes and Mike Singleton.</p>,,[],1985-01-01,False,2019-08-28T22:00:20,https://media.rawg.io/media/screenshots/330/33074f8ca800433af506de4b385048e6.jpg,https://media.rawg.io/media/screenshots/318/318f6da772775eb4a2d34e222a389eb2.jpg,,0.0,0,"[{'id': 1, 'title': 'skip', 'count': 1, 'percent': 100.0}]",10,0,8,0,0,0,0,,,,,0,0,0,0,1,147,[],,0,0,0,,1,0f0f0f,0f0f0f,"[{'platform': {'id': 10, 'name': 'Commodore / Amiga', 'slug': 'commodore-amiga'}}]","[{'platform': {'id': 166, 'name': 'Commodore / Amiga', 'slug': 'commodore-amiga', 'image': None, 'year_end': None, 'year_start': None, 'games_count': 2083, 'image_background': 'https://media.rawg.io/media/games/cce/cce8bebe861f295003f5a9fe5b11233f.jpg'}, 'released_at': '1985-01-01', 'requirements': {}}]",[],[],"[{'id': 10, 'name': 'Strategy', 'slug': 'strategy', 'games_count': 59661, 'image_background': 'https://media.rawg.io/media/games/08b/08b2eee52a9876a48b955e5149affe5b.jpg'}]","[{'id': 31, 'name': 'Singleplayer', 'slug': 'singleplayer', 'language': 'eng', 'games_count': 238404, 'image_background': 'https://media.rawg.io/media/games/26d/26d4437715bee60138dab4a7c8c59c92.jpg'}]","[{'id': 20598, 'name': 'Monolith/Beyond', 'slug': 'monolithbeyond', 'games_count': 1, 'image_background': 'https://media.rawg.io/media/screenshots/330/33074f8ca800433af506de4b385048e6.jpg'}]",,,Quake Minus One is a real-time strategy video game published for the Commodore 64 by Monolith/Beyond in 1985 and was written by Warren Foulkes and Mike Singleton.,,5.0,1.0,2.0,2.0,,,,,,,,,,,,,,,,,,,0.0,
56724,rags-to-riches-1985,Rags to Riches (1985),Rags to Riches (1985),"<p>Rags to Riches is a side-scrolling action-adventure game released in 1985 for the Commodore 64, developed by Bob Keener and published by Melody Hall Publishing Corp.</p>",,[],1985-01-01,False,2019-08-28T22:25:54,https://media.rawg.io/media/screenshots/c1d/c1d4cabb4877f44c7234de62fe5db44a.jpg,https://media.rawg.io/media/screenshots/450/450c5521f97f3bc817266d77a53c3c6c.jpg,,0.0,0,[],10,0,7,0,1,0,0,,,,,0,0,0,0,0,143,[],,0,0,0,,0,0f0f0f,0f0f0f,"[{'platform': {'id': 10, 'name': 'Commodore / Amiga', 'slug': 'commodore-amiga'}}]","[{'platform': {'id': 166, 'name': 'Commodore / Amiga', 'slug': 'commodore-amiga', 'image': None, 'year_end': None, 'year_start': None, 'games_count': 2083, 'image_background': 'https://media.rawg.io/media/games/cce/cce8bebe861f295003f5a9fe5b11233f.jpg'}, 'released_at': '1985-01-01', 'requirements': {}}]",[],"[{'id': 27563, 'name': 'Bob Keener', 'slug': 'bob-keener', 'games_count': 1, 'image_background': 'https://media.rawg.io/media/screenshots/c1d/c1d4cabb4877f44c7234de62fe5db44a.jpg'}]",[],"[{'id': 31, 'name': 'Singleplayer', 'slug': 'singleplayer', 'language': 'eng', 'games_count': 238404, 'image_background': 'https://media.rawg.io/media/games/26d/26d4437715bee60138dab4a7c8c59c92.jpg'}]","[{'id': 20599, 'name': 'Melody Hall Publishing Corp', 'slug': 'melody-hall-publishing-corp', 'games_count': 1, 'image_background': 'https://media.rawg.io/media/screenshots/c1d/c1d4cabb4877f44c7234de62fe5db44a.jpg'}]",,,"Rags to Riches is a side-scrolling action-adventure game released in 1985 for the Commodore 64, developed by Bob Keener and published by Melody Hall Publishing Corp.",,5.0,2.0,2.0,1.0,,,,,,,,,,,,,,,,,,,0.0,
56790,spellbound-1985,Spellbound (1985),Spellbound (1985),<p>Spellbound is a computer game that was designed and programmed by David Jones with music by Rob Hubbard and released in 1985 for the ZX Spectrum and Amstrad CPC (also with Ed Hickman) home computers. Versions for the Commodore 64 (with Richard Darling) and the Atari 8-bit computers (with Adrian Sheppard) and an enhanced 128K Spectrum version with music and additional graphics were all released in 1986. It is the second game in the Magic Knight series and was published by Mastertronic as part of their Mastertronic Added Dimension label.</p>,,[],1985-01-01,False,2019-08-28T22:00:18,https://media.rawg.io/media/screenshots/212/212ea9c715018c0fc1d2109393786f43.jpg,https://media.rawg.io/media/screenshots/b18/b18561debde7e6fceec38f0043be9efb.jpg,,0.0,0,[],10,0,8,0,3,0,0,,,,,0,0,0,0,0,241,[],,0,0,0,,0,0f0f0f,0f0f0f,"[{'platform': {'id': 9, 'name': 'Atari', 'slug': 'atari'}}, {'platform': {'id': 10, 'name': 'Commodore / Amiga', 'slug': 'commodore-amiga'}}]","[{'platform': {'id': 166, 'name': 'Commodore / Amiga', 'slug': 'commodore-amiga', 'image': None, 'year_end': None, 'year_start': None, 'games_count': 2083, 'image_background': 'https://media.rawg.io/media/games/cce/cce8bebe861f295003f5a9fe5b11233f.jpg'}, 'released_at': '1985-01-01', 'requirements': {}}, {'platform': {'id': 25, 'name': 'Atari 8-bit', 'slug': 'atari-8-bit', 'image': None, 'year_end': None, 'year_start': None, 'games_count': 308, 'image_background': 'https://media.rawg.io/media/screenshots/038/0385a47d3a43b218204268af5361a19e.jpg'}, 'released_at': '1985-01-01', 'requirements': {}}]",[],"[{'id': 27451, 'name': 'David Jones', 'slug': 'david-jones', 'games_count': 4, 'image_background': 'https://media.rawg.io/media/screenshots/014/014138e41532d5f82f1ac09aa281e440.jpg'}, {'id': 27507, 'name': 'Rob Hubbard', 'slug': 'rob-hubbard', 'games_count': 2, 'image_background': 'https://media.rawg.io/media/screenshots/014/014138e41532d5f82f1ac09aa281e440.jpg'}, {'id': 27595, 'name': 'Richard Darling', 'slug': 'richard-darling', 'games_count': 1, 'image_background': 'https://media.rawg.io/media/screenshots/212/212ea9c715018c0fc1d2109393786f43.jpg'}]",[],"[{'id': 31, 'name': 'Singleplayer', 'slug': 'singleplayer', 'language': 'eng', 'games_count': 238404, 'image_background': 'https://media.rawg.io/media/games/26d/26d4437715bee60138dab4a7c8c59c92.jpg'}]","[{'id': 4799, 'name': 'Mastertronic', 'slug': 'mastertronic', 'games_count': 72, 'image_background': 'https://media.rawg.io/media/screenshots/bb4/bb424afaf45c23f5893753ab1c1eca27.jpg'}]",,,Spellbound is a computer game that was designed and programmed by David Jones with music by Rob Hubbard and released in 1985 for the ZX Spectrum and Amstrad CPC (also with Ed Hickman) home computers. Versions for the Commodore 64 (with Richard Darling) and the Atari 8-bit computers (with Adrian Sheppard) and an enhanced 128K Spectrum version with music and additional graphics were all released in 1986. It is the second game in the Magic Knight series and was published by Mastertronic as part of their Mastertronic Added Dimension label.,,5.0,2.0,2.0,1.0,,,,,,,,,,,,,,,,,,,0.0,
56369,brian-bloodaxe,Brian Bloodaxe,Brian Bloodaxe,<p>Brian Bloodaxe is a British platform game written by Charles Bystram for the ZX Spectrum and released by The Edge Software in 1985. It was ported to the Commodore 64 and Amstrad CPC 464 by Trevor Inns.</p>,,[],1985-01-01,False,2019-08-28T22:25:59,https://media.rawg.io/media/screenshots/051/0519a747df5f7b837ff235a89cde0786.jpg,https://media.rawg.io/media/screenshots/6ee/6eeae64aea4004428a9e9ff510a806c9.jpg,,0.0,0,[],10,0,9,0,0,0,0,,,,,0,0,0,0,0,184,[],,0,0,0,,0,0f0f0f,0f0f0f,"[{'platform': {'id': 10, 'name': 'Commodore / Amiga', 'slug': 'commodore-amiga'}}]","[{'platform': {'id': 166, 'name': 'Commodore / Amiga', 'slug': 'commodore-amiga', 'image': None, 'year_end': None, 'year_start': None, 'games_count': 2083, 'image_background': 'https://media.rawg.io/media/games/cce/cce8bebe861f295003f5a9fe5b11233f.jpg'}, 'released_at': '1985-01-01', 'requirements': {}}]",[],"[{'id': 27407, 'name': 'Charles Bystram', 'slug': 'charles-bystram', 'games_count': 1, 'image_background': 'https://media.rawg.io/media/screenshots/051/0519a747df5f7b837ff235a89cde0786.jpg'}, {'id': 27408, 'name': 'Trevor Inns', 'slug': 'trevor-inns-ports', 'games_count': 1, 'image_background': 'https://media.rawg.io/media/screenshots/051/0519a747df5f7b837ff235a89cde0786.jpg'}]",[],"[{'id': 31, 'name': 'Singleplayer', 'slug': 'singleplayer', 'language': 'eng', 'games_count': 238404, 'image_background': 'https://media.rawg.io/media/games/26d/26d4437715bee60138dab4a7c8c59c92.jpg'}]","[{'id': 20228, 'name': 'Edge Games', 'slug': 'edge-games', 'games_count': 9, 'image_background': 'https://media.rawg.io/media/screenshots/54f/54f9e984187bb6676249fd71e73d3794.jpg'}, {'id': 20503, 'name': 'The Edge Software', 'slug': 'the-edge-software', 'games_count': 2, 'image_background': 'https://media.rawg.io/media/screenshots/051/0519a747df5f7b837ff235a89cde0786.jpg'}]",,,Brian Bloodaxe is a British platform game written by Charles Bystram for the ZX Spectrum and released by The Edge Software in 1985. It was ported to the Commodore 64 and Amstrad CPC 464 by Trevor Inns.,,6.0,2.0,1.0,1.0,,,,,,,,,,,,,,,,,,,0.0,
56875,a-view-to-a-kill,A View to a Kill,A View to a Kill,"<p>A View to a Kill is the name of two separate computer games released in 1985 and based on the James Bond film A View to a Kill. The first, an action game titled A View to a Kill: The Computer Game, was developed and published by Domark. It was available for the ZX Spectrum, Amstrad CPC, Commodore 64, Oric 1 and Oric Atmos, and MSX.</p>
<p>The second game, titled James Bond 007: A View to a Kill, is a text-based adventure video game for MS-DOS, Macintosh and Apple II computers. It was developed by Angelsoft, Inc. and published by Mindscape.</p>",,[],1985-01-01,False,2019-08-28T22:00:15,https://media.rawg.io/media/screenshots/a3e/a3e190918a2b0e0c40649151a635385e.jpg,https://media.rawg.io/media/screenshots/4c3/4c3cd9fcbdbee1d6c354cf4a04979194.jpg,,0.0,0,[],10,0,8,0,0,0,0,,,,,0,0,0,0,0,170,[],,0,0,0,,0,0f0f0f,0f0f0f,"[{'platform': {'id': 10, 'name': 'Commodore / Amiga', 'slug': 'commodore-amiga'}}]","[{'platform': {'id': 166, 'name': 'Commodore / Amiga', 'slug': 'commodore-amiga', 'image': None, 'year_end': None, 'year_start': None, 'games_count': 2083, 'image_background': 'https://media.rawg.io/media/games/cce/cce8bebe861f295003f5a9fe5b11233f.jpg'}, 'released_at': '1985-01-01', 'requirements': {}}]",[],"[{'id': 15493, 'name': 'Domark', 'slug': 'domark', 'games_count': 13, 'image_background': 'https://media.rawg.io/media/screenshots/ba8/ba88fad196edf98a1756654e2ed3de13.jpg'}, {'id': 26727, 'name': 'Domark Software', 'slug': 'domark-software', 'games_count': 5, 'image_background': 'https://media.rawg.io/media/games/e64/e64e26b93ac11f134ce51078ebfc3188.jpg'}, {'id': 27643, 'name': 'Angelsoft', 'slug': 'angelsoft', 'games_count': 2, 'image_background': 'https://media.rawg.io/media/screenshots/6eb/6eb19110655ed82faee66183a19ea210.jpg'}]","[{'id': 4, 'name': 'Action', 'slug': 'action', 'games_count': 186608, 'image_background': 'https://media.rawg.io/media/games/618/618c2031a07bbff6b4f611f10b6bcdbc.jpg'}]","[{'id': 31, 'name': 'Singleplayer', 'slug': 'singleplayer', 'language': 'eng', 'games_count': 238404, 'image_background': 'https://media.rawg.io/media/games/26d/26d4437715bee60138dab4a7c8c59c92.jpg'}]","[{'id': 10943, 'name': 'MINDSCAPE', 'slug': 'mindscape', 'games_count': 108, 'image_background': 'https://media.rawg.io/media/screenshots/0b1/0b12ddf58af6047922a20dd0d310ad18.jpg'}, {'id': 11758, 'name': 'Domark', 'slug': 'domark', 'games_count': 43, 'image_background': 'https://media.rawg.io/media/screenshots/a86/a861b4dbb312cce0e8c58e4b6e6ce142.jpg'}]",,,"A View to a Kill is the name of two separate computer games released in 1985 and based on the James Bond film A View to a Kill. The first, an action game titled A View to a Kill: The Computer Game, was developed and published by Domark. It was available for the ZX Spectrum, Amstrad CPC, Commodore 64, Oric 1 and Oric Atmos, and MSX.
The second game, titled James Bond 007: A View to a Kill, is a text-based adventure video game for MS-DOS, Macintosh and Apple II computers. It was developed by Angelsoft, Inc. and published by Mindscape.",,6.0,2.0,1.0,1.0,,,,,,,,,,,,,,,,,,,0.0,
54824,the-dukes-of-hazzard,The Dukes of Hazzard,The Dukes of Hazzard,"<p>The Dukes of Hazzard is a 1984 racing video game developed and published by Coleco for their ColecoVision game console and Coleco Adam computer. Elite Systems released a different game with the same title for the ZX Spectrum computer on February 23, 1985. Both versions are based on the television series of the same name.</p>
<p>Atari had previously made two separate attempts to release an Atari 2600 video game based on the series, but both versions failed to materialize.</p>",,[],1985-02-23,False,2019-08-28T22:01:21,https://media.rawg.io/media/screenshots/e17/e176e7b25c987ae19008cc776075140e.jpg,https://media.rawg.io/media/screenshots/bbc/bbc799ba24f534b8774bdda22bcf7dd9.jpg,,0.0,0,[],10,0,6,0,2,0,0,,,,,0,0,0,0,0,122,[],,0,0,0,,0,0f0f0f,0f0f0f,"[{'platform': {'id': 7, 'name': 'Nintendo', 'slug': 'nintendo'}}]","[{'platform': {'id': 43, 'name': 'Game Boy Color', 'slug': 'game-boy-color', 'image': None, 'year_end': None, 'year_start': None, 'games_count': 427, 'image_background': 'https://media.rawg.io/media/games/28b/28b088364ecab7870dffc3b710104734.jpg'}, 'released_at': '1985-02-23', 'requirements': {}}]",[],"[{'id': 15420, 'name': 'Elite Systems', 'slug': 'elite-systems', 'games_count': 27, 'image_background': 'https://media.rawg.io/media/screenshots/caa/caa0c02cbf754482c07398d49211bb5e.jpg'}, {'id': 25974, 'name': 'Coleco', 'slug': 'coleco', 'games_count': 3, 'image_background': 'https://media.rawg.io/media/screenshots/716/716337c06f68bf15bbc619f8e293f83d.jpg'}]","[{'id': 1, 'name': 'Racing', 'slug': 'racing', 'games_count': 25359, 'image_background': 'https://media.rawg.io/media/screenshots/69b/69bb243ea9896ddfc2e051b58e81624d.jpg'}]","[{'id': 31, 'name': 'Singleplayer', 'slug': 'singleplayer', 'language': 'eng', 'games_count': 238404, 'image_background': 'https://media.rawg.io/media/games/26d/26d4437715bee60138dab4a7c8c59c92.jpg'}]","[{'id': 11855, 'name': 'Elite Systems', 'slug': 'elite-systems', 'games_count': 28, 'image_background': 'https://media.rawg.io/media/screenshots/310/310b7ee55711ca5b0b4e7cd11a6bf3d1_FhUKexc.jpg'}, {'id': 19465, 'name': 'Coleco', 'slug': 'coleco', 'games_count': 6, 'image_background': 'https://media.rawg.io/media/screenshots/613/613e9e31c18f53a871d305befcda4151.jpg'}]",,,"The Dukes of Hazzard is a 1984 racing video game developed and published by Coleco for their ColecoVision game console and Coleco Adam computer. Elite Systems released a different game with the same title for the ZX Spectrum computer on February 23, 1985. Both versions are based on the television series of the same name.
Atari had previously made two separate attempts to release an Atari 2600 video game based on the series, but both versions failed to materialize.",,5.0,2.0,2.0,1.0,,,,,,,,,,,,,,,,,,,0.0,
56461,entombed-1985,Entombed (1985),Entombed (1985),"<p>Entombed is an action-adventure video game developed and published by Ultimate Play the Game for the Commodore 64 in 1985. It is the second instalment of the Pendragon series and is a sequel to The Staff of Karnath. The game features series protagonist and aristocrat adventurer, Sir Arthur Pendragon, as he attempts to escape an ancient Egyptian tomb before all oxygen runs out. As with its predecessor, Entombed is presented in an isometric format.</p>
<p>The game was created and designed by brothers Dave and Bob Thomas, with Ultimate founders Tim and Chris Stamper otherwise being uninvolved in development. Entombed took considerably longer to develop due to the re-programming of its game engine. It received positive reviews from critics upon release, with praise being directed at its playability and graphics. It was followed by a sequel, Blackwyche, which was released later in the year.</p>",,[],1985-01-01,False,2019-08-28T22:25:58,https://media.rawg.io/media/screenshots/7a5/7a5a2fc9e2813ff30471f86d5378e1eb.jpg,https://media.rawg.io/media/screenshots/a11/a112b65303ed96d96770accf87f74192.jpg,,0.0,0,[],10,0,3,0,2,0,0,,,,,0,0,0,0,0,14,[],,0,0,0,,0,0f0f0f,0f0f0f,"[{'platform': {'id': 10, 'name': 'Commodore / Amiga', 'slug': 'commodore-amiga'}}]","[{'platform': {'id': 166, 'name': 'Commodore / Amiga', 'slug': 'commodore-amiga', 'image': None, 'year_end': None, 'year_start': None, 'games_count': 2083, 'image_background': 'https://media.rawg.io/media/games/cce/cce8bebe861f295003f5a9fe5b11233f.jpg'}, 'released_at': '1985-01-01', 'requirements': {}}]",[],"[{'id': 27399, 'name': 'Ultimate Play the Game', 'slug': 'ultimate-play-the-game', 'games_count': 8, 'image_background': 'https://media.rawg.io/media/screenshots/7a5/7a5a2fc9e2813ff30471f86d5378e1eb.jpg'}]",[],"[{'id': 31, 'name': 'Singleplayer', 'slug': 'singleplayer', 'language': 'eng', 'games_count': 238404, 'image_background': 'https://media.rawg.io/media/games/26d/26d4437715bee60138dab4a7c8c59c92.jpg'}]","[{'id': 20498, 'name': 'Ultimate Play the Game', 'slug': 'ultimate-play-the-game', 'games_count': 10, 'image_background': 'https://media.rawg.io/media/screenshots/94c/94c89990622d31e83712bd454b7c563a.jpg'}]",,,"Entombed is an action-adventure video game developed and published by Ultimate Play the Game for the Commodore 64 in 1985. It is the second instalment of the Pendragon series and is a sequel to The Staff of Karnath. The game features series protagonist and aristocrat adventurer, Sir Arthur Pendragon, as he attempts to escape an ancient Egyptian tomb before all oxygen runs out. As with its predecessor, Entombed is presented in an isometric format.
The game was created and designed by brothers Dave and Bob Thomas, with Ultimate founders Tim and Chris Stamper otherwise being uninvolved in development. Entombed took considerably longer to develop due to the re-programming of its game engine. It received positive reviews from critics upon release, with praise being directed at its playability and graphics. It was followed by a sequel, Blackwyche, which was released later in the year.",,5.0,2.0,2.0,1.0,,,,,,,,,,,,,,,,,,,0.0,
364803,car-fighter,Car Fighter,Car Fighter,"<p>Fun and addictive game by Casio which looks and plays like Konami&#39;s Road Fighter but with some combat elements. The player&#39;s car can shot bullets in several directions as well as grenades. It&#39;s fast and challenging, definitely recommended, specially for fans of Road Fighter or F1 Spirit. It has some funny engrish text like &quot;Daras&quot; instead of Dallas.</p>",,[],1985-07-12,False,2019-08-13T01:36:23,,,,0.0,0,"[{'id': 4, 'title': 'recommended', 'count': 1, 'percent': 100.0}]",10,0,0,0,0,0,0,,,,,0,0,0,0,1,0,['Car Fighter'],,0,0,0,,1,0f0f0f,0f0f0f,[],[],[],[],"[{'id': 1, 'name': 'Racing', 'slug': 'racing', 'games_count': 25359, 'image_background': 'https://media.rawg.io/media/screenshots/69b/69bb243ea9896ddfc2e051b58e81624d.jpg'}]","[{'id': 1465, 'name': 'combat', 'slug': 'combat', 'language': 'eng', 'games_count': 14418, 'image_background': 'https://media.rawg.io/media/games/f54/f54e9fb2f4aac37810ea1a69a3e4480a.jpg'}, {'id': 2590, 'name': 'fun', 'slug': 'fun', 'language': 'eng', 'games_count': 29217, 'image_background': 'https://media.rawg.io/media/games/9c7/9c7dd09596246993169b356d7c1facf0.jpg'}, {'id': 1497, 'name': 'car', 'slug': 'car', 'language': 'eng', 'games_count': 7465, 'image_background': 'https://media.rawg.io/media/games/000/000db4b0dbe13ccec5fb090311006a1c.jpg'}, {'id': 7082, 'name': 'fighter', 'slug': 'fighter', 'language': 'eng', 'games_count': 1483, 'image_background': 'https://media.rawg.io/media/games/1b9/1b9b1b82d204e9656019f73c577cb804.jpg'}, {'id': 2373, 'name': 'text', 'slug': 'text', 'language': 'eng', 'games_count': 2077, 'image_background': 'https://media.rawg.io/media/screenshots/526/5262c0b58328c29749becc93642cc5c1.jpg'}]",[],,,"Fun and addictive game by Casio which looks and plays like Konami's Road Fighter but with some combat elements. The player's car can shot bullets in several directions as well as grenades. It's fast and challenging, definitely recommended, specially for fans of Road Fighter or F1 Spirit. It has some funny engrish text like ""Daras"" instead of Dallas.",,6.0,1.0,1.0,2.0,,,,,,,,,,,,,1.0,Everyone,everyone,,,,0.0,
56539,heart-of-africa,Heart of Africa,Heart of Africa,"<p>Heart of Africa is an adventure game for the Commodore 64 similar in style to The Seven Cities of Gold. Created by Ozark Softscape and published by Electronic Arts in 1985, it casts the player as an adventurer searching for the Lost Tomb of Pharaoh Ahnk Ahnk in Africa during the late 19th century.</p>",,[],1985-01-01,False,2019-08-28T22:00:26,https://media.rawg.io/media/screenshots/262/26227ba49d6f6f29717e88fd15b2ad9d.jpg,https://media.rawg.io/media/screenshots/6bb/6bbe82aeacfc08eb9825dce85883d4c8.jpg,,0.0,0,[],10,0,7,0,1,0,0,,,,,0,0,0,0,0,215,[],,0,0,0,,0,0f0f0f,0f0f0f,"[{'platform': {'id': 10, 'name': 'Commodore / Amiga', 'slug': 'commodore-amiga'}}]","[{'platform': {'id': 166, 'name': 'Commodore / Amiga', 'slug': 'commodore-amiga', 'image': None, 'year_end': None, 'year_start': None, 'games_count': 2083, 'image_background': 'https://media.rawg.io/media/games/cce/cce8bebe861f295003f5a9fe5b11233f.jpg'}, 'released_at': '1985-01-01', 'requirements': {}}]",[],"[{'id': 11041, 'name': 'Ozark Softscape', 'slug': 'ozark-softscape', 'games_count': 9, 'image_background': 'https://media.rawg.io/media/screenshots/01f/01f4cb7a08fd6305894df55114d33533.jpg'}]","[{'id': 3, 'name': 'Adventure', 'slug': 'adventure', 'games_count': 146481, 'image_background': 'https://media.rawg.io/media/games/b6b/b6b20bfc4b34e312dbc8aac53c95a348.jpg'}]","[{'id': 31, 'name': 'Singleplayer', 'slug': 'singleplayer', 'language': 'eng', 'games_count': 238404, 'image_background': 'https://media.rawg.io/media/games/26d/26d4437715bee60138dab4a7c8c59c92.jpg'}]","[{'id': 354, 'name': 'Electronic Arts', 'slug': 'electronic-arts', 'games_count': 1332, 'image_background': 'https://media.rawg.io/media/games/45b/45b57ed59de4b84effd8f6bc4b7bf515.jpg'}]",,,"Heart of Africa is an adventure game for the Commodore 64 similar in style to The Seven Cities of Gold. Created by Ozark Softscape and published by Electronic Arts in 1985, it casts the player as an adventurer searching for the Lost Tomb of Pharaoh Ahnk Ahnk in Africa during the late 19th century.",,5.0,2.0,2.0,1.0,,,,,,,,,,,,,,,,,,,0.0,
56629,master-of-magic-1985,Master of Magic (1985),Master of Magic (1985),<p>Master of Magic is a role-playing video game for the Commodore 64 and ZX Spectrum home computers. It was distributed by Mastertronic in 1985 under its M.A.D. label.</p>,,[],1985-01-01,False,2019-08-28T22:25:55,https://media.rawg.io/media/screenshots/1e2/1e274cee7491995d8f1c0cce63d0b4c9.jpg,https://media.rawg.io/media/screenshots/ae7/ae71fa91a8761ff673e05c7bf0a26b56.jpg,,0.0,0,"[{'id': 5, 'title': 'exceptional', 'count': 1, 'percent': 100.0}]",10,0,8,0,5,0,0,,,,,0,0,0,0,1,221,[],,0,0,0,,1,0f0f0f,0f0f0f,"[{'platform': {'id': 10, 'name': 'Commodore / Amiga', 'slug': 'commodore-amiga'}}]","[{'platform': {'id': 166, 'name': 'Commodore / Amiga', 'slug': 'commodore-amiga', 'image': None, 'year_end': None, 'year_start': None, 'games_count': 2083, 'image_background': 'https://media.rawg.io/media/games/cce/cce8bebe861f295003f5a9fe5b11233f.jpg'}, 'released_at': '1985-01-01', 'requirements': {}}]",[],[],"[{'id': 3, 'name': 'Adventure', 'slug': 'adventure', 'games_count': 146481, 'image_background': 'https://media.rawg.io/media/games/b6b/b6b20bfc4b34e312dbc8aac53c95a348.jpg'}, {'id': 5, 'name': 'RPG', 'slug': 'role-playing-games-rpg', 'games_count': 59370, 'image_background': 'https://media.rawg.io/media/games/f6b/f6bed028b02369d4cab548f4f9337e81.jpg'}]","[{'id': 31, 'name': 'Singleplayer', 'slug': 'singleplayer', 'language': 'eng', 'games_count': 238404, 'image_background': 'https://media.rawg.io/media/games/26d/26d4437715bee60138dab4a7c8c59c92.jpg'}]","[{'id': 4799, 'name': 'Mastertronic', 'slug': 'mastertronic', 'games_count': 72, 'image_background': 'https://media.rawg.io/media/screenshots/bb4/bb424afaf45c23f5893753ab1c1eca27.jpg'}, {'id': 20470, 'name': 'Mastertronic Added Dimension', 'slug': 'mastertronic-added-dimension', 'games_count': 2, 'image_background': 'https://media.rawg.io/media/screenshots/1e2/1e274cee7491995d8f1c0cce63d0b4c9.jpg'}]",,,Master of Magic is a role-playing video game for the Commodore 64 and ZX Spectrum home computers. It was distributed by Mastertronic in 1985 under its M.A.D. label.,,6.0,2.0,1.0,1.0,,,,,,,,,,,,,,,,,,,0.0,
56696,phantom-of-the-asteroid,Phantom of the Asteroid,Phantom of the Asteroid,"<p>Phantom of the Asteroid is a side-scrolling action-adventure game released for the Commodore 64 in 1985. It features a style of exploration gameplay which would later become associated with Metroid (released the following year). The cover art reads Phantom of the Asteroids, but the loading screen says Phantoms of the Asteroid, while the title screen says Phantom of the Asteroid. Sources variously use all three titles to refer to the game.</p>",,[],1985-01-01,False,2019-08-28T22:00:21,https://media.rawg.io/media/screenshots/fb5/fb559d8b31093302f5031fc869cf9cc9.jpg,https://media.rawg.io/media/screenshots/8af/8af88becd9fff94aff48a36183b35f03.jpg,,0.0,0,"[{'id': 5, 'title': 'exceptional', 'count': 1, 'percent': 100.0}]",10,0,8,0,2,0,0,,,,,0,0,0,0,1,147,[],,0,0,0,,1,0f0f0f,0f0f0f,"[{'platform': {'id': 10, 'name': 'Commodore / Amiga', 'slug': 'commodore-amiga'}}]","[{'platform': {'id': 166, 'name': 'Commodore / Amiga', 'slug': 'commodore-amiga', 'image': None, 'year_end': None, 'year_start': None, 'games_count': 2083, 'image_background': 'https://media.rawg.io/media/games/cce/cce8bebe861f295003f5a9fe5b11233f.jpg'}, 'released_at': '1985-01-01', 'requirements': {}}]",[],[],[],"[{'id': 31, 'name': 'Singleplayer', 'slug': 'singleplayer', 'language': 'eng', 'games_count': 238404, 'image_background': 'https://media.rawg.io/media/games/26d/26d4437715bee60138dab4a7c8c59c92.jpg'}]","[{'id': 4799, 'name': 'Mastertronic', 'slug': 'mastertronic', 'games_count': 72, 'image_background': 'https://media.rawg.io/media/screenshots/bb4/bb424afaf45c23f5893753ab1c1eca27.jpg'}]",,,"Phantom of the Asteroid is a side-scrolling action-adventure game released for the Commodore 64 in 1985. It features a style of exploration gameplay which would later become associated with Metroid (released the following year). The cover art reads Phantom of the Asteroids, but the loading screen says Phantoms of the Asteroid, while the title screen says Phantom of the Asteroid. Sources variously use all three titles to refer to the game.",,5.0,2.0,2.0,1.0,,,,,,,,,,,,,,,,,,,0.0,
56886,william-wobbler,William Wobbler,William Wobbler,<p>William Wobbler is a 1985 computer game developed by Antony Crowther and released by Wizard Development for the Commodore 64 and Sinclair ZX Spectrum.</p>,,[],1985-01-01,False,2019-08-28T22:00:15,https://media.rawg.io/media/screenshots/0fa/0fada39504b4ccdc20934564f9c58713.jpg,https://media.rawg.io/media/screenshots/a8e/a8ee05eb2eb4863fb4a7286236706f1e.jpg,,0.0,0,[],10,0,8,0,1,0,0,,,,,0,0,0,0,0,203,[],,0,0,0,,0,0f0f0f,0f0f0f,"[{'platform': {'id': 10, 'name': 'Commodore / Amiga', 'slug': 'commodore-amiga'}}]","[{'platform': {'id': 166, 'name': 'Commodore / Amiga', 'slug': 'commodore-amiga', 'image': None, 'year_end': None, 'year_start': None, 'games_count': 2083, 'image_background': 'https://media.rawg.io/media/games/cce/cce8bebe861f295003f5a9fe5b11233f.jpg'}, 'released_at': '1985-01-01', 'requirements': {}}]",[],"[{'id': 27402, 'name': 'Antony Crowther', 'slug': 'antony-crowther', 'games_count': 5, 'image_background': 'https://media.rawg.io/media/screenshots/717/7174dc8dfc8346678d4d70c0bdcfc875.jpg'}]","[{'id': 3, 'name': 'Adventure', 'slug': 'adventure', 'games_count': 146481, 'image_background': 'https://media.rawg.io/media/games/b6b/b6b20bfc4b34e312dbc8aac53c95a348.jpg'}]","[{'id': 31, 'name': 'Singleplayer', 'slug': 'singleplayer', 'language': 'eng', 'games_count': 238404, 'image_background': 'https://media.rawg.io/media/games/26d/26d4437715bee60138dab4a7c8c59c92.jpg'}]","[{'id': 20644, 'name': 'Wizard Development', 'slug': 'wizard-development', 'games_count': 1, 'image_background': 'https://media.rawg.io/media/screenshots/0fa/0fada39504b4ccdc20934564f9c58713.jpg'}]",,,William Wobbler is a 1985 computer game developed by Antony Crowther and released by Wizard Development for the Commodore 64 and Sinclair ZX Spectrum.,,5.0,2.0,2.0,1.0,,,,,,,,,,,,,,,,,,,0.0,
56601,the-last-v8,The Last V8,The Last V8,"<p>The Last V8 is a video game published by Mastertronic on their M.A.D. label. It was released in 1985 for the Commodore 64, Atari 8-bit and Amstrad CPC. The title echoes a plot point from the Mad Max series of movies The design was done by Richard Darling and the programming by David Darling. The graphics by Jim Wilson and music by Rob Hubbard. It is one of the few commercial games to run in native mode on the Commodore 128. The 128 version contained more levels (three instead of only two levels). The first level, the one missing in the 64 version, has more complex mission objectives.</p>
<p>While the graphics and music were praised, the controls were difficult and the game was considered unplayable by the press.</p>",,[],1985-01-01,False,2019-01-09T12:41:06,https://media.rawg.io/media/screenshots/3ea/3ead19496cf9c29f7af79de0c5570d7b.jpg,https://media.rawg.io/media/screenshots/c16/c1607cb9ccbfbbee3b98aa67514d5528.jpg,,0.0,0,[],10,0,9,0,0,0,0,,,,,0,0,0,0,0,323,[],,0,0,0,,0,0f0f0f,0f0f0f,"[{'platform': {'id': 9, 'name': 'Atari', 'slug': 'atari'}}, {'platform': {'id': 10, 'name': 'Commodore / Amiga', 'slug': 'commodore-amiga'}}]","[{'platform': {'id': 166, 'name': 'Commodore / Amiga', 'slug': 'commodore-amiga', 'image': None, 'year_end': None, 'year_start': None, 'games_count': 2083, 'image_background': 'https://media.rawg.io/media/games/cce/cce8bebe861f295003f5a9fe5b11233f.jpg'}, 'released_at': '1985-01-01', 'requirements': {}}, {'platform': {'id': 25, 'name': 'Atari 8-bit', 'slug': 'atari-8-bit', 'image': None, 'year_end': None, 'year_start': None, 'games_count': 308, 'image_background': 'https://media.rawg.io/media/screenshots/038/0385a47d3a43b218204268af5361a19e.jpg'}, 'released_at': '1985-01-01', 'requirements': {}}]",[],"[{'id': 27509, 'name': 'David Darling', 'slug': 'david-darling', 'games_count': 1, 'image_background': 'https://media.rawg.io/media/screenshots/3ea/3ead19496cf9c29f7af79de0c5570d7b.jpg'}]","[{'id': 1, 'name': 'Racing', 'slug': 'racing', 'games_count': 25359, 'image_background': 'https://media.rawg.io/media/screenshots/69b/69bb243ea9896ddfc2e051b58e81624d.jpg'}]","[{'id': 136, 'name': 'Music', 'slug': 'music', 'language': 'eng', 'games_count': 26142, 'image_background': 'https://media.rawg.io/media/screenshots/db5/db5ab0d41a2a57274902d32ea8e6f1ec.jpg'}, {'id': 982, 'name': 'run', 'slug': 'run', 'language': 'eng', 'games_count': 3972, 'image_background': 'https://media.rawg.io/media/screenshots/40d/40db5db1a0ef232be674300867eea710.jpg'}]","[{'id': 4799, 'name': 'Mastertronic', 'slug': 'mastertronic', 'games_count': 72, 'image_background': 'https://media.rawg.io/media/screenshots/bb4/bb424afaf45c23f5893753ab1c1eca27.jpg'}]",,,"The Last V8 is a video game published by Mastertronic on their M.A.D. label. It was released in 1985 for the Commodore 64, Atari 8-bit and Amstrad CPC. The title echoes a plot point from the Mad Max series of movies The design was done by Richard Darling and the programming by David Darling. The graphics by Jim Wilson and music by Rob Hubbard. It is one of the few commercial games to run in native mode on the Commodore 128. The 128 version contained more levels (three instead of only two levels). The first level, the one missing in the 64 version, has more complex mission objectives.
While the graphics and music were praised, the controls were difficult and the game was considered unplayable by the press.",,6.0,2.0,1.0,1.0,,,,,,,,,,,,,,,,,,,0.0,
56555,hunter-patrol,Hunter Patrol,Hunter Patrol,<p>Hunter Patrol is game written by Steve Lee for the Commodore 64 published by Mastertronic in 1985. The music was composed by Rob Hubbard. The game is similar in style to the Sega arcade game Buck Rogers: Planet of Zoom.</p>,,[],1985-01-01,False,2019-08-28T22:00:25,https://media.rawg.io/media/screenshots/a0a/a0a9a460245a253d7c7ac62f9a609557.jpg,https://media.rawg.io/media/screenshots/98f/98fcd630a830b49420039dffa164cbc2.jpg,,0.0,0,[],10,0,6,0,2,0,0,,,,,0,0,0,0,0,153,[],,0,0,0,,0,0f0f0f,0f0f0f,"[{'platform': {'id': 10, 'name': 'Commodore / Amiga', 'slug': 'commodore-amiga'}}]","[{'platform': {'id': 166, 'name': 'Commodore / Amiga', 'slug': 'commodore-amiga', 'image': None, 'year_end': None, 'year_start': None, 'games_count': 2083, 'image_background': 'https://media.rawg.io/media/games/cce/cce8bebe861f295003f5a9fe5b11233f.jpg'}, 'released_at': '1985-01-01', 'requirements': {}}]",[],[],"[{'id': 4, 'name': 'Action', 'slug': 'action', 'games_count': 186608, 'image_background': 'https://media.rawg.io/media/games/618/618c2031a07bbff6b4f611f10b6bcdbc.jpg'}, {'id': 2, 'name': 'Shooter', 'slug': 'shooter', 'games_count': 59560, 'image_background': 'https://media.rawg.io/media/games/d58/d588947d4286e7b5e0e12e1bea7d9844.jpg'}]","[{'id': 31, 'name': 'Singleplayer', 'slug': 'singleplayer', 'language': 'eng', 'games_count': 238404, 'image_background': 'https://media.rawg.io/media/games/26d/26d4437715bee60138dab4a7c8c59c92.jpg'}]","[{'id': 4799, 'name': 'Mastertronic', 'slug': 'mastertronic', 'games_count': 72, 'image_background': 'https://media.rawg.io/media/screenshots/bb4/bb424afaf45c23f5893753ab1c1eca27.jpg'}]",,,Hunter Patrol is game written by Steve Lee for the Commodore 64 published by Mastertronic in 1985. The music was composed by Rob Hubbard. The game is similar in style to the Sega arcade game Buck Rogers: Planet of Zoom.,,5.0,2.0,2.0,1.0,,,,,,,,,,,,,,,,,,,0.0,
55047,jet,Jet,Jet,"<p>Jet is a combat flight simulator video game originally published in 1985 by subLOGIC. The game was released in 1985 for MS-DOS and the Commodore 64, 1986 for the Apple II, 1988 for the Atari ST and Amiga, and 1989 for the Macintosh and NEC PC-9801.</p>
<p>An updated version called Jet 2.0 was released for MS-DOS in 1987.</p>",,[],1985-01-01,False,2023-02-08T10:51:31,https://media.rawg.io/media/screenshots/dea/deaad41785c15de4c0afa617ee0ec7e8.jpg,https://media.rawg.io/media/screenshots/d2f/d2fbc5cd2ffd5b8e9a85915492902230.jpg,,0.0,0,[],10,0,8,0,0,0,0,,,,,0,0,0,0,0,161,[],,0,0,0,,0,0f0f0f,0f0f0f,"[{'platform': {'id': 1, 'name': 'PC', 'slug': 'pc'}}, {'platform': {'id': 5, 'name': 'Apple Macintosh', 'slug': 'mac'}}, {'platform': {'id': 9, 'name': 'Atari', 'slug': 'atari'}}, {'platform': {'id': 10, 'name': 'Commodore / Amiga', 'slug': 'commodore-amiga'}}]","[{'platform': {'id': 34, 'name': 'Atari ST', 'slug': 'atari-st', 'image': None, 'year_end': None, 'year_start': None, 'games_count': 836, 'image_background': 'https://media.rawg.io/media/games/637/637d7dc2f44d0f6ddd3ee2c0b1366962.jpg'}, 'released_at': '1985-01-01', 'requirements': {}}, {'platform': {'id': 41, 'name': 'Apple II', 'slug': 'apple-ii', 'image': None, 'year_end': None, 'year_start': None, 'games_count': 424, 'image_background': 'https://media.rawg.io/media/screenshots/3d2/3d2bb57b39e2efa39d1c385585b2ea8b.jpg'}, 'released_at': '1985-01-01', 'requirements': {}}, {'platform': {'id': 55, 'name': 'Classic Macintosh', 'slug': 'macintosh', 'image': None, 'year_end': None, 'year_start': None, 'games_count': 675, 'image_background': 'https://media.rawg.io/media/games/38a/38af969459ad6e5de116ec8a4a84218c.jpg'}, 'released_at': '1985-01-01', 'requirements': {}}, {'platform': {'id': 4, 'name': 'PC', 'slug': 'pc', 'image': None, 'year_end': None, 'year_start': None, 'games_count': 547196, 'image_background': 'https://media.rawg.io/media/games/6fc/6fcf4cd3b17c288821388e6085bb0fc9.jpg'}, 'released_at': '1985-01-01', 'requirements': {}}, {'platform': {'id': 166, 'name': 'Commodore / Amiga', 'slug': 'commodore-amiga', 'image': None, 'year_end': None, 'year_start': None, 'games_count': 2083, 'image_background': 'https://media.rawg.io/media/games/cce/cce8bebe861f295003f5a9fe5b11233f.jpg'}, 'released_at': '1985-01-01', 'requirements': {}}]",[],"[{'id': 16217, 'name': 'subLOGIC', 'slug': 'sublogic', 'games_count': 4, 'image_background': 'https://media.rawg.io/media/screenshots/124/1242bfcd0abea33218aedb1f95fc08e1.jpg'}]",[],"[{'id': 31, 'name': 'Singleplayer', 'slug': 'singleplayer', 'language': 'eng', 'games_count': 238404, 'image_background': 'https://media.rawg.io/media/games/26d/26d4437715bee60138dab4a7c8c59c92.jpg'}]","[{'id': 12482, 'name': 'subLOGIC', 'slug': 'sublogic', 'games_count': 4, 'image_background': 'https://media.rawg.io/media/screenshots/124/1242bfcd0abea33218aedb1f95fc08e1.jpg'}]",,,"Jet is a combat flight simulator video game originally published in 1985 by subLOGIC. The game was released in 1985 for MS-DOS and the Commodore 64, 1986 for the Apple II, 1988 for the Atari ST and Amiga, and 1989 for the Macintosh and NEC PC-9801.
An updated version called Jet 2.0 was released for MS-DOS in 1987.",1.0,4.0,2.0,2.0,1.0,,,,,,,,,,,,,,,,,,,0.0,
56297,alternate-reality,Alternate Reality,Alternate Reality,"<p>Alternate Reality (AR) is an unfinished role-playing video game series that has achieved cult status among many fans of RPGs. It was created by Philip Price, who formed a development company called Paradise Programming. Published by Datasoft, AR: The City was released in 1985 and AR: The Dungeon was released in 1987. Price was unable to complete the second game in the series, and The Dungeon was finished by Ken Jordan and Dan Pinal. Gary Gilbertson created the music for both games.</p>",,[],1985-01-01,False,2019-08-28T22:26:00,,,,0.0,0,[],10,0,0,0,2,0,0,,,,,0,0,0,0,0,0,[],,0,0,0,,0,0f0f0f,0f0f0f,"[{'platform': {'id': 10, 'name': 'Commodore / Amiga', 'slug': 'commodore-amiga'}}]","[{'platform': {'id': 166, 'name': 'Commodore / Amiga', 'slug': 'commodore-amiga', 'image': None, 'year_end': None, 'year_start': None, 'games_count': 2083, 'image_background': 'https://media.rawg.io/media/games/cce/cce8bebe861f295003f5a9fe5b11233f.jpg'}, 'released_at': '1985-01-01', 'requirements': {}}]",[],"[{'id': 27355, 'name': 'Paradise Programming', 'slug': 'paradise-programming', 'games_count': 1, 'image_background': ''}]","[{'id': 5, 'name': 'RPG', 'slug': 'role-playing-games-rpg', 'games_count': 59370, 'image_background': 'https://media.rawg.io/media/games/f6b/f6bed028b02369d4cab548f4f9337e81.jpg'}]","[{'id': 31, 'name': 'Singleplayer', 'slug': 'singleplayer', 'language': 'eng', 'games_count': 238404, 'image_background': 'https://media.rawg.io/media/games/26d/26d4437715bee60138dab4a7c8c59c92.jpg'}]","[{'id': 12080, 'name': 'Datasoft', 'slug': 'datasoft', 'games_count': 12, 'image_background': 'https://media.rawg.io/media/screenshots/665/665977c11192ad3c09a1cda9aaa1272f.jpg'}]",,,"Alternate Reality (AR) is an unfinished role-playing video game series that has achieved cult status among many fans of RPGs. It was created by Philip Price, who formed a development company called Paradise Programming. Published by Datasoft, AR: The City was released in 1985 and AR: The Dungeon was released in 1987. Price was unable to complete the second game in the series, and The Dungeon was finished by Ken Jordan and Dan Pinal. Gary Gilbertson created the music for both games.",,6.0,2.0,1.0,1.0,,,,,,,,,,,,,,,,,,,0.0,
56284,acrojet,Acrojet,Acrojet,"<p>Acrojet is a 1985 flight simulator video game by MicroProse. It was originally developed for the Commodore 64 (C64), but then ported to Amstrad CPC, MSX, ZX Spectrum, NEC PC-8801, and NEC PC-9801. It emphasized aerial acrobatic flying and maneuverability.</p>",,[],1985-01-01,False,2019-08-28T22:00:34,https://media.rawg.io/media/screenshots/3f7/3f713e01b574f46ef2dbbad3a7761647.jpg,https://media.rawg.io/media/screenshots/c85/c857eefddf3b635fd6353a5b6ad092dd.jpg,,0.0,0,[],10,0,8,0,0,0,0,,,,,0,0,0,0,0,178,[],,0,0,0,,0,0f0f0f,0f0f0f,"[{'platform': {'id': 10, 'name': 'Commodore / Amiga', 'slug': 'commodore-amiga'}}]","[{'platform': {'id': 166, 'name': 'Commodore / Amiga', 'slug': 'commodore-amiga', 'image': None, 'year_end': None, 'year_start': None, 'games_count': 2083, 'image_background': 'https://media.rawg.io/media/games/cce/cce8bebe861f295003f5a9fe5b11233f.jpg'}, 'released_at': '1985-01-01', 'requirements': {}}]",[],"[{'id': 14511, 'name': 'MicroProse Software', 'slug': 'microprose-software', 'games_count': 122, 'image_background': 'https://media.rawg.io/media/screenshots/5e9/5e92af32e3cf118d0aa6a64acfd89ada.jpg'}]",[],"[{'id': 31, 'name': 'Singleplayer', 'slug': 'singleplayer', 'language': 'eng', 'games_count': 238404, 'image_background': 'https://media.rawg.io/media/games/26d/26d4437715bee60138dab4a7c8c59c92.jpg'}]","[{'id': 11527, 'name': 'U.S. Gold', 'slug': 'us-gold-2', 'games_count': 95, 'image_background': 'https://media.rawg.io/media/games/eaa/eaa94a1203b9b8fdf5b01575c9e91591.jpg'}]",,,"Acrojet is a 1985 flight simulator video game by MicroProse. It was originally developed for the Commodore 64 (C64), but then ported to Amstrad CPC, MSX, ZX Spectrum, NEC PC-8801, and NEC PC-9801. It emphasized aerial acrobatic flying and maneuverability.",,6.0,2.0,1.0,1.0,,,,,,,,,,,,,,,,,,,0.0,
56295,alcazar-the-forgotten-fortress,Alcazar: The Forgotten Fortress,Alcazar: The Forgotten Fortress,"<p>Alcazar: The Forgotten Fortress is a dungeon action-adventure game, similar to Dungeon Master and The Legend of Zelda. It was released in 1985 for the Coleco Adam computer and accessory. A port for the ColecoVision. It was created by Tom Loughry from Activision, graphics by Keri (Janssen) Longaway. The game was also ported to the Commodore 64 later.</p>",,[],1985-01-01,False,2019-08-28T22:00:34,https://media.rawg.io/media/screenshots/667/667b2065e6b9c3182aa6f34f9ff15e55.jpg,https://media.rawg.io/media/screenshots/3b9/3b95da4d42f2b0cb74df44480b0eccd3.jpg,,0.0,0,[],10,0,8,0,1,0,0,,,,,0,0,0,0,0,262,[],,0,0,0,,0,0f0f0f,0f0f0f,"[{'platform': {'id': 5, 'name': 'Apple Macintosh', 'slug': 'mac'}}, {'platform': {'id': 10, 'name': 'Commodore / Amiga', 'slug': 'commodore-amiga'}}]","[{'platform': {'id': 166, 'name': 'Commodore / Amiga', 'slug': 'commodore-amiga', 'image': None, 'year_end': None, 'year_start': None, 'games_count': 2083, 'image_background': 'https://media.rawg.io/media/games/cce/cce8bebe861f295003f5a9fe5b11233f.jpg'}, 'released_at': '1985-01-01', 'requirements': {}}, {'platform': {'id': 41, 'name': 'Apple II', 'slug': 'apple-ii', 'image': None, 'year_end': None, 'year_start': None, 'games_count': 424, 'image_background': 'https://media.rawg.io/media/screenshots/3d2/3d2bb57b39e2efa39d1c385585b2ea8b.jpg'}, 'released_at': '1985-01-01', 'requirements': {}}]",[],"[{'id': 11, 'name': 'Activision', 'slug': 'activision', 'games_count': 163, 'image_background': 'https://media.rawg.io/media/screenshots/d05/d0524e9b2e276dd9c8351881e897f7c9.jpg'}]","[{'id': 4, 'name': 'Action', 'slug': 'action', 'games_count': 186608, 'image_background': 'https://media.rawg.io/media/games/618/618c2031a07bbff6b4f611f10b6bcdbc.jpg'}]","[{'id': 31, 'name': 'Singleplayer', 'slug': 'singleplayer', 'language': 'eng', 'games_count': 238404, 'image_background': 'https://media.rawg.io/media/games/26d/26d4437715bee60138dab4a7c8c59c92.jpg'}]","[{'id': 10830, 'name': 'Activision Blizzard', 'slug': 'activision-blizzard', 'games_count': 691, 'image_background': 'https://media.rawg.io/media/games/445/44507fdd60a8ec02b1c3c64a293ca754.jpg'}]",,,"Alcazar: The Forgotten Fortress is a dungeon action-adventure game, similar to Dungeon Master and The Legend of Zelda. It was released in 1985 for the Coleco Adam computer and accessory. A port for the ColecoVision. It was created by Tom Loughry from Activision, graphics by Keri (Janssen) Longaway. The game was also ported to the Commodore 64 later.",,5.0,2.0,2.0,1.0,,,,,,,,,,,,,,,,,,,0.0,
56481,finders-keepers,Finders Keepers,Finders Keepers,"<p>Finders Keepers is a computer game written by David Jones and the first game in the Magic Knight series. It was published on the Mastertronic label for the ZX Spectrum, Amstrad CPC, MSX, Commodore 64 and Commodore 16 in 1985. It was published in the United Kingdom at the budget price of £1.99.</p>
<p>On the ZX Spectrum it sold more than 117,000 copies and across all 8-bit formats more than 330,000 copies, making it Mastertronic's second best-selling original game after BMX Racers.</p>",,[],1985-01-01,False,2019-08-28T22:00:27,https://media.rawg.io/media/screenshots/bb4/bb424afaf45c23f5893753ab1c1eca27.jpg,https://media.rawg.io/media/screenshots/c40/c40e39e2a14de11ec80f0e55d955c3d3.jpg,,0.0,0,[],10,0,10,0,0,0,0,,,,,0,0,0,0,0,400,[],,0,0,0,,0,0f0f0f,0f0f0f,"[{'platform': {'id': 10, 'name': 'Commodore / Amiga', 'slug': 'commodore-amiga'}}]","[{'platform': {'id': 166, 'name': 'Commodore / Amiga', 'slug': 'commodore-amiga', 'image': None, 'year_end': None, 'year_start': None, 'games_count': 2083, 'image_background': 'https://media.rawg.io/media/games/cce/cce8bebe861f295003f5a9fe5b11233f.jpg'}, 'released_at': '1985-01-01', 'requirements': {}}]",[],"[{'id': 27451, 'name': 'David Jones', 'slug': 'david-jones', 'games_count': 4, 'image_background': 'https://media.rawg.io/media/screenshots/014/014138e41532d5f82f1ac09aa281e440.jpg'}]",[],"[{'id': 31, 'name': 'Singleplayer', 'slug': 'singleplayer', 'language': 'eng', 'games_count': 238404, 'image_background': 'https://media.rawg.io/media/games/26d/26d4437715bee60138dab4a7c8c59c92.jpg'}]","[{'id': 4799, 'name': 'Mastertronic', 'slug': 'mastertronic', 'games_count': 72, 'image_background': 'https://media.rawg.io/media/screenshots/bb4/bb424afaf45c23f5893753ab1c1eca27.jpg'}]",,,"Finders Keepers is a computer game written by David Jones and the first game in the Magic Knight series. It was published on the Mastertronic label for the ZX Spectrum, Amstrad CPC, MSX, Commodore 64 and Commodore 16 in 1985. It was published in the United Kingdom at the budget price of £1.99.
On the ZX Spectrum it sold more than 117,000 copies and across all 8-bit formats more than 330,000 copies, making it Mastertronic's second best-selling original game after BMX Racers.",,5.0,2.0,2.0,1.0,,,,,,,,,,,,,,,,,,,0.0,
55898,samegame,SameGame,SameGame,"<p>SameGame (さめがめ) is a tile-matching puzzle originally released under the name Chain Shot! in 1985 by Kuniaki Moribe (Morisuke). It has since been ported to numerous computer platforms, handheld devices, and even TiVo, with new versions as of 2016.</p>",,[],1985-01-01,False,2020-05-21T16:13:48,,,,0.0,0,[],9,0,0,0,0,0,0,,,,,0,0,0,0,0,0,[],,0,0,0,,0,0f0f0f,0f0f0f,"[{'platform': {'id': 7, 'name': 'Nintendo', 'slug': 'nintendo'}}]","[{'platform': {'id': 26, 'name': 'Game Boy', 'slug': 'game-boy', 'image': None, 'year_end': None, 'year_start': None, 'games_count': 617, 'image_background': 'https://media.rawg.io/media/games/057/0573c1c9e1f2414c1f4acabe86ee9fd9.jpg'}, 'released_at': '1985-01-01', 'requirements': {}}, {'platform': {'id': 11, 'name': 'Wii', 'slug': 'wii', 'image': None, 'year_end': None, 'year_start': None, 'games_count': 2209, 'image_background': 'https://media.rawg.io/media/games/9ca/9ca31615beee447f3ae1dc9b3b736dce.jpg'}, 'released_at': '1985-01-01', 'requirements': {}}]",[],[],"[{'id': 7, 'name': 'Puzzle', 'slug': 'puzzle', 'games_count': 97333, 'image_background': 'https://media.rawg.io/media/games/9f4/9f418898f5415668ca47b5f4ab1ecfeb.jpg'}]",[],[],,,"SameGame (さめがめ) is a tile-matching puzzle originally released under the name Chain Shot! in 1985 by Kuniaki Moribe (Morisuke). It has since been ported to numerous computer platforms, handheld devices, and even TiVo, with new versions as of 2016.",,4.0,2.0,2.0,1.0,,,,,,,,,,,,,,,,,,,0.0,
56796,spooks,Spooks,Spooks,"<p>Spooks is a game for the Commodore 64 which was published in 1985 by Mastertronic, and written by a programmer identified as The Prisoner.</p>",,[],1985-01-01,False,2019-08-28T22:25:53,https://media.rawg.io/media/screenshots/146/146f76523721fdfaa068187ec5c7c55b.jpg,https://media.rawg.io/media/screenshots/832/832d99b178ddbeb9e430c1d8ac24517a.jpg,,0.0,0,[],9,0,2,0,0,0,0,,,,,0,0,0,0,0,78,[],,0,0,0,,0,0f0f0f,0f0f0f,"[{'platform': {'id': 10, 'name': 'Commodore / Amiga', 'slug': 'commodore-amiga'}}]","[{'platform': {'id': 166, 'name': 'Commodore / Amiga', 'slug': 'commodore-amiga', 'image': None, 'year_end': None, 'year_start': None, 'games_count': 2083, 'image_background': 'https://media.rawg.io/media/games/cce/cce8bebe861f295003f5a9fe5b11233f.jpg'}, 'released_at': '1985-01-01', 'requirements': {}}]",[],[],"[{'id': 7, 'name': 'Puzzle', 'slug': 'puzzle', 'games_count': 97333, 'image_background': 'https://media.rawg.io/media/games/9f4/9f418898f5415668ca47b5f4ab1ecfeb.jpg'}]","[{'id': 31, 'name': 'Singleplayer', 'slug': 'singleplayer', 'language': 'eng', 'games_count': 238404, 'image_background': 'https://media.rawg.io/media/games/26d/26d4437715bee60138dab4a7c8c59c92.jpg'}]","[{'id': 4799, 'name': 'Mastertronic', 'slug': 'mastertronic', 'games_count': 72, 'image_background': 'https://media.rawg.io/media/screenshots/bb4/bb424afaf45c23f5893753ab1c1eca27.jpg'}, {'id': 19488, 'name': 'GameFAQs', 'slug': 'gamefaqs', 'games_count': 19, 'image_background': 'https://media.rawg.io/media/screenshots/99f/99ffb87e2b981aadb300329e31162eab.jpg'}]",,,"Spooks is a game for the Commodore 64 which was published in 1985 by Mastertronic, and written by a programmer identified as The Prisoner.",,4.0,2.0,2.0,1.0,,,,,,,,,,,,,,,,,,,0.0,
56782,software-star,Software Star,Software Star,"<p>Software Star is a 1985 game released by Kevin Toms for the Amstrad CPC, Commodore 64 and ZX Spectrum.</p>",,[],1985-01-01,False,2019-08-28T22:00:18,https://media.rawg.io/media/screenshots/070/0708f3a36c2a98f6319b982bdf079b64.jpg,https://media.rawg.io/media/screenshots/52f/52f3d7341c7cdc5384792494a2f3f501.jpg,,0.0,0,[],9,0,8,0,1,0,0,,,,,0,0,0,0,0,117,[],,0,0,0,,0,0f0f0f,0f0f0f,"[{'platform': {'id': 10, 'name': 'Commodore / Amiga', 'slug': 'commodore-amiga'}}]","[{'platform': {'id': 166, 'name': 'Commodore / Amiga', 'slug': 'commodore-amiga', 'image': None, 'year_end': None, 'year_start': None, 'games_count': 2083, 'image_background': 'https://media.rawg.io/media/games/cce/cce8bebe861f295003f5a9fe5b11233f.jpg'}, 'released_at': '1985-01-01', 'requirements': {}}]",[],"[{'id': 26954, 'name': 'Addictive Games', 'slug': 'addictive-games', 'games_count': 2, 'image_background': 'https://media.rawg.io/media/screenshots/fd2/fd219310c0a349063da11e9b296a4498.jpg'}]","[{'id': 10, 'name': 'Strategy', 'slug': 'strategy', 'games_count': 59661, 'image_background': 'https://media.rawg.io/media/games/08b/08b2eee52a9876a48b955e5149affe5b.jpg'}]","[{'id': 31, 'name': 'Singleplayer', 'slug': 'singleplayer', 'language': 'eng', 'games_count': 238404, 'image_background': 'https://media.rawg.io/media/games/26d/26d4437715bee60138dab4a7c8c59c92.jpg'}]","[{'id': 20227, 'name': 'Addictive Games', 'slug': 'addictive-games', 'games_count': 5, 'image_background': 'https://media.rawg.io/media/screenshots/fd2/fd219310c0a349063da11e9b296a4498.jpg'}]",,,"Software Star is a 1985 game released by Kevin Toms for the Amstrad CPC, Commodore 64 and ZX Spectrum.",,4.0,2.0,2.0,1.0,,,,,,,,,,,,,,,,,,,0.0,
56674,norway-1985,Norway 1985,Norway 1985,"<p>Norway 1985 is a computer wargame published in 1985 by Strategic Simulations. Developed by Roger Keating, it was the fourth in the ""When Superpowers Collide"" series.</p>",,[],1985-01-01,False,2019-08-28T22:00:21,https://media.rawg.io/media/screenshots/fa0/fa0b02f6b5df4bbdfc8f81873bebcb30.jpg,https://media.rawg.io/media/screenshots/168/168fe2ebf62f6400f0cd12246792c05e.jpg,,0.0,0,[],9,0,7,0,0,0,0,,,,,0,0,0,0,0,130,[],,0,0,0,,0,0f0f0f,0f0f0f,"[{'platform': {'id': 5, 'name': 'Apple Macintosh', 'slug': 'mac'}}, {'platform': {'id': 10, 'name': 'Commodore / Amiga', 'slug': 'commodore-amiga'}}]","[{'platform': {'id': 166, 'name': 'Commodore / Amiga', 'slug': 'commodore-amiga', 'image': None, 'year_end': None, 'year_start': None, 'games_count': 2083, 'image_background': 'https://media.rawg.io/media/games/cce/cce8bebe861f295003f5a9fe5b11233f.jpg'}, 'released_at': '1985-01-01', 'requirements': {}}, {'platform': {'id': 41, 'name': 'Apple II', 'slug': 'apple-ii', 'image': None, 'year_end': None, 'year_start': None, 'games_count': 424, 'image_background': 'https://media.rawg.io/media/screenshots/3d2/3d2bb57b39e2efa39d1c385585b2ea8b.jpg'}, 'released_at': '1985-01-01', 'requirements': {}}]",[],"[{'id': 27384, 'name': 'Roger Keating', 'slug': 'roger-keating', 'games_count': 4, 'image_background': 'https://media.rawg.io/media/screenshots/566/566c6c706a02ac444f68c6edb580f5c0.jpg'}]",[],"[{'id': 31, 'name': 'Singleplayer', 'slug': 'singleplayer', 'language': 'eng', 'games_count': 238404, 'image_background': 'https://media.rawg.io/media/games/26d/26d4437715bee60138dab4a7c8c59c92.jpg'}, {'id': 7, 'name': 'Multiplayer', 'slug': 'multiplayer', 'language': 'eng', 'games_count': 40505, 'image_background': 'https://media.rawg.io/media/games/021/021c4e21a1824d2526f925eff6324653.jpg'}]","[{'id': 19851, 'name': 'Strategic Simulations', 'slug': 'strategic-simulations', 'games_count': 113, 'image_background': 'https://media.rawg.io/media/screenshots/55c/55cd1c62d524e51467185c94839b08c4.jpg'}]",,,"Norway 1985 is a computer wargame published in 1985 by Strategic Simulations. Developed by Roger Keating, it was the fourth in the ""When Superpowers Collide"" series.",,5.0,2.0,1.0,1.0,,,,,,,,,,,,,,,,,,,0.0,
56450,dynamite-dan,Dynamite Dan,Dynamite Dan,<p>Dynamite Dan is a platform game for the ZX Spectrum and other 8-bit formats written by Rod Bowkett and released by Mirrorsoft in 1985.</p>,,[],1985-01-01,False,2019-08-28T22:25:58,https://media.rawg.io/media/screenshots/165/165d98ac8a759123d9632ea14b76b94c.jpg,https://media.rawg.io/media/screenshots/4f2/4f2590483442c05e02fd7678393df390.jpg,,0.0,0,"[{'id': 1, 'title': 'skip', 'count': 1, 'percent': 100.0}]",9,0,8,0,0,0,0,,,,,0,0,0,0,1,201,[],,0,0,0,,1,0f0f0f,0f0f0f,"[{'platform': {'id': 10, 'name': 'Commodore / Amiga', 'slug': 'commodore-amiga'}}]","[{'platform': {'id': 166, 'name': 'Commodore / Amiga', 'slug': 'commodore-amiga', 'image': None, 'year_end': None, 'year_start': None, 'games_count': 2083, 'image_background': 'https://media.rawg.io/media/games/cce/cce8bebe861f295003f5a9fe5b11233f.jpg'}, 'released_at': '1985-01-01', 'requirements': {}}]",[],"[{'id': 27438, 'name': 'Rod Bowkett', 'slug': 'rod-bowkett', 'games_count': 1, 'image_background': 'https://media.rawg.io/media/screenshots/165/165d98ac8a759123d9632ea14b76b94c.jpg'}]",[],"[{'id': 31, 'name': 'Singleplayer', 'slug': 'singleplayer', 'language': 'eng', 'games_count': 238404, 'image_background': 'https://media.rawg.io/media/games/26d/26d4437715bee60138dab4a7c8c59c92.jpg'}]","[{'id': 12092, 'name': 'Mirrorsoft', 'slug': 'mirrorsoft', 'games_count': 32, 'image_background': 'https://media.rawg.io/media/screenshots/dc4/dc41719cdc3e2d85103ccde3d6ca976e.jpg'}]",,,Dynamite Dan is a platform game for the ZX Spectrum and other 8-bit formats written by Rod Bowkett and released by Mirrorsoft in 1985.,,5.0,2.0,1.0,1.0,,,,,,,,,,,,,,,,,,,0.0,
625806,retro-classix-breakthru,Retro Classix: BreakThru,Retro Classix: BreakThru,"<strong>One-Way Road Trip</strong><br/><br/>The situation is critical. Our most revolutionary fighter jet, the PK430, has crashed deep behind enemy lines and it’s only a matter of time before our adversaries discover all of its highly advanced secrets. This is a moment of desperation, and there is no time to weigh our options. You must drive deep into enemy territory to recover the PK430 using the military’s most advanced land vehicle, capable of leaping high into the air at the push of a button. This is a one-way trip, pilot — you’re coming back home in that fighter jet, or not at all.<br/><br/>This thrilling 2D side scrolling land-based shmup from Data East™ is an intense arcade action romp through hostile territory. Break through enemy lines with your high-speed vehicle capable of blowing away enemy forces and leaping across vast chasms. The opposing forces are on high alert and they’re going to be coming at you with tanks, helicopters, missiles, and whatever else they can throw at you. Get yourself strapped in — it's going to be a bumpy ride!<br/><br/><ul><li>Outmaneuver and devastate enemies with the abilities to change speed, launch into the sky, and blast them away with a mounted cannon<br/></li><li>Race through five exciting stages, including a mountain pass, across a crumbling bridge, and straight through the enemy base<br/></li><li>Take in the vibrant, colorful graphics as they fly by at breakneck speeds </li></ul>",,[],1985-12-31,False,2023-02-08T10:51:28,https://media.rawg.io/media/screenshots/a8d/a8da4189832cea15d662c1ad509cefeb.jpg,https://media.rawg.io/media/screenshots/52e/52e038b0492fe560fd3d7484c965dcdb.jpg,http://www.ziggurat.games,0.0,0,[],9,0,6,0,0,0,0,,,,,0,0,0,0,0,190,[],,0,0,0,,0,0f0f0f,0f0f0f,"[{'platform': {'id': 1, 'name': 'PC', 'slug': 'pc'}}]","[{'platform': {'id': 4, 'name': 'PC', 'slug': 'pc', 'image': None, 'year_end': None, 'year_start': None, 'games_count': 547194, 'image_background': 'https://media.rawg.io/media/games/4be/4be6a6ad0364751a96229c56bf69be59.jpg'}, 'released_at': '1985-12-31', 'requirements': {'minimum': 'Minimum:\nRequires a 64-bit processor and operating system\nOS: Windows 7 or later\nProcessor: 2.0 GHz\nMemory: 4 GB RAM\nGraphics: DirectX 11 Compatible Graphics Device\nDirectX: Version 11\nStorage: 290 MB available space', 'recommended': 'Recommended:\nRequires a 64-bit processor and operating system'}}]","[{'id': 620540, 'url': '', 'store': {'id': 1, 'name': 'Steam', 'slug': 'steam', 'domain': 'store.steampowered.com', 'games_count': 110181, 'image_background': 'https://media.rawg.io/media/games/7fa/7fa0b586293c5861ee32490e953a4996.jpg'}}, {'id': 620561, 'url': '', 'store': {'id': 5, 'name': 'GOG', 'slug': 'gog', 'domain': 'gog.com', 'games_count': 6713, 'image_background': 'https://media.rawg.io/media/games/5c0/5c0dd63002cb23f804aab327d40ef119.jpg'}}]","[{'id': 15837, 'name': 'Data East', 'slug': 'data-east', 'games_count': 71, 'image_background': 'https://media.rawg.io/media/games/3b9/3b98e6b2552b49a95f9505351ff4fba7.jpg'}]","[{'id': 4, 'name': 'Action', 'slug': 'action', 'games_count': 186608, 'image_background': 'https://media.rawg.io/media/games/618/618c2031a07bbff6b4f611f10b6bcdbc.jpg'}]","[{'id': 31, 'name': 'Singleplayer', 'slug': 'singleplayer', 'language': 'eng', 'games_count': 238404, 'image_background': 'https://media.rawg.io/media/games/26d/26d4437715bee60138dab4a7c8c59c92.jpg'}, {'id': 45, 'name': '2D', 'slug': '2d', 'language': 'eng', 'games_count': 202072, 'image_background': 'https://media.rawg.io/media/games/8ca/8ca40b562a755d6a0e30d48e6c74b178.jpg'}, {'id': 40845, 'name': 'Partial Controller Support', 'slug': 'partial-controller-support', 'language': 'eng', 'games_count': 12999, 'image_background': 'https://media.rawg.io/media/games/587/587588c64afbff80e6f444eb2e46f9da.jpg'}, {'id': 122, 'name': 'Pixel Graphics', 'slug': 'pixel-graphics', 'language': 'eng', 'games_count': 96617, 'image_background': 'https://media.rawg.io/media/games/ffe/ffed87105b14f5beff72ff44a7793fd5.jpg'}, {'id': 115, 'name': 'Controller', 'slug': 'controller', 'language': 'eng', 'games_count': 13461, 'image_background': 'https://media.rawg.io/media/games/85c/85c8ae70e7cdf0105f06ef6bdce63b8b.jpg'}, {'id': 74, 'name': 'Retro', 'slug': 'retro', 'language': 'eng', 'games_count': 43195, 'image_background': 'https://media.rawg.io/media/games/e04/e04963f3ac4c4fa83a1dc0b9231e50db.jpg'}, {'id': 165, 'name': 'Colorful', 'slug': 'colorful', 'language': 'eng', 'games_count': 25788, 'image_background': 'https://media.rawg.io/media/games/43f/43f4f3a50651f371c147ecce8ee841a9.jpg'}, {'id': 113, 'name': 'Side Scroller', 'slug': 'side-scroller', 'language': 'eng', 'games_count': 11222, 'image_background': 'https://media.rawg.io/media/games/283/283e7e600366b0da7021883d27159b27.jpg'}, {'id': 1465, 'name': 'combat', 'slug': 'combat', 'language': 'eng', 'games_count': 14418, 'image_background': 'https://media.rawg.io/media/games/f54/f54e9fb2f4aac37810ea1a69a3e4480a.jpg'}, {'id': 81, 'name': 'Military', 'slug': 'military', 'language': 'eng', 'games_count': 2249, 'image_background': 'https://media.rawg.io/media/games/8bd/8bd24e3c15354a9555bb1437fe555a69.jpg'}, {'id': 61, 'name': 'Top-Down', 'slug': 'top-down', 'language': 'eng', 'games_count': 27149, 'image_background': 'https://media.rawg.io/media/screenshots/2fc/2fc6994425146f9dba3133400b414e29.jpg'}, {'id': 130, 'name': 'Driving', 'slug': 'driving', 'language': 'eng', 'games_count': 5380, 'image_background': 'https://media.rawg.io/media/games/27b/27b02ffaab6b250cc31bf43baca1fc34.jpg'}, {'id': 305, 'name': 'Linear', 'slug': 'linear', 'language': 'eng', 'games_count': 8091, 'image_background': 'https://media.rawg.io/media/games/eb2/eb24800b4491701eca481e7c990bce4a.jpg'}, {'id': 56, 'name': ""Shoot 'Em Up"", 'slug': 'shoot-em-up', 'language': 'eng', 'games_count': 11985, 'image_background': 'https://media.rawg.io/media/screenshots/5e9/5e996586e4fe42611462193cafbaa75e.jpg'}, {'id': 116, 'name': '2.5D', 'slug': '25d', 'language': 'eng', 'games_count': 2514, 'image_background': 'https://media.rawg.io/media/games/26c/26cacc55399ed6b2c14e20d2eca0620a.jpg'}, {'id': 236, 'name': 'Top-Down Shooter', 'slug': 'top-down-shooter', 'language': 'eng', 'games_count': 2777, 'image_background': 'https://media.rawg.io/media/games/ae3/ae357d6e6f9e89597e8293469ddabba9.jpg'}, {'id': 132, 'name': 'Offroad', 'slug': 'offroad', 'language': 'eng', 'games_count': 1021, 'image_background': 'https://media.rawg.io/media/games/30a/30afe3a3cb06849dc032ef3b9295f180.jpg'}, {'id': 49970, 'name': 'Vehicular Combat', 'slug': 'vehicular-combat-2', 'language': 'eng', 'games_count': 742, 'image_background': 'https://media.rawg.io/media/games/ba2/ba27ddbd28606e4ef8f694298c0fd67f.jpg'}, {'id': 49966, 'name': 'Combat Racing', 'slug': 'combat-racing-2', 'language': 'eng', 'games_count': 717, 'image_background': 'https://media.rawg.io/media/games/e56/e56d73997fa600cea36a31ad34e58193.jpg'}]","[{'id': 41071, 'name': 'Ziggurat', 'slug': 'ziggurat', 'games_count': 93, 'image_background': 'https://media.rawg.io/media/screenshots/fa1/fa1fffbbabd7318f1ce7b20c7fbd7878.jpg'}, {'id': 44520, 'name': 'Ziggurat Interactive', 'slug': 'ziggurat-interactive', 'games_count': 100, 'image_background': 'https://media.rawg.io/media/screenshots/afb/afbd22c502385cd5d2017bd75f0f3282.jpg'}, {'id': 28300, 'name': '612 Games', 'slug': '612-games', 'games_count': 13, 'image_background': 'https://media.rawg.io/media/screenshots/190/190027edd7923aae9a12863e754f7881.jpg'}]",,,"One-Way Road Trip
The situation is critical. Our most revolutionary fighter jet, the PK430, has crashed deep behind enemy lines and it’s only a matter of time before our adversaries discover all of its highly advanced secrets. This is a moment of desperation, and there is no time to weigh our options. You must drive deep into enemy territory to recover the PK430 using the military’s most advanced land vehicle, capable of leaping high into the air at the push of a button. This is a one-way trip, pilot — you’re coming back home in that fighter jet, or not at all.
This thrilling 2D side scrolling land-based shmup from Data East™ is an intense arcade action romp through hostile territory. Break through enemy lines with your high-speed vehicle capable of blowing away enemy forces and leaping across vast chasms. The opposing forces are on high alert and they’re going to be coming at you with tanks, helicopters, missiles, and whatever else they can throw at you. Get yourself strapped in — it's going to be a bumpy ride!
Outmaneuver and devastate enemies with the abilities to change speed, launch into the sky, and blast them away with a mounted cannon
Race through five exciting stages, including a mountain pass, across a crumbling bridge, and straight through the enemy base
Take in the vibrant, colorful graphics as they fly by at breakneck speeds",1.0,7.0,,,1.0,,,,,,,,,,,,,,,,,,,0.0,
56843,thing-on-a-spring,Thing on a Spring,Thing on a Spring,"<p>Thing On A Spring is a side-scrolling platform/puzzle game produced in 1985 for the Amstrad CPC and Commodore 64 by Gremlin Graphics. Gameplay involves controlling a character resembling Zebedee from The Magic Roundabout through a toy factory while avoiding evil toys.</p>
<p>The game was written by Jason Perkins, Anthony Clarke and the graphics were by Mark Rogers, with musical score composed by Rob Hubbard, his first composition for a game. In his Zzap!64 review, Julian Rignall exclaimed, ""The sound is unbelievable, I won't describe it but just wait until you hear it; words fail.""</p>
<p>Along with Rockford from the game Boulder Dash, the Thing On A Spring character became a regular graphic element printed in the margins of Zzap!64.</p>
<p>Thing Bounces Back was released as a sequel in 1987, also by Gremlin.</p>",,[],1985-01-01,False,2019-08-28T22:00:16,https://media.rawg.io/media/screenshots/718/718f79c006c5d4a3b018c86b62f2b867.jpg,https://media.rawg.io/media/screenshots/679/679007d456af6b7ef70b09db64320270.jpg,,0.0,0,[],9,0,8,0,2,0,0,,,,,0,0,0,0,0,119,[],,0,0,0,,0,0f0f0f,0f0f0f,"[{'platform': {'id': 10, 'name': 'Commodore / Amiga', 'slug': 'commodore-amiga'}}]","[{'platform': {'id': 166, 'name': 'Commodore / Amiga', 'slug': 'commodore-amiga', 'image': None, 'year_end': None, 'year_start': None, 'games_count': 2083, 'image_background': 'https://media.rawg.io/media/games/cce/cce8bebe861f295003f5a9fe5b11233f.jpg'}, 'released_at': '1985-01-01', 'requirements': {}}]",[],"[{'id': 27620, 'name': 'Jason Perkins', 'slug': 'jason-perkins', 'games_count': 1, 'image_background': 'https://media.rawg.io/media/screenshots/718/718f79c006c5d4a3b018c86b62f2b867.jpg'}, {'id': 27621, 'name': 'Anthony Clarke', 'slug': 'anthony-clarke', 'games_count': 1, 'image_background': 'https://media.rawg.io/media/screenshots/718/718f79c006c5d4a3b018c86b62f2b867.jpg'}, {'id': 27622, 'name': 'Mark Rogers', 'slug': 'mark-rogers', 'games_count': 1, 'image_background': 'https://media.rawg.io/media/screenshots/718/718f79c006c5d4a3b018c86b62f2b867.jpg'}]","[{'id': 7, 'name': 'Puzzle', 'slug': 'puzzle', 'games_count': 97333, 'image_background': 'https://media.rawg.io/media/games/9f4/9f418898f5415668ca47b5f4ab1ecfeb.jpg'}]","[{'id': 31, 'name': 'Singleplayer', 'slug': 'singleplayer', 'language': 'eng', 'games_count': 238404, 'image_background': 'https://media.rawg.io/media/games/26d/26d4437715bee60138dab4a7c8c59c92.jpg'}]","[{'id': 11477, 'name': 'Gremlin Interactive', 'slug': 'gremlin-interactive', 'games_count': 58, 'image_background': 'https://media.rawg.io/media/games/885/8858877b10b705b4fcd9c0fc7946f4c7.jpg'}, {'id': 11956, 'name': 'Gremlin Graphics', 'slug': 'gremlin-graphics', 'games_count': 38, 'image_background': 'https://media.rawg.io/media/screenshots/05f/05fc758450ac0061ba8146ea557add01.jpg'}]",,,"Thing On A Spring is a side-scrolling platform/puzzle game produced in 1985 for the Amstrad CPC and Commodore 64 by Gremlin Graphics. Gameplay involves controlling a character resembling Zebedee from The Magic Roundabout through a toy factory while avoiding evil toys.
The game was written by Jason Perkins, Anthony Clarke and the graphics were by Mark Rogers, with musical score composed by Rob Hubbard, his first composition for a game. In his Zzap!64 review, Julian Rignall exclaimed, ""The sound is unbelievable, I won't describe it but just wait until you hear it; words fail.""
Along with Rockford from the game Boulder Dash, the Thing On A Spring character became a regular graphic element printed in the margins of Zzap!64.
Thing Bounces Back was released as a sequel in 1987, also by Gremlin.",,5.0,2.0,1.0,1.0,,,,,,,,,,,,,,,,,,,0.0,
56353,blackwyche,Blackwyche,Blackwyche,"<p>Blackwyche is an action-adventure video game developed and published by Ultimate Play the Game for the Commodore 64 in 1985. The game is the third instalment of the Pendragon series and is a sequel to Entombed. In the game, aristocrat adventurer Sir Arthur Pendragon is trapped on board a haunted galleon and must free the soul of its captain. The game is presented in a 3D isometric format.</p>
<p>The Pendragon series was created and designed by brothers Dave and Bob Thomas, with Ultimate founders Tim and Chris Stamper otherwise being uninvolved in development. The game's setting and graphics were heavily inspired by HMS Victory and the surrounding city of Portsmouth. The game was met with mixed reviews upon release. Critics were divided over the game's graphics and re-usage of sprites, but criticised the game for its vast similarities to its predecessors. It was followed by a final instalment to the series, Dragon Skulle, which was released later in 1985.</p>",,[],1985-01-01,False,2019-08-28T22:00:32,https://media.rawg.io/media/screenshots/ddb/ddb1e2c4e326f664fe477d7946d60381.jpg,https://media.rawg.io/media/screenshots/f57/f576fb58588debb10b0e20e04716f972.jpg,,0.0,0,[],9,0,2,0,1,0,0,,,,,0,0,0,0,0,49,[],,0,0,0,,0,0f0f0f,0f0f0f,"[{'platform': {'id': 10, 'name': 'Commodore / Amiga', 'slug': 'commodore-amiga'}}]","[{'platform': {'id': 166, 'name': 'Commodore / Amiga', 'slug': 'commodore-amiga', 'image': None, 'year_end': None, 'year_start': None, 'games_count': 2083, 'image_background': 'https://media.rawg.io/media/games/cce/cce8bebe861f295003f5a9fe5b11233f.jpg'}, 'released_at': '1985-01-01', 'requirements': {}}]",[],"[{'id': 27399, 'name': 'Ultimate Play the Game', 'slug': 'ultimate-play-the-game', 'games_count': 8, 'image_background': 'https://media.rawg.io/media/screenshots/7a5/7a5a2fc9e2813ff30471f86d5378e1eb.jpg'}]",[],"[{'id': 31, 'name': 'Singleplayer', 'slug': 'singleplayer', 'language': 'eng', 'games_count': 238404, 'image_background': 'https://media.rawg.io/media/games/26d/26d4437715bee60138dab4a7c8c59c92.jpg'}]","[{'id': 19346, 'name': 'Rare', 'slug': 'rare', 'games_count': 13, 'image_background': 'https://media.rawg.io/media/games/f62/f62d090119e5ff05c59036480123fd83.jpg'}, {'id': 20498, 'name': 'Ultimate Play the Game', 'slug': 'ultimate-play-the-game', 'games_count': 10, 'image_background': 'https://media.rawg.io/media/screenshots/94c/94c89990622d31e83712bd454b7c563a.jpg'}]",,,"Blackwyche is an action-adventure video game developed and published by Ultimate Play the Game for the Commodore 64 in 1985. The game is the third instalment of the Pendragon series and is a sequel to Entombed. In the game, aristocrat adventurer Sir Arthur Pendragon is trapped on board a haunted galleon and must free the soul of its captain. The game is presented in a 3D isometric format.
The Pendragon series was created and designed by brothers Dave and Bob Thomas, with Ultimate founders Tim and Chris Stamper otherwise being uninvolved in development. The game's setting and graphics were heavily inspired by HMS Victory and the surrounding city of Portsmouth. The game was met with mixed reviews upon release. Critics were divided over the game's graphics and re-usage of sprites, but criticised the game for its vast similarities to its predecessors. It was followed by a final instalment to the series, Dragon Skulle, which was released later in 1985.",,5.0,2.0,1.0,1.0,,,,,,,,,,,,,,,,,,,0.0,
56740,robin-of-the-wood,Robin of the Wood,Robin of the Wood,<p>Robin of the Wood is a maze game published in 1985 for several 8-bit computer formats by Odin Computer Graphics in the UK and Serma Software in Spain. It was based on the English legend Robin Hood.</p>,,[],1985-01-01,False,2019-08-28T22:00:19,https://media.rawg.io/media/screenshots/2bc/2bc1217fcf490ed51fbe0a87e603c48c.jpg,https://media.rawg.io/media/screenshots/faf/faf11e4a7ddb30eac9037ab5b706b99a.jpg,,0.0,0,"[{'id': 1, 'title': 'skip', 'count': 1, 'percent': 100.0}]",9,0,7,0,0,0,0,,,,,0,0,0,0,1,253,[],,0,0,0,,1,0f0f0f,0f0f0f,"[{'platform': {'id': 4, 'name': 'iOS', 'slug': 'ios'}}, {'platform': {'id': 10, 'name': 'Commodore / Amiga', 'slug': 'commodore-amiga'}}]","[{'platform': {'id': 166, 'name': 'Commodore / Amiga', 'slug': 'commodore-amiga', 'image': None, 'year_end': None, 'year_start': None, 'games_count': 2083, 'image_background': 'https://media.rawg.io/media/games/cce/cce8bebe861f295003f5a9fe5b11233f.jpg'}, 'released_at': '1985-01-01', 'requirements': {}}, {'platform': {'id': 3, 'name': 'iOS', 'slug': 'ios', 'image': None, 'year_end': None, 'year_start': None, 'games_count': 77392, 'image_background': 'https://media.rawg.io/media/games/5fa/5fae5fec3c943179e09da67a4427d68f.jpg'}, 'released_at': '1985-01-01', 'requirements': {}}]",[],"[{'id': 27573, 'name': 'Paul Salmon', 'slug': 'paul-salmon', 'games_count': 1, 'image_background': 'https://media.rawg.io/media/screenshots/2bc/2bc1217fcf490ed51fbe0a87e603c48c.jpg'}, {'id': 27574, 'name': 'Fred Gray', 'slug': 'fred-gray', 'games_count': 1, 'image_background': 'https://media.rawg.io/media/screenshots/2bc/2bc1217fcf490ed51fbe0a87e603c48c.jpg'}, {'id': 27575, 'name': 'Steve Wetherill', 'slug': 'steve-wetherill', 'games_count': 1, 'image_background': 'https://media.rawg.io/media/screenshots/2bc/2bc1217fcf490ed51fbe0a87e603c48c.jpg'}]",[],"[{'id': 31, 'name': 'Singleplayer', 'slug': 'singleplayer', 'language': 'eng', 'games_count': 238404, 'image_background': 'https://media.rawg.io/media/games/26d/26d4437715bee60138dab4a7c8c59c92.jpg'}]","[{'id': 20550, 'name': 'Odin Computer Graphics', 'slug': 'odin-computer-graphics', 'games_count': 3, 'image_background': 'https://media.rawg.io/media/screenshots/96b/96b430c10c6c962efbedee08c6091d30.jpg'}]",,,Robin of the Wood is a maze game published in 1985 for several 8-bit computer formats by Odin Computer Graphics in the UK and Serma Software in Spain. It was based on the English legend Robin Hood.,,5.0,2.0,1.0,1.0,,,,,,,,,,,,,,,,,,,0.0,
56744,rocketball,Rocketball,Rocketball,<p>Rocketball is a sports-action Commodore 64 computer game released by IJK Software in 1985. Rocketball was coded by John Sinclair and has music by L Pilling.</p>,,[],1985-01-01,False,2019-08-28T22:25:54,,,,0.0,0,[],9,0,0,0,0,0,0,,,,,0,0,0,0,0,0,[],,0,0,0,,0,0f0f0f,0f0f0f,"[{'platform': {'id': 10, 'name': 'Commodore / Amiga', 'slug': 'commodore-amiga'}}]","[{'platform': {'id': 166, 'name': 'Commodore / Amiga', 'slug': 'commodore-amiga', 'image': None, 'year_end': None, 'year_start': None, 'games_count': 2083, 'image_background': 'https://media.rawg.io/media/games/cce/cce8bebe861f295003f5a9fe5b11233f.jpg'}, 'released_at': '1985-01-01', 'requirements': {}}]",[],"[{'id': 27576, 'name': 'IJK Software', 'slug': 'ijk-software', 'games_count': 1, 'image_background': ''}]","[{'id': 15, 'name': 'Sports', 'slug': 'sports', 'games_count': 22123, 'image_background': 'https://media.rawg.io/media/games/5eb/5eb49eb2fa0738fdb5bacea557b1bc57.jpg'}]","[{'id': 31, 'name': 'Singleplayer', 'slug': 'singleplayer', 'language': 'eng', 'games_count': 238404, 'image_background': 'https://media.rawg.io/media/games/26d/26d4437715bee60138dab4a7c8c59c92.jpg'}]","[{'id': 20603, 'name': 'IJK Software', 'slug': 'ijk-software', 'games_count': 1, 'image_background': ''}]",,,Rocketball is a sports-action Commodore 64 computer game released by IJK Software in 1985. Rocketball was coded by John Sinclair and has music by L Pilling.,,4.0,2.0,2.0,1.0,,,,,,,,,,,,,,,,,,,0.0,
56562,imhotep,Imhotep,Imhotep,<p>Imhotep is a shoot 'em up video game published by Ultimate Play the Game. It was released exclusively for the Commodore 64 in the United Kingdom on 15 October 1985. The game is set in Ancient Egypt and revolves around Imhotep the Wise and his mission to stop the famine plaguing the kingdom by obtaining sacred books. Imhotep was developed by Spaniard Manuel Caballero over a period of ten months between his gap year.</p>,,[],1985-10-15,False,2019-08-28T22:25:56,https://media.rawg.io/media/screenshots/ee1/ee14fea4b2ca6dc6f22783ac134d7b10.jpg,https://media.rawg.io/media/screenshots/330/33045c2f7a070f48642206b82696ba8e.jpg,,0.0,0,[],9,0,6,0,1,0,0,,,,,0,0,0,0,0,165,[],,0,0,0,,0,0f0f0f,0f0f0f,"[{'platform': {'id': 10, 'name': 'Commodore / Amiga', 'slug': 'commodore-amiga'}}]","[{'platform': {'id': 166, 'name': 'Commodore / Amiga', 'slug': 'commodore-amiga', 'image': None, 'year_end': None, 'year_start': None, 'games_count': 2083, 'image_background': 'https://media.rawg.io/media/games/cce/cce8bebe861f295003f5a9fe5b11233f.jpg'}, 'released_at': '1985-10-15', 'requirements': {}}]",[],"[{'id': 27399, 'name': 'Ultimate Play the Game', 'slug': 'ultimate-play-the-game', 'games_count': 8, 'image_background': 'https://media.rawg.io/media/screenshots/7a5/7a5a2fc9e2813ff30471f86d5378e1eb.jpg'}]",[],"[{'id': 31, 'name': 'Singleplayer', 'slug': 'singleplayer', 'language': 'eng', 'games_count': 238404, 'image_background': 'https://media.rawg.io/media/games/26d/26d4437715bee60138dab4a7c8c59c92.jpg'}]","[{'id': 20498, 'name': 'Ultimate Play the Game', 'slug': 'ultimate-play-the-game', 'games_count': 10, 'image_background': 'https://media.rawg.io/media/screenshots/94c/94c89990622d31e83712bd454b7c563a.jpg'}]",,,Imhotep is a shoot 'em up video game published by Ultimate Play the Game. It was released exclusively for the Commodore 64 in the United Kingdom on 15 October 1985. The game is set in Ancient Egypt and revolves around Imhotep the Wise and his mission to stop the famine plaguing the kingdom by obtaining sacred books. Imhotep was developed by Spaniard Manuel Caballero over a period of ten months between his gap year.,,4.0,2.0,2.0,1.0,,,,,,,,,,,,,,,,,,,0.0,
56787,soul-of-a-robot,Soul of a Robot,Soul of a Robot,"<p>Soul of a Robot is a computer game sequel to Nonterraqueous for the ZX Spectrum, Amstrad CPC and MSX, released by Mastertronic in 1985. It was sometimes called Nonterraqueous 2.</p>",,[],1985-01-01,False,2019-08-28T22:00:18,https://media.rawg.io/media/screenshots/4b5/4b506d1108f0dc57bcfd57602f9cda38.jpg,https://media.rawg.io/media/screenshots/ccd/ccd960cd05bcee91e24224cfeaf55dca.jpg,,0.0,0,[],9,0,9,0,0,0,0,,,,,0,0,0,0,0,354,[],,0,0,0,,0,0f0f0f,0f0f0f,"[{'platform': {'id': 10, 'name': 'Commodore / Amiga', 'slug': 'commodore-amiga'}}]","[{'platform': {'id': 166, 'name': 'Commodore / Amiga', 'slug': 'commodore-amiga', 'image': None, 'year_end': None, 'year_start': None, 'games_count': 2083, 'image_background': 'https://media.rawg.io/media/games/cce/cce8bebe861f295003f5a9fe5b11233f.jpg'}, 'released_at': '1985-01-01', 'requirements': {}}]",[],"[{'id': 27543, 'name': 'Stephen N Curtis', 'slug': 'stephen-n-curtis', 'games_count': 2, 'image_background': 'https://media.rawg.io/media/screenshots/4b5/4b506d1108f0dc57bcfd57602f9cda38.jpg'}, {'id': 27544, 'name': 'Mark Jacobs', 'slug': 'mark-jacobs', 'games_count': 2, 'image_background': 'https://media.rawg.io/media/screenshots/4b5/4b506d1108f0dc57bcfd57602f9cda38.jpg'}]",[],"[{'id': 31, 'name': 'Singleplayer', 'slug': 'singleplayer', 'language': 'eng', 'games_count': 238404, 'image_background': 'https://media.rawg.io/media/games/26d/26d4437715bee60138dab4a7c8c59c92.jpg'}]","[{'id': 4799, 'name': 'Mastertronic', 'slug': 'mastertronic', 'games_count': 72, 'image_background': 'https://media.rawg.io/media/screenshots/bb4/bb424afaf45c23f5893753ab1c1eca27.jpg'}]",,,"Soul of a Robot is a computer game sequel to Nonterraqueous for the ZX Spectrum, Amstrad CPC and MSX, released by Mastertronic in 1985. It was sometimes called Nonterraqueous 2.",,4.0,2.0,2.0,1.0,,,,,,,,,,,,,,,,,,,0.0,
54064,stack-up,Stack-Up,Stack-Up,"<p>Stack-Up (also known as Robot Block and simply Block (ブロック, Burokku) in Japan) is a video game released in 1985 for the Nintendo Entertainment System, designed for use with R.O.B. the Robotic Operating Buddy. Stack-Up is one of two games in Nintendo's Robot Series, the other being Gyromite (Robot Gyro in Japan). While Gyromite is a pack-in game with the R.O.B. itself and therefore comes with all the parts needed to play the game, Stack-Up comes in a large box containing additional bases and colored discs. The game's retail box comes with many, many small, plastic parts, which may contribute to difficulty in maintaining a complete set. Stack-Up is considered by those who are in the know to be one of the rarest first-party games for the NES.</p>
<p>Because 1985's newly released NES game console is internally compatible with 1983's Famicom game console, all Stack-Up GamePak cartridges contain the 60-pin circuit board of a Famicom cartridge, attached to a 72-pin adapter like the T89 Cartridge Converter for the NES. This GamePak may be disassembled to reclaim its Famicom-to-NES adapter, for use in modifying other Famicom cartridges to work on NES.</p>",,[],1985-07-26,False,2019-08-28T22:01:46,https://media.rawg.io/media/screenshots/e5f/e5fc7c8df7e311ee7f8ad5fea39cc465.jpg,https://media.rawg.io/media/screenshots/288/288ba643af746d511776eadd8767f7a3.jpg,,0.0,0,"[{'id': 3, 'title': 'meh', 'count': 1, 'percent': 100.0}]",9,0,8,0,1,0,0,,,,,0,0,0,0,1,163,[],,0,0,0,,1,0f0f0f,0f0f0f,"[{'platform': {'id': 7, 'name': 'Nintendo', 'slug': 'nintendo'}}]","[{'platform': {'id': 49, 'name': 'NES', 'slug': 'nes', 'image': None, 'year_end': None, 'year_start': None, 'games_count': 1015, 'image_background': 'https://media.rawg.io/media/games/7c5/7c50dd0415eb0a57505c58d4e50e4d24.jpg'}, 'released_at': '1985-07-26', 'requirements': {}}]",[],"[{'id': 16257, 'name': 'Nintendo', 'slug': 'nintendo', 'games_count': 426, 'image_background': 'https://media.rawg.io/media/games/d9c/d9c8b7edc78391619566adfeb52b5a9a.jpg'}]","[{'id': 7, 'name': 'Puzzle', 'slug': 'puzzle', 'games_count': 97333, 'image_background': 'https://media.rawg.io/media/games/9f4/9f418898f5415668ca47b5f4ab1ecfeb.jpg'}]","[{'id': 31, 'name': 'Singleplayer', 'slug': 'singleplayer', 'language': 'eng', 'games_count': 238404, 'image_background': 'https://media.rawg.io/media/games/26d/26d4437715bee60138dab4a7c8c59c92.jpg'}, {'id': 7, 'name': 'Multiplayer', 'slug': 'multiplayer', 'language': 'eng', 'games_count': 40505, 'image_background': 'https://media.rawg.io/media/games/021/021c4e21a1824d2526f925eff6324653.jpg'}]","[{'id': 10681, 'name': 'Nintendo', 'slug': 'nintendo', 'games_count': 1235, 'image_background': 'https://media.rawg.io/media/games/dd1/dd167cf8753db3748a975d61cc926e54.jpg'}]",,,"Stack-Up (also known as Robot Block and simply Block (ブロック, Burokku) in Japan) is a video game released in 1985 for the Nintendo Entertainment System, designed for use with R.O.B. the Robotic Operating Buddy. Stack-Up is one of two games in Nintendo's Robot Series, the other being Gyromite (Robot Gyro in Japan). While Gyromite is a pack-in game with the R.O.B. itself and therefore comes with all the parts needed to play the game, Stack-Up comes in a large box containing additional bases and colored discs. The game's retail box comes with many, many small, plastic parts, which may contribute to difficulty in maintaining a complete set. Stack-Up is considered by those who are in the know to be one of the rarest first-party games for the NES.
Because 1985's newly released NES game console is internally compatible with 1983's Famicom game console, all Stack-Up GamePak cartridges contain the 60-pin circuit board of a Famicom cartridge, attached to a 72-pin adapter like the T89 Cartridge Converter for the NES. This GamePak may be disassembled to reclaim its Famicom-to-NES adapter, for use in modifying other Famicom cartridges to work on NES.",,4.0,2.0,2.0,1.0,,,,,,,,,,,,,,,,,,,0.0,
56490,the-fourth-protocol,The Fourth Protocol,The Fourth Protocol,"<p>The Fourth Protocol is an interactive fiction computer game based on Frederick Forsyth's 1984 spy novel The Fourth Protocol. The detective-style gameplay resembles contemporary menu-driven adventures such as The Vera Cruz Affair, and later titles such as Yes, Prime Minister and Floor 13.</p>
<p>The game was released in 1985 by Hutchinson Computer Publishing, a subsidiary of the publishing house Hutchinson. It was designed by John Lambshead and Gordon Paterson, and the programming was by Ben Notarianni, Rupert Bowater and Paul Norris of the Electronic Pencil Company.[1] The game was released for the ZX Spectrum in July 1985, with the Commodore 64 release following one month later, and the Amstrad CPC conversion in 1986. The game was split into three parts, and large sections of the programming was outsourced to others: Andrew Glaister (program conversion Spectrum, parts one and two), Dave Jones (programming Spectrum, part three), Ray Owen (graphics Spectrum, part three) and John Gibbons (programming C64, part three). The IBM PC version was developed for the Electronic Pencil company, by a developer named Brian Mallett. The PC version was written in 8086 assembler and used CGA graphics in 4 colour mode. The PC version was ported from the Z80 and 6502 versions. The PC version did not use DOS but booted up from its own floppy disk.</p>
<p>The game comprises three sections - The NATO Documents, The Bomb and The SAS Assault. In order to get into the last two the player must solve a riddle which is derived in the previous section. Macintosh-like icons were used to assign watchers and navigate and finally text-based interaction was in the third section.</p>",,[],1985-01-01,False,2019-08-28T22:00:27,https://media.rawg.io/media/screenshots/9ce/9ce044f24b9bf23b50d04673d89f7ec4.jpg,https://media.rawg.io/media/screenshots/e30/e301fb406d8874e81845c9f1f3d583d1.jpg,,0.0,0,[],9,0,8,0,2,0,0,,,,,0,0,0,0,0,170,[],,0,0,0,,0,0f0f0f,0f0f0f,"[{'platform': {'id': 10, 'name': 'Commodore / Amiga', 'slug': 'commodore-amiga'}}]","[{'platform': {'id': 166, 'name': 'Commodore / Amiga', 'slug': 'commodore-amiga', 'image': None, 'year_end': None, 'year_start': None, 'games_count': 2083, 'image_background': 'https://media.rawg.io/media/games/cce/cce8bebe861f295003f5a9fe5b11233f.jpg'}, 'released_at': '1985-01-01', 'requirements': {}}]",[],"[{'id': 27454, 'name': 'Electronic Pencil Company', 'slug': 'electronic-pencil-company-ltd', 'games_count': 1, 'image_background': 'https://media.rawg.io/media/screenshots/9ce/9ce044f24b9bf23b50d04673d89f7ec4.jpg'}]",[],"[{'id': 31, 'name': 'Singleplayer', 'slug': 'singleplayer', 'language': 'eng', 'games_count': 238404, 'image_background': 'https://media.rawg.io/media/games/26d/26d4437715bee60138dab4a7c8c59c92.jpg'}]","[{'id': 19708, 'name': 'Ariolasoft', 'slug': 'ariolasoft', 'games_count': 19, 'image_background': 'https://media.rawg.io/media/screenshots/f4b/f4b8e0b7e42013d1051cca8ce9c55df9.jpg'}]",,,"The Fourth Protocol is an interactive fiction computer game based on Frederick Forsyth's 1984 spy novel The Fourth Protocol. The detective-style gameplay resembles contemporary menu-driven adventures such as The Vera Cruz Affair, and later titles such as Yes, Prime Minister and Floor 13.
The game was released in 1985 by Hutchinson Computer Publishing, a subsidiary of the publishing house Hutchinson. It was designed by John Lambshead and Gordon Paterson, and the programming was by Ben Notarianni, Rupert Bowater and Paul Norris of the Electronic Pencil Company.[1] The game was released for the ZX Spectrum in July 1985, with the Commodore 64 release following one month later, and the Amstrad CPC conversion in 1986. The game was split into three parts, and large sections of the programming was outsourced to others: Andrew Glaister (program conversion Spectrum, parts one and two), Dave Jones (programming Spectrum, part three), Ray Owen (graphics Spectrum, part three) and John Gibbons (programming C64, part three). The IBM PC version was developed for the Electronic Pencil company, by a developer named Brian Mallett. The PC version was written in 8086 assembler and used CGA graphics in 4 colour mode. The PC version was ported from the Z80 and 6502 versions. The PC version did not use DOS but booted up from its own floppy disk.
The game comprises three sections - The NATO Documents, The Bomb and The SAS Assault. In order to get into the last two the player must solve a riddle which is derived in the previous section. Macintosh-like icons were used to assign watchers and navigate and finally text-based interaction was in the third section.",,5.0,2.0,1.0,1.0,,,,,,,,,,,,,,,,,,,0.0,
54579,mat-mania-the-prowrestling-network,Mat Mania – The Prowrestling Network,Mat Mania – The Prowrestling Network,"<p>Mat Mania – The Prowrestling Network, known in Japan as Exciting Hour - The Prowrestling Network (エキサイティング アワー ザ プロレスリング ネットワーク), or simply either as Mat Mania or Exciting Hour (エキサイティング アワー), is a 1985 Japanese pro wrestling-themed arcade game developed by Technōs Japan and published by Taito. It is a spiritual successor to the 1983 arcade game Tag-Team Wrestling, also developed by Technōs Japan, but published by Data East. It was also ported to the PS4 console in 2015.</p>
<p>The game is played by one or two players (alternating in turns). It is recognized among game enthusiasts as the first of the genre to have achieved a high level of playability. Further, the game aesthetics, sprite concepts &amp; design, in-game theme music, and comical presentation have lent well in preserving it as a beloved arcade classic.</p>",,[],1985-01-01,False,2019-08-28T22:01:29,,,,0.0,0,[],9,0,0,0,0,0,0,,,,,0,0,0,0,0,0,[],,0,0,0,,0,0f0f0f,0f0f0f,"[{'platform': {'id': 9, 'name': 'Atari', 'slug': 'atari'}}]","[{'platform': {'id': 28, 'name': 'Atari 7800', 'slug': 'atari-7800', 'image': None, 'year_end': None, 'year_start': None, 'games_count': 64, 'image_background': 'https://media.rawg.io/media/screenshots/565/56504b28b184dbc630a7de118e39d822.jpg'}, 'released_at': '1985-01-01', 'requirements': {}}]",[],[],"[{'id': 15, 'name': 'Sports', 'slug': 'sports', 'games_count': 22123, 'image_background': 'https://media.rawg.io/media/games/5eb/5eb49eb2fa0738fdb5bacea557b1bc57.jpg'}]","[{'id': 31, 'name': 'Singleplayer', 'slug': 'singleplayer', 'language': 'eng', 'games_count': 238404, 'image_background': 'https://media.rawg.io/media/games/26d/26d4437715bee60138dab4a7c8c59c92.jpg'}, {'id': 7, 'name': 'Multiplayer', 'slug': 'multiplayer', 'language': 'eng', 'games_count': 40505, 'image_background': 'https://media.rawg.io/media/games/021/021c4e21a1824d2526f925eff6324653.jpg'}, {'id': 418, 'name': '2 players', 'slug': '2-players', 'language': 'eng', 'games_count': 1244, 'image_background': 'https://media.rawg.io/media/screenshots/f9a/f9ac59bb4af2ca2193ee9ffb979577cf.jpg'}, {'id': 348, 'name': 'alternating turns', 'slug': 'alternating-turns', 'language': 'eng', 'games_count': 64, 'image_background': 'https://media.rawg.io/media/games/6f8/6f8fb1e98393f72b47f1f909d5b649d4.jpg'}]","[{'id': 10867, 'name': 'Taito', 'slug': 'taito', 'games_count': 200, 'image_background': 'https://media.rawg.io/media/games/541/541de539db14b477a5ae9973f6ea8193.jpg'}, {'id': 10692, 'name': 'HAMSTER', 'slug': 'hamster', 'games_count': 238, 'image_background': 'https://media.rawg.io/media/screenshots/74b/74bd62df16980a502dcaa7ddafb97311.jpg'}, {'id': 19456, 'name': 'PS4', 'slug': 'ps4', 'games_count': 1, 'image_background': ''}]",,,"Mat Mania – The Prowrestling Network, known in Japan as Exciting Hour - The Prowrestling Network (エキサイティング アワー ザ プロレスリング ネットワーク), or simply either as Mat Mania or Exciting Hour (エキサイティング アワー), is a 1985 Japanese pro wrestling-themed arcade game developed by Technōs Japan and published by Taito. It is a spiritual successor to the 1983 arcade game Tag-Team Wrestling, also developed by Technōs Japan, but published by Data East. It was also ported to the PS4 console in 2015.
The game is played by one or two players (alternating in turns). It is recognized among game enthusiasts as the first of the genre to have achieved a high level of playability. Further, the game aesthetics, sprite concepts & design, in-game theme music, and comical presentation have lent well in preserving it as a beloved arcade classic.",,5.0,2.0,1.0,1.0,,,,,,,,,,,,,,,,,,,0.0,
56561,ice-palace,Ice Palace,Ice Palace,"<p>Ice Palace is an action-adventure game designed by Paul Norris and published by Creative Sparks for the Commodore 64 in 1985. It is unrelated to neither 1984's Commodore 64 game Ice Palace by K-Tel International nor to 1988's Beyond the Ice Palace. The game tells the story of a crown prince's quest to break an evil spell, save his land, and avenge his father. It was mostly well received by critics but failed commercially.</p>
<p>The game was re-released in 1986 as a budget title.</p>",,[],1985-01-01,False,2019-08-28T22:00:25,https://media.rawg.io/media/screenshots/b7d/b7d8fd4fbd7b41c984b634fcf9b4f2a4.jpg,https://media.rawg.io/media/screenshots/6cb/6cbbbb24caf74e286ee079ca76ce6151.jpg,,0.0,0,[],9,0,4,0,1,0,0,,,,,0,0,0,0,0,108,[],,0,0,0,,0,0f0f0f,0f0f0f,"[{'platform': {'id': 10, 'name': 'Commodore / Amiga', 'slug': 'commodore-amiga'}}]","[{'platform': {'id': 166, 'name': 'Commodore / Amiga', 'slug': 'commodore-amiga', 'image': None, 'year_end': None, 'year_start': None, 'games_count': 2083, 'image_background': 'https://media.rawg.io/media/games/cce/cce8bebe861f295003f5a9fe5b11233f.jpg'}, 'released_at': '1985-01-01', 'requirements': {}}]",[],[],[],"[{'id': 31, 'name': 'Singleplayer', 'slug': 'singleplayer', 'language': 'eng', 'games_count': 238404, 'image_background': 'https://media.rawg.io/media/games/26d/26d4437715bee60138dab4a7c8c59c92.jpg'}]","[{'id': 20559, 'name': 'Creative Sparks', 'slug': 'creative-sparks', 'games_count': 2, 'image_background': 'https://media.rawg.io/media/screenshots/b7d/b7d8fd4fbd7b41c984b634fcf9b4f2a4.jpg'}]",,,"Ice Palace is an action-adventure game designed by Paul Norris and published by Creative Sparks for the Commodore 64 in 1985. It is unrelated to neither 1984's Commodore 64 game Ice Palace by K-Tel International nor to 1988's Beyond the Ice Palace. The game tells the story of a crown prince's quest to break an evil spell, save his land, and avenge his father. It was mostly well received by critics but failed commercially.
The game was re-released in 1986 as a budget title.",,4.0,2.0,2.0,1.0,,,,,,,,,,,,,,,,,,,0.0,
56673,nonterraqueous,Nonterraqueous,Nonterraqueous,"<p>Nonterraqueous is a computer game for the Amstrad CPC, ZX Spectrum and Commodore 64, released by Mastertronic in 1985.</p>",,[],1985-01-01,False,2019-08-28T22:00:21,https://media.rawg.io/media/screenshots/45f/45f09b0d1ca9013c979ad00d95acd926.jpg,https://media.rawg.io/media/screenshots/53d/53dc76f5df5804d6a665498592c4f909.jpg,,0.0,0,[],9,0,9,0,0,0,0,,,,,0,0,0,0,0,274,[],,0,0,0,,0,0f0f0f,0f0f0f,"[{'platform': {'id': 10, 'name': 'Commodore / Amiga', 'slug': 'commodore-amiga'}}]","[{'platform': {'id': 166, 'name': 'Commodore / Amiga', 'slug': 'commodore-amiga', 'image': None, 'year_end': None, 'year_start': None, 'games_count': 2083, 'image_background': 'https://media.rawg.io/media/games/cce/cce8bebe861f295003f5a9fe5b11233f.jpg'}, 'released_at': '1985-01-01', 'requirements': {}}]",[],"[{'id': 27543, 'name': 'Stephen N Curtis', 'slug': 'stephen-n-curtis', 'games_count': 2, 'image_background': 'https://media.rawg.io/media/screenshots/4b5/4b506d1108f0dc57bcfd57602f9cda38.jpg'}, {'id': 27544, 'name': 'Mark Jacobs', 'slug': 'mark-jacobs', 'games_count': 2, 'image_background': 'https://media.rawg.io/media/screenshots/4b5/4b506d1108f0dc57bcfd57602f9cda38.jpg'}]",[],"[{'id': 31, 'name': 'Singleplayer', 'slug': 'singleplayer', 'language': 'eng', 'games_count': 238404, 'image_background': 'https://media.rawg.io/media/games/26d/26d4437715bee60138dab4a7c8c59c92.jpg'}]","[{'id': 4799, 'name': 'Mastertronic', 'slug': 'mastertronic', 'games_count': 72, 'image_background': 'https://media.rawg.io/media/screenshots/bb4/bb424afaf45c23f5893753ab1c1eca27.jpg'}]",,,"Nonterraqueous is a computer game for the Amstrad CPC, ZX Spectrum and Commodore 64, released by Mastertronic in 1985.",,5.0,2.0,1.0,1.0,,,,,,,,,,,,,,,,,,,0.0,
440092,warpman-1985,Warpman (1985),Warpman (1985),"<p>Warpman (1985) is an arcade game developed by NAMCO. It came out on 12-07-1985. It was published by Namco. The game is rated as ""Meh"" on RAWG. <br>Warpman (1985) is available on NES. </p>

<p></p>",,[],1985-07-12,False,2024-03-25T00:29:43,,,,0.0,0,"[{'id': 3, 'title': 'meh', 'count': 2, 'percent': 100.0}]",9,0,0,0,0,0,0,,,,,0,0,0,0,2,0,[],,0,0,0,,2,0f0f0f,0f0f0f,"[{'platform': {'id': 7, 'name': 'Nintendo', 'slug': 'nintendo'}}]","[{'platform': {'id': 49, 'name': 'NES', 'slug': 'nes', 'image': None, 'year_end': None, 'year_start': None, 'games_count': 1015, 'image_background': 'https://media.rawg.io/media/games/7c5/7c50dd0415eb0a57505c58d4e50e4d24.jpg'}, 'released_at': '1985-07-12', 'requirements': {}}]",[],"[{'id': 10055, 'name': 'NAMCO', 'slug': 'namco', 'games_count': 127, 'image_background': 'https://media.rawg.io/media/games/2ff/2ff5b06428e4b016f3b79cf299bd6596.jpg'}]","[{'id': 11, 'name': 'Arcade', 'slug': 'arcade', 'games_count': 22658, 'image_background': 'https://media.rawg.io/media/games/556/556157feed9ee1f55f2b12b2973e30a3.jpg'}]",[],"[{'id': 10901, 'name': 'Namco', 'slug': 'namco', 'games_count': 215, 'image_background': 'https://media.rawg.io/media/games/fc5/fc503876ca1ca34e160e88671af86e88.jpg'}]",,,,,3.0,2.0,1.0,3.0,,,,,,,,,,,,,,,,,,,0.0,
56526,gribblys-day-out,Gribbly's Day Out,Gribbly's Day Out,"<p>Gribbly's Day Out is a Commodore 64 game by Andrew Braybrook, released by Hewson in 1985. It was written over a three-month period. The game is set on the planet Blabgor and centred on the exploits of Gribbly Grobbly and his attempts to rescue errant 'gribblets' from the landscape and return them to safety. A revised version was released on the Rack-It budget label.</p>",,[],1985-01-01,False,2019-08-28T22:25:57,https://media.rawg.io/media/screenshots/fa7/fa74f3e1b03485a15000fb19c30a4b1a.jpg,https://media.rawg.io/media/screenshots/223/22312155f26b75cb049bbe70002c03bb.jpg,,0.0,0,[],9,0,6,0,1,0,0,,,,,0,0,0,0,0,133,[],,0,0,0,,0,0f0f0f,0f0f0f,"[{'platform': {'id': 10, 'name': 'Commodore / Amiga', 'slug': 'commodore-amiga'}}]","[{'platform': {'id': 166, 'name': 'Commodore / Amiga', 'slug': 'commodore-amiga', 'image': None, 'year_end': None, 'year_start': None, 'games_count': 2083, 'image_background': 'https://media.rawg.io/media/games/cce/cce8bebe861f295003f5a9fe5b11233f.jpg'}, 'released_at': '1985-01-01', 'requirements': {}}]",[],"[{'id': 26611, 'name': 'Andrew Braybrook', 'slug': 'andrew-braybrook', 'games_count': 3, 'image_background': 'https://media.rawg.io/media/screenshots/c4c/c4c819ce766472cd2c2745d497e5d6c1.jpg'}]","[{'id': 4, 'name': 'Action', 'slug': 'action', 'games_count': 186608, 'image_background': 'https://media.rawg.io/media/games/618/618c2031a07bbff6b4f611f10b6bcdbc.jpg'}]","[{'id': 31, 'name': 'Singleplayer', 'slug': 'singleplayer', 'language': 'eng', 'games_count': 238404, 'image_background': 'https://media.rawg.io/media/games/26d/26d4437715bee60138dab4a7c8c59c92.jpg'}]","[{'id': 19882, 'name': 'Hewson Consultants', 'slug': 'hewson-consultants', 'games_count': 19, 'image_background': 'https://media.rawg.io/media/screenshots/f8d/f8d83c0295a040005c54656cacd5868c.jpg'}]",,,"Gribbly's Day Out is a Commodore 64 game by Andrew Braybrook, released by Hewson in 1985. It was written over a three-month period. The game is set on the planet Blabgor and centred on the exploits of Gribbly Grobbly and his attempts to rescue errant 'gribblets' from the landscape and return them to safety. A revised version was released on the Rack-It budget label.",,5.0,2.0,1.0,1.0,,,,,,,,,,,,,,,,,,,0.0,
56460,shadowfire,Shadowfire,Shadowfire,"<p>Shadowfire is a computer game for the Sinclair ZX Spectrum and Commodore 64 and later released for the Amstrad CPC. It was developed by British developer Denton Designs and was published by Beyond Software in 1985. Shadowfire is notable as one of the first games to use a menu-and-icon-driven interface, even with a lightpen. It was followed by a sequel, Enigma Force, in 1986.</p>",,[],1985-01-01,False,2019-08-28T22:00:28,https://media.rawg.io/media/screenshots/224/2248c220aa1690726d0b43fb83a8aa51.jpg,https://media.rawg.io/media/screenshots/256/256114f0b19c5606453c0e13e7a4c638.jpg,,0.0,0,[],9,0,7,0,4,0,0,,,,,0,0,0,0,0,268,[],,0,0,0,,0,0f0f0f,0f0f0f,"[{'platform': {'id': 10, 'name': 'Commodore / Amiga', 'slug': 'commodore-amiga'}}]","[{'platform': {'id': 166, 'name': 'Commodore / Amiga', 'slug': 'commodore-amiga', 'image': None, 'year_end': None, 'year_start': None, 'games_count': 2083, 'image_background': 'https://media.rawg.io/media/games/cce/cce8bebe861f295003f5a9fe5b11233f.jpg'}, 'released_at': '1985-01-01', 'requirements': {}}]",[],"[{'id': 14738, 'name': 'Denton Designs', 'slug': 'denton-designs', 'games_count': 9, 'image_background': 'https://media.rawg.io/media/screenshots/07a/07a025fe6e7d16c0a049ee63ee1293ac.jpg'}]","[{'id': 3, 'name': 'Adventure', 'slug': 'adventure', 'games_count': 146481, 'image_background': 'https://media.rawg.io/media/games/b6b/b6b20bfc4b34e312dbc8aac53c95a348.jpg'}, {'id': 5, 'name': 'RPG', 'slug': 'role-playing-games-rpg', 'games_count': 59370, 'image_background': 'https://media.rawg.io/media/games/f6b/f6bed028b02369d4cab548f4f9337e81.jpg'}]","[{'id': 31, 'name': 'Singleplayer', 'slug': 'singleplayer', 'language': 'eng', 'games_count': 238404, 'image_background': 'https://media.rawg.io/media/games/26d/26d4437715bee60138dab4a7c8c59c92.jpg'}]","[{'id': 19981, 'name': 'Beyond Software', 'slug': 'beyond-software', 'games_count': 4, 'image_background': 'https://media.rawg.io/media/screenshots/f64/f64fc102b850732764dfd7c29cca3429.jpg'}]",,,"Shadowfire is a computer game for the Sinclair ZX Spectrum and Commodore 64 and later released for the Amstrad CPC. It was developed by British developer Denton Designs and was published by Beyond Software in 1985. Shadowfire is notable as one of the first games to use a menu-and-icon-driven interface, even with a lightpen. It was followed by a sequel, Enigma Force, in 1986.",,5.0,2.0,1.0,1.0,,,,,,,,,,,,,,,,,,,0.0,
58031,cops-n-robbers,Cops 'n' Robbers,Cops 'n' Robbers,"<p>Cops 'n' Robbers is a game for home computers published by Atlantis Software originally in 1985 for the VIC-20 and in virtually identical form on the Commodore 64. It was ported to the Commodore 16/Commodore Plus/4 (1986), Acorn Electron and BBC Micro (1987) and the Atari 8-bit family of computers (1988). The game was controversial when released as the player is the ""robber"" and must shoot the ""cops.""</p>",,[],1985-01-01,False,2019-08-28T21:59:36,,,,0.0,0,[],9,0,0,0,0,0,0,,,,,0,0,0,0,0,0,[],,0,0,0,,0,0f0f0f,0f0f0f,"[{'platform': {'id': 10, 'name': 'Commodore / Amiga', 'slug': 'commodore-amiga'}}]","[{'platform': {'id': 166, 'name': 'Commodore / Amiga', 'slug': 'commodore-amiga', 'image': None, 'year_end': None, 'year_start': None, 'games_count': 2083, 'image_background': 'https://media.rawg.io/media/games/cce/cce8bebe861f295003f5a9fe5b11233f.jpg'}, 'released_at': '1985-01-01', 'requirements': {}}]",[],"[{'id': 27872, 'name': 'Mike Davis', 'slug': 'mike-davis', 'games_count': 1, 'image_background': ''}]",[],"[{'id': 31, 'name': 'Singleplayer', 'slug': 'singleplayer', 'language': 'eng', 'games_count': 238404, 'image_background': 'https://media.rawg.io/media/games/26d/26d4437715bee60138dab4a7c8c59c92.jpg'}]","[{'id': 20581, 'name': 'Atlantis Software', 'slug': 'atlantis-software', 'games_count': 3, 'image_background': 'https://media.rawg.io/media/screenshots/a17/a1741983051eec63f26c7c76c9a562ca.jpg'}, {'id': 20621, 'name': 'Atlantis', 'slug': 'atlantis', 'games_count': 2, 'image_background': 'https://media.rawg.io/media/screenshots/a17/a1741983051eec63f26c7c76c9a562ca.jpg'}]",,,"Cops 'n' Robbers is a game for home computers published by Atlantis Software originally in 1985 for the VIC-20 and in virtually identical form on the Commodore 64. It was ported to the Commodore 16/Commodore Plus/4 (1986), Acorn Electron and BBC Micro (1987) and the Atari 8-bit family of computers (1988). The game was controversial when released as the player is the ""robber"" and must shoot the ""cops.""",,5.0,2.0,1.0,1.0,,,,,,,,,,,,,,,,,,,0.0,
30066,wishbringer-the-magick-stone-of-dreams,Wishbringer: The Magick Stone of Dreams,Wishbringer: The Magick Stone of Dreams,"<p>Wishbringer: The Magick Stone of Dreams is an adventure game developed by Infocom. It came out on 01-01-1985. Infocom published the game. <br>You can play Wishbringer: The Magick Stone of Dreams on PC. </p>

<p></p>",,[],1985-01-01,False,2023-02-08T10:51:23,https://media.rawg.io/media/screenshots/fec/fec6ca2aa4bb658ec104d2b243b9c638.jpg,,,0.0,0,[],9,0,1,0,0,0,0,,,,,0,0,0,0,0,11,[],,0,0,0,,0,0f0f0f,0f0f0f,"[{'platform': {'id': 1, 'name': 'PC', 'slug': 'pc'}}]","[{'platform': {'id': 4, 'name': 'PC', 'slug': 'pc', 'image': None, 'year_end': None, 'year_start': None, 'games_count': 547196, 'image_background': 'https://media.rawg.io/media/games/6fc/6fcf4cd3b17c288821388e6085bb0fc9.jpg'}, 'released_at': '1985-01-01', 'requirements': {}}]",[],"[{'id': 12929, 'name': 'Infocom', 'slug': 'infocom', 'games_count': 48, 'image_background': 'https://media.rawg.io/media/screenshots/782/7822ae77e839fa2db05cd53d08225dd8.jpg'}]","[{'id': 3, 'name': 'Adventure', 'slug': 'adventure', 'games_count': 146481, 'image_background': 'https://media.rawg.io/media/games/b6b/b6b20bfc4b34e312dbc8aac53c95a348.jpg'}]",[],"[{'id': 11435, 'name': 'Infocom', 'slug': 'infocom', 'games_count': 45, 'image_background': 'https://media.rawg.io/media/screenshots/3d4/3d4094f02e71cb3439ab3c8af62809c0.jpg'}]",,,,1.0,4.0,2.0,1.0,1.0,,,,,,,,,,,,,,,,,,,0.0,
56565,infernal-runner,Infernal Runner,Infernal Runner,"<p>Infernal Runner is a horror-themed platform game for the Commodore 64 published by Loriciel in 1985 and later adapted to the Amstrad CPC. Game designer Eric Chahi, who later created Another World, is credited on the Amstrad version. Infernal Runner a flip screen game similar in style to Jet Set Willy: a series of platform-filled screens that can be moved between, each with specific obstacles to avoid.</p>",,[],1985-01-01,False,2019-08-28T22:00:25,https://media.rawg.io/media/screenshots/a42/a42db52d07986e5b3d17b7ca9b635b97.jpg,https://media.rawg.io/media/screenshots/a41/a41f558c674f47d3ee576dd8d9a5622e.jpg,,0.0,0,[],8,0,7,0,0,0,0,,,,,0,0,0,0,0,154,[],,0,0,0,,0,0f0f0f,0f0f0f,"[{'platform': {'id': 10, 'name': 'Commodore / Amiga', 'slug': 'commodore-amiga'}}]","[{'platform': {'id': 166, 'name': 'Commodore / Amiga', 'slug': 'commodore-amiga', 'image': None, 'year_end': None, 'year_start': None, 'games_count': 2083, 'image_background': 'https://media.rawg.io/media/games/cce/cce8bebe861f295003f5a9fe5b11233f.jpg'}, 'released_at': '1985-01-01', 'requirements': {}}]",[],"[{'id': 15463, 'name': 'Loriciels', 'slug': 'loriciels', 'games_count': 9, 'image_background': 'https://media.rawg.io/media/screenshots/284/2844f0486b698c68445a6739a719ce74.jpg'}, {'id': 14458, 'name': 'Loriciel', 'slug': 'loriciel', 'games_count': 11, 'image_background': 'https://media.rawg.io/media/screenshots/36a/36a595c540533532fb79ab78c789cba3.jpg'}]",[],"[{'id': 31, 'name': 'Singleplayer', 'slug': 'singleplayer', 'language': 'eng', 'games_count': 238404, 'image_background': 'https://media.rawg.io/media/games/26d/26d4437715bee60138dab4a7c8c59c92.jpg'}]","[{'id': 11479, 'name': 'Loriciel', 'slug': 'loriciel', 'games_count': 12, 'image_background': 'https://media.rawg.io/media/screenshots/0c9/0c9d254b0fac3dc7b88197f39019b3ec.jpg'}, {'id': 19871, 'name': 'Loriciels', 'slug': 'loriciels', 'games_count': 6, 'image_background': 'https://media.rawg.io/media/screenshots/53a/53aea7411d8c902d750eebdf349a7eba.jpg'}]",,,"Infernal Runner is a horror-themed platform game for the Commodore 64 published by Loriciel in 1985 and later adapted to the Amstrad CPC. Game designer Eric Chahi, who later created Another World, is credited on the Amstrad version. Infernal Runner a flip screen game similar in style to Jet Set Willy: a series of platform-filled screens that can be moved between, each with specific obstacles to avoid.",,4.0,2.0,1.0,1.0,,,,,,,,,,,,,,,,,,,0.0,
56630,master-of-the-lamps,Master of the Lamps,Master of the Lamps,"<p>Master of the Lamps is one of the first music video games. Activision published the game in 1985 for several home computer systems.</p>
<p>In Master of the Lamps, the death of an Arabian prince's father, the king, shatters three enchanted oil lamps, freeing the three genies trapped within. The genies overrun the palace; to contain them, the prince must reassemble the three broken lamps. The player, in the role of the prince wearing a white thawb and red keffiyeh, must journey into the seven dens of each genie, as each den contains one of the lamp pieces.</p>",,[],1985-01-01,False,2019-08-28T22:00:23,https://media.rawg.io/media/screenshots/654/654c91784856893f56afd723d810b551.jpg,https://media.rawg.io/media/screenshots/c66/c66ff6a097c919819f8fd4e6a9c68d4f.jpg,,0.0,0,[],8,0,10,0,3,0,0,,,,,0,0,0,0,0,271,[],,0,0,0,,0,0f0f0f,0f0f0f,"[{'platform': {'id': 5, 'name': 'Apple Macintosh', 'slug': 'mac'}}, {'platform': {'id': 9, 'name': 'Atari', 'slug': 'atari'}}, {'platform': {'id': 10, 'name': 'Commodore / Amiga', 'slug': 'commodore-amiga'}}]","[{'platform': {'id': 166, 'name': 'Commodore / Amiga', 'slug': 'commodore-amiga', 'image': None, 'year_end': None, 'year_start': None, 'games_count': 2083, 'image_background': 'https://media.rawg.io/media/games/cce/cce8bebe861f295003f5a9fe5b11233f.jpg'}, 'released_at': '1985-01-01', 'requirements': {}}, {'platform': {'id': 25, 'name': 'Atari 8-bit', 'slug': 'atari-8-bit', 'image': None, 'year_end': None, 'year_start': None, 'games_count': 308, 'image_background': 'https://media.rawg.io/media/screenshots/038/0385a47d3a43b218204268af5361a19e.jpg'}, 'released_at': '1985-01-01', 'requirements': {}}, {'platform': {'id': 41, 'name': 'Apple II', 'slug': 'apple-ii', 'image': None, 'year_end': None, 'year_start': None, 'games_count': 424, 'image_background': 'https://media.rawg.io/media/screenshots/3d2/3d2bb57b39e2efa39d1c385585b2ea8b.jpg'}, 'released_at': '1985-01-01', 'requirements': {}}]",[],"[{'id': 11, 'name': 'Activision', 'slug': 'activision', 'games_count': 163, 'image_background': 'https://media.rawg.io/media/screenshots/d05/d0524e9b2e276dd9c8351881e897f7c9.jpg'}]",[],"[{'id': 31, 'name': 'Singleplayer', 'slug': 'singleplayer', 'language': 'eng', 'games_count': 238404, 'image_background': 'https://media.rawg.io/media/games/26d/26d4437715bee60138dab4a7c8c59c92.jpg'}, {'id': 517, 'name': 'Seven Trials', 'slug': 'seven-trials', 'language': 'eng', 'games_count': 1, 'image_background': 'https://media.rawg.io/media/screenshots/654/654c91784856893f56afd723d810b551.jpg'}, {'id': 518, 'name': 'Magic Carpet', 'slug': 'magic-carpet', 'language': 'eng', 'games_count': 1, 'image_background': 'https://media.rawg.io/media/screenshots/654/654c91784856893f56afd723d810b551.jpg'}, {'id': 519, 'name': 'Throne Quest', 'slug': 'throne-quest', 'language': 'eng', 'games_count': 1, 'image_background': 'https://media.rawg.io/media/screenshots/654/654c91784856893f56afd723d810b551.jpg'}]","[{'id': 10830, 'name': 'Activision Blizzard', 'slug': 'activision-blizzard', 'games_count': 691, 'image_background': 'https://media.rawg.io/media/games/445/44507fdd60a8ec02b1c3c64a293ca754.jpg'}]",,,"Master of the Lamps is one of the first music video games. Activision published the game in 1985 for several home computer systems.
In Master of the Lamps, the death of an Arabian prince's father, the king, shatters three enchanted oil lamps, freeing the three genies trapped within. The genies overrun the palace; to contain them, the prince must reassemble the three broken lamps. The player, in the role of the prince wearing a white thawb and red keffiyeh, must journey into the seven dens of each genie, as each den contains one of the lamp pieces.",,4.0,2.0,1.0,1.0,,,,,,,,,,,,,,,,,,,0.0,
55805,roller-coaster,Roller Coaster,Roller Coaster,"<p>Roller Coaster is a platform-based game which contains some strategy and puzzle elements. Uniquely it holds the claim of being the first video game to ever simulate amusement rides.</p>
<p>Roller Coaster was released in 1985 by British video game developer Elite Systems, to overwhelmingly positive reviews. It was, for a time, one of the most popular games for the ZX Spectrum.</p>",,[],1985-01-01,False,2019-08-28T22:26:01,https://media.rawg.io/media/screenshots/059/059ff2096c08ace33e90d2ee04b73a89.jpg,https://media.rawg.io/media/screenshots/9e6/9e6d429546cb9436b8abfed17f7dd617.jpg,,0.0,0,[],8,0,8,0,1,0,0,,,,,0,0,0,0,0,276,[],,0,0,0,,0,0f0f0f,0f0f0f,"[{'platform': {'id': 7, 'name': 'Nintendo', 'slug': 'nintendo'}}]","[{'platform': {'id': 26, 'name': 'Game Boy', 'slug': 'game-boy', 'image': None, 'year_end': None, 'year_start': None, 'games_count': 617, 'image_background': 'https://media.rawg.io/media/games/057/0573c1c9e1f2414c1f4acabe86ee9fd9.jpg'}, 'released_at': '1985-01-01', 'requirements': {}}]",[],"[{'id': 27253, 'name': 'S. Brocklehurst', 'slug': 's-brocklehurst', 'games_count': 1, 'image_background': 'https://media.rawg.io/media/screenshots/059/059ff2096c08ace33e90d2ee04b73a89.jpg'}]","[{'id': 4, 'name': 'Action', 'slug': 'action', 'games_count': 186608, 'image_background': 'https://media.rawg.io/media/games/618/618c2031a07bbff6b4f611f10b6bcdbc.jpg'}, {'id': 7, 'name': 'Puzzle', 'slug': 'puzzle', 'games_count': 97333, 'image_background': 'https://media.rawg.io/media/games/9f4/9f418898f5415668ca47b5f4ab1ecfeb.jpg'}]","[{'id': 31, 'name': 'Singleplayer', 'slug': 'singleplayer', 'language': 'eng', 'games_count': 238404, 'image_background': 'https://media.rawg.io/media/games/26d/26d4437715bee60138dab4a7c8c59c92.jpg'}]","[{'id': 11855, 'name': 'Elite Systems', 'slug': 'elite-systems', 'games_count': 28, 'image_background': 'https://media.rawg.io/media/screenshots/310/310b7ee55711ca5b0b4e7cd11a6bf3d1_FhUKexc.jpg'}]",,,"Roller Coaster is a platform-based game which contains some strategy and puzzle elements. Uniquely it holds the claim of being the first video game to ever simulate amusement rides.
Roller Coaster was released in 1985 by British video game developer Elite Systems, to overwhelmingly positive reviews. It was, for a time, one of the most popular games for the ZX Spectrum.",,3.0,2.0,2.0,1.0,,,,,,,,,,,,,,,,,,,0.0,
56759,scarabaeus,Scarabaeus,Scarabaeus,"<p>Scarabaeus, known in America as Invaders of the Lost Tomb, is a computer game released for the Commodore 64 in 1985. It was written by Andromeda Software and distributed in the UK by Ariolasoft. The storyline features an astronaut and his dog who explore an Egyptian tomb (as revealed in the opening sequence) and need to find the Pharoh's Jewel by solving puzzles spread over three levels. The game is played 1st person view.</p>",,[],1985-01-01,False,2019-08-28T22:00:18,https://media.rawg.io/media/screenshots/807/8073770a3f5a4c34eae6c62ce4ea3d21.jpg,https://media.rawg.io/media/screenshots/ed0/ed0e7b6dbd1ba9da422539d9e59821e6.jpg,,0.0,0,[],8,0,7,0,0,0,0,,,,,0,0,0,0,0,98,[],,0,0,0,,0,0f0f0f,0f0f0f,"[{'platform': {'id': 10, 'name': 'Commodore / Amiga', 'slug': 'commodore-amiga'}}]","[{'platform': {'id': 166, 'name': 'Commodore / Amiga', 'slug': 'commodore-amiga', 'image': None, 'year_end': None, 'year_start': None, 'games_count': 2083, 'image_background': 'https://media.rawg.io/media/games/cce/cce8bebe861f295003f5a9fe5b11233f.jpg'}, 'released_at': '1985-01-01', 'requirements': {}}]",[],"[{'id': 27445, 'name': 'Andromeda Software', 'slug': 'andromeda-software', 'games_count': 2, 'image_background': 'https://media.rawg.io/media/screenshots/807/8073770a3f5a4c34eae6c62ce4ea3d21.jpg'}]",[],"[{'id': 31, 'name': 'Singleplayer', 'slug': 'singleplayer', 'language': 'eng', 'games_count': 238404, 'image_background': 'https://media.rawg.io/media/games/26d/26d4437715bee60138dab4a7c8c59c92.jpg'}]","[{'id': 19708, 'name': 'Ariolasoft', 'slug': 'ariolasoft', 'games_count': 19, 'image_background': 'https://media.rawg.io/media/screenshots/f4b/f4b8e0b7e42013d1051cca8ce9c55df9.jpg'}]",,,"Scarabaeus, known in America as Invaders of the Lost Tomb, is a computer game released for the Commodore 64 in 1985. It was written by Andromeda Software and distributed in the UK by Ariolasoft. The storyline features an astronaut and his dog who explore an Egyptian tomb (as revealed in the opening sequence) and need to find the Pharoh's Jewel by solving puzzles spread over three levels. The game is played 1st person view.",,3.0,2.0,2.0,1.0,,,,,,,,,,,,,,,,,,,0.0,
56576,jet-set-willy-ii,Jet Set Willy II,Jet Set Willy II,"<p>Jet Set Willy II: The Final Frontier is a platform game released in 1985 by Software Projects for a variety of 8-bit home computers. It was the only official sequel to Jet Set Willy, one of the most successful and popular home computer games ever released. Officially, Jet Set Willy II: The Final Frontier is the last of the Miner Willy series, although numerous unofficial sequels, remakes, homages and updates have been released, even up to this day.</p>",,[],1985-01-01,False,2019-08-28T22:00:25,,,,0.0,0,[],8,0,0,0,1,0,0,,,,,0,0,0,0,0,0,[],,0,0,0,,0,0f0f0f,0f0f0f,"[{'platform': {'id': 10, 'name': 'Commodore / Amiga', 'slug': 'commodore-amiga'}}]","[{'platform': {'id': 166, 'name': 'Commodore / Amiga', 'slug': 'commodore-amiga', 'image': None, 'year_end': None, 'year_start': None, 'games_count': 2083, 'image_background': 'https://media.rawg.io/media/games/cce/cce8bebe861f295003f5a9fe5b11233f.jpg'}, 'released_at': '1985-01-01', 'requirements': {}}]",[],"[{'id': 27492, 'name': 'Derrick P. Rowson', 'slug': 'derrick-p-rowson', 'games_count': 1, 'image_background': ''}]",[],"[{'id': 31, 'name': 'Singleplayer', 'slug': 'singleplayer', 'language': 'eng', 'games_count': 238404, 'image_background': 'https://media.rawg.io/media/games/26d/26d4437715bee60138dab4a7c8c59c92.jpg'}]","[{'id': 19773, 'name': 'Software Projects', 'slug': 'software-projects', 'games_count': 6, 'image_background': 'https://media.rawg.io/media/games/054/0540c8fc8eed3fc13d3990f419c61c6f.jpg'}]",,,"Jet Set Willy II: The Final Frontier is a platform game released in 1985 by Software Projects for a variety of 8-bit home computers. It was the only official sequel to Jet Set Willy, one of the most successful and popular home computer games ever released. Officially, Jet Set Willy II: The Final Frontier is the last of the Miner Willy series, although numerous unofficial sequels, remakes, homages and updates have been released, even up to this day.",,3.0,2.0,2.0,1.0,,,,,,,,,,,,,,,,,,,0.0,
56475,fast-tracks-the-computer-slot-car-construction-kit,Fast Tracks: The Computer Slot Car Construction Kit,Fast Tracks: The Computer Slot Car Construction Kit,<p>Fast Tracks is a racing game released in 1986 for the Commodore 64. It was designed by Mark Turmell and published by Activision.</p>,,[],1985-01-01,False,2019-08-28T22:00:28,https://media.rawg.io/media/screenshots/c5f/c5f0ee1d77e685948f0dfb83c33815a3.jpg,https://media.rawg.io/media/screenshots/316/3167013ae89e20e486dad4856b83f4ec.jpg,,0.0,0,[],8,0,8,0,1,0,0,,,,,0,0,0,0,0,192,[],,0,0,0,,0,0f0f0f,0f0f0f,"[{'platform': {'id': 10, 'name': 'Commodore / Amiga', 'slug': 'commodore-amiga'}}]","[{'platform': {'id': 166, 'name': 'Commodore / Amiga', 'slug': 'commodore-amiga', 'image': None, 'year_end': None, 'year_start': None, 'games_count': 2083, 'image_background': 'https://media.rawg.io/media/games/cce/cce8bebe861f295003f5a9fe5b11233f.jpg'}, 'released_at': '1985-01-01', 'requirements': {}}]",[],[],"[{'id': 1, 'name': 'Racing', 'slug': 'racing', 'games_count': 25359, 'image_background': 'https://media.rawg.io/media/screenshots/69b/69bb243ea9896ddfc2e051b58e81624d.jpg'}]","[{'id': 31, 'name': 'Singleplayer', 'slug': 'singleplayer', 'language': 'eng', 'games_count': 238404, 'image_background': 'https://media.rawg.io/media/games/26d/26d4437715bee60138dab4a7c8c59c92.jpg'}]","[{'id': 10830, 'name': 'Activision Blizzard', 'slug': 'activision-blizzard', 'games_count': 691, 'image_background': 'https://media.rawg.io/media/games/445/44507fdd60a8ec02b1c3c64a293ca754.jpg'}]",,,Fast Tracks is a racing game released in 1986 for the Commodore 64. It was designed by Mark Turmell and published by Activision.,,4.0,1.0,2.0,1.0,,,,,,,,,,,,,,,,,,,0.0,
55901,hiryu-no-ken,Hiryū no Ken,Hiryū no Ken,"<p>Hiryū no Ken (飛龍の拳, lit. ""Fist of the Flying Dragon"") is a series of fighting video games dating back to 1985. They have been developed by Culture Brain and released for the arcades, NES, Super NES, Game Boy, Game Boy Color, PlayStation and Nintendo 64 platforms.</p>",,[],1985-01-01,False,2019-01-09T12:41:06,,,,0.0,0,"[{'id': 3, 'title': 'meh', 'count': 1, 'percent': 100.0}]",8,0,0,0,0,0,0,,,,,0,0,0,0,1,0,[],,0,0,0,,1,0f0f0f,0f0f0f,"[{'platform': {'id': 7, 'name': 'Nintendo', 'slug': 'nintendo'}}]","[{'platform': {'id': 26, 'name': 'Game Boy', 'slug': 'game-boy', 'image': None, 'year_end': None, 'year_start': None, 'games_count': 617, 'image_background': 'https://media.rawg.io/media/games/057/0573c1c9e1f2414c1f4acabe86ee9fd9.jpg'}, 'released_at': '1985-01-01', 'requirements': {}}]",[],"[{'id': 26491, 'name': 'Culture Brain', 'slug': 'culture-brain', 'games_count': 29, 'image_background': 'https://media.rawg.io/media/screenshots/255/25518e4556696feddcae4c9f67e5e6d4.jpg'}]","[{'id': 6, 'name': 'Fighting', 'slug': 'fighting', 'games_count': 11763, 'image_background': 'https://media.rawg.io/media/games/35b/35b47c4d85cd6e08f3e2ca43ea5ce7bb.jpg'}]","[{'id': 2528, 'name': 'brain', 'slug': 'brain', 'language': 'eng', 'games_count': 4212, 'image_background': 'https://media.rawg.io/media/screenshots/0a2/0a2085ed3bc671519644f71c9d797ebf.jpg'}, {'id': 731, 'name': 'NES', 'slug': 'nes', 'language': 'eng', 'games_count': 1335, 'image_background': 'https://media.rawg.io/media/games/5fe/5fe62882f1af83e36480ded84c49b984.jpg'}, {'id': 3189, 'name': 'color', 'slug': 'color', 'language': 'eng', 'games_count': 6503, 'image_background': 'https://media.rawg.io/media/games/55a/55a685051caa3d478836fa7c1d074694.jpg'}]","[{'id': 10867, 'name': 'Taito', 'slug': 'taito', 'games_count': 200, 'image_background': 'https://media.rawg.io/media/games/541/541de539db14b477a5ae9973f6ea8193.jpg'}, {'id': 10708, 'name': 'Natsume', 'slug': 'natsume', 'games_count': 125, 'image_background': 'https://media.rawg.io/media/games/6a8/6a86a84e497089372457fce134991c5a.jpg'}, {'id': 11084, 'name': 'CULTURE BRAIN', 'slug': 'culture-brain', 'games_count': 29, 'image_background': 'https://media.rawg.io/media/screenshots/9a2/9a200fef34b6ec3160c9892de8eef03d.jpg'}, {'id': 12039, 'name': 'Data East USA', 'slug': 'data-east-usa', 'games_count': 6, 'image_background': 'https://media.rawg.io/media/screenshots/c17/c171963b73768f3132c6254492e6597f.jpg'}, {'id': 20429, 'name': ""'''NA'''"", 'slug': 'na-3', 'games_count': 1, 'image_background': ''}, {'id': 20430, 'name': 'Memetron', 'slug': 'memetron', 'games_count': 1, 'image_background': ''}, {'id': 19925, 'name': 'Taiyo System', 'slug': 'taiyo-system', 'games_count': 3, 'image_background': ''}, {'id': 19926, 'name': 'Kitcorp', 'slug': 'kitcorp', 'games_count': 2, 'image_background': ''}, {'id': 20428, 'name': ""'''JPN'''"", 'slug': 'jpn', 'games_count': 1, 'image_background': ''}]",,,"Hiryū no Ken (飛龍の拳, lit. ""Fist of the Flying Dragon"") is a series of fighting video games dating back to 1985. They have been developed by Culture Brain and released for the arcades, NES, Super NES, Game Boy, Game Boy Color, PlayStation and Nintendo 64 platforms.",,3.0,2.0,2.0,1.0,,,,,,,,,,,,,,,,,,,0.0,
56788,southern-belle,Southern Belle,Southern Belle,"<p>Southern Belle is a train simulation video game published by Hewson Consultants in 1985. Southern Belle was unique at the time of release in that it was the first 3D steam train simulator available for home computers. The game allows the user to take over the fireman and/or driver duties on a King Arthur class passenger steam locomotive on the London to Brighton line.</p>
<p>It was programmed by Mike Male, who teamed up with friend and railway buff Bob Hillyer.</p>",,[],1985-01-01,False,2019-08-28T22:25:53,https://media.rawg.io/media/screenshots/73b/73be9b98e675746d64588654ac6ccae0.jpg,https://media.rawg.io/media/screenshots/0a0/0a0cc500d60fd8010641dba91e8b38ba.jpg,,0.0,0,[],8,0,9,0,2,0,0,,,,,0,0,0,0,0,228,[],,0,0,0,,0,0f0f0f,0f0f0f,"[{'platform': {'id': 10, 'name': 'Commodore / Amiga', 'slug': 'commodore-amiga'}}]","[{'platform': {'id': 166, 'name': 'Commodore / Amiga', 'slug': 'commodore-amiga', 'image': None, 'year_end': None, 'year_start': None, 'games_count': 2083, 'image_background': 'https://media.rawg.io/media/games/cce/cce8bebe861f295003f5a9fe5b11233f.jpg'}, 'released_at': '1985-01-01', 'requirements': {}}]",[],"[{'id': 14493, 'name': 'Hewson Consultants', 'slug': 'hewson-consultants', 'games_count': 5, 'image_background': 'https://media.rawg.io/media/screenshots/4be/4be4b7a9ccf9169081b6a07f79ef25cd.jpg'}]",[],"[{'id': 31, 'name': 'Singleplayer', 'slug': 'singleplayer', 'language': 'eng', 'games_count': 238404, 'image_background': 'https://media.rawg.io/media/games/26d/26d4437715bee60138dab4a7c8c59c92.jpg'}]",[],,,"Southern Belle is a train simulation video game published by Hewson Consultants in 1985. Southern Belle was unique at the time of release in that it was the first 3D steam train simulator available for home computers. The game allows the user to take over the fireman and/or driver duties on a King Arthur class passenger steam locomotive on the London to Brighton line.
It was programmed by Mike Male, who teamed up with friend and railway buff Bob Hillyer.",,4.0,2.0,1.0,1.0,,,,,,,,,,,,,,,,,,,0.0,
56748,rupert-and-the-toymakers-party,Rupert and the Toymaker's Party,Rupert and the Toymaker's Party,"<p>Rupert and the Toymaker's Party is a video game developed by Martin Walker and published by Quicksilva in 1985. It was developed for the Commodore 64 and ZX Spectrum.</p>
<p>The game is based on Rupert Bear, the British cartoon and comics strip character created in 1920 by the British artist Mary Tourtel. In this platform arcade game the player takes the role of Rupert the Bear and the mission is to get to a party in the Toymaker's castle, to meet his friends. According to the story line of this adventure, Rupert has made himself late for the party and must go through the castle collecting all the party invitations his friends have left behind for him.</p>",,[],1985-01-01,False,2019-08-28T22:00:19,https://media.rawg.io/media/screenshots/b87/b87f58e61da70955a9c6af4bceb1793e.jpg,https://media.rawg.io/media/screenshots/ec5/ec56949ea6691937f01aff608db1ae2b.jpg,,0.0,0,[],8,0,8,0,1,0,0,,,,,0,0,0,0,0,165,[],,0,0,0,,0,0f0f0f,0f0f0f,"[{'platform': {'id': 10, 'name': 'Commodore / Amiga', 'slug': 'commodore-amiga'}}]","[{'platform': {'id': 166, 'name': 'Commodore / Amiga', 'slug': 'commodore-amiga', 'image': None, 'year_end': None, 'year_start': None, 'games_count': 2083, 'image_background': 'https://media.rawg.io/media/games/cce/cce8bebe861f295003f5a9fe5b11233f.jpg'}, 'released_at': '1985-01-01', 'requirements': {}}]",[],"[{'id': 27361, 'name': 'Quicksilva', 'slug': 'quicksilva', 'games_count': 4, 'image_background': 'https://media.rawg.io/media/screenshots/a66/a667bbfeb01e23bedc1e6a0eb9774770.jpg'}]",[],"[{'id': 31, 'name': 'Singleplayer', 'slug': 'singleplayer', 'language': 'eng', 'games_count': 238404, 'image_background': 'https://media.rawg.io/media/games/26d/26d4437715bee60138dab4a7c8c59c92.jpg'}]","[{'id': 20358, 'name': 'Quicksilva', 'slug': 'quicksilva', 'games_count': 8, 'image_background': 'https://media.rawg.io/media/screenshots/259/2594266d718720ba25f9351c3f22c16a.jpg'}]",,,"Rupert and the Toymaker's Party is a video game developed by Martin Walker and published by Quicksilva in 1985. It was developed for the Commodore 64 and ZX Spectrum.
The game is based on Rupert Bear, the British cartoon and comics strip character created in 1920 by the British artist Mary Tourtel. In this platform arcade game the player takes the role of Rupert the Bear and the mission is to get to a party in the Toymaker's castle, to meet his friends. According to the story line of this adventure, Rupert has made himself late for the party and must go through the castle collecting all the party invitations his friends have left behind for him.",,4.0,2.0,1.0,1.0,,,,,,,,,,,,,,,,,,,0.0,
389817,super-dimension-fortress-macross,SUPER DIMENSION FORTRESS MACROSS,SUPER DIMENSION FORTRESS MACROSS,"<p>SUPER DIMENSION FORTRESS MACROSS is an action game. It was originally released in 1985. <br>SUPER DIMENSION FORTRESS MACROSS is available on NES. </p>

<p></p>",,[],1985-01-01,False,2019-11-10T21:08:46,,,,0.0,0,[],7,0,0,0,0,0,0,,,,,0,0,0,0,0,0,[],,0,0,0,,0,0f0f0f,0f0f0f,"[{'platform': {'id': 7, 'name': 'Nintendo', 'slug': 'nintendo'}}]","[{'platform': {'id': 49, 'name': 'NES', 'slug': 'nes', 'image': None, 'year_end': None, 'year_start': None, 'games_count': 1015, 'image_background': 'https://media.rawg.io/media/games/7c5/7c50dd0415eb0a57505c58d4e50e4d24.jpg'}, 'released_at': '1985-01-01', 'requirements': {}}]",[],[],"[{'id': 4, 'name': 'Action', 'slug': 'action', 'games_count': 186608, 'image_background': 'https://media.rawg.io/media/games/618/618c2031a07bbff6b4f611f10b6bcdbc.jpg'}]",[],[],,,,,3.0,1.0,1.0,2.0,,,,,,,,,,,,,,,,,,,0.0,
56824,subsunk,Subsunk,Subsunk,"<p>Subsunk is a text adventure game by Firebird released in 1985 for the Amstrad CPC, Commodore 64 and ZX Spectrum home computers.</p>",,[],1985-01-01,False,2019-08-28T22:00:17,https://media.rawg.io/media/screenshots/8f8/8f84da9b40e56722a36dcfeefc6db300.jpg,https://media.rawg.io/media/screenshots/787/78757d0db1e1dffbc715599c60b973b0.jpg,,0.0,0,[],7,0,8,0,2,0,0,,,,,0,0,0,0,0,144,[],,0,0,0,,0,0f0f0f,0f0f0f,"[{'platform': {'id': 10, 'name': 'Commodore / Amiga', 'slug': 'commodore-amiga'}}]","[{'platform': {'id': 166, 'name': 'Commodore / Amiga', 'slug': 'commodore-amiga', 'image': None, 'year_end': None, 'year_start': None, 'games_count': 2083, 'image_background': 'https://media.rawg.io/media/games/cce/cce8bebe861f295003f5a9fe5b11233f.jpg'}, 'released_at': '1985-01-01', 'requirements': {}}]",[],[],[],"[{'id': 31, 'name': 'Singleplayer', 'slug': 'singleplayer', 'language': 'eng', 'games_count': 238404, 'image_background': 'https://media.rawg.io/media/games/26d/26d4437715bee60138dab4a7c8c59c92.jpg'}]","[{'id': 20199, 'name': 'Telecomsoft', 'slug': 'telecomsoft', 'games_count': 28, 'image_background': 'https://media.rawg.io/media/screenshots/b56/b569505ea715521ab76621752fa0c6a4.jpg'}, {'id': 11716, 'name': 'Firebird Software', 'slug': 'firebird-software', 'games_count': 14, 'image_background': 'https://media.rawg.io/media/screenshots/2f2/2f20cd854e22846e566547dacf2d147e.jpg'}]",,,"Subsunk is a text adventure game by Firebird released in 1985 for the Amstrad CPC, Commodore 64 and ZX Spectrum home computers.",,3.0,2.0,1.0,1.0,,,,,,,,,,,,,,,,,,,0.0,
736287,the-screamer,The Screamer,The Screamer,"<p>The Screamer is set in a dark futuristic environment. The existence of a megalopolis called Beast City depends on a huge complex known as &quot;Biological Intelligence in Artificial System&quot; (sic), usually referred to as simply &quot;BIAS&quot;. But recently, disturbances within BIAS have been reported. Apparently, dangerous creatures have gone rampant. Nobody dares to venture inside - except, naturally, the protagonist of this game...</p>
<p>The game is a somewhat unusual mixture of first-person dungeon crawler and side-scrolling action. Following a simple character creation, the player is taken to the Beast City, where it is possible to rest, buy equipment for the hero, and hear the latest gossip. Afterwards, the player can venture into the depths of BIAS, which is a huge maze-like dungeon. Enemies attack randomly; however, instead of the usual turn-based battle screen, the hero and the enemy are taken to a small side-scrolling area.</p>
<p>At that point, the game plays similarly to a side-scrolling shooter: the hero can jump, duck, and shoot at the enemies in real time. Due to the RPG nature of the game, the outcome of the battle depends on the hero&#39;s level as well as the player&#39;s dexterity.</p>",,[],1985-05-25,False,2023-02-08T10:51:24,https://media.rawg.io/media/screenshots/7cd/7cdff06d6445dee2f5b0e3f8c223257c.jpg,https://media.rawg.io/media/screenshots/6b0/6b0789df99ac23ba9316e4a8aca9f827.jpg,,0.0,0,[],5,0,7,0,0,0,0,,,,,0,0,0,0,0,262,[],,0,0,0,,0,0f0f0f,0f0f0f,"[{'platform': {'id': 1, 'name': 'PC', 'slug': 'pc'}}]","[{'platform': {'id': 4, 'name': 'PC', 'slug': 'pc', 'image': None, 'year_end': None, 'year_start': None, 'games_count': 547194, 'image_background': 'https://media.rawg.io/media/games/4be/4be6a6ad0364751a96229c56bf69be59.jpg'}, 'released_at': '1985-05-25', 'requirements': {}}]",[],[],"[{'id': 4, 'name': 'Action', 'slug': 'action', 'games_count': 186608, 'image_background': 'https://media.rawg.io/media/games/618/618c2031a07bbff6b4f611f10b6bcdbc.jpg'}, {'id': 5, 'name': 'RPG', 'slug': 'role-playing-games-rpg', 'games_count': 59369, 'image_background': 'https://media.rawg.io/media/games/995/9951d9d55323d08967640f7b9ab3e342.jpg'}]",[],[],,,"The Screamer is set in a dark futuristic environment. The existence of a megalopolis called Beast City depends on a huge complex known as ""Biological Intelligence in Artificial System"" (sic), usually referred to as simply ""BIAS"". But recently, disturbances within BIAS have been reported. Apparently, dangerous creatures have gone rampant. Nobody dares to venture inside - except, naturally, the protagonist of this game...

The game is a somewhat unusual mixture of first-person dungeon crawler and side-scrolling action. Following a simple character creation, the player is taken to the Beast City, where it is possible to rest, buy equipment for the hero, and hear the latest gossip. Afterwards, the player can venture into the depths of BIAS, which is a huge maze-like dungeon. Enemies attack randomly; however, instead of the usual turn-based battle screen, the hero and the enemy are taken to a small side-scrolling area.

At that point, the game plays similarly to a side-scrolling shooter: the hero can jump, duck, and shoot at the enemies in real time. Due to the RPG nature of the game, the outcome of the battle depends on the hero's level as well as the player's dexterity.",,3.0,,1.0,1.0,,,,,,,,,,,,,,,,,,,0.0,
712695,demons-winter-1985,Demon's Winter (1985),Demon's Winter (1985),"Quietly released by SSI in 1986 and 1987 were 2 PC conversions of their classic Apple II RPGs: Demon's Winter and The Shard of Spring. Both games are solid ""conventional"" RPGs (i.e. top-down view, lots of loot and monsters) which emphasizes level advancement and typical ""kill the big foozle"" endgame.
<br/><br/>
In Demon's Winter, you must search the lands and seas for spells to trap the demon-god Malifon and undo his mystical curse. Entertaining and very well-written, if not revolutionary.",,[],1985-12-31,False,2023-02-08T10:51:33,https://media.rawg.io/media/screenshots/f31/f31890d8779c084e6f6ea2673e849960.jpg,https://media.rawg.io/media/screenshots/015/01559804e118fedd1827f3d9c07a99f2.jpg,,0.0,0,[],5,0,11,0,0,0,0,,,,,0,0,0,0,0,157,[],,0,0,0,,0,0f0f0f,0f0f0f,"[{'platform': {'id': 1, 'name': 'PC', 'slug': 'pc'}}, {'platform': {'id': 5, 'name': 'Apple Macintosh', 'slug': 'mac'}}, {'platform': {'id': 6, 'name': 'Linux', 'slug': 'linux'}}]","[{'platform': {'id': 5, 'name': 'macOS', 'slug': 'macos', 'image': None, 'year_end': None, 'year_start': None, 'games_count': 106181, 'image_background': 'https://media.rawg.io/media/games/6fc/6fcf4cd3b17c288821388e6085bb0fc9.jpg'}, 'released_at': '1985-12-31', 'requirements': {}}, {'platform': {'id': 6, 'name': 'Linux', 'slug': 'linux', 'image': None, 'year_end': None, 'year_start': None, 'games_count': 78810, 'image_background': 'https://media.rawg.io/media/games/d58/d588947d4286e7b5e0e12e1bea7d9844.jpg'}, 'released_at': '1985-12-31', 'requirements': {}}, {'platform': {'id': 4, 'name': 'PC', 'slug': 'pc', 'image': None, 'year_end': None, 'year_start': None, 'games_count': 547194, 'image_background': 'https://media.rawg.io/media/games/4be/4be6a6ad0364751a96229c56bf69be59.jpg'}, 'released_at': '1985-12-31', 'requirements': {}}]","[{'id': 709337, 'url': '', 'store': {'id': 5, 'name': 'GOG', 'slug': 'gog', 'domain': 'gog.com', 'games_count': 6713, 'image_background': 'https://media.rawg.io/media/games/5c0/5c0dd63002cb23f804aab327d40ef119.jpg'}}]","[{'id': 16336, 'name': 'SSI', 'slug': 'ssi', 'games_count': 10, 'image_background': 'https://media.rawg.io/media/screenshots/734/7341ae72c6814a37ac2a44f9776ba526.jpg'}]",[],"[{'id': 102, 'name': 'Turn-Based', 'slug': 'turn-based', 'language': 'eng', 'games_count': 5470, 'image_background': 'https://media.rawg.io/media/games/fa3/fa3dd043cba3a9cbfe3085e75d92bf7e.jpg'}, {'id': 98, 'name': 'Loot', 'slug': 'loot', 'language': 'eng', 'games_count': 2596, 'image_background': 'https://media.rawg.io/media/screenshots/91c/91c1591ddd37ca1b8c1d3f5cd2fcde72.jpg'}, {'id': 624, 'name': 'Monsters', 'slug': 'monsters', 'language': 'eng', 'games_count': 9631, 'image_background': 'https://media.rawg.io/media/games/8ed/8ed64beba17e3f3580ccc025f7bfde12.jpg'}, {'id': 753, 'name': 'god', 'slug': 'god', 'language': 'eng', 'games_count': 1108, 'image_background': 'https://media.rawg.io/media/games/23a/23acbd56da0c30bca0227967a5720c96.jpg'}, {'id': 980, 'name': 'winter', 'slug': 'winter', 'language': 'eng', 'games_count': 1597, 'image_background': 'https://media.rawg.io/media/screenshots/189/189515a8aaf4961d950f0c350b3056d9.jpg'}, {'id': 3768, 'name': 'demon', 'slug': 'demon', 'language': 'eng', 'games_count': 809, 'image_background': 'https://media.rawg.io/media/games/f7c/f7cc1efebf6d093c555164111a02f284.jpeg'}, {'id': 9081, 'name': 'search', 'slug': 'search', 'language': 'eng', 'games_count': 588, 'image_background': 'https://media.rawg.io/media/screenshots/19f/19f695fe53a195097da7b94c27dc3505.jpg'}, {'id': 8720, 'name': 'apple', 'slug': 'apple', 'language': 'eng', 'games_count': 487, 'image_background': 'https://media.rawg.io/media/screenshots/338/338e07352989856d49ff6876c073ca9e_ArxGYOP.jpg'}, {'id': 19688, 'name': 'spring', 'slug': 'spring', 'language': 'eng', 'games_count': 336, 'image_background': 'https://media.rawg.io/media/screenshots/9fb/9fb1a1088ea10ec9a0ad8bcba8602b30.jpg'}]","[{'id': 12590, 'name': 'SSI', 'slug': 'ssi', 'games_count': 13, 'image_background': 'https://media.rawg.io/media/screenshots/34c/34c5845589def81a14b93feba2645518.jpg'}]",,,"Quietly released by SSI in 1986 and 1987 were 2 PC conversions of their classic Apple II RPGs: Demon's Winter and The Shard of Spring. Both games are solid ""conventional"" RPGs (i.e. top-down view, lots of loot and monsters) which emphasizes level advancement and typical ""kill the big foozle"" endgame.
In Demon's Winter, you must search the lands and seas for spells to trap the demon-god Malifon and undo his mystical curse. Entertaining and very well-written, if not revolutionary.",1.0,3.0,,,1.0,,,,,,,,,,,,,,,,,,,0.0,
736179,xanadu-1985,Xanadu (1985),Xanadu (1985),"<p>Xanadu (ザナドゥ, Zanadu), also known as Xanadu: Dragon Slayer II, is an action role-playing game developed by Nihon Falcom and released in 1985 for the PC-8801, X1, PC-8001, PC-9801, FM-7 and MSX computers. Enhanced remakes were later released for the Sega Saturn, PC-9801 and Windows platforms. It is the second entry in the Dragon Slayer series, preceded by Dragon Slayer and followed by Dragon Slayer Jr: Romancia, which, as most games in the Dragon Slayer series, have very little relation with each other.</p>",,[],1985-10-27,False,2023-02-08T10:51:22,https://media.rawg.io/media/screenshots/bcb/bcb6e8ffe6d349579cb89e40b0bc13b1.jpg,https://media.rawg.io/media/screenshots/2ef/2efbdba9676604d3192d13f37fed8f1d.jpg,,0.0,0,[],5,0,6,0,0,0,0,,,,,0,0,0,0,0,225,"[' Zanadu', 'Dragon Slayer II: Xanadu', 'Xanadu', 'Xanadu: Dragon Slayer II', 'ザナドゥ']",,0,0,9,,0,0f0f0f,0f0f0f,"[{'platform': {'id': 1, 'name': 'PC', 'slug': 'pc'}}]","[{'platform': {'id': 4, 'name': 'PC', 'slug': 'pc', 'image': None, 'year_end': None, 'year_start': None, 'games_count': 547194, 'image_background': 'https://media.rawg.io/media/games/4be/4be6a6ad0364751a96229c56bf69be59.jpg'}, 'released_at': '1985-10-27', 'requirements': {}}]",[],"[{'id': 5445, 'name': 'Nihon Falcom', 'slug': 'nihon-falcom', 'games_count': 78, 'image_background': 'https://media.rawg.io/media/games/291/2917eaf996afa24584de1f020ce6571a.jpg'}]","[{'id': 4, 'name': 'Action', 'slug': 'action', 'games_count': 186608, 'image_background': 'https://media.rawg.io/media/games/618/618c2031a07bbff6b4f611f10b6bcdbc.jpg'}, {'id': 3, 'name': 'Adventure', 'slug': 'adventure', 'games_count': 146479, 'image_background': 'https://media.rawg.io/media/games/cee/cee577e2097a59b77193fe2bce94667d.jpg'}, {'id': 5, 'name': 'RPG', 'slug': 'role-playing-games-rpg', 'games_count': 59369, 'image_background': 'https://media.rawg.io/media/games/995/9951d9d55323d08967640f7b9ab3e342.jpg'}]",[],"[{'id': 10803, 'name': 'NIHON FALCOM', 'slug': 'nihon-falcom', 'games_count': 23, 'image_background': 'https://media.rawg.io/media/screenshots/d21/d218e020630c24495a9288aa0e77853f.jpg'}]",,,"Xanadu (ザナドゥ, Zanadu), also known as Xanadu: Dragon Slayer II, is an action role-playing game developed by Nihon Falcom and released in 1985 for the PC-8801, X1, PC-8001, PC-9801, FM-7 and MSX computers. Enhanced remakes were later released for the Sega Saturn, PC-9801 and Windows platforms. It is the second entry in the Dragon Slayer series, preceded by Dragon Slayer and followed by Dragon Slayer Jr: Romancia, which, as most games in the Dragon Slayer series, have very little relation with each other.",,2.0,,2.0,1.0,,,,,,,,,,,,,,,,,,,0.0,
614957,challenger-1985,Challenger (1985),Challenger (1985),"<p>Challenger (チャレンジャー, Charenjā) is a video game developed and published by Hudson Soft in 1985 for the Nintendo Famicom. The title character, Challenger, is an archaeologist who seeks to rescue the princess, Maria, from the hands of the evil boss, Don Waldorado, in the land called Pleasio Land.</p>",,[],1985-10-15,False,2021-06-09T21:26:47,,,,0.0,0,[],5,0,0,0,0,0,0,,,,,0,0,0,0,0,0,[],,0,0,0,,0,0f0f0f,0f0f0f,"[{'platform': {'id': 7, 'name': 'Nintendo', 'slug': 'nintendo'}}]","[{'platform': {'id': 49, 'name': 'NES', 'slug': 'nes', 'image': None, 'year_end': None, 'year_start': None, 'games_count': 1015, 'image_background': 'https://media.rawg.io/media/games/7c5/7c50dd0415eb0a57505c58d4e50e4d24.jpg'}, 'released_at': '1985-10-15', 'requirements': {}}, {'platform': {'id': 24, 'name': 'Game Boy Advance', 'slug': 'game-boy-advance', 'image': None, 'year_end': None, 'year_start': None, 'games_count': 950, 'image_background': 'https://media.rawg.io/media/games/98c/98c87b286cd2a2ba942167df384a9bd3.jpg'}, 'released_at': '1985-10-15', 'requirements': {}}, {'platform': {'id': 11, 'name': 'Wii', 'slug': 'wii', 'image': None, 'year_end': None, 'year_start': None, 'games_count': 2209, 'image_background': 'https://media.rawg.io/media/games/9ca/9ca31615beee447f3ae1dc9b3b736dce.jpg'}, 'released_at': '1985-10-15', 'requirements': {}}, {'platform': {'id': 8, 'name': 'Nintendo 3DS', 'slug': 'nintendo-3ds', 'image': None, 'year_end': None, 'year_start': None, 'games_count': 1682, 'image_background': 'https://media.rawg.io/media/screenshots/42d/42d770eb49f2ba01cd4045e0d92af7a9.jpg'}, 'released_at': '1985-10-15', 'requirements': {}}]",[],"[{'id': 133445, 'name': 'Hudson Soft Company', 'slug': 'hudson-soft-company', 'games_count': 3, 'image_background': 'https://media.rawg.io/media/screenshots/723/723d4ba3905ca7632ddd17a986d20986.jpg'}, {'id': 209234, 'name': 'Konami Industry Co', 'slug': 'konami-industry-co-ltd', 'games_count': 2, 'image_background': 'https://media.rawg.io/media/screenshots/160/160585db92409ea5a8a8ea27fc27de7f.jpg'}]","[{'id': 4, 'name': 'Action', 'slug': 'action', 'games_count': 186608, 'image_background': 'https://media.rawg.io/media/games/618/618c2031a07bbff6b4f611f10b6bcdbc.jpg'}, {'id': 2, 'name': 'Shooter', 'slug': 'shooter', 'games_count': 59560, 'image_background': 'https://media.rawg.io/media/games/d58/d588947d4286e7b5e0e12e1bea7d9844.jpg'}, {'id': 3, 'name': 'Adventure', 'slug': 'adventure', 'games_count': 146479, 'image_background': 'https://media.rawg.io/media/games/cee/cee577e2097a59b77193fe2bce94667d.jpg'}, {'id': 83, 'name': 'Platformer', 'slug': 'platformer', 'games_count': 100868, 'image_background': 'https://media.rawg.io/media/games/4cb/4cb855e8ef1578415a928e53c9f51867.png'}]",[],"[{'id': 20740, 'name': 'Hudson Soft Company', 'slug': 'hudson-soft-company-ltd', 'games_count': 7, 'image_background': 'https://media.rawg.io/media/screenshots/723/723d4ba3905ca7632ddd17a986d20986.jpg'}]",,,"Challenger (チャレンジャー, Charenjā) is a video game developed and published by Hudson Soft in 1985 for the Nintendo Famicom. The title character, Challenger, is an archaeologist who seeks to rescue the princess, Maria, from the hands of the evil boss, Don Waldorado, in the land called Pleasio Land.",,3.0,,,2.0,,,,,,,,,,,,,1.0,Everyone,everyone,,,,0.0,
541270,deja-vu-1985,Déjà Vu (1985),Déjà Vu (1985),"<p>Déjà Vu (1985) is an adventure game. It came out on 01-01-1985. It was published by KEMCO. <br>Déjà Vu (1985) is available on NES. </p>

<p></p>",,[],1985-01-01,False,2024-08-26T14:28:03,https://media.rawg.io/media/screenshots/95e/95e4463b48b9a90d0cfcb8289e4cf970.jpg,,,0.0,0,[],4,0,1,0,0,0,0,,,,,0,0,0,0,0,36,[],,0,0,3,,0,0f0f0f,0f0f0f,"[{'platform': {'id': 7, 'name': 'Nintendo', 'slug': 'nintendo'}}]","[{'platform': {'id': 49, 'name': 'NES', 'slug': 'nes', 'image': None, 'year_end': None, 'year_start': None, 'games_count': 1015, 'image_background': 'https://media.rawg.io/media/games/7c5/7c50dd0415eb0a57505c58d4e50e4d24.jpg'}, 'released_at': '1985-01-01', 'requirements': {}}]",[],[],"[{'id': 3, 'name': 'Adventure', 'slug': 'adventure', 'games_count': 146479, 'image_background': 'https://media.rawg.io/media/games/cee/cee577e2097a59b77193fe2bce94667d.jpg'}]",[],"[{'id': 10943, 'name': 'MINDSCAPE', 'slug': 'mindscape', 'games_count': 108, 'image_background': 'https://media.rawg.io/media/screenshots/0b1/0b12ddf58af6047922a20dd0d310ad18.jpg'}, {'id': 5725, 'name': 'KEMCO', 'slug': 'kemco', 'games_count': 160, 'image_background': 'https://media.rawg.io/media/screenshots/f98/f98fd57fa9240bec6e4811f5d4fb704b.jpg'}]",,,,,3.0,,,1.0,,,,,,,,,,,,,,,,,,,0.0,
741559,monster-trivia,Monster Trivia,Monster Trivia,"<p>Monster Trivia is a puzzle game. It came out on 01-01-1985. <br>Monster Trivia is available on Commodore / Amiga. </p>

<p></p>",,[],1985-01-01,False,2022-02-19T19:43:36,https://media.rawg.io/media/screenshots/335/3353d24be6b2647ef2c1a1ffb16bcf94.jpg,https://media.rawg.io/media/screenshots/28d/28d71eb2b099b0df9b12d6abebfe18e1.jpg,,0.0,0,[],4,0,6,0,0,0,0,,,,,0,0,0,0,0,107,['The Trivia Monster'],,0,0,0,,0,0f0f0f,0f0f0f,"[{'platform': {'id': 10, 'name': 'Commodore / Amiga', 'slug': 'commodore-amiga'}}]","[{'platform': {'id': 166, 'name': 'Commodore / Amiga', 'slug': 'commodore-amiga', 'image': None, 'year_end': None, 'year_start': None, 'games_count': 2083, 'image_background': 'https://media.rawg.io/media/games/cce/cce8bebe861f295003f5a9fe5b11233f.jpg'}, 'released_at': '1985-01-01', 'requirements': {}}]",[],[],"[{'id': 7, 'name': 'Puzzle', 'slug': 'puzzle', 'games_count': 97333, 'image_background': 'https://media.rawg.io/media/games/9f4/9f418898f5415668ca47b5f4ab1ecfeb.jpg'}]",[],[],,,,,2.0,,1.0,1.0,,,,,,,,,,,,,,,,,,,0.0,
334840,mindwheel,Mindwheel,Mindwheel,"<p>The Federated Nations have collapsed. Lennon City-Tokyo, Feingrad, Nuevo Paris thunder with strife and violence. In Capitol City, seventy thousand crazed rioters storm the Washington Monument. As the weapons of oblivion assemble on the horizon, the long-feared apocalypse seems inevitable.</p>
<p>The howling, demented crowd shrieks for action. Only Doctor Virgil understands the narrow, mysterious path to your civilization&#39;s survival. But Virgil desperately seeks a Mind Adventurer! Do you dare?</p>",,[],1985-04-01,False,2023-08-14T09:49:52,https://media.rawg.io/media/screenshots/a3c/a3cc48c86970ff3b3fb049ad0e1d74a8.jpg,,https://mindwheelgame.com/,0.0,0,[],3,0,1,0,0,0,0,,,,,0,0,0,0,0,18,[],,0,0,0,,0,0f0f0f,0f0f0f,"[{'platform': {'id': 1, 'name': 'PC', 'slug': 'pc'}}, {'platform': {'id': 5, 'name': 'Apple Macintosh', 'slug': 'mac'}}, {'platform': {'id': 9, 'name': 'Atari', 'slug': 'atari'}}, {'platform': {'id': 10, 'name': 'Commodore / Amiga', 'slug': 'commodore-amiga'}}]","[{'platform': {'id': 41, 'name': 'Apple II', 'slug': 'apple-ii', 'image': None, 'year_end': None, 'year_start': None, 'games_count': 424, 'image_background': 'https://media.rawg.io/media/screenshots/3d2/3d2bb57b39e2efa39d1c385585b2ea8b.jpg'}, 'released_at': '1985-04-01', 'requirements': {}}, {'platform': {'id': 166, 'name': 'Commodore / Amiga', 'slug': 'commodore-amiga', 'image': None, 'year_end': None, 'year_start': None, 'games_count': 2083, 'image_background': 'https://media.rawg.io/media/games/cce/cce8bebe861f295003f5a9fe5b11233f.jpg'}, 'released_at': '1985-04-01', 'requirements': {}}, {'platform': {'id': 34, 'name': 'Atari ST', 'slug': 'atari-st', 'image': None, 'year_end': None, 'year_start': None, 'games_count': 836, 'image_background': 'https://media.rawg.io/media/games/637/637d7dc2f44d0f6ddd3ee2c0b1366962.jpg'}, 'released_at': '1985-04-01', 'requirements': {}}, {'platform': {'id': 25, 'name': 'Atari 8-bit', 'slug': 'atari-8-bit', 'image': None, 'year_end': None, 'year_start': None, 'games_count': 308, 'image_background': 'https://media.rawg.io/media/screenshots/038/0385a47d3a43b218204268af5361a19e.jpg'}, 'released_at': '1985-04-01', 'requirements': {}}, {'platform': {'id': 4, 'name': 'PC', 'slug': 'pc', 'image': None, 'year_end': None, 'year_start': None, 'games_count': 547195, 'image_background': 'https://media.rawg.io/media/games/021/021c4e21a1824d2526f925eff6324653.jpg'}, 'released_at': '1985-04-01', 'requirements': {}}]",[],"[{'id': 27063, 'name': 'Synapse Software', 'slug': 'synapse-software', 'games_count': 7, 'image_background': 'https://media.rawg.io/media/screenshots/7b5/7b5d23f65718fc508970819cccc7867c.jpg'}]","[{'id': 3, 'name': 'Adventure', 'slug': 'adventure', 'games_count': 146480, 'image_background': 'https://media.rawg.io/media/games/562/562553814dd54e001a541e4ee83a591c.jpg'}]",[],"[{'id': 11442, 'name': 'Broderbund Software', 'slug': 'broderbund-software', 'games_count': 27, 'image_background': 'https://media.rawg.io/media/games/a9a/a9a2472f862b041d2980103ddbb61c91.jpg'}]",,,"The Federated Nations have collapsed. Lennon City-Tokyo, Feingrad, Nuevo Paris thunder with strife and violence. In Capitol City, seventy thousand crazed rioters storm the Washington Monument. As the weapons of oblivion assemble on the horizon, the long-feared apocalypse seems inevitable.

The howling, demented crowd shrieks for action. Only Doctor Virgil understands the narrow, mysterious path to your civilization's survival. But Virgil desperately seeks a Mind Adventurer! Do you dare?",,2.0,,1.0,,,,,,,,,,,,,,,,,,,,0.0,
926658,the-inheritance-panic-in-las-vegas,The Inheritance: Panic in Las Vegas,The Inheritance: Panic in Las Vegas,"<p>The Inheritance: Panic in Las Vegas is a puzzle game developed by Infogrames. It came out on 01-01-1985. Infogrames published the game. <br>You can play The Inheritance: Panic in Las Vegas on Commodore / Amiga. </p>

<p></p>",,[],1985-01-01,False,2023-02-14T19:17:57,,,,0.0,0,[],3,0,0,0,0,0,0,,,,,0,0,0,0,0,0,"[""L'Héritage : Panique à Las Vegas ""]",,0,0,0,,0,0f0f0f,0f0f0f,"[{'platform': {'id': 10, 'name': 'Commodore / Amiga', 'slug': 'commodore-amiga'}}]","[{'platform': {'id': 166, 'name': 'Commodore / Amiga', 'slug': 'commodore-amiga', 'image': None, 'year_end': None, 'year_start': None, 'games_count': 2083, 'image_background': 'https://media.rawg.io/media/games/cce/cce8bebe861f295003f5a9fe5b11233f.jpg'}, 'released_at': '1985-01-01', 'requirements': {}}]",[],"[{'id': 8669, 'name': 'Infogrames', 'slug': 'infogrames', 'games_count': 51, 'image_background': 'https://media.rawg.io/media/screenshots/db3/db371199efaaf572701aea3d39797591.jpg'}]","[{'id': 7, 'name': 'Puzzle', 'slug': 'puzzle', 'games_count': 97333, 'image_background': 'https://media.rawg.io/media/games/9f4/9f418898f5415668ca47b5f4ab1ecfeb.jpg'}]",[],"[{'id': 11453, 'name': 'Infogrames', 'slug': 'infogrames', 'games_count': 229, 'image_background': 'https://media.rawg.io/media/games/5b4/5b4af50ce68cf94dcab24f3dba33eaab.jpg'}]",,,,,3.0,,,,,,,,,,,,,,,,,,,,,,0.0,
366050,super-huey,Super Huey,Super Huey,"<p>Super Huey is an action, simulation and arcade game. It came out on 01-01-1985. Cosmi published the game. <br>You can play Super Huey on Commodore / Amiga, Apple II, Atari ST and Atari 7800. </p>

<p></p>",,[],1985-01-01,False,2022-05-03T03:40:16,,,,0.0,0,[],3,0,0,0,0,0,0,,,,,0,0,0,0,0,0,['Super Huey UH-IX'],,0,0,0,,0,0f0f0f,0f0f0f,"[{'platform': {'id': 5, 'name': 'Apple Macintosh', 'slug': 'mac'}}, {'platform': {'id': 9, 'name': 'Atari', 'slug': 'atari'}}, {'platform': {'id': 10, 'name': 'Commodore / Amiga', 'slug': 'commodore-amiga'}}]","[{'platform': {'id': 166, 'name': 'Commodore / Amiga', 'slug': 'commodore-amiga', 'image': None, 'year_end': None, 'year_start': None, 'games_count': 2083, 'image_background': 'https://media.rawg.io/media/games/cce/cce8bebe861f295003f5a9fe5b11233f.jpg'}, 'released_at': '1985-01-01', 'requirements': {}}, {'platform': {'id': 41, 'name': 'Apple II', 'slug': 'apple-ii', 'image': None, 'year_end': None, 'year_start': None, 'games_count': 424, 'image_background': 'https://media.rawg.io/media/screenshots/3d2/3d2bb57b39e2efa39d1c385585b2ea8b.jpg'}, 'released_at': '1985-01-01', 'requirements': {}}, {'platform': {'id': 34, 'name': 'Atari ST', 'slug': 'atari-st', 'image': None, 'year_end': None, 'year_start': None, 'games_count': 836, 'image_background': 'https://media.rawg.io/media/games/637/637d7dc2f44d0f6ddd3ee2c0b1366962.jpg'}, 'released_at': '1985-01-01', 'requirements': {}}, {'platform': {'id': 28, 'name': 'Atari 7800', 'slug': 'atari-7800', 'image': None, 'year_end': None, 'year_start': None, 'games_count': 64, 'image_background': 'https://media.rawg.io/media/screenshots/565/56504b28b184dbc630a7de118e39d822.jpg'}, 'released_at': '1985-01-01', 'requirements': {}}]",[],[],"[{'id': 4, 'name': 'Action', 'slug': 'action', 'games_count': 186608, 'image_background': 'https://media.rawg.io/media/games/618/618c2031a07bbff6b4f611f10b6bcdbc.jpg'}, {'id': 14, 'name': 'Simulation', 'slug': 'simulation', 'games_count': 73491, 'image_background': 'https://media.rawg.io/media/games/48c/48cb04ca483be865e3a83119c94e6097.jpg'}, {'id': 11, 'name': 'Arcade', 'slug': 'arcade', 'games_count': 22658, 'image_background': 'https://media.rawg.io/media/games/556/556157feed9ee1f55f2b12b2973e30a3.jpg'}]",[],"[{'id': 20597, 'name': 'Cosmi', 'slug': 'cosmi', 'games_count': 4, 'image_background': 'https://media.rawg.io/media/screenshots/911/91108d06742349192cb5947893a2082b.jpg'}]",,,,,2.0,,,1.0,,,,,,,,,,,,,,,,,,,0.0,
968096,universe-2,Universe 2,Universe 2,"<p>
The Local Group has been divided into two governments, the Federated Worlds (FW) and the United Democratic Planets (UDP). Although trade and travel continue between the two  governments, the situation is deteriorating rapidly. 
</p>
<p>
 
</p>
<p>
Almost 8 years ago, you ""retired"" from the Federated Worlds Special Forces (FWSF), an organization whose function is to gather intelligence data and perform covert operations within the United Democratic Planets. Now you carry the personna of a free trader from Vromus Prime. Your cover is quite airtight. Occasionally, the FWSF provides you with money and special equipment, but only to send you out on a mission. Not all of your crew is even aware that you are anything else but a trader. 
</p>
<p>
 
</p>
<p>
So during your travels and missions, you're going to have to earn a living.
</p>
<p>
 
</p>
<ul>
<li>Equip your ship and your crew and set out to the stars</li>
<li>Trade with alien species and battle pirates</li>
<li>Manage your business and complete your mission.  </li>
</ul>",,[],1985-12-31,False,2023-10-20T07:29:26,https://media.rawg.io/media/screenshots/52c/52cb32c9968506d1a456c4f9c5e865c3.jpg,https://media.rawg.io/media/screenshots/16c/16c926ba95d93a19df3a37ecc8bef6a2.jpg,,0.0,0,[],3,0,11,0,0,0,0,,,,,0,0,0,0,0,0,[],,0,0,0,,0,0f0f0f,0f0f0f,"[{'platform': {'id': 1, 'name': 'PC', 'slug': 'pc'}}]","[{'platform': {'id': 4, 'name': 'PC', 'slug': 'pc', 'image': None, 'year_end': None, 'year_start': None, 'games_count': 547194, 'image_background': 'https://media.rawg.io/media/games/4be/4be6a6ad0364751a96229c56bf69be59.jpg'}, 'released_at': '1985-12-31', 'requirements': {}}]","[{'id': 967571, 'url': '', 'store': {'id': 5, 'name': 'GOG', 'slug': 'gog', 'domain': 'gog.com', 'games_count': 6713, 'image_background': 'https://media.rawg.io/media/games/5c0/5c0dd63002cb23f804aab327d40ef119.jpg'}}]","[{'id': 27093, 'name': 'Omnitrend Software', 'slug': 'omnitrend-software', 'games_count': 9, 'image_background': 'https://media.rawg.io/media/games/781/78147bbd2444a3c6e2525c72edd7118f.jpg'}]",[],"[{'id': 981, 'name': 'battle', 'slug': 'battle', 'language': 'eng', 'games_count': 10682, 'image_background': 'https://media.rawg.io/media/games/075/0753492cda7ee3c9bd4a3ca673fd0c8c.jpg'}, {'id': 1505, 'name': 'ship', 'slug': 'ship', 'language': 'eng', 'games_count': 2794, 'image_background': 'https://media.rawg.io/media/games/e74/e74458058b35e01c1ae3feeb39a3f724.jpg'}, {'id': 2405, 'name': 'planets', 'slug': 'planets', 'language': 'eng', 'games_count': 1502, 'image_background': 'https://media.rawg.io/media/screenshots/3ee/3ee8338dedc9dbe23f5557065a2fa7c6.jpg'}, {'id': 5512, 'name': 'business', 'slug': 'business', 'language': 'eng', 'games_count': 1633, 'image_background': 'https://media.rawg.io/media/screenshots/602/602d08d4e16ff4b37b57d609db59d3f6.jpg'}]","[{'id': 10382, 'name': 'Throwback Entertainment', 'slug': 'throwback-entertainment', 'games_count': 30, 'image_background': 'https://media.rawg.io/media/screenshots/d5d/d5d3b088dc053f9404ec568dc09187a6.jpg'}]",,,"The Local Group has been divided into two governments, the Federated Worlds (FW) and the United Democratic Planets (UDP). Although trade and travel continue between the two  governments, the situation is deteriorating rapidly.

Almost 8 years ago, you ""retired"" from the Federated Worlds Special Forces (FWSF), an organization whose function is to gather intelligence data and perform covert operations within the United Democratic Planets. Now you carry the personna of a free trader from Vromus Prime. Your cover is quite airtight. Occasionally, the FWSF provides you with money and special equipment, but only to send you out on a mission. Not all of your crew is even aware that you are anything else but a trader.

So during your travels and missions, you're going to have to earn a living.

Equip your ship and your crew and set out to the stars
Trade with alien species and battle pirates
Manage your business and complete your mission.",,2.0,,1.0,,,,,,,,,,,,,,,,,,,,0.0,
977001,gunship-gunship-2000,Gunship + Gunship 2000,Gunship + Gunship 2000,"ATARI PRESENTS is a series of titles geared toward the preservation of cult classics, forgotten favorites, and titles that would otherwise be lost to time. In the spirit of that, each ATARI PRESENTS title is presented unchanged from its original version other than providing the means to play them on modern hardware. Even the store description below is the very same language used to describe the title at the time of its release. Please enjoy!<h3>Gunship</h3><br/>Climb into the cockpit of America's most advanced helicopter: the AH-64 Apache-GUNSHIP. Race low and deadly over the treetops at 200m.p.h.. Then lock onto your target with Hellfire missiles and 30mm cannon as you deliver a powerful punch against the enemy! They'll retaliate with massive armored force but it's up to you and GUNSHIP to extinguish their threats and survive!<br/><br/><strong>GUNSHIP FEATURES INCLUDE:</strong><br/><ul><li>Full simulation of high-speed, low-level helicopter flight.<br/></li><li>Advanced high-tech weapons systems and instrumentation.<br/></li><li>Revolutionary 3-D graphics including all types of terrain.<br/></li><li>Hundreds of exciting missions in con gat hotspots around the world.<br/></li><li>Rewards for successful missions include medals and rank promotions,<br/></li><li>Comprehensive Flight Operations Manual and keyboard overlay.</li></ul><br/><strong><h3>Gunship 2000</h3></strong><br/><br/><strong>The All-New Multi-Helicopter Combat Simulation</strong><br/><br/>In the tradition of Gunship, the award-winning, best-selling simulation of the AH-64 Apache. Gunship 2000 gives you total command of a full multi-copter troop of America's most powerful and versatile rotor craft. You'll take charge of five copters on hundreds of combat missions in the Persian Gulf and Central Europe.<br/><br/><ul><li>Topographical 3-D Graphics portray low-altitude flight with uncanny realism.<br/></li><li>3 arenas in the Persian Gulf, 3 in Central Europe; each arena measures 800 square km.<br/></li><li>Multiple mission profiles.<br/></li><li>Selectable co-pilot controls.<br/></li><li>Digitized speech.<br/></li><li>Includes campaign game.</li></ul>",,[],1985-12-31,False,2024-02-16T15:15:52,https://media.rawg.io/media/screenshots/24b/24b6c5a0def552824163616fc5c3302b.jpg,https://media.rawg.io/media/screenshots/d23/d23b5216272215a26001b789ae9ff5d8.jpg,,0.0,0,[],2,0,10,0,0,0,0,,,,,0,0,0,0,0,154,[],,0,0,0,,0,0f0f0f,0f0f0f,"[{'platform': {'id': 1, 'name': 'PC', 'slug': 'pc'}}]","[{'platform': {'id': 4, 'name': 'PC', 'slug': 'pc', 'image': None, 'year_end': None, 'year_start': None, 'games_count': 547194, 'image_background': 'https://media.rawg.io/media/games/4be/4be6a6ad0364751a96229c56bf69be59.jpg'}, 'released_at': '1985-12-31', 'requirements': {'minimum': 'Minimum:\nOS *: Windows 7 or higher\nProcessor: 1.0 GHz Processor\nMemory: 512 MB RAM\nGraphics: DirectX compatible graphics\nStorage: 240 MB available space'}}]","[{'id': 977305, 'url': '', 'store': {'id': 5, 'name': 'GOG', 'slug': 'gog', 'domain': 'gog.com', 'games_count': 6713, 'image_background': 'https://media.rawg.io/media/games/5c0/5c0dd63002cb23f804aab327d40ef119.jpg'}}, {'id': 977273, 'url': '', 'store': {'id': 1, 'name': 'Steam', 'slug': 'steam', 'domain': 'store.steampowered.com', 'games_count': 110181, 'image_background': 'https://media.rawg.io/media/games/7fa/7fa0b586293c5861ee32490e953a4996.jpg'}}]","[{'id': 14511, 'name': 'MicroProse Software', 'slug': 'microprose-software', 'games_count': 122, 'image_background': 'https://media.rawg.io/media/screenshots/5e9/5e92af32e3cf118d0aa6a64acfd89ada.jpg'}, {'id': 11039, 'name': 'MPS Labs', 'slug': 'mps-labs', 'games_count': 25, 'image_background': 'https://media.rawg.io/media/screenshots/690/6904093b049c766b233e27eca8d62b68.jpg'}, {'id': 4804, 'name': 'Big Boat Interactive', 'slug': 'big-boat-interactive', 'games_count': 12, 'image_background': 'https://media.rawg.io/media/screenshots/521/5219148b16076e8a91e31810939f52f9_fOOD40g.jpg'}]","[{'id': 14, 'name': 'Simulation', 'slug': 'simulation', 'games_count': 73491, 'image_background': 'https://media.rawg.io/media/games/48c/48cb04ca483be865e3a83119c94e6097.jpg'}]","[{'id': 31, 'name': 'Singleplayer', 'slug': 'singleplayer', 'language': 'eng', 'games_count': 238404, 'image_background': 'https://media.rawg.io/media/games/26d/26d4437715bee60138dab4a7c8c59c92.jpg'}, {'id': 45, 'name': '2D', 'slug': '2d', 'language': 'eng', 'games_count': 202072, 'image_background': 'https://media.rawg.io/media/games/8ca/8ca40b562a755d6a0e30d48e6c74b178.jpg'}, {'id': 122, 'name': 'Pixel Graphics', 'slug': 'pixel-graphics', 'language': 'eng', 'games_count': 96617, 'image_background': 'https://media.rawg.io/media/games/ffe/ffed87105b14f5beff72ff44a7793fd5.jpg'}, {'id': 74, 'name': 'Retro', 'slug': 'retro', 'language': 'eng', 'games_count': 43195, 'image_background': 'https://media.rawg.io/media/games/e04/e04963f3ac4c4fa83a1dc0b9231e50db.jpg'}, {'id': 70, 'name': 'War', 'slug': 'war', 'language': 'eng', 'games_count': 9755, 'image_background': 'https://media.rawg.io/media/games/736/73619bd336c894d6941d926bfd563946.jpg'}, {'id': 81, 'name': 'Military', 'slug': 'military', 'language': 'eng', 'games_count': 2249, 'image_background': 'https://media.rawg.io/media/games/8bd/8bd24e3c15354a9555bb1437fe555a69.jpg'}, {'id': 243, 'name': ""1990's"", 'slug': '1990s', 'language': 'eng', 'games_count': 3376, 'image_background': 'https://media.rawg.io/media/games/a3f/a3fb21a739b6abf7ceee3dead89a73d7.jpg'}, {'id': 78, 'name': 'America', 'slug': 'america', 'language': 'eng', 'games_count': 843, 'image_background': 'https://media.rawg.io/media/games/511/5118aff5091cb3efec399c808f8c598f.jpg'}, {'id': 224, 'name': '1980s', 'slug': '1980s', 'language': 'eng', 'games_count': 3001, 'image_background': 'https://media.rawg.io/media/games/64a/64a7789943fe9f9d9c93f3a286ee7b20.jpg'}, {'id': 53, 'name': 'Flight', 'slug': 'flight', 'language': 'eng', 'games_count': 4586, 'image_background': 'https://media.rawg.io/media/games/0fc/0fc933e3dfbbf4306840ef429d73fa9a.jpg'}, {'id': 570, 'name': 'Old School', 'slug': 'old-school', 'language': 'eng', 'games_count': 4421, 'image_background': 'https://media.rawg.io/media/games/261/261f147b8cbe9fed2da8d81a1bb52d68.jpg'}]","[{'id': 1779, 'name': 'Atari', 'slug': 'atari', 'games_count': 507, 'image_background': 'https://media.rawg.io/media/games/d82/d82dbcf92ded452bf8c6fb1bbdd62e52.jpg'}]",,,"ATARI PRESENTS is a series of titles geared toward the preservation of cult classics, forgotten favorites, and titles that would otherwise be lost to time. In the spirit of that, each ATARI PRESENTS title is presented unchanged from its original version other than providing the means to play them on modern hardware. Even the store description below is the very same language used to describe the title at the time of its release. Please enjoy!Gunship
Climb into the cockpit of America's most advanced helicopter: the AH-64 Apache-GUNSHIP. Race low and deadly over the treetops at 200m.p.h.. Then lock onto your target with Hellfire missiles and 30mm cannon as you deliver a powerful punch against the enemy! They'll retaliate with massive armored force but it's up to you and GUNSHIP to extinguish their threats and survive!
GUNSHIP FEATURES INCLUDE:
Full simulation of high-speed, low-level helicopter flight.
Advanced high-tech weapons systems and instrumentation.
Revolutionary 3-D graphics including all types of terrain.
Hundreds of exciting missions in con gat hotspots around the world.
Rewards for successful missions include medals and rank promotions,
Comprehensive Flight Operations Manual and keyboard overlay.
Gunship 2000
The All-New Multi-Helicopter Combat Simulation
In the tradition of Gunship, the award-winning, best-selling simulation of the AH-64 Apache. Gunship 2000 gives you total command of a full multi-copter troop of America's most powerful and versatile rotor craft. You'll take charge of five copters on hundreds of combat missions in the Persian Gulf and Central Europe.
Topographical 3-D Graphics portray low-altitude flight with uncanny realism.
3 arenas in the Persian Gulf, 3 in Central Europe; each arena measures 800 square km.
Multiple mission profiles.
Selectable co-pilot controls.
Digitized speech.
Includes campaign game.",,2.0,,,,,,,,,,,,,,,,,,,,,,0.0,
466248,magic-madness,Magic Madness (itch),Magic Madness (itch),"<p>Magic Madness is a Action/Bootleg/Platformer 2D video game published by Colosoftwares released on 2000 for the NES.<br />
A port of the C64 game. It&#39;s said that the dev of the original game also made the NES version, but it ended up being somehow sold in bootleg cartridges as &quot;Magician&quot;.</p>",,[],1985-07-12,False,2025-01-09T14:17:28,https://media.rawg.io/media/games/ceb/ceb3d1e250a74dc772beeabba6808097.jpg,https://media.rawg.io/media/screenshots/4d3/4d3b273bc8b8f5c09f9cee2354c9650f.jpg,,0.0,0,[],0,0,5,0,1,0,0,,,,,0,0,0,0,0,156,['Magician'],,0,1,0,,0,0f0f0f,0f0f0f,"[{'platform': {'id': 7, 'name': 'Nintendo', 'slug': 'nintendo'}}, {'platform': {'id': 10, 'name': 'Commodore / Amiga', 'slug': 'commodore-amiga'}}]","[{'platform': {'id': 166, 'name': 'Commodore / Amiga', 'slug': 'commodore-amiga', 'image': None, 'year_end': None, 'year_start': None, 'games_count': 2083, 'image_background': 'https://media.rawg.io/media/games/cce/cce8bebe861f295003f5a9fe5b11233f.jpg'}, 'released_at': '1985-07-12', 'requirements': {}}, {'platform': {'id': 49, 'name': 'NES', 'slug': 'nes', 'image': None, 'year_end': None, 'year_start': None, 'games_count': 1015, 'image_background': 'https://media.rawg.io/media/games/7c5/7c50dd0415eb0a57505c58d4e50e4d24.jpg'}, 'released_at': '1985-07-12', 'requirements': {}}]",[],[],"[{'id': 4, 'name': 'Action', 'slug': 'action', 'games_count': 186608, 'image_background': 'https://media.rawg.io/media/games/618/618c2031a07bbff6b4f611f10b6bcdbc.jpg'}, {'id': 83, 'name': 'Platformer', 'slug': 'platformer', 'games_count': 100869, 'image_background': 'https://media.rawg.io/media/games/f8c/f8c6a262ead4c16b47e1219310210eb3.jpg'}]","[{'id': 45, 'name': '2D', 'slug': '2d', 'language': 'eng', 'games_count': 202072, 'image_background': 'https://media.rawg.io/media/games/8ca/8ca40b562a755d6a0e30d48e6c74b178.jpg'}, {'id': 460, 'name': 'Endless', 'slug': 'endless', 'language': 'eng', 'games_count': 14736, 'image_background': 'https://media.rawg.io/media/screenshots/b20/b20a30ae9d910d948a24ca234eb4553d.jpg'}, {'id': 1400, 'name': ""Game Maker's Toolkit Jam"", 'slug': 'game-makers-toolkit-jam', 'language': 'eng', 'games_count': 5925, 'image_background': 'https://media.rawg.io/media/screenshots/1b0/1b0d06cb0815cd8d207750160f5a0992.jpg'}]","[{'id': 11949, 'name': 'Artworx Software', 'slug': 'artworx-software', 'games_count': 6, 'image_background': 'https://media.rawg.io/media/screenshots/bc0/bc0631a26337155c55eec98fe80b2f9c.jpg'}]",,,"Magic Madness is a Action/Bootleg/Platformer 2D video game published by Colosoftwares released on 2000 for the NES.
A port of the C64 game. It's said that the dev of the original game also made the NES version, but it ended up being somehow sold in bootleg cartridges as ""Magician"".",,,,,,,,,,,,,,,,,,1.0,Everyone,everyone,,,,0.0,
