id,slug,name,name_original,description,metacritic,metacritic_platforms,released,tba,updated,background_image,background_image_additional,website,rating,rating_top,ratings,added,playtime,screenshots_count,movies_count,creators_count,achievements_count,parent_achievements_count,reddit_url,reddit_name,reddit_description,reddit_logo,reddit_count,twitch_count,youtube_count,reviews_text_count,ratings_count,suggestions_count,alternative_names,metacritic_url,parents_count,additions_count,game_series_count,user_game,reviews_count,saturated_color,dominant_color,parent_platforms,platforms,stores,developers,genres,tags,publishers,esrb_rating,clip,description_raw,added_by_status.yet,added_by_status.owned,added_by_status.beaten,added_by_status.toplay,added_by_status.dropped,reactions.1,reactions.2,reactions.4,reactions.7,reactions.9,reactions.10,added_by_status.playing,reactions.21,reactions.19,reactions.16,esrb_rating.id,esrb_rating.name,esrb_rating.slug,reactions,reactions.8,reactions.18,community_rating,reactions.6,added_by_status
2970,the-lords-of-midnight,The Lords of Midnight,The Lords of Midnight,"<p>Mike Singleton&#39;s &#39;84 classic Adventure Strategy game, brought to and updated for iOS.<br />
&quot;The Lords of Midnight is not simply an adventure game nor simply a war game. It was really a new type that became known as an epic game, for as you play the Lords of Midnight you will be writing a new chapter in the history of the peoples of the Free.<br />
You will guide individual characters across the land of Midnight on vital quests but you will also command armies that must endeavour to hold back the foul hordes of Doomdark, the witch king. Yours will be no inevitable victory.&quot; - Mike Singleton 1984<br />
&quot;Lords of Midnight does story-based, large-scope, high-fantasy warfare better than most titles I can think of, iOS or otherwise.&quot;<br />
- Rating 4/5- PocketTactics.com<br />
&quot;This is an outstanding remake and developer Chris Wild, should feel very proud of creating such a superb celebration of the man’s work.&quot;<br />
- Rating 8/10 - Metro<br />
&quot;#1 - Top 5 iPhone and iPad games of the week&quot;<br />
- AppMyWorld.com<br />
&quot;If you&#39;re interested in classic games, especially fantasy and/or strategy games, Lords of Midnight is a must-have.&quot;<br />
-  Rating 4/5 - TouchArcade.com<br />
&quot;App of the Year!&quot;<br />
- Rating 5/5, Mirror.co.uk<br />
&quot;It&#39;s an unmissable remake. Few titles weather the storms of time as well as this solid-gold classic.&quot;<br />
- Rating 4/5 - PocketGamer.co.uk<br />
&quot;A must own title; pure genius and extremely entertaining. Recommended.&quot;<br />
- Rating 98/100 - Arcade Life<br />
“Made of extremely bright colors and clean lines, a stylistic choice that was and still is very original.”<br />
– Multiplayer.it<br />
&quot;Despite the perfectly adapted touch controls and crisp graphic presentation, this is a proper 1980s they-don’t-make-’em-like-they-used-to game&quot;<br />
- PocketTactics.com<br />
&quot;#3 - Top 10 iPad games and apps of December 2012&quot;<br />
- QualityIndex.com<br />
&quot;If you love a game, love the game’s creator and want to produce an updated tribute – here’s your benchmark. Almost thirty years old and yet it feels fresh, relevant and completely at home on a touch screen. Recommended without reservation – so good it makes me want to cry.&quot;<br />
- Arcade Life<br />
&quot;Original, longed for and a perfect adaptation of a legendary game. Unlike those Spectrum conversions that are strictly for nostalgia lovers, Chris Wild’s Lords of Midnight will enthrall any gamer who thinks he has what it takes for a true battle of wits where only the most brilliant commanders will survive.&quot;<br />
- Louise Mensch, Mirror.co.uk<br />
&quot;Lords of Midnight is an experience that everybody with a remote interest in games should have, buying into your characters and developing your own war stories is a wonderful thing. It is a game with hidden depths that deserve to be plumbed and I cannot recommend it enough.&quot;<br />
- KoruCottage.com<br />
iOS Best Port/Retro Gamer of the Year&quot;<br />
- Arcade Life<br />
Please check out www.thelordsofmidnight.com/blog for news on updates and new features to come...<br />
<strong> PLEASE NOTE </strong><br />
You need iBooks installed to read the Novella.</p>",,[],1984-01-01,False,2025-04-14T21:28:15,https://media.rawg.io/media/screenshots/f64/f64fc102b850732764dfd7c29cca3429.jpg,https://media.rawg.io/media/screenshots/259/2597c9b0bf71da563453c23bf2b514b2.jpg,,1.76,1,"[{'id': 1, 'title': 'skip', 'count': 28, 'percent': 68.29}, {'id': 3, 'title': 'meh', 'count': 8, 'percent': 19.51}, {'id': 4, 'title': 'recommended', 'count': 5, 'percent': 12.2}]",1341,1,26,0,3,0,0,,,,,0,0,51806,0,41,171,[],,0,0,0,,41,0f0f0f,0f0f0f,"[{'platform': {'id': 1, 'name': 'PC', 'slug': 'pc'}}, {'platform': {'id': 4, 'name': 'iOS', 'slug': 'ios'}}, {'platform': {'id': 8, 'name': 'Android', 'slug': 'android'}}, {'platform': {'id': 5, 'name': 'Apple Macintosh', 'slug': 'mac'}}, {'platform': {'id': 10, 'name': 'Commodore / Amiga', 'slug': 'commodore-amiga'}}]","[{'platform': {'id': 3, 'name': 'iOS', 'slug': 'ios', 'image': None, 'year_end': None, 'year_start': None, 'games_count': 77392, 'image_background': 'https://media.rawg.io/media/games/5fa/5fae5fec3c943179e09da67a4427d68f.jpg'}, 'released_at': '1984-01-01', 'requirements': {'minimum': 'iPhone 4, iPad 2 Wifi, iPad 2 3G, iPhone 4S, iPad Third Gen, iPad Third Gen 4G, iPhone 5, iPod Touch Fifth Gen, iPad Fourth Gen, iPad Fourth Gen 4G, iPad Mini, iPad Mini 4G, iPhone 5c, iPhone 5s, iPad Air, iPad Air Cellular, iPad Mini Retina, iPad Mini Retina Cellular, iPhone 6, iPhone 6 Plus, iPad Air 2, iPad Air 2 Cellular, iPad Mini 3, iPad Mini 3 Cellular, iPod Touch Sixth Gen, iPhone 6s, iPhone 6s Plus, iPad Mini 4, iPad Mini 4 Cellular, iPad Pro, iPad Pro Cellular, iPad Pro 9.7, iPad Pro 9.7 Cellular, iPhone SE, iPhone 7, iPhone 7 Plus, iPad 6 1 1, iPad 6 1 2, iPad 7 1, iPad 7 2, iPad 7 3, iPad 7 4, iPhone 8, iPhone 8 Plus, iPhone X, iPad 7 5, iPad 7 6, iPhone X S, iPhone X S Max, iPhone X R, iPad 8 1 2, iPad 8 3 4, iPad 8 5 6, iPad 8 7 8, iPad Mini 5, iPad Mini 5 Cellular, iPad Air 3, iPad Air 3 Cellular, iPod Touch Seventh Gen, iPhone 1 1, iPhone 1 1 Pro, iPad Seventh Gen, iPad Seventh Gen Cellular, iPhone 1 1 Pro Max'}}, {'platform': {'id': 4, 'name': 'PC', 'slug': 'pc', 'image': None, 'year_end': None, 'year_start': None, 'games_count': 547196, 'image_background': 'https://media.rawg.io/media/games/6fc/6fcf4cd3b17c288821388e6085bb0fc9.jpg'}, 'released_at': '1984-01-01', 'requirements': {'minimum': 'Windows XP / Vista / 7 / 8 / 10, 1.6 GHz Processor, 256 MB RAM (512 MB recommended), 3D graphics card compatible with DirectX 9, 300 MB HDD, Mouse, Keyboard.'}}, {'platform': {'id': 5, 'name': 'macOS', 'slug': 'macos', 'image': None, 'year_end': None, 'year_start': None, 'games_count': 106181, 'image_background': 'https://media.rawg.io/media/games/6fc/6fcf4cd3b17c288821388e6085bb0fc9.jpg'}, 'released_at': '1984-01-01', 'requirements': {'minimum': 'OS X 10.7.5 or later.'}}, {'platform': {'id': 21, 'name': 'Android', 'slug': 'android', 'image': None, 'year_end': None, 'year_start': None, 'games_count': 52427, 'image_background': 'https://media.rawg.io/media/games/198/1988a337305e008b41d7f536ce9b73f6.jpg'}, 'released_at': '1984-01-01', 'requirements': {'minimum': '2.1 and up'}}, {'platform': {'id': 55, 'name': 'Classic Macintosh', 'slug': 'macintosh', 'image': None, 'year_end': None, 'year_start': None, 'games_count': 675, 'image_background': 'https://media.rawg.io/media/games/38a/38af969459ad6e5de116ec8a4a84218c.jpg'}, 'released_at': '1984-01-01', 'requirements': {}}, {'platform': {'id': 166, 'name': 'Commodore / Amiga', 'slug': 'commodore-amiga', 'image': None, 'year_end': None, 'year_start': None, 'games_count': 2083, 'image_background': 'https://media.rawg.io/media/games/cce/cce8bebe861f295003f5a9fe5b11233f.jpg'}, 'released_at': '1984-01-01', 'requirements': {}}]","[{'id': 3133, 'url': '', 'store': {'id': 4, 'name': 'App Store', 'slug': 'apple-appstore', 'domain': 'apps.apple.com', 'games_count': 75582, 'image_background': 'https://media.rawg.io/media/games/0bd/0bd5646a3d8ee0ac3314bced91ea306d.jpg'}}, {'id': 26056, 'url': '', 'store': {'id': 5, 'name': 'GOG', 'slug': 'gog', 'domain': 'gog.com', 'games_count': 6713, 'image_background': 'https://media.rawg.io/media/games/5c0/5c0dd63002cb23f804aab327d40ef119.jpg'}}, {'id': 40525, 'url': '', 'store': {'id': 8, 'name': 'Google Play', 'slug': 'google-play', 'domain': 'play.google.com', 'games_count': 17110, 'image_background': 'https://media.rawg.io/media/games/aa3/aa36ba4b486a03ddfaef274fb4f5afd4.jpg'}}]","[{'id': 133672, 'name': 'Chilli Hugger Software', 'slug': 'chilli-hugger-software', 'games_count': 1, 'image_background': ''}]","[{'id': 3, 'name': 'Adventure', 'slug': 'adventure', 'games_count': 146481, 'image_background': 'https://media.rawg.io/media/games/b6b/b6b20bfc4b34e312dbc8aac53c95a348.jpg'}, {'id': 5, 'name': 'RPG', 'slug': 'role-playing-games-rpg', 'games_count': 59370, 'image_background': 'https://media.rawg.io/media/games/f6b/f6bed028b02369d4cab548f4f9337e81.jpg'}, {'id': 10, 'name': 'Strategy', 'slug': 'strategy', 'games_count': 59661, 'image_background': 'https://media.rawg.io/media/games/08b/08b2eee52a9876a48b955e5149affe5b.jpg'}]","[{'id': 31, 'name': 'Singleplayer', 'slug': 'singleplayer', 'language': 'eng', 'games_count': 238404, 'image_background': 'https://media.rawg.io/media/games/26d/26d4437715bee60138dab4a7c8c59c92.jpg'}, {'id': 468, 'name': 'role-playing', 'slug': 'role-playing', 'language': 'eng', 'games_count': 1621, 'image_background': 'https://media.rawg.io/media/games/14a/14a83c56ff668baaced6e8c8704b6391.jpg'}]","[{'id': 10943, 'name': 'MINDSCAPE', 'slug': 'mindscape', 'games_count': 108, 'image_background': 'https://media.rawg.io/media/screenshots/0b1/0b12ddf58af6047922a20dd0d310ad18.jpg'}, {'id': 11758, 'name': 'Domark', 'slug': 'domark', 'games_count': 43, 'image_background': 'https://media.rawg.io/media/screenshots/a86/a861b4dbb312cce0e8c58e4b6e6ce142.jpg'}, {'id': 19981, 'name': 'Beyond Software', 'slug': 'beyond-software', 'games_count': 4, 'image_background': 'https://media.rawg.io/media/screenshots/f64/f64fc102b850732764dfd7c29cca3429.jpg'}, {'id': 19775, 'name': 'Amsoft', 'slug': 'amsoft', 'games_count': 3, 'image_background': 'https://media.rawg.io/media/screenshots/6ce/6ce73bd2347fd7bd6a4de06619cd29fa.jpg'}, {'id': 10329, 'name': 'Chilli Hugger Software', 'slug': 'chilli-hugger-software', 'games_count': 3, 'image_background': 'https://media.rawg.io/media/screenshots/50a/50a9a4ecdfc1cd4a303da493ca88f5c3.jpg'}]",,,"Mike Singleton's '84 classic Adventure Strategy game, brought to and updated for iOS.
""The Lords of Midnight is not simply an adventure game nor simply a war game. It was really a new type that became known as an epic game, for as you play the Lords of Midnight you will be writing a new chapter in the history of the peoples of the Free.
You will guide individual characters across the land of Midnight on vital quests but you will also command armies that must endeavour to hold back the foul hordes of Doomdark, the witch king. Yours will be no inevitable victory."" - Mike Singleton 1984
""Lords of Midnight does story-based, large-scope, high-fantasy warfare better than most titles I can think of, iOS or otherwise.""
- Rating 4/5- PocketTactics.com
""This is an outstanding remake and developer Chris Wild, should feel very proud of creating such a superb celebration of the man’s work.""
- Rating 8/10 - Metro
""#1 - Top 5 iPhone and iPad games of the week""
- AppMyWorld.com
""If you're interested in classic games, especially fantasy and/or strategy games, Lords of Midnight is a must-have.""
-  Rating 4/5 - TouchArcade.com
""App of the Year!""
- Rating 5/5, Mirror.co.uk
""It's an unmissable remake. Few titles weather the storms of time as well as this solid-gold classic.""
- Rating 4/5 - PocketGamer.co.uk
""A must own title; pure genius and extremely entertaining. Recommended.""
- Rating 98/100 - Arcade Life
“Made of extremely bright colors and clean lines, a stylistic choice that was and still is very original.”
– Multiplayer.it
""Despite the perfectly adapted touch controls and crisp graphic presentation, this is a proper 1980s they-don’t-make-’em-like-they-used-to game""
- PocketTactics.com
""#3 - Top 10 iPad games and apps of December 2012""
- QualityIndex.com
""If you love a game, love the game’s creator and want to produce an updated tribute – here’s your benchmark. Almost thirty years old and yet it feels fresh, relevant and completely at home on a touch screen. Recommended without reservation – so good it makes me want to cry.""
- Arcade Life
""Original, longed for and a perfect adaptation of a legendary game. Unlike those Spectrum conversions that are strictly for nostalgia lovers, Chris Wild’s Lords of Midnight will enthrall any gamer who thinks he has what it takes for a true battle of wits where only the most brilliant commanders will survive.""
- Louise Mensch, Mirror.co.uk
""Lords of Midnight is an experience that everybody with a remote interest in games should have, buying into your characters and developing your own war stories is a wonderful thing. It is a game with hidden depths that deserve to be plumbed and I cannot recommend it enough.""
- KoruCottage.com
iOS Best Port/Retro Gamer of the Year""
- Arcade Life
Please check out www.thelordsofmidnight.com/blog for news on updates and new features to come...
** PLEASE NOTE **
You need iBooks installed to read the Novella.",110.0,1216.0,2.0,4.0,9.0,,,,,,,,,,,,,,,,,,,
52623,tetris-1984,Tetris (1984),Tetris (1984),"<p>Tetris (Russian: Тетрис [ˈtɛtrʲɪs]) is a tile-matching puzzle video game, originally designed and programmed by Russian game designer Alexey Pajitnov. It was released on June 6, 1984, while he was working for the Dorodnitsyn Computing Centre of the Academy of Science of the Soviet Union in Moscow. He derived its name from the Greek numerical prefix tetra- (all of the game&#39;s pieces contain four segments) and tennis, Pajitnov&#39;s favorite sport.<br />
Tetris was the first entertainment software to be exported from the Soviet Union to the US, where it was published by Spectrum HoloByte for Commodore 64 and IBM PC. The Tetris game is a popular use of tetrominoes, the four-element special case of polyominoes. Polyominoes have been used in popular puzzles since at least 1907, and the name was given by the mathematician Solomon W. Golomb in 1953. However, even the enumeration of pentominoes is dated to antiquity.<br />
The game (or one of its many variants) is available for nearly every video game console and computer operating system, as well as on devices such as graphing calculators, mobile phones, portable media players, PDAs, Network music players and even as an Easter egg on non-media products like oscilloscopes. It has even inspired Tetris serving dishes and been played on the sides of various buildings.<br />
While versions of Tetris were sold for a range of 1980s home computer platforms as well as arcades, it was the hugely successful handheld version for the Game Boy launched in 1989 that established the game as one of the most popular ever. Electronic Gaming Monthly&#39;s 100th issue had Tetris in first place as &quot;Greatest Game of All Time&quot;. In 2007, Tetris came in second place in IGN&#39;s &quot;100 Greatest Video Games of All Time&quot;. In January 2010, it was announced that the Tetris franchise had sold more than 170 million copies, approximately 70 million physical copies and over 100 million copies for cell phones, making it the best selling paid-downloaded game of all time. On 14 March 2014, The Tetris Company announced a deal to bring Tetris to two of the latest hardware platforms, the Xbox One and PlayStation 4, in partnership with Ubisoft (publishing) and SoMa Play (development), to coincide with the franchise&#39;s 30th anniversary.</p>",,[],1984-06-06,False,2025-04-15T19:40:55,https://media.rawg.io/media/games/637/637d7dc2f44d0f6ddd3ee2c0b1366962.jpg,https://media.rawg.io/media/screenshots/01a/01af6eefc1c029fa7eb6c87fa6da4a39.jpg,https://tetris.com,4.37,5,"[{'id': 5, 'title': 'exceptional', 'count': 191, 'percent': 57.36}, {'id': 4, 'title': 'recommended', 'count': 107, 'percent': 32.13}, {'id': 3, 'title': 'meh', 'count': 19, 'percent': 5.71}, {'id': 1, 'title': 'skip', 'count': 16, 'percent': 4.8}]",620,0,5,0,21,0,0,,,,,0,0,51171,2,331,134,['Тетрис'],,0,0,0,,333,0f0f0f,0f0f0f,"[{'platform': {'id': 7, 'name': 'Nintendo', 'slug': 'nintendo'}}, {'platform': {'id': 9, 'name': 'Atari', 'slug': 'atari'}}, {'platform': {'id': 10, 'name': 'Commodore / Amiga', 'slug': 'commodore-amiga'}}, {'platform': {'id': 11, 'name': 'SEGA', 'slug': 'sega'}}]","[{'platform': {'id': 23, 'name': 'Atari 2600', 'slug': 'atari-2600', 'image': None, 'year_end': None, 'year_start': None, 'games_count': 294, 'image_background': 'https://media.rawg.io/media/screenshots/ff6/ff623993a854663931c1e78d72a16a5a.jpg'}, 'released_at': '1984-06-06', 'requirements': {}}, {'platform': {'id': 34, 'name': 'Atari ST', 'slug': 'atari-st', 'image': None, 'year_end': None, 'year_start': None, 'games_count': 836, 'image_background': 'https://media.rawg.io/media/games/637/637d7dc2f44d0f6ddd3ee2c0b1366962.jpg'}, 'released_at': '1984-06-06', 'requirements': {}}, {'platform': {'id': 49, 'name': 'NES', 'slug': 'nes', 'image': None, 'year_end': None, 'year_start': None, 'games_count': 1015, 'image_background': 'https://media.rawg.io/media/games/7c5/7c50dd0415eb0a57505c58d4e50e4d24.jpg'}, 'released_at': '1984-06-06', 'requirements': {}}, {'platform': {'id': 79, 'name': 'SNES', 'slug': 'snes', 'image': None, 'year_end': None, 'year_start': None, 'games_count': 982, 'image_background': 'https://media.rawg.io/media/games/087/08727beb32c364d30e8b2a1aa8595f8e.jpg'}, 'released_at': '1984-06-06', 'requirements': {}}, {'platform': {'id': 166, 'name': 'Commodore / Amiga', 'slug': 'commodore-amiga', 'image': None, 'year_end': None, 'year_start': None, 'games_count': 2083, 'image_background': 'https://media.rawg.io/media/games/cce/cce8bebe861f295003f5a9fe5b11233f.jpg'}, 'released_at': '1984-06-06', 'requirements': {}}, {'platform': {'id': 167, 'name': 'Genesis', 'slug': 'genesis', 'image': None, 'year_end': None, 'year_start': None, 'games_count': 849, 'image_background': 'https://media.rawg.io/media/screenshots/180/180b5f6e5d8c770bbbf941b9875046b6.jpg'}, 'released_at': '1984-06-06', 'requirements': {}}, {'platform': {'id': 26, 'name': 'Game Boy', 'slug': 'game-boy', 'image': None, 'year_end': None, 'year_start': None, 'games_count': 617, 'image_background': 'https://media.rawg.io/media/games/057/0573c1c9e1f2414c1f4acabe86ee9fd9.jpg'}, 'released_at': '1984-06-06', 'requirements': {}}]",[],"[{'id': 26012, 'name': 'Various', 'slug': 'various', 'games_count': 4, 'image_background': 'https://media.rawg.io/media/screenshots/72c/72c8ed772cb73bad06a313551749e8ad.jpg'}, {'id': 26010, 'name': 'Alexey Pajitnov', 'slug': 'alexey-pajitnov', 'games_count': 1, 'image_background': 'https://media.rawg.io/media/screenshots/992/99238687732e1041cf82dedd038c91aa.jpg'}, {'id': 26011, 'name': 'Vadim Gerasimov', 'slug': 'vadim-gerasimov', 'games_count': 1, 'image_background': 'https://media.rawg.io/media/screenshots/992/99238687732e1041cf82dedd038c91aa.jpg'}]","[{'id': 7, 'name': 'Puzzle', 'slug': 'puzzle', 'games_count': 97333, 'image_background': 'https://media.rawg.io/media/games/9f4/9f418898f5415668ca47b5f4ab1ecfeb.jpg'}]","[{'id': 31, 'name': 'Singleplayer', 'slug': 'singleplayer', 'language': 'eng', 'games_count': 238404, 'image_background': 'https://media.rawg.io/media/games/26d/26d4437715bee60138dab4a7c8c59c92.jpg'}, {'id': 7, 'name': 'Multiplayer', 'slug': 'multiplayer', 'language': 'eng', 'games_count': 40505, 'image_background': 'https://media.rawg.io/media/games/021/021c4e21a1824d2526f925eff6324653.jpg'}]","[{'id': 3408, 'name': 'SEGA', 'slug': 'sega-2', 'games_count': 1262, 'image_background': 'https://media.rawg.io/media/games/be9/be9cf02720c9326e11d0fda14518554f.jpg'}, {'id': 10681, 'name': 'Nintendo', 'slug': 'nintendo', 'games_count': 1235, 'image_background': 'https://media.rawg.io/media/games/dd1/dd167cf8753db3748a975d61cc926e54.jpg'}, {'id': 11453, 'name': 'Infogrames', 'slug': 'infogrames', 'games_count': 229, 'image_background': 'https://media.rawg.io/media/games/5b4/5b4af50ce68cf94dcab24f3dba33eaab.jpg'}, {'id': 19502, 'name': 'small', 'slug': 'small', 'games_count': 17, 'image_background': 'https://media.rawg.io/media/games/9bb/9bbb72dd4de1aa68539e5837b91af8f5.jpg'}, {'id': 19507, 'name': 'Infogrames Entertainment', 'slug': 'infogrames-entertainment', 'games_count': 69, 'image_background': 'https://media.rawg.io/media/games/5f0/5f0b74340b3ad2ecd1d5af26a4e8d7b8.jpg'}, {'id': 19511, 'name': 'Philips', 'slug': 'philips', 'games_count': 6, 'image_background': 'https://media.rawg.io/media/screenshots/8a8/8a8d169cee81ef9e14421e56ce15ff22.jpg'}, {'id': 12092, 'name': 'Mirrorsoft', 'slug': 'mirrorsoft', 'games_count': 32, 'image_background': 'https://media.rawg.io/media/screenshots/dc4/dc41719cdc3e2d85103ccde3d6ca976e.jpg'}, {'id': 11891, 'name': 'Spectrum Holobyte', 'slug': 'spectrum-holobyte', 'games_count': 21, 'image_background': 'https://media.rawg.io/media/screenshots/f5d/f5d764bd8c8999bd6f4348b7f3dd6681.jpg'}, {'id': 19506, 'name': 'Tandy', 'slug': 'tandy', 'games_count': 2, 'image_background': 'https://media.rawg.io/media/games/637/637d7dc2f44d0f6ddd3ee2c0b1366962.jpg'}, {'id': 19505, 'name': 'Various', 'slug': 'various', 'games_count': 2, 'image_background': 'https://media.rawg.io/media/screenshots/992/99238687732e1041cf82dedd038c91aa.jpg'}, {'id': 19509, 'name': 'Bullet-Proof Software', 'slug': 'bullet-proof-software', 'games_count': 7, 'image_background': 'https://media.rawg.io/media/screenshots/9e5/9e57c4e5b38e6ee6605906edd9d4b4b2.jpg'}, {'id': 19503, 'name': '(NES)', 'slug': 'nes', 'games_count': 2, 'image_background': 'https://media.rawg.io/media/screenshots/992/99238687732e1041cf82dedd038c91aa.jpg'}, {'id': 19510, 'name': 'AcademySoft', 'slug': 'academysoft', 'games_count': 2, 'image_background': 'https://media.rawg.io/media/games/b70/b70d3c292ad7db2b3457bf0a17e2e886.jpg'}, {'id': 19512, 'name': '(MS-DOS)', 'slug': 'ms-dos', 'games_count': 1, 'image_background': 'https://media.rawg.io/media/screenshots/992/99238687732e1041cf82dedd038c91aa.jpg'}, {'id': 19501, 'name': '(AC/MD)', 'slug': 'acmd', 'games_count': 1, 'image_background': 'https://media.rawg.io/media/screenshots/992/99238687732e1041cf82dedd038c91aa.jpg'}, {'id': 19504, 'name': 'W!Games', 'slug': 'wgames', 'games_count': 1, 'image_background': 'https://media.rawg.io/media/screenshots/992/99238687732e1041cf82dedd038c91aa.jpg'}, {'id': 19508, 'name': '(Home computers)', 'slug': 'home-computers', 'games_count': 1, 'image_background': 'https://media.rawg.io/media/screenshots/992/99238687732e1041cf82dedd038c91aa.jpg'}]",,,"Tetris (Russian: Тетрис [ˈtɛtrʲɪs]) is a tile-matching puzzle video game, originally designed and programmed by Russian game designer Alexey Pajitnov. It was released on June 6, 1984, while he was working for the Dorodnitsyn Computing Centre of the Academy of Science of the Soviet Union in Moscow. He derived its name from the Greek numerical prefix tetra- (all of the game's pieces contain four segments) and tennis, Pajitnov's favorite sport.
Tetris was the first entertainment software to be exported from the Soviet Union to the US, where it was published by Spectrum HoloByte for Commodore 64 and IBM PC. The Tetris game is a popular use of tetrominoes, the four-element special case of polyominoes. Polyominoes have been used in popular puzzles since at least 1907, and the name was given by the mathematician Solomon W. Golomb in 1953. However, even the enumeration of pentominoes is dated to antiquity.
The game (or one of its many variants) is available for nearly every video game console and computer operating system, as well as on devices such as graphing calculators, mobile phones, portable media players, PDAs, Network music players and even as an Easter egg on non-media products like oscilloscopes. It has even inspired Tetris serving dishes and been played on the sides of various buildings.
While versions of Tetris were sold for a range of 1980s home computer platforms as well as arcades, it was the hugely successful handheld version for the Game Boy launched in 1989 that established the game as one of the most popular ever. Electronic Gaming Monthly's 100th issue had Tetris in first place as ""Greatest Game of All Time"". In 2007, Tetris came in second place in IGN's ""100 Greatest Video Games of All Time"". In January 2010, it was announced that the Tetris franchise had sold more than 170 million copies, approximately 70 million physical copies and over 100 million copies for cell phones, making it the best selling paid-downloaded game of all time. On 14 March 2014, The Tetris Company announced a deal to bring Tetris to two of the latest hardware platforms, the Xbox One and PlayStation 4, in partnership with Ubisoft (publishing) and SoMa Play (development), to coincide with the franchise's 30th anniversary.",7.0,205.0,202.0,22.0,170.0,2.0,1.0,2.0,1.0,1.0,1.0,14.0,,,,,,,,,,,,
53803,duck-hunt-1984,Duck Hunt (1984),Duck Hunt (1984),"<p>Duck Hunt (Japanese: ダックハント, Hepburn: Dakku Hanto) is a light gun shooter video game developed and published by Nintendo for the Nintendo Entertainment System (NES) video game console. First released in Japan on April 21, 1984, it was later released on October 18, 1985 in North America as a launch game for the NES, and on August 15, 1987 in Europe. The game was released as a Virtual Console title for the Wii U in 2014.<br />
In Duck Hunt, players use the NES Zapper to shoot ducks that appear on the television screen. The ducks appear one or two at a time, and the player is given three shots to shoot them down. The player receives points upon shooting each duck. If the player shoots the required number of ducks in a single round, the player will advance to the next round; otherwise, the player will receive a game over.<br />
The game initially received few reviews, but was given mild critical praise and elicited a positive gamer reaction. Prior to the NES version, Nintendo also made a Duck Hunt game based on Laser Clay Shooting System released in 1976. It was later a pack-in game, paired with Super Mario Bros.; the pack later also included World Class Track Meet.</p>",,[],1984-04-21,False,2025-04-11T17:57:00,https://media.rawg.io/media/games/6d6/6d64669142fd714483c54bd37c79bc33.jpg,https://media.rawg.io/media/screenshots/aa7/aa7d436d3c01d130f64aa438d3c0b775.jpg,,3.99,4,"[{'id': 4, 'title': 'recommended', 'count': 117, 'percent': 62.57}, {'id': 5, 'title': 'exceptional', 'count': 40, 'percent': 21.39}, {'id': 3, 'title': 'meh', 'count': 24, 'percent': 12.83}, {'id': 1, 'title': 'skip', 'count': 6, 'percent': 3.21}]",409,5,16,0,6,0,0,,,,,0,0,22283,2,185,171,"['vs. Duck Hunt', 'ダックハント']",,0,0,0,,187,0f0f0f,0f0f0f,"[{'platform': {'id': 7, 'name': 'Nintendo', 'slug': 'nintendo'}}]","[{'platform': {'id': 49, 'name': 'NES', 'slug': 'nes', 'image': None, 'year_end': None, 'year_start': None, 'games_count': 1015, 'image_background': 'https://media.rawg.io/media/games/7c5/7c50dd0415eb0a57505c58d4e50e4d24.jpg'}, 'released_at': '1984-04-21', 'requirements': {}}, {'platform': {'id': 10, 'name': 'Wii U', 'slug': 'wii-u', 'image': None, 'year_end': None, 'year_start': None, 'games_count': 1114, 'image_background': 'https://media.rawg.io/media/games/85c/85c8ae70e7cdf0105f06ef6bdce63b8b.jpg'}, 'released_at': '1984-04-21', 'requirements': {}}]","[{'id': 49374, 'url': '', 'store': {'id': 6, 'name': 'Nintendo Store', 'slug': 'nintendo', 'domain': 'nintendo.com', 'games_count': 9128, 'image_background': 'https://media.rawg.io/media/games/fc1/fc1307a2774506b5bd65d7e8424664a7.jpg'}}]","[{'id': 16257, 'name': 'Nintendo', 'slug': 'nintendo', 'games_count': 426, 'image_background': 'https://media.rawg.io/media/games/d9c/d9c8b7edc78391619566adfeb52b5a9a.jpg'}]","[{'id': 15, 'name': 'Sports', 'slug': 'sports', 'games_count': 22123, 'image_background': 'https://media.rawg.io/media/games/5eb/5eb49eb2fa0738fdb5bacea557b1bc57.jpg'}]","[{'id': 31, 'name': 'Singleplayer', 'slug': 'singleplayer', 'language': 'eng', 'games_count': 238404, 'image_background': 'https://media.rawg.io/media/games/26d/26d4437715bee60138dab4a7c8c59c92.jpg'}, {'id': 7, 'name': 'Multiplayer', 'slug': 'multiplayer', 'language': 'eng', 'games_count': 40505, 'image_background': 'https://media.rawg.io/media/games/021/021c4e21a1824d2526f925eff6324653.jpg'}, {'id': 8, 'name': 'First-Person', 'slug': 'first-person', 'language': 'eng', 'games_count': 34702, 'image_background': 'https://media.rawg.io/media/games/8e4/8e4de3f54ac659e08a7ba6a2b731682a.jpg'}, {'id': 351, 'name': 'Two-player', 'slug': 'two-player', 'language': 'eng', 'games_count': 272, 'image_background': 'https://media.rawg.io/media/screenshots/1c1/1c1c7ba1dc364dc71e522acd045aa428.jpg'}]","[{'id': 10681, 'name': 'Nintendo', 'slug': 'nintendo', 'games_count': 1235, 'image_background': 'https://media.rawg.io/media/games/dd1/dd167cf8753db3748a975d61cc926e54.jpg'}]",,,"Duck Hunt (Japanese: ダックハント, Hepburn: Dakku Hanto) is a light gun shooter video game developed and published by Nintendo for the Nintendo Entertainment System (NES) video game console. First released in Japan on April 21, 1984, it was later released on October 18, 1985 in North America as a launch game for the NES, and on August 15, 1987 in Europe. The game was released as a Virtual Console title for the Wii U in 2014.
In Duck Hunt, players use the NES Zapper to shoot ducks that appear on the television screen. The ducks appear one or two at a time, and the player is given three shots to shoot them down. The player receives points upon shooting each duck. If the player shoots the required number of ducks in a single round, the player will advance to the next round; otherwise, the player will receive a game over.
The game initially received few reviews, but was given mild critical praise and elicited a positive gamer reaction. Prior to the NES version, Nintendo also made a Duck Hunt game based on Laser Clay Shooting System released in 1976. It was later a pack-in game, paired with Super Mario Bros.; the pack later also included World Class Track Meet.",6.0,105.0,135.0,20.0,140.0,,,,,,,3.0,1.0,,,,,,,,,,,
25116,excitebike,Excitebike,Excitebike,"<p>Face crazy curves, hairpin turns, and daredevil jumps as you race toward<br />
the checkered flag and the Excitebike championship. Race against the<br />
clock or challenge an opponent. You must keep your bearings as you fly<br />
through the air and avoid getting clipped by other racers. Stay cool<br />
under pressure, or your bike will overheat. If you get tired of racing<br />
on the circuit, create your own course in Design mode. There you have<br />
access to all the ramps, mounds, bridges, and other obstacles Excitebike<br />
has to offer!<br />
This classic game is part of the Virtual Console service, which brings you great games created for consoles such as NES™, Super NES™ and Game Boy™ Advance. We hope you&#39;ll enjoy the new features (including off-TV play) that have been added to this title. See more Virtual Console games for Wii U.</p>",,[],1984-11-30,False,2025-04-11T17:16:07,https://media.rawg.io/media/games/06b/06b7eb5af472faf07961a9c0e60ed2b7.jpg,https://media.rawg.io/media/screenshots/efa/efa80ab4cad4f2e2f17fe181b1e124a2.jpg,,3.94,4,"[{'id': 4, 'title': 'recommended', 'count': 83, 'percent': 57.24}, {'id': 3, 'title': 'meh', 'count': 31, 'percent': 21.38}, {'id': 5, 'title': 'exceptional', 'count': 29, 'percent': 20.0}, {'id': 1, 'title': 'skip', 'count': 2, 'percent': 1.38}]",298,2,32,0,2,0,0,,,,,0,106,342921,2,143,215,[],,0,0,1,,145,0f0f0f,0f0f0f,"[{'platform': {'id': 7, 'name': 'Nintendo', 'slug': 'nintendo'}}]","[{'platform': {'id': 11, 'name': 'Wii', 'slug': 'wii', 'image': None, 'year_end': None, 'year_start': None, 'games_count': 2209, 'image_background': 'https://media.rawg.io/media/games/9ca/9ca31615beee447f3ae1dc9b3b736dce.jpg'}, 'released_at': '1984-11-30', 'requirements': {}}, {'platform': {'id': 10, 'name': 'Wii U', 'slug': 'wii-u', 'image': None, 'year_end': None, 'year_start': None, 'games_count': 1114, 'image_background': 'https://media.rawg.io/media/games/85c/85c8ae70e7cdf0105f06ef6bdce63b8b.jpg'}, 'released_at': '1984-11-30', 'requirements': {}}, {'platform': {'id': 7, 'name': 'Nintendo Switch', 'slug': 'nintendo-switch', 'image': None, 'year_end': None, 'year_start': None, 'games_count': 5623, 'image_background': 'https://media.rawg.io/media/games/f99/f9979698c43fd84c3ab69280576dd3af.jpg'}, 'released_at': '1984-11-30', 'requirements': {}}, {'platform': {'id': 8, 'name': 'Nintendo 3DS', 'slug': 'nintendo-3ds', 'image': None, 'year_end': None, 'year_start': None, 'games_count': 1682, 'image_background': 'https://media.rawg.io/media/screenshots/42d/42d770eb49f2ba01cd4045e0d92af7a9.jpg'}, 'released_at': '1984-11-30', 'requirements': {}}, {'platform': {'id': 24, 'name': 'Game Boy Advance', 'slug': 'game-boy-advance', 'image': None, 'year_end': None, 'year_start': None, 'games_count': 950, 'image_background': 'https://media.rawg.io/media/games/98c/98c87b286cd2a2ba942167df384a9bd3.jpg'}, 'released_at': '1984-11-30', 'requirements': {}}, {'platform': {'id': 49, 'name': 'NES', 'slug': 'nes', 'image': None, 'year_end': None, 'year_start': None, 'games_count': 1015, 'image_background': 'https://media.rawg.io/media/games/7c5/7c50dd0415eb0a57505c58d4e50e4d24.jpg'}, 'released_at': '1984-11-30', 'requirements': {}}]","[{'id': 29508, 'url': '', 'store': {'id': 6, 'name': 'Nintendo Store', 'slug': 'nintendo', 'domain': 'nintendo.com', 'games_count': 9128, 'image_background': 'https://media.rawg.io/media/games/fc1/fc1307a2774506b5bd65d7e8424664a7.jpg'}}]","[{'id': 16257, 'name': 'Nintendo', 'slug': 'nintendo', 'games_count': 426, 'image_background': 'https://media.rawg.io/media/games/d9c/d9c8b7edc78391619566adfeb52b5a9a.jpg'}, {'id': 14652, 'name': 'Hudson Soft', 'slug': 'hudson-soft', 'games_count': 114, 'image_background': 'https://media.rawg.io/media/screenshots/e87/e87bd8b2b7cff248c4d1af8264d25d09.jpg'}, {'id': 26305, 'name': 'Arika', 'slug': 'arika', 'games_count': 15, 'image_background': 'https://media.rawg.io/media/screenshots/b43/b43f56af2e4727522be8e22f760926af.jpg'}]","[{'id': 1, 'name': 'Racing', 'slug': 'racing', 'games_count': 25359, 'image_background': 'https://media.rawg.io/media/screenshots/69b/69bb243ea9896ddfc2e051b58e81624d.jpg'}]","[{'id': 31, 'name': 'Singleplayer', 'slug': 'singleplayer', 'language': 'eng', 'games_count': 238404, 'image_background': 'https://media.rawg.io/media/games/26d/26d4437715bee60138dab4a7c8c59c92.jpg'}, {'id': 7, 'name': 'Multiplayer', 'slug': 'multiplayer', 'language': 'eng', 'games_count': 40505, 'image_background': 'https://media.rawg.io/media/games/021/021c4e21a1824d2526f925eff6324653.jpg'}]","[{'id': 10681, 'name': 'Nintendo', 'slug': 'nintendo', 'games_count': 1235, 'image_background': 'https://media.rawg.io/media/games/dd1/dd167cf8753db3748a975d61cc926e54.jpg'}, {'id': 10831, 'name': 'HUDSON SOFT', 'slug': 'hudson-soft', 'games_count': 198, 'image_background': 'https://media.rawg.io/media/games/d51/d519cdf7f6c11951ce87a01fab5ee34e.jpg'}, {'id': 19492, 'name': 'Japan', 'slug': 'japan', 'games_count': 27, 'image_background': 'https://media.rawg.io/media/screenshots/291/291eb34b435ecdad82aecf7d60310aa2.jpg'}]",,,"Face crazy curves, hairpin turns, and daredevil jumps as you race toward
the checkered flag and the Excitebike championship. Race against the
clock or challenge an opponent. You must keep your bearings as you fly
through the air and avoid getting clipped by other racers. Stay cool
under pressure, or your bike will overheat. If you get tired of racing
on the circuit, create your own course in Design mode. There you have
access to all the ramps, mounds, bridges, and other obstacles Excitebike
has to offer!
This classic game is part of the Virtual Console service, which brings you great games created for consoles such as NES™, Super NES™ and Game Boy™ Advance. We hope you'll enjoy the new features (including off-TV play) that have been added to this title. See more Virtual Console games for Wii U.",12.0,78.0,100.0,10.0,97.0,,,,,,,1.0,,1.0,,,,,,,,,,
56389,circus-charlie,Circus Charlie,Circus Charlie,"<p>Circus Charlie (サーカスチャーリー, Sākasu Chārī) is an arcade platform game originally published by Konami in 1984 in which the player controls a clown named Charlie. It was released for MSX in the same year, followed by ports to the Nintendo Famicom in 1986 by Soft Pro and the Commodore 64 in 1987. It was released along with other Konami classic games on the Nintendo DS compilation Konami Classics Series: Arcade Hits.</p>",,[],1984-04-01,False,2025-04-11T17:51:59,https://media.rawg.io/media/screenshots/1e9/1e99695d085a792f09755c951f9f7770.jpg,https://media.rawg.io/media/screenshots/398/398fa4788506c90f1fc3948df6892271.jpg,,3.64,4,"[{'id': 4, 'title': 'recommended', 'count': 55, 'percent': 56.12}, {'id': 3, 'title': 'meh', 'count': 23, 'percent': 23.47}, {'id': 5, 'title': 'exceptional', 'count': 12, 'percent': 12.24}, {'id': 1, 'title': 'skip', 'count': 8, 'percent': 8.16}]",176,0,12,0,3,0,0,,,,,0,0,0,1,97,337,[],,0,0,0,,98,0f0f0f,0f0f0f,"[{'platform': {'id': 7, 'name': 'Nintendo', 'slug': 'nintendo'}}, {'platform': {'id': 10, 'name': 'Commodore / Amiga', 'slug': 'commodore-amiga'}}]","[{'platform': {'id': 166, 'name': 'Commodore / Amiga', 'slug': 'commodore-amiga', 'image': None, 'year_end': None, 'year_start': None, 'games_count': 2083, 'image_background': 'https://media.rawg.io/media/games/cce/cce8bebe861f295003f5a9fe5b11233f.jpg'}, 'released_at': '1984-04-01', 'requirements': {}}, {'platform': {'id': 10, 'name': 'Wii U', 'slug': 'wii-u', 'image': None, 'year_end': None, 'year_start': None, 'games_count': 1114, 'image_background': 'https://media.rawg.io/media/games/85c/85c8ae70e7cdf0105f06ef6bdce63b8b.jpg'}, 'released_at': '1984-04-01', 'requirements': {}}, {'platform': {'id': 49, 'name': 'NES', 'slug': 'nes', 'image': None, 'year_end': None, 'year_start': None, 'games_count': 1015, 'image_background': 'https://media.rawg.io/media/games/7c5/7c50dd0415eb0a57505c58d4e50e4d24.jpg'}, 'released_at': '1984-04-01', 'requirements': {}}]",[],"[{'id': 1971, 'name': 'Konami Digital Entertainment', 'slug': 'konami-digital-entertainment', 'games_count': 467, 'image_background': 'https://media.rawg.io/media/games/d56/d56412cd670313ef306da64669c381d8.jpg'}]","[{'id': 4, 'name': 'Action', 'slug': 'action', 'games_count': 186608, 'image_background': 'https://media.rawg.io/media/games/618/618c2031a07bbff6b4f611f10b6bcdbc.jpg'}]","[{'id': 418, 'name': '2 players', 'slug': '2-players', 'language': 'eng', 'games_count': 1244, 'image_background': 'https://media.rawg.io/media/screenshots/f9a/f9ac59bb4af2ca2193ee9ffb979577cf.jpg'}]","[{'id': 10691, 'name': 'Konami', 'slug': 'konami', 'games_count': 788, 'image_background': 'https://media.rawg.io/media/games/85e/85e4c8a78cf9b82b5ed19262fe00c00f.jpg'}]",,,"Circus Charlie (サーカスチャーリー, Sākasu Chārī) is an arcade platform game originally published by Konami in 1984 in which the player controls a clown named Charlie. It was released for MSX in the same year, followed by ports to the Nintendo Famicom in 1986 by Soft Pro and the Commodore 64 in 1987. It was released along with other Konami classic games on the Nintendo DS compilation Konami Classics Series: Arcade Hits.",2.0,42.0,62.0,4.0,65.0,,,,,,,1.0,,,1.0,,,,,,,,,
54145,wild-gunman-1984,Wild Gunman (1984),Wild Gunman (1984),"<p>Wild Gunman (Japanese: ワイルドガンマン, Hepburn: Wairudo Ganman) is a light gun shooter game created by Nintendo. Originally created for arcades in 1974 by Gunpei Yokoi, the game was updated and released in 1985 as a launch title for the Nintendo Entertainment System, being among the few games making use of the NES Zapper peripheral.</p>",,[],1984-02-18,False,2025-04-11T17:31:55,https://media.rawg.io/media/games/7dd/7ddc0cc1426c5f1e821cd3609bca9503.jpg,https://media.rawg.io/media/screenshots/0ba/0ba7e4ff2731efebae15fd348e172e2c.jpg,,3.81,4,"[{'id': 4, 'title': 'recommended', 'count': 43, 'percent': 53.75}, {'id': 3, 'title': 'meh', 'count': 22, 'percent': 27.5}, {'id': 5, 'title': 'exceptional', 'count': 13, 'percent': 16.25}, {'id': 1, 'title': 'skip', 'count': 2, 'percent': 2.5}]",162,0,6,0,5,0,0,,,,,0,0,0,0,80,153,"['Hepburn: Wairudo Ganman', 'ワイルドガンマン']",,0,1,0,,80,0f0f0f,0f0f0f,"[{'platform': {'id': 7, 'name': 'Nintendo', 'slug': 'nintendo'}}]","[{'platform': {'id': 49, 'name': 'NES', 'slug': 'nes', 'image': None, 'year_end': None, 'year_start': None, 'games_count': 1015, 'image_background': 'https://media.rawg.io/media/games/7c5/7c50dd0415eb0a57505c58d4e50e4d24.jpg'}, 'released_at': '1984-02-18', 'requirements': {}}]",[],"[{'id': 16257, 'name': 'Nintendo', 'slug': 'nintendo', 'games_count': 426, 'image_background': 'https://media.rawg.io/media/games/d9c/d9c8b7edc78391619566adfeb52b5a9a.jpg'}]","[{'id': 4, 'name': 'Action', 'slug': 'action', 'games_count': 186608, 'image_background': 'https://media.rawg.io/media/games/618/618c2031a07bbff6b4f611f10b6bcdbc.jpg'}, {'id': 2, 'name': 'Shooter', 'slug': 'shooter', 'games_count': 59560, 'image_background': 'https://media.rawg.io/media/games/d58/d588947d4286e7b5e0e12e1bea7d9844.jpg'}]","[{'id': 31, 'name': 'Singleplayer', 'slug': 'singleplayer', 'language': 'eng', 'games_count': 238404, 'image_background': 'https://media.rawg.io/media/games/26d/26d4437715bee60138dab4a7c8c59c92.jpg'}]","[{'id': 10681, 'name': 'Nintendo', 'slug': 'nintendo', 'games_count': 1235, 'image_background': 'https://media.rawg.io/media/games/dd1/dd167cf8753db3748a975d61cc926e54.jpg'}]",,,"Wild Gunman (Japanese: ワイルドガンマン, Hepburn: Wairudo Ganman) is a light gun shooter game created by Nintendo. Originally created for arcades in 1974 by Gunpei Yokoi, the game was updated and released in 1985 as a launch title for the Nintendo Entertainment System, being among the few games making use of the NES Zapper peripheral.",3.0,34.0,59.0,6.0,59.0,,,,,,,1.0,,,,1.0,Everyone,everyone,,,,,,
34049,road-fighter,Road Fighter,Road Fighter,"<p>Road Fighter (ロードファイター, Rōdo Faitā) is a racing arcade game developed by Konami and released in December 1984. It also was the first racing game from Konami. The goal is to reach the finish line within the stages without running out of time, hitting other cars or running out of fuel (fuel is refilled by hitting a special type of car).</p>",,[],1984-12-07,False,2025-04-11T17:52:03,https://media.rawg.io/media/games/710/7106bc086072e628fa064e05498945a9.jpg,https://media.rawg.io/media/screenshots/2d9/2d9e161d82a302b7444b7706688cda44.jpg,,3.9,4,"[{'id': 4, 'title': 'recommended', 'count': 42, 'percent': 59.15}, {'id': 3, 'title': 'meh', 'count': 16, 'percent': 22.54}, {'id': 5, 'title': 'exceptional', 'count': 12, 'percent': 16.9}, {'id': 1, 'title': 'skip', 'count': 1, 'percent': 1.41}]",143,4,5,0,0,0,0,,,,,0,13,0,1,70,108,[],,0,0,1,,71,0f0f0f,0f0f0f,"[{'platform': {'id': 1, 'name': 'PC', 'slug': 'pc'}}, {'platform': {'id': 7, 'name': 'Nintendo', 'slug': 'nintendo'}}]","[{'platform': {'id': 10, 'name': 'Wii U', 'slug': 'wii-u', 'image': None, 'year_end': None, 'year_start': None, 'games_count': 1114, 'image_background': 'https://media.rawg.io/media/games/85c/85c8ae70e7cdf0105f06ef6bdce63b8b.jpg'}, 'released_at': '1984-12-07', 'requirements': {}}, {'platform': {'id': 11, 'name': 'Wii', 'slug': 'wii', 'image': None, 'year_end': None, 'year_start': None, 'games_count': 2209, 'image_background': 'https://media.rawg.io/media/games/9ca/9ca31615beee447f3ae1dc9b3b736dce.jpg'}, 'released_at': '1984-12-07', 'requirements': {}}, {'platform': {'id': 49, 'name': 'NES', 'slug': 'nes', 'image': None, 'year_end': None, 'year_start': None, 'games_count': 1015, 'image_background': 'https://media.rawg.io/media/games/7c5/7c50dd0415eb0a57505c58d4e50e4d24.jpg'}, 'released_at': '1984-12-07', 'requirements': {}}, {'platform': {'id': 4, 'name': 'PC', 'slug': 'pc', 'image': None, 'year_end': None, 'year_start': None, 'games_count': 547196, 'image_background': 'https://media.rawg.io/media/games/6fc/6fcf4cd3b17c288821388e6085bb0fc9.jpg'}, 'released_at': '1984-12-07', 'requirements': {}}]",[],"[{'id': 1971, 'name': 'Konami Digital Entertainment', 'slug': 'konami-digital-entertainment', 'games_count': 467, 'image_background': 'https://media.rawg.io/media/games/d56/d56412cd670313ef306da64669c381d8.jpg'}, {'id': 15917, 'name': 'Friends Software', 'slug': 'friends-software', 'games_count': 2, 'image_background': 'https://media.rawg.io/media/games/710/7106bc086072e628fa064e05498945a9.jpg'}]","[{'id': 1, 'name': 'Racing', 'slug': 'racing', 'games_count': 25359, 'image_background': 'https://media.rawg.io/media/screenshots/69b/69bb243ea9896ddfc2e051b58e81624d.jpg'}, {'id': 11, 'name': 'Arcade', 'slug': 'arcade', 'games_count': 22658, 'image_background': 'https://media.rawg.io/media/games/556/556157feed9ee1f55f2b12b2973e30a3.jpg'}]",[],"[{'id': 10691, 'name': 'Konami', 'slug': 'konami', 'games_count': 788, 'image_background': 'https://media.rawg.io/media/games/85e/85e4c8a78cf9b82b5ed19262fe00c00f.jpg'}, {'id': 19962, 'name': 'Palcom Software', 'slug': 'palcom-software', 'games_count': 2, 'image_background': 'https://media.rawg.io/media/games/710/7106bc086072e628fa064e05498945a9.jpg'}, {'id': 12723, 'name': 'Friends Software', 'slug': 'friends-software', 'games_count': 1, 'image_background': 'https://media.rawg.io/media/games/710/7106bc086072e628fa064e05498945a9.jpg'}]",,,"Road Fighter (ロードファイター, Rōdo Faitā) is a racing arcade game developed by Konami and released in December 1984. It also was the first racing game from Konami. The goal is to reach the finish line within the stages without running out of time, hitting other cars or running out of fuel (fuel is refilled by hitting a special type of car).",3.0,31.0,51.0,3.0,55.0,,,,,,,,,,,,,,,,,,,
26616,game-1942,1942,1942,"<p>This classic vertically-scrolling shoot &#39;em up is perhaps Capcom&#39;s finest moment in the pre-Street Fighter era. Spawning a million clones and re-appearing throughout the history of gaming, 1942&#39;s biplane action needs no introduction.</p>",,[],1984-01-24,False,2025-04-11T17:29:03,https://media.rawg.io/media/screenshots/901/901054a0ec26e08fee47ab7bffdb1ce8.jpg,https://media.rawg.io/media/screenshots/c07/c07214b4f939de1608ecca38237880a1.jpg,,3.74,4,"[{'id': 4, 'title': 'recommended', 'count': 36, 'percent': 66.67}, {'id': 3, 'title': 'meh', 'count': 12, 'percent': 22.22}, {'id': 5, 'title': 'exceptional', 'count': 4, 'percent': 7.41}, {'id': 1, 'title': 'skip', 'count': 2, 'percent': 3.7}]",117,5,4,0,2,0,0,,,,,0,54,0,2,52,116,[],,0,0,2,,54,0f0f0f,0f0f0f,"[{'platform': {'id': 7, 'name': 'Nintendo', 'slug': 'nintendo'}}, {'platform': {'id': 10, 'name': 'Commodore / Amiga', 'slug': 'commodore-amiga'}}, {'platform': {'id': 11, 'name': 'SEGA', 'slug': 'sega'}}]","[{'platform': {'id': 166, 'name': 'Commodore / Amiga', 'slug': 'commodore-amiga', 'image': None, 'year_end': None, 'year_start': None, 'games_count': 2083, 'image_background': 'https://media.rawg.io/media/games/cce/cce8bebe861f295003f5a9fe5b11233f.jpg'}, 'released_at': '1984-01-24', 'requirements': {}}, {'platform': {'id': 49, 'name': 'NES', 'slug': 'nes', 'image': None, 'year_end': None, 'year_start': None, 'games_count': 1015, 'image_background': 'https://media.rawg.io/media/games/7c5/7c50dd0415eb0a57505c58d4e50e4d24.jpg'}, 'released_at': '1984-01-24', 'requirements': {}}, {'platform': {'id': 11, 'name': 'Wii', 'slug': 'wii', 'image': None, 'year_end': None, 'year_start': None, 'games_count': 2209, 'image_background': 'https://media.rawg.io/media/games/9ca/9ca31615beee447f3ae1dc9b3b736dce.jpg'}, 'released_at': '1984-01-24', 'requirements': {}}, {'platform': {'id': 74, 'name': 'SEGA Master System', 'slug': 'sega-master-system', 'image': None, 'year_end': None, 'year_start': None, 'games_count': 234, 'image_background': 'https://media.rawg.io/media/screenshots/a7f/a7f3cb62af2ee95d92065da88583338b.jpg'}, 'released_at': '1984-01-24', 'requirements': {}}]","[{'id': 31169, 'url': '', 'store': {'id': 6, 'name': 'Nintendo Store', 'slug': 'nintendo', 'domain': 'nintendo.com', 'games_count': 9128, 'image_background': 'https://media.rawg.io/media/games/fc1/fc1307a2774506b5bd65d7e8424664a7.jpg'}}]","[{'id': 3678, 'name': 'Capcom', 'slug': 'capcom', 'games_count': 466, 'image_background': 'https://media.rawg.io/media/games/cee/cee577e2097a59b77193fe2bce94667d.jpg'}]","[{'id': 2, 'name': 'Shooter', 'slug': 'shooter', 'games_count': 59560, 'image_background': 'https://media.rawg.io/media/games/d58/d588947d4286e7b5e0e12e1bea7d9844.jpg'}]","[{'id': 31, 'name': 'Singleplayer', 'slug': 'singleplayer', 'language': 'eng', 'games_count': 238404, 'image_background': 'https://media.rawg.io/media/games/26d/26d4437715bee60138dab4a7c8c59c92.jpg'}]","[{'id': 2150, 'name': 'Capcom', 'slug': 'capcom', 'games_count': 623, 'image_background': 'https://media.rawg.io/media/games/21c/21cc15d233117c6809ec86870559e105.jpg'}]",,,"This classic vertically-scrolling shoot 'em up is perhaps Capcom's finest moment in the pre-Street Fighter era. Spawning a million clones and re-appearing throughout the history of gaming, 1942's biplane action needs no introduction.",4.0,38.0,25.0,3.0,45.0,,,,,,,2.0,,1.0,,,,,,,,,,
53790,donkey-kong-3,Donkey Kong 3,Donkey Kong 3,"<p>Donkey Kong 3 (ドンキーコング3, Donkī Kongu Surī) is the third video game in the original Donkey Kong series by Nintendo. It was released near simultaneously for the arcades and Family Computer, and later released in America on the Nintendo Entertainment System in 1986. The game was re-released on the Wii Virtual Console in North America on July 14, 2008 and in Europe on January 9, 2009. Although it is a sequel, this title is a departure in gameplay from previous titles.</p>",,[],1984-07-04,False,2025-03-01T11:15:40,https://media.rawg.io/media/screenshots/66a/66ade5302de761bcb5d15e8393f267cb.jpg,https://media.rawg.io/media/screenshots/d8f/d8f95e0e4616da53f545bf07fc6a3a5c.jpg,,3.31,4,"[{'id': 4, 'title': 'recommended', 'count': 15, 'percent': 41.67}, {'id': 3, 'title': 'meh', 'count': 15, 'percent': 41.67}, {'id': 1, 'title': 'skip', 'count': 4, 'percent': 11.11}, {'id': 5, 'title': 'exceptional', 'count': 2, 'percent': 5.56}]",95,0,25,0,3,0,0,,,,,0,0,0,2,34,337,[],,0,0,14,,36,0f0f0f,0f0f0f,"[{'platform': {'id': 7, 'name': 'Nintendo', 'slug': 'nintendo'}}]","[{'platform': {'id': 11, 'name': 'Wii', 'slug': 'wii', 'image': None, 'year_end': None, 'year_start': None, 'games_count': 2209, 'image_background': 'https://media.rawg.io/media/games/9ca/9ca31615beee447f3ae1dc9b3b736dce.jpg'}, 'released_at': '1984-07-04', 'requirements': {}}, {'platform': {'id': 8, 'name': 'Nintendo 3DS', 'slug': 'nintendo-3ds', 'image': None, 'year_end': None, 'year_start': None, 'games_count': 1682, 'image_background': 'https://media.rawg.io/media/screenshots/42d/42d770eb49f2ba01cd4045e0d92af7a9.jpg'}, 'released_at': '1984-07-04', 'requirements': {}}, {'platform': {'id': 24, 'name': 'Game Boy Advance', 'slug': 'game-boy-advance', 'image': None, 'year_end': None, 'year_start': None, 'games_count': 950, 'image_background': 'https://media.rawg.io/media/games/98c/98c87b286cd2a2ba942167df384a9bd3.jpg'}, 'released_at': '1984-07-04', 'requirements': {}}, {'platform': {'id': 10, 'name': 'Wii U', 'slug': 'wii-u', 'image': None, 'year_end': None, 'year_start': None, 'games_count': 1114, 'image_background': 'https://media.rawg.io/media/games/85c/85c8ae70e7cdf0105f06ef6bdce63b8b.jpg'}, 'released_at': '1984-07-04', 'requirements': {}}, {'platform': {'id': 49, 'name': 'NES', 'slug': 'nes', 'image': None, 'year_end': None, 'year_start': None, 'games_count': 1015, 'image_background': 'https://media.rawg.io/media/games/7c5/7c50dd0415eb0a57505c58d4e50e4d24.jpg'}, 'released_at': '1984-07-04', 'requirements': {}}]","[{'id': 50223, 'url': '', 'store': {'id': 6, 'name': 'Nintendo Store', 'slug': 'nintendo', 'domain': 'nintendo.com', 'games_count': 9128, 'image_background': 'https://media.rawg.io/media/games/fc1/fc1307a2774506b5bd65d7e8424664a7.jpg'}}]","[{'id': 16257, 'name': 'Nintendo', 'slug': 'nintendo', 'games_count': 426, 'image_background': 'https://media.rawg.io/media/games/d9c/d9c8b7edc78391619566adfeb52b5a9a.jpg'}]","[{'id': 2, 'name': 'Shooter', 'slug': 'shooter', 'games_count': 59560, 'image_background': 'https://media.rawg.io/media/games/d58/d588947d4286e7b5e0e12e1bea7d9844.jpg'}]","[{'id': 31, 'name': 'Singleplayer', 'slug': 'singleplayer', 'language': 'eng', 'games_count': 238404, 'image_background': 'https://media.rawg.io/media/games/26d/26d4437715bee60138dab4a7c8c59c92.jpg'}, {'id': 7, 'name': 'Multiplayer', 'slug': 'multiplayer', 'language': 'eng', 'games_count': 40505, 'image_background': 'https://media.rawg.io/media/games/021/021c4e21a1824d2526f925eff6324653.jpg'}]","[{'id': 10681, 'name': 'Nintendo', 'slug': 'nintendo', 'games_count': 1235, 'image_background': 'https://media.rawg.io/media/games/dd1/dd167cf8753db3748a975d61cc926e54.jpg'}]",,,"Donkey Kong 3 (ドンキーコング3, Donkī Kongu Surī) is the third video game in the original Donkey Kong series by Nintendo. It was released near simultaneously for the arcades and Family Computer, and later released in America on the Nintendo Entertainment System in 1986. The game was re-released on the Wii Virtual Console in North America on July 14, 2008 and in Europe on January 9, 2009. Although it is a sequel, this title is a departure in gameplay from previous titles.",6.0,26.0,30.0,13.0,20.0,,,,,,,,,,1.0,,,,,,,,,
53863,hogans-alley-1984,Hogan's Alley (1984),Hogan's Alley (1984),"<p>Hogan&#39;s Alley (ホーガンズアレイ, Hōganzu Arei) is a 1984 video game by Nintendo. It was one of the first games to use a light gun as an input device. The game presents players with &quot;cardboard cut-outs&quot; of gangsters and innocent civilians. The player must shoot the gangs and spare the innocent people.</p>",,[],1984-06-12,False,2024-10-15T12:30:03,https://media.rawg.io/media/screenshots/93e/93e5094307d91e22d8e716ac8651381c.jpg,https://media.rawg.io/media/screenshots/32d/32d65c7637336b43f22e1ad87bd2e5cd.jpg,,3.76,4,"[{'id': 4, 'title': 'recommended', 'count': 29, 'percent': 63.04}, {'id': 3, 'title': 'meh', 'count': 12, 'percent': 26.09}, {'id': 5, 'title': 'exceptional', 'count': 4, 'percent': 8.7}, {'id': 1, 'title': 'skip', 'count': 1, 'percent': 2.17}]",89,0,8,0,1,0,0,,,,,0,0,0,0,46,227,"['Hōganzu Arei', 'ホーガンズアレイ']",,0,1,0,,46,0f0f0f,0f0f0f,"[{'platform': {'id': 7, 'name': 'Nintendo', 'slug': 'nintendo'}}]","[{'platform': {'id': 49, 'name': 'NES', 'slug': 'nes', 'image': None, 'year_end': None, 'year_start': None, 'games_count': 1015, 'image_background': 'https://media.rawg.io/media/games/7c5/7c50dd0415eb0a57505c58d4e50e4d24.jpg'}, 'released_at': '1984-06-12', 'requirements': {}}]",[],"[{'id': 16257, 'name': 'Nintendo', 'slug': 'nintendo', 'games_count': 426, 'image_background': 'https://media.rawg.io/media/games/d9c/d9c8b7edc78391619566adfeb52b5a9a.jpg'}]","[{'id': 4, 'name': 'Action', 'slug': 'action', 'games_count': 186608, 'image_background': 'https://media.rawg.io/media/games/618/618c2031a07bbff6b4f611f10b6bcdbc.jpg'}, {'id': 2, 'name': 'Shooter', 'slug': 'shooter', 'games_count': 59560, 'image_background': 'https://media.rawg.io/media/games/d58/d588947d4286e7b5e0e12e1bea7d9844.jpg'}]","[{'id': 31, 'name': 'Singleplayer', 'slug': 'singleplayer', 'language': 'eng', 'games_count': 238404, 'image_background': 'https://media.rawg.io/media/games/26d/26d4437715bee60138dab4a7c8c59c92.jpg'}]","[{'id': 10681, 'name': 'Nintendo', 'slug': 'nintendo', 'games_count': 1235, 'image_background': 'https://media.rawg.io/media/games/dd1/dd167cf8753db3748a975d61cc926e54.jpg'}]",,,"Hogan's Alley (ホーガンズアレイ, Hōganzu Arei) is a 1984 video game by Nintendo. It was one of the first games to use a light gun as an input device. The game presents players with ""cardboard cut-outs"" of gangsters and innocent civilians. The player must shoot the gangs and spare the innocent people.",4.0,24.0,29.0,3.0,29.0,,,,,,,,,,,1.0,Everyone,everyone,,,,,,
24166,tennis,Tennis,Tennis,"<p>A tennis game that can be picked up and played by anyone. Enjoy the game<br />
by yourself, or play against family and friends. With 8 characters and 6<br />
courts available, feel the excitement that tennis brings. The game can<br />
be played not only with the Pro Controller, but also by swing the<br />
Joy-Con or touch the screen.</p>
<p>Rally Challenge: Try to get the longest rally possible.</p>
<p>Tournament: Proceed through a tournament, taking on increasingly<br />
stronger opponents along the way.</p>
<p>Custom Play: Play with any character and court you like.</p>
<p>Quick Play: For those who want to play straight away.</p>
<p>2 Player Vs: Play split-screen or locally connect through 2 consoles.</p>
<p>Achievements: Clear 100 achievements to acquire unique special<br />
abilities.</p>",,[],1984-01-14,False,2025-02-20T23:53:32,https://media.rawg.io/media/games/00e/00ed4eea7636b909ed296be1e0e38240.jpg,https://media.rawg.io/media/screenshots/bfa/bfaa2b38bf485609ac3f0d6f52866f5b.jpg,,3.91,4,"[{'id': 4, 'title': 'recommended', 'count': 24, 'percent': 54.55}, {'id': 3, 'title': 'meh', 'count': 10, 'percent': 22.73}, {'id': 5, 'title': 'exceptional', 'count': 9, 'percent': 20.45}, {'id': 1, 'title': 'skip', 'count': 1, 'percent': 2.27}]",85,1,12,0,5,0,0,,,,,0,41,0,1,43,144,[],,0,0,0,,44,0f0f0f,0f0f0f,"[{'platform': {'id': 7, 'name': 'Nintendo', 'slug': 'nintendo'}}]","[{'platform': {'id': 10, 'name': 'Wii U', 'slug': 'wii-u', 'image': None, 'year_end': None, 'year_start': None, 'games_count': 1114, 'image_background': 'https://media.rawg.io/media/games/85c/85c8ae70e7cdf0105f06ef6bdce63b8b.jpg'}, 'released_at': '1984-01-14', 'requirements': {}}, {'platform': {'id': 49, 'name': 'NES', 'slug': 'nes', 'image': None, 'year_end': None, 'year_start': None, 'games_count': 1015, 'image_background': 'https://media.rawg.io/media/games/7c5/7c50dd0415eb0a57505c58d4e50e4d24.jpg'}, 'released_at': '1984-01-14', 'requirements': {}}, {'platform': {'id': 26, 'name': 'Game Boy', 'slug': 'game-boy', 'image': None, 'year_end': None, 'year_start': None, 'games_count': 617, 'image_background': 'https://media.rawg.io/media/games/057/0573c1c9e1f2414c1f4acabe86ee9fd9.jpg'}, 'released_at': '1984-01-14', 'requirements': {}}, {'platform': {'id': 7, 'name': 'Nintendo Switch', 'slug': 'nintendo-switch', 'image': None, 'year_end': None, 'year_start': None, 'games_count': 5623, 'image_background': 'https://media.rawg.io/media/games/f99/f9979698c43fd84c3ab69280576dd3af.jpg'}, 'released_at': '1984-01-14', 'requirements': {}}, {'platform': {'id': 8, 'name': 'Nintendo 3DS', 'slug': 'nintendo-3ds', 'image': None, 'year_end': None, 'year_start': None, 'games_count': 1682, 'image_background': 'https://media.rawg.io/media/screenshots/42d/42d770eb49f2ba01cd4045e0d92af7a9.jpg'}, 'released_at': '1984-01-14', 'requirements': {}}, {'platform': {'id': 11, 'name': 'Wii', 'slug': 'wii', 'image': None, 'year_end': None, 'year_start': None, 'games_count': 2209, 'image_background': 'https://media.rawg.io/media/games/9ca/9ca31615beee447f3ae1dc9b3b736dce.jpg'}, 'released_at': '1984-01-14', 'requirements': {}}]","[{'id': 28441, 'url': '', 'store': {'id': 6, 'name': 'Nintendo Store', 'slug': 'nintendo', 'domain': 'nintendo.com', 'games_count': 9128, 'image_background': 'https://media.rawg.io/media/games/fc1/fc1307a2774506b5bd65d7e8424664a7.jpg'}}]","[{'id': 16257, 'name': 'Nintendo', 'slug': 'nintendo', 'games_count': 426, 'image_background': 'https://media.rawg.io/media/games/d9c/d9c8b7edc78391619566adfeb52b5a9a.jpg'}, {'id': 12898, 'name': 'Intelligent Systems', 'slug': 'intelligent-systems', 'games_count': 68, 'image_background': None}]","[{'id': 15, 'name': 'Sports', 'slug': 'sports', 'games_count': 22123, 'image_background': 'https://media.rawg.io/media/games/5eb/5eb49eb2fa0738fdb5bacea557b1bc57.jpg'}]","[{'id': 115, 'name': 'Controller', 'slug': 'controller', 'language': 'eng', 'games_count': 13461, 'image_background': 'https://media.rawg.io/media/games/85c/85c8ae70e7cdf0105f06ef6bdce63b8b.jpg'}, {'id': 334, 'name': 'achievements', 'slug': 'achievements', 'language': 'eng', 'games_count': 4925, 'image_background': 'https://media.rawg.io/media/games/6bc/6bc79f5bc023b1e6938f6eaf9926f073.jpg'}, {'id': 808, 'name': 'character', 'slug': 'character', 'language': 'eng', 'games_count': 8871, 'image_background': 'https://media.rawg.io/media/games/43f/43ff0ac9538f82b00fb3b47d186bd46b.jpg'}, {'id': 744, 'name': 'friends', 'slug': 'friends', 'language': 'eng', 'games_count': 15177, 'image_background': 'https://media.rawg.io/media/games/9f1/9f1891779cb20f44de93cef33b067e50.jpg'}, {'id': 1863, 'name': 'challenge', 'slug': 'challenge', 'language': 'eng', 'games_count': 12762, 'image_background': 'https://media.rawg.io/media/games/19e/19ea8efb10fcbcf1b9c60729d510ed14.jpg'}, {'id': 696, 'name': 'tennis', 'slug': 'tennis', 'language': 'eng', 'games_count': 711, 'image_background': 'https://media.rawg.io/media/screenshots/ccd/ccd8934a4786b0b942e9408db32a8f09.jpg'}]","[{'id': 10681, 'name': 'Nintendo', 'slug': 'nintendo', 'games_count': 1235, 'image_background': 'https://media.rawg.io/media/games/dd1/dd167cf8753db3748a975d61cc926e54.jpg'}, {'id': 10831, 'name': 'HUDSON SOFT', 'slug': 'hudson-soft', 'games_count': 198, 'image_background': 'https://media.rawg.io/media/games/d51/d519cdf7f6c11951ce87a01fab5ee34e.jpg'}]",,,"A tennis game that can be picked up and played by anyone. Enjoy the game
by yourself, or play against family and friends. With 8 characters and 6
courts available, feel the excitement that tennis brings. The game can
be played not only with the Pro Controller, but also by swing the
Joy-Con or touch the screen.

Rally Challenge: Try to get the longest rally possible.

Tournament: Proceed through a tournament, taking on increasingly
stronger opponents along the way.

Custom Play: Play with any character and court you like.

Quick Play: For those who want to play straight away.

2 Player Vs: Play split-screen or locally connect through 2 consoles.

Achievements: Clear 100 achievements to acquire unique special
abilities.",4.0,20.0,23.0,3.0,34.0,,,,,,,1.0,,,,,,,,,,,,
30982,marble-madness,Marble Madness,Marble Madness,"Gameplay Introduction:<br/><br/>Marble Madness is a game that combines marble collisions and card construction gameplay.<br/><br/>There are three types of items in the game: marbles, placements, and relics.<br/><br/>Placements will be randomly generated and will have different special effects.<br/><br/>You need to launch marbles and collide with placements to earn points, obtain relics to enhance the effects of marbles and placements, and ultimately achieve the specified points to pass the level.<br/><br/><br/><br/><br/>In the game, some Placing items will be enchanted, with a total of three enchanting effects.<br/>Fragile: One impact can damage the Placing items and earn a large amount of rewards<br/>Bonus: Obtained bonus from the first X impacts<br/>Protection: The first X impacts on the Placing items have no effect. After destroying the enchantment, you will receive a large amount of rewards<br/><br/><br/><br/><br/>In the game, the Magic Comes effect will be randomly triggered.<br/>Wood: Randomly enchant X Placing items to protect them<br/>Water: Randomly X Placing items constantly changing positions<br/>Fire: Destroy X Placing items<br/>Earth: Randomly appear X stone on the field that will not trigger an effect",,[],1984-01-01,False,2024-05-24T06:47:31,https://media.rawg.io/media/screenshots/e8c/e8c7f7996e2cf8536547e59617ac1faa.jpg,https://media.rawg.io/media/screenshots/067/0671e4f16b8ccf2c3e0f6ec9f0c96da5.jpg,,3.83,4,"[{'id': 4, 'title': 'recommended', 'count': 20, 'percent': 83.33}, {'id': 3, 'title': 'meh', 'count': 2, 'percent': 8.33}, {'id': 5, 'title': 'exceptional', 'count': 1, 'percent': 4.17}, {'id': 1, 'title': 'skip', 'count': 1, 'percent': 4.17}]",65,0,4,0,7,0,0,,,,,0,0,0,1,22,101,[],,0,0,0,,24,0f0f0f,0f0f0f,"[{'platform': {'id': 1, 'name': 'PC', 'slug': 'pc'}}, {'platform': {'id': 5, 'name': 'Apple Macintosh', 'slug': 'mac'}}, {'platform': {'id': 7, 'name': 'Nintendo', 'slug': 'nintendo'}}, {'platform': {'id': 9, 'name': 'Atari', 'slug': 'atari'}}, {'platform': {'id': 10, 'name': 'Commodore / Amiga', 'slug': 'commodore-amiga'}}, {'platform': {'id': 11, 'name': 'SEGA', 'slug': 'sega'}}]","[{'platform': {'id': 4, 'name': 'PC', 'slug': 'pc', 'image': None, 'year_end': None, 'year_start': None, 'games_count': 547196, 'image_background': 'https://media.rawg.io/media/games/6fc/6fcf4cd3b17c288821388e6085bb0fc9.jpg'}, 'released_at': '2024-05-20', 'requirements': {'minimum': 'Minimum:\nRequires a 64-bit processor and operating system\nOS *: Windows 7, 8, 10, 11 x64\nProcessor: Intel Core i3\nMemory: 1 GB RAM\nGraphics: OpenGL 2.1 compatible graphics card, integrated graphics\nStorage: 200 MB available space', 'recommended': 'Recommended:\nRequires a 64-bit processor and operating system'}}, {'platform': {'id': 49, 'name': 'NES', 'slug': 'nes', 'image': None, 'year_end': None, 'year_start': None, 'games_count': 1015, 'image_background': 'https://media.rawg.io/media/games/7c5/7c50dd0415eb0a57505c58d4e50e4d24.jpg'}, 'released_at': '1984-12-01', 'requirements': {}}, {'platform': {'id': 26, 'name': 'Game Boy', 'slug': 'game-boy', 'image': None, 'year_end': None, 'year_start': None, 'games_count': 617, 'image_background': 'https://media.rawg.io/media/games/057/0573c1c9e1f2414c1f4acabe86ee9fd9.jpg'}, 'released_at': '1984-12-01', 'requirements': {}}, {'platform': {'id': 34, 'name': 'Atari ST', 'slug': 'atari-st', 'image': None, 'year_end': None, 'year_start': None, 'games_count': 836, 'image_background': 'https://media.rawg.io/media/games/637/637d7dc2f44d0f6ddd3ee2c0b1366962.jpg'}, 'released_at': '1984-12-01', 'requirements': {}}, {'platform': {'id': 77, 'name': 'Game Gear', 'slug': 'game-gear', 'image': None, 'year_end': None, 'year_start': None, 'games_count': 228, 'image_background': 'https://media.rawg.io/media/games/e48/e4852b9be5eb6859870288d91f74aab6.jpg'}, 'released_at': '1984-12-01', 'requirements': {}}, {'platform': {'id': 74, 'name': 'SEGA Master System', 'slug': 'sega-master-system', 'image': None, 'year_end': None, 'year_start': None, 'games_count': 234, 'image_background': 'https://media.rawg.io/media/screenshots/a7f/a7f3cb62af2ee95d92065da88583338b.jpg'}, 'released_at': '1984-12-01', 'requirements': {}}, {'platform': {'id': 41, 'name': 'Apple II', 'slug': 'apple-ii', 'image': None, 'year_end': None, 'year_start': None, 'games_count': 424, 'image_background': 'https://media.rawg.io/media/screenshots/3d2/3d2bb57b39e2efa39d1c385585b2ea8b.jpg'}, 'released_at': '1984-12-01', 'requirements': {}}, {'platform': {'id': 43, 'name': 'Game Boy Color', 'slug': 'game-boy-color', 'image': None, 'year_end': None, 'year_start': None, 'games_count': 427, 'image_background': 'https://media.rawg.io/media/games/28b/28b088364ecab7870dffc3b710104734.jpg'}, 'released_at': '1984-12-01', 'requirements': {}}, {'platform': {'id': 24, 'name': 'Game Boy Advance', 'slug': 'game-boy-advance', 'image': None, 'year_end': None, 'year_start': None, 'games_count': 950, 'image_background': 'https://media.rawg.io/media/games/98c/98c87b286cd2a2ba942167df384a9bd3.jpg'}, 'released_at': '1984-12-01', 'requirements': {}}, {'platform': {'id': 166, 'name': 'Commodore / Amiga', 'slug': 'commodore-amiga', 'image': None, 'year_end': None, 'year_start': None, 'games_count': 2083, 'image_background': 'https://media.rawg.io/media/games/cce/cce8bebe861f295003f5a9fe5b11233f.jpg'}, 'released_at': '1984-12-01', 'requirements': {}}, {'platform': {'id': 167, 'name': 'Genesis', 'slug': 'genesis', 'image': None, 'year_end': None, 'year_start': None, 'games_count': 849, 'image_background': 'https://media.rawg.io/media/screenshots/180/180b5f6e5d8c770bbbf941b9875046b6.jpg'}, 'released_at': '1984-12-01', 'requirements': {}}]","[{'id': 982996, 'url': '', 'store': {'id': 1, 'name': 'Steam', 'slug': 'steam', 'domain': 'store.steampowered.com', 'games_count': 110181, 'image_background': 'https://media.rawg.io/media/games/7fa/7fa0b586293c5861ee32490e953a4996.jpg'}}]","[{'id': 14828, 'name': 'Atari Games', 'slug': 'atari-games', 'games_count': 50, 'image_background': 'https://media.rawg.io/media/games/118/1189a10aafa6349dcdf24dfa2060fe57.jpg'}, {'id': 15260, 'name': 'Mark Cerny', 'slug': 'mark-cerny', 'games_count': 1, 'image_background': 'https://media.rawg.io/media/screenshots/e8c/e8c7f7996e2cf8536547e59617ac1faa.jpg'}, {'id': 452216, 'name': 'WhiteOrange', 'slug': 'whiteorange', 'games_count': 1, 'image_background': 'https://media.rawg.io/media/screenshots/e8c/e8c7f7996e2cf8536547e59617ac1faa.jpg'}]","[{'id': 10, 'name': 'Strategy', 'slug': 'strategy', 'games_count': 59661, 'image_background': 'https://media.rawg.io/media/games/08b/08b2eee52a9876a48b955e5149affe5b.jpg'}, {'id': 1, 'name': 'Racing', 'slug': 'racing', 'games_count': 25359, 'image_background': 'https://media.rawg.io/media/screenshots/69b/69bb243ea9896ddfc2e051b58e81624d.jpg'}, {'id': 11, 'name': 'Arcade', 'slug': 'arcade', 'games_count': 22658, 'image_background': 'https://media.rawg.io/media/games/556/556157feed9ee1f55f2b12b2973e30a3.jpg'}, {'id': 40, 'name': 'Casual', 'slug': 'casual', 'games_count': 61303, 'image_background': 'https://media.rawg.io/media/games/e44/e445335e611b4ccf03af71fffcbd30a4.jpg'}, {'id': 51, 'name': 'Indie', 'slug': 'indie', 'games_count': 76957, 'image_background': 'https://media.rawg.io/media/games/dd5/dd50d4266915d56dd5b63ae1bf72606a.jpg'}]","[{'id': 31, 'name': 'Singleplayer', 'slug': 'singleplayer', 'language': 'eng', 'games_count': 238404, 'image_background': 'https://media.rawg.io/media/games/26d/26d4437715bee60138dab4a7c8c59c92.jpg'}, {'id': 45, 'name': '2D', 'slug': '2d', 'language': 'eng', 'games_count': 202072, 'image_background': 'https://media.rawg.io/media/games/8ca/8ca40b562a755d6a0e30d48e6c74b178.jpg'}, {'id': 639, 'name': 'Roguelike', 'slug': 'roguelike', 'language': 'eng', 'games_count': 13915, 'image_background': 'https://media.rawg.io/media/games/0f4/0f4f4764555736eebfeb01571e44e99e.jpg'}, {'id': 91686, 'name': 'Family Sharing', 'slug': 'family-sharing', 'language': 'eng', 'games_count': 17571, 'image_background': 'https://media.rawg.io/media/screenshots/af2/af2ecc6d854efd19e3591c61136f9a44.jpg'}, {'id': 14194, 'name': 'deckbuilding', 'slug': 'deckbuilding', 'language': 'eng', 'games_count': 1468, 'image_background': 'https://media.rawg.io/media/games/180/180b7362cc5ae93a90bee70194916a0a.jpg'}, {'id': 418, 'name': '2 players', 'slug': '2-players', 'language': 'eng', 'games_count': 1244, 'image_background': 'https://media.rawg.io/media/screenshots/f9a/f9ac59bb4af2ca2193ee9ffb979577cf.jpg'}]","[{'id': 1779, 'name': 'Atari', 'slug': 'atari', 'games_count': 507, 'image_background': 'https://media.rawg.io/media/games/d82/d82dbcf92ded452bf8c6fb1bbdd62e52.jpg'}, {'id': 75543, 'name': 'WhiteOrange', 'slug': 'whiteorange', 'games_count': 1, 'image_background': 'https://media.rawg.io/media/screenshots/e8c/e8c7f7996e2cf8536547e59617ac1faa.jpg'}]",,,"Gameplay Introduction:
Marble Madness is a game that combines marble collisions and card construction gameplay.
There are three types of items in the game: marbles, placements, and relics.
Placements will be randomly generated and will have different special effects.
You need to launch marbles and collide with placements to earn points, obtain relics to enhance the effects of marbles and placements, and ultimately achieve the specified points to pass the level.
In the game, some Placing items will be enchanted, with a total of three enchanting effects.
Fragile: One impact can damage the Placing items and earn a large amount of rewards
Bonus: Obtained bonus from the first X impacts
Protection: The first X impacts on the Placing items have no effect. After destroying the enchantment, you will receive a large amount of rewards
In the game, the Magic Comes effect will be randomly triggered.
Wood: Randomly enchant X Placing items to protect them
Water: Randomly X Placing items constantly changing positions
Fire: Destroy X Placing items
Earth: Randomly appear X stone on the field that will not trigger an effect",4.0,25.0,12.0,6.0,15.0,,,,,,,3.0,,,,,,,,,,,,
53811,elite,Elite,Elite,"<p>Elite is a space trading video game, written and developed by David Braben and Ian Bell and originally published by Acornsoft for the BBC Micro and Acorn Electron computers in September 1984. Elite&#39;s open-ended game model, and revolutionary 3D graphics led to it being ported to virtually every contemporary home computer system, and earned it a place as a classic and a genre maker in gaming history. The game&#39;s title derives from one of the player&#39;s goals of raising their combat rating to the exalted heights of &quot;Elite&quot;.<br />
Elite was one of the first home computer games to use wire-frame 3D graphics with hidden line removal. It added graphics and twitch gameplay aspects to the genre established by the 1974 game Star Trader. Another novelty was the inclusion of The Dark Wheel, a novella by Robert Holdstock which gave players insight into the moral and legal codes to which they might aspire.<br />
The game was followed by the sequels Frontier: Elite II in 1993, and Frontier: First Encounters in 1995, which introduced Newtonian physics, realistic star systems and seamless freeform planetary landings. A third sequel, Elite: Dangerous, began crowdfunding in 2012 and was launched on 16 December 2014, following a period of semi-open testing.<br />
Elite proved hugely influential, serving as a model for other games including Wing Commander: Privateer, Grand Theft Auto, EVE Online, Freelancer, the X series and No Man&#39;s Sky.<br />
Non-Acorn versions were each first published by Firebird and Imagineer. Subsequently, Frontier Developments has claimed the game to be a &quot;Game by Frontier&quot;, to be part of its own back catalogue and all the rights to the game to have been owned by David Braben.</p>",,[],1984-09-20,False,2023-02-08T10:51:43,https://media.rawg.io/media/screenshots/767/767bedcb8cd8a3d441ccdde5d82d99cf.jpg,https://media.rawg.io/media/screenshots/4bc/4bc0f7476dddbda03e2755ed2ac80e63.jpg,,4.24,5,"[{'id': 5, 'title': 'exceptional', 'count': 8, 'percent': 47.06}, {'id': 4, 'title': 'recommended', 'count': 5, 'percent': 29.41}, {'id': 3, 'title': 'meh', 'count': 4, 'percent': 23.53}]",58,0,24,0,10,0,0,,,,,0,0,0,0,16,294,"['Classic Elite', 'Elite Plus']",,0,1,2,,17,0f0f0f,0f0f0f,"[{'platform': {'id': 1, 'name': 'PC', 'slug': 'pc'}}, {'platform': {'id': 5, 'name': 'Apple Macintosh', 'slug': 'mac'}}, {'platform': {'id': 7, 'name': 'Nintendo', 'slug': 'nintendo'}}, {'platform': {'id': 9, 'name': 'Atari', 'slug': 'atari'}}, {'platform': {'id': 10, 'name': 'Commodore / Amiga', 'slug': 'commodore-amiga'}}]","[{'platform': {'id': 4, 'name': 'PC', 'slug': 'pc', 'image': None, 'year_end': None, 'year_start': None, 'games_count': 547196, 'image_background': 'https://media.rawg.io/media/games/6fc/6fcf4cd3b17c288821388e6085bb0fc9.jpg'}, 'released_at': '1984-09-20', 'requirements': {}}, {'platform': {'id': 26, 'name': 'Game Boy', 'slug': 'game-boy', 'image': None, 'year_end': None, 'year_start': None, 'games_count': 617, 'image_background': 'https://media.rawg.io/media/games/057/0573c1c9e1f2414c1f4acabe86ee9fd9.jpg'}, 'released_at': '1984-09-20', 'requirements': {}}, {'platform': {'id': 34, 'name': 'Atari ST', 'slug': 'atari-st', 'image': None, 'year_end': None, 'year_start': None, 'games_count': 836, 'image_background': 'https://media.rawg.io/media/games/637/637d7dc2f44d0f6ddd3ee2c0b1366962.jpg'}, 'released_at': '1984-09-20', 'requirements': {}}, {'platform': {'id': 41, 'name': 'Apple II', 'slug': 'apple-ii', 'image': None, 'year_end': None, 'year_start': None, 'games_count': 424, 'image_background': 'https://media.rawg.io/media/screenshots/3d2/3d2bb57b39e2efa39d1c385585b2ea8b.jpg'}, 'released_at': '1984-09-20', 'requirements': {}}, {'platform': {'id': 49, 'name': 'NES', 'slug': 'nes', 'image': None, 'year_end': None, 'year_start': None, 'games_count': 1015, 'image_background': 'https://media.rawg.io/media/games/7c5/7c50dd0415eb0a57505c58d4e50e4d24.jpg'}, 'released_at': '1984-09-20', 'requirements': {}}, {'platform': {'id': 166, 'name': 'Commodore / Amiga', 'slug': 'commodore-amiga', 'image': None, 'year_end': None, 'year_start': None, 'games_count': 2083, 'image_background': 'https://media.rawg.io/media/games/cce/cce8bebe861f295003f5a9fe5b11233f.jpg'}, 'released_at': '1984-09-20', 'requirements': {}}]",[],"[{'id': 11887, 'name': 'Torus Games', 'slug': 'torus-games', 'games_count': 53, 'image_background': 'https://media.rawg.io/media/screenshots/d32/d323ed1431840527e2fa765eb962429d.jpg'}, {'id': 18961, 'name': 'Eurocom Developments', 'slug': 'eurocom-developments', 'games_count': 12, 'image_background': 'https://media.rawg.io/media/screenshots/1ed/1eded94fee0a54f5726b30c371146d8f.jpg'}, {'id': 27258, 'name': 'Torus', 'slug': 'torus', 'games_count': 4, 'image_background': 'https://media.rawg.io/media/screenshots/767/767bedcb8cd8a3d441ccdde5d82d99cf.jpg'}, {'id': 26936, 'name': 'Realtime Games', 'slug': 'realtime-games', 'games_count': 4, 'image_background': 'https://media.rawg.io/media/screenshots/767/767bedcb8cd8a3d441ccdde5d82d99cf.jpg'}, {'id': 27172, 'name': 'Mr. Micro', 'slug': 'mr-micro', 'games_count': 2, 'image_background': 'https://media.rawg.io/media/screenshots/767/767bedcb8cd8a3d441ccdde5d82d99cf.jpg'}, {'id': 14694, 'name': 'David Braben', 'slug': 'david-braben', 'games_count': 8, 'image_background': 'https://media.rawg.io/media/screenshots/94b/94bd772185a33b5266e87995f207eb2d.jpg'}, {'id': 15537, 'name': 'Ian Bell', 'slug': 'ian-bell', 'games_count': 2, 'image_background': 'https://media.rawg.io/media/screenshots/f16/f1668186af644c08ce7ccba3df4cacf9.jpg'}]","[{'id': 4, 'name': 'Action', 'slug': 'action', 'games_count': 186608, 'image_background': 'https://media.rawg.io/media/games/618/618c2031a07bbff6b4f611f10b6bcdbc.jpg'}, {'id': 14, 'name': 'Simulation', 'slug': 'simulation', 'games_count': 73491, 'image_background': 'https://media.rawg.io/media/games/48c/48cb04ca483be865e3a83119c94e6097.jpg'}]","[{'id': 31, 'name': 'Singleplayer', 'slug': 'singleplayer', 'language': 'eng', 'games_count': 238404, 'image_background': 'https://media.rawg.io/media/games/26d/26d4437715bee60138dab4a7c8c59c92.jpg'}, {'id': 8, 'name': 'First-Person', 'slug': 'first-person', 'language': 'eng', 'games_count': 34702, 'image_background': 'https://media.rawg.io/media/games/8e4/8e4de3f54ac659e08a7ba6a2b731682a.jpg'}, {'id': 32, 'name': 'Sci-fi', 'slug': 'sci-fi', 'language': 'eng', 'games_count': 20746, 'image_background': 'https://media.rawg.io/media/games/198/1988a337305e008b41d7f536ce9b73f6.jpg'}, {'id': 25, 'name': 'Space', 'slug': 'space', 'language': 'eng', 'games_count': 43594, 'image_background': 'https://media.rawg.io/media/games/ebd/ebdbb7eb52bd58b0e7fa4538d9757b60.jpg'}, {'id': 167, 'name': 'Futuristic', 'slug': 'futuristic', 'language': 'eng', 'games_count': 6226, 'image_background': 'https://media.rawg.io/media/games/951/951572a3dd1e42544bd39a5d5b42d234.jpg'}, {'id': 7815, 'name': 'space-combat', 'slug': 'space-combat', 'language': 'eng', 'games_count': 16, 'image_background': 'https://media.rawg.io/media/screenshots/73d/73d27234a9884337f3a4d1f761157214.jpg'}, {'id': 13519, 'name': 'business-simulation', 'slug': 'business-simulation', 'language': 'eng', 'games_count': 5, 'image_background': 'https://media.rawg.io/media/screenshots/767/767bedcb8cd8a3d441ccdde5d82d99cf.jpg'}, {'id': 33880, 'name': 'classical-music', 'slug': 'classical-music', 'language': 'eng', 'games_count': 12, 'image_background': 'https://media.rawg.io/media/screenshots/22a/22ad2c707ebbfe9900ba62457a731933.jpg'}, {'id': 8549, 'name': 'elite', 'slug': 'elite', 'language': 'eng', 'games_count': 11, 'image_background': 'https://media.rawg.io/media/screenshots/109/109e434095cacc829957dbb39ab70ae0.jpg'}, {'id': 75775, 'name': 'trade-oriented', 'slug': 'trade-oriented', 'language': 'eng', 'games_count': 1, 'image_background': 'https://media.rawg.io/media/screenshots/767/767bedcb8cd8a3d441ccdde5d82d99cf.jpg'}, {'id': 10323, 'name': 'combat-simulator', 'slug': 'combat-simulator', 'language': 'eng', 'games_count': 2, 'image_background': 'https://media.rawg.io/media/screenshots/4f1/4f1a0283fa7e23eeaa3dbffdbad9734b.jpg'}, {'id': 10377, 'name': 'slavery', 'slug': 'slavery', 'language': 'eng', 'games_count': 9, 'image_background': 'https://media.rawg.io/media/screenshots/018/0185775577affcb7d1300c8bedfdfbb0.jpg'}, {'id': 46244, 'name': 'space-simulation', 'slug': 'space-simulation', 'language': 'eng', 'games_count': 3, 'image_background': 'https://media.rawg.io/media/screenshots/767/767bedcb8cd8a3d441ccdde5d82d99cf.jpg'}, {'id': 75771, 'name': 'elite-series', 'slug': 'elite-series', 'language': 'eng', 'games_count': 1, 'image_background': 'https://media.rawg.io/media/screenshots/767/767bedcb8cd8a3d441ccdde5d82d99cf.jpg'}, {'id': 75772, 'name': 'merchant-oriented', 'slug': 'merchant-oriented', 'language': 'eng', 'games_count': 1, 'image_background': 'https://media.rawg.io/media/screenshots/767/767bedcb8cd8a3d441ccdde5d82d99cf.jpg'}, {'id': 75773, 'name': 'space-combat-simulation', 'slug': 'space-combat-simulation', 'language': 'eng', 'games_count': 1, 'image_background': 'https://media.rawg.io/media/screenshots/767/767bedcb8cd8a3d441ccdde5d82d99cf.jpg'}, {'id': 75774, 'name': 'space-trading', 'slug': 'space-trading', 'language': 'eng', 'games_count': 1, 'image_background': 'https://media.rawg.io/media/screenshots/767/767bedcb8cd8a3d441ccdde5d82d99cf.jpg'}]","[{'id': 19476, 'name': 'Imagineer', 'slug': 'imagineer', 'games_count': 31, 'image_background': 'https://media.rawg.io/media/screenshots/7a3/7a373db2469d9b8f6c0aecb3898efd27.jpg'}, {'id': 20199, 'name': 'Telecomsoft', 'slug': 'telecomsoft', 'games_count': 28, 'image_background': 'https://media.rawg.io/media/screenshots/b56/b569505ea715521ab76621752fa0c6a4.jpg'}, {'id': 19408, 'name': 'Superior Software', 'slug': 'superior-software', 'games_count': 20, 'image_background': 'https://media.rawg.io/media/screenshots/c5f/c5f8bbb01493ed77a498f4fc25dc3234.jpg'}, {'id': 11798, 'name': 'Rainbird Software', 'slug': 'rainbird-software', 'games_count': 13, 'image_background': 'https://media.rawg.io/media/screenshots/e7f/e7f1a261d2958b296476f1bd0c9a9453.jpg'}, {'id': 19518, 'name': 'Firebird', 'slug': 'firebird', 'games_count': 13, 'image_background': 'https://media.rawg.io/media/screenshots/a38/a38a2d68cc586603b9162f5e25b14245.jpg'}, {'id': 20215, 'name': 'Rainbird', 'slug': 'rainbird', 'games_count': 8, 'image_background': 'https://media.rawg.io/media/screenshots/c01/c0146832693c7574d0b3e875f8ed4b5d.jpg'}, {'id': 19902, 'name': 'Acornsoft', 'slug': 'acornsoft', 'games_count': 6, 'image_background': 'https://media.rawg.io/media/screenshots/0f7/0f70dada2fe45750162b0e67ce10836f.jpg'}, {'id': 20216, 'name': 'Superior', 'slug': 'superior', 'games_count': 3, 'image_background': 'https://media.rawg.io/media/screenshots/0f7/0f70dada2fe45750162b0e67ce10836f.jpg'}]",,,"Elite is a space trading video game, written and developed by David Braben and Ian Bell and originally published by Acornsoft for the BBC Micro and Acorn Electron computers in September 1984. Elite's open-ended game model, and revolutionary 3D graphics led to it being ported to virtually every contemporary home computer system, and earned it a place as a classic and a genre maker in gaming history. The game's title derives from one of the player's goals of raising their combat rating to the exalted heights of ""Elite"".
Elite was one of the first home computer games to use wire-frame 3D graphics with hidden line removal. It added graphics and twitch gameplay aspects to the genre established by the 1974 game Star Trader. Another novelty was the inclusion of The Dark Wheel, a novella by Robert Holdstock which gave players insight into the moral and legal codes to which they might aspire.
The game was followed by the sequels Frontier: Elite II in 1993, and Frontier: First Encounters in 1995, which introduced Newtonian physics, realistic star systems and seamless freeform planetary landings. A third sequel, Elite: Dangerous, began crowdfunding in 2012 and was launched on 16 December 2014, following a period of semi-open testing.
Elite proved hugely influential, serving as a model for other games including Wing Commander: Privateer, Grand Theft Auto, EVE Online, Freelancer, the X series and No Man's Sky.
Non-Acorn versions were each first published by Firebird and Imagineer. Subsequently, Frontier Developments has claimed the game to be a ""Game by Frontier"", to be part of its own back catalogue and all the rights to the game to have been owned by David Braben.",5.0,22.0,7.0,10.0,12.0,,,,,,,2.0,,,,,,,,,,,,
257220,nuts-milk,Nuts & Milk,Nuts & Milk,"<p>In this Arcade game the gameplay is quite simple, the hero, named &quot;Milk&quot; must get all the fruits in the screen in order to free his girlfriend (don&#39;t ask me what&#39;s the relation) who is captured inside of a house. Your rival &quot;&#39;Nuts&quot; will try to keep you away from your goal. To obtain the fruit, Milk will climb up ladders and jump onto different platforms.</p>
<p>Points are earned by obtaining the fruit, jumping over Nuts and completing the level in the shortest amount of time (obtaining the Bonus score value). Two game modes are included as well as a level editor.</p>",,[],1984-07-28,False,2024-10-15T12:34:43,https://media.rawg.io/media/games/c57/c57db2f732ad6cb5481b1a4b1583e0ab.jpg,https://media.rawg.io/media/screenshots/025/025065c9fba03d16be84a5826353780c.jpg,,3.95,4,"[{'id': 4, 'title': 'recommended', 'count': 16, 'percent': 76.19}, {'id': 5, 'title': 'exceptional', 'count': 3, 'percent': 14.29}, {'id': 3, 'title': 'meh', 'count': 1, 'percent': 4.76}, {'id': 1, 'title': 'skip', 'count': 1, 'percent': 4.76}]",50,0,7,0,0,0,0,,,,,0,0,0,1,20,188,[],,0,0,0,,21,0f0f0f,0f0f0f,"[{'platform': {'id': 7, 'name': 'Nintendo', 'slug': 'nintendo'}}]","[{'platform': {'id': 49, 'name': 'NES', 'slug': 'nes', 'image': None, 'year_end': None, 'year_start': None, 'games_count': 1015, 'image_background': 'https://media.rawg.io/media/games/7c5/7c50dd0415eb0a57505c58d4e50e4d24.jpg'}, 'released_at': '1984-07-28', 'requirements': {}}]",[],"[{'id': 14652, 'name': 'Hudson Soft', 'slug': 'hudson-soft', 'games_count': 114, 'image_background': 'https://media.rawg.io/media/screenshots/e87/e87bd8b2b7cff248c4d1af8264d25d09.jpg'}]","[{'id': 11, 'name': 'Arcade', 'slug': 'arcade', 'games_count': 22658, 'image_background': 'https://media.rawg.io/media/games/556/556157feed9ee1f55f2b12b2973e30a3.jpg'}]","[{'id': 1309, 'name': 'hero', 'slug': 'hero', 'language': 'eng', 'games_count': 4852, 'image_background': 'https://media.rawg.io/media/games/067/067480b8c161115c90e60fd120b1570e.jpg'}, {'id': 604, 'name': 'simple', 'slug': 'simple', 'language': 'eng', 'games_count': 9292, 'image_background': 'https://media.rawg.io/media/screenshots/ebb/ebb68b67bb3c0fbd7f67b3ac56f9d24b.jpg'}, {'id': 2654, 'name': 'fruit', 'slug': 'fruit', 'language': 'eng', 'games_count': 1295, 'image_background': 'https://media.rawg.io/media/screenshots/ed3/ed321d61cfd2348917a1b9060ec341d7.jpg'}, {'id': 717, 'name': 'jumping', 'slug': 'jumping', 'language': 'eng', 'games_count': 5846, 'image_background': 'https://media.rawg.io/media/screenshots/f6a/f6a1d3c35be275ae1b81e115a3ddbb00.jpg'}]","[{'id': 20740, 'name': 'Hudson Soft Company', 'slug': 'hudson-soft-company-ltd', 'games_count': 7, 'image_background': 'https://media.rawg.io/media/screenshots/723/723d4ba3905ca7632ddd17a986d20986.jpg'}]",,,"In this Arcade game the gameplay is quite simple, the hero, named ""Milk"" must get all the fruits in the screen in order to free his girlfriend (don't ask me what's the relation) who is captured inside of a house. Your rival ""'Nuts"" will try to keep you away from your goal. To obtain the fruit, Milk will climb up ladders and jump onto different platforms.

Points are earned by obtaining the fruit, jumping over Nuts and completing the level in the shortest amount of time (obtaining the Bonus score value). Two game modes are included as well as a level editor.",2.0,15.0,15.0,1.0,16.0,,,,1.0,,,1.0,,,,,,,,,,,,
55051,kings-quest-i,King's Quest I,King's Quest I,"<p>King&#39;s Quest is an adventure game developed by Sierra On-Line and published originally for the IBM PCjr in 1984 and later for several other systems between 1984 and 1989. The game was originally titled simply as King&#39;s Quest; the subtitle Quest for the Crown was added to the game box in the 1987 rerelease, but did not appear in the game itself.<br />
It is as the first official part of the long King&#39;s Quest series (not counting 1980&#39;s Wizard and the Princess), in which a young knight, Sir Graham, must save the Kingdom of Daventry to become the king. Designed by Roberta Williams, the game was revolutionary and highly influential in the evolution of the graphic adventure game genre by introducing more detailed graphics and animation.<br />
An official remake titled Roberta Williams&#39; King&#39;s Quest I: Quest for the Crown was released in 1990. An unofficial remake titled King&#39;s Quest I VGA was released by Tierra Entertainment in 2001.</p>",,[],1984-05-10,False,2025-04-15T19:25:20,https://media.rawg.io/media/screenshots/0a4/0a43e4e451c49bd75330f65616c5f198.jpg,https://media.rawg.io/media/screenshots/74d/74dbd5d003b3325e57283d110b2b71c0.jpg,,3.25,3,"[{'id': 3, 'title': 'meh', 'count': 5, 'percent': 41.67}, {'id': 4, 'title': 'recommended', 'count': 3, 'percent': 25.0}, {'id': 5, 'title': 'exceptional', 'count': 2, 'percent': 16.67}, {'id': 1, 'title': 'skip', 'count': 2, 'percent': 16.67}]",49,0,16,0,9,0,0,,,,,0,0,0,0,12,196,['King’s Quest: Quest for the Crown'],,0,0,6,,12,0f0f0f,0f0f0f,"[{'platform': {'id': 1, 'name': 'PC', 'slug': 'pc'}}, {'platform': {'id': 5, 'name': 'Apple Macintosh', 'slug': 'mac'}}, {'platform': {'id': 9, 'name': 'Atari', 'slug': 'atari'}}, {'platform': {'id': 10, 'name': 'Commodore / Amiga', 'slug': 'commodore-amiga'}}, {'platform': {'id': 11, 'name': 'SEGA', 'slug': 'sega'}}]","[{'platform': {'id': 166, 'name': 'Commodore / Amiga', 'slug': 'commodore-amiga', 'image': None, 'year_end': None, 'year_start': None, 'games_count': 2083, 'image_background': 'https://media.rawg.io/media/games/cce/cce8bebe861f295003f5a9fe5b11233f.jpg'}, 'released_at': '1984-05-10', 'requirements': {}}, {'platform': {'id': 74, 'name': 'SEGA Master System', 'slug': 'sega-master-system', 'image': None, 'year_end': None, 'year_start': None, 'games_count': 234, 'image_background': 'https://media.rawg.io/media/screenshots/a7f/a7f3cb62af2ee95d92065da88583338b.jpg'}, 'released_at': '1984-05-10', 'requirements': {}}, {'platform': {'id': 55, 'name': 'Classic Macintosh', 'slug': 'macintosh', 'image': None, 'year_end': None, 'year_start': None, 'games_count': 675, 'image_background': 'https://media.rawg.io/media/games/38a/38af969459ad6e5de116ec8a4a84218c.jpg'}, 'released_at': '1984-05-10', 'requirements': {}}, {'platform': {'id': 41, 'name': 'Apple II', 'slug': 'apple-ii', 'image': None, 'year_end': None, 'year_start': None, 'games_count': 424, 'image_background': 'https://media.rawg.io/media/screenshots/3d2/3d2bb57b39e2efa39d1c385585b2ea8b.jpg'}, 'released_at': '1984-05-10', 'requirements': {}}, {'platform': {'id': 34, 'name': 'Atari ST', 'slug': 'atari-st', 'image': None, 'year_end': None, 'year_start': None, 'games_count': 836, 'image_background': 'https://media.rawg.io/media/games/637/637d7dc2f44d0f6ddd3ee2c0b1366962.jpg'}, 'released_at': '1984-05-10', 'requirements': {}}, {'platform': {'id': 4, 'name': 'PC', 'slug': 'pc', 'image': None, 'year_end': None, 'year_start': None, 'games_count': 547196, 'image_background': 'https://media.rawg.io/media/games/6fc/6fcf4cd3b17c288821388e6085bb0fc9.jpg'}, 'released_at': '1984-05-10', 'requirements': {}}]",[],"[{'id': 1497, 'name': 'Sierra Entertainment', 'slug': 'sierra-entertainment', 'games_count': 46, 'image_background': 'https://media.rawg.io/media/screenshots/e5c/e5c9f61c648beb97143c5d70396240fe.jpg'}, {'id': 7564, 'name': 'Sierra On-Line', 'slug': 'sierra-on-line', 'games_count': 119, 'image_background': 'https://media.rawg.io/media/screenshots/3d7/3d7f9baa0db4d6fb67a5e17c29bda07f.jpg'}]","[{'id': 3, 'name': 'Adventure', 'slug': 'adventure', 'games_count': 146481, 'image_background': 'https://media.rawg.io/media/games/b6b/b6b20bfc4b34e312dbc8aac53c95a348.jpg'}]","[{'id': 31, 'name': 'Singleplayer', 'slug': 'singleplayer', 'language': 'eng', 'games_count': 238404, 'image_background': 'https://media.rawg.io/media/games/26d/26d4437715bee60138dab4a7c8c59c92.jpg'}]","[{'id': 12234, 'name': 'IBM', 'slug': 'ibm', 'games_count': 4, 'image_background': 'https://media.rawg.io/media/screenshots/76f/76f22d123327718cfc41cc9112c04bf3.jpg'}]",,,"King's Quest is an adventure game developed by Sierra On-Line and published originally for the IBM PCjr in 1984 and later for several other systems between 1984 and 1989. The game was originally titled simply as King's Quest; the subtitle Quest for the Crown was added to the game box in the 1987 rerelease, but did not appear in the game itself.
It is as the first official part of the long King's Quest series (not counting 1980's Wizard and the Princess), in which a young knight, Sir Graham, must save the Kingdom of Daventry to become the king. Designed by Roberta Williams, the game was revolutionary and highly influential in the evolution of the graphic adventure game genre by introducing more detailed graphics and animation.
An official remake titled Roberta Williams' King's Quest I: Quest for the Crown was released in 1990. An unofficial remake titled King's Quest I VGA was released by Tierra Entertainment in 2001.",6.0,18.0,15.0,7.0,3.0,,,,,,,,,,,,,,,,,,,
54063,spy-vs-spy-2,Spy vs. Spy,Spy vs. Spy,"<p>Spy vs. Spy was a game first published by First Star Software in 1984 for the Atari 8-bit family, Commodore 64 and Apple II computers. It was a two-player, split-screen game, based on MAD Magazine&#39;s long running cartoon strip, Spy vs. Spy, about the slapstick antics of two spies trying to kill each other with improbably complex and elaborate traps and weapons.<br />
It was later ported to a much wider range of platforms including the ZX Spectrum, Acorn Electron, Atari ST, BBC Micro, Commodore 16, MSX, Amstrad CPC, Amiga, Master System, Game Boy, Xbox, Game Boy Color and Nintendo Entertainment System, which was emulated on the Game Boy Advance. A remake with a retro version was also released on iOS in 2012, which was later incompatible with the advent of IOS 11 (and the exclusion of 32-bit apps).</p>",,[],1984-04-25,False,2022-11-07T09:11:22,https://media.rawg.io/media/screenshots/760/760760e667277d55337d74211cd4babb.jpg,https://media.rawg.io/media/screenshots/6af/6af0b9ecc5e006b017b64f7659a11f64.jpg,,3.91,4,"[{'id': 4, 'title': 'recommended', 'count': 15, 'percent': 65.22}, {'id': 5, 'title': 'exceptional', 'count': 4, 'percent': 17.39}, {'id': 3, 'title': 'meh', 'count': 3, 'percent': 13.04}, {'id': 1, 'title': 'skip', 'count': 1, 'percent': 4.35}]",48,0,24,0,10,0,0,,,,,0,0,0,1,21,245,"[""MAD Magazine's Official Spy vs. Spy""]",,0,0,0,,23,0f0f0f,0f0f0f,"[{'platform': {'id': 5, 'name': 'Apple Macintosh', 'slug': 'mac'}}, {'platform': {'id': 7, 'name': 'Nintendo', 'slug': 'nintendo'}}, {'platform': {'id': 9, 'name': 'Atari', 'slug': 'atari'}}, {'platform': {'id': 10, 'name': 'Commodore / Amiga', 'slug': 'commodore-amiga'}}, {'platform': {'id': 11, 'name': 'SEGA', 'slug': 'sega'}}]","[{'platform': {'id': 25, 'name': 'Atari 8-bit', 'slug': 'atari-8-bit', 'image': None, 'year_end': None, 'year_start': None, 'games_count': 308, 'image_background': 'https://media.rawg.io/media/screenshots/038/0385a47d3a43b218204268af5361a19e.jpg'}, 'released_at': '1984-04-25', 'requirements': {}}, {'platform': {'id': 26, 'name': 'Game Boy', 'slug': 'game-boy', 'image': None, 'year_end': None, 'year_start': None, 'games_count': 617, 'image_background': 'https://media.rawg.io/media/games/057/0573c1c9e1f2414c1f4acabe86ee9fd9.jpg'}, 'released_at': '1984-04-25', 'requirements': {}}, {'platform': {'id': 34, 'name': 'Atari ST', 'slug': 'atari-st', 'image': None, 'year_end': None, 'year_start': None, 'games_count': 836, 'image_background': 'https://media.rawg.io/media/games/637/637d7dc2f44d0f6ddd3ee2c0b1366962.jpg'}, 'released_at': '1984-04-25', 'requirements': {}}, {'platform': {'id': 41, 'name': 'Apple II', 'slug': 'apple-ii', 'image': None, 'year_end': None, 'year_start': None, 'games_count': 424, 'image_background': 'https://media.rawg.io/media/screenshots/3d2/3d2bb57b39e2efa39d1c385585b2ea8b.jpg'}, 'released_at': '1984-04-25', 'requirements': {}}, {'platform': {'id': 43, 'name': 'Game Boy Color', 'slug': 'game-boy-color', 'image': None, 'year_end': None, 'year_start': None, 'games_count': 427, 'image_background': 'https://media.rawg.io/media/games/28b/28b088364ecab7870dffc3b710104734.jpg'}, 'released_at': '1984-04-25', 'requirements': {}}, {'platform': {'id': 49, 'name': 'NES', 'slug': 'nes', 'image': None, 'year_end': None, 'year_start': None, 'games_count': 1015, 'image_background': 'https://media.rawg.io/media/games/7c5/7c50dd0415eb0a57505c58d4e50e4d24.jpg'}, 'released_at': '1984-04-25', 'requirements': {}}, {'platform': {'id': 74, 'name': 'SEGA Master System', 'slug': 'sega-master-system', 'image': None, 'year_end': None, 'year_start': None, 'games_count': 234, 'image_background': 'https://media.rawg.io/media/screenshots/a7f/a7f3cb62af2ee95d92065da88583338b.jpg'}, 'released_at': '1984-04-25', 'requirements': {}}, {'platform': {'id': 166, 'name': 'Commodore / Amiga', 'slug': 'commodore-amiga', 'image': None, 'year_end': None, 'year_start': None, 'games_count': 2083, 'image_background': 'https://media.rawg.io/media/games/cce/cce8bebe861f295003f5a9fe5b11233f.jpg'}, 'released_at': '1984-04-25', 'requirements': {}}]",[],"[{'id': 16596, 'name': 'First Star Software', 'slug': 'first-star-software', 'games_count': 9, 'image_background': 'https://media.rawg.io/media/screenshots/ac7/ac7952f6cf796911f5ce857eeaede015.jpg'}]","[{'id': 4, 'name': 'Action', 'slug': 'action', 'games_count': 186608, 'image_background': 'https://media.rawg.io/media/games/618/618c2031a07bbff6b4f611f10b6bcdbc.jpg'}, {'id': 10, 'name': 'Strategy', 'slug': 'strategy', 'games_count': 59661, 'image_background': 'https://media.rawg.io/media/games/08b/08b2eee52a9876a48b955e5149affe5b.jpg'}, {'id': 7, 'name': 'Puzzle', 'slug': 'puzzle', 'games_count': 97333, 'image_background': 'https://media.rawg.io/media/games/9f4/9f418898f5415668ca47b5f4ab1ecfeb.jpg'}]","[{'id': 31, 'name': 'Singleplayer', 'slug': 'singleplayer', 'language': 'eng', 'games_count': 238404, 'image_background': 'https://media.rawg.io/media/games/26d/26d4437715bee60138dab4a7c8c59c92.jpg'}, {'id': 7, 'name': 'Multiplayer', 'slug': 'multiplayer', 'language': 'eng', 'games_count': 40505, 'image_background': 'https://media.rawg.io/media/games/021/021c4e21a1824d2526f925eff6324653.jpg'}]","[{'id': 5725, 'name': 'KEMCO', 'slug': 'kemco', 'games_count': 160, 'image_background': 'https://media.rawg.io/media/screenshots/f98/f98fd57fa9240bec6e4811f5d4fb704b.jpg'}, {'id': 19981, 'name': 'Beyond Software', 'slug': 'beyond-software', 'games_count': 4, 'image_background': 'https://media.rawg.io/media/screenshots/f64/f64fc102b850732764dfd7c29cca3429.jpg'}, {'id': 19980, 'name': 'Tynesoft', 'slug': 'tynesoft', 'games_count': 5, 'image_background': 'https://media.rawg.io/media/screenshots/760/760760e667277d55337d74211cd4babb.jpg'}, {'id': 19979, 'name': 'Robots and Pencils', 'slug': 'robots-and-pencils', 'games_count': 1, 'image_background': 'https://media.rawg.io/media/screenshots/760/760760e667277d55337d74211cd4babb.jpg'}, {'id': 19982, 'name': 'Wicked Software', 'slug': 'wicked-software', 'games_count': 1, 'image_background': 'https://media.rawg.io/media/screenshots/760/760760e667277d55337d74211cd4babb.jpg'}]",,,"Spy vs. Spy was a game first published by First Star Software in 1984 for the Atari 8-bit family, Commodore 64 and Apple II computers. It was a two-player, split-screen game, based on MAD Magazine's long running cartoon strip, Spy vs. Spy, about the slapstick antics of two spies trying to kill each other with improbably complex and elaborate traps and weapons.
It was later ported to a much wider range of platforms including the ZX Spectrum, Acorn Electron, Atari ST, BBC Micro, Commodore 16, MSX, Amstrad CPC, Amiga, Master System, Game Boy, Xbox, Game Boy Color and Nintendo Entertainment System, which was emulated on the Game Boy Advance. A remake with a retro version was also released on iOS in 2012, which was later incompatible with the advent of IOS 11 (and the exclusion of 32-bit apps).",,17.0,12.0,5.0,14.0,,,,,,,,,,,,,,,1.0,,,,
55271,f-1-race,F-1 Race,F-1 Race,"<p>F-1 Race (F1レース, F1 Rēsu) is a racing video game released in 1984 for the Family Computer in Japan. A version was released in 1990 for the Game Boy in Japan and in 1991 in Europe and North America, which included the Four Player Adapter for four player gameplay.</p>",,[],1984-11-02,False,2023-04-23T06:47:20,https://media.rawg.io/media/games/55d/55de30a78f61f345b096a3d489aad513.jpg,https://media.rawg.io/media/screenshots/0af/0af18f2b7925d0b966b41bb1dbfdaafa.jpg,,3.72,4,"[{'id': 4, 'title': 'recommended', 'count': 11, 'percent': 61.11}, {'id': 3, 'title': 'meh', 'count': 4, 'percent': 22.22}, {'id': 5, 'title': 'exceptional', 'count': 2, 'percent': 11.11}, {'id': 1, 'title': 'skip', 'count': 1, 'percent': 5.56}]",42,0,13,0,2,0,0,,,,,0,0,0,1,16,255,[],,0,0,0,,18,0f0f0f,0f0f0f,"[{'platform': {'id': 7, 'name': 'Nintendo', 'slug': 'nintendo'}}]","[{'platform': {'id': 26, 'name': 'Game Boy', 'slug': 'game-boy', 'image': None, 'year_end': None, 'year_start': None, 'games_count': 617, 'image_background': 'https://media.rawg.io/media/games/057/0573c1c9e1f2414c1f4acabe86ee9fd9.jpg'}, 'released_at': '1984-11-02', 'requirements': {}}]",[],"[{'id': 16257, 'name': 'Nintendo', 'slug': 'nintendo', 'games_count': 426, 'image_background': 'https://media.rawg.io/media/games/d9c/d9c8b7edc78391619566adfeb52b5a9a.jpg'}, {'id': 14505, 'name': 'HAL Laboratory', 'slug': 'hal-laboratory', 'games_count': 61, 'image_background': 'https://media.rawg.io/media/screenshots/f19/f19840339a403fd40d43a633f4e96428.jpg'}]","[{'id': 1, 'name': 'Racing', 'slug': 'racing', 'games_count': 25359, 'image_background': 'https://media.rawg.io/media/screenshots/69b/69bb243ea9896ddfc2e051b58e81624d.jpg'}]","[{'id': 31, 'name': 'Singleplayer', 'slug': 'singleplayer', 'language': 'eng', 'games_count': 238404, 'image_background': 'https://media.rawg.io/media/games/26d/26d4437715bee60138dab4a7c8c59c92.jpg'}, {'id': 7, 'name': 'Multiplayer', 'slug': 'multiplayer', 'language': 'eng', 'games_count': 40505, 'image_background': 'https://media.rawg.io/media/games/021/021c4e21a1824d2526f925eff6324653.jpg'}]","[{'id': 10681, 'name': 'Nintendo', 'slug': 'nintendo', 'games_count': 1235, 'image_background': 'https://media.rawg.io/media/games/dd1/dd167cf8753db3748a975d61cc926e54.jpg'}]",,,"F-1 Race (F1レース, F1 Rēsu) is a racing video game released in 1984 for the Family Computer in Japan. A version was released in 1990 for the Game Boy in Japan and in 1991 in Europe and North America, which included the Four Player Adapter for four player gameplay.",1.0,8.0,12.0,4.0,17.0,,,,,,,,,,,,,,,,,,,
54130,urban-champion-1984,Urban Champion (1984),Urban Champion (1984),"<p>Not to be confused with the Hartung Game Master game of the same name.<br />
Urban Champion (アーバンチャンピオン) is a 2-player fighting game produced by Nintendo in 1984. It was inspired by the 1984 Game &amp; Watch title Boxing (also known as Punch-Out!!). It is also Nintendo&#39;s first 2D fighting game, eventually followed in 1993 by Joy Mech Fight, released exclusively in Japan for the same platform.</p>",,[],1984-11-14,False,2022-11-10T18:23:22,https://media.rawg.io/media/screenshots/a0f/a0f821f258c07c59110737c98934778f.jpg,https://media.rawg.io/media/screenshots/e66/e66de4162abef529e2ac1089ec412ff9.jpg,,3.64,4,"[{'id': 4, 'title': 'recommended', 'count': 7, 'percent': 50.0}, {'id': 5, 'title': 'exceptional', 'count': 3, 'percent': 21.43}, {'id': 3, 'title': 'meh', 'count': 2, 'percent': 14.29}, {'id': 1, 'title': 'skip', 'count': 2, 'percent': 14.29}]",39,0,7,0,5,0,0,,,,,0,0,0,1,12,137,['アーバンチャンピオン'],,0,2,0,,14,0f0f0f,0f0f0f,"[{'platform': {'id': 7, 'name': 'Nintendo', 'slug': 'nintendo'}}]","[{'platform': {'id': 49, 'name': 'NES', 'slug': 'nes', 'image': None, 'year_end': None, 'year_start': None, 'games_count': 1015, 'image_background': 'https://media.rawg.io/media/games/7c5/7c50dd0415eb0a57505c58d4e50e4d24.jpg'}, 'released_at': '1984-11-14', 'requirements': {}}]",[],"[{'id': 16257, 'name': 'Nintendo', 'slug': 'nintendo', 'games_count': 426, 'image_background': 'https://media.rawg.io/media/games/d9c/d9c8b7edc78391619566adfeb52b5a9a.jpg'}]","[{'id': 6, 'name': 'Fighting', 'slug': 'fighting', 'games_count': 11763, 'image_background': 'https://media.rawg.io/media/games/35b/35b47c4d85cd6e08f3e2ca43ea5ce7bb.jpg'}]","[{'id': 31, 'name': 'Singleplayer', 'slug': 'singleplayer', 'language': 'eng', 'games_count': 238404, 'image_background': 'https://media.rawg.io/media/games/26d/26d4437715bee60138dab4a7c8c59c92.jpg'}, {'id': 7, 'name': 'Multiplayer', 'slug': 'multiplayer', 'language': 'eng', 'games_count': 40505, 'image_background': 'https://media.rawg.io/media/games/021/021c4e21a1824d2526f925eff6324653.jpg'}, {'id': 365, 'name': 'Two Players', 'slug': 'two-players', 'language': 'eng', 'games_count': 19, 'image_background': 'https://media.rawg.io/media/screenshots/a65/a6596e72e293821e2fcabaf1fa9871d2.jpg'}]","[{'id': 10681, 'name': 'Nintendo', 'slug': 'nintendo', 'games_count': 1235, 'image_background': 'https://media.rawg.io/media/games/dd1/dd167cf8753db3748a975d61cc926e54.jpg'}]",,,"Not to be confused with the Hartung Game Master game of the same name.
Urban Champion (アーバンチャンピオン) is a 2-player fighting game produced by Nintendo in 1984. It was inspired by the 1984 Game & Watch title Boxing (also known as Punch-Out!!). It is also Nintendo's first 2D fighting game, eventually followed in 1993 by Joy Mech Fight, released exclusively in Japan for the same platform.",,8.0,15.0,3.0,13.0,,,,,,,,,,,1.0,Everyone,everyone,,1.0,,,,
56349,beyond-castle-wolfenstein,Beyond Castle Wolfenstein,Beyond Castle Wolfenstein,"<p>Beyond Castle Wolfenstein is a 1984 World War II stealth game. A direct sequel to Castle Wolfenstein, it is the second game in the Wolfenstein series, and the last installment to be released by original developer Muse Software before their closure. Unlike the original, Beyond Castle Wolfenstein was developed simultaneously for both the Apple II and the Commodore 64, but was quickly ported to MS-DOS and the Atari 8-bit family.</p>",,[],1984-01-01,False,2024-01-06T10:57:31,https://media.rawg.io/media/screenshots/83b/83b9b28cbf77d58b9b86caf6cd3f0cfa.jpg,https://media.rawg.io/media/screenshots/7f9/7f9e0e1fad08ddd02ac3cecf2f5fd106.jpg,,2.62,4,"[{'id': 4, 'title': 'recommended', 'count': 5, 'percent': 38.46}, {'id': 1, 'title': 'skip', 'count': 5, 'percent': 38.46}, {'id': 3, 'title': 'meh', 'count': 3, 'percent': 23.08}]",38,0,8,0,3,0,0,,,,,0,0,0,0,12,184,"['Beyond Castle Wolfenstein: ""Stop the Fuehrer']",,1,0,0,,13,0f0f0f,0f0f0f,"[{'platform': {'id': 1, 'name': 'PC', 'slug': 'pc'}}, {'platform': {'id': 5, 'name': 'Apple Macintosh', 'slug': 'mac'}}, {'platform': {'id': 9, 'name': 'Atari', 'slug': 'atari'}}, {'platform': {'id': 10, 'name': 'Commodore / Amiga', 'slug': 'commodore-amiga'}}]","[{'platform': {'id': 4, 'name': 'PC', 'slug': 'pc', 'image': None, 'year_end': None, 'year_start': None, 'games_count': 547196, 'image_background': 'https://media.rawg.io/media/games/6fc/6fcf4cd3b17c288821388e6085bb0fc9.jpg'}, 'released_at': '1984-01-01', 'requirements': {}}, {'platform': {'id': 25, 'name': 'Atari 8-bit', 'slug': 'atari-8-bit', 'image': None, 'year_end': None, 'year_start': None, 'games_count': 308, 'image_background': 'https://media.rawg.io/media/screenshots/038/0385a47d3a43b218204268af5361a19e.jpg'}, 'released_at': '1984-01-01', 'requirements': {}}, {'platform': {'id': 41, 'name': 'Apple II', 'slug': 'apple-ii', 'image': None, 'year_end': None, 'year_start': None, 'games_count': 424, 'image_background': 'https://media.rawg.io/media/screenshots/3d2/3d2bb57b39e2efa39d1c385585b2ea8b.jpg'}, 'released_at': '1984-01-01', 'requirements': {}}, {'platform': {'id': 166, 'name': 'Commodore / Amiga', 'slug': 'commodore-amiga', 'image': None, 'year_end': None, 'year_start': None, 'games_count': 2083, 'image_background': 'https://media.rawg.io/media/games/cce/cce8bebe861f295003f5a9fe5b11233f.jpg'}, 'released_at': '1984-01-01', 'requirements': {}}]",[],"[{'id': 27201, 'name': 'Muse Software', 'slug': 'muse-software', 'games_count': 3, 'image_background': 'https://media.rawg.io/media/screenshots/e6e/e6ef21c089743626b6840f4693cc6407.jpg'}]","[{'id': 2, 'name': 'Shooter', 'slug': 'shooter', 'games_count': 59560, 'image_background': 'https://media.rawg.io/media/games/d58/d588947d4286e7b5e0e12e1bea7d9844.jpg'}]","[{'id': 31, 'name': 'Singleplayer', 'slug': 'singleplayer', 'language': 'eng', 'games_count': 238404, 'image_background': 'https://media.rawg.io/media/games/26d/26d4437715bee60138dab4a7c8c59c92.jpg'}]","[{'id': 20380, 'name': 'Muse Software', 'slug': 'muse-software', 'games_count': 3, 'image_background': 'https://media.rawg.io/media/screenshots/c85/c85091f96ba5110b6db83ff5b1a62b80.jpg'}]",,,"Beyond Castle Wolfenstein is a 1984 World War II stealth game. A direct sequel to Castle Wolfenstein, it is the second game in the Wolfenstein series, and the last installment to be released by original developer Muse Software before their closure. Unlike the original, Beyond Castle Wolfenstein was developed simultaneously for both the Apple II and the Commodore 64, but was quickly ported to MS-DOS and the Atari 8-bit family.",2.0,14.0,8.0,6.0,8.0,,,,,,,,,,,,,,,,,,,
52621,boulder-dash-1984,Boulder Dash (1984),Boulder Dash (1984),"<p>Boulder Dash (バルダーダッシュ, Barudā Dasshu), is a video game released in 1984 by First Star Software for Atari 8-bit computers. There have been numerous versions and sequels in this series for numerous interactive platforms including: Apple II, MSX, ZX Spectrum, Commodore 64, ColecoVision, NES, BBC Micro, Acorn Electron, PC, Amstrad CPC, Amiga, Intellivision, Mac, Xbox 360 and many other platforms. It also influenced other games in the rocks-and-diamonds genre such as Repton. The original Boulder Dash was created by Peter Liepa with Chris Gray, and on October 28, 1983, acquired by First Star Software, which still owns the rights to the game and the intellectual property, including the registered trademark: &quot;Boulder Dash&quot;.<br />
The game&#39;s protagonist is called &quot;Rockford&quot;. He must dig through caves collecting gems and diamonds and reach the exit within a time limit, while avoiding various types of dangerous creatures as well as obstacles like falling rocks and the constant danger of being crushed or trapped by an avalanche, or killed by an underground explosion.<br />
On January 21, 2014, First Star Software and TapStar Interactive announced Boulder Dash - 30th Anniversary, a freemium mobile title developed by First Star Software, TapStar and SoMa Play Inc. for Android and iOS. The PC and Mac versions of Boulder Dash - 30th Anniversary were listed on Steam&#39;s GreenLight June 24, 2016, and released on September 14, 2016 on Steam. The PC and Mac versions include a cave (level) editor which allows players to create, play and share levels on Steam&#39;s Workshop.<br />
As of January 1, 2018 the First Star Software name and website are owned by BBG Entertainment GmbH which also purchased all intellectual property rights pertaining to Astro Chase™, BOiNG!™, Boulder Dash®, Bristles™, Flip &amp; Flop™, Millemium Warriors™, Omnicron Conspiracy™, Panic Button™, Rent Wars™ and Security Alert™.</p>",,[],1984-01-01,False,2025-02-08T12:30:18,https://media.rawg.io/media/screenshots/a01/a010d8a01b600c212a9e77500663fac7.jpg,https://media.rawg.io/media/screenshots/496/4967dee32019e736a15edb2e566986d9.jpg,,4.1,4,"[{'id': 4, 'title': 'recommended', 'count': 9, 'percent': 90.0}, {'id': 5, 'title': 'exceptional', 'count': 1, 'percent': 10.0}]",38,0,27,0,13,0,0,,,,,0,0,0,0,10,266,"['Boulder Dash - Starring: Rockford', 'Boulder Dash Vol. 1', 'Champion Boulder Dash', 'バルダーダッシュ']",,0,0,0,,10,0f0f0f,0f0f0f,"[{'platform': {'id': 4, 'name': 'iOS', 'slug': 'ios'}}, {'platform': {'id': 5, 'name': 'Apple Macintosh', 'slug': 'mac'}}, {'platform': {'id': 7, 'name': 'Nintendo', 'slug': 'nintendo'}}, {'platform': {'id': 9, 'name': 'Atari', 'slug': 'atari'}}, {'platform': {'id': 10, 'name': 'Commodore / Amiga', 'slug': 'commodore-amiga'}}]","[{'platform': {'id': 3, 'name': 'iOS', 'slug': 'ios', 'image': None, 'year_end': None, 'year_start': None, 'games_count': 77392, 'image_background': 'https://media.rawg.io/media/games/5fa/5fae5fec3c943179e09da67a4427d68f.jpg'}, 'released_at': '1984-01-01', 'requirements': {}}, {'platform': {'id': 11, 'name': 'Wii', 'slug': 'wii', 'image': None, 'year_end': None, 'year_start': None, 'games_count': 2209, 'image_background': 'https://media.rawg.io/media/games/9ca/9ca31615beee447f3ae1dc9b3b736dce.jpg'}, 'released_at': '1984-01-01', 'requirements': {}}, {'platform': {'id': 23, 'name': 'Atari 2600', 'slug': 'atari-2600', 'image': None, 'year_end': None, 'year_start': None, 'games_count': 294, 'image_background': 'https://media.rawg.io/media/screenshots/ff6/ff623993a854663931c1e78d72a16a5a.jpg'}, 'released_at': '1984-01-01', 'requirements': {}}, {'platform': {'id': 24, 'name': 'Game Boy Advance', 'slug': 'game-boy-advance', 'image': None, 'year_end': None, 'year_start': None, 'games_count': 950, 'image_background': 'https://media.rawg.io/media/games/98c/98c87b286cd2a2ba942167df384a9bd3.jpg'}, 'released_at': '1984-01-01', 'requirements': {}}, {'platform': {'id': 25, 'name': 'Atari 8-bit', 'slug': 'atari-8-bit', 'image': None, 'year_end': None, 'year_start': None, 'games_count': 308, 'image_background': 'https://media.rawg.io/media/screenshots/038/0385a47d3a43b218204268af5361a19e.jpg'}, 'released_at': '1984-01-01', 'requirements': {}}, {'platform': {'id': 26, 'name': 'Game Boy', 'slug': 'game-boy', 'image': None, 'year_end': None, 'year_start': None, 'games_count': 617, 'image_background': 'https://media.rawg.io/media/games/057/0573c1c9e1f2414c1f4acabe86ee9fd9.jpg'}, 'released_at': '1984-01-01', 'requirements': {}}, {'platform': {'id': 34, 'name': 'Atari ST', 'slug': 'atari-st', 'image': None, 'year_end': None, 'year_start': None, 'games_count': 836, 'image_background': 'https://media.rawg.io/media/games/637/637d7dc2f44d0f6ddd3ee2c0b1366962.jpg'}, 'released_at': '1984-01-01', 'requirements': {}}, {'platform': {'id': 41, 'name': 'Apple II', 'slug': 'apple-ii', 'image': None, 'year_end': None, 'year_start': None, 'games_count': 424, 'image_background': 'https://media.rawg.io/media/screenshots/3d2/3d2bb57b39e2efa39d1c385585b2ea8b.jpg'}, 'released_at': '1984-01-01', 'requirements': {}}, {'platform': {'id': 49, 'name': 'NES', 'slug': 'nes', 'image': None, 'year_end': None, 'year_start': None, 'games_count': 1015, 'image_background': 'https://media.rawg.io/media/games/7c5/7c50dd0415eb0a57505c58d4e50e4d24.jpg'}, 'released_at': '1984-01-01', 'requirements': {}}, {'platform': {'id': 166, 'name': 'Commodore / Amiga', 'slug': 'commodore-amiga', 'image': None, 'year_end': None, 'year_start': None, 'games_count': 2083, 'image_background': 'https://media.rawg.io/media/games/cce/cce8bebe861f295003f5a9fe5b11233f.jpg'}, 'released_at': '1984-01-01', 'requirements': {}}]",[],"[{'id': 16596, 'name': 'First Star Software', 'slug': 'first-star-software', 'games_count': 9, 'image_background': 'https://media.rawg.io/media/screenshots/ac7/ac7952f6cf796911f5ce857eeaede015.jpg'}, {'id': 16344, 'name': 'Chris Gray', 'slug': 'chris-gray', 'games_count': 2, 'image_background': 'https://media.rawg.io/media/screenshots/d39/d39e1b0b2bb373bac3320cd0f27ac9bd.jpg'}, {'id': 26009, 'name': 'Peter Liepa', 'slug': 'peter-liepa', 'games_count': 1, 'image_background': 'https://media.rawg.io/media/screenshots/a01/a010d8a01b600c212a9e77500663fac7.jpg'}]","[{'id': 4, 'name': 'Action', 'slug': 'action', 'games_count': 186608, 'image_background': 'https://media.rawg.io/media/games/618/618c2031a07bbff6b4f611f10b6bcdbc.jpg'}, {'id': 7, 'name': 'Puzzle', 'slug': 'puzzle', 'games_count': 97333, 'image_background': 'https://media.rawg.io/media/games/9f4/9f418898f5415668ca47b5f4ab1ecfeb.jpg'}]","[{'id': 31, 'name': 'Singleplayer', 'slug': 'singleplayer', 'language': 'eng', 'games_count': 238404, 'image_background': 'https://media.rawg.io/media/games/26d/26d4437715bee60138dab4a7c8c59c92.jpg'}]","[{'id': 19500, 'name': 'First Star Software', 'slug': 'first-star-software', 'games_count': 6, 'image_background': 'https://media.rawg.io/media/screenshots/ac7/ac7952f6cf796911f5ce857eeaede015.jpg'}]",,,"Boulder Dash (バルダーダッシュ, Barudā Dasshu), is a video game released in 1984 by First Star Software for Atari 8-bit computers. There have been numerous versions and sequels in this series for numerous interactive platforms including: Apple II, MSX, ZX Spectrum, Commodore 64, ColecoVision, NES, BBC Micro, Acorn Electron, PC, Amstrad CPC, Amiga, Intellivision, Mac, Xbox 360 and many other platforms. It also influenced other games in the rocks-and-diamonds genre such as Repton. The original Boulder Dash was created by Peter Liepa with Chris Gray, and on October 28, 1983, acquired by First Star Software, which still owns the rights to the game and the intellectual property, including the registered trademark: ""Boulder Dash"".
The game's protagonist is called ""Rockford"". He must dig through caves collecting gems and diamonds and reach the exit within a time limit, while avoiding various types of dangerous creatures as well as obstacles like falling rocks and the constant danger of being crushed or trapped by an avalanche, or killed by an underground explosion.
On January 21, 2014, First Star Software and TapStar Interactive announced Boulder Dash - 30th Anniversary, a freemium mobile title developed by First Star Software, TapStar and SoMa Play Inc. for Android and iOS. The PC and Mac versions of Boulder Dash - 30th Anniversary were listed on Steam's GreenLight June 24, 2016, and released on September 14, 2016 on Steam. The PC and Mac versions include a cave (level) editor which allows players to create, play and share levels on Steam's Workshop.
As of January 1, 2018 the First Star Software name and website are owned by BBG Entertainment GmbH which also purchased all intellectual property rights pertaining to Astro Chase™, BOiNG!™, Boulder Dash®, Bristles™, Flip & Flop™, Millemium Warriors™, Omnicron Conspiracy™, Panic Button™, Rent Wars™ and Security Alert™.",1.0,13.0,7.0,4.0,13.0,,,,,,,,,,,,,,,,,,,
32696,alley-cat,Alley Cat,Alley Cat,"<p>Alley Cat is an arcade game developed by SynSoft. It came out on 01-01-1984. IBM published the game. Most rawgers rated the game as ""Exceptional"". <br>You can play Alley Cat on PC. </p>

<p></p>",,[],1984-01-01,False,2023-10-08T19:58:32,https://media.rawg.io/media/screenshots/5c0/5c08fed4b1221bd9fbe4371f0e513d89.jpg,https://media.rawg.io/media/screenshots/7cd/7cd3b598aca239b3082239c868120012.jpg,,3.67,5,"[{'id': 5, 'title': 'exceptional', 'count': 2, 'percent': 33.33}, {'id': 4, 'title': 'recommended', 'count': 2, 'percent': 33.33}, {'id': 3, 'title': 'meh', 'count': 1, 'percent': 16.67}, {'id': 1, 'title': 'skip', 'count': 1, 'percent': 16.67}]",35,0,4,0,2,0,0,,,,,0,0,0,0,5,49,[],,0,0,0,,6,0f0f0f,0f0f0f,"[{'platform': {'id': 1, 'name': 'PC', 'slug': 'pc'}}]","[{'platform': {'id': 4, 'name': 'PC', 'slug': 'pc', 'image': None, 'year_end': None, 'year_start': None, 'games_count': 547196, 'image_background': 'https://media.rawg.io/media/games/6fc/6fcf4cd3b17c288821388e6085bb0fc9.jpg'}, 'released_at': '1984-01-01', 'requirements': {}}]",[],"[{'id': 15882, 'name': 'SynSoft', 'slug': 'synsoft', 'games_count': 2, 'image_background': 'https://media.rawg.io/media/screenshots/5c0/5c08fed4b1221bd9fbe4371f0e513d89.jpg'}]","[{'id': 11, 'name': 'Arcade', 'slug': 'arcade', 'games_count': 22658, 'image_background': 'https://media.rawg.io/media/games/556/556157feed9ee1f55f2b12b2973e30a3.jpg'}]",[],"[{'id': 12234, 'name': 'IBM', 'slug': 'ibm', 'games_count': 4, 'image_background': 'https://media.rawg.io/media/screenshots/76f/76f22d123327718cfc41cc9112c04bf3.jpg'}]",,,,1.0,16.0,8.0,3.0,7.0,,,,,,,,,,,,,,,,,,,
368954,f1-race,F1 Race,F1 Race,"<p>F1 Race is a racing game developed by Nintendo. It was originally released in 1984. It was published by Nintendo. Most rawgers rated the game as ""Meh"". <br>You can play F1 Race on NES. </p>

<p></p>",,[],1984-11-02,False,2024-10-01T16:29:42,https://media.rawg.io/media/screenshots/9f5/9f59feb5cceb6f63891df200c6d313d4.jpg,https://media.rawg.io/media/screenshots/2a5/2a567db45fb9ef07fcd29b9d71cb96b6.jpg,,3.4,3,"[{'id': 3, 'title': 'meh', 'count': 6, 'percent': 60.0}, {'id': 4, 'title': 'recommended', 'count': 4, 'percent': 40.0}]",34,0,4,0,0,0,0,,,,,0,0,0,1,9,78,[],,0,0,0,,10,0f0f0f,0f0f0f,"[{'platform': {'id': 7, 'name': 'Nintendo', 'slug': 'nintendo'}}]","[{'platform': {'id': 49, 'name': 'NES', 'slug': 'nes', 'image': None, 'year_end': None, 'year_start': None, 'games_count': 1015, 'image_background': 'https://media.rawg.io/media/games/7c5/7c50dd0415eb0a57505c58d4e50e4d24.jpg'}, 'released_at': '1984-11-02', 'requirements': {}}]",[],"[{'id': 16257, 'name': 'Nintendo', 'slug': 'nintendo', 'games_count': 426, 'image_background': 'https://media.rawg.io/media/games/d9c/d9c8b7edc78391619566adfeb52b5a9a.jpg'}]","[{'id': 1, 'name': 'Racing', 'slug': 'racing', 'games_count': 25359, 'image_background': 'https://media.rawg.io/media/screenshots/69b/69bb243ea9896ddfc2e051b58e81624d.jpg'}]",[],"[{'id': 10681, 'name': 'Nintendo', 'slug': 'nintendo', 'games_count': 1235, 'image_background': 'https://media.rawg.io/media/games/dd1/dd167cf8753db3748a975d61cc926e54.jpg'}]",,,,1.0,9.0,6.0,2.0,16.0,,,,,,,,,,,,,,,,1.0,,,
31501,montezumas-revenge,Montezuma's Revenge,Montezuma's Revenge,"This is the official version of the 80's classic ""Montezuma's Revenge!"" rebooted by the original developer. <br/>
<br/>
Explore the chambers of the mysterious Aztec pyramid! Climb the stairs and ropes, collect keys to open doors! Collect the jewels &amp; swords, and the coveted torch! Beware of the snakes, skulls and spiders! And finally, find the treasure room at the end of the underground labyrinth!<br/>
<br/>
It has all the original key features of the original Atari classic plus a number of interesting new improvements.",,[],1984-01-01,False,2023-11-27T06:42:05,https://media.rawg.io/media/screenshots/bd7/bd75f121c046982a8df4d1e188ab6c26.jpg,https://media.rawg.io/media/screenshots/ee3/ee3a190d4684329e5d6ccb90672cdef8.jpg,https://www.facebook.com/MontezumasRevengeGame,3.71,4,"[{'id': 4, 'title': 'recommended', 'count': 3, 'percent': 42.86}, {'id': 5, 'title': 'exceptional', 'count': 2, 'percent': 28.57}, {'id': 3, 'title': 'meh', 'count': 1, 'percent': 14.29}, {'id': 1, 'title': 'skip', 'count': 1, 'percent': 14.29}]",33,0,5,0,1,9,9,,,,,0,0,0,0,6,90,[],,0,0,0,,7,0f0f0f,0f0f0f,"[{'platform': {'id': 1, 'name': 'PC', 'slug': 'pc'}}, {'platform': {'id': 5, 'name': 'Apple Macintosh', 'slug': 'mac'}}, {'platform': {'id': 9, 'name': 'Atari', 'slug': 'atari'}}, {'platform': {'id': 10, 'name': 'Commodore / Amiga', 'slug': 'commodore-amiga'}}, {'platform': {'id': 11, 'name': 'SEGA', 'slug': 'sega'}}]","[{'platform': {'id': 4, 'name': 'PC', 'slug': 'pc', 'image': None, 'year_end': None, 'year_start': None, 'games_count': 547196, 'image_background': 'https://media.rawg.io/media/games/6fc/6fcf4cd3b17c288821388e6085bb0fc9.jpg'}, 'released_at': '2020-10-12', 'requirements': {'minimum': 'Minimum:\nOS: Windows10\nProcessor: any\nMemory: 500 MB RAM\nGraphics: any\nStorage: 50 MB available space'}}, {'platform': {'id': 74, 'name': 'SEGA Master System', 'slug': 'sega-master-system', 'image': None, 'year_end': None, 'year_start': None, 'games_count': 234, 'image_background': 'https://media.rawg.io/media/screenshots/a7f/a7f3cb62af2ee95d92065da88583338b.jpg'}, 'released_at': '1984-01-01', 'requirements': {}}, {'platform': {'id': 41, 'name': 'Apple II', 'slug': 'apple-ii', 'image': None, 'year_end': None, 'year_start': None, 'games_count': 424, 'image_background': 'https://media.rawg.io/media/screenshots/3d2/3d2bb57b39e2efa39d1c385585b2ea8b.jpg'}, 'released_at': '1984-01-01', 'requirements': {}}, {'platform': {'id': 25, 'name': 'Atari 8-bit', 'slug': 'atari-8-bit', 'image': None, 'year_end': None, 'year_start': None, 'games_count': 308, 'image_background': 'https://media.rawg.io/media/screenshots/038/0385a47d3a43b218204268af5361a19e.jpg'}, 'released_at': '1984-01-01', 'requirements': {}}, {'platform': {'id': 31, 'name': 'Atari 5200', 'slug': 'atari-5200', 'image': None, 'year_end': None, 'year_start': None, 'games_count': 64, 'image_background': 'https://media.rawg.io/media/screenshots/678/6786598cba3939d48ed60cbd1a3723f4.jpg'}, 'released_at': '1984-01-01', 'requirements': {}}, {'platform': {'id': 23, 'name': 'Atari 2600', 'slug': 'atari-2600', 'image': None, 'year_end': None, 'year_start': None, 'games_count': 294, 'image_background': 'https://media.rawg.io/media/screenshots/ff6/ff623993a854663931c1e78d72a16a5a.jpg'}, 'released_at': '1984-01-01', 'requirements': {}}, {'platform': {'id': 166, 'name': 'Commodore / Amiga', 'slug': 'commodore-amiga', 'image': None, 'year_end': None, 'year_start': None, 'games_count': 2083, 'image_background': 'https://media.rawg.io/media/games/cce/cce8bebe861f295003f5a9fe5b11233f.jpg'}, 'released_at': '1984-01-01', 'requirements': {}}]","[{'id': 973055, 'url': '', 'store': {'id': 5, 'name': 'GOG', 'slug': 'gog', 'domain': 'gog.com', 'games_count': 6713, 'image_background': 'https://media.rawg.io/media/games/5c0/5c0dd63002cb23f804aab327d40ef119.jpg'}}, {'id': 497749, 'url': '', 'store': {'id': 1, 'name': 'Steam', 'slug': 'steam', 'domain': 'store.steampowered.com', 'games_count': 110181, 'image_background': 'https://media.rawg.io/media/games/7fa/7fa0b586293c5861ee32490e953a4996.jpg'}}]","[{'id': 98943, 'name': 'Normal Distribution', 'slug': 'normal-distribution-llc', 'games_count': 5, 'image_background': 'https://media.rawg.io/media/screenshots/4f5/4f5cdc76d41859b35fc90d3b8fb5eabd.jpg'}, {'id': 15469, 'name': 'BCI Software', 'slug': 'bci-software', 'games_count': 1, 'image_background': 'https://media.rawg.io/media/screenshots/bd7/bd75f121c046982a8df4d1e188ab6c26.jpg'}, {'id': 25986, 'name': 'Utopia Software', 'slug': 'utopia-software', 'games_count': 1, 'image_background': 'https://media.rawg.io/media/screenshots/bd7/bd75f121c046982a8df4d1e188ab6c26.jpg'}]","[{'id': 4, 'name': 'Action', 'slug': 'action', 'games_count': 186608, 'image_background': 'https://media.rawg.io/media/games/618/618c2031a07bbff6b4f611f10b6bcdbc.jpg'}, {'id': 3, 'name': 'Adventure', 'slug': 'adventure', 'games_count': 146481, 'image_background': 'https://media.rawg.io/media/games/b6b/b6b20bfc4b34e312dbc8aac53c95a348.jpg'}, {'id': 11, 'name': 'Arcade', 'slug': 'arcade', 'games_count': 22658, 'image_background': 'https://media.rawg.io/media/games/556/556157feed9ee1f55f2b12b2973e30a3.jpg'}]","[{'id': 31, 'name': 'Singleplayer', 'slug': 'singleplayer', 'language': 'eng', 'games_count': 238404, 'image_background': 'https://media.rawg.io/media/games/26d/26d4437715bee60138dab4a7c8c59c92.jpg'}, {'id': 40836, 'name': 'Full controller support', 'slug': 'full-controller-support', 'language': 'eng', 'games_count': 21239, 'image_background': 'https://media.rawg.io/media/games/157/15742f2f67eacff546738e1ab5c19d20.jpg'}, {'id': 164, 'name': 'Cartoony', 'slug': 'cartoony', 'language': 'eng', 'games_count': 7341, 'image_background': 'https://media.rawg.io/media/games/be0/be084b850302abe81675bc4ffc08a0d0.jpg'}, {'id': 49959, 'name': '2D Platformer', 'slug': '2d-platformer-3', 'language': 'eng', 'games_count': 8052, 'image_background': 'https://media.rawg.io/media/games/470/47058af09b864c2d211a08271eccfb4f.jpg'}, {'id': 49995, 'name': '2D-платформер', 'slug': '2d-platformer-4', 'language': 'eng', 'games_count': 8007, 'image_background': 'https://media.rawg.io/media/games/bfb/bfb28df4f345165327555507c955a62a.jpg'}, {'id': 146, 'name': 'Nonlinear', 'slug': 'nonlinear', 'language': 'eng', 'games_count': 2164, 'image_background': 'https://media.rawg.io/media/games/3d9/3d9a3ea11db2de2c85083e8fd7f3bb15.jpg'}]","[{'id': 19460, 'name': 'Parker Brothers', 'slug': 'parker-brothers', 'games_count': 19, 'image_background': 'https://media.rawg.io/media/screenshots/c06/c06937e1c4e9a46874dcf2223de70593.jpg'}, {'id': 45087, 'name': 'Normal Distribution', 'slug': 'normal-distribution-llc', 'games_count': 3, 'image_background': 'https://media.rawg.io/media/screenshots/bd7/bd75f121c046982a8df4d1e188ab6c26.jpg'}, {'id': 12016, 'name': 'BCI Software', 'slug': 'bci-software', 'games_count': 1, 'image_background': 'https://media.rawg.io/media/screenshots/bd7/bd75f121c046982a8df4d1e188ab6c26.jpg'}]",,,"This is the official version of the 80's classic ""Montezuma's Revenge!"" rebooted by the original developer.
Explore the chambers of the mysterious Aztec pyramid! Climb the stairs and ropes, collect keys to open doors! Collect the jewels & swords, and the coveted torch! Beware of the snakes, skulls and spiders! And finally, find the treasure room at the end of the underground labyrinth!
It has all the original key features of the original Atari classic plus a number of interesting new improvements.",1.0,16.0,7.0,3.0,6.0,,,,,,,,,,,,,,,,,,,
54322,space-ace-1984,Space Ace (1984),Space Ace (1984),"<p>Space Ace is a laserdisc video game produced by Don Bluth Studios, Cinematronics and Advanced Microcomputer Systems (later renamed RDI Video Systems). It was unveiled in October 1983, just four months after the Dragon's Lair game, then released in Spring 1984, and like its predecessor featured film-quality animation played back from a laserdisc.</p>
<p>The gameplay is also similar, requiring the player to move the joystick or press the fire button at key moments in the animated sequences to govern the hero's actions. However, the game's action was more varied with the player occasionally given the temporary option to either have the character he is controlling transform back into his adult form, or remain as a boy with different styles of challenges.</p>
<p>Don Bluth has announced during the crowdfunding for Dragon's Lair: The Movie that he is making a Space Ace short film.</p>",,[],1984-01-01,False,2023-02-08T10:51:39,https://media.rawg.io/media/screenshots/7ae/7aef202b534d3feac638856cd1e8925b.jpg,https://media.rawg.io/media/screenshots/17b/17b2f5b66dcb1ebeea66837e1fcb778a.jpg,,3.78,4,"[{'id': 4, 'title': 'recommended', 'count': 5, 'percent': 55.56}, {'id': 3, 'title': 'meh', 'count': 3, 'percent': 33.33}, {'id': 5, 'title': 'exceptional', 'count': 1, 'percent': 11.11}]",33,0,8,0,1,0,0,,,,,0,0,0,0,8,257,[],,0,4,0,,9,0f0f0f,0f0f0f,"[{'platform': {'id': 1, 'name': 'PC', 'slug': 'pc'}}, {'platform': {'id': 4, 'name': 'iOS', 'slug': 'ios'}}, {'platform': {'id': 8, 'name': 'Android', 'slug': 'android'}}, {'platform': {'id': 5, 'name': 'Apple Macintosh', 'slug': 'mac'}}, {'platform': {'id': 7, 'name': 'Nintendo', 'slug': 'nintendo'}}, {'platform': {'id': 9, 'name': 'Atari', 'slug': 'atari'}}, {'platform': {'id': 10, 'name': 'Commodore / Amiga', 'slug': 'commodore-amiga'}}, {'platform': {'id': 11, 'name': 'SEGA', 'slug': 'sega'}}, {'platform': {'id': 12, 'name': '3DO', 'slug': '3do'}}]","[{'platform': {'id': 3, 'name': 'iOS', 'slug': 'ios', 'image': None, 'year_end': None, 'year_start': None, 'games_count': 77392, 'image_background': 'https://media.rawg.io/media/games/5fa/5fae5fec3c943179e09da67a4427d68f.jpg'}, 'released_at': '1984-01-01', 'requirements': {}}, {'platform': {'id': 34, 'name': 'Atari ST', 'slug': 'atari-st', 'image': None, 'year_end': None, 'year_start': None, 'games_count': 836, 'image_background': 'https://media.rawg.io/media/games/637/637d7dc2f44d0f6ddd3ee2c0b1366962.jpg'}, 'released_at': '1984-01-01', 'requirements': {}}, {'platform': {'id': 13, 'name': 'Nintendo DSi', 'slug': 'nintendo-dsi', 'image': None, 'year_end': None, 'year_start': None, 'games_count': 37, 'image_background': 'https://media.rawg.io/media/screenshots/078/078629e997421ca28e9098bd7a87cb10.jpg'}, 'released_at': '1984-01-01', 'requirements': {}}, {'platform': {'id': 119, 'name': 'SEGA CD', 'slug': 'sega-cd', 'image': None, 'year_end': None, 'year_start': None, 'games_count': 163, 'image_background': 'https://media.rawg.io/media/screenshots/9a0/9a01b32ce1a3e0576018a2580e32cf26.jpg'}, 'released_at': '1984-01-01', 'requirements': {}}, {'platform': {'id': 55, 'name': 'Classic Macintosh', 'slug': 'macintosh', 'image': None, 'year_end': None, 'year_start': None, 'games_count': 675, 'image_background': 'https://media.rawg.io/media/games/38a/38af969459ad6e5de116ec8a4a84218c.jpg'}, 'released_at': '1984-01-01', 'requirements': {}}, {'platform': {'id': 21, 'name': 'Android', 'slug': 'android', 'image': None, 'year_end': None, 'year_start': None, 'games_count': 52427, 'image_background': 'https://media.rawg.io/media/games/198/1988a337305e008b41d7f536ce9b73f6.jpg'}, 'released_at': '1984-01-01', 'requirements': {}}, {'platform': {'id': 4, 'name': 'PC', 'slug': 'pc', 'image': None, 'year_end': None, 'year_start': None, 'games_count': 547196, 'image_background': 'https://media.rawg.io/media/games/6fc/6fcf4cd3b17c288821388e6085bb0fc9.jpg'}, 'released_at': '1984-01-01', 'requirements': {}}, {'platform': {'id': 112, 'name': 'Jaguar', 'slug': 'jaguar', 'image': None, 'year_end': None, 'year_start': None, 'games_count': 40, 'image_background': 'https://media.rawg.io/media/screenshots/949/9495c2d23982de92beaa68224dce514e.jpg'}, 'released_at': '1984-01-01', 'requirements': {}}, {'platform': {'id': 166, 'name': 'Commodore / Amiga', 'slug': 'commodore-amiga', 'image': None, 'year_end': None, 'year_start': None, 'games_count': 2083, 'image_background': 'https://media.rawg.io/media/games/cce/cce8bebe861f295003f5a9fe5b11233f.jpg'}, 'released_at': '1984-01-01', 'requirements': {}}, {'platform': {'id': 111, 'name': '3DO', 'slug': '3do', 'image': None, 'year_end': None, 'year_start': None, 'games_count': 99, 'image_background': 'https://media.rawg.io/media/screenshots/97c/97cd94d7d6d89a12ed562d3a4e40c4a5.jpg'}, 'released_at': '1984-01-01', 'requirements': {}}, {'platform': {'id': 79, 'name': 'SNES', 'slug': 'snes', 'image': None, 'year_end': None, 'year_start': None, 'games_count': 982, 'image_background': 'https://media.rawg.io/media/games/087/08727beb32c364d30e8b2a1aa8595f8e.jpg'}, 'released_at': '1984-01-01', 'requirements': {}}]",[],"[{'id': 26753, 'name': 'RDI Video Systems', 'slug': 'rdi-video-systems', 'games_count': 2, 'image_background': 'https://media.rawg.io/media/screenshots/09a/09a509de267bad4c8f491b2d86f16934.jpg'}, {'id': 26754, 'name': 'Advanced Microcomputer Systems', 'slug': 'advanced-microcomputer-systems', 'games_count': 2, 'image_background': 'https://media.rawg.io/media/screenshots/7ae/7aef202b534d3feac638856cd1e8925b.jpg'}]",[],"[{'id': 31, 'name': 'Singleplayer', 'slug': 'singleplayer', 'language': 'eng', 'games_count': 238404, 'image_background': 'https://media.rawg.io/media/games/26d/26d4437715bee60138dab4a7c8c59c92.jpg'}, {'id': 418, 'name': '2 players', 'slug': '2-players', 'language': 'eng', 'games_count': 1244, 'image_background': 'https://media.rawg.io/media/screenshots/f9a/f9ac59bb4af2ca2193ee9ffb979577cf.jpg'}, {'id': 348, 'name': 'alternating turns', 'slug': 'alternating-turns', 'language': 'eng', 'games_count': 64, 'image_background': 'https://media.rawg.io/media/games/6f8/6f8fb1e98393f72b47f1f909d5b649d4.jpg'}]","[{'id': 11666, 'name': 'Digital Leisure', 'slug': 'digital-leisure', 'games_count': 41, 'image_background': 'https://media.rawg.io/media/screenshots/549/549a7fd3614358fa350c1b88a03e4cc5.jpg'}, {'id': 20055, 'name': 'Cinematronics', 'slug': 'cinematronics', 'games_count': 3, 'image_background': 'https://media.rawg.io/media/screenshots/b45/b452e9b20e969a64d0088ae467d1dcab.jpg'}]",,,"Space Ace is a laserdisc video game produced by Don Bluth Studios, Cinematronics and Advanced Microcomputer Systems (later renamed RDI Video Systems). It was unveiled in October 1983, just four months after the Dragon's Lair game, then released in Spring 1984, and like its predecessor featured film-quality animation played back from a laserdisc.
The gameplay is also similar, requiring the player to move the joystick or press the fire button at key moments in the animated sequences to govern the hero's actions. However, the game's action was more varied with the player occasionally given the temporary option to either have the character he is controlling transform back into his adult form, or remain as a boy with different styles of challenges.
Don Bluth has announced during the crowdfunding for Dragon's Lair: The Movie that he is making a Space Ace short film.",2.0,17.0,7.0,5.0,2.0,,,,,,,,,,,,,,,,,,,
53989,pinball-1984,Pinball (1984),Pinball (1984),"<p>Pinball (ピンボール) is a 1983 pinball video game developed and released by Nintendo for their Nintendo Entertainment System. It is based on a Game &amp; Watch unit of the same name. In 1985, it reached North America as one of 18 launch titles.</p>",,[],1984-02-02,False,2023-09-29T12:02:57,https://media.rawg.io/media/screenshots/af9/af9c1f52c5dccad01bb03699277ec8d6.jpg,https://media.rawg.io/media/screenshots/0f3/0f3cfd87afe4d2394e6109dd1448a6d0.jpg,,3.0,3,"[{'id': 3, 'title': 'meh', 'count': 4, 'percent': 57.14}, {'id': 4, 'title': 'recommended', 'count': 2, 'percent': 28.57}, {'id': 1, 'title': 'skip', 'count': 1, 'percent': 14.29}]",32,0,6,0,2,0,0,,,,,0,0,0,0,7,36,[],,0,0,0,,7,0f0f0f,0f0f0f,"[{'platform': {'id': 7, 'name': 'Nintendo', 'slug': 'nintendo'}}]","[{'platform': {'id': 49, 'name': 'NES', 'slug': 'nes', 'image': None, 'year_end': None, 'year_start': None, 'games_count': 1015, 'image_background': 'https://media.rawg.io/media/games/7c5/7c50dd0415eb0a57505c58d4e50e4d24.jpg'}, 'released_at': '1984-02-02', 'requirements': {}}]",[],"[{'id': 16257, 'name': 'Nintendo', 'slug': 'nintendo', 'games_count': 426, 'image_background': 'https://media.rawg.io/media/games/d9c/d9c8b7edc78391619566adfeb52b5a9a.jpg'}]",[],"[{'id': 31, 'name': 'Singleplayer', 'slug': 'singleplayer', 'language': 'eng', 'games_count': 238404, 'image_background': 'https://media.rawg.io/media/games/26d/26d4437715bee60138dab4a7c8c59c92.jpg'}, {'id': 7, 'name': 'Multiplayer', 'slug': 'multiplayer', 'language': 'eng', 'games_count': 40505, 'image_background': 'https://media.rawg.io/media/games/021/021c4e21a1824d2526f925eff6324653.jpg'}]","[{'id': 10681, 'name': 'Nintendo', 'slug': 'nintendo', 'games_count': 1235, 'image_background': 'https://media.rawg.io/media/games/dd1/dd167cf8753db3748a975d61cc926e54.jpg'}]",,,"Pinball (ピンボール) is a 1983 pinball video game developed and released by Nintendo for their Nintendo Entertainment System. It is based on a Game & Watch unit of the same name. In 1985, it reached North America as one of 18 launch titles.",1.0,12.0,9.0,3.0,7.0,,,,,,,,,,,,,,,,,,,
53192,clu-clu-land-1984,Clu Clu Land (1984),Clu Clu Land (1984),"<p>Clu Clu Land (Japanese: クルクルランド, Hepburn: Kurukuru Rando) is an arcade and Nintendo Entertainment System game released in 1984 in Japan, later released in North America in 1985 as a Nintendo Entertainment System launch title, and in Europe in 1987. It was released for the Wii Virtual Console in North America in 2008 and in Europe and Japan in 2009, for the Nintendo 3DS Virtual Console in Japan in 2013 and in North America and Europe in 2014, and for the Wii U Virtual Console in 2013.</p>",,[],1984-11-22,False,2023-05-01T08:56:58,https://media.rawg.io/media/screenshots/6ab/6ab9d53888177aa3be6460f27ee09424.jpg,https://media.rawg.io/media/screenshots/fbf/fbfd45a00d0f9785fab3d55e8a80c875.jpg,,2.91,3,"[{'id': 3, 'title': 'meh', 'count': 9, 'percent': 81.82}, {'id': 4, 'title': 'recommended', 'count': 1, 'percent': 9.09}, {'id': 1, 'title': 'skip', 'count': 1, 'percent': 9.09}]",28,0,7,0,1,0,0,,,,,0,0,0,1,9,67,[],,0,0,0,,11,0f0f0f,0f0f0f,"[{'platform': {'id': 7, 'name': 'Nintendo', 'slug': 'nintendo'}}]","[{'platform': {'id': 11, 'name': 'Wii', 'slug': 'wii', 'image': None, 'year_end': None, 'year_start': None, 'games_count': 2209, 'image_background': 'https://media.rawg.io/media/games/9ca/9ca31615beee447f3ae1dc9b3b736dce.jpg'}, 'released_at': '1984-11-22', 'requirements': {}}, {'platform': {'id': 8, 'name': 'Nintendo 3DS', 'slug': 'nintendo-3ds', 'image': None, 'year_end': None, 'year_start': None, 'games_count': 1682, 'image_background': 'https://media.rawg.io/media/screenshots/42d/42d770eb49f2ba01cd4045e0d92af7a9.jpg'}, 'released_at': '1984-11-22', 'requirements': {}}, {'platform': {'id': 24, 'name': 'Game Boy Advance', 'slug': 'game-boy-advance', 'image': None, 'year_end': None, 'year_start': None, 'games_count': 950, 'image_background': 'https://media.rawg.io/media/games/98c/98c87b286cd2a2ba942167df384a9bd3.jpg'}, 'released_at': '1984-11-22', 'requirements': {}}, {'platform': {'id': 10, 'name': 'Wii U', 'slug': 'wii-u', 'image': None, 'year_end': None, 'year_start': None, 'games_count': 1114, 'image_background': 'https://media.rawg.io/media/games/85c/85c8ae70e7cdf0105f06ef6bdce63b8b.jpg'}, 'released_at': '1984-11-22', 'requirements': {}}, {'platform': {'id': 49, 'name': 'NES', 'slug': 'nes', 'image': None, 'year_end': None, 'year_start': None, 'games_count': 1015, 'image_background': 'https://media.rawg.io/media/games/7c5/7c50dd0415eb0a57505c58d4e50e4d24.jpg'}, 'released_at': '1984-11-22', 'requirements': {}}]",[],"[{'id': 16257, 'name': 'Nintendo', 'slug': 'nintendo', 'games_count': 426, 'image_background': 'https://media.rawg.io/media/games/d9c/d9c8b7edc78391619566adfeb52b5a9a.jpg'}]","[{'id': 7, 'name': 'Puzzle', 'slug': 'puzzle', 'games_count': 97333, 'image_background': 'https://media.rawg.io/media/games/9f4/9f418898f5415668ca47b5f4ab1ecfeb.jpg'}]","[{'id': 31, 'name': 'Singleplayer', 'slug': 'singleplayer', 'language': 'eng', 'games_count': 238404, 'image_background': 'https://media.rawg.io/media/games/26d/26d4437715bee60138dab4a7c8c59c92.jpg'}, {'id': 7, 'name': 'Multiplayer', 'slug': 'multiplayer', 'language': 'eng', 'games_count': 40505, 'image_background': 'https://media.rawg.io/media/games/021/021c4e21a1824d2526f925eff6324653.jpg'}]","[{'id': 10681, 'name': 'Nintendo', 'slug': 'nintendo', 'games_count': 1235, 'image_background': 'https://media.rawg.io/media/games/dd1/dd167cf8753db3748a975d61cc926e54.jpg'}]",,,"Clu Clu Land (Japanese: クルクルランド, Hepburn: Kurukuru Rando) is an arcade and Nintendo Entertainment System game released in 1984 in Japan, later released in North America in 1985 as a Nintendo Entertainment System launch title, and in Europe in 1987. It was released for the Wii Virtual Console in North America in 2008 and in Europe and Japan in 2009, for the Nintendo 3DS Virtual Console in Japan in 2013 and in North America and Europe in 2014, and for the Wii U Virtual Console in 2013.",3.0,7.0,5.0,2.0,11.0,,,,,,,,,,,,,,,,,,,
32083,soko-ban,Soko-ban,Soko-ban,"<p>Soko-ban is a game developed by ASCII. It was originally released in 1984. It was published by Spectrum Holobyte. The game is rated as ""Recommended"" on RAWG. <br>You can play Soko-ban on PC. </p>

<p></p>",,[],1984-01-01,False,2023-10-08T19:48:30,https://media.rawg.io/media/screenshots/46a/46a37939cb8cd63cdbcabf000fa2e46c.jpg,https://media.rawg.io/media/screenshots/4af/4af2a2201c7b8b138c8d45f8f04f65e2_du7yc8I.jpg,,3.83,4,"[{'id': 4, 'title': 'recommended', 'count': 3, 'percent': 50.0}, {'id': 3, 'title': 'meh', 'count': 2, 'percent': 33.33}, {'id': 5, 'title': 'exceptional', 'count': 1, 'percent': 16.67}]",26,0,25,0,0,0,0,,,,,0,0,0,0,5,94,[],,0,0,0,,6,0f0f0f,0f0f0f,"[{'platform': {'id': 1, 'name': 'PC', 'slug': 'pc'}}]","[{'platform': {'id': 4, 'name': 'PC', 'slug': 'pc', 'image': None, 'year_end': None, 'year_start': None, 'games_count': 547196, 'image_background': 'https://media.rawg.io/media/games/6fc/6fcf4cd3b17c288821388e6085bb0fc9.jpg'}, 'released_at': '1984-01-01', 'requirements': {}}]",[],"[{'id': 27856, 'name': 'ASCII', 'slug': 'ascii', 'games_count': 13, 'image_background': 'https://media.rawg.io/media/screenshots/448/4489e1441c296a0fb04716fc6efe8cac.jpg'}]",[],[],"[{'id': 11891, 'name': 'Spectrum Holobyte', 'slug': 'spectrum-holobyte', 'games_count': 21, 'image_background': 'https://media.rawg.io/media/screenshots/f5d/f5d764bd8c8999bd6f4348b7f3dd6681.jpg'}]",,,,1.0,10.0,7.0,2.0,6.0,,,,,,,,,,,,,,,,,,,
52605,summer-games,Summer Games,Summer Games,"<p>Summer Games is a sports video game developed by Epyx and released by U.S. Gold based on sports featured in the Summer Olympic Games. Released in 1984 for the Commodore 64, it was ported to the Apple II, Atari 2600, Atari 7800, Atari 8-bit family, and Sega Master System. Amiga, ZX Spectrum, Amstrad CPC and Atari ST versions were also created for inclusion in compilations. In 2004 it was re-released on the C64 Direct-to-TV.</p>",,[],1984-01-01,False,2025-02-08T12:32:20,https://media.rawg.io/media/screenshots/dd0/dd0e6c57b53b2abe423d93d719fa3f7c.jpg,https://media.rawg.io/media/screenshots/63b/63b76100e88bf381aba3b3a73b474d61.jpg,,4.22,4,"[{'id': 4, 'title': 'recommended', 'count': 7, 'percent': 77.78}, {'id': 5, 'title': 'exceptional', 'count': 2, 'percent': 22.22}]",24,0,16,0,0,0,0,,,,,0,0,0,0,9,239,[],,0,0,0,,9,0f0f0f,0f0f0f,"[{'platform': {'id': 4, 'name': 'iOS', 'slug': 'ios'}}, {'platform': {'id': 5, 'name': 'Apple Macintosh', 'slug': 'mac'}}, {'platform': {'id': 9, 'name': 'Atari', 'slug': 'atari'}}, {'platform': {'id': 10, 'name': 'Commodore / Amiga', 'slug': 'commodore-amiga'}}, {'platform': {'id': 11, 'name': 'SEGA', 'slug': 'sega'}}]","[{'platform': {'id': 3, 'name': 'iOS', 'slug': 'ios', 'image': None, 'year_end': None, 'year_start': None, 'games_count': 77392, 'image_background': 'https://media.rawg.io/media/games/5fa/5fae5fec3c943179e09da67a4427d68f.jpg'}, 'released_at': '1984-01-01', 'requirements': {}}, {'platform': {'id': 34, 'name': 'Atari ST', 'slug': 'atari-st', 'image': None, 'year_end': None, 'year_start': None, 'games_count': 836, 'image_background': 'https://media.rawg.io/media/games/637/637d7dc2f44d0f6ddd3ee2c0b1366962.jpg'}, 'released_at': '1984-01-01', 'requirements': {}}, {'platform': {'id': 74, 'name': 'SEGA Master System', 'slug': 'sega-master-system', 'image': None, 'year_end': None, 'year_start': None, 'games_count': 234, 'image_background': 'https://media.rawg.io/media/screenshots/a7f/a7f3cb62af2ee95d92065da88583338b.jpg'}, 'released_at': '1984-01-01', 'requirements': {}}, {'platform': {'id': 50, 'name': 'Atari XEGS', 'slug': 'atari-xegs', 'image': None, 'year_end': None, 'year_start': None, 'games_count': 22, 'image_background': 'https://media.rawg.io/media/screenshots/769/7691726d70c23c029903df08858df001.jpg'}, 'released_at': '1984-01-01', 'requirements': {}}, {'platform': {'id': 25, 'name': 'Atari 8-bit', 'slug': 'atari-8-bit', 'image': None, 'year_end': None, 'year_start': None, 'games_count': 308, 'image_background': 'https://media.rawg.io/media/screenshots/038/0385a47d3a43b218204268af5361a19e.jpg'}, 'released_at': '1984-01-01', 'requirements': {}}, {'platform': {'id': 41, 'name': 'Apple II', 'slug': 'apple-ii', 'image': None, 'year_end': None, 'year_start': None, 'games_count': 424, 'image_background': 'https://media.rawg.io/media/screenshots/3d2/3d2bb57b39e2efa39d1c385585b2ea8b.jpg'}, 'released_at': '1984-01-01', 'requirements': {}}, {'platform': {'id': 28, 'name': 'Atari 7800', 'slug': 'atari-7800', 'image': None, 'year_end': None, 'year_start': None, 'games_count': 64, 'image_background': 'https://media.rawg.io/media/screenshots/565/56504b28b184dbc630a7de118e39d822.jpg'}, 'released_at': '1984-01-01', 'requirements': {}}, {'platform': {'id': 23, 'name': 'Atari 2600', 'slug': 'atari-2600', 'image': None, 'year_end': None, 'year_start': None, 'games_count': 294, 'image_background': 'https://media.rawg.io/media/screenshots/ff6/ff623993a854663931c1e78d72a16a5a.jpg'}, 'released_at': '1984-01-01', 'requirements': {}}, {'platform': {'id': 166, 'name': 'Commodore / Amiga', 'slug': 'commodore-amiga', 'image': None, 'year_end': None, 'year_start': None, 'games_count': 2083, 'image_background': 'https://media.rawg.io/media/games/cce/cce8bebe861f295003f5a9fe5b11233f.jpg'}, 'released_at': '1984-01-01', 'requirements': {}}]",[],"[{'id': 15055, 'name': 'Epyx', 'slug': 'epyx', 'games_count': 47, 'image_background': 'https://media.rawg.io/media/screenshots/e33/e333909a54369eb4ec75e2e80b8da927.jpg'}]","[{'id': 15, 'name': 'Sports', 'slug': 'sports', 'games_count': 22123, 'image_background': 'https://media.rawg.io/media/games/5eb/5eb49eb2fa0738fdb5bacea557b1bc57.jpg'}]","[{'id': 31, 'name': 'Singleplayer', 'slug': 'singleplayer', 'language': 'eng', 'games_count': 238404, 'image_background': 'https://media.rawg.io/media/games/26d/26d4437715bee60138dab4a7c8c59c92.jpg'}, {'id': 7, 'name': 'Multiplayer', 'slug': 'multiplayer', 'language': 'eng', 'games_count': 40505, 'image_background': 'https://media.rawg.io/media/games/021/021c4e21a1824d2526f925eff6324653.jpg'}]","[{'id': 11527, 'name': 'U.S. Gold', 'slug': 'us-gold-2', 'games_count': 95, 'image_background': 'https://media.rawg.io/media/games/eaa/eaa94a1203b9b8fdf5b01575c9e91591.jpg'}]",,,"Summer Games is a sports video game developed by Epyx and released by U.S. Gold based on sports featured in the Summer Olympic Games. Released in 1984 for the Commodore 64, it was ported to the Apple II, Atari 2600, Atari 7800, Atari 8-bit family, and Sega Master System. Amiga, ZX Spectrum, Amstrad CPC and Atari ST versions were also created for inclusion in compilations. In 2004 it was re-released on the C64 Direct-to-TV.",,10.0,7.0,3.0,4.0,,,,,,,,,,,,,,,,,,,
54983,bomb-jack,Bomb Jack,Bomb Jack,"<p>Bomb Jack is an arcade platform game that was released in 1984 by Tehkan (known today as Tecmo). It was followed by two official sequels, the console and computer title Mighty Bomb Jack, and the arcade game Bomb Jack Twin and Bomb Jack II, which was licensed for home computers only. The highest known score was by Mr G Jones from London: 6 746 800.</p>",,[],1984-01-01,False,2022-07-10T17:33:17,https://media.rawg.io/media/screenshots/ada/adaf2a1c4b631509dc5ec000c599778f.jpg,https://media.rawg.io/media/screenshots/1dd/1dd2af5634df460aa933e2851211d016.jpg,,3.5,4,"[{'id': 4, 'title': 'recommended', 'count': 3, 'percent': 50.0}, {'id': 5, 'title': 'exceptional', 'count': 1, 'percent': 16.67}, {'id': 3, 'title': 'meh', 'count': 1, 'percent': 16.67}, {'id': 1, 'title': 'skip', 'count': 1, 'percent': 16.67}]",23,0,24,0,2,0,0,,,,,0,0,0,0,5,296,[],,0,0,0,,6,0f0f0f,0f0f0f,"[{'platform': {'id': 2, 'name': 'PlayStation', 'slug': 'playstation'}}, {'platform': {'id': 7, 'name': 'Nintendo', 'slug': 'nintendo'}}, {'platform': {'id': 9, 'name': 'Atari', 'slug': 'atari'}}, {'platform': {'id': 10, 'name': 'Commodore / Amiga', 'slug': 'commodore-amiga'}}]","[{'platform': {'id': 34, 'name': 'Atari ST', 'slug': 'atari-st', 'image': None, 'year_end': None, 'year_start': None, 'games_count': 836, 'image_background': 'https://media.rawg.io/media/games/637/637d7dc2f44d0f6ddd3ee2c0b1366962.jpg'}, 'released_at': '1984-01-01', 'requirements': {}}, {'platform': {'id': 11, 'name': 'Wii', 'slug': 'wii', 'image': None, 'year_end': None, 'year_start': None, 'games_count': 2209, 'image_background': 'https://media.rawg.io/media/games/9ca/9ca31615beee447f3ae1dc9b3b736dce.jpg'}, 'released_at': '1984-01-01', 'requirements': {}}, {'platform': {'id': 18, 'name': 'PlayStation 4', 'slug': 'playstation4', 'image': None, 'year_end': None, 'year_start': None, 'games_count': 6916, 'image_background': 'https://media.rawg.io/media/games/f46/f466571d536f2e3ea9e815ad17177501.jpg'}, 'released_at': '1984-01-01', 'requirements': {}}, {'platform': {'id': 26, 'name': 'Game Boy', 'slug': 'game-boy', 'image': None, 'year_end': None, 'year_start': None, 'games_count': 617, 'image_background': 'https://media.rawg.io/media/games/057/0573c1c9e1f2414c1f4acabe86ee9fd9.jpg'}, 'released_at': '1984-01-01', 'requirements': {}}, {'platform': {'id': 166, 'name': 'Commodore / Amiga', 'slug': 'commodore-amiga', 'image': None, 'year_end': None, 'year_start': None, 'games_count': 2083, 'image_background': 'https://media.rawg.io/media/games/cce/cce8bebe861f295003f5a9fe5b11233f.jpg'}, 'released_at': '1984-01-01', 'requirements': {}}]",[],"[{'id': 1696, 'name': 'Tecmo', 'slug': 'tecmo', 'games_count': 58, 'image_background': 'https://media.rawg.io/media/games/327/3271b52a14c6717920cb0cf401ec95ae.jpg'}, {'id': 26660, 'name': 'Tehkan', 'slug': 'tehkan', 'games_count': 2, 'image_background': 'https://media.rawg.io/media/screenshots/ada/adaf2a1c4b631509dc5ec000c599778f.jpg'}]",[],"[{'id': 31, 'name': 'Singleplayer', 'slug': 'singleplayer', 'language': 'eng', 'games_count': 238404, 'image_background': 'https://media.rawg.io/media/games/26d/26d4437715bee60138dab4a7c8c59c92.jpg'}, {'id': 7, 'name': 'Multiplayer', 'slug': 'multiplayer', 'language': 'eng', 'games_count': 40505, 'image_background': 'https://media.rawg.io/media/games/021/021c4e21a1824d2526f925eff6324653.jpg'}, {'id': 418, 'name': '2 players', 'slug': '2-players', 'language': 'eng', 'games_count': 1244, 'image_background': 'https://media.rawg.io/media/screenshots/f9a/f9ac59bb4af2ca2193ee9ffb979577cf.jpg'}]","[{'id': 10850, 'name': 'Tecmo', 'slug': 'tecmo', 'games_count': 91, 'image_background': 'https://media.rawg.io/media/screenshots/923/923af31543ea141f67665363469d0c79.jpg'}, {'id': 19983, 'name': 'Tehkan', 'slug': 'tehkan', 'games_count': 1, 'image_background': 'https://media.rawg.io/media/screenshots/ada/adaf2a1c4b631509dc5ec000c599778f.jpg'}]",,,"Bomb Jack is an arcade platform game that was released in 1984 by Tehkan (known today as Tecmo). It was followed by two official sequels, the console and computer title Mighty Bomb Jack, and the arcade game Bomb Jack Twin and Bomb Jack II, which was licensed for home computers only. The highest known score was by Mr G Jones from London: 6 746 800.",2.0,10.0,3.0,2.0,6.0,,,,,,,,,,,,,,,,,,,
56546,the-hitchhikers-guide-to-the-galaxy,The Hitchhiker's Guide to the Galaxy,The Hitchhiker's Guide to the Galaxy,"<p>The Hitchhiker's Guide to the Galaxy is an interactive fiction video game based on the comedic science fiction series of the same name. It was designed by series creator Douglas Adams and Infocom's Steve Meretzky, and was first released in 1984 for the Apple II, Macintosh, Commodore 64, CP/M, MS-DOS, Amiga, Atari 8-bit family and Atari ST. It is Infocom's fourteenth game.</p>",,[],1984-09-14,False,2023-02-08T10:51:37,https://media.rawg.io/media/screenshots/fe1/fe18d6bc05bf2fdc1704d9f12a62b17c.jpg,https://media.rawg.io/media/screenshots/d8a/d8a9b9add22edaff7a3b48aa347af523.jpg,,0.0,5,"[{'id': 5, 'title': 'exceptional', 'count': 3, 'percent': 60.0}, {'id': 4, 'title': 'recommended', 'count': 1, 'percent': 20.0}, {'id': 3, 'title': 'meh', 'count': 1, 'percent': 20.0}]",22,0,28,0,3,0,0,,,,,0,0,0,0,4,161,[],,0,0,0,,5,0f0f0f,0f0f0f,"[{'platform': {'id': 1, 'name': 'PC', 'slug': 'pc'}}, {'platform': {'id': 5, 'name': 'Apple Macintosh', 'slug': 'mac'}}, {'platform': {'id': 9, 'name': 'Atari', 'slug': 'atari'}}, {'platform': {'id': 10, 'name': 'Commodore / Amiga', 'slug': 'commodore-amiga'}}]","[{'platform': {'id': 166, 'name': 'Commodore / Amiga', 'slug': 'commodore-amiga', 'image': None, 'year_end': None, 'year_start': None, 'games_count': 2083, 'image_background': 'https://media.rawg.io/media/games/cce/cce8bebe861f295003f5a9fe5b11233f.jpg'}, 'released_at': '1984-09-14', 'requirements': {}}, {'platform': {'id': 34, 'name': 'Atari ST', 'slug': 'atari-st', 'image': None, 'year_end': None, 'year_start': None, 'games_count': 836, 'image_background': 'https://media.rawg.io/media/games/637/637d7dc2f44d0f6ddd3ee2c0b1366962.jpg'}, 'released_at': '1984-09-14', 'requirements': {}}, {'platform': {'id': 55, 'name': 'Classic Macintosh', 'slug': 'macintosh', 'image': None, 'year_end': None, 'year_start': None, 'games_count': 675, 'image_background': 'https://media.rawg.io/media/games/38a/38af969459ad6e5de116ec8a4a84218c.jpg'}, 'released_at': '1984-09-14', 'requirements': {}}, {'platform': {'id': 41, 'name': 'Apple II', 'slug': 'apple-ii', 'image': None, 'year_end': None, 'year_start': None, 'games_count': 424, 'image_background': 'https://media.rawg.io/media/screenshots/3d2/3d2bb57b39e2efa39d1c385585b2ea8b.jpg'}, 'released_at': '1984-09-14', 'requirements': {}}, {'platform': {'id': 25, 'name': 'Atari 8-bit', 'slug': 'atari-8-bit', 'image': None, 'year_end': None, 'year_start': None, 'games_count': 308, 'image_background': 'https://media.rawg.io/media/screenshots/038/0385a47d3a43b218204268af5361a19e.jpg'}, 'released_at': '1984-09-14', 'requirements': {}}, {'platform': {'id': 4, 'name': 'PC', 'slug': 'pc', 'image': None, 'year_end': None, 'year_start': None, 'games_count': 547196, 'image_background': 'https://media.rawg.io/media/games/6fc/6fcf4cd3b17c288821388e6085bb0fc9.jpg'}, 'released_at': '1984-09-14', 'requirements': {}}]",[],"[{'id': 12929, 'name': 'Infocom', 'slug': 'infocom', 'games_count': 48, 'image_background': 'https://media.rawg.io/media/screenshots/782/7822ae77e839fa2db05cd53d08225dd8.jpg'}]",[],"[{'id': 31, 'name': 'Singleplayer', 'slug': 'singleplayer', 'language': 'eng', 'games_count': 238404, 'image_background': 'https://media.rawg.io/media/games/26d/26d4437715bee60138dab4a7c8c59c92.jpg'}]","[{'id': 11435, 'name': 'Infocom', 'slug': 'infocom', 'games_count': 45, 'image_background': 'https://media.rawg.io/media/screenshots/3d4/3d4094f02e71cb3439ab3c8af62809c0.jpg'}]",,,"The Hitchhiker's Guide to the Galaxy is an interactive fiction video game based on the comedic science fiction series of the same name. It was designed by series creator Douglas Adams and Infocom's Steve Meretzky, and was first released in 1984 for the Apple II, Macintosh, Commodore 64, CP/M, MS-DOS, Amiga, Atari 8-bit family and Atari ST. It is Infocom's fourteenth game.",2.0,13.0,3.0,2.0,2.0,,,,,,,,,,,,,,,,,,,
292824,ghostbusters-1984,Ghostbusters (1984),Ghostbusters (1984),"<p>Ghostbusters is a licensed game by Activision based on the movie of the same name. It was designed by David Crane, produced by Brad Fregger, and released for several home computer platforms in 1984, and later for video game console systems, including the Atari 2600, Master System and NES. The primary target platform was the Commodore 64 and the programmer for the initial version of the game was Adam Bellin.</p>
<p>In early 1984, while the Ghostbusters movie was nearing completion, Tom Lopez, vice president of Activision&#39;s Product Development, contacted Columbia Pictures to obtain a license for a Ghostbusters video game. Columbia gave Activision no specific rules or requests for the design or content of the game, only stipulating that it was to be finished as quickly as possible in order to be released while the movie was at peak popularity. Activision were forced to complete the programming work in only six weeks in contrast to their usual several months of development time for a game. Activision had at the time a rough concept for a driving/maze game to be called &quot;Car Wars&quot;, and it was decided to build the Ghostbusters game from it. The effort paid off as both the movie and the game proved to be huge successes.</p>",,[],1984-12-31,False,2023-04-15T23:39:29,,,,0.0,4,"[{'id': 4, 'title': 'recommended', 'count': 3, 'percent': 60.0}, {'id': 3, 'title': 'meh', 'count': 2, 'percent': 40.0}]",21,0,0,0,10,0,0,,,,,0,0,0,0,4,0,[],,0,0,0,,5,0f0f0f,0f0f0f,"[{'platform': {'id': 5, 'name': 'Apple Macintosh', 'slug': 'mac'}}, {'platform': {'id': 7, 'name': 'Nintendo', 'slug': 'nintendo'}}, {'platform': {'id': 9, 'name': 'Atari', 'slug': 'atari'}}, {'platform': {'id': 10, 'name': 'Commodore / Amiga', 'slug': 'commodore-amiga'}}, {'platform': {'id': 11, 'name': 'SEGA', 'slug': 'sega'}}]","[{'platform': {'id': 49, 'name': 'NES', 'slug': 'nes', 'image': None, 'year_end': None, 'year_start': None, 'games_count': 1015, 'image_background': 'https://media.rawg.io/media/games/7c5/7c50dd0415eb0a57505c58d4e50e4d24.jpg'}, 'released_at': '1984-12-31', 'requirements': {}}, {'platform': {'id': 23, 'name': 'Atari 2600', 'slug': 'atari-2600', 'image': None, 'year_end': None, 'year_start': None, 'games_count': 294, 'image_background': 'https://media.rawg.io/media/screenshots/ff6/ff623993a854663931c1e78d72a16a5a.jpg'}, 'released_at': '1984-12-31', 'requirements': {}}, {'platform': {'id': 41, 'name': 'Apple II', 'slug': 'apple-ii', 'image': None, 'year_end': None, 'year_start': None, 'games_count': 424, 'image_background': 'https://media.rawg.io/media/screenshots/3d2/3d2bb57b39e2efa39d1c385585b2ea8b.jpg'}, 'released_at': '1984-12-31', 'requirements': {}}, {'platform': {'id': 25, 'name': 'Atari 8-bit', 'slug': 'atari-8-bit', 'image': None, 'year_end': None, 'year_start': None, 'games_count': 308, 'image_background': 'https://media.rawg.io/media/screenshots/038/0385a47d3a43b218204268af5361a19e.jpg'}, 'released_at': '1984-12-31', 'requirements': {}}, {'platform': {'id': 166, 'name': 'Commodore / Amiga', 'slug': 'commodore-amiga', 'image': None, 'year_end': None, 'year_start': None, 'games_count': 2083, 'image_background': 'https://media.rawg.io/media/games/cce/cce8bebe861f295003f5a9fe5b11233f.jpg'}, 'released_at': '1984-12-31', 'requirements': {}}, {'platform': {'id': 74, 'name': 'SEGA Master System', 'slug': 'sega-master-system', 'image': None, 'year_end': None, 'year_start': None, 'games_count': 234, 'image_background': 'https://media.rawg.io/media/screenshots/a7f/a7f3cb62af2ee95d92065da88583338b.jpg'}, 'released_at': '1984-12-31', 'requirements': {}}]",[],"[{'id': 11, 'name': 'Activision', 'slug': 'activision', 'games_count': 163, 'image_background': 'https://media.rawg.io/media/screenshots/d05/d0524e9b2e276dd9c8351881e897f7c9.jpg'}]","[{'id': 4, 'name': 'Action', 'slug': 'action', 'games_count': 186608, 'image_background': 'https://media.rawg.io/media/games/618/618c2031a07bbff6b4f611f10b6bcdbc.jpg'}]","[{'id': 5816, 'name': 'console', 'slug': 'console', 'language': 'eng', 'games_count': 1390, 'image_background': 'https://media.rawg.io/media/games/faa/faa6a4a7a2e57faf2960329630aee211.jpg'}, {'id': 1709, 'name': 'work', 'slug': 'work', 'language': 'eng', 'games_count': 9271, 'image_background': 'https://media.rawg.io/media/games/bfb/bfb28df4f345165327555507c955a62a.jpg'}, {'id': 1411, 'name': 'build', 'slug': 'build', 'language': 'eng', 'games_count': 5041, 'image_background': 'https://media.rawg.io/media/screenshots/7f8/7f8b58994fc420fefaa5fb9992335a11.jpg'}, {'id': 275, 'name': 'Movie', 'slug': 'movie', 'language': 'eng', 'games_count': 1049, 'image_background': 'https://media.rawg.io/media/games/f35/f351524037fe40b677c570acbe218d05.jpg'}, {'id': 1497, 'name': 'car', 'slug': 'car', 'language': 'eng', 'games_count': 7465, 'image_background': 'https://media.rawg.io/media/games/000/000db4b0dbe13ccec5fb090311006a1c.jpg'}, {'id': 731, 'name': 'NES', 'slug': 'nes', 'language': 'eng', 'games_count': 1335, 'image_background': 'https://media.rawg.io/media/games/5fe/5fe62882f1af83e36480ded84c49b984.jpg'}, {'id': 1534, 'name': 'atari', 'slug': 'atari', 'language': 'eng', 'games_count': 1158, 'image_background': 'https://media.rawg.io/media/screenshots/d10/d10fdd0fc764ad4a5d70fffa6aee1175.jpg'}]","[{'id': 10830, 'name': 'Activision Blizzard', 'slug': 'activision-blizzard', 'games_count': 691, 'image_background': 'https://media.rawg.io/media/games/445/44507fdd60a8ec02b1c3c64a293ca754.jpg'}]",,,"Ghostbusters is a licensed game by Activision based on the movie of the same name. It was designed by David Crane, produced by Brad Fregger, and released for several home computer platforms in 1984, and later for video game console systems, including the Atari 2600, Master System and NES. The primary target platform was the Commodore 64 and the programmer for the initial version of the game was Adam Bellin.

In early 1984, while the Ghostbusters movie was nearing completion, Tom Lopez, vice president of Activision's Product Development, contacted Columbia Pictures to obtain a license for a Ghostbusters video game. Columbia gave Activision no specific rules or requests for the design or content of the game, only stipulating that it was to be finished as quickly as possible in order to be released while the movie was at peak popularity. Activision were forced to complete the programming work in only six weeks in contrast to their usual several months of development time for a game. Activision had at the time a rough concept for a driving/maze game to be called ""Car Wars"", and it was decided to build the Ghostbusters game from it. The effort paid off as both the movie and the game proved to be huge successes.",,12.0,1.0,1.0,7.0,,,,,,,,,,,,,,,,,,,
52564,pitfall-ii-lost-caverns,Pitfall II: Lost Caverns,Pitfall II: Lost Caverns,"<p>Pitfall II: Lost Caverns is a platform video game originally released for the Atari 2600 by Activision in 1984 as the sequel to 1982's popular Pitfall!. Both games were designed and programmed by David Crane and star jungle explorer Pitfall Harry. Released after the North American video game crash of 1983 when interest in the 2600 was waning, Pitfall II was one of the last major releases for the console and one of the most technically impressive. The cartridge even contains a custom chip designed by David Crane to allow four channel music instead of the two the system is normally capable of.</p>
<p>Pitfall II was ported to the Atari 5200, ColecoVision, PCjr, Tandy Color Computer, Apple II, Atari 8-bit, MSX and Commodore 64. The game's plot was later loosely remade into Super Pitfall for the Famicom/NES.</p>",,[],1984-01-01,False,2019-08-28T22:02:34,https://media.rawg.io/media/screenshots/750/7500165f0327d8d8efb79dc490119893.jpg,https://media.rawg.io/media/screenshots/8b9/8b967c990724fbc22023e083fa3f6632.jpg,,0.0,0,[],20,0,24,0,4,0,0,,,,,0,0,0,0,0,228,[],,0,0,5,,0,0f0f0f,0f0f0f,"[{'platform': {'id': 5, 'name': 'Apple Macintosh', 'slug': 'mac'}}, {'platform': {'id': 9, 'name': 'Atari', 'slug': 'atari'}}, {'platform': {'id': 10, 'name': 'Commodore / Amiga', 'slug': 'commodore-amiga'}}]","[{'platform': {'id': 31, 'name': 'Atari 5200', 'slug': 'atari-5200', 'image': None, 'year_end': None, 'year_start': None, 'games_count': 64, 'image_background': 'https://media.rawg.io/media/screenshots/678/6786598cba3939d48ed60cbd1a3723f4.jpg'}, 'released_at': '1984-01-01', 'requirements': {}}, {'platform': {'id': 41, 'name': 'Apple II', 'slug': 'apple-ii', 'image': None, 'year_end': None, 'year_start': None, 'games_count': 424, 'image_background': 'https://media.rawg.io/media/screenshots/3d2/3d2bb57b39e2efa39d1c385585b2ea8b.jpg'}, 'released_at': '1984-01-01', 'requirements': {}}, {'platform': {'id': 25, 'name': 'Atari 8-bit', 'slug': 'atari-8-bit', 'image': None, 'year_end': None, 'year_start': None, 'games_count': 308, 'image_background': 'https://media.rawg.io/media/screenshots/038/0385a47d3a43b218204268af5361a19e.jpg'}, 'released_at': '1984-01-01', 'requirements': {}}, {'platform': {'id': 23, 'name': 'Atari 2600', 'slug': 'atari-2600', 'image': None, 'year_end': None, 'year_start': None, 'games_count': 294, 'image_background': 'https://media.rawg.io/media/screenshots/ff6/ff623993a854663931c1e78d72a16a5a.jpg'}, 'released_at': '1984-01-01', 'requirements': {}}, {'platform': {'id': 166, 'name': 'Commodore / Amiga', 'slug': 'commodore-amiga', 'image': None, 'year_end': None, 'year_start': None, 'games_count': 2083, 'image_background': 'https://media.rawg.io/media/games/cce/cce8bebe861f295003f5a9fe5b11233f.jpg'}, 'released_at': '1984-01-01', 'requirements': {}}]",[],"[{'id': 11, 'name': 'Activision', 'slug': 'activision', 'games_count': 163, 'image_background': 'https://media.rawg.io/media/screenshots/d05/d0524e9b2e276dd9c8351881e897f7c9.jpg'}]",[],"[{'id': 31, 'name': 'Singleplayer', 'slug': 'singleplayer', 'language': 'eng', 'games_count': 238404, 'image_background': 'https://media.rawg.io/media/games/26d/26d4437715bee60138dab4a7c8c59c92.jpg'}]","[{'id': 3408, 'name': 'SEGA', 'slug': 'sega-2', 'games_count': 1262, 'image_background': 'https://media.rawg.io/media/games/be9/be9cf02720c9326e11d0fda14518554f.jpg'}, {'id': 10830, 'name': 'Activision Blizzard', 'slug': 'activision-blizzard', 'games_count': 691, 'image_background': 'https://media.rawg.io/media/games/445/44507fdd60a8ec02b1c3c64a293ca754.jpg'}]",,,"Pitfall II: Lost Caverns is a platform video game originally released for the Atari 2600 by Activision in 1984 as the sequel to 1982's popular Pitfall!. Both games were designed and programmed by David Crane and star jungle explorer Pitfall Harry. Released after the North American video game crash of 1983 when interest in the 2600 was waning, Pitfall II was one of the last major releases for the console and one of the most technically impressive. The cartridge even contains a custom chip designed by David Crane to allow four channel music instead of the two the system is normally capable of.
Pitfall II was ported to the Atari 5200, ColecoVision, PCjr, Tandy Color Computer, Apple II, Atari 8-bit, MSX and Commodore 64. The game's plot was later loosely remade into Super Pitfall for the Famicom/NES.",1.0,11.0,2.0,3.0,3.0,,,,,,,,,,,,,,,,,0.0,,
53888,karate-champ-1984,Karate Champ (1984),Karate Champ (1984),"<p>Karate Champ, known in Japan as Karate Dō (空手道, ""The Way of the Empty Hand""), is a 1984 arcade fighting game developed by Technōs Japan for Data East. It established and popularized the one-on-one fighting game genre. A variety of moves can be performed using the dual-joystick controls, using a best-of-three matches format like later fighting games, and it features training bonus stages. It influenced Konami's Yie Ar Kung Fu and other fighting games.</p>
<p>A separate arcade game that allows two players the option to compete against each other was released in 1984 under the title Karate Champ — Player vs Player. This version would serve as the basis for the home ports of Karate Champ.</p>",,[],1984-07-01,False,2019-08-17T04:34:28,https://media.rawg.io/media/screenshots/7af/7af93e4415e3f90c438501df94c67177.jpg,https://media.rawg.io/media/screenshots/bc5/bc5ec58641ef1561413b0cd5376e73e4.jpg,,0.0,3,"[{'id': 3, 'title': 'meh', 'count': 2, 'percent': 40.0}, {'id': 5, 'title': 'exceptional', 'count': 1, 'percent': 20.0}, {'id': 4, 'title': 'recommended', 'count': 1, 'percent': 20.0}, {'id': 1, 'title': 'skip', 'count': 1, 'percent': 20.0}]",20,0,8,0,0,0,0,,,,,0,0,0,0,4,187,[],,0,0,0,,5,0f0f0f,0f0f0f,"[{'platform': {'id': 2, 'name': 'PlayStation', 'slug': 'playstation'}}, {'platform': {'id': 4, 'name': 'iOS', 'slug': 'ios'}}, {'platform': {'id': 5, 'name': 'Apple Macintosh', 'slug': 'mac'}}, {'platform': {'id': 7, 'name': 'Nintendo', 'slug': 'nintendo'}}, {'platform': {'id': 10, 'name': 'Commodore / Amiga', 'slug': 'commodore-amiga'}}]","[{'platform': {'id': 3, 'name': 'iOS', 'slug': 'ios', 'image': None, 'year_end': None, 'year_start': None, 'games_count': 77392, 'image_background': 'https://media.rawg.io/media/games/5fa/5fae5fec3c943179e09da67a4427d68f.jpg'}, 'released_at': '1984-07-01', 'requirements': {}}, {'platform': {'id': 11, 'name': 'Wii', 'slug': 'wii', 'image': None, 'year_end': None, 'year_start': None, 'games_count': 2209, 'image_background': 'https://media.rawg.io/media/games/9ca/9ca31615beee447f3ae1dc9b3b736dce.jpg'}, 'released_at': '1984-07-01', 'requirements': {}}, {'platform': {'id': 41, 'name': 'Apple II', 'slug': 'apple-ii', 'image': None, 'year_end': None, 'year_start': None, 'games_count': 424, 'image_background': 'https://media.rawg.io/media/screenshots/3d2/3d2bb57b39e2efa39d1c385585b2ea8b.jpg'}, 'released_at': '1984-07-01', 'requirements': {}}, {'platform': {'id': 18, 'name': 'PlayStation 4', 'slug': 'playstation4', 'image': None, 'year_end': None, 'year_start': None, 'games_count': 6916, 'image_background': 'https://media.rawg.io/media/games/f46/f466571d536f2e3ea9e815ad17177501.jpg'}, 'released_at': '1984-07-01', 'requirements': {}}, {'platform': {'id': 49, 'name': 'NES', 'slug': 'nes', 'image': None, 'year_end': None, 'year_start': None, 'games_count': 1015, 'image_background': 'https://media.rawg.io/media/games/7c5/7c50dd0415eb0a57505c58d4e50e4d24.jpg'}, 'released_at': '1984-07-01', 'requirements': {}}, {'platform': {'id': 166, 'name': 'Commodore / Amiga', 'slug': 'commodore-amiga', 'image': None, 'year_end': None, 'year_start': None, 'games_count': 2083, 'image_background': 'https://media.rawg.io/media/games/cce/cce8bebe861f295003f5a9fe5b11233f.jpg'}, 'released_at': '1984-07-01', 'requirements': {}}]",[],"[{'id': 25975, 'name': 'Technōs Japan', 'slug': 'technos-japan-2', 'games_count': 17, 'image_background': 'https://media.rawg.io/media/screenshots/e2a/e2af1fcbd58c3a1ce69f6b4907fab687.jpg'}]","[{'id': 6, 'name': 'Fighting', 'slug': 'fighting', 'games_count': 11763, 'image_background': 'https://media.rawg.io/media/games/35b/35b47c4d85cd6e08f3e2ca43ea5ce7bb.jpg'}]","[{'id': 418, 'name': '2 players', 'slug': '2-players', 'language': 'eng', 'games_count': 1244, 'image_background': 'https://media.rawg.io/media/screenshots/f9a/f9ac59bb4af2ca2193ee9ffb979577cf.jpg'}]","[{'id': 12214, 'name': 'Data East', 'slug': 'data-east', 'games_count': 64, 'image_background': 'https://media.rawg.io/media/screenshots/765/765f5b0640d1049558d0a8cc769ba227.jpg'}]",,,"Karate Champ, known in Japan as Karate Dō (空手道, ""The Way of the Empty Hand""), is a 1984 arcade fighting game developed by Technōs Japan for Data East. It established and popularized the one-on-one fighting game genre. A variety of moves can be performed using the dual-joystick controls, using a best-of-three matches format like later fighting games, and it features training bonus stages. It influenced Konami's Yie Ar Kung Fu and other fighting games.
A separate arcade game that allows two players the option to compete against each other was released in 1984 under the title Karate Champ — Player vs Player. This version would serve as the basis for the home ports of Karate Champ.",1.0,9.0,4.0,3.0,3.0,,,,,,,,,,,,,,,,,,,
52426,gremlins,Gremlins,Gremlins,"<p>Gremlins is a 1984 video game developed and published by Atari for the Atari 2600 system. It is a tie-in to the 1984 film Gremlins. Atari released another, substantially different game based on the film for the Atari 5200.</p>",,[],1984-01-01,False,2019-01-09T12:41:06,https://media.rawg.io/media/screenshots/678/6786598cba3939d48ed60cbd1a3723f4.jpg,https://media.rawg.io/media/screenshots/da9/da9071e6ea89ec2be355f314f70a6cfe.jpg,,0.0,0,[],19,0,8,0,2,0,0,,,,,0,0,0,0,0,290,[],,0,0,2,,0,0f0f0f,0f0f0f,"[{'platform': {'id': 5, 'name': 'Apple Macintosh', 'slug': 'mac'}}, {'platform': {'id': 9, 'name': 'Atari', 'slug': 'atari'}}, {'platform': {'id': 10, 'name': 'Commodore / Amiga', 'slug': 'commodore-amiga'}}]","[{'platform': {'id': 41, 'name': 'Apple II', 'slug': 'apple-ii', 'image': None, 'year_end': None, 'year_start': None, 'games_count': 424, 'image_background': 'https://media.rawg.io/media/screenshots/3d2/3d2bb57b39e2efa39d1c385585b2ea8b.jpg'}, 'released_at': '1984-01-01', 'requirements': {}}, {'platform': {'id': 31, 'name': 'Atari 5200', 'slug': 'atari-5200', 'image': None, 'year_end': None, 'year_start': None, 'games_count': 64, 'image_background': 'https://media.rawg.io/media/screenshots/678/6786598cba3939d48ed60cbd1a3723f4.jpg'}, 'released_at': '1984-01-01', 'requirements': {}}, {'platform': {'id': 23, 'name': 'Atari 2600', 'slug': 'atari-2600', 'image': None, 'year_end': None, 'year_start': None, 'games_count': 294, 'image_background': 'https://media.rawg.io/media/screenshots/ff6/ff623993a854663931c1e78d72a16a5a.jpg'}, 'released_at': '1984-01-01', 'requirements': {}}, {'platform': {'id': 166, 'name': 'Commodore / Amiga', 'slug': 'commodore-amiga', 'image': None, 'year_end': None, 'year_start': None, 'games_count': 2083, 'image_background': 'https://media.rawg.io/media/games/cce/cce8bebe861f295003f5a9fe5b11233f.jpg'}, 'released_at': '1984-01-01', 'requirements': {}}]",[],"[{'id': 656, 'name': 'Atari', 'slug': 'atari', 'games_count': 137, 'image_background': 'https://media.rawg.io/media/games/0d2/0d2d6f345cd77639d65a235cb7dd0a21.jpg'}]","[{'id': 4, 'name': 'Action', 'slug': 'action', 'games_count': 186608, 'image_background': 'https://media.rawg.io/media/games/618/618c2031a07bbff6b4f611f10b6bcdbc.jpg'}]","[{'id': 418, 'name': '2 players', 'slug': '2-players', 'language': 'eng', 'games_count': 1244, 'image_background': 'https://media.rawg.io/media/screenshots/f9a/f9ac59bb4af2ca2193ee9ffb979577cf.jpg'}]","[{'id': 1779, 'name': 'Atari', 'slug': 'atari', 'games_count': 507, 'image_background': 'https://media.rawg.io/media/games/d82/d82dbcf92ded452bf8c6fb1bbdd62e52.jpg'}]",,,"Gremlins is a 1984 video game developed and published by Atari for the Atari 2600 system. It is a tie-in to the 1984 film Gremlins. Atari released another, substantially different game based on the film for the Atari 5200.",2.0,8.0,3.0,4.0,2.0,,,,,,,,,,,,,,,,,0.0,,
56429,deus-ex-machina,Deus Ex Machina,Deus Ex Machina,"<p>Deus Ex Machina was a computer game designed and created by Mel Croucher and published by Automata UK for the ZX Spectrum in October 1984 and later converted to other popular 8-bit formats.</p>
<p>The game was the first to be accompanied by a fully synchronised soundtrack which featured narration, celebrity artists and music. The cast included Ian Dury, Jon Pertwee, Donna Bailey, Frankie Howerd, E.P. Thompson, and Mel Croucher (who also composed the music). Andrew Stagg coded the original Spectrum version, and Colin Jones (later known as author/publisher Colin Bradshaw-Jones) was the programmer of the Commodore 64 version.</p>
<p>The game charts the life of a ""defect"" which has formed in ""the machine"", from conception, through growth, evolution and eventually death. The progression is loosely based on ""The Seven Ages of Man"" from the Shakespeare play, As You Like It and includes many quotations and parodies of this.</p>
<p>Despite critical acclaim at the time, the game did not conform to conventions of packaging and pricing required by distributors and retailers and the game was sold mail-order only direct to the public. It subsequently gained cult status as an underground art game.</p>
<p>In 2010, the game was included as one of the titles in the book 1001 Video Games You Must Play Before You Die.</p>
<p>A re-imagining of the game went into production in 2010, under the title Deus Ex Machina 2, once again under the design and creation of Mel Croucher. The new cast is led by Sir Christopher Lee as The Programmer, with Chyna Whyne as The Machine, Chris Madin as The Defect, Joaquim de Almeida as the Defect Police, and original Ian Dury session vocals.</p>
<p>In 2014 Mel Croucher released a book about the game's (and his) history, and the making of the new game. The book is entitled Deus Ex Machina - The Best Game You Never Played in Your Life. The sequel was eventually released in 2015.</p>",,[],1984-01-01,False,2019-08-28T22:25:58,https://media.rawg.io/media/screenshots/4a7/4a7eaaa88721c3cac8f0bcb5dd2f70ea.jpg,https://media.rawg.io/media/screenshots/23e/23e63378fd1f5f48cb7f678001db42b6.jpg,,0.0,0,"[{'id': 1, 'title': 'skip', 'count': 2, 'percent': 66.67}, {'id': 3, 'title': 'meh', 'count': 1, 'percent': 33.33}]",19,0,9,0,1,0,0,,,,,0,0,0,0,2,124,[],,0,0,0,,3,0f0f0f,0f0f0f,"[{'platform': {'id': 10, 'name': 'Commodore / Amiga', 'slug': 'commodore-amiga'}}]","[{'platform': {'id': 166, 'name': 'Commodore / Amiga', 'slug': 'commodore-amiga', 'image': None, 'year_end': None, 'year_start': None, 'games_count': 2083, 'image_background': 'https://media.rawg.io/media/games/cce/cce8bebe861f295003f5a9fe5b11233f.jpg'}, 'released_at': '1984-01-01', 'requirements': {}}]",[],"[{'id': 27430, 'name': 'Automata UK', 'slug': 'automata-uk', 'games_count': 3, 'image_background': 'https://media.rawg.io/media/screenshots/4a7/4a7eaaa88721c3cac8f0bcb5dd2f70ea.jpg'}]","[{'id': 4, 'name': 'Action', 'slug': 'action', 'games_count': 186608, 'image_background': 'https://media.rawg.io/media/games/618/618c2031a07bbff6b4f611f10b6bcdbc.jpg'}]","[{'id': 31, 'name': 'Singleplayer', 'slug': 'singleplayer', 'language': 'eng', 'games_count': 238404, 'image_background': 'https://media.rawg.io/media/games/26d/26d4437715bee60138dab4a7c8c59c92.jpg'}]","[{'id': 19416, 'name': 'Electric Dreams', 'slug': 'electric-dreams', 'games_count': 4, 'image_background': 'https://media.rawg.io/media/screenshots/4b1/4b1806673ad09956a15e1a85ba41dbe6.jpg'}, {'id': 20521, 'name': 'Automata UK', 'slug': 'automata-uk', 'games_count': 1, 'image_background': 'https://media.rawg.io/media/screenshots/4a7/4a7eaaa88721c3cac8f0bcb5dd2f70ea.jpg'}]",,,"Deus Ex Machina was a computer game designed and created by Mel Croucher and published by Automata UK for the ZX Spectrum in October 1984 and later converted to other popular 8-bit formats.
The game was the first to be accompanied by a fully synchronised soundtrack which featured narration, celebrity artists and music. The cast included Ian Dury, Jon Pertwee, Donna Bailey, Frankie Howerd, E.P. Thompson, and Mel Croucher (who also composed the music). Andrew Stagg coded the original Spectrum version, and Colin Jones (later known as author/publisher Colin Bradshaw-Jones) was the programmer of the Commodore 64 version.
The game charts the life of a ""defect"" which has formed in ""the machine"", from conception, through growth, evolution and eventually death. The progression is loosely based on ""The Seven Ages of Man"" from the Shakespeare play, As You Like It and includes many quotations and parodies of this.
Despite critical acclaim at the time, the game did not conform to conventions of packaging and pricing required by distributors and retailers and the game was sold mail-order only direct to the public. It subsequently gained cult status as an underground art game.
In 2010, the game was included as one of the titles in the book 1001 Video Games You Must Play Before You Die.
A re-imagining of the game went into production in 2010, under the title Deus Ex Machina 2, once again under the design and creation of Mel Croucher. The new cast is led by Sir Christopher Lee as The Programmer, with Chyna Whyne as The Machine, Chris Madin as The Defect, Joaquim de Almeida as the Defect Police, and original Ian Dury session vocals.
In 2014 Mel Croucher released a book about the game's (and his) history, and the making of the new game. The book is entitled Deus Ex Machina - The Best Game You Never Played in Your Life. The sequel was eventually released in 2015.",2.0,9.0,2.0,3.0,2.0,,,,,,,1.0,,,,,,,,,,0.0,,
56703,pitstop-ii,Pitstop II,Pitstop II,"<p>Pitstop II is a 1984 sequel to the 1983 racing game Pitstop, both of which were published by Epyx. Pitstop II was released for the Commodore 64, Atari 8-bit family, Apple II, and IBM PC (as a booter). A TRS-80 Color Computer version was released in 1985.<br />
Pitstop II is the first 3D racing game to implement a split-screen simultaneous two-player game mode. Players could be in completely different places on the racing track, and each split screen would show the view of the track according to the player&#39;s position.<br />
This game was re-released on the Wii Virtual Console in Europe on August 8, 2008 and in North America on February 23, 2009 at a cost of 500 Wii Points.</p>",,[],1984-08-08,False,2019-08-28T22:00:20,https://media.rawg.io/media/screenshots/224/22467d748f535abddd27c1535643c031.jpg,https://media.rawg.io/media/screenshots/738/7385566676990eb9f9d70cb1f9fc23fa.jpg,,0.0,0,"[{'id': 4, 'title': 'recommended', 'count': 2, 'percent': 100.0}]",18,0,10,0,1,0,0,,,,,0,0,0,0,2,274,[],,0,0,0,,2,0f0f0f,0f0f0f,"[{'platform': {'id': 4, 'name': 'iOS', 'slug': 'ios'}}, {'platform': {'id': 5, 'name': 'Apple Macintosh', 'slug': 'mac'}}, {'platform': {'id': 7, 'name': 'Nintendo', 'slug': 'nintendo'}}, {'platform': {'id': 9, 'name': 'Atari', 'slug': 'atari'}}, {'platform': {'id': 10, 'name': 'Commodore / Amiga', 'slug': 'commodore-amiga'}}]","[{'platform': {'id': 3, 'name': 'iOS', 'slug': 'ios', 'image': None, 'year_end': None, 'year_start': None, 'games_count': 77392, 'image_background': 'https://media.rawg.io/media/games/5fa/5fae5fec3c943179e09da67a4427d68f.jpg'}, 'released_at': '1984-08-08', 'requirements': {}}, {'platform': {'id': 11, 'name': 'Wii', 'slug': 'wii', 'image': None, 'year_end': None, 'year_start': None, 'games_count': 2209, 'image_background': 'https://media.rawg.io/media/games/9ca/9ca31615beee447f3ae1dc9b3b736dce.jpg'}, 'released_at': '1984-08-08', 'requirements': {}}, {'platform': {'id': 25, 'name': 'Atari 8-bit', 'slug': 'atari-8-bit', 'image': None, 'year_end': None, 'year_start': None, 'games_count': 308, 'image_background': 'https://media.rawg.io/media/screenshots/038/0385a47d3a43b218204268af5361a19e.jpg'}, 'released_at': '1984-08-08', 'requirements': {}}, {'platform': {'id': 41, 'name': 'Apple II', 'slug': 'apple-ii', 'image': None, 'year_end': None, 'year_start': None, 'games_count': 424, 'image_background': 'https://media.rawg.io/media/screenshots/3d2/3d2bb57b39e2efa39d1c385585b2ea8b.jpg'}, 'released_at': '1984-08-08', 'requirements': {}}, {'platform': {'id': 166, 'name': 'Commodore / Amiga', 'slug': 'commodore-amiga', 'image': None, 'year_end': None, 'year_start': None, 'games_count': 2083, 'image_background': 'https://media.rawg.io/media/games/cce/cce8bebe861f295003f5a9fe5b11233f.jpg'}, 'released_at': '1984-08-08', 'requirements': {}}]",[],"[{'id': 15055, 'name': 'Epyx', 'slug': 'epyx', 'games_count': 47, 'image_background': 'https://media.rawg.io/media/screenshots/e33/e333909a54369eb4ec75e2e80b8da927.jpg'}]","[{'id': 1, 'name': 'Racing', 'slug': 'racing', 'games_count': 25359, 'image_background': 'https://media.rawg.io/media/screenshots/69b/69bb243ea9896ddfc2e051b58e81624d.jpg'}]","[{'id': 31, 'name': 'Singleplayer', 'slug': 'singleplayer', 'language': 'eng', 'games_count': 238404, 'image_background': 'https://media.rawg.io/media/games/26d/26d4437715bee60138dab4a7c8c59c92.jpg'}, {'id': 351, 'name': 'Two-player', 'slug': 'two-player', 'language': 'eng', 'games_count': 272, 'image_background': 'https://media.rawg.io/media/screenshots/1c1/1c1c7ba1dc364dc71e522acd045aa428.jpg'}]","[{'id': 11929, 'name': 'Epyx', 'slug': 'epyx', 'games_count': 44, 'image_background': 'https://media.rawg.io/media/screenshots/189/1890b76089fc24b04ca7ce2fc3299274.jpg'}]",,,"Pitstop II is a 1984 sequel to the 1983 racing game Pitstop, both of which were published by Epyx. Pitstop II was released for the Commodore 64, Atari 8-bit family, Apple II, and IBM PC (as a booter). A TRS-80 Color Computer version was released in 1985.
Pitstop II is the first 3D racing game to implement a split-screen simultaneous two-player game mode. Players could be in completely different places on the racing track, and each split screen would show the view of the track according to the player's position.
This game was re-released on the Wii Virtual Console in Europe on August 8, 2008 and in North America on February 23, 2009 at a cost of 500 Wii Points.",1.0,6.0,3.0,3.0,5.0,,,,,,,,,,,,,,,,,0.0,,
33171,archon,Archon,Archon,"<p>Archon is a strategy, arcade and fighting game developed by Free Fall Associates. It came out on 01-01-1984. It was published by Electronic Arts. The game is rated as ""Recommended"" on RAWG. <br>You can play Archon on PC. </p>

<p></p>",,[],1984-01-01,False,2023-02-08T10:51:45,https://media.rawg.io/media/screenshots/537/53758d11500d1bc7c8f499c1212657a5.jpg,https://media.rawg.io/media/screenshots/640/64031bd7f18fb83fc5031815e5425dc7.jpg,,0.0,0,"[{'id': 4, 'title': 'recommended', 'count': 1, 'percent': 50.0}, {'id': 1, 'title': 'skip', 'count': 1, 'percent': 50.0}]",17,0,2,0,3,0,0,,,,,0,0,0,0,2,27,[],,0,0,0,,2,0f0f0f,0f0f0f,"[{'platform': {'id': 1, 'name': 'PC', 'slug': 'pc'}}]","[{'platform': {'id': 4, 'name': 'PC', 'slug': 'pc', 'image': None, 'year_end': None, 'year_start': None, 'games_count': 547196, 'image_background': 'https://media.rawg.io/media/games/6fc/6fcf4cd3b17c288821388e6085bb0fc9.jpg'}, 'released_at': '1984-01-01', 'requirements': {}}]",[],"[{'id': 14814, 'name': 'Free Fall Associates', 'slug': 'free-fall-associates', 'games_count': 5, 'image_background': 'https://media.rawg.io/media/screenshots/1a2/1a275a8547972d7b02845d0edb48c7dd.jpg'}]","[{'id': 10, 'name': 'Strategy', 'slug': 'strategy', 'games_count': 59661, 'image_background': 'https://media.rawg.io/media/games/08b/08b2eee52a9876a48b955e5149affe5b.jpg'}, {'id': 11, 'name': 'Arcade', 'slug': 'arcade', 'games_count': 22658, 'image_background': 'https://media.rawg.io/media/games/556/556157feed9ee1f55f2b12b2973e30a3.jpg'}, {'id': 6, 'name': 'Fighting', 'slug': 'fighting', 'games_count': 11763, 'image_background': 'https://media.rawg.io/media/games/35b/35b47c4d85cd6e08f3e2ca43ea5ce7bb.jpg'}]",[],"[{'id': 354, 'name': 'Electronic Arts', 'slug': 'electronic-arts', 'games_count': 1332, 'image_background': 'https://media.rawg.io/media/games/45b/45b57ed59de4b84effd8f6bc4b7bf515.jpg'}]",,,,1.0,10.0,3.0,2.0,1.0,,,,,,,,,,,,,,,,,0.0,,
56642,mickeys-space-adventure,Mickey's Space Adventure,Mickey's Space Adventure,<p>Mickey's Space Adventure is a graphic adventure computer game for a number of computer platforms. It was designed by Roberta Williams and released by Sierra On-Line in 1984. It features the Disney characters Mickey Mouse and Pluto.</p>,,[],1984-01-01,False,2023-02-08T10:51:42,https://media.rawg.io/media/screenshots/287/287749b3cb740bc5006e7cb4f358792b.jpg,https://media.rawg.io/media/screenshots/e3e/e3e3ab91d3a93f334a5a963b001b05ed.jpg,,0.0,0,"[{'id': 4, 'title': 'recommended', 'count': 1, 'percent': 100.0}]",17,0,8,0,1,0,0,,,,,0,0,0,0,1,192,[],,0,0,0,,1,0f0f0f,0f0f0f,"[{'platform': {'id': 1, 'name': 'PC', 'slug': 'pc'}}, {'platform': {'id': 5, 'name': 'Apple Macintosh', 'slug': 'mac'}}, {'platform': {'id': 10, 'name': 'Commodore / Amiga', 'slug': 'commodore-amiga'}}]","[{'platform': {'id': 41, 'name': 'Apple II', 'slug': 'apple-ii', 'image': None, 'year_end': None, 'year_start': None, 'games_count': 424, 'image_background': 'https://media.rawg.io/media/screenshots/3d2/3d2bb57b39e2efa39d1c385585b2ea8b.jpg'}, 'released_at': '1984-01-01', 'requirements': {}}, {'platform': {'id': 4, 'name': 'PC', 'slug': 'pc', 'image': None, 'year_end': None, 'year_start': None, 'games_count': 547196, 'image_background': 'https://media.rawg.io/media/games/6fc/6fcf4cd3b17c288821388e6085bb0fc9.jpg'}, 'released_at': '1984-01-01', 'requirements': {}}, {'platform': {'id': 166, 'name': 'Commodore / Amiga', 'slug': 'commodore-amiga', 'image': None, 'year_end': None, 'year_start': None, 'games_count': 2083, 'image_background': 'https://media.rawg.io/media/games/cce/cce8bebe861f295003f5a9fe5b11233f.jpg'}, 'released_at': '1984-01-01', 'requirements': {}}]",[],"[{'id': 7564, 'name': 'Sierra On-Line', 'slug': 'sierra-on-line', 'games_count': 119, 'image_background': 'https://media.rawg.io/media/screenshots/3d7/3d7f9baa0db4d6fb67a5e17c29bda07f.jpg'}, {'id': 27526, 'name': 'Al Lowe', 'slug': 'al-lowe', 'games_count': 1, 'image_background': 'https://media.rawg.io/media/screenshots/287/287749b3cb740bc5006e7cb4f358792b.jpg'}]","[{'id': 3, 'name': 'Adventure', 'slug': 'adventure', 'games_count': 146481, 'image_background': 'https://media.rawg.io/media/games/b6b/b6b20bfc4b34e312dbc8aac53c95a348.jpg'}]","[{'id': 31, 'name': 'Singleplayer', 'slug': 'singleplayer', 'language': 'eng', 'games_count': 238404, 'image_background': 'https://media.rawg.io/media/games/26d/26d4437715bee60138dab4a7c8c59c92.jpg'}]","[{'id': 11434, 'name': 'Sierra On-Line', 'slug': 'sierra-on-line', 'games_count': 256, 'image_background': 'https://media.rawg.io/media/games/bc8/bc84784c2630f46ed2e675d0b4a59d62.jpg'}, {'id': 10887, 'name': 'Sierra Entertainment', 'slug': 'sierra-entertainment', 'games_count': 112, 'image_background': 'https://media.rawg.io/media/screenshots/058/058a71868ab884d1022023f21f2c6a47.jpg'}]",,,Mickey's Space Adventure is a graphic adventure computer game for a number of computer platforms. It was designed by Roberta Williams and released by Sierra On-Line in 1984. It features the Disney characters Mickey Mouse and Pluto.,1.0,8.0,3.0,3.0,2.0,,,,,,,,,,,,,,,,,0.0,,
53785,devil-world,Devil World,Devil World,"<p>Devil World (デビルワールド, Debiru Wārudo) is a maze video game developed and published by Nintendo for the Nintendo Entertainment System. It was released in Japan on October 5, 1984 and in Europe on July 15, 1987. The game was also released on the Wii's Virtual Console in Japan on January 22, 2008 and in PAL regions on October 31, 2008. Due to Nintendo of America's strict policies on the use of religious icons in games, it was not released in North America.</p>",,[],1984-10-05,False,2022-08-18T15:28:22,https://media.rawg.io/media/screenshots/475/47527ee15667d20fd9e45aafa1a729ff.jpg,https://media.rawg.io/media/screenshots/d4d/d4d0ce0033e305ea36b390af91dc2efa.jpg,,0.0,0,"[{'id': 3, 'title': 'meh', 'count': 4, 'percent': 100.0}]",17,0,8,0,4,0,0,,,,,0,0,0,0,4,135,[],,0,0,0,,4,0f0f0f,0f0f0f,"[{'platform': {'id': 7, 'name': 'Nintendo', 'slug': 'nintendo'}}]","[{'platform': {'id': 10, 'name': 'Wii U', 'slug': 'wii-u', 'image': None, 'year_end': None, 'year_start': None, 'games_count': 1114, 'image_background': 'https://media.rawg.io/media/games/85c/85c8ae70e7cdf0105f06ef6bdce63b8b.jpg'}, 'released_at': '1984-10-05', 'requirements': {}}, {'platform': {'id': 11, 'name': 'Wii', 'slug': 'wii', 'image': None, 'year_end': None, 'year_start': None, 'games_count': 2209, 'image_background': 'https://media.rawg.io/media/games/9ca/9ca31615beee447f3ae1dc9b3b736dce.jpg'}, 'released_at': '1984-10-05', 'requirements': {}}, {'platform': {'id': 49, 'name': 'NES', 'slug': 'nes', 'image': None, 'year_end': None, 'year_start': None, 'games_count': 1015, 'image_background': 'https://media.rawg.io/media/games/7c5/7c50dd0415eb0a57505c58d4e50e4d24.jpg'}, 'released_at': '1984-10-05', 'requirements': {}}, {'platform': {'id': 8, 'name': 'Nintendo 3DS', 'slug': 'nintendo-3ds', 'image': None, 'year_end': None, 'year_start': None, 'games_count': 1682, 'image_background': 'https://media.rawg.io/media/screenshots/42d/42d770eb49f2ba01cd4045e0d92af7a9.jpg'}, 'released_at': '1984-10-05', 'requirements': {}}]",[],"[{'id': 16257, 'name': 'Nintendo', 'slug': 'nintendo', 'games_count': 426, 'image_background': 'https://media.rawg.io/media/games/d9c/d9c8b7edc78391619566adfeb52b5a9a.jpg'}]",[],"[{'id': 31, 'name': 'Singleplayer', 'slug': 'singleplayer', 'language': 'eng', 'games_count': 238404, 'image_background': 'https://media.rawg.io/media/games/26d/26d4437715bee60138dab4a7c8c59c92.jpg'}, {'id': 7, 'name': 'Multiplayer', 'slug': 'multiplayer', 'language': 'eng', 'games_count': 40505, 'image_background': 'https://media.rawg.io/media/games/021/021c4e21a1824d2526f925eff6324653.jpg'}]","[{'id': 10681, 'name': 'Nintendo', 'slug': 'nintendo', 'games_count': 1235, 'image_background': 'https://media.rawg.io/media/games/dd1/dd167cf8753db3748a975d61cc926e54.jpg'}]",,,"Devil World (デビルワールド, Debiru Wārudo) is a maze video game developed and published by Nintendo for the Nintendo Entertainment System. It was released in Japan on October 5, 1984 and in Europe on July 15, 1987. The game was also released on the Wii's Virtual Console in Japan on January 22, 2008 and in PAL regions on October 31, 2008. Due to Nintendo of America's strict policies on the use of religious icons in games, it was not released in North America.",1.0,6.0,3.0,2.0,5.0,,,,,,,,,,,,,,,,,0.0,,
54033,seicross,Seicross,Seicross,"<p>Seicross, known in Japan as Sector Zone (セクターゾーン, Sekutā Zōn), is an arcade game developed and released in Japan and North America by Nichibutsu. Despite the original arcade being titled Sector Zone, Nichibutsu later ported it to the Famicom as Seicross (セクロス). This port was also published in North America for the Nintendo Entertainment System by FCI.</p>",,[],1984-01-01,False,2022-08-18T15:40:00,https://media.rawg.io/media/screenshots/d20/d20e126133d3473141298a14e3be45b5.jpg,https://media.rawg.io/media/screenshots/0d7/0d77a66f52f0064b731d03240cad41b2.jpg,,3.83,4,"[{'id': 4, 'title': 'recommended', 'count': 3, 'percent': 50.0}, {'id': 3, 'title': 'meh', 'count': 2, 'percent': 33.33}, {'id': 5, 'title': 'exceptional', 'count': 1, 'percent': 16.67}]",17,0,8,0,0,0,0,,,,,0,0,0,0,6,231,[],,0,0,0,,6,0f0f0f,0f0f0f,"[{'platform': {'id': 7, 'name': 'Nintendo', 'slug': 'nintendo'}}]","[{'platform': {'id': 10, 'name': 'Wii U', 'slug': 'wii-u', 'image': None, 'year_end': None, 'year_start': None, 'games_count': 1114, 'image_background': 'https://media.rawg.io/media/games/85c/85c8ae70e7cdf0105f06ef6bdce63b8b.jpg'}, 'released_at': '1984-01-01', 'requirements': {}}, {'platform': {'id': 49, 'name': 'NES', 'slug': 'nes', 'image': None, 'year_end': None, 'year_start': None, 'games_count': 1015, 'image_background': 'https://media.rawg.io/media/games/7c5/7c50dd0415eb0a57505c58d4e50e4d24.jpg'}, 'released_at': '1984-01-01', 'requirements': {}}, {'platform': {'id': 11, 'name': 'Wii', 'slug': 'wii', 'image': None, 'year_end': None, 'year_start': None, 'games_count': 2209, 'image_background': 'https://media.rawg.io/media/games/9ca/9ca31615beee447f3ae1dc9b3b736dce.jpg'}, 'released_at': '1984-01-01', 'requirements': {}}]",[],"[{'id': 25940, 'name': 'Nihon Bussan', 'slug': 'nihon-bussan', 'games_count': 9, 'image_background': 'https://media.rawg.io/media/games/981/981caf7a64217f036e8810ff940cfa72.jpg'}, {'id': 25939, 'name': 'Nichibutsu', 'slug': 'nichibutsu', 'games_count': 7, 'image_background': 'https://media.rawg.io/media/games/5a0/5a0e972a1a2ba7267e50d0da172d6580.jpg'}]","[{'id': 1, 'name': 'Racing', 'slug': 'racing', 'games_count': 25359, 'image_background': 'https://media.rawg.io/media/screenshots/69b/69bb243ea9896ddfc2e051b58e81624d.jpg'}]","[{'id': 31, 'name': 'Singleplayer', 'slug': 'singleplayer', 'language': 'eng', 'games_count': 238404, 'image_background': 'https://media.rawg.io/media/games/26d/26d4437715bee60138dab4a7c8c59c92.jpg'}]","[{'id': 19967, 'name': 'Nihon Bussan', 'slug': 'nihon-bussan', 'games_count': 6, 'image_background': 'https://media.rawg.io/media/games/981/981caf7a64217f036e8810ff940cfa72.jpg'}, {'id': 19410, 'name': 'Nichibutsu', 'slug': 'nichibutsu', 'games_count': 5, 'image_background': 'https://media.rawg.io/media/screenshots/10c/10cd0115664d2927d9773a72aff25898.jpg'}]",,,"Seicross, known in Japan as Sector Zone (セクターゾーン, Sekutā Zōn), is an arcade game developed and released in Japan and North America by Nichibutsu. Despite the original arcade being titled Sector Zone, Nichibutsu later ported it to the Famicom as Seicross (セクロス). This port was also published in North America for the Nintendo Entertainment System by FCI.",,7.0,2.0,3.0,5.0,,,,,,,,,,,,,,,,,,,
52535,hero-2,H.E.R.O.,H.E.R.O.,"<p>H.E.R.O. (standing for Helicopter Emergency Rescue Operation) is a video game written by John Van Ryzin and published by Activision for the Atari 2600 in March 1984. It was ported to the Apple II, Atari 5200, Atari 8-bit family, ColecoVision, Commodore 64, MSX, and ZX Spectrum. Sega released a version of the game for its SG-1000 console in Japan in 1985. While the gameplay was identical, Sega changed the backpack from a helicopter to a jetpack.<br />
The player uses a helicopter backpack and other tools to rescue victims trapped deep in a mine. The mine is made up of multiple screens using a flip screen style.</p>",,[],1984-01-01,False,2022-03-27T16:14:01,https://media.rawg.io/media/screenshots/c88/c886d9362748629fc991ab37032d31ec.jpg,https://media.rawg.io/media/screenshots/3f8/3f84ad704214ad4b869f5e44f6e3a5e3.jpg,,0.0,0,"[{'id': 4, 'title': 'recommended', 'count': 2, 'percent': 66.67}, {'id': 5, 'title': 'exceptional', 'count': 1, 'percent': 33.33}]",16,0,18,0,3,0,0,,,,,0,0,0,1,2,271,"['H.E.R.O.: Helicopter Emergency Rescue Operation', 'HERO', 'Helicopter Emergency Rescue Operation', 'ヒーロー']",,0,0,0,,3,0f0f0f,0f0f0f,"[{'platform': {'id': 5, 'name': 'Apple Macintosh', 'slug': 'mac'}}, {'platform': {'id': 9, 'name': 'Atari', 'slug': 'atari'}}, {'platform': {'id': 10, 'name': 'Commodore / Amiga', 'slug': 'commodore-amiga'}}]","[{'platform': {'id': 23, 'name': 'Atari 2600', 'slug': 'atari-2600', 'image': None, 'year_end': None, 'year_start': None, 'games_count': 294, 'image_background': 'https://media.rawg.io/media/screenshots/ff6/ff623993a854663931c1e78d72a16a5a.jpg'}, 'released_at': '1984-01-01', 'requirements': {}}, {'platform': {'id': 25, 'name': 'Atari 8-bit', 'slug': 'atari-8-bit', 'image': None, 'year_end': None, 'year_start': None, 'games_count': 308, 'image_background': 'https://media.rawg.io/media/screenshots/038/0385a47d3a43b218204268af5361a19e.jpg'}, 'released_at': '1984-01-01', 'requirements': {}}, {'platform': {'id': 31, 'name': 'Atari 5200', 'slug': 'atari-5200', 'image': None, 'year_end': None, 'year_start': None, 'games_count': 64, 'image_background': 'https://media.rawg.io/media/screenshots/678/6786598cba3939d48ed60cbd1a3723f4.jpg'}, 'released_at': '1984-01-01', 'requirements': {}}, {'platform': {'id': 41, 'name': 'Apple II', 'slug': 'apple-ii', 'image': None, 'year_end': None, 'year_start': None, 'games_count': 424, 'image_background': 'https://media.rawg.io/media/screenshots/3d2/3d2bb57b39e2efa39d1c385585b2ea8b.jpg'}, 'released_at': '1984-01-01', 'requirements': {}}, {'platform': {'id': 166, 'name': 'Commodore / Amiga', 'slug': 'commodore-amiga', 'image': None, 'year_end': None, 'year_start': None, 'games_count': 2083, 'image_background': 'https://media.rawg.io/media/games/cce/cce8bebe861f295003f5a9fe5b11233f.jpg'}, 'released_at': '1984-01-01', 'requirements': {}}]",[],"[{'id': 11, 'name': 'Activision', 'slug': 'activision', 'games_count': 163, 'image_background': 'https://media.rawg.io/media/screenshots/d05/d0524e9b2e276dd9c8351881e897f7c9.jpg'}]","[{'id': 4, 'name': 'Action', 'slug': 'action', 'games_count': 186608, 'image_background': 'https://media.rawg.io/media/games/618/618c2031a07bbff6b4f611f10b6bcdbc.jpg'}]","[{'id': 5816, 'name': 'console', 'slug': 'console', 'language': 'eng', 'games_count': 1390, 'image_background': 'https://media.rawg.io/media/games/faa/faa6a4a7a2e57faf2960329630aee211.jpg'}, {'id': 726, 'name': 'japan', 'slug': 'japan', 'language': 'eng', 'games_count': 1010, 'image_background': 'https://media.rawg.io/media/screenshots/e2a/e2af1fcbd58c3a1ce69f6b4907fab687.jpg'}, {'id': 2629, 'name': 'mine', 'slug': 'mine', 'language': 'eng', 'games_count': 1229, 'image_background': 'https://media.rawg.io/media/screenshots/433/4339d68607d9e29e2ffb47dcd305568d.jpeg'}, {'id': 3170, 'name': 'jetpack', 'slug': 'jetpack', 'language': 'eng', 'games_count': 467, 'image_background': 'https://media.rawg.io/media/screenshots/e21/e21fbc6dbd03aa5a851bf0ff6a5c325f.jpg'}, {'id': 1534, 'name': 'atari', 'slug': 'atari', 'language': 'eng', 'games_count': 1158, 'image_background': 'https://media.rawg.io/media/screenshots/d10/d10fdd0fc764ad4a5d70fffa6aee1175.jpg'}, {'id': 3244, 'name': 'helicopter', 'slug': 'helicopter', 'language': 'eng', 'games_count': 858, 'image_background': 'https://media.rawg.io/media/screenshots/728/7289208bd3be36d537d6d163cf97ff57.jpg'}]","[{'id': 10830, 'name': 'Activision Blizzard', 'slug': 'activision-blizzard', 'games_count': 691, 'image_background': 'https://media.rawg.io/media/games/445/44507fdd60a8ec02b1c3c64a293ca754.jpg'}]",,,"H.E.R.O. (standing for Helicopter Emergency Rescue Operation) is a video game written by John Van Ryzin and published by Activision for the Atari 2600 in March 1984. It was ported to the Apple II, Atari 5200, Atari 8-bit family, ColecoVision, Commodore 64, MSX, and ZX Spectrum. Sega released a version of the game for its SG-1000 console in Japan in 1985. While the gameplay was identical, Sega changed the backpack from a helicopter to a jetpack.
The player uses a helicopter backpack and other tools to rescue victims trapped deep in a mine. The mine is made up of multiple screens using a flip screen style.",,8.0,3.0,2.0,3.0,,,,,,,,,,,,,,,,,0.0,1.0,
55804,dragon-slayer-1984,Dragon Slayer (1984),Dragon Slayer (1984),"<p>Dragon Slayer (ドラゴンスレイヤー, Doragon Sureiyā) is an action role-playing game, developed by Nihon Falcom and designed by Yoshio Kiya. It was originally released in 1984 for the PC-8801, PC-9801, Sharp X1 and FM-7, and became a major success in Japan. It was followed by an MSX port published by Square in 1985 (making it one of the first titles to be published by Square), a Super Cassette Vision by Epoch in 1986 and a Game Boy port by the same company in 1990 under the name Dragon Slayer I (ドラゴンスレイヤーI, Doragon Sureiyā Wan). A remake of Dragon Slayer was also included in the Falcom Classics collection for the Sega Saturn.</p>
<p>Dragon Slayer began the Dragon Slayer series, a banner which encompasses a number of popular Falcom titles, such as Dragon Slayer II: Xanadu, Sorcerian, and Legacy of the Wizard.</p>",,[],1984-09-10,False,2019-08-28T22:26:01,https://media.rawg.io/media/screenshots/93f/93fe61e9e1544b45fa7c69052a89ca3d.jpg,https://media.rawg.io/media/screenshots/fe0/fe0e41a79ae37c67c013c6caf9ae478d.jpg,,0.0,0,"[{'id': 1, 'title': 'skip', 'count': 1, 'percent': 100.0}]",16,0,10,0,1,0,0,,,,,0,0,0,0,1,274,[],,0,0,10,,1,0f0f0f,0f0f0f,"[{'platform': {'id': 7, 'name': 'Nintendo', 'slug': 'nintendo'}}]","[{'platform': {'id': 26, 'name': 'Game Boy', 'slug': 'game-boy', 'image': None, 'year_end': None, 'year_start': None, 'games_count': 617, 'image_background': 'https://media.rawg.io/media/games/057/0573c1c9e1f2414c1f4acabe86ee9fd9.jpg'}, 'released_at': '1984-09-10', 'requirements': {}}]",[],"[{'id': 5445, 'name': 'Nihon Falcom', 'slug': 'nihon-falcom', 'games_count': 78, 'image_background': 'https://media.rawg.io/media/games/291/2917eaf996afa24584de1f020ce6571a.jpg'}]",[],"[{'id': 31, 'name': 'Singleplayer', 'slug': 'singleplayer', 'language': 'eng', 'games_count': 238404, 'image_background': 'https://media.rawg.io/media/games/26d/26d4437715bee60138dab4a7c8c59c92.jpg'}]","[{'id': 11194, 'name': 'Square', 'slug': 'square', 'games_count': 68, 'image_background': 'https://media.rawg.io/media/games/f77/f77510051b6a61decc35c5257193fc9e.jpg'}, {'id': 10803, 'name': 'NIHON FALCOM', 'slug': 'nihon-falcom', 'games_count': 23, 'image_background': 'https://media.rawg.io/media/screenshots/d21/d218e020630c24495a9288aa0e77853f.jpg'}, {'id': 19971, 'name': 'Epoch', 'slug': 'epoch', 'games_count': 13, 'image_background': 'https://media.rawg.io/media/screenshots/9cb/9cb19fa8bce74cd66a8aec5a964dbeed.jpg'}]",,,"Dragon Slayer (ドラゴンスレイヤー, Doragon Sureiyā) is an action role-playing game, developed by Nihon Falcom and designed by Yoshio Kiya. It was originally released in 1984 for the PC-8801, PC-9801, Sharp X1 and FM-7, and became a major success in Japan. It was followed by an MSX port published by Square in 1985 (making it one of the first titles to be published by Square), a Super Cassette Vision by Epoch in 1986 and a Game Boy port by the same company in 1990 under the name Dragon Slayer I (ドラゴンスレイヤーI, Doragon Sureiyā Wan). A remake of Dragon Slayer was also included in the Falcom Classics collection for the Sega Saturn.
Dragon Slayer began the Dragon Slayer series, a banner which encompasses a number of popular Falcom titles, such as Dragon Slayer II: Xanadu, Sorcerian, and Legacy of the Wizard.",3.0,5.0,3.0,4.0,1.0,,,,,,,,,,,,,,,,,0.0,,
11143,the-castles-of-dr-creep,The Castles of Dr. Creep,The Castles of Dr. Creep,"<p>You are about to begin a tour of some of the strangest real estate ever placed on the market: The Castles of Dr. Creep. &lt;br/&gt;<br />
Your goal: to complete your tour alive. Your visit to each of the 13 castles will be timed, so don&#39; t dawdle. &lt;br/&gt;<br />
You can enter the castles alone. But you may find it a bit more comforting to have a friend along. With two players this be-comes a game where cooperation, not competition, is what counts.</p>",,[],1984-09-02,False,2024-10-16T21:51:02,https://media.rawg.io/media/screenshots/bfd/bfda378951d2ef5c45cf3229838d3a0e.jpg,https://media.rawg.io/media/screenshots/995/99517dfbec15c6e6843cfbae292b7ade.jpg,,0.0,0,"[{'id': 4, 'title': 'recommended', 'count': 1, 'percent': 100.0}]",16,5,18,1,1,39,39,,,,,0,0,0,0,1,199,[],,0,0,0,,1,0f0f0f,0f0f0f,"[{'platform': {'id': 1, 'name': 'PC', 'slug': 'pc'}}, {'platform': {'id': 5, 'name': 'Apple Macintosh', 'slug': 'mac'}}, {'platform': {'id': 6, 'name': 'Linux', 'slug': 'linux'}}, {'platform': {'id': 10, 'name': 'Commodore / Amiga', 'slug': 'commodore-amiga'}}]","[{'platform': {'id': 166, 'name': 'Commodore / Amiga', 'slug': 'commodore-amiga', 'image': None, 'year_end': None, 'year_start': None, 'games_count': 2083, 'image_background': 'https://media.rawg.io/media/games/cce/cce8bebe861f295003f5a9fe5b11233f.jpg'}, 'released_at': '1984-09-02', 'requirements': {}}, {'platform': {'id': 5, 'name': 'macOS', 'slug': 'macos', 'image': None, 'year_end': None, 'year_start': None, 'games_count': 106181, 'image_background': 'https://media.rawg.io/media/games/6fc/6fcf4cd3b17c288821388e6085bb0fc9.jpg'}, 'released_at': '1984-09-02', 'requirements': {'minimum': 'Minimum:\nOS: OSX 10.11.6 or newer\nProcessor: Intel chipset\nMemory: 512 MB RAM\nStorage: 25 MB available space', 'recommended': 'Recommended:\nMemory: 1024 MB RAM'}}, {'platform': {'id': 4, 'name': 'PC', 'slug': 'pc', 'image': None, 'year_end': None, 'year_start': None, 'games_count': 547196, 'image_background': 'https://media.rawg.io/media/games/6fc/6fcf4cd3b17c288821388e6085bb0fc9.jpg'}, 'released_at': '1984-09-02', 'requirements': {'minimum': 'Minimum:\nOS: Microsoft Windows XP\nProcessor: 1.7Ghz or Higher\nMemory: 256 MB RAM\nDirectX: Version 9.0c\nStorage: 25 MB available space', 'recommended': 'Recommended:\nMemory: 512 MB RAM'}}, {'platform': {'id': 6, 'name': 'Linux', 'slug': 'linux', 'image': None, 'year_end': None, 'year_start': None, 'games_count': 78810, 'image_background': 'https://media.rawg.io/media/games/d58/d588947d4286e7b5e0e12e1bea7d9844.jpg'}, 'released_at': '1984-09-02', 'requirements': {'minimum': 'Minimum:\nOS: SteamOS, Ubuntu\nProcessor: 1.7Ghz or Higher\nMemory: 256 MB RAM\nStorage: 25 MB available space', 'recommended': 'Recommended:\nMemory: 512 MB RAM'}}]","[{'id': 12221, 'url': '', 'store': {'id': 1, 'name': 'Steam', 'slug': 'steam', 'domain': 'store.steampowered.com', 'games_count': 110181, 'image_background': 'https://media.rawg.io/media/games/7fa/7fa0b586293c5861ee32490e953a4996.jpg'}}]","[{'id': 5115, 'name': 'Robert Crossfield', 'slug': 'robert-crossfield', 'games_count': 1, 'image_background': 'https://media.rawg.io/media/screenshots/bfd/bfda378951d2ef5c45cf3229838d3a0e.jpg'}, {'id': 5116, 'name': 'Ed Hobbs', 'slug': 'ed-hobbs', 'games_count': 1, 'image_background': 'https://media.rawg.io/media/screenshots/bfd/bfda378951d2ef5c45cf3229838d3a0e.jpg'}]","[{'id': 40, 'name': 'Casual', 'slug': 'casual', 'games_count': 61303, 'image_background': 'https://media.rawg.io/media/games/e44/e445335e611b4ccf03af71fffcbd30a4.jpg'}, {'id': 51, 'name': 'Indie', 'slug': 'indie', 'games_count': 76957, 'image_background': 'https://media.rawg.io/media/games/dd5/dd50d4266915d56dd5b63ae1bf72606a.jpg'}, {'id': 7, 'name': 'Puzzle', 'slug': 'puzzle', 'games_count': 97333, 'image_background': 'https://media.rawg.io/media/games/9f4/9f418898f5415668ca47b5f4ab1ecfeb.jpg'}]","[{'id': 31, 'name': 'Singleplayer', 'slug': 'singleplayer', 'language': 'eng', 'games_count': 238404, 'image_background': 'https://media.rawg.io/media/games/26d/26d4437715bee60138dab4a7c8c59c92.jpg'}, {'id': 40847, 'name': 'Steam Achievements', 'slug': 'steam-achievements', 'language': 'eng', 'games_count': 45058, 'image_background': 'https://media.rawg.io/media/games/310/3106b0e012271c5ffb16497b070be739.jpg'}, {'id': 40849, 'name': 'Steam Cloud', 'slug': 'steam-cloud', 'language': 'eng', 'games_count': 21821, 'image_background': 'https://media.rawg.io/media/games/490/49016e06ae2103881ff6373248843069.jpg'}, {'id': 411, 'name': 'cooperative', 'slug': 'cooperative', 'language': 'eng', 'games_count': 5855, 'image_background': 'https://media.rawg.io/media/games/1bd/1bd2657b81eb0c99338120ad444b24ff.jpg'}, {'id': 40845, 'name': 'Partial Controller Support', 'slug': 'partial-controller-support', 'language': 'eng', 'games_count': 12999, 'image_background': 'https://media.rawg.io/media/games/587/587588c64afbff80e6f444eb2e46f9da.jpg'}, {'id': 40850, 'name': 'Steam Leaderboards', 'slug': 'steam-leaderboards', 'language': 'eng', 'games_count': 7726, 'image_background': 'https://media.rawg.io/media/games/1fb/1fb1c5f7a71d771f440b27ce7f71e7eb.jpg'}, {'id': 75, 'name': 'Local Co-Op', 'slug': 'local-co-op', 'language': 'eng', 'games_count': 5787, 'image_background': 'https://media.rawg.io/media/games/270/270b412b66688081497b3d70c100b208.jpg'}, {'id': 74, 'name': 'Retro', 'slug': 'retro', 'language': 'eng', 'games_count': 43195, 'image_background': 'https://media.rawg.io/media/games/e04/e04963f3ac4c4fa83a1dc0b9231e50db.jpg'}, {'id': 66, 'name': 'Medieval', 'slug': 'medieval', 'language': 'eng', 'games_count': 7337, 'image_background': 'https://media.rawg.io/media/games/ccd/ccd40e8f86c0ae10a082b610d31d4475.jpg'}, {'id': 83, 'name': 'Puzzle-Platformer', 'slug': 'puzzle-platformer', 'language': 'eng', 'games_count': 9498, 'image_background': 'https://media.rawg.io/media/games/a91/a917f41bb87e4b9e7a762ac87d97a9dc.jpg'}]","[{'id': 19491, 'name': 'Brøderbund', 'slug': 'broderbund', 'games_count': 32, 'image_background': 'https://media.rawg.io/media/games/054/0540c8fc8eed3fc13d3990f419c61c6f.jpg'}, {'id': 4451, 'name': 'Strobs Canardly', 'slug': 'strobs-canardly', 'games_count': 1, 'image_background': 'https://media.rawg.io/media/screenshots/bfd/bfda378951d2ef5c45cf3229838d3a0e.jpg'}]",,,"You are about to begin a tour of some of the strangest real estate ever placed on the market: The Castles of Dr. Creep. <br/>
Your goal: to complete your tour alive. Your visit to each of the 13 castles will be timed, so don' t dawdle. <br/>
You can enter the castles alone. But you may find it a bit more comforting to have a friend along. With two players this be-comes a game where cooperation, not competition, is what counts.",1.0,9.0,3.0,2.0,1.0,,,,,,,,,,,,,,,,,0.0,,
31394,softporn-adventure,Softporn Adventure,Softporn Adventure,"<p>Softporn Adventure is an adventure game developed by Gary Thompson and Chuck Benton. It was originally released in 1984. Sierra On-Line published the game. <br>You can play Softporn Adventure on PC. </p>

<p></p>",,[],1984-01-01,False,2023-02-08T10:51:40,https://media.rawg.io/media/screenshots/8a4/8a43af0a7265e33dc12cd41d81dce8ce.jpg,https://media.rawg.io/media/screenshots/d5b/d5b7ba9ce3e4eac40b98b66327fabef1.jpg,,0.0,0,[],16,0,2,0,0,0,0,,,,,0,0,0,0,0,46,[],,0,0,0,,0,0f0f0f,0f0f0f,"[{'platform': {'id': 1, 'name': 'PC', 'slug': 'pc'}}]","[{'platform': {'id': 4, 'name': 'PC', 'slug': 'pc', 'image': None, 'year_end': None, 'year_start': None, 'games_count': 547196, 'image_background': 'https://media.rawg.io/media/games/6fc/6fcf4cd3b17c288821388e6085bb0fc9.jpg'}, 'released_at': '1984-01-01', 'requirements': {}}]",[],"[{'id': 15430, 'name': 'Gary Thompson', 'slug': 'gary-thompson', 'games_count': 1, 'image_background': 'https://media.rawg.io/media/screenshots/8a4/8a43af0a7265e33dc12cd41d81dce8ce.jpg'}, {'id': 15431, 'name': 'Chuck Benton', 'slug': 'chuck-benton', 'games_count': 1, 'image_background': 'https://media.rawg.io/media/screenshots/8a4/8a43af0a7265e33dc12cd41d81dce8ce.jpg'}]","[{'id': 3, 'name': 'Adventure', 'slug': 'adventure', 'games_count': 146481, 'image_background': 'https://media.rawg.io/media/games/b6b/b6b20bfc4b34e312dbc8aac53c95a348.jpg'}]",[],"[{'id': 11434, 'name': 'Sierra On-Line', 'slug': 'sierra-on-line', 'games_count': 256, 'image_background': 'https://media.rawg.io/media/games/bc8/bc84784c2630f46ed2e675d0b4a59d62.jpg'}]",,,,5.0,6.0,2.0,2.0,1.0,,,,,,,,,,,,,,,,,0.0,,
56578,jet-set-willy,Jet Set Willy,Jet Set Willy,"<p>Jet Set Willy is a platform video game originally written by Matthew Smith for the ZX Spectrum home computer. It was published in 1984 by Software Projects and ported to most home computers of the time.</p>
<p>The game is a sequel to Manic Miner published in 1983, and is the second game in the Miner Willy series. It was a significant development in the platform game genre on the home computer.</p>",,[],1984-01-01,False,2019-08-28T22:25:56,https://media.rawg.io/media/screenshots/bd8/bd8eb489ad512ea28baad1efc65b9278.jpg,https://media.rawg.io/media/screenshots/abe/abe63d8ea294518383446870e6116403.jpg,,0.0,0,"[{'id': 3, 'title': 'meh', 'count': 1, 'percent': 50.0}, {'id': 1, 'title': 'skip', 'count': 1, 'percent': 50.0}]",16,0,17,0,7,0,0,,,,,0,0,0,0,2,170,[],,0,0,0,,2,0f0f0f,0f0f0f,"[{'platform': {'id': 3, 'name': 'Xbox', 'slug': 'xbox'}}, {'platform': {'id': 4, 'name': 'iOS', 'slug': 'ios'}}, {'platform': {'id': 9, 'name': 'Atari', 'slug': 'atari'}}, {'platform': {'id': 10, 'name': 'Commodore / Amiga', 'slug': 'commodore-amiga'}}]","[{'platform': {'id': 166, 'name': 'Commodore / Amiga', 'slug': 'commodore-amiga', 'image': None, 'year_end': None, 'year_start': None, 'games_count': 2083, 'image_background': 'https://media.rawg.io/media/games/cce/cce8bebe861f295003f5a9fe5b11233f.jpg'}, 'released_at': '1984-01-01', 'requirements': {}}, {'platform': {'id': 3, 'name': 'iOS', 'slug': 'ios', 'image': None, 'year_end': None, 'year_start': None, 'games_count': 77392, 'image_background': 'https://media.rawg.io/media/games/5fa/5fae5fec3c943179e09da67a4427d68f.jpg'}, 'released_at': '1984-01-01', 'requirements': {}}, {'platform': {'id': 34, 'name': 'Atari ST', 'slug': 'atari-st', 'image': None, 'year_end': None, 'year_start': None, 'games_count': 836, 'image_background': 'https://media.rawg.io/media/games/637/637d7dc2f44d0f6ddd3ee2c0b1366962.jpg'}, 'released_at': '1984-01-01', 'requirements': {}}, {'platform': {'id': 25, 'name': 'Atari 8-bit', 'slug': 'atari-8-bit', 'image': None, 'year_end': None, 'year_start': None, 'games_count': 308, 'image_background': 'https://media.rawg.io/media/screenshots/038/0385a47d3a43b218204268af5361a19e.jpg'}, 'released_at': '1984-01-01', 'requirements': {}}, {'platform': {'id': 14, 'name': 'Xbox 360', 'slug': 'xbox360', 'image': None, 'year_end': None, 'year_start': None, 'games_count': 2805, 'image_background': 'https://media.rawg.io/media/games/4a0/4a0a1316102366260e6f38fd2a9cfdce.jpg'}, 'released_at': '1984-01-01', 'requirements': {}}]",[],"[{'id': 27493, 'name': 'Software Projects', 'slug': 'software-projects', 'games_count': 2, 'image_background': 'https://media.rawg.io/media/screenshots/bd8/bd8eb489ad512ea28baad1efc65b9278.jpg'}]","[{'id': 83, 'name': 'Platformer', 'slug': 'platformer', 'games_count': 100869, 'image_background': 'https://media.rawg.io/media/games/f8c/f8c6a262ead4c16b47e1219310210eb3.jpg'}]","[{'id': 31, 'name': 'Singleplayer', 'slug': 'singleplayer', 'language': 'eng', 'games_count': 238404, 'image_background': 'https://media.rawg.io/media/games/26d/26d4437715bee60138dab4a7c8c59c92.jpg'}]","[{'id': 19773, 'name': 'Software Projects', 'slug': 'software-projects', 'games_count': 6, 'image_background': 'https://media.rawg.io/media/games/054/0540c8fc8eed3fc13d3990f419c61c6f.jpg'}, {'id': 19980, 'name': 'Tynesoft', 'slug': 'tynesoft', 'games_count': 5, 'image_background': 'https://media.rawg.io/media/screenshots/760/760760e667277d55337d74211cd4babb.jpg'}]",,,"Jet Set Willy is a platform video game originally written by Matthew Smith for the ZX Spectrum home computer. It was published in 1984 by Software Projects and ported to most home computers of the time.
The game is a sequel to Manic Miner published in 1983, and is the second game in the Miner Willy series. It was a significant development in the platform game genre on the home computer.",1.0,7.0,2.0,2.0,4.0,,,,,,,,,,,,,,,,,0.0,,
56806,star-wars-return-of-the-jedi,Star Wars: Return of the Jedi,Star Wars: Return of the Jedi,"<p>Star Wars: Return of the Jedi is a 1984 arcade game by Atari, Inc. and the follow-up to 1983's Star Wars arcade game. The game uses raster graphics, rather than vector graphics which were used for the first and third Atari arcade games based on the Star Wars franchise. Home ports were released by Domark for the Amstrad CPC, ZX Spectrum, Atari ST, Commodore 64, and Amiga in 1988.</p>",,[],1984-01-01,False,2019-08-28T22:00:17,https://media.rawg.io/media/screenshots/89e/89efb2d777023fee01db63399b532707.jpg,https://media.rawg.io/media/screenshots/886/886a309ed036b9a186e5c761613f68ac.jpg,,0.0,0,"[{'id': 3, 'title': 'meh', 'count': 1, 'percent': 50.0}, {'id': 1, 'title': 'skip', 'count': 1, 'percent': 50.0}]",15,0,14,0,0,0,0,,,,,0,0,0,0,2,347,[],,0,0,55,,2,0f0f0f,0f0f0f,"[{'platform': {'id': 9, 'name': 'Atari', 'slug': 'atari'}}, {'platform': {'id': 10, 'name': 'Commodore / Amiga', 'slug': 'commodore-amiga'}}]","[{'platform': {'id': 34, 'name': 'Atari ST', 'slug': 'atari-st', 'image': None, 'year_end': None, 'year_start': None, 'games_count': 836, 'image_background': 'https://media.rawg.io/media/games/637/637d7dc2f44d0f6ddd3ee2c0b1366962.jpg'}, 'released_at': '1984-01-01', 'requirements': {}}, {'platform': {'id': 166, 'name': 'Commodore / Amiga', 'slug': 'commodore-amiga', 'image': None, 'year_end': None, 'year_start': None, 'games_count': 2083, 'image_background': 'https://media.rawg.io/media/games/cce/cce8bebe861f295003f5a9fe5b11233f.jpg'}, 'released_at': '1984-01-01', 'requirements': {}}]",[],"[{'id': 656, 'name': 'Atari', 'slug': 'atari', 'games_count': 137, 'image_background': 'https://media.rawg.io/media/games/0d2/0d2d6f345cd77639d65a235cb7dd0a21.jpg'}, {'id': 14998, 'name': 'Tengen', 'slug': 'tengen', 'games_count': 13, 'image_background': 'https://media.rawg.io/media/screenshots/ea9/ea94a39c7137b4bc6da80eb3c3144475.jpg'}]","[{'id': 2, 'name': 'Shooter', 'slug': 'shooter', 'games_count': 59560, 'image_background': 'https://media.rawg.io/media/games/d58/d588947d4286e7b5e0e12e1bea7d9844.jpg'}, {'id': 1, 'name': 'Racing', 'slug': 'racing', 'games_count': 25359, 'image_background': 'https://media.rawg.io/media/screenshots/69b/69bb243ea9896ddfc2e051b58e81624d.jpg'}]","[{'id': 31, 'name': 'Singleplayer', 'slug': 'singleplayer', 'language': 'eng', 'games_count': 238404, 'image_background': 'https://media.rawg.io/media/games/26d/26d4437715bee60138dab4a7c8c59c92.jpg'}]","[{'id': 1779, 'name': 'Atari', 'slug': 'atari', 'games_count': 507, 'image_background': 'https://media.rawg.io/media/games/d82/d82dbcf92ded452bf8c6fb1bbdd62e52.jpg'}, {'id': 11758, 'name': 'Domark', 'slug': 'domark', 'games_count': 43, 'image_background': 'https://media.rawg.io/media/screenshots/a86/a861b4dbb312cce0e8c58e4b6e6ce142.jpg'}, {'id': 11634, 'name': 'Domark Software', 'slug': 'domark-software', 'games_count': 24, 'image_background': 'https://media.rawg.io/media/screenshots/487/487233348553e94226efd834cc3d0a94.jpg'}]",,,"Star Wars: Return of the Jedi is a 1984 arcade game by Atari, Inc. and the follow-up to 1983's Star Wars arcade game. The game uses raster graphics, rather than vector graphics which were used for the first and third Atari arcade games based on the Star Wars franchise. Home ports were released by Domark for the Amstrad CPC, ZX Spectrum, Atari ST, Commodore 64, and Amiga in 1988.",1.0,6.0,3.0,4.0,1.0,,,,,,,,,,,,,,,,,0.0,,
56470,fahrenheit-451,Fahrenheit 451,Fahrenheit 451,"<p>Fahrenheit 451 is a computer strategy game released in 1984 based on the novel of the same name by Ray Bradbury. Originally released by software company Trillium, it was re-released in 1985 under the company name's new name Telarium.</p>
<p>The player's goal is to help Guy Montag, the main character from the novel, to evade the authorities and make contact with an underground movement. Bradbury contributed to the game, by writing the prologue and responses of the game's intelligent computer ""Ray"".</p>",,[],1984-01-01,False,2023-02-08T10:51:43,https://media.rawg.io/media/screenshots/66a/66aa183e859a09a7da382431b1867157.jpg,https://media.rawg.io/media/screenshots/f12/f129b4e292275859d879b4c0eb42f254.jpg,,0.0,0,"[{'id': 4, 'title': 'recommended', 'count': 1, 'percent': 100.0}]",15,0,12,0,0,0,0,,,,,0,0,0,0,1,284,[],,0,0,0,,1,0f0f0f,0f0f0f,"[{'platform': {'id': 1, 'name': 'PC', 'slug': 'pc'}}, {'platform': {'id': 5, 'name': 'Apple Macintosh', 'slug': 'mac'}}, {'platform': {'id': 9, 'name': 'Atari', 'slug': 'atari'}}, {'platform': {'id': 10, 'name': 'Commodore / Amiga', 'slug': 'commodore-amiga'}}]","[{'platform': {'id': 34, 'name': 'Atari ST', 'slug': 'atari-st', 'image': None, 'year_end': None, 'year_start': None, 'games_count': 836, 'image_background': 'https://media.rawg.io/media/games/637/637d7dc2f44d0f6ddd3ee2c0b1366962.jpg'}, 'released_at': '1984-01-01', 'requirements': {}}, {'platform': {'id': 41, 'name': 'Apple II', 'slug': 'apple-ii', 'image': None, 'year_end': None, 'year_start': None, 'games_count': 424, 'image_background': 'https://media.rawg.io/media/screenshots/3d2/3d2bb57b39e2efa39d1c385585b2ea8b.jpg'}, 'released_at': '1984-01-01', 'requirements': {}}, {'platform': {'id': 55, 'name': 'Classic Macintosh', 'slug': 'macintosh', 'image': None, 'year_end': None, 'year_start': None, 'games_count': 675, 'image_background': 'https://media.rawg.io/media/games/38a/38af969459ad6e5de116ec8a4a84218c.jpg'}, 'released_at': '1984-01-01', 'requirements': {}}, {'platform': {'id': 166, 'name': 'Commodore / Amiga', 'slug': 'commodore-amiga', 'image': None, 'year_end': None, 'year_start': None, 'games_count': 2083, 'image_background': 'https://media.rawg.io/media/games/cce/cce8bebe861f295003f5a9fe5b11233f.jpg'}, 'released_at': '1984-01-01', 'requirements': {}}, {'platform': {'id': 4, 'name': 'PC', 'slug': 'pc', 'image': None, 'year_end': None, 'year_start': None, 'games_count': 547196, 'image_background': 'https://media.rawg.io/media/games/6fc/6fcf4cd3b17c288821388e6085bb0fc9.jpg'}, 'released_at': '1984-01-01', 'requirements': {}}]",[],[],[],"[{'id': 808, 'name': 'character', 'slug': 'character', 'language': 'eng', 'games_count': 8871, 'image_background': 'https://media.rawg.io/media/games/43f/43ff0ac9538f82b00fb3b47d186bd46b.jpg'}]",[],,,"Fahrenheit 451 is a computer strategy game released in 1984 based on the novel of the same name by Ray Bradbury. Originally released by software company Trillium, it was re-released in 1985 under the company name's new name Telarium.
The player's goal is to help Guy Montag, the main character from the novel, to evade the authorities and make contact with an underground movement. Bradbury contributed to the game, by writing the prologue and responses of the game's intelligent computer ""Ray"".",2.0,5.0,3.0,4.0,1.0,,,,,,,,,,,,,,,,,0.0,,
32539,xonix,Xonix,Xonix,"<p>Xonix is an arcade game developed by Ilan Rav and Dani Katz. It came out on 01-01-1984. It was published by Ilan Rav & Dani Katz. <br>Xonix is available on PC. </p>

<p></p>",,[],1984-01-01,False,2023-02-08T10:51:37,https://media.rawg.io/media/screenshots/2d6/2d6d73deb777ea800f9626b9e4358181.jpg,https://media.rawg.io/media/screenshots/6d3/6d3333497e5452bbca36b93c6ab20d1c_ROGmAyH.jpg,,0.0,0,[],15,0,8,0,0,0,0,,,,,0,0,0,0,0,36,[],,0,0,0,,0,0f0f0f,0f0f0f,"[{'platform': {'id': 1, 'name': 'PC', 'slug': 'pc'}}]","[{'platform': {'id': 4, 'name': 'PC', 'slug': 'pc', 'image': None, 'year_end': None, 'year_start': None, 'games_count': 547196, 'image_background': 'https://media.rawg.io/media/games/6fc/6fcf4cd3b17c288821388e6085bb0fc9.jpg'}, 'released_at': '1984-01-01', 'requirements': {}}]",[],"[{'id': 15827, 'name': 'Ilan Rav', 'slug': 'ilan-rav', 'games_count': 1, 'image_background': 'https://media.rawg.io/media/screenshots/2d6/2d6d73deb777ea800f9626b9e4358181.jpg'}, {'id': 15828, 'name': 'Dani Katz', 'slug': 'dani-katz', 'games_count': 1, 'image_background': 'https://media.rawg.io/media/screenshots/2d6/2d6d73deb777ea800f9626b9e4358181.jpg'}]","[{'id': 11, 'name': 'Arcade', 'slug': 'arcade', 'games_count': 22658, 'image_background': 'https://media.rawg.io/media/games/556/556157feed9ee1f55f2b12b2973e30a3.jpg'}]",[],"[{'id': 12211, 'name': 'Ilan Rav & Dani Katz', 'slug': 'ilan-rav-dani-katz', 'games_count': 1, 'image_background': 'https://media.rawg.io/media/screenshots/2d6/2d6d73deb777ea800f9626b9e4358181.jpg'}]",,,,1.0,7.0,3.0,1.0,3.0,,,,,,,,,,,,,,,,,0.0,,
56409,crime-and-punishment,Crime and Punishment,Crime and Punishment,<p>Crime and Punishment is a 1980s legal simulation game released for the Commodore 64 and MS-DOS.</p>,,[],1984-01-01,False,2023-02-08T10:51:44,https://media.rawg.io/media/screenshots/8d6/8d6a73157d7cc7c3fe58ab711668a8a9.jpg,https://media.rawg.io/media/screenshots/736/73691e2de137c94d78812494bfc819dc.jpg,,0.0,0,[],15,0,9,0,0,0,0,,,,,0,0,0,0,0,161,[],,0,0,0,,0,0f0f0f,0f0f0f,"[{'platform': {'id': 1, 'name': 'PC', 'slug': 'pc'}}, {'platform': {'id': 5, 'name': 'Apple Macintosh', 'slug': 'mac'}}, {'platform': {'id': 10, 'name': 'Commodore / Amiga', 'slug': 'commodore-amiga'}}]","[{'platform': {'id': 4, 'name': 'PC', 'slug': 'pc', 'image': None, 'year_end': None, 'year_start': None, 'games_count': 547196, 'image_background': 'https://media.rawg.io/media/games/6fc/6fcf4cd3b17c288821388e6085bb0fc9.jpg'}, 'released_at': '1984-01-01', 'requirements': {}}, {'platform': {'id': 166, 'name': 'Commodore / Amiga', 'slug': 'commodore-amiga', 'image': None, 'year_end': None, 'year_start': None, 'games_count': 2083, 'image_background': 'https://media.rawg.io/media/games/cce/cce8bebe861f295003f5a9fe5b11233f.jpg'}, 'released_at': '1984-01-01', 'requirements': {}}, {'platform': {'id': 41, 'name': 'Apple II', 'slug': 'apple-ii', 'image': None, 'year_end': None, 'year_start': None, 'games_count': 424, 'image_background': 'https://media.rawg.io/media/screenshots/3d2/3d2bb57b39e2efa39d1c385585b2ea8b.jpg'}, 'released_at': '1984-01-01', 'requirements': {}}]",[],"[{'id': 25963, 'name': 'Imagic', 'slug': 'imagic', 'games_count': 7, 'image_background': 'https://media.rawg.io/media/screenshots/d83/d83d732da30f7eb9d5fada4f55e4be7f.jpg'}]",[],"[{'id': 31, 'name': 'Singleplayer', 'slug': 'singleplayer', 'language': 'eng', 'games_count': 238404, 'image_background': 'https://media.rawg.io/media/games/26d/26d4437715bee60138dab4a7c8c59c92.jpg'}]","[{'id': 10943, 'name': 'MINDSCAPE', 'slug': 'mindscape', 'games_count': 108, 'image_background': 'https://media.rawg.io/media/screenshots/0b1/0b12ddf58af6047922a20dd0d310ad18.jpg'}]",,,Crime and Punishment is a 1980s legal simulation game released for the Commodore 64 and MS-DOS.,1.0,6.0,2.0,5.0,1.0,,,,,,,,,,,,,,,,,0.0,,
53697,barbie,Barbie,Barbie,"<p>Barbie is a multi-platform video game developed by Imagineering for Hi Tech Expressions. It is based on Mattel Inc.'s doll of the same name, and it was created in an attempt to get more girls to play video games. As such, it is one of the few explicitly girl-oriented NES games. The game takes place in a dream where Barbie must travel through three different worlds (Mall, Underwater and Soda Shop) to gather accessories before attending a ball to meet Ken. Despite it having been of little interest to typical gamers at the time of its release, some critics have praised it as ""not bad"" for a generic platformer. Others have advanced the view that its genre is not appropriate for its content.</p>",,[],1984-01-01,False,2023-02-08T10:51:45,https://media.rawg.io/media/screenshots/b47/b473b31e857691da80e5575dfa16e8e2.jpg,https://media.rawg.io/media/screenshots/dc2/dc22bd9816c1d05136ca7a0c8c80c1bd.jpg,,0.0,0,"[{'id': 3, 'title': 'meh', 'count': 1, 'percent': 50.0}, {'id': 1, 'title': 'skip', 'count': 1, 'percent': 50.0}]",15,0,16,0,11,0,0,,,,,0,0,0,0,2,309,[],,0,0,0,,2,0f0f0f,0f0f0f,"[{'platform': {'id': 1, 'name': 'PC', 'slug': 'pc'}}, {'platform': {'id': 7, 'name': 'Nintendo', 'slug': 'nintendo'}}, {'platform': {'id': 10, 'name': 'Commodore / Amiga', 'slug': 'commodore-amiga'}}]","[{'platform': {'id': 49, 'name': 'NES', 'slug': 'nes', 'image': None, 'year_end': None, 'year_start': None, 'games_count': 1015, 'image_background': 'https://media.rawg.io/media/games/7c5/7c50dd0415eb0a57505c58d4e50e4d24.jpg'}, 'released_at': '1991-12-31', 'requirements': {}}, {'platform': {'id': 4, 'name': 'PC', 'slug': 'pc', 'image': None, 'year_end': None, 'year_start': None, 'games_count': 547196, 'image_background': 'https://media.rawg.io/media/games/6fc/6fcf4cd3b17c288821388e6085bb0fc9.jpg'}, 'released_at': '1991-12-31', 'requirements': {}}, {'platform': {'id': 166, 'name': 'Commodore / Amiga', 'slug': 'commodore-amiga', 'image': None, 'year_end': None, 'year_start': None, 'games_count': 2083, 'image_background': 'https://media.rawg.io/media/games/cce/cce8bebe861f295003f5a9fe5b11233f.jpg'}, 'released_at': '1984-01-01', 'requirements': {}}]",[],"[{'id': 26102, 'name': 'Imagineering', 'slug': 'imagineering', 'games_count': 37, 'image_background': 'https://media.rawg.io/media/screenshots/bda/bdacd3c1b8aa9830dc73df32d410a28e.jpg'}, {'id': 27385, 'name': 'A. Eddy Goldfarb & Assoc.', 'slug': 'a-eddy-goldfarb-assoc', 'games_count': 1, 'image_background': 'https://media.rawg.io/media/screenshots/b47/b473b31e857691da80e5575dfa16e8e2.jpg'}]","[{'id': 4, 'name': 'Action', 'slug': 'action', 'games_count': 186608, 'image_background': 'https://media.rawg.io/media/games/618/618c2031a07bbff6b4f611f10b6bcdbc.jpg'}, {'id': 83, 'name': 'Platformer', 'slug': 'platformer', 'games_count': 100869, 'image_background': 'https://media.rawg.io/media/games/f8c/f8c6a262ead4c16b47e1219310210eb3.jpg'}]","[{'id': 31, 'name': 'Singleplayer', 'slug': 'singleplayer', 'language': 'eng', 'games_count': 238404, 'image_background': 'https://media.rawg.io/media/games/26d/26d4437715bee60138dab4a7c8c59c92.jpg'}]","[{'id': 11929, 'name': 'Epyx', 'slug': 'epyx', 'games_count': 44, 'image_background': 'https://media.rawg.io/media/screenshots/189/1890b76089fc24b04ca7ce2fc3299274.jpg'}, {'id': 19867, 'name': 'Hi Tech Expressions', 'slug': 'hi-tech-expressions', 'games_count': 15, 'image_background': 'https://media.rawg.io/media/screenshots/cc4/cc469c95a98d96affb39795feced5cb4.jpg'}]",,,"Barbie is a multi-platform video game developed by Imagineering for Hi Tech Expressions. It is based on Mattel Inc.'s doll of the same name, and it was created in an attempt to get more girls to play video games. As such, it is one of the few explicitly girl-oriented NES games. The game takes place in a dream where Barbie must travel through three different worlds (Mall, Underwater and Soda Shop) to gather accessories before attending a ball to meet Ken. Despite it having been of little interest to typical gamers at the time of its release, some critics have praised it as ""not bad"" for a generic platformer. Others have advanced the view that its genre is not appropriate for its content.",1.0,6.0,4.0,1.0,3.0,,,,,,,,,,,,,,,,,0.0,,
33389,sopwith,Sopwith,Sopwith,"<p>Sopwith is an arcade game developed by BMB Compuscience. It came out on 01-01-1984. BMB Compuscience published the game. <br>Sopwith is available on PC. </p>

<p></p>",,[],1984-01-01,False,2023-02-08T10:51:39,https://media.rawg.io/media/screenshots/ced/cedd9bf1e229bf49bae7e869722fecd2.jpg,,,0.0,0,[],15,0,1,0,0,0,0,,,,,0,0,0,0,0,15,[],,0,0,0,,0,0f0f0f,0f0f0f,"[{'platform': {'id': 1, 'name': 'PC', 'slug': 'pc'}}]","[{'platform': {'id': 4, 'name': 'PC', 'slug': 'pc', 'image': None, 'year_end': None, 'year_start': None, 'games_count': 547196, 'image_background': 'https://media.rawg.io/media/games/6fc/6fcf4cd3b17c288821388e6085bb0fc9.jpg'}, 'released_at': '1984-01-01', 'requirements': {}}]",[],"[{'id': 16205, 'name': 'BMB Compuscience', 'slug': 'bmb-compuscience', 'games_count': 1, 'image_background': 'https://media.rawg.io/media/screenshots/ced/cedd9bf1e229bf49bae7e869722fecd2.jpg'}]","[{'id': 11, 'name': 'Arcade', 'slug': 'arcade', 'games_count': 22658, 'image_background': 'https://media.rawg.io/media/games/556/556157feed9ee1f55f2b12b2973e30a3.jpg'}]",[],"[{'id': 12471, 'name': 'BMB Compuscience', 'slug': 'bmb-compuscience', 'games_count': 1, 'image_background': 'https://media.rawg.io/media/screenshots/ced/cedd9bf1e229bf49bae7e869722fecd2.jpg'}]",,,,1.0,6.0,3.0,3.0,2.0,,,,,,,,,,,,,,,,,0.0,,
33684,the-ancient-art-of-war,The Ancient Art of War,The Ancient Art of War,"<p>The Ancient Art of War is a strategy game developed by Evryware. It was originally released in 1984. It was published by Broderbund Software. The game is rated as ""Recommended"" on RAWG. <br>The Ancient Art of War is available on PC. </p>

<p></p>",,[],1984-01-01,False,2023-02-08T10:51:38,https://media.rawg.io/media/screenshots/8cb/8cb0589675b36044e82da267476cdf6b.jpg,https://media.rawg.io/media/screenshots/9db/9db278484cad073df5ce83ae1b7002cb.jpg,,0.0,0,"[{'id': 4, 'title': 'recommended', 'count': 1, 'percent': 100.0}]",15,0,18,0,0,0,0,,,,,0,0,0,0,1,226,[],,0,0,0,,1,0f0f0f,0f0f0f,"[{'platform': {'id': 1, 'name': 'PC', 'slug': 'pc'}}]","[{'platform': {'id': 4, 'name': 'PC', 'slug': 'pc', 'image': None, 'year_end': None, 'year_start': None, 'games_count': 547196, 'image_background': 'https://media.rawg.io/media/games/6fc/6fcf4cd3b17c288821388e6085bb0fc9.jpg'}, 'released_at': '1984-01-01', 'requirements': {}}]",[],"[{'id': 14527, 'name': 'Evryware', 'slug': 'evryware', 'games_count': 7, 'image_background': 'https://media.rawg.io/media/screenshots/59f/59fc9c30602e3d03d6abb4fcb4f82cd8.jpg'}]","[{'id': 10, 'name': 'Strategy', 'slug': 'strategy', 'games_count': 59661, 'image_background': 'https://media.rawg.io/media/games/08b/08b2eee52a9876a48b955e5149affe5b.jpg'}]",[],"[{'id': 11442, 'name': 'Broderbund Software', 'slug': 'broderbund-software', 'games_count': 27, 'image_background': 'https://media.rawg.io/media/games/a9a/a9a2472f862b041d2980103ddbb61c91.jpg'}]",,,,1.0,6.0,3.0,4.0,1.0,,,,,,,,,,,,,,,,,0.0,,
32679,buck-rogers-planet-of-zoom,Buck Rogers: Planet of Zoom,Buck Rogers: Planet of Zoom,"<p>Buck Rogers: Planet of Zoom is an arcade game developed by SEGA. It was originally released in 1984. SEGA published the game. <br>Buck Rogers: Planet of Zoom is available on PC. </p>

<p></p>",,[],1984-01-01,False,2023-02-08T10:51:44,https://media.rawg.io/media/screenshots/08c/08ccda05d6ce2723facd86d2fee2bf5a.jpg,https://media.rawg.io/media/screenshots/ac4/ac491f9a5c29c11c71358d4792f34a7b.jpg,,0.0,0,[],14,0,3,0,0,0,0,,,,,0,0,0,0,0,50,[],,0,0,0,,0,0f0f0f,0f0f0f,"[{'platform': {'id': 1, 'name': 'PC', 'slug': 'pc'}}]","[{'platform': {'id': 4, 'name': 'PC', 'slug': 'pc', 'image': None, 'year_end': None, 'year_start': None, 'games_count': 547196, 'image_background': 'https://media.rawg.io/media/games/6fc/6fcf4cd3b17c288821388e6085bb0fc9.jpg'}, 'released_at': '1984-01-01', 'requirements': {}}]",[],"[{'id': 425, 'name': 'SEGA', 'slug': 'sega', 'games_count': 578, 'image_background': 'https://media.rawg.io/media/screenshots/845/84595759d06a7c5ed2eab76f623454f7.jpeg'}]","[{'id': 11, 'name': 'Arcade', 'slug': 'arcade', 'games_count': 22658, 'image_background': 'https://media.rawg.io/media/games/556/556157feed9ee1f55f2b12b2973e30a3.jpg'}]",[],"[{'id': 3408, 'name': 'SEGA', 'slug': 'sega-2', 'games_count': 1262, 'image_background': 'https://media.rawg.io/media/games/be9/be9cf02720c9326e11d0fda14518554f.jpg'}]",,,,1.0,8.0,2.0,2.0,1.0,,,,,,,,,,,,,,,,,0.0,,
30651,suspect,Suspect,Suspect,"<p>Suspect is an adventure game developed by Infocom. It was originally released in 1984. It was published by Infocom. <br>Suspect is available on Commodore / Amiga, Atari ST, Apple II and Atari 8-bit. </p>

<p></p>",,[],1984-01-01,False,2023-02-08T10:51:38,https://media.rawg.io/media/screenshots/8fe/8fef1ddbcea06cd7cd40d675e5417972.jpg,https://media.rawg.io/media/screenshots/44e/44e891a64b38ece5b5e97faf47868198_pnxba9N.jpg,,0.0,0,[],14,0,2,0,0,0,0,,,,,0,0,0,0,0,34,[],,0,0,0,,0,0f0f0f,0f0f0f,"[{'platform': {'id': 1, 'name': 'PC', 'slug': 'pc'}}, {'platform': {'id': 5, 'name': 'Apple Macintosh', 'slug': 'mac'}}, {'platform': {'id': 9, 'name': 'Atari', 'slug': 'atari'}}, {'platform': {'id': 10, 'name': 'Commodore / Amiga', 'slug': 'commodore-amiga'}}]","[{'platform': {'id': 166, 'name': 'Commodore / Amiga', 'slug': 'commodore-amiga', 'image': None, 'year_end': None, 'year_start': None, 'games_count': 2083, 'image_background': 'https://media.rawg.io/media/games/cce/cce8bebe861f295003f5a9fe5b11233f.jpg'}, 'released_at': '1984-10-05', 'requirements': {}}, {'platform': {'id': 34, 'name': 'Atari ST', 'slug': 'atari-st', 'image': None, 'year_end': None, 'year_start': None, 'games_count': 836, 'image_background': 'https://media.rawg.io/media/games/637/637d7dc2f44d0f6ddd3ee2c0b1366962.jpg'}, 'released_at': '1984-10-05', 'requirements': {}}, {'platform': {'id': 41, 'name': 'Apple II', 'slug': 'apple-ii', 'image': None, 'year_end': None, 'year_start': None, 'games_count': 424, 'image_background': 'https://media.rawg.io/media/screenshots/3d2/3d2bb57b39e2efa39d1c385585b2ea8b.jpg'}, 'released_at': '1984-10-05', 'requirements': {}}, {'platform': {'id': 25, 'name': 'Atari 8-bit', 'slug': 'atari-8-bit', 'image': None, 'year_end': None, 'year_start': None, 'games_count': 308, 'image_background': 'https://media.rawg.io/media/screenshots/038/0385a47d3a43b218204268af5361a19e.jpg'}, 'released_at': '1984-10-05', 'requirements': {}}, {'platform': {'id': 55, 'name': 'Classic Macintosh', 'slug': 'macintosh', 'image': None, 'year_end': None, 'year_start': None, 'games_count': 675, 'image_background': 'https://media.rawg.io/media/games/38a/38af969459ad6e5de116ec8a4a84218c.jpg'}, 'released_at': '1984-10-05', 'requirements': {}}, {'platform': {'id': 4, 'name': 'PC', 'slug': 'pc', 'image': None, 'year_end': None, 'year_start': None, 'games_count': 547196, 'image_background': 'https://media.rawg.io/media/games/6fc/6fcf4cd3b17c288821388e6085bb0fc9.jpg'}, 'released_at': '1984-01-01', 'requirements': {}}]",[],"[{'id': 12929, 'name': 'Infocom', 'slug': 'infocom', 'games_count': 48, 'image_background': 'https://media.rawg.io/media/screenshots/782/7822ae77e839fa2db05cd53d08225dd8.jpg'}]","[{'id': 3, 'name': 'Adventure', 'slug': 'adventure', 'games_count': 146481, 'image_background': 'https://media.rawg.io/media/games/b6b/b6b20bfc4b34e312dbc8aac53c95a348.jpg'}]","[{'id': 31, 'name': 'Singleplayer', 'slug': 'singleplayer', 'language': 'eng', 'games_count': 238404, 'image_background': 'https://media.rawg.io/media/games/26d/26d4437715bee60138dab4a7c8c59c92.jpg'}]","[{'id': 11435, 'name': 'Infocom', 'slug': 'infocom', 'games_count': 45, 'image_background': 'https://media.rawg.io/media/screenshots/3d4/3d4094f02e71cb3439ab3c8af62809c0.jpg'}]",,,,1.0,7.0,2.0,3.0,1.0,,,,,,,,,,,,,,,,,0.0,,
56291,agent-usa,Agent USA,Agent USA,"<p>Agent USA is a 1984 computer game designed to teach children spelling, US geography, time zones, and state capitals. The game was developed by Tom Snyder Productions and published by Scholastic. It was released for the Apple II, IBM PC, Commodore 64, and Atari 8-bit computers.</p>",,[],1984-01-01,False,2024-01-16T20:37:12,https://media.rawg.io/media/screenshots/9f0/9f0337e1b6b0146c81efc5992f6c0820.jpg,https://media.rawg.io/media/screenshots/571/571e26b464bc0634fd79863570cfc656.jpg,,0.0,0,"[{'id': 5, 'title': 'exceptional', 'count': 1, 'percent': 33.33}, {'id': 4, 'title': 'recommended', 'count': 1, 'percent': 33.33}, {'id': 3, 'title': 'meh', 'count': 1, 'percent': 33.33}]",14,0,8,0,1,0,0,,,,,0,0,0,0,3,134,[],,0,0,0,,3,0f0f0f,0f0f0f,"[{'platform': {'id': 5, 'name': 'Apple Macintosh', 'slug': 'mac'}}, {'platform': {'id': 9, 'name': 'Atari', 'slug': 'atari'}}, {'platform': {'id': 10, 'name': 'Commodore / Amiga', 'slug': 'commodore-amiga'}}]","[{'platform': {'id': 166, 'name': 'Commodore / Amiga', 'slug': 'commodore-amiga', 'image': None, 'year_end': None, 'year_start': None, 'games_count': 2083, 'image_background': 'https://media.rawg.io/media/games/cce/cce8bebe861f295003f5a9fe5b11233f.jpg'}, 'released_at': '1984-01-01', 'requirements': {}}, {'platform': {'id': 41, 'name': 'Apple II', 'slug': 'apple-ii', 'image': None, 'year_end': None, 'year_start': None, 'games_count': 424, 'image_background': 'https://media.rawg.io/media/screenshots/3d2/3d2bb57b39e2efa39d1c385585b2ea8b.jpg'}, 'released_at': '1984-01-01', 'requirements': {}}, {'platform': {'id': 25, 'name': 'Atari 8-bit', 'slug': 'atari-8-bit', 'image': None, 'year_end': None, 'year_start': None, 'games_count': 308, 'image_background': 'https://media.rawg.io/media/screenshots/038/0385a47d3a43b218204268af5361a19e.jpg'}, 'released_at': '1984-01-01', 'requirements': {}}]",[],"[{'id': 27352, 'name': 'Tom Snyder Productions', 'slug': 'tom-snyder-productions', 'games_count': 3, 'image_background': 'https://media.rawg.io/media/screenshots/c57/c5724a0689807f5c3f411cf32c02676e.jpg'}, {'id': 27353, 'name': 'Soup2Nuts', 'slug': 'soup2nuts', 'games_count': 3, 'image_background': 'https://media.rawg.io/media/screenshots/9f0/9f0337e1b6b0146c81efc5992f6c0820.jpg'}]","[{'id': 3, 'name': 'Adventure', 'slug': 'adventure', 'games_count': 146481, 'image_background': 'https://media.rawg.io/media/games/b6b/b6b20bfc4b34e312dbc8aac53c95a348.jpg'}, {'id': 10, 'name': 'Strategy', 'slug': 'strategy', 'games_count': 59661, 'image_background': 'https://media.rawg.io/media/games/08b/08b2eee52a9876a48b955e5149affe5b.jpg'}, {'id': 34, 'name': 'Educational', 'slug': 'educational', 'games_count': 15690, 'image_background': 'https://media.rawg.io/media/games/7ca/7ca90d463ea0c0252e7d01afe897ffa8.jpg'}]","[{'id': 31, 'name': 'Singleplayer', 'slug': 'singleplayer', 'language': 'eng', 'games_count': 238404, 'image_background': 'https://media.rawg.io/media/games/26d/26d4437715bee60138dab4a7c8c59c92.jpg'}]","[{'id': 20475, 'name': 'Scholastic', 'slug': 'scholastic', 'games_count': 2, 'image_background': 'https://media.rawg.io/media/screenshots/9f0/9f0337e1b6b0146c81efc5992f6c0820.jpg'}]",,,"Agent USA is a 1984 computer game designed to teach children spelling, US geography, time zones, and state capitals. The game was developed by Tom Snyder Productions and published by Scholastic. It was released for the Apple II, IBM PC, Commodore 64, and Atari 8-bit computers.",,8.0,4.0,1.0,1.0,,,,,,,,,,,,,,,,,0.0,,
56553,questprobe,Questprobe,Questprobe,"<p>Questprobe is a trilogy of graphical adventure computer games featuring Marvel Comics characters. The three games are Questprobe featuring The Hulk, Questprobe featuring Spider-Man and Questprobe featuring The Human Torch and The Thing.</p>",,[],1984-01-01,False,2023-02-08T10:51:41,https://media.rawg.io/media/screenshots/dd9/dd925922e84434fac2b9629eb26285d8.jpg,https://media.rawg.io/media/screenshots/c7a/c7a350dd42f21c2352a6fe773954c06b.jpg,,0.0,0,"[{'id': 4, 'title': 'recommended', 'count': 1, 'percent': 100.0}]",14,0,14,0,1,0,0,,,,,0,0,0,0,1,296,[],,0,0,0,,1,0f0f0f,0f0f0f,"[{'platform': {'id': 1, 'name': 'PC', 'slug': 'pc'}}, {'platform': {'id': 5, 'name': 'Apple Macintosh', 'slug': 'mac'}}, {'platform': {'id': 9, 'name': 'Atari', 'slug': 'atari'}}, {'platform': {'id': 10, 'name': 'Commodore / Amiga', 'slug': 'commodore-amiga'}}]","[{'platform': {'id': 34, 'name': 'Atari ST', 'slug': 'atari-st', 'image': None, 'year_end': None, 'year_start': None, 'games_count': 836, 'image_background': 'https://media.rawg.io/media/games/637/637d7dc2f44d0f6ddd3ee2c0b1366962.jpg'}, 'released_at': '1984-01-01', 'requirements': {}}, {'platform': {'id': 41, 'name': 'Apple II', 'slug': 'apple-ii', 'image': None, 'year_end': None, 'year_start': None, 'games_count': 424, 'image_background': 'https://media.rawg.io/media/screenshots/3d2/3d2bb57b39e2efa39d1c385585b2ea8b.jpg'}, 'released_at': '1984-01-01', 'requirements': {}}, {'platform': {'id': 4, 'name': 'PC', 'slug': 'pc', 'image': None, 'year_end': None, 'year_start': None, 'games_count': 547196, 'image_background': 'https://media.rawg.io/media/games/6fc/6fcf4cd3b17c288821388e6085bb0fc9.jpg'}, 'released_at': '1984-01-01', 'requirements': {}}, {'platform': {'id': 166, 'name': 'Commodore / Amiga', 'slug': 'commodore-amiga', 'image': None, 'year_end': None, 'year_start': None, 'games_count': 2083, 'image_background': 'https://media.rawg.io/media/games/cce/cce8bebe861f295003f5a9fe5b11233f.jpg'}, 'released_at': '1984-01-01', 'requirements': {}}, {'platform': {'id': 25, 'name': 'Atari 8-bit', 'slug': 'atari-8-bit', 'image': None, 'year_end': None, 'year_start': None, 'games_count': 308, 'image_background': 'https://media.rawg.io/media/screenshots/038/0385a47d3a43b218204268af5361a19e.jpg'}, 'released_at': '1984-01-01', 'requirements': {}}]",[],"[{'id': 27351, 'name': 'Adventure International', 'slug': 'adventure-international', 'games_count': 9, 'image_background': 'https://media.rawg.io/media/screenshots/5eb/5ebdaf17c48a0bf9724d172a4414a87c.jpg'}]",[],"[{'id': 31, 'name': 'Singleplayer', 'slug': 'singleplayer', 'language': 'eng', 'games_count': 238404, 'image_background': 'https://media.rawg.io/media/games/26d/26d4437715bee60138dab4a7c8c59c92.jpg'}]","[{'id': 20473, 'name': 'Adventure International', 'slug': 'adventure-international', 'games_count': 10, 'image_background': 'https://media.rawg.io/media/screenshots/429/429ae9b323769efb0eb0fee4f2e60125.jpg'}]",,,"Questprobe is a trilogy of graphical adventure computer games featuring Marvel Comics characters. The three games are Questprobe featuring The Hulk, Questprobe featuring Spider-Man and Questprobe featuring The Human Torch and The Thing.",1.0,6.0,3.0,2.0,2.0,,,,,,,,,,,,,,,,,0.0,,
55001,cutthroats,Cutthroats,Cutthroats,"<p>Cutthroats is an interactive fiction computer game written by Michael Berlyn and Jerry Wolper and was published by Infocom in 1984. It was released for the Amiga, Apple II, Atari 8-bit family, Atari ST, Commodore 64, MS-DOS, TRS-80, TI-99/4A, and Macintosh. It is Infocom's thirteenth game.</p>",,[],1984-08-09,False,2023-02-08T10:51:44,https://media.rawg.io/media/screenshots/def/defef2c752a5263e88742169434a3c42.jpg,https://media.rawg.io/media/screenshots/edc/edc80a37444de8d0b62f1636482dd91f.jpg,,0.0,0,"[{'id': 5, 'title': 'exceptional', 'count': 1, 'percent': 100.0}]",14,0,20,0,2,0,0,,,,,0,0,0,0,1,112,[],,0,0,0,,1,0f0f0f,0f0f0f,"[{'platform': {'id': 1, 'name': 'PC', 'slug': 'pc'}}, {'platform': {'id': 5, 'name': 'Apple Macintosh', 'slug': 'mac'}}, {'platform': {'id': 9, 'name': 'Atari', 'slug': 'atari'}}, {'platform': {'id': 10, 'name': 'Commodore / Amiga', 'slug': 'commodore-amiga'}}]","[{'platform': {'id': 4, 'name': 'PC', 'slug': 'pc', 'image': None, 'year_end': None, 'year_start': None, 'games_count': 547196, 'image_background': 'https://media.rawg.io/media/games/6fc/6fcf4cd3b17c288821388e6085bb0fc9.jpg'}, 'released_at': '1984-08-09', 'requirements': {}}, {'platform': {'id': 34, 'name': 'Atari ST', 'slug': 'atari-st', 'image': None, 'year_end': None, 'year_start': None, 'games_count': 836, 'image_background': 'https://media.rawg.io/media/games/637/637d7dc2f44d0f6ddd3ee2c0b1366962.jpg'}, 'released_at': '1984-08-09', 'requirements': {}}, {'platform': {'id': 41, 'name': 'Apple II', 'slug': 'apple-ii', 'image': None, 'year_end': None, 'year_start': None, 'games_count': 424, 'image_background': 'https://media.rawg.io/media/screenshots/3d2/3d2bb57b39e2efa39d1c385585b2ea8b.jpg'}, 'released_at': '1984-08-09', 'requirements': {}}, {'platform': {'id': 25, 'name': 'Atari 8-bit', 'slug': 'atari-8-bit', 'image': None, 'year_end': None, 'year_start': None, 'games_count': 308, 'image_background': 'https://media.rawg.io/media/screenshots/038/0385a47d3a43b218204268af5361a19e.jpg'}, 'released_at': '1984-08-09', 'requirements': {}}, {'platform': {'id': 55, 'name': 'Classic Macintosh', 'slug': 'macintosh', 'image': None, 'year_end': None, 'year_start': None, 'games_count': 675, 'image_background': 'https://media.rawg.io/media/games/38a/38af969459ad6e5de116ec8a4a84218c.jpg'}, 'released_at': '1984-08-09', 'requirements': {}}, {'platform': {'id': 166, 'name': 'Commodore / Amiga', 'slug': 'commodore-amiga', 'image': None, 'year_end': None, 'year_start': None, 'games_count': 2083, 'image_background': 'https://media.rawg.io/media/games/cce/cce8bebe861f295003f5a9fe5b11233f.jpg'}, 'released_at': '1984-08-09', 'requirements': {}}]",[],"[{'id': 12929, 'name': 'Infocom', 'slug': 'infocom', 'games_count': 48, 'image_background': 'https://media.rawg.io/media/screenshots/782/7822ae77e839fa2db05cd53d08225dd8.jpg'}]",[],"[{'id': 31, 'name': 'Singleplayer', 'slug': 'singleplayer', 'language': 'eng', 'games_count': 238404, 'image_background': 'https://media.rawg.io/media/games/26d/26d4437715bee60138dab4a7c8c59c92.jpg'}]","[{'id': 11435, 'name': 'Infocom', 'slug': 'infocom', 'games_count': 45, 'image_background': 'https://media.rawg.io/media/screenshots/3d4/3d4094f02e71cb3439ab3c8af62809c0.jpg'}]",,,"Cutthroats is an interactive fiction computer game written by Michael Berlyn and Jerry Wolper and was published by Infocom in 1984. It was released for the Amiga, Apple II, Atari 8-bit family, Atari ST, Commodore 64, MS-DOS, TRS-80, TI-99/4A, and Macintosh. It is Infocom's thirteenth game.",1.0,7.0,2.0,3.0,1.0,,,,,,,,,,,,,,,,,0.0,,
55115,sorcerer,Sorcerer,Sorcerer,"<p>Sorcerer is an interactive fiction computer game written by Steve Meretzky and released by Infocom in 1984. It is the second game in the magic-themed ""Enchanter trilogy"", preceded by Enchanter and followed by Spellbreaker. It is Infocom's eleventh game.</p>",,[],1984-01-31,False,2023-02-08T10:51:39,https://media.rawg.io/media/screenshots/c57/c57f5d53c4ab43e2d897922197c7eb6c.jpg,https://media.rawg.io/media/screenshots/7b4/7b48cc9148abae0d036b8b9b3b8bc985.jpg,,0.0,0,[],14,0,15,0,1,0,0,,,,,0,0,0,0,0,137,[],,0,0,0,,0,0f0f0f,0f0f0f,"[{'platform': {'id': 1, 'name': 'PC', 'slug': 'pc'}}, {'platform': {'id': 5, 'name': 'Apple Macintosh', 'slug': 'mac'}}, {'platform': {'id': 9, 'name': 'Atari', 'slug': 'atari'}}, {'platform': {'id': 10, 'name': 'Commodore / Amiga', 'slug': 'commodore-amiga'}}]","[{'platform': {'id': 34, 'name': 'Atari ST', 'slug': 'atari-st', 'image': None, 'year_end': None, 'year_start': None, 'games_count': 836, 'image_background': 'https://media.rawg.io/media/games/637/637d7dc2f44d0f6ddd3ee2c0b1366962.jpg'}, 'released_at': '1984-01-31', 'requirements': {}}, {'platform': {'id': 25, 'name': 'Atari 8-bit', 'slug': 'atari-8-bit', 'image': None, 'year_end': None, 'year_start': None, 'games_count': 308, 'image_background': 'https://media.rawg.io/media/screenshots/038/0385a47d3a43b218204268af5361a19e.jpg'}, 'released_at': '1984-01-31', 'requirements': {}}, {'platform': {'id': 55, 'name': 'Classic Macintosh', 'slug': 'macintosh', 'image': None, 'year_end': None, 'year_start': None, 'games_count': 675, 'image_background': 'https://media.rawg.io/media/games/38a/38af969459ad6e5de116ec8a4a84218c.jpg'}, 'released_at': '1984-01-31', 'requirements': {}}, {'platform': {'id': 4, 'name': 'PC', 'slug': 'pc', 'image': None, 'year_end': None, 'year_start': None, 'games_count': 547196, 'image_background': 'https://media.rawg.io/media/games/6fc/6fcf4cd3b17c288821388e6085bb0fc9.jpg'}, 'released_at': '1984-01-31', 'requirements': {}}, {'platform': {'id': 166, 'name': 'Commodore / Amiga', 'slug': 'commodore-amiga', 'image': None, 'year_end': None, 'year_start': None, 'games_count': 2083, 'image_background': 'https://media.rawg.io/media/games/cce/cce8bebe861f295003f5a9fe5b11233f.jpg'}, 'released_at': '1984-01-31', 'requirements': {}}, {'platform': {'id': 41, 'name': 'Apple II', 'slug': 'apple-ii', 'image': None, 'year_end': None, 'year_start': None, 'games_count': 424, 'image_background': 'https://media.rawg.io/media/screenshots/3d2/3d2bb57b39e2efa39d1c385585b2ea8b.jpg'}, 'released_at': '1984-01-31', 'requirements': {}}]",[],"[{'id': 12929, 'name': 'Infocom', 'slug': 'infocom', 'games_count': 48, 'image_background': 'https://media.rawg.io/media/screenshots/782/7822ae77e839fa2db05cd53d08225dd8.jpg'}]",[],"[{'id': 31, 'name': 'Singleplayer', 'slug': 'singleplayer', 'language': 'eng', 'games_count': 238404, 'image_background': 'https://media.rawg.io/media/games/26d/26d4437715bee60138dab4a7c8c59c92.jpg'}]","[{'id': 11435, 'name': 'Infocom', 'slug': 'infocom', 'games_count': 45, 'image_background': 'https://media.rawg.io/media/screenshots/3d4/3d4094f02e71cb3439ab3c8af62809c0.jpg'}]",,,"Sorcerer is an interactive fiction computer game written by Steve Meretzky and released by Infocom in 1984. It is the second game in the magic-themed ""Enchanter trilogy"", preceded by Enchanter and followed by Spellbreaker. It is Infocom's eleventh game.",1.0,7.0,2.0,3.0,1.0,,,,,,,,,,,,,,,,,0.0,,
55005,donald-ducks-playground,Donald Duck's Playground,Donald Duck's Playground,"<p>Donald Duck's Playground is a 1984 Sierra educational game.</p>
<p>The player takes the role of Donald Duck, whose job is to earn money so that he can buy playground items for his nephews. To do this, Donald can get himself a job in any of four different work places. Each job shift lasts from one to eight minutes, as the player wants, in which time Donald has to earn as much as he can.</p>
<p>Donald Duck's Playground was originally written for the Commodore 64 and subsequently ported to Sierra's AGI interpreter for the Apple II, PC compatibles, Amiga, and Atari ST. A version for the TRS-80 Color Computer followed as well. The AGI engine had not been designed for this type of game and Al Lowe has described some aspects of porting it (most notably the cash register section) as ""ridiculous"".</p>",,[],1984-01-01,False,2019-08-28T22:01:16,https://media.rawg.io/media/screenshots/47b/47b0be27f42596392aaa14c0b5682267.jpg,https://media.rawg.io/media/screenshots/94a/94aaf7ef9c010558d78a8cf8e8aa5bbf.jpg,,0.0,0,"[{'id': 4, 'title': 'recommended', 'count': 1, 'percent': 50.0}, {'id': 1, 'title': 'skip', 'count': 1, 'percent': 50.0}]",14,0,12,0,1,0,0,,,,,0,0,0,0,2,183,[],,0,0,7,,2,0f0f0f,0f0f0f,"[{'platform': {'id': 5, 'name': 'Apple Macintosh', 'slug': 'mac'}}, {'platform': {'id': 9, 'name': 'Atari', 'slug': 'atari'}}, {'platform': {'id': 10, 'name': 'Commodore / Amiga', 'slug': 'commodore-amiga'}}]","[{'platform': {'id': 34, 'name': 'Atari ST', 'slug': 'atari-st', 'image': None, 'year_end': None, 'year_start': None, 'games_count': 836, 'image_background': 'https://media.rawg.io/media/games/637/637d7dc2f44d0f6ddd3ee2c0b1366962.jpg'}, 'released_at': '1984-01-01', 'requirements': {}}, {'platform': {'id': 41, 'name': 'Apple II', 'slug': 'apple-ii', 'image': None, 'year_end': None, 'year_start': None, 'games_count': 424, 'image_background': 'https://media.rawg.io/media/screenshots/3d2/3d2bb57b39e2efa39d1c385585b2ea8b.jpg'}, 'released_at': '1984-01-01', 'requirements': {}}, {'platform': {'id': 166, 'name': 'Commodore / Amiga', 'slug': 'commodore-amiga', 'image': None, 'year_end': None, 'year_start': None, 'games_count': 2083, 'image_background': 'https://media.rawg.io/media/games/cce/cce8bebe861f295003f5a9fe5b11233f.jpg'}, 'released_at': '1984-01-01', 'requirements': {}}]",[],"[{'id': 1497, 'name': 'Sierra Entertainment', 'slug': 'sierra-entertainment', 'games_count': 46, 'image_background': 'https://media.rawg.io/media/screenshots/e5c/e5c9f61c648beb97143c5d70396240fe.jpg'}, {'id': 7564, 'name': 'Sierra On-Line', 'slug': 'sierra-on-line', 'games_count': 119, 'image_background': 'https://media.rawg.io/media/screenshots/3d7/3d7f9baa0db4d6fb67a5e17c29bda07f.jpg'}]","[{'id': 34, 'name': 'Educational', 'slug': 'educational', 'games_count': 15690, 'image_background': 'https://media.rawg.io/media/games/7ca/7ca90d463ea0c0252e7d01afe897ffa8.jpg'}]","[{'id': 31, 'name': 'Singleplayer', 'slug': 'singleplayer', 'language': 'eng', 'games_count': 238404, 'image_background': 'https://media.rawg.io/media/games/26d/26d4437715bee60138dab4a7c8c59c92.jpg'}]","[{'id': 11434, 'name': 'Sierra On-Line', 'slug': 'sierra-on-line', 'games_count': 256, 'image_background': 'https://media.rawg.io/media/games/bc8/bc84784c2630f46ed2e675d0b4a59d62.jpg'}, {'id': 11527, 'name': 'U.S. Gold', 'slug': 'us-gold-2', 'games_count': 95, 'image_background': 'https://media.rawg.io/media/games/eaa/eaa94a1203b9b8fdf5b01575c9e91591.jpg'}]",,,"Donald Duck's Playground is a 1984 Sierra educational game.
The player takes the role of Donald Duck, whose job is to earn money so that he can buy playground items for his nephews. To do this, Donald can get himself a job in any of four different work places. Each job shift lasts from one to eight minutes, as the player wants, in which time Donald has to earn as much as he can.
Donald Duck's Playground was originally written for the Commodore 64 and subsequently ported to Sierra's AGI interpreter for the Apple II, PC compatibles, Amiga, and Atari ST. A version for the TRS-80 Color Computer followed as well. The AGI engine had not been designed for this type of game and Al Lowe has described some aspects of porting it (most notably the cash register section) as ""ridiculous"".",,6.0,2.0,4.0,2.0,,,,,,,,,,,,,,,,,0.0,,
55134,sundog-frozen-legacy,SunDog: Frozen Legacy,SunDog: Frozen Legacy,"<p>SunDog: Frozen Legacy is a 1984 space trading and combat simulator video game. SunDog was first developed for the Apple II, with version 1.0 being released in March 1984, and version 1.1 (bug fixes) released three weeks later. Version 2.0, which included enhancements and improved performance, was released in October, 1984. A greatly enhanced version was released for the Atari ST in December 1985. Although FTL intended to release further games in the series, this was pre-empted by the tremendous success of their follow-on effort, Dungeon Master.</p>
<p>The first game produced by FTL Games, and the only game programmed by Bruce Webster, SunDog not only stored an impressive amount of data in the limited 64K of the Apple II, it also implemented a GUI inspired by the pioneering interface developed at Xerox PARC.</p>",,[],1984-01-01,False,2019-08-28T22:26:08,https://media.rawg.io/media/screenshots/4d6/4d65906c6aa0ada798c75cb876642f84.jpg,https://media.rawg.io/media/screenshots/c77/c7725dd3e0e9ff0ea52a58173f33d4c9.jpg,,0.0,0,[],14,0,8,0,5,0,0,,,,,0,0,0,0,0,222,[],,0,0,0,,0,0f0f0f,0f0f0f,"[{'platform': {'id': 5, 'name': 'Apple Macintosh', 'slug': 'mac'}}, {'platform': {'id': 9, 'name': 'Atari', 'slug': 'atari'}}]","[{'platform': {'id': 34, 'name': 'Atari ST', 'slug': 'atari-st', 'image': None, 'year_end': None, 'year_start': None, 'games_count': 836, 'image_background': 'https://media.rawg.io/media/games/637/637d7dc2f44d0f6ddd3ee2c0b1366962.jpg'}, 'released_at': '1984-01-01', 'requirements': {}}, {'platform': {'id': 41, 'name': 'Apple II', 'slug': 'apple-ii', 'image': None, 'year_end': None, 'year_start': None, 'games_count': 424, 'image_background': 'https://media.rawg.io/media/screenshots/3d2/3d2bb57b39e2efa39d1c385585b2ea8b.jpg'}, 'released_at': '1984-01-01', 'requirements': {}}]",[],"[{'id': 14453, 'name': 'FTL Games', 'slug': 'ftl-games', 'games_count': 7, 'image_background': 'https://media.rawg.io/media/screenshots/352/352b138fefaaadb029bb0e86c7464954.jpg'}]","[{'id': 5, 'name': 'RPG', 'slug': 'role-playing-games-rpg', 'games_count': 59370, 'image_background': 'https://media.rawg.io/media/games/f6b/f6bed028b02369d4cab548f4f9337e81.jpg'}]","[{'id': 31, 'name': 'Singleplayer', 'slug': 'singleplayer', 'language': 'eng', 'games_count': 238404, 'image_background': 'https://media.rawg.io/media/games/26d/26d4437715bee60138dab4a7c8c59c92.jpg'}]","[{'id': 11540, 'name': 'Accolade', 'slug': 'accolade', 'games_count': 86, 'image_background': 'https://media.rawg.io/media/screenshots/d86/d86266847b2b502a7c22d3c67307626d.jpg'}]",,,"SunDog: Frozen Legacy is a 1984 space trading and combat simulator video game. SunDog was first developed for the Apple II, with version 1.0 being released in March 1984, and version 1.1 (bug fixes) released three weeks later. Version 2.0, which included enhancements and improved performance, was released in October, 1984. A greatly enhanced version was released for the Atari ST in December 1985. Although FTL intended to release further games in the series, this was pre-empted by the tremendous success of their follow-on effort, Dungeon Master.
The first game produced by FTL Games, and the only game programmed by Bruce Webster, SunDog not only stored an impressive amount of data in the limited 64K of the Apple II, it also implemented a GUI inspired by the pioneering interface developed at Xerox PARC.",,7.0,2.0,4.0,1.0,,,,,,,,,,,,,,,,,0.0,,
32999,arctic-fox,Arctic Fox,Arctic Fox,"From deep in the arctic circle, a young fox awakens. You must help him survive and thrive against the harsh winter conditions. He's ready to fish and hunt down rabbits to build up his strength.  Once he is big enough, his objective is to defeat all his enemies.  This 3D wild animal simulator allows you to take control of this ferocious Arctic Fox as he freely roams near and far to hunt his enemies. Help him grow up to fight the big animal bosses.  Find your 2 mates and start your thriving family. The realistic 3D map is massive so take your time to explore all the areas to find all the bosses. Animal simulation at its best.<br/><br/>The goal of the game is to defeat all 5 bosses. The 5 bosses includes Wolf, Polar Bear, Orca, Sea Lion, and Moose.  Of course we threw in some eagles and rabbits also. The more you play, the more your animal  grows, and the stronger he becomes. Loaded with super fun sounds for great gaming excitement.  Survival is key.<br/><br/>Top Game Features:<br/>-- Survive the arctic elements like snow and freezing rain<br/>-- Defeat all 5 Arctic Bosses<br/>-- Bosses include Polar Bear, Wild White Wolf, Orca, Sea Lion, and Giant Moose<br/>-- Huge Open Ice and Tundra World 3D Map<br/>-- The weather and time of day is dynamic. The longer you survive, the more changes you will experience.<br/>-- Fast paced and Continuous action game play<br/>-- Refill your energy by hunting and fishing<br/>-- Fun animations and sound effects  We would love to hear from you.  Come stop by our Facebook page: https://www.facebook.com/wildfootgames for updates.  Please be sure and check out our other 3D animal simulators. We understand that the app is not perfect, and we welcome your constructive criticism.   Please email us your suggestions. At Wild Foot we are looking for things we can do to improve the app. Now stop reading and help your fox grow strong!",,[],1984-01-01,False,2023-02-08T10:51:45,https://media.rawg.io/media/screenshots/891/89192085eb5725400039a95fc8bdcc0c.jpg,https://media.rawg.io/media/screenshots/a16/a16866646937ec3b57e1a5f7727b0e84.jpg,,0.0,0,"[{'id': 1, 'title': 'skip', 'count': 1, 'percent': 100.0}]",14,0,6,0,0,0,0,,,,,0,0,0,0,1,166,[],,0,0,0,,1,0f0f0f,0f0f0f,"[{'platform': {'id': 1, 'name': 'PC', 'slug': 'pc'}}, {'platform': {'id': 4, 'name': 'iOS', 'slug': 'ios'}}]","[{'platform': {'id': 4, 'name': 'PC', 'slug': 'pc', 'image': None, 'year_end': None, 'year_start': None, 'games_count': 547196, 'image_background': 'https://media.rawg.io/media/games/6fc/6fcf4cd3b17c288821388e6085bb0fc9.jpg'}, 'released_at': '1984-01-01', 'requirements': {}}, {'platform': {'id': 3, 'name': 'iOS', 'slug': 'ios', 'image': None, 'year_end': None, 'year_start': None, 'games_count': 77392, 'image_background': 'https://media.rawg.io/media/games/5fa/5fae5fec3c943179e09da67a4427d68f.jpg'}, 'released_at': '2015-11-09', 'requirements': {'minimum': 'iPhone 3G S, iPhone 4, iPod Touch Fourth Gen, iPad 2 Wifi, iPad 2 3G, iPhone 4S, iPad Third Gen, iPad Third Gen 4G, iPhone 5, iPod Touch Fifth Gen, iPad Fourth Gen, iPad Fourth Gen 4G, iPad Mini, iPad Mini 4G, iPhone 5c, iPhone 5s, iPad Air, iPad Air Cellular, iPad Mini Retina, iPad Mini Retina Cellular, iPhone 6, iPhone 6 Plus, iPad Air 2, iPad Air 2 Cellular, iPad Mini 3, iPad Mini 3 Cellular, iPod Touch Sixth Gen, iPhone 6s, iPhone 6s Plus, iPad Mini 4, iPad Mini 4 Cellular, iPad Pro, iPad Pro Cellular, iPad Pro 9.7, iPad Pro 9.7 Cellular, iPhone SE, iPhone 7, iPhone 7 Plus, iPad 6 1 1, iPad 6 1 2, iPad 7 1, iPad 7 2, iPad 7 3, iPad 7 4, iPhone 8, iPhone 8 Plus, iPhone X, iPad 7 5, iPad 7 6, iPhone X S, iPhone X S Max, iPhone X R, iPad 8 1 2, iPad 8 3 4, iPad 8 5 6, iPad 8 7 8, iPad Mini 5, iPad Mini 5 Cellular, iPad Air 3, iPad Air 3 Cellular, iPod Touch Seventh Gen'}}]","[{'id': 79083, 'url': '', 'store': {'id': 4, 'name': 'App Store', 'slug': 'apple-appstore', 'domain': 'apps.apple.com', 'games_count': 75582, 'image_background': 'https://media.rawg.io/media/games/0bd/0bd5646a3d8ee0ac3314bced91ea306d.jpg'}}]","[{'id': 109, 'name': 'Electronic Arts', 'slug': 'electronic-arts', 'games_count': 318, 'image_background': 'https://media.rawg.io/media/games/979/979155841412068e7adf8c83dee94a4a.jpg'}, {'id': 34083, 'name': 'Boris Tsarkov', 'slug': 'boris-tsarkov', 'games_count': 99, 'image_background': 'https://media.rawg.io/media/screenshots/682/6823ffc386dcdfa0febe843a0473e3c0_WpTuflM.jpg'}]","[{'id': 3, 'name': 'Adventure', 'slug': 'adventure', 'games_count': 146481, 'image_background': 'https://media.rawg.io/media/games/b6b/b6b20bfc4b34e312dbc8aac53c95a348.jpg'}, {'id': 5, 'name': 'RPG', 'slug': 'role-playing-games-rpg', 'games_count': 59370, 'image_background': 'https://media.rawg.io/media/games/f6b/f6bed028b02369d4cab548f4f9337e81.jpg'}, {'id': 14, 'name': 'Simulation', 'slug': 'simulation', 'games_count': 73491, 'image_background': 'https://media.rawg.io/media/games/48c/48cb04ca483be865e3a83119c94e6097.jpg'}]","[{'id': 1, 'name': 'Survival', 'slug': 'survival', 'language': 'eng', 'games_count': 9884, 'image_background': 'https://media.rawg.io/media/games/b54/b54598d1d5cc31899f4f0a7e3122a7b0.jpg'}, {'id': 1529, 'name': 'fight', 'slug': 'fight', 'language': 'eng', 'games_count': 7907, 'image_background': 'https://media.rawg.io/media/screenshots/354/35415d87481388c8632a299ce2a97bbf.jpeg'}, {'id': 2590, 'name': 'fun', 'slug': 'fun', 'language': 'eng', 'games_count': 29217, 'image_background': 'https://media.rawg.io/media/games/9c7/9c7dd09596246993169b356d7c1facf0.jpg'}, {'id': 2184, 'name': 'hunt', 'slug': 'hunt', 'language': 'eng', 'games_count': 2349, 'image_background': 'https://media.rawg.io/media/games/018/01857c5ff9579c48fa8bd76b4d83a946.jpg'}, {'id': 1068, 'name': 'sea', 'slug': 'sea', 'language': 'eng', 'games_count': 2417, 'image_background': 'https://media.rawg.io/media/games/5f6/5f61441e6338e9221f96a8f4c64c7bb8.jpg'}, {'id': 2075, 'name': 'sound', 'slug': 'sound', 'language': 'eng', 'games_count': 10367, 'image_background': 'https://media.rawg.io/media/games/e96/e96d3582bf1bd6dbe6edae5319dcdb83.jpg'}, {'id': 844, 'name': 'simulator', 'slug': 'simulator', 'language': 'eng', 'games_count': 7351, 'image_background': 'https://media.rawg.io/media/screenshots/1fb/1fb71741fbae309c0aed4514fedcb7a6.jpg'}, {'id': 1986, 'name': 'ice', 'slug': 'ice', 'language': 'eng', 'games_count': 2175, 'image_background': 'https://media.rawg.io/media/games/652/652190097e2968f1440c4a34adbc2666.jpg'}, {'id': 980, 'name': 'winter', 'slug': 'winter', 'language': 'eng', 'games_count': 1597, 'image_background': 'https://media.rawg.io/media/screenshots/189/189515a8aaf4961d950f0c350b3056d9.jpg'}, {'id': 1715, 'name': 'fox', 'slug': 'fox', 'language': 'eng', 'games_count': 616, 'image_background': 'https://media.rawg.io/media/screenshots/aa0/aa0273a7d3f4166bf0387b15dee7c41f.jpg'}, {'id': 944, 'name': 'wolf', 'slug': 'wolf', 'language': 'eng', 'games_count': 799, 'image_background': 'https://media.rawg.io/media/screenshots/834/83445fdb945919263ebd2108501a16d9.jpg'}, {'id': 1124, 'name': 'bear', 'slug': 'bear', 'language': 'eng', 'games_count': 742, 'image_background': 'https://media.rawg.io/media/screenshots/b97/b973ef1fad7366fb5e9dcefa32d916ae.jpg'}, {'id': 2269, 'name': 'animal', 'slug': 'animal', 'language': 'eng', 'games_count': 1205, 'image_background': 'https://media.rawg.io/media/screenshots/a25/a2561d1ebc2f583d36992588872b234f.jpg'}, {'id': 1889, 'name': 'fish', 'slug': 'fish', 'language': 'eng', 'games_count': 1376, 'image_background': 'https://media.rawg.io/media/screenshots/82a/82ac407780ca18b981a2f45bbb4eaa25.jpg'}]","[{'id': 354, 'name': 'Electronic Arts', 'slug': 'electronic-arts', 'games_count': 1332, 'image_background': 'https://media.rawg.io/media/games/45b/45b57ed59de4b84effd8f6bc4b7bf515.jpg'}, {'id': 26057, 'name': 'Boris Tsarkov', 'slug': 'boris-tsarkov', 'games_count': 99, 'image_background': 'https://media.rawg.io/media/screenshots/541/5414c6d5d1bf1d03388cf3de4ee4028f_pEZp7e7.jpg'}]",,,"From deep in the arctic circle, a young fox awakens. You must help him survive and thrive against the harsh winter conditions. He's ready to fish and hunt down rabbits to build up his strength.  Once he is big enough, his objective is to defeat all his enemies.  This 3D wild animal simulator allows you to take control of this ferocious Arctic Fox as he freely roams near and far to hunt his enemies. Help him grow up to fight the big animal bosses.  Find your 2 mates and start your thriving family. The realistic 3D map is massive so take your time to explore all the areas to find all the bosses. Animal simulation at its best.
The goal of the game is to defeat all 5 bosses. The 5 bosses includes Wolf, Polar Bear, Orca, Sea Lion, and Moose.  Of course we threw in some eagles and rabbits also. The more you play, the more your animal  grows, and the stronger he becomes. Loaded with super fun sounds for great gaming excitement.  Survival is key.
Top Game Features:
-- Survive the arctic elements like snow and freezing rain
-- Defeat all 5 Arctic Bosses
-- Bosses include Polar Bear, Wild White Wolf, Orca, Sea Lion, and Giant Moose
-- Huge Open Ice and Tundra World 3D Map
-- The weather and time of day is dynamic. The longer you survive, the more changes you will experience.
-- Fast paced and Continuous action game play
-- Refill your energy by hunting and fishing
-- Fun animations and sound effects
We would love to hear from you.  Come stop by our Facebook page:
https://www.facebook.com/wildfootgames for updates.
Please be sure and check out our other 3D animal simulators. We understand that the app is not perfect, and we welcome your constructive criticism.   Please email us your suggestions. At Wild Foot we are looking for things we can do to improve the app. Now stop reading and help your fox grow strong!",1.0,8.0,2.0,2.0,1.0,,,,,,,,,,,2.0,Everyone 10+,everyone-10-plus,,,,0.0,,
58563,advanced-rogue,Advanced Rogue,Advanced Rogue,"<p>Advanced Rogue is a legacy roguelike game, based on the Rogue 3.6 source code, and with some additions from Super-Rogue. It is currently maintained by the Roguelike Restoration Project. It was developed by a group of employees at AT&amp;T Bell Labs between 1984 and 1986.</p>",,[],1984-01-01,False,2023-02-08T10:51:46,https://media.rawg.io/media/games/19b/19b6a02da2e3c1f14807dfe8a7f409d6.jpg,,,0.0,0,"[{'id': 4, 'title': 'recommended', 'count': 1, 'percent': 100.0}]",13,0,1,0,2,0,0,,,,,0,0,0,0,1,19,[],,0,0,0,,1,0f0f0f,0f0f0f,"[{'platform': {'id': 1, 'name': 'PC', 'slug': 'pc'}}, {'platform': {'id': 6, 'name': 'Linux', 'slug': 'linux'}}]","[{'platform': {'id': 4, 'name': 'PC', 'slug': 'pc', 'image': None, 'year_end': None, 'year_start': None, 'games_count': 547196, 'image_background': 'https://media.rawg.io/media/games/6fc/6fcf4cd3b17c288821388e6085bb0fc9.jpg'}, 'released_at': '1984-01-01', 'requirements': {}}, {'platform': {'id': 6, 'name': 'Linux', 'slug': 'linux', 'image': None, 'year_end': None, 'year_start': None, 'games_count': 78810, 'image_background': 'https://media.rawg.io/media/games/d58/d588947d4286e7b5e0e12e1bea7d9844.jpg'}, 'released_at': '2005-07-01', 'requirements': {}}]",[],[],[],"[{'id': 639, 'name': 'Roguelike', 'slug': 'roguelike', 'language': 'eng', 'games_count': 13915, 'image_background': 'https://media.rawg.io/media/games/0f4/0f4f4764555736eebfeb01571e44e99e.jpg'}]",[],,,"Advanced Rogue is a legacy roguelike game, based on the Rogue 3.6 source code, and with some additions from Super-Rogue. It is currently maintained by the Roguelike Restoration Project. It was developed by a group of employees at AT&T Bell Labs between 1984 and 1986.",1.0,8.0,2.0,1.0,1.0,,,,,,,,,,,,,,,,,0.0,,
54582,impossible-mission,Impossible Mission,Impossible Mission,"<p>Impossible Mission is a video game for several home computers. The original version for the Commodore 64 was programmed by Dennis Caswell and published by Epyx in 1984. The game features a variety of gameplay mechanics from platform and adventure games and boasted novel features for the time, such as digitized speech. Impossible Mission, which casts the player in the role of a secret agent infiltrating an enemy stronghold, is widely considered one of the best games for several platforms and inspired sequels and remakes.</p>",,[],1984-01-01,False,2019-08-28T22:01:29,https://media.rawg.io/media/screenshots/0ce/0ce8c4891c6932a5a2715e9dc52400e8.jpg,https://media.rawg.io/media/screenshots/2b2/2b2a75e2b13c7ae53a56ca03f43f2e7e.jpg,,0.0,0,"[{'id': 4, 'title': 'recommended', 'count': 2, 'percent': 66.67}, {'id': 3, 'title': 'meh', 'count': 1, 'percent': 33.33}]",13,0,19,0,2,0,0,,,,,0,0,0,0,3,159,[],,0,0,0,,3,0f0f0f,0f0f0f,"[{'platform': {'id': 5, 'name': 'Apple Macintosh', 'slug': 'mac'}}, {'platform': {'id': 9, 'name': 'Atari', 'slug': 'atari'}}, {'platform': {'id': 10, 'name': 'Commodore / Amiga', 'slug': 'commodore-amiga'}}]","[{'platform': {'id': 166, 'name': 'Commodore / Amiga', 'slug': 'commodore-amiga', 'image': None, 'year_end': None, 'year_start': None, 'games_count': 2083, 'image_background': 'https://media.rawg.io/media/games/cce/cce8bebe861f295003f5a9fe5b11233f.jpg'}, 'released_at': '1984-01-01', 'requirements': {}}, {'platform': {'id': 41, 'name': 'Apple II', 'slug': 'apple-ii', 'image': None, 'year_end': None, 'year_start': None, 'games_count': 424, 'image_background': 'https://media.rawg.io/media/screenshots/3d2/3d2bb57b39e2efa39d1c385585b2ea8b.jpg'}, 'released_at': '1984-01-01', 'requirements': {}}, {'platform': {'id': 25, 'name': 'Atari 8-bit', 'slug': 'atari-8-bit', 'image': None, 'year_end': None, 'year_start': None, 'games_count': 308, 'image_background': 'https://media.rawg.io/media/screenshots/038/0385a47d3a43b218204268af5361a19e.jpg'}, 'released_at': '1984-01-01', 'requirements': {}}, {'platform': {'id': 28, 'name': 'Atari 7800', 'slug': 'atari-7800', 'image': None, 'year_end': None, 'year_start': None, 'games_count': 64, 'image_background': 'https://media.rawg.io/media/screenshots/565/56504b28b184dbc630a7de118e39d822.jpg'}, 'released_at': '1984-01-01', 'requirements': {}}]",[],"[{'id': 15055, 'name': 'Epyx', 'slug': 'epyx', 'games_count': 47, 'image_background': 'https://media.rawg.io/media/screenshots/e33/e333909a54369eb4ec75e2e80b8da927.jpg'}]","[{'id': 3, 'name': 'Adventure', 'slug': 'adventure', 'games_count': 146481, 'image_background': 'https://media.rawg.io/media/games/b6b/b6b20bfc4b34e312dbc8aac53c95a348.jpg'}]","[{'id': 31, 'name': 'Singleplayer', 'slug': 'singleplayer', 'language': 'eng', 'games_count': 238404, 'image_background': 'https://media.rawg.io/media/games/26d/26d4437715bee60138dab4a7c8c59c92.jpg'}]","[{'id': 11929, 'name': 'Epyx', 'slug': 'epyx', 'games_count': 44, 'image_background': 'https://media.rawg.io/media/screenshots/189/1890b76089fc24b04ca7ce2fc3299274.jpg'}]",,,"Impossible Mission is a video game for several home computers. The original version for the Commodore 64 was programmed by Dennis Caswell and published by Epyx in 1984. The game features a variety of gameplay mechanics from platform and adventure games and boasted novel features for the time, such as digitized speech. Impossible Mission, which casts the player in the role of a secret agent infiltrating an enemy stronghold, is widely considered one of the best games for several platforms and inspired sequels and remakes.",,6.0,2.0,2.0,3.0,,,,,,,,,,,,,,,,,0.0,,
56379,castle-of-terror,Castle of Terror,Castle of Terror,<p>Castle of Terror is a text adventure game released for the Commodore 64 and ZX Spectrum by Melbourne House in 1984.</p>,,[],1984-01-01,False,2019-08-28T22:00:31,https://media.rawg.io/media/screenshots/5d9/5d98bcae6c2b5f4e1693326b3854a207.jpg,https://media.rawg.io/media/screenshots/1ec/1ecb99465a54093e931ce69e1feb9539.jpg,,0.0,0,[],13,0,8,0,0,0,0,,,,,0,0,0,0,0,144,[],,0,0,0,,0,0f0f0f,0f0f0f,"[{'platform': {'id': 10, 'name': 'Commodore / Amiga', 'slug': 'commodore-amiga'}}]","[{'platform': {'id': 166, 'name': 'Commodore / Amiga', 'slug': 'commodore-amiga', 'image': None, 'year_end': None, 'year_start': None, 'games_count': 2083, 'image_background': 'https://media.rawg.io/media/games/cce/cce8bebe861f295003f5a9fe5b11233f.jpg'}, 'released_at': '1984-01-01', 'requirements': {}}]",[],"[{'id': 13227, 'name': 'Beam Software', 'slug': 'beam-software', 'games_count': 73, 'image_background': 'https://media.rawg.io/media/screenshots/27e/27e552bc7ab2c13154ea7bc1e75c8c97.jpg'}, {'id': 26238, 'name': 'Krome Studios Melbourne', 'slug': 'krome-studios-melbourne', 'games_count': 43, 'image_background': 'https://media.rawg.io/media/screenshots/461/46155242dc47b7ae8b4dc9d524cffd3e.jpg'}]",[],"[{'id': 31, 'name': 'Singleplayer', 'slug': 'singleplayer', 'language': 'eng', 'games_count': 238404, 'image_background': 'https://media.rawg.io/media/games/26d/26d4437715bee60138dab4a7c8c59c92.jpg'}]","[{'id': 11640, 'name': 'Melbourne House', 'slug': 'melbourne-house', 'games_count': 20, 'image_background': 'https://media.rawg.io/media/screenshots/4b5/4b5da9777256bee3ad67ce22db580604.jpg'}, {'id': 19919, 'name': 'Krome Studios Melbourne', 'slug': 'krome-studios-melbourne', 'games_count': 14, 'image_background': 'https://media.rawg.io/media/screenshots/753/753292d5a5792dd004033f0fdada95f7.jpg'}]",,,Castle of Terror is a text adventure game released for the Commodore 64 and ZX Spectrum by Melbourne House in 1984.,1.0,6.0,2.0,3.0,1.0,,,,,,,,,,,,,,,,,0.0,,
34314,shamus,Shamus,Shamus,"<p>Shamus is an arcade game developed by SynSoft. It came out on 01-01-1984. It was published by IBM. <br>You can play Shamus on PC. </p>

<p></p>",,[],1984-01-01,False,2023-02-08T10:51:40,https://media.rawg.io/media/screenshots/7a1/7a1402c5c061aad6a24ad1442e3d1b47_P5g4stg.jpg,https://media.rawg.io/media/screenshots/fa9/fa92717880f78885c4560027d8bef08d.jpg,,0.0,0,[],13,0,2,0,1,0,0,,,,,0,0,0,0,0,38,[],,0,0,0,,0,0f0f0f,0f0f0f,"[{'platform': {'id': 1, 'name': 'PC', 'slug': 'pc'}}]","[{'platform': {'id': 4, 'name': 'PC', 'slug': 'pc', 'image': None, 'year_end': None, 'year_start': None, 'games_count': 547196, 'image_background': 'https://media.rawg.io/media/games/6fc/6fcf4cd3b17c288821388e6085bb0fc9.jpg'}, 'released_at': '1984-01-01', 'requirements': {}}]",[],"[{'id': 15882, 'name': 'SynSoft', 'slug': 'synsoft', 'games_count': 2, 'image_background': 'https://media.rawg.io/media/screenshots/5c0/5c08fed4b1221bd9fbe4371f0e513d89.jpg'}]","[{'id': 11, 'name': 'Arcade', 'slug': 'arcade', 'games_count': 22658, 'image_background': 'https://media.rawg.io/media/games/556/556157feed9ee1f55f2b12b2973e30a3.jpg'}]",[],"[{'id': 12234, 'name': 'IBM', 'slug': 'ibm', 'games_count': 4, 'image_background': 'https://media.rawg.io/media/screenshots/76f/76f22d123327718cfc41cc9112c04bf3.jpg'}]",,,,1.0,6.0,3.0,1.0,1.0,,,,,,,1.0,,,,,,,,,,0.0,,
53869,hydlide,Hydlide,Hydlide,"<p>Hydlide (ハイドライド, Haidoraido) is a 1984 open world action role-playing video game developed and published by T&amp;E Soft. It was originally released for the NEC PC-6001 and PC-8801 computers in 1984, in Japan only; ports for the MSX, MSX2 (a separate port released on 3.5"" floppy), FM-7 and NEC PC-9801 were released the following year. A Nintendo Famicom version was first released under the name Hydlide Special on March 18, 1986 in Japan; three years later, in June 1989, that version saw a North American release for the Nintendo Entertainment System by FCI, its title having been returned to simply Hydlide. The game sold 2 million copies in Japan, across all platforms.</p>
<p>In April 28, 1995, a remake was released for the Sega Saturn under the title Virtual Hydlide, both in Japan and western countries.</p>",,[],1984-12-13,False,2019-08-28T22:01:53,https://media.rawg.io/media/screenshots/c9d/c9d2619205b8825760c10ff5ca49fa18.jpg,https://media.rawg.io/media/screenshots/208/208460abb83043a69e7ec7593ce1f9d9.jpg,,0.0,0,"[{'id': 3, 'title': 'meh', 'count': 1, 'percent': 50.0}, {'id': 1, 'title': 'skip', 'count': 1, 'percent': 50.0}]",13,0,8,0,2,0,0,,,,,0,0,0,0,2,219,[],,0,0,0,,2,0f0f0f,0f0f0f,"[{'platform': {'id': 7, 'name': 'Nintendo', 'slug': 'nintendo'}}]","[{'platform': {'id': 49, 'name': 'NES', 'slug': 'nes', 'image': None, 'year_end': None, 'year_start': None, 'games_count': 1015, 'image_background': 'https://media.rawg.io/media/games/7c5/7c50dd0415eb0a57505c58d4e50e4d24.jpg'}, 'released_at': '1984-12-13', 'requirements': {}}]",[],"[{'id': 26065, 'name': 'Technology and Entertainment Software', 'slug': 'technology-and-entertainment-software', 'games_count': 9, 'image_background': 'https://media.rawg.io/media/screenshots/7d7/7d74d2b80efce47c5c6da0bd99aacdcc.jpg'}]","[{'id': 5, 'name': 'RPG', 'slug': 'role-playing-games-rpg', 'games_count': 59370, 'image_background': 'https://media.rawg.io/media/games/f6b/f6bed028b02369d4cab548f4f9337e81.jpg'}]","[{'id': 31, 'name': 'Singleplayer', 'slug': 'singleplayer', 'language': 'eng', 'games_count': 238404, 'image_background': 'https://media.rawg.io/media/games/26d/26d4437715bee60138dab4a7c8c59c92.jpg'}]","[{'id': 19875, 'name': 'Fujisankei Communications International', 'slug': 'fujisankei-communications-international', 'games_count': 22, 'image_background': 'https://media.rawg.io/media/screenshots/4e6/4e6d15aeb9aa0ac9ad3d8fa883edadc7.jpg'}, {'id': 19913, 'name': 'Technology and Entertainment Software', 'slug': 'technology-and-entertainment-software', 'games_count': 2, 'image_background': 'https://media.rawg.io/media/screenshots/c9d/c9d2619205b8825760c10ff5ca49fa18.jpg'}]",,,"Hydlide (ハイドライド, Haidoraido) is a 1984 open world action role-playing video game developed and published by T&E Soft. It was originally released for the NEC PC-6001 and PC-8801 computers in 1984, in Japan only; ports for the MSX, MSX2 (a separate port released on 3.5"" floppy), FM-7 and NEC PC-9801 were released the following year. A Nintendo Famicom version was first released under the name Hydlide Special on March 18, 1986 in Japan; three years later, in June 1989, that version saw a North American release for the Nintendo Entertainment System by FCI, its title having been returned to simply Hydlide. The game sold 2 million copies in Japan, across all platforms.
In April 28, 1995, a remake was released for the Sega Saturn under the title Virtual Hydlide, both in Japan and western countries.",,7.0,2.0,3.0,1.0,,,,,,,,,,,,,,,,,0.0,,
56400,conan-hall-of-volta,Conan: Hall of Volta,Conan: Hall of Volta,"<p>Conan: Hall of Volta is a 1984 action-platform computer game, designed by Eric Robinson and Eric Parker, and published by Datasoft. It is based on the character Conan created by Robert E. Howard.</p>
<p>Released in 1984, the game's launch coincided with the debut of the sequel to the 1984 feature film Conan the Destroyer. The game's box featured a painting of Arnold Schwarzenegger as the muscle-bound warrior with his new costume for Destroyer. Despite this attempted tie-in, the game has little to do with the movie series except that it features the Cimmerian in the title role. This is due to having originally been designed without the Conan tie-in, as a boomerang-throwing game titled Visigoth. One of the screenshots on the back of the packaging is from a prototype version, and shows a boomerang instead of a sword.</p>",,[],1984-01-01,False,2019-08-28T22:00:30,https://media.rawg.io/media/screenshots/f6f/f6fe9ea85d1e00f235b25b0c171cec4e.jpg,https://media.rawg.io/media/screenshots/2e4/2e4a2d6cfe9d55904360b7273e11ded2.jpg,,0.0,0,"[{'id': 1, 'title': 'skip', 'count': 1, 'percent': 100.0}]",13,0,9,0,2,0,0,,,,,0,0,0,0,1,221,[],,0,0,0,,1,0f0f0f,0f0f0f,"[{'platform': {'id': 5, 'name': 'Apple Macintosh', 'slug': 'mac'}}, {'platform': {'id': 9, 'name': 'Atari', 'slug': 'atari'}}, {'platform': {'id': 10, 'name': 'Commodore / Amiga', 'slug': 'commodore-amiga'}}]","[{'platform': {'id': 41, 'name': 'Apple II', 'slug': 'apple-ii', 'image': None, 'year_end': None, 'year_start': None, 'games_count': 424, 'image_background': 'https://media.rawg.io/media/screenshots/3d2/3d2bb57b39e2efa39d1c385585b2ea8b.jpg'}, 'released_at': '1984-01-01', 'requirements': {}}, {'platform': {'id': 25, 'name': 'Atari 8-bit', 'slug': 'atari-8-bit', 'image': None, 'year_end': None, 'year_start': None, 'games_count': 308, 'image_background': 'https://media.rawg.io/media/screenshots/038/0385a47d3a43b218204268af5361a19e.jpg'}, 'released_at': '1984-01-01', 'requirements': {}}, {'platform': {'id': 166, 'name': 'Commodore / Amiga', 'slug': 'commodore-amiga', 'image': None, 'year_end': None, 'year_start': None, 'games_count': 2083, 'image_background': 'https://media.rawg.io/media/games/cce/cce8bebe861f295003f5a9fe5b11233f.jpg'}, 'released_at': '1984-01-01', 'requirements': {}}]",[],"[{'id': 16467, 'name': 'SE Software', 'slug': 'se-software', 'games_count': 2, 'image_background': 'https://media.rawg.io/media/screenshots/f6f/f6fe9ea85d1e00f235b25b0c171cec4e.jpg'}]","[{'id': 4, 'name': 'Action', 'slug': 'action', 'games_count': 186608, 'image_background': 'https://media.rawg.io/media/games/618/618c2031a07bbff6b4f611f10b6bcdbc.jpg'}]","[{'id': 31, 'name': 'Singleplayer', 'slug': 'singleplayer', 'language': 'eng', 'games_count': 238404, 'image_background': 'https://media.rawg.io/media/games/26d/26d4437715bee60138dab4a7c8c59c92.jpg'}]","[{'id': 12080, 'name': 'Datasoft', 'slug': 'datasoft', 'games_count': 12, 'image_background': 'https://media.rawg.io/media/screenshots/665/665977c11192ad3c09a1cda9aaa1272f.jpg'}]",,,"Conan: Hall of Volta is a 1984 action-platform computer game, designed by Eric Robinson and Eric Parker, and published by Datasoft. It is based on the character Conan created by Robert E. Howard.
Released in 1984, the game's launch coincided with the debut of the sequel to the 1984 feature film Conan the Destroyer. The game's box featured a painting of Arnold Schwarzenegger as the muscle-bound warrior with his new costume for Destroyer. Despite this attempted tie-in, the game has little to do with the movie series except that it features the Cimmerian in the title role. This is due to having originally been designed without the Conan tie-in, as a boomerang-throwing game titled Visigoth. One of the screenshots on the back of the packaging is from a prototype version, and shows a boomerang instead of a sword.",,6.0,2.0,3.0,2.0,,,,,,,,,,,,,,,,,0.0,,
527437,bopn-wrestle,Bop'N Wrestle,Bop'N Wrestle,"A beloved retro wrestler from Beam Software returns in all its 80s glory!<br/><br/>You've seen 'em on TV. You've seen 'em in person. You've seen 'em flying into the aisles. Now you get to climb into the ring with 'em. For the first time in any arena, you get to join the mayhem of professional wrestling at its best. BOP'N WRESTLE puts you in the ring with 10 of the meanest, baddest, biggest, toughest, ugliest pro wrestlers you've ever seen fly off a turnbuckle!<br/><br/>Wrestle your way to the top as Gorgeous Greg, tenth-ranked contender for the World Championship Belt, as he battles a series of contenders.<br/><br/><ul><li>Dozens of spectacular moves <br/></li><li>Ten wild opponents<br/></li><li>One or two-player modes</li></ul>",,[],1984-12-31,False,2023-02-08T10:51:44,https://media.rawg.io/media/screenshots/210/210fd91e10a6a4c1bf66ef2dabebad33.jpg,https://media.rawg.io/media/screenshots/67e/67e2affcee7484c28ca90331356daf4f.jpg,https://www.ziggurat.games/,0.0,0,[],13,0,5,0,5,0,0,,,,,0,0,0,0,0,96,[],,0,0,0,,0,0f0f0f,0f0f0f,"[{'platform': {'id': 1, 'name': 'PC', 'slug': 'pc'}}]","[{'platform': {'id': 4, 'name': 'PC', 'slug': 'pc', 'image': None, 'year_end': None, 'year_start': None, 'games_count': 547194, 'image_background': 'https://media.rawg.io/media/games/4be/4be6a6ad0364751a96229c56bf69be59.jpg'}, 'released_at': '1984-12-31', 'requirements': {'minimum': 'Minimum:\nOS: Windows 7 / 8 / 10\nProcessor: Pentium 4 or later\nGraphics: DirectX 9 graphics device with WDDM 1.0 or higher driver\nDirectX: Version 9.0c\nStorage: 6 MB available space\nAdditional Notes: Powered by DOSBox'}}]","[{'id': 519754, 'url': '', 'store': {'id': 1, 'name': 'Steam', 'slug': 'steam', 'domain': 'store.steampowered.com', 'games_count': 110181, 'image_background': 'https://media.rawg.io/media/games/7fa/7fa0b586293c5861ee32490e953a4996.jpg'}}, {'id': 519786, 'url': '', 'store': {'id': 5, 'name': 'GOG', 'slug': 'gog', 'domain': 'gog.com', 'games_count': 6713, 'image_background': 'https://media.rawg.io/media/games/5c0/5c0dd63002cb23f804aab327d40ef119.jpg'}}]","[{'id': 13227, 'name': 'Beam Software', 'slug': 'beam-software', 'games_count': 73, 'image_background': 'https://media.rawg.io/media/screenshots/27e/27e552bc7ab2c13154ea7bc1e75c8c97.jpg'}]","[{'id': 4, 'name': 'Action', 'slug': 'action', 'games_count': 186608, 'image_background': 'https://media.rawg.io/media/games/618/618c2031a07bbff6b4f611f10b6bcdbc.jpg'}]","[{'id': 31, 'name': 'Singleplayer', 'slug': 'singleplayer', 'language': 'eng', 'games_count': 238404, 'image_background': 'https://media.rawg.io/media/games/26d/26d4437715bee60138dab4a7c8c59c92.jpg'}, {'id': 122, 'name': 'Pixel Graphics', 'slug': 'pixel-graphics', 'language': 'eng', 'games_count': 96617, 'image_background': 'https://media.rawg.io/media/games/ffe/ffed87105b14f5beff72ff44a7793fd5.jpg'}, {'id': 72, 'name': 'Local Multiplayer', 'slug': 'local-multiplayer', 'language': 'eng', 'games_count': 13629, 'image_background': 'https://media.rawg.io/media/games/8cc/8cce7c0e99dcc43d66c8efd42f9d03e3.jpg'}, {'id': 74, 'name': 'Retro', 'slug': 'retro', 'language': 'eng', 'games_count': 43195, 'image_background': 'https://media.rawg.io/media/games/e04/e04963f3ac4c4fa83a1dc0b9231e50db.jpg'}, {'id': 165, 'name': 'Colorful', 'slug': 'colorful', 'language': 'eng', 'games_count': 25788, 'image_background': 'https://media.rawg.io/media/games/43f/43f4f3a50651f371c147ecce8ee841a9.jpg'}, {'id': 224, 'name': '1980s', 'slug': '1980s', 'language': 'eng', 'games_count': 3001, 'image_background': 'https://media.rawg.io/media/games/64a/64a7789943fe9f9d9c93f3a286ee7b20.jpg'}, {'id': 570, 'name': 'Old School', 'slug': 'old-school', 'language': 'eng', 'games_count': 4421, 'image_background': 'https://media.rawg.io/media/games/261/261f147b8cbe9fed2da8d81a1bb52d68.jpg'}, {'id': 313, 'name': 'Wrestling', 'slug': 'wrestling', 'language': 'eng', 'games_count': 274, 'image_background': 'https://media.rawg.io/media/screenshots/a37/a3793a7305cf327700fa7134e3de6824.jpg'}]","[{'id': 41071, 'name': 'Ziggurat', 'slug': 'ziggurat', 'games_count': 93, 'image_background': 'https://media.rawg.io/media/screenshots/fa1/fa1fffbbabd7318f1ce7b20c7fbd7878.jpg'}, {'id': 44520, 'name': 'Ziggurat Interactive', 'slug': 'ziggurat-interactive', 'games_count': 100, 'image_background': 'https://media.rawg.io/media/screenshots/afb/afbd22c502385cd5d2017bd75f0f3282.jpg'}]",,,"A beloved retro wrestler from Beam Software returns in all its 80s glory!
You've seen 'em on TV. You've seen 'em in person. You've seen 'em flying into the aisles. Now you get to climb into the ring with 'em. For the first time in any arena, you get to join the mayhem of professional wrestling at its best. BOP'N WRESTLE puts you in the ring with 10 of the meanest, baddest, biggest, toughest, ugliest pro wrestlers you've ever seen fly off a turnbuckle!
Wrestle your way to the top as Gorgeous Greg, tenth-ranked contender for the World Championship Belt, as he battles a series of contenders.
Dozens of spectacular moves
Ten wild opponents
One or two-player modes",1.0,10.0,,1.0,1.0,,,,,,,,,,,,,,,,,0.0,,
405270,formation-z,Formation Z,Formation Z,"<p>Formation Z (フォーメーションZ, Fōmēshon Z) is a horizontally scrolling shooter initially released in arcades in 1984 by Jaleco. The arcade release was distributed by Williams and known as Aeroboto outside Japan. It was later ported to the MSX and to the Famicom (by Hect), the latter being included as part of Jaleco Collection Vol. 1 for the PlayStation. More recently the Famicom version of the game was made downloadable via the Wii&#39;s Virtual Console download service in Japan.</p>",,[],1984-09-01,False,2020-01-22T14:45:18,https://media.rawg.io/media/games/2f6/2f680525e10d056cb26080b5a6b54add.jpg,https://media.rawg.io/media/screenshots/d97/d972ad6e660c05924137e442d4b71d82.jpg,,0.0,3,"[{'id': 3, 'title': 'meh', 'count': 3, 'percent': 60.0}, {'id': 4, 'title': 'recommended', 'count': 2, 'percent': 40.0}]",13,0,3,0,0,0,0,,,,,0,0,0,0,5,48,[],,0,0,0,,5,0f0f0f,0f0f0f,"[{'platform': {'id': 7, 'name': 'Nintendo', 'slug': 'nintendo'}}]","[{'platform': {'id': 49, 'name': 'NES', 'slug': 'nes', 'image': None, 'year_end': None, 'year_start': None, 'games_count': 1015, 'image_background': 'https://media.rawg.io/media/games/7c5/7c50dd0415eb0a57505c58d4e50e4d24.jpg'}, 'released_at': '1984-09-01', 'requirements': {}}]",[],"[{'id': 16496, 'name': 'Jaleco', 'slug': 'jaleco', 'games_count': 22, 'image_background': 'https://media.rawg.io/media/games/8e6/8e684b3b1a4fd99c5fad7450e0d76d80.jpg'}]","[{'id': 4, 'name': 'Action', 'slug': 'action', 'games_count': 186608, 'image_background': 'https://media.rawg.io/media/games/618/618c2031a07bbff6b4f611f10b6bcdbc.jpg'}, {'id': 2, 'name': 'Shooter', 'slug': 'shooter', 'games_count': 59560, 'image_background': 'https://media.rawg.io/media/games/d58/d588947d4286e7b5e0e12e1bea7d9844.jpg'}]",[],"[{'id': 10826, 'name': 'Jaleco', 'slug': 'jaleco', 'games_count': 69, 'image_background': 'https://media.rawg.io/media/screenshots/d27/d27f054ac7142ef377af66c62fdb681f.jpg'}]",,,"Formation Z (フォーメーションZ, Fōmēshon Z) is a horizontally scrolling shooter initially released in arcades in 1984 by Jaleco. The arcade release was distributed by Williams and known as Aeroboto outside Japan. It was later ported to the MSX and to the Famicom (by Hect), the latter being included as part of Jaleco Collection Vol. 1 for the PlayStation. More recently the Famicom version of the game was made downloadable via the Wii's Virtual Console download service in Japan.",1.0,6.0,4.0,,2.0,,,,,,,,,,,,,,,,,,,
56281,50-mission-crush,50 Mission Crush,50 Mission Crush,"<p>50 Mission Crush (sometimes Fifty Mission Crush) is a turn-based strategy game published in 1984 by Strategic Simulations (SSI) that simulates the career of the crew of a B-17 Flying Fortress bomber during World War II. The bomber is based out of the RAF Thurleigh base just north of London, and is part of the 8th Air Force. While most of SSI's games emphasized long-term strategic planning, 50 Mission Crush was marketed explicitly for its quick, comparatively fast pace: each mission takes no more than about 10 minutes. SSI described it as a ""role-playing game"".</p>",,[],1984-01-01,False,2023-02-08T10:51:47,https://media.rawg.io/media/screenshots/211/2110e635f88dae04d06a45f5728a26d0.jpg,https://media.rawg.io/media/screenshots/fdb/fdb200caf2aaa8da8f9feb303e1dcecd.jpg,,0.0,0,"[{'id': 1, 'title': 'skip', 'count': 1, 'percent': 100.0}]",13,0,8,0,0,0,0,,,,,0,0,0,0,1,145,[],,0,0,0,,1,0f0f0f,0f0f0f,"[{'platform': {'id': 1, 'name': 'PC', 'slug': 'pc'}}, {'platform': {'id': 5, 'name': 'Apple Macintosh', 'slug': 'mac'}}, {'platform': {'id': 9, 'name': 'Atari', 'slug': 'atari'}}, {'platform': {'id': 10, 'name': 'Commodore / Amiga', 'slug': 'commodore-amiga'}}]","[{'platform': {'id': 166, 'name': 'Commodore / Amiga', 'slug': 'commodore-amiga', 'image': None, 'year_end': None, 'year_start': None, 'games_count': 2083, 'image_background': 'https://media.rawg.io/media/games/cce/cce8bebe861f295003f5a9fe5b11233f.jpg'}, 'released_at': '1984-01-01', 'requirements': {}}, {'platform': {'id': 41, 'name': 'Apple II', 'slug': 'apple-ii', 'image': None, 'year_end': None, 'year_start': None, 'games_count': 424, 'image_background': 'https://media.rawg.io/media/screenshots/3d2/3d2bb57b39e2efa39d1c385585b2ea8b.jpg'}, 'released_at': '1984-01-01', 'requirements': {}}, {'platform': {'id': 25, 'name': 'Atari 8-bit', 'slug': 'atari-8-bit', 'image': None, 'year_end': None, 'year_start': None, 'games_count': 308, 'image_background': 'https://media.rawg.io/media/screenshots/038/0385a47d3a43b218204268af5361a19e.jpg'}, 'released_at': '1984-01-01', 'requirements': {}}, {'platform': {'id': 4, 'name': 'PC', 'slug': 'pc', 'image': None, 'year_end': None, 'year_start': None, 'games_count': 547196, 'image_background': 'https://media.rawg.io/media/games/6fc/6fcf4cd3b17c288821388e6085bb0fc9.jpg'}, 'released_at': '1984-01-01', 'requirements': {}}]",[],"[{'id': 27348, 'name': 'John Gray', 'slug': 'john-gray', 'games_count': 1, 'image_background': 'https://media.rawg.io/media/screenshots/211/2110e635f88dae04d06a45f5728a26d0.jpg'}]","[{'id': 5, 'name': 'RPG', 'slug': 'role-playing-games-rpg', 'games_count': 59370, 'image_background': 'https://media.rawg.io/media/games/f6b/f6bed028b02369d4cab548f4f9337e81.jpg'}]","[{'id': 31, 'name': 'Singleplayer', 'slug': 'singleplayer', 'language': 'eng', 'games_count': 238404, 'image_background': 'https://media.rawg.io/media/games/26d/26d4437715bee60138dab4a7c8c59c92.jpg'}]","[{'id': 19851, 'name': 'Strategic Simulations', 'slug': 'strategic-simulations', 'games_count': 113, 'image_background': 'https://media.rawg.io/media/screenshots/55c/55cd1c62d524e51467185c94839b08c4.jpg'}]",,,"50 Mission Crush (sometimes Fifty Mission Crush) is a turn-based strategy game published in 1984 by Strategic Simulations (SSI) that simulates the career of the crew of a B-17 Flying Fortress bomber during World War II. The bomber is based out of the RAF Thurleigh base just north of London, and is part of the 8th Air Force. While most of SSI's games emphasized long-term strategic planning, 50 Mission Crush was marketed explicitly for its quick, comparatively fast pace: each mission takes no more than about 10 minutes. SSI described it as a ""role-playing game"".",1.0,7.0,2.0,2.0,1.0,,,,,,,,,,,,,,,,,0.0,,
56725,raid-over-moscow,Raid over Moscow,Raid over Moscow,"<p>Raid Over Moscow (Raid in some countries and on reissue) is a computer game by Access Software published in Europe by U.S. Gold for the Commodore 64 in 1984 and other microcomputers in 1985-1986.</p>
<p>Released during the Cold War era, Raid Over Moscow is an action game in which the player (an American space pilot) has to stop three Soviet nuclear attacks on North America, then fight his way into and destroy a nuclear facility located in Moscow's Kremlin. According to the game's storyline, the United States is unable to respond to the attack directly due to the dismantlement of its nuclear arsenal.</p>
<p>The game is famous in Finland due to the political effect of its content. A leftist member of the Finnish parliament went as far as to make a parliamentary question about whether it was acceptable to sell the game that might cause vexation in a neighboring country Soviet Union with which relations were carefully managed. The resulting debate and publicity made the game a top seller in the country.</p>",,[],1984-01-01,False,2023-04-15T23:42:51,https://media.rawg.io/media/screenshots/fb2/fb2423fcff6a4d83bc4127bab6098f09.jpg,https://media.rawg.io/media/screenshots/8ea/8eaa7bc499ffc87cd6cc946a3560f05d.jpg,,0.0,0,"[{'id': 4, 'title': 'recommended', 'count': 2, 'percent': 100.0}]",13,0,8,0,0,0,0,,,,,0,0,0,0,2,237,[],,0,0,0,,2,0f0f0f,0f0f0f,"[{'platform': {'id': 5, 'name': 'Apple Macintosh', 'slug': 'mac'}}, {'platform': {'id': 9, 'name': 'Atari', 'slug': 'atari'}}, {'platform': {'id': 10, 'name': 'Commodore / Amiga', 'slug': 'commodore-amiga'}}]","[{'platform': {'id': 25, 'name': 'Atari 8-bit', 'slug': 'atari-8-bit', 'image': None, 'year_end': None, 'year_start': None, 'games_count': 308, 'image_background': 'https://media.rawg.io/media/screenshots/038/0385a47d3a43b218204268af5361a19e.jpg'}, 'released_at': '1984-01-01', 'requirements': {}}, {'platform': {'id': 41, 'name': 'Apple II', 'slug': 'apple-ii', 'image': None, 'year_end': None, 'year_start': None, 'games_count': 424, 'image_background': 'https://media.rawg.io/media/screenshots/3d2/3d2bb57b39e2efa39d1c385585b2ea8b.jpg'}, 'released_at': '1984-01-01', 'requirements': {}}, {'platform': {'id': 166, 'name': 'Commodore / Amiga', 'slug': 'commodore-amiga', 'image': None, 'year_end': None, 'year_start': None, 'games_count': 2083, 'image_background': 'https://media.rawg.io/media/games/cce/cce8bebe861f295003f5a9fe5b11233f.jpg'}, 'released_at': '1984-01-01', 'requirements': {}}]",[],"[{'id': 11075, 'name': 'Access Software', 'slug': 'access-software', 'games_count': 27, 'image_background': 'https://media.rawg.io/media/screenshots/0fd/0fd5f4646fceea9149cf7f04ee7c92a0.jpg'}, {'id': 13945, 'name': 'Indie Built', 'slug': 'indie-built', 'games_count': 9, 'image_background': 'https://media.rawg.io/media/screenshots/02d/02d59d0cfa748e4e60460bd6d2a5df72.jpg'}]","[{'id': 4, 'name': 'Action', 'slug': 'action', 'games_count': 186608, 'image_background': 'https://media.rawg.io/media/games/618/618c2031a07bbff6b4f611f10b6bcdbc.jpg'}]","[{'id': 31, 'name': 'Singleplayer', 'slug': 'singleplayer', 'language': 'eng', 'games_count': 238404, 'image_background': 'https://media.rawg.io/media/games/26d/26d4437715bee60138dab4a7c8c59c92.jpg'}]","[{'id': 11527, 'name': 'U.S. Gold', 'slug': 'us-gold-2', 'games_count': 95, 'image_background': 'https://media.rawg.io/media/games/eaa/eaa94a1203b9b8fdf5b01575c9e91591.jpg'}]",,,"Raid Over Moscow (Raid in some countries and on reissue) is a computer game by Access Software published in Europe by U.S. Gold for the Commodore 64 in 1984 and other microcomputers in 1985-1986.
Released during the Cold War era, Raid Over Moscow is an action game in which the player (an American space pilot) has to stop three Soviet nuclear attacks on North America, then fight his way into and destroy a nuclear facility located in Moscow's Kremlin. According to the game's storyline, the United States is unable to respond to the attack directly due to the dismantlement of its nuclear arsenal.
The game is famous in Finland due to the political effect of its content. A leftist member of the Finnish parliament went as far as to make a parliamentary question about whether it was acceptable to sell the game that might cause vexation in a neighboring country Soviet Union with which relations were carefully managed. The resulting debate and publicity made the game a top seller in the country.",,6.0,2.0,2.0,3.0,,,,,,,,,,,,,,,,,0.0,,
55622,the-seven-cities-of-gold-1984,The Seven Cities of Gold (1984),The Seven Cities of Gold (1984),"<p>The Seven Cities of Gold is a strategy video game created by Dan Bunten and Ozark Softscape and published by Electronic Arts in 1984. The player takes the role of a late 15th-century explorer for the Spanish Empire, setting sail to the New World in order to explore the map and interact with the natives in order to win gold and please the Spanish court. The name derives from the ""seven cities"" of Quivira and Cíbola that were said to be located somewhere in the Southwest United States. It is considered to be one of the earliest open world video games.</p>",,[],1984-01-01,False,2019-08-28T22:26:02,https://media.rawg.io/media/screenshots/b2f/b2f5caf6b7973cdb3726d171965ec13c.jpg,https://media.rawg.io/media/screenshots/70a/70a9c3a7a73310b34be25d5db1951f25.jpg,,0.0,0,[],13,0,10,0,4,0,0,,,,,0,0,0,0,0,208,[],,0,0,0,,0,0f0f0f,0f0f0f,"[{'platform': {'id': 5, 'name': 'Apple Macintosh', 'slug': 'mac'}}, {'platform': {'id': 9, 'name': 'Atari', 'slug': 'atari'}}, {'platform': {'id': 10, 'name': 'Commodore / Amiga', 'slug': 'commodore-amiga'}}]","[{'platform': {'id': 166, 'name': 'Commodore / Amiga', 'slug': 'commodore-amiga', 'image': None, 'year_end': None, 'year_start': None, 'games_count': 2083, 'image_background': 'https://media.rawg.io/media/games/cce/cce8bebe861f295003f5a9fe5b11233f.jpg'}, 'released_at': '1984-01-01', 'requirements': {}}, {'platform': {'id': 41, 'name': 'Apple II', 'slug': 'apple-ii', 'image': None, 'year_end': None, 'year_start': None, 'games_count': 424, 'image_background': 'https://media.rawg.io/media/screenshots/3d2/3d2bb57b39e2efa39d1c385585b2ea8b.jpg'}, 'released_at': '1984-01-01', 'requirements': {}}, {'platform': {'id': 25, 'name': 'Atari 8-bit', 'slug': 'atari-8-bit', 'image': None, 'year_end': None, 'year_start': None, 'games_count': 308, 'image_background': 'https://media.rawg.io/media/screenshots/038/0385a47d3a43b218204268af5361a19e.jpg'}, 'released_at': '1984-01-01', 'requirements': {}}, {'platform': {'id': 55, 'name': 'Classic Macintosh', 'slug': 'macintosh', 'image': None, 'year_end': None, 'year_start': None, 'games_count': 675, 'image_background': 'https://media.rawg.io/media/games/38a/38af969459ad6e5de116ec8a4a84218c.jpg'}, 'released_at': '1984-01-01', 'requirements': {}}]",[],"[{'id': 11041, 'name': 'Ozark Softscape', 'slug': 'ozark-softscape', 'games_count': 9, 'image_background': 'https://media.rawg.io/media/screenshots/01f/01f4cb7a08fd6305894df55114d33533.jpg'}]","[{'id': 3, 'name': 'Adventure', 'slug': 'adventure', 'games_count': 146481, 'image_background': 'https://media.rawg.io/media/games/b6b/b6b20bfc4b34e312dbc8aac53c95a348.jpg'}, {'id': 10, 'name': 'Strategy', 'slug': 'strategy', 'games_count': 59661, 'image_background': 'https://media.rawg.io/media/games/08b/08b2eee52a9876a48b955e5149affe5b.jpg'}]","[{'id': 31, 'name': 'Singleplayer', 'slug': 'singleplayer', 'language': 'eng', 'games_count': 238404, 'image_background': 'https://media.rawg.io/media/games/26d/26d4437715bee60138dab4a7c8c59c92.jpg'}]","[{'id': 354, 'name': 'Electronic Arts', 'slug': 'electronic-arts', 'games_count': 1332, 'image_background': 'https://media.rawg.io/media/games/45b/45b57ed59de4b84effd8f6bc4b7bf515.jpg'}, {'id': 19708, 'name': 'Ariolasoft', 'slug': 'ariolasoft', 'games_count': 19, 'image_background': 'https://media.rawg.io/media/screenshots/f4b/f4b8e0b7e42013d1051cca8ce9c55df9.jpg'}]",,,"The Seven Cities of Gold is a strategy video game created by Dan Bunten and Ozark Softscape and published by Electronic Arts in 1984. The player takes the role of a late 15th-century explorer for the Spanish Empire, setting sail to the New World in order to explore the map and interact with the natives in order to win gold and please the Spanish court. The name derives from the ""seven cities"" of Quivira and Cíbola that were said to be located somewhere in the Southwest United States. It is considered to be one of the earliest open world video games.",,7.0,2.0,3.0,1.0,,,,,,,,,,,,,,,,,0.0,,
54576,ballblazer,Ballblazer,Ballblazer,"<p>Ballblazer is a 1984 futuristic sports game created by Lucasfilm Games. It was originally released for the Atari 8-bit family, then ported to the Atari 5200, Apple II, ZX Spectrum, Amstrad CPC, Commodore 64, MSX. and later the Atari 7800 and the Nintendo Famicom. The game was called Ballblaster during development; pirated versions of the game went by this name as well. The principal creator and programmer of Ballblazer was David Levine.</p>
<p>In 1990, LucasArts and Rainbow Arts released a remake and follow-up to this game, called Masterblazer. This game was released for the Amiga, Atari ST, and MS-DOS. On March 31, 1997, a remake of the original titled Ballblazer Champions was released for the Sony PlayStation.</p>",,[],1984-03-01,False,2019-08-28T22:26:14,https://media.rawg.io/media/screenshots/938/93896a5e1c67f5bd7cc5b18ffbb55af0.jpg,https://media.rawg.io/media/screenshots/9c7/9c7545fe0868c6a656802548cda95be7.jpg,,0.0,0,"[{'id': 1, 'title': 'skip', 'count': 3, 'percent': 100.0}]",13,0,18,0,4,0,0,,,,,0,0,0,0,3,160,[],,0,0,0,,3,0f0f0f,0f0f0f,"[{'platform': {'id': 5, 'name': 'Apple Macintosh', 'slug': 'mac'}}, {'platform': {'id': 7, 'name': 'Nintendo', 'slug': 'nintendo'}}, {'platform': {'id': 9, 'name': 'Atari', 'slug': 'atari'}}, {'platform': {'id': 10, 'name': 'Commodore / Amiga', 'slug': 'commodore-amiga'}}]","[{'platform': {'id': 166, 'name': 'Commodore / Amiga', 'slug': 'commodore-amiga', 'image': None, 'year_end': None, 'year_start': None, 'games_count': 2083, 'image_background': 'https://media.rawg.io/media/games/cce/cce8bebe861f295003f5a9fe5b11233f.jpg'}, 'released_at': '1984-03-01', 'requirements': {}}, {'platform': {'id': 25, 'name': 'Atari 8-bit', 'slug': 'atari-8-bit', 'image': None, 'year_end': None, 'year_start': None, 'games_count': 308, 'image_background': 'https://media.rawg.io/media/screenshots/038/0385a47d3a43b218204268af5361a19e.jpg'}, 'released_at': '1984-03-01', 'requirements': {}}, {'platform': {'id': 41, 'name': 'Apple II', 'slug': 'apple-ii', 'image': None, 'year_end': None, 'year_start': None, 'games_count': 424, 'image_background': 'https://media.rawg.io/media/screenshots/3d2/3d2bb57b39e2efa39d1c385585b2ea8b.jpg'}, 'released_at': '1984-03-01', 'requirements': {}}, {'platform': {'id': 28, 'name': 'Atari 7800', 'slug': 'atari-7800', 'image': None, 'year_end': None, 'year_start': None, 'games_count': 64, 'image_background': 'https://media.rawg.io/media/screenshots/565/56504b28b184dbc630a7de118e39d822.jpg'}, 'released_at': '1984-03-01', 'requirements': {}}, {'platform': {'id': 50, 'name': 'Atari XEGS', 'slug': 'atari-xegs', 'image': None, 'year_end': None, 'year_start': None, 'games_count': 22, 'image_background': 'https://media.rawg.io/media/screenshots/769/7691726d70c23c029903df08858df001.jpg'}, 'released_at': '1984-03-01', 'requirements': {}}, {'platform': {'id': 49, 'name': 'NES', 'slug': 'nes', 'image': None, 'year_end': None, 'year_start': None, 'games_count': 1015, 'image_background': 'https://media.rawg.io/media/games/7c5/7c50dd0415eb0a57505c58d4e50e4d24.jpg'}, 'released_at': '1984-03-01', 'requirements': {}}, {'platform': {'id': 31, 'name': 'Atari 5200', 'slug': 'atari-5200', 'image': None, 'year_end': None, 'year_start': None, 'games_count': 64, 'image_background': 'https://media.rawg.io/media/screenshots/678/6786598cba3939d48ed60cbd1a3723f4.jpg'}, 'released_at': '1984-03-01', 'requirements': {}}]",[],"[{'id': 14443, 'name': 'LucasArts Entertainment', 'slug': 'lucasarts-entertainment', 'games_count': 89, 'image_background': 'https://media.rawg.io/media/screenshots/c7c/c7cec66d0ef731f891e413fc4c5dfa74.jpg'}, {'id': 13290, 'name': 'Lucasfilm', 'slug': 'lucasfilm', 'games_count': 43, 'image_background': 'https://media.rawg.io/media/screenshots/101/1015fe740ce5654eb97c9140f6da3c3e.jpg'}]","[{'id': 4, 'name': 'Action', 'slug': 'action', 'games_count': 186608, 'image_background': 'https://media.rawg.io/media/games/618/618c2031a07bbff6b4f611f10b6bcdbc.jpg'}, {'id': 15, 'name': 'Sports', 'slug': 'sports', 'games_count': 22123, 'image_background': 'https://media.rawg.io/media/games/5eb/5eb49eb2fa0738fdb5bacea557b1bc57.jpg'}]","[{'id': 31, 'name': 'Singleplayer', 'slug': 'singleplayer', 'language': 'eng', 'games_count': 238404, 'image_background': 'https://media.rawg.io/media/games/26d/26d4437715bee60138dab4a7c8c59c92.jpg'}, {'id': 7, 'name': 'Multiplayer', 'slug': 'multiplayer', 'language': 'eng', 'games_count': 40505, 'image_background': 'https://media.rawg.io/media/games/021/021c4e21a1824d2526f925eff6324653.jpg'}, {'id': 418, 'name': '2 players', 'slug': '2-players', 'language': 'eng', 'games_count': 1244, 'image_background': 'https://media.rawg.io/media/screenshots/f9a/f9ac59bb4af2ca2193ee9ffb979577cf.jpg'}]","[{'id': 10830, 'name': 'Activision Blizzard', 'slug': 'activision-blizzard', 'games_count': 691, 'image_background': 'https://media.rawg.io/media/games/445/44507fdd60a8ec02b1c3c64a293ca754.jpg'}, {'id': 1779, 'name': 'Atari', 'slug': 'atari', 'games_count': 507, 'image_background': 'https://media.rawg.io/media/games/d82/d82dbcf92ded452bf8c6fb1bbdd62e52.jpg'}, {'id': 11929, 'name': 'Epyx', 'slug': 'epyx', 'games_count': 44, 'image_background': 'https://media.rawg.io/media/screenshots/189/1890b76089fc24b04ca7ce2fc3299274.jpg'}]",,,"Ballblazer is a 1984 futuristic sports game created by Lucasfilm Games. It was originally released for the Atari 8-bit family, then ported to the Atari 5200, Apple II, ZX Spectrum, Amstrad CPC, Commodore 64, MSX. and later the Atari 7800 and the Nintendo Famicom. The game was called Ballblaster during development; pirated versions of the game went by this name as well. The principal creator and programmer of Ballblazer was David Levine.
In 1990, LucasArts and Rainbow Arts released a remake and follow-up to this game, called Masterblazer. This game was released for the Amiga, Atari ST, and MS-DOS. On March 31, 1997, a remake of the original titled Ballblazer Champions was released for the Sony PlayStation.",,7.0,3.0,2.0,1.0,,,,,,,,,,,,,,,,,0.0,,
56595,kong-strikes-back,Kong Strikes Back!,Kong Strikes Back!,"<p>Kong Strikes Back! is a video game published by Ocean Software in 1984 for the Amstrad CPC, Commodore 64 and ZX Spectrum. It is heavily inspired by Mr. Do's Wild Ride. This is one of the first games with music composed by Martin Galway.</p>",,[],1984-01-01,False,2019-08-28T22:00:24,https://media.rawg.io/media/screenshots/eaa/eaa1887f570519121b02d640e0b6dfde.jpg,https://media.rawg.io/media/screenshots/08d/08da141980490a3b0eb962ec2d1efdd0.jpg,,0.0,0,"[{'id': 5, 'title': 'exceptional', 'count': 1, 'percent': 100.0}]",12,0,9,0,1,0,0,,,,,0,0,0,0,1,307,[],,0,0,0,,1,0f0f0f,0f0f0f,"[{'platform': {'id': 10, 'name': 'Commodore / Amiga', 'slug': 'commodore-amiga'}}]","[{'platform': {'id': 166, 'name': 'Commodore / Amiga', 'slug': 'commodore-amiga', 'image': None, 'year_end': None, 'year_start': None, 'games_count': 2083, 'image_background': 'https://media.rawg.io/media/games/cce/cce8bebe861f295003f5a9fe5b11233f.jpg'}, 'released_at': '1984-01-01', 'requirements': {}}]",[],"[{'id': 14487, 'name': 'Ocean Software', 'slug': 'ocean-software', 'games_count': 55, 'image_background': 'https://media.rawg.io/media/screenshots/7b7/7b7c5b47f8977e11526b1021b9f40d67.jpg'}]",[],"[{'id': 31, 'name': 'Singleplayer', 'slug': 'singleplayer', 'language': 'eng', 'games_count': 238404, 'image_background': 'https://media.rawg.io/media/games/26d/26d4437715bee60138dab4a7c8c59c92.jpg'}]","[{'id': 11474, 'name': 'Ocean Software', 'slug': 'ocean-software', 'games_count': 106, 'image_background': 'https://media.rawg.io/media/screenshots/11b/11b13a543a0ff469af2584b8831cc43b.jpg'}]",,,"Kong Strikes Back! is a video game published by Ocean Software in 1984 for the Amstrad CPC, Commodore 64 and ZX Spectrum. It is heavily inspired by Mr. Do's Wild Ride. This is one of the first games with music composed by Martin Galway.",,5.0,2.0,3.0,2.0,,,,,,,,,,,,,,,,,0.0,,
56509,gemstone-warrior,Gemstone Warrior,Gemstone Warrior,"<p>Gemstone Warrior is an action role-playing game written by Paradigm Creators for the Apple II and published by Strategic Simulations in 1984. It is an action-adventure title set against a 2D screen with the player controlling an armored figure that they would move from area to area in search of treasure and the pieces of the stolen Gemstone. Gemstone Wariror was SSI's first game to sell over 50,000 copies in North America.</p>
<p>The game was ported to the Commodore 64, Atari 8-bit family, and Macintosh. In addition, the games were ported to several Japanese sustems. It was followed by a 1986 sequel, Gemstone Healer, also created by Paradigm.</p>",,[],1984-01-01,False,2019-08-28T22:25:57,https://media.rawg.io/media/screenshots/e49/e4993249e082aba382fb527da3126452.jpg,https://media.rawg.io/media/screenshots/c0f/c0fb38cfed0dbf5a7ba0f72fc578511b.jpg,,0.0,0,[],12,0,8,0,2,0,0,,,,,0,0,0,0,0,237,[],,0,0,0,,0,0f0f0f,0f0f0f,"[{'platform': {'id': 5, 'name': 'Apple Macintosh', 'slug': 'mac'}}, {'platform': {'id': 9, 'name': 'Atari', 'slug': 'atari'}}, {'platform': {'id': 10, 'name': 'Commodore / Amiga', 'slug': 'commodore-amiga'}}]","[{'platform': {'id': 41, 'name': 'Apple II', 'slug': 'apple-ii', 'image': None, 'year_end': None, 'year_start': None, 'games_count': 424, 'image_background': 'https://media.rawg.io/media/screenshots/3d2/3d2bb57b39e2efa39d1c385585b2ea8b.jpg'}, 'released_at': '1984-01-01', 'requirements': {}}, {'platform': {'id': 25, 'name': 'Atari 8-bit', 'slug': 'atari-8-bit', 'image': None, 'year_end': None, 'year_start': None, 'games_count': 308, 'image_background': 'https://media.rawg.io/media/screenshots/038/0385a47d3a43b218204268af5361a19e.jpg'}, 'released_at': '1984-01-01', 'requirements': {}}, {'platform': {'id': 55, 'name': 'Classic Macintosh', 'slug': 'macintosh', 'image': None, 'year_end': None, 'year_start': None, 'games_count': 675, 'image_background': 'https://media.rawg.io/media/games/38a/38af969459ad6e5de116ec8a4a84218c.jpg'}, 'released_at': '1984-01-01', 'requirements': {}}, {'platform': {'id': 166, 'name': 'Commodore / Amiga', 'slug': 'commodore-amiga', 'image': None, 'year_end': None, 'year_start': None, 'games_count': 2083, 'image_background': 'https://media.rawg.io/media/games/cce/cce8bebe861f295003f5a9fe5b11233f.jpg'}, 'released_at': '1984-01-01', 'requirements': {}}]",[],"[{'id': 27458, 'name': 'Paradigm Creators', 'slug': 'paradigm-creators', 'games_count': 2, 'image_background': 'https://media.rawg.io/media/screenshots/e49/e4993249e082aba382fb527da3126452.jpg'}]","[{'id': 3, 'name': 'Adventure', 'slug': 'adventure', 'games_count': 146481, 'image_background': 'https://media.rawg.io/media/games/b6b/b6b20bfc4b34e312dbc8aac53c95a348.jpg'}, {'id': 5, 'name': 'RPG', 'slug': 'role-playing-games-rpg', 'games_count': 59370, 'image_background': 'https://media.rawg.io/media/games/f6b/f6bed028b02369d4cab548f4f9337e81.jpg'}]","[{'id': 31, 'name': 'Singleplayer', 'slug': 'singleplayer', 'language': 'eng', 'games_count': 238404, 'image_background': 'https://media.rawg.io/media/games/26d/26d4437715bee60138dab4a7c8c59c92.jpg'}]","[{'id': 19851, 'name': 'Strategic Simulations', 'slug': 'strategic-simulations', 'games_count': 113, 'image_background': 'https://media.rawg.io/media/screenshots/55c/55cd1c62d524e51467185c94839b08c4.jpg'}]",,,"Gemstone Warrior is an action role-playing game written by Paradigm Creators for the Apple II and published by Strategic Simulations in 1984. It is an action-adventure title set against a 2D screen with the player controlling an armored figure that they would move from area to area in search of treasure and the pieces of the stolen Gemstone. Gemstone Wariror was SSI's first game to sell over 50,000 copies in North America.
The game was ported to the Commodore 64, Atari 8-bit family, and Macintosh. In addition, the games were ported to several Japanese sustems. It was followed by a 1986 sequel, Gemstone Healer, also created by Paradigm.",,5.0,2.0,4.0,1.0,,,,,,,,,,,,,,,,,0.0,,
55312,gato-1984,Gato (1984),Gato (1984),"<p>GATO is a real-time submarine simulator first published in 1984 by Spectrum HoloByte for MS-DOS. It simulates combat operations aboard the Gato-class submarine USS Growler (SS-215) in the Pacific Theater of World War II. GATO was later ported to the Apple IIe, Atari ST, and Macintosh. In 1987 Atari published a version on cartridge for the Atari 8-bit family, to coincide with the launch of the Atari XEGS.</p>",,[],1984-01-01,False,2023-02-08T10:51:42,https://media.rawg.io/media/screenshots/2c9/2c9b7760db77e2acc7d0acb4b1501d90.jpg,https://media.rawg.io/media/screenshots/454/454a548fc4d78905b35d727754599658.jpg,,0.0,0,[],12,0,10,0,2,0,0,,,,,0,0,0,0,0,231,[],,0,0,0,,0,0f0f0f,0f0f0f,"[{'platform': {'id': 1, 'name': 'PC', 'slug': 'pc'}}, {'platform': {'id': 5, 'name': 'Apple Macintosh', 'slug': 'mac'}}, {'platform': {'id': 9, 'name': 'Atari', 'slug': 'atari'}}, {'platform': {'id': 10, 'name': 'Commodore / Amiga', 'slug': 'commodore-amiga'}}]","[{'platform': {'id': 34, 'name': 'Atari ST', 'slug': 'atari-st', 'image': None, 'year_end': None, 'year_start': None, 'games_count': 836, 'image_background': 'https://media.rawg.io/media/games/637/637d7dc2f44d0f6ddd3ee2c0b1366962.jpg'}, 'released_at': '1984-01-01', 'requirements': {}}, {'platform': {'id': 41, 'name': 'Apple II', 'slug': 'apple-ii', 'image': None, 'year_end': None, 'year_start': None, 'games_count': 424, 'image_background': 'https://media.rawg.io/media/screenshots/3d2/3d2bb57b39e2efa39d1c385585b2ea8b.jpg'}, 'released_at': '1984-01-01', 'requirements': {}}, {'platform': {'id': 25, 'name': 'Atari 8-bit', 'slug': 'atari-8-bit', 'image': None, 'year_end': None, 'year_start': None, 'games_count': 308, 'image_background': 'https://media.rawg.io/media/screenshots/038/0385a47d3a43b218204268af5361a19e.jpg'}, 'released_at': '1984-01-01', 'requirements': {}}, {'platform': {'id': 55, 'name': 'Classic Macintosh', 'slug': 'macintosh', 'image': None, 'year_end': None, 'year_start': None, 'games_count': 675, 'image_background': 'https://media.rawg.io/media/games/38a/38af969459ad6e5de116ec8a4a84218c.jpg'}, 'released_at': '1984-01-01', 'requirements': {}}, {'platform': {'id': 50, 'name': 'Atari XEGS', 'slug': 'atari-xegs', 'image': None, 'year_end': None, 'year_start': None, 'games_count': 22, 'image_background': 'https://media.rawg.io/media/screenshots/769/7691726d70c23c029903df08858df001.jpg'}, 'released_at': '1984-01-01', 'requirements': {}}, {'platform': {'id': 4, 'name': 'PC', 'slug': 'pc', 'image': None, 'year_end': None, 'year_start': None, 'games_count': 547196, 'image_background': 'https://media.rawg.io/media/games/6fc/6fcf4cd3b17c288821388e6085bb0fc9.jpg'}, 'released_at': '1984-01-01', 'requirements': {}}, {'platform': {'id': 166, 'name': 'Commodore / Amiga', 'slug': 'commodore-amiga', 'image': None, 'year_end': None, 'year_start': None, 'games_count': 2083, 'image_background': 'https://media.rawg.io/media/games/cce/cce8bebe861f295003f5a9fe5b11233f.jpg'}, 'released_at': '1984-01-01', 'requirements': {}}]",[],"[{'id': 11918, 'name': 'Spectrum Holobyte', 'slug': 'spectrum-holobyte', 'games_count': 16, 'image_background': 'https://media.rawg.io/media/screenshots/3b8/3b8abab49a324c9d69fdc6792090ff8b.jpg'}, {'id': 27064, 'name': 'Xanth F/X', 'slug': 'xanth-fx-atari-8-bit', 'games_count': 1, 'image_background': 'https://media.rawg.io/media/screenshots/2c9/2c9b7760db77e2acc7d0acb4b1501d90.jpg'}]",[],"[{'id': 31, 'name': 'Singleplayer', 'slug': 'singleplayer', 'language': 'eng', 'games_count': 238404, 'image_background': 'https://media.rawg.io/media/games/26d/26d4437715bee60138dab4a7c8c59c92.jpg'}]","[{'id': 1779, 'name': 'Atari', 'slug': 'atari', 'games_count': 507, 'image_background': 'https://media.rawg.io/media/games/d82/d82dbcf92ded452bf8c6fb1bbdd62e52.jpg'}, {'id': 11891, 'name': 'Spectrum Holobyte', 'slug': 'spectrum-holobyte', 'games_count': 21, 'image_background': 'https://media.rawg.io/media/screenshots/f5d/f5d764bd8c8999bd6f4348b7f3dd6681.jpg'}]",,,"GATO is a real-time submarine simulator first published in 1984 by Spectrum HoloByte for MS-DOS. It simulates combat operations aboard the Gato-class submarine USS Growler (SS-215) in the Pacific Theater of World War II. GATO was later ported to the Apple IIe, Atari ST, and Macintosh. In 1987 Atari published a version on cartridge for the Atari 8-bit family, to coincide with the launch of the Atari XEGS.",1.0,6.0,2.0,2.0,1.0,,,,,,,,,,,,,,,,,0.0,,
56564,indiana-jones-in-the-lost-kingdom,Indiana Jones in the Lost Kingdom,Indiana Jones in the Lost Kingdom,"<p>Indiana Jones in the Lost Kingdom is a puzzle video game developed by Michael J. Hanson and published by Mindscape for the Commodore 64. The game is based on the Indiana Jones series, and was released in North America around January 1985, while a U.K. version was released in March 1985.</p>
<p>Gameplay requires the player to think like fictional archaeologist Indiana Jones to solve the puzzles of each level, as the game does not provide the player with any rules or gameplay information; the game's cover advertised, ""Nobody told Indiana Jones the rules. And no one will tell you.""</p>",,[],1984-01-01,False,2019-08-28T22:00:25,https://media.rawg.io/media/screenshots/473/4730f6e2bf909ca022b169360c6cc0ff.jpg,https://media.rawg.io/media/screenshots/cd4/cd4ddf90a3cea90c2508233205ac0fa5.jpg,,0.0,0,[],12,0,8,0,1,0,0,,,,,0,0,0,0,0,206,[],,0,0,0,,0,0f0f0f,0f0f0f,"[{'platform': {'id': 10, 'name': 'Commodore / Amiga', 'slug': 'commodore-amiga'}}]","[{'platform': {'id': 166, 'name': 'Commodore / Amiga', 'slug': 'commodore-amiga', 'image': None, 'year_end': None, 'year_start': None, 'games_count': 2083, 'image_background': 'https://media.rawg.io/media/games/cce/cce8bebe861f295003f5a9fe5b11233f.jpg'}, 'released_at': '1984-01-01', 'requirements': {}}]",[],[],"[{'id': 7, 'name': 'Puzzle', 'slug': 'puzzle', 'games_count': 97333, 'image_background': 'https://media.rawg.io/media/games/9f4/9f418898f5415668ca47b5f4ab1ecfeb.jpg'}]","[{'id': 31, 'name': 'Singleplayer', 'slug': 'singleplayer', 'language': 'eng', 'games_count': 238404, 'image_background': 'https://media.rawg.io/media/games/26d/26d4437715bee60138dab4a7c8c59c92.jpg'}, {'id': 7, 'name': 'Multiplayer', 'slug': 'multiplayer', 'language': 'eng', 'games_count': 40505, 'image_background': 'https://media.rawg.io/media/games/021/021c4e21a1824d2526f925eff6324653.jpg'}]","[{'id': 10943, 'name': 'MINDSCAPE', 'slug': 'mindscape', 'games_count': 108, 'image_background': 'https://media.rawg.io/media/screenshots/0b1/0b12ddf58af6047922a20dd0d310ad18.jpg'}]",,,"Indiana Jones in the Lost Kingdom is a puzzle video game developed by Michael J. Hanson and published by Mindscape for the Commodore 64. The game is based on the Indiana Jones series, and was released in North America around January 1985, while a U.K. version was released in March 1985.
Gameplay requires the player to think like fictional archaeologist Indiana Jones to solve the puzzles of each level, as the game does not provide the player with any rules or gameplay information; the game's cover advertised, ""Nobody told Indiana Jones the rules. And no one will tell you.""",,5.0,2.0,4.0,1.0,,,,,,,,,,,,,,,,,0.0,,
52524,frogger-ii-threeedeep,Frogger II: ThreeeDeep!,Frogger II: ThreeeDeep!,"<p>Frogger II: ThreeeDeep!  is a console and computer game released in 1984 by Parker Brothers. It is a sequel to the original Frogger arcade game from 1981 and features similar gameplay.</p>
<p>The goal of Frogger II is to maneuver each frog to a berth at the top of the screen. Once all of the berths are filled the player progresses to the next level. Unlike its predecessor, the game features three consecutive screens for each level rather than one screen per level, with berths at the top of each of the three screens that need to be filled.</p>",,[],1984-01-01,False,2019-08-28T22:26:30,https://media.rawg.io/media/screenshots/f4f/f4f971e1504adce6441500448f2709df.jpg,https://media.rawg.io/media/screenshots/7ce/7ce8f2d8df1d38a87365d9dcccf704bd.jpg,,0.0,0,"[{'id': 5, 'title': 'exceptional', 'count': 1, 'percent': 100.0}]",12,0,14,0,4,0,0,,,,,0,0,0,0,1,188,[],,0,0,0,,1,0f0f0f,0f0f0f,"[{'platform': {'id': 5, 'name': 'Apple Macintosh', 'slug': 'mac'}}, {'platform': {'id': 9, 'name': 'Atari', 'slug': 'atari'}}, {'platform': {'id': 10, 'name': 'Commodore / Amiga', 'slug': 'commodore-amiga'}}]","[{'platform': {'id': 41, 'name': 'Apple II', 'slug': 'apple-ii', 'image': None, 'year_end': None, 'year_start': None, 'games_count': 424, 'image_background': 'https://media.rawg.io/media/screenshots/3d2/3d2bb57b39e2efa39d1c385585b2ea8b.jpg'}, 'released_at': '1984-01-01', 'requirements': {}}, {'platform': {'id': 25, 'name': 'Atari 8-bit', 'slug': 'atari-8-bit', 'image': None, 'year_end': None, 'year_start': None, 'games_count': 308, 'image_background': 'https://media.rawg.io/media/screenshots/038/0385a47d3a43b218204268af5361a19e.jpg'}, 'released_at': '1984-01-01', 'requirements': {}}, {'platform': {'id': 31, 'name': 'Atari 5200', 'slug': 'atari-5200', 'image': None, 'year_end': None, 'year_start': None, 'games_count': 64, 'image_background': 'https://media.rawg.io/media/screenshots/678/6786598cba3939d48ed60cbd1a3723f4.jpg'}, 'released_at': '1984-01-01', 'requirements': {}}, {'platform': {'id': 23, 'name': 'Atari 2600', 'slug': 'atari-2600', 'image': None, 'year_end': None, 'year_start': None, 'games_count': 294, 'image_background': 'https://media.rawg.io/media/screenshots/ff6/ff623993a854663931c1e78d72a16a5a.jpg'}, 'released_at': '1984-01-01', 'requirements': {}}, {'platform': {'id': 166, 'name': 'Commodore / Amiga', 'slug': 'commodore-amiga', 'image': None, 'year_end': None, 'year_start': None, 'games_count': 2083, 'image_background': 'https://media.rawg.io/media/games/cce/cce8bebe861f295003f5a9fe5b11233f.jpg'}, 'released_at': '1984-01-01', 'requirements': {}}]",[],"[{'id': 25978, 'name': 'Parker Brothers', 'slug': 'parker-brothers', 'games_count': 7, 'image_background': 'https://media.rawg.io/media/screenshots/b4d/b4d6b718197121e14efa7dc796f532ac.jpg'}]","[{'id': 4, 'name': 'Action', 'slug': 'action', 'games_count': 186608, 'image_background': 'https://media.rawg.io/media/games/618/618c2031a07bbff6b4f611f10b6bcdbc.jpg'}]","[{'id': 31, 'name': 'Singleplayer', 'slug': 'singleplayer', 'language': 'eng', 'games_count': 238404, 'image_background': 'https://media.rawg.io/media/games/26d/26d4437715bee60138dab4a7c8c59c92.jpg'}, {'id': 7, 'name': 'Multiplayer', 'slug': 'multiplayer', 'language': 'eng', 'games_count': 40505, 'image_background': 'https://media.rawg.io/media/games/021/021c4e21a1824d2526f925eff6324653.jpg'}]","[{'id': 3408, 'name': 'SEGA', 'slug': 'sega-2', 'games_count': 1262, 'image_background': 'https://media.rawg.io/media/games/be9/be9cf02720c9326e11d0fda14518554f.jpg'}, {'id': 19460, 'name': 'Parker Brothers', 'slug': 'parker-brothers', 'games_count': 19, 'image_background': 'https://media.rawg.io/media/screenshots/c06/c06937e1c4e9a46874dcf2223de70593.jpg'}]",,,"Frogger II: ThreeeDeep!  is a console and computer game released in 1984 by Parker Brothers. It is a sequel to the original Frogger arcade game from 1981 and features similar gameplay.
The goal of Frogger II is to maneuver each frog to a berth at the top of the screen. Once all of the berths are filled the player progresses to the next level. Unlike its predecessor, the game features three consecutive screens for each level rather than one screen per level, with berths at the top of each of the three screens that need to be filled.",,7.0,2.0,2.0,1.0,,,,,,,,,,,,,,,,,0.0,,
34302,flightmare,Flightmare,Flightmare,"Embark on a thrilling journey in our exciting horror game set on a doomed, aerial nightmare; you're trapped on a hijacked plane where an eerie terror lurks in the shadows. With all the other passengers mysteriously dead, your only hope is to unravel the creepy mysteries of the aircraft and avoid the threat . Will you be able to escape the impending disaster or become another victim in this harrowing race against time?",,[],1984-01-01,False,2023-10-13T03:57:32,https://media.rawg.io/media/screenshots/a69/a6914a63a4b5355d0d35346a20fc57b9_7GqXjp7.jpg,https://media.rawg.io/media/screenshots/bb9/bb9bae8dd8ae0c84ded6d717c5471b53.jpg,,0.0,0,[],12,0,3,0,0,0,0,,,,,0,0,0,0,0,52,[],,0,0,0,,0,0f0f0f,0f0f0f,"[{'platform': {'id': 1, 'name': 'PC', 'slug': 'pc'}}]","[{'platform': {'id': 4, 'name': 'PC', 'slug': 'pc', 'image': None, 'year_end': None, 'year_start': None, 'games_count': 547196, 'image_background': 'https://media.rawg.io/media/games/6fc/6fcf4cd3b17c288821388e6085bb0fc9.jpg'}, 'released_at': '2023-10-10', 'requirements': {'minimum': 'Minimum:\nOS: Windows 10\nMemory: 12 MB RAM\nDirectX: Version 11\nStorage: 5 GB available space', 'recommended': 'Recommended:\nOS: Windows 10\nProcessor: AMD RYZEN 7 2700X\nMemory: 16 MB RAM\nGraphics: NVIDIA GEFORCE RTX 2060 SUPER\nDirectX: Version 12\nStorage: 5 GB available space'}}]","[{'id': 967077, 'url': '', 'store': {'id': 1, 'name': 'Steam', 'slug': 'steam', 'domain': 'store.steampowered.com', 'games_count': 110181, 'image_background': 'https://media.rawg.io/media/games/7fa/7fa0b586293c5861ee32490e953a4996.jpg'}}]","[{'id': 16620, 'name': 'Peter Adams', 'slug': 'peter-adams', 'games_count': 1, 'image_background': 'https://media.rawg.io/media/screenshots/a69/a6914a63a4b5355d0d35346a20fc57b9_7GqXjp7.jpg'}, {'id': 444502, 'name': 'Van Studios', 'slug': 'van-studios', 'games_count': 1, 'image_background': 'https://media.rawg.io/media/screenshots/a69/a6914a63a4b5355d0d35346a20fc57b9_7GqXjp7.jpg'}]","[{'id': 4, 'name': 'Action', 'slug': 'action', 'games_count': 186608, 'image_background': 'https://media.rawg.io/media/games/618/618c2031a07bbff6b4f611f10b6bcdbc.jpg'}, {'id': 3, 'name': 'Adventure', 'slug': 'adventure', 'games_count': 146481, 'image_background': 'https://media.rawg.io/media/games/b6b/b6b20bfc4b34e312dbc8aac53c95a348.jpg'}, {'id': 11, 'name': 'Arcade', 'slug': 'arcade', 'games_count': 22658, 'image_background': 'https://media.rawg.io/media/games/556/556157feed9ee1f55f2b12b2973e30a3.jpg'}, {'id': 51, 'name': 'Indie', 'slug': 'indie', 'games_count': 76957, 'image_background': 'https://media.rawg.io/media/games/dd5/dd50d4266915d56dd5b63ae1bf72606a.jpg'}]","[{'id': 31, 'name': 'Singleplayer', 'slug': 'singleplayer', 'language': 'eng', 'games_count': 238404, 'image_background': 'https://media.rawg.io/media/games/26d/26d4437715bee60138dab4a7c8c59c92.jpg'}, {'id': 13, 'name': 'Atmospheric', 'slug': 'atmospheric', 'language': 'eng', 'games_count': 36707, 'image_background': 'https://media.rawg.io/media/games/b7d/b7d3f1715fa8381a4e780173a197a615.jpg'}, {'id': 8, 'name': 'First-Person', 'slug': 'first-person', 'language': 'eng', 'games_count': 34702, 'image_background': 'https://media.rawg.io/media/games/8e4/8e4de3f54ac659e08a7ba6a2b731682a.jpg'}, {'id': 16, 'name': 'Horror', 'slug': 'horror', 'language': 'eng', 'games_count': 46987, 'image_background': 'https://media.rawg.io/media/games/942/9424d6bb763dc38d9378b488603c87fa.jpg'}, {'id': 26, 'name': 'Gore', 'slug': 'gore', 'language': 'eng', 'games_count': 6188, 'image_background': 'https://media.rawg.io/media/games/9dd/9ddabb34840ea9227556670606cf8ea3.jpg'}, {'id': 6, 'name': 'Exploration', 'slug': 'exploration', 'language': 'eng', 'games_count': 26374, 'image_background': 'https://media.rawg.io/media/games/511/5118aff5091cb3efec399c808f8c598f.jpg'}, {'id': 34, 'name': 'Violent', 'slug': 'violent', 'language': 'eng', 'games_count': 7269, 'image_background': 'https://media.rawg.io/media/games/5fa/5fae5fec3c943179e09da67a4427d68f.jpg'}, {'id': 79, 'name': 'Free to Play', 'slug': 'free-to-play', 'language': 'eng', 'games_count': 8488, 'image_background': 'https://media.rawg.io/media/games/efd/efd6b2cb621c41a2b6580d8ac260b8ba.jpg'}, {'id': 15, 'name': 'Stealth', 'slug': 'stealth', 'language': 'eng', 'games_count': 6736, 'image_background': 'https://media.rawg.io/media/games/310/3106b0e012271c5ffb16497b070be739.jpg'}, {'id': 69, 'name': 'Action-Adventure', 'slug': 'action-adventure', 'language': 'eng', 'games_count': 19010, 'image_background': 'https://media.rawg.io/media/games/849/849414b978db37d4563ff9e4b0d3a787.jpg'}, {'id': 571, 'name': '3D', 'slug': '3d', 'language': 'eng', 'games_count': 89061, 'image_background': 'https://media.rawg.io/media/games/acc/acc3de7aaa850ad998d49b15f8901e23.jpg'}, {'id': 140, 'name': 'Hidden Object', 'slug': 'hidden-object', 'language': 'eng', 'games_count': 4807, 'image_background': 'https://media.rawg.io/media/screenshots/f77/f77b685304e3c05087aed1d18a7b667f.jpg'}]","[{'id': 12810, 'name': 'Peter Adams', 'slug': 'peter-adams', 'games_count': 1, 'image_background': 'https://media.rawg.io/media/screenshots/a69/a6914a63a4b5355d0d35346a20fc57b9_7GqXjp7.jpg'}, {'id': 68419, 'name': 'Van Studios', 'slug': 'van-studios', 'games_count': 1, 'image_background': 'https://media.rawg.io/media/screenshots/a69/a6914a63a4b5355d0d35346a20fc57b9_7GqXjp7.jpg'}]",,,"Embark on a thrilling journey in our exciting horror game set on a doomed, aerial nightmare; you're trapped on a hijacked plane where an eerie terror lurks in the shadows. With all the other passengers mysteriously dead, your only hope is to unravel the creepy mysteries of the aircraft and avoid the threat . Will you be able to escape the impending disaster or become another victim in this harrowing race against time?",2.0,5.0,2.0,2.0,1.0,,,,,,,,,,,,,,,,,0.0,,
56367,bozos-night-out,Bozo's Night Out,Bozo's Night Out,"<p>Bozo's Night Out is an action computer game developed and published by Taskset Ltd. in 1984 for the Commodore 64. The game centers on Bozo, a drunkard trying to get home safely after spending a night at a bar.</p>",,[],1984-01-01,False,2019-08-28T22:00:31,https://media.rawg.io/media/screenshots/fc5/fc56c81d0d9a60377d2973dd47086483.jpg,https://media.rawg.io/media/screenshots/b05/b0513268ff76301fb93b66112110ebdd.jpg,,0.0,0,[],12,0,6,0,1,0,0,,,,,0,0,0,0,0,144,[],,0,0,0,,0,0f0f0f,0f0f0f,"[{'platform': {'id': 10, 'name': 'Commodore / Amiga', 'slug': 'commodore-amiga'}}]","[{'platform': {'id': 166, 'name': 'Commodore / Amiga', 'slug': 'commodore-amiga', 'image': None, 'year_end': None, 'year_start': None, 'games_count': 2083, 'image_background': 'https://media.rawg.io/media/games/cce/cce8bebe861f295003f5a9fe5b11233f.jpg'}, 'released_at': '1984-01-01', 'requirements': {}}]",[],"[{'id': 27578, 'name': 'Taskset', 'slug': 'taskset', 'games_count': 1, 'image_background': 'https://media.rawg.io/media/screenshots/a66/a667bbfeb01e23bedc1e6a0eb9774770.jpg'}]","[{'id': 4, 'name': 'Action', 'slug': 'action', 'games_count': 186608, 'image_background': 'https://media.rawg.io/media/games/618/618c2031a07bbff6b4f611f10b6bcdbc.jpg'}]","[{'id': 31, 'name': 'Singleplayer', 'slug': 'singleplayer', 'language': 'eng', 'games_count': 238404, 'image_background': 'https://media.rawg.io/media/games/26d/26d4437715bee60138dab4a7c8c59c92.jpg'}]","[{'id': 20619, 'name': 'Taskset', 'slug': 'taskset', 'games_count': 1, 'image_background': 'https://media.rawg.io/media/screenshots/d73/d73529d58f80719c7b0bef2ef3050eca.jpg'}]",,,"Bozo's Night Out is an action computer game developed and published by Taskset Ltd. in 1984 for the Commodore 64. The game centers on Bozo, a drunkard trying to get home safely after spending a night at a bar.",,6.0,2.0,3.0,1.0,,,,,,,,,,,,,,,,,0.0,,
30053,seastalker,Seastalker,Seastalker,"<p>Seastalker is an adventure game developed by Infocom. It came out on 01-01-1984. Infocom published the game. Most rawgers rated the game as ""Exceptional"". <br>Seastalker is available on Atari ST, Atari 8-bit, Classic Macintosh and Commodore / Amiga. </p>

<p></p>",,[],1984-01-01,False,2023-02-08T10:51:40,https://media.rawg.io/media/screenshots/18e/18e6b5a467b1de336fcf54a1efaced17.jpg,https://media.rawg.io/media/screenshots/9f9/9f961e58b141101527a9807d041bd1eb.jpg,,0.0,0,"[{'id': 5, 'title': 'exceptional', 'count': 1, 'percent': 100.0}]",12,0,4,0,2,0,0,,,,,0,0,0,0,1,53,[],,0,0,0,,1,0f0f0f,0f0f0f,"[{'platform': {'id': 1, 'name': 'PC', 'slug': 'pc'}}, {'platform': {'id': 5, 'name': 'Apple Macintosh', 'slug': 'mac'}}, {'platform': {'id': 9, 'name': 'Atari', 'slug': 'atari'}}, {'platform': {'id': 10, 'name': 'Commodore / Amiga', 'slug': 'commodore-amiga'}}]","[{'platform': {'id': 34, 'name': 'Atari ST', 'slug': 'atari-st', 'image': None, 'year_end': None, 'year_start': None, 'games_count': 836, 'image_background': 'https://media.rawg.io/media/games/637/637d7dc2f44d0f6ddd3ee2c0b1366962.jpg'}, 'released_at': '1984-05-01', 'requirements': {}}, {'platform': {'id': 25, 'name': 'Atari 8-bit', 'slug': 'atari-8-bit', 'image': None, 'year_end': None, 'year_start': None, 'games_count': 308, 'image_background': 'https://media.rawg.io/media/screenshots/038/0385a47d3a43b218204268af5361a19e.jpg'}, 'released_at': '1984-05-01', 'requirements': {}}, {'platform': {'id': 55, 'name': 'Classic Macintosh', 'slug': 'macintosh', 'image': None, 'year_end': None, 'year_start': None, 'games_count': 675, 'image_background': 'https://media.rawg.io/media/games/38a/38af969459ad6e5de116ec8a4a84218c.jpg'}, 'released_at': '1984-05-01', 'requirements': {}}, {'platform': {'id': 166, 'name': 'Commodore / Amiga', 'slug': 'commodore-amiga', 'image': None, 'year_end': None, 'year_start': None, 'games_count': 2083, 'image_background': 'https://media.rawg.io/media/games/cce/cce8bebe861f295003f5a9fe5b11233f.jpg'}, 'released_at': '1984-05-01', 'requirements': {}}, {'platform': {'id': 41, 'name': 'Apple II', 'slug': 'apple-ii', 'image': None, 'year_end': None, 'year_start': None, 'games_count': 424, 'image_background': 'https://media.rawg.io/media/screenshots/3d2/3d2bb57b39e2efa39d1c385585b2ea8b.jpg'}, 'released_at': '1984-05-01', 'requirements': {}}, {'platform': {'id': 4, 'name': 'PC', 'slug': 'pc', 'image': None, 'year_end': None, 'year_start': None, 'games_count': 547196, 'image_background': 'https://media.rawg.io/media/games/6fc/6fcf4cd3b17c288821388e6085bb0fc9.jpg'}, 'released_at': '1984-01-01', 'requirements': {}}]",[],"[{'id': 12929, 'name': 'Infocom', 'slug': 'infocom', 'games_count': 48, 'image_background': 'https://media.rawg.io/media/screenshots/782/7822ae77e839fa2db05cd53d08225dd8.jpg'}]","[{'id': 3, 'name': 'Adventure', 'slug': 'adventure', 'games_count': 146481, 'image_background': 'https://media.rawg.io/media/games/b6b/b6b20bfc4b34e312dbc8aac53c95a348.jpg'}]","[{'id': 31, 'name': 'Singleplayer', 'slug': 'singleplayer', 'language': 'eng', 'games_count': 238404, 'image_background': 'https://media.rawg.io/media/games/26d/26d4437715bee60138dab4a7c8c59c92.jpg'}]","[{'id': 11435, 'name': 'Infocom', 'slug': 'infocom', 'games_count': 45, 'image_background': 'https://media.rawg.io/media/screenshots/3d4/3d4094f02e71cb3439ab3c8af62809c0.jpg'}]",,,,1.0,6.0,2.0,2.0,1.0,,,,,,,,,,,,,,,,,0.0,,
56869,underwurlde,Underwurlde,Underwurlde,"<p>Underwurlde is a 1984 action-adventure platform video game in the Sabreman series by Ultimate Play the Game for the ZX Spectrum and Commodore 64. The player controls the adventurer Sabreman as he jumps between platforms in a castle and its underground caverns to find an escape past the exit guardians. Underwurlde features about 600 flip screen areas. Unlike other games of its time, Sabreman is not injured when touched by enemies and is instead knocked backwards. Underwurlde is the second game in the series, between Sabre Wulf and Knight Lore, and released alongside the latter for the ZX Spectrum during Christmas in 1984. Another developer, Firebird, ported the game to the Commodore 64 the next year.</p>
<p>Reviewers recommended the original ZX Spectrum Underwurlde release. They noted its expansive game world and appreciated the parts where Sabreman travelled by bubble. Later critics commented on the game's frustrating difficulty. While the Commodore 64 version was similar to the original, reviews were mixed—one critic thought the title had aged poorly in the year between releases. Your Sinclair placed Underwurlde within its top 20 for the ZX Spectrum, though their readers put it near the bottom of their top 100. The game was later included in Rare's 2015 Xbox One retrospective compilation, Rare Replay.</p>",,[],1984-01-01,False,2019-08-28T22:00:15,https://media.rawg.io/media/screenshots/9db/9db61f18075a7ae8d5431775ecdaedf9.jpg,https://media.rawg.io/media/screenshots/fb6/fb6abd0d20eeee9bd0a96dbfbe800e55.jpg,,0.0,0,[],12,0,8,0,0,0,0,,,,,0,0,0,0,0,211,[],,0,0,0,,0,0f0f0f,0f0f0f,"[{'platform': {'id': 10, 'name': 'Commodore / Amiga', 'slug': 'commodore-amiga'}}]","[{'platform': {'id': 166, 'name': 'Commodore / Amiga', 'slug': 'commodore-amiga', 'image': None, 'year_end': None, 'year_start': None, 'games_count': 2083, 'image_background': 'https://media.rawg.io/media/games/cce/cce8bebe861f295003f5a9fe5b11233f.jpg'}, 'released_at': '1984-01-01', 'requirements': {}}]",[],"[{'id': 27399, 'name': 'Ultimate Play the Game', 'slug': 'ultimate-play-the-game', 'games_count': 8, 'image_background': 'https://media.rawg.io/media/screenshots/7a5/7a5a2fc9e2813ff30471f86d5378e1eb.jpg'}, {'id': 27539, 'name': 'Tim and Chris Stamper', 'slug': 'tim-and-chris-stamper', 'games_count': 3, 'image_background': 'https://media.rawg.io/media/screenshots/755/755603050ea9c7354c498a543da502a1.jpg'}]",[],"[{'id': 31, 'name': 'Singleplayer', 'slug': 'singleplayer', 'language': 'eng', 'games_count': 238404, 'image_background': 'https://media.rawg.io/media/games/26d/26d4437715bee60138dab4a7c8c59c92.jpg'}]","[{'id': 20498, 'name': 'Ultimate Play the Game', 'slug': 'ultimate-play-the-game', 'games_count': 10, 'image_background': 'https://media.rawg.io/media/screenshots/94c/94c89990622d31e83712bd454b7c563a.jpg'}]",,,"Underwurlde is a 1984 action-adventure platform video game in the Sabreman series by Ultimate Play the Game for the ZX Spectrum and Commodore 64. The player controls the adventurer Sabreman as he jumps between platforms in a castle and its underground caverns to find an escape past the exit guardians. Underwurlde features about 600 flip screen areas. Unlike other games of its time, Sabreman is not injured when touched by enemies and is instead knocked backwards. Underwurlde is the second game in the series, between Sabre Wulf and Knight Lore, and released alongside the latter for the ZX Spectrum during Christmas in 1984. Another developer, Firebird, ported the game to the Commodore 64 the next year.
Reviewers recommended the original ZX Spectrum Underwurlde release. They noted its expansive game world and appreciated the parts where Sabreman travelled by bubble. Later critics commented on the game's frustrating difficulty. While the Commodore 64 version was similar to the original, reviews were mixed—one critic thought the title had aged poorly in the year between releases. Your Sinclair placed Underwurlde within its top 20 for the ZX Spectrum, though their readers put it near the bottom of their top 100. The game was later included in Rare's 2015 Xbox One retrospective compilation, Rare Replay.",,7.0,2.0,2.0,1.0,,,,,,,,,,,,,,,,,0.0,,
56848,tir-na-nog,Tir Na Nog,Tir Na Nog,"<p>Tir Na Nog is a video game published in 1984 by Gargoyle Games for the ZX Spectrum and Amstrad CPC. It was ported to the Commodore 64 in 1985. It is loosely based on Celtic mythology.</p>
<p>The game was widely positively received by the gaming media. The game forms part of an unofficial trilogy with the science fiction title Marsport and Dun Darach. Dun Darach is a direct continuation of the Cuchulainn storyline, whereas Marsport shares only the game engine.</p>
<p>The game has many features that were groundbreaking in 1984 such as a large central character, animated backgrounds and parallax scrolling.</p>
<p>Psygnosis Software planned to release a PC remake of the game, helmed by the game's original creators Greg Follis and Roy Carter, in June 1995. However, though near completion, the project was canceled.</p>",,[],1984-01-01,False,2019-08-28T22:00:16,https://media.rawg.io/media/screenshots/873/873e6b845a9145268e48682bb52bbafb.jpg,https://media.rawg.io/media/screenshots/f8c/f8c9a5bb78b81b374fafa22fcb59f96a.jpg,,0.0,0,[],12,0,7,0,0,0,0,,,,,0,0,0,0,0,106,[],,0,0,0,,0,0f0f0f,0f0f0f,"[{'platform': {'id': 10, 'name': 'Commodore / Amiga', 'slug': 'commodore-amiga'}}]","[{'platform': {'id': 166, 'name': 'Commodore / Amiga', 'slug': 'commodore-amiga', 'image': None, 'year_end': None, 'year_start': None, 'games_count': 2083, 'image_background': 'https://media.rawg.io/media/games/cce/cce8bebe861f295003f5a9fe5b11233f.jpg'}, 'released_at': '1984-01-01', 'requirements': {}}]",[],"[{'id': 27624, 'name': 'Roy Carter', 'slug': 'roy-carter', 'games_count': 1, 'image_background': 'https://media.rawg.io/media/screenshots/873/873e6b845a9145268e48682bb52bbafb.jpg'}, {'id': 27625, 'name': 'Greg Follis', 'slug': 'greg-follis', 'games_count': 1, 'image_background': 'https://media.rawg.io/media/screenshots/873/873e6b845a9145268e48682bb52bbafb.jpg'}]",[],"[{'id': 31, 'name': 'Singleplayer', 'slug': 'singleplayer', 'language': 'eng', 'games_count': 238404, 'image_background': 'https://media.rawg.io/media/games/26d/26d4437715bee60138dab4a7c8c59c92.jpg'}]","[{'id': 20625, 'name': 'Gargoyle Games', 'slug': 'gargoyle-games', 'games_count': 1, 'image_background': 'https://media.rawg.io/media/screenshots/873/873e6b845a9145268e48682bb52bbafb.jpg'}]",,,"Tir Na Nog is a video game published in 1984 by Gargoyle Games for the ZX Spectrum and Amstrad CPC. It was ported to the Commodore 64 in 1985. It is loosely based on Celtic mythology.
The game was widely positively received by the gaming media. The game forms part of an unofficial trilogy with the science fiction title Marsport and Dun Darach. Dun Darach is a direct continuation of the Cuchulainn storyline, whereas Marsport shares only the game engine.
The game has many features that were groundbreaking in 1984 such as a large central character, animated backgrounds and parallax scrolling.
Psygnosis Software planned to release a PC remake of the game, helmed by the game's original creators Greg Follis and Roy Carter, in June 1995. However, though near completion, the project was canceled.",,6.0,2.0,3.0,1.0,,,,,,,,,,,,,,,,,0.0,,
34492,the-dam-busters,The Dam Busters,The Dam Busters,"<p>The Dam Busters is an arcade game developed by Sydney Development. It was originally released in 1984. Accolade published the game. Most rawgers rated the game as ""Exceptional"". <br>The Dam Busters is available on Apple II, Commodore / Amiga and PC. </p>

<p></p>",,[],1984-01-01,False,2023-02-08T10:51:38,https://media.rawg.io/media/screenshots/b7e/b7ec4bf8f7777d51dbe5d6720011264b.jpg,https://media.rawg.io/media/screenshots/c1c/c1cb5dbf4e087264eb3a71f0f95c80fa.jpg,,0.0,0,"[{'id': 5, 'title': 'exceptional', 'count': 1, 'percent': 100.0}]",12,0,4,0,1,0,0,,,,,0,0,0,0,1,105,[],,0,0,0,,1,0f0f0f,0f0f0f,"[{'platform': {'id': 1, 'name': 'PC', 'slug': 'pc'}}, {'platform': {'id': 5, 'name': 'Apple Macintosh', 'slug': 'mac'}}, {'platform': {'id': 10, 'name': 'Commodore / Amiga', 'slug': 'commodore-amiga'}}]","[{'platform': {'id': 41, 'name': 'Apple II', 'slug': 'apple-ii', 'image': None, 'year_end': None, 'year_start': None, 'games_count': 424, 'image_background': 'https://media.rawg.io/media/screenshots/3d2/3d2bb57b39e2efa39d1c385585b2ea8b.jpg'}, 'released_at': '1984-01-01', 'requirements': {}}, {'platform': {'id': 166, 'name': 'Commodore / Amiga', 'slug': 'commodore-amiga', 'image': None, 'year_end': None, 'year_start': None, 'games_count': 2083, 'image_background': 'https://media.rawg.io/media/games/cce/cce8bebe861f295003f5a9fe5b11233f.jpg'}, 'released_at': '1984-01-01', 'requirements': {}}, {'platform': {'id': 4, 'name': 'PC', 'slug': 'pc', 'image': None, 'year_end': None, 'year_start': None, 'games_count': 547196, 'image_background': 'https://media.rawg.io/media/games/6fc/6fcf4cd3b17c288821388e6085bb0fc9.jpg'}, 'released_at': '1985-01-01', 'requirements': {}}]",[],"[{'id': 27383, 'name': 'Sydney Development', 'slug': 'sydney-development', 'games_count': 3, 'image_background': 'https://media.rawg.io/media/screenshots/33d/33dd26c542fa1990e23853e42c6b9648.jpg'}]","[{'id': 11, 'name': 'Arcade', 'slug': 'arcade', 'games_count': 22658, 'image_background': 'https://media.rawg.io/media/games/556/556157feed9ee1f55f2b12b2973e30a3.jpg'}]","[{'id': 31, 'name': 'Singleplayer', 'slug': 'singleplayer', 'language': 'eng', 'games_count': 238404, 'image_background': 'https://media.rawg.io/media/games/26d/26d4437715bee60138dab4a7c8c59c92.jpg'}]","[{'id': 11527, 'name': 'U.S. Gold', 'slug': 'us-gold-2', 'games_count': 95, 'image_background': 'https://media.rawg.io/media/games/eaa/eaa94a1203b9b8fdf5b01575c9e91591.jpg'}, {'id': 11540, 'name': 'Accolade', 'slug': 'accolade', 'games_count': 86, 'image_background': 'https://media.rawg.io/media/screenshots/d86/d86266847b2b502a7c22d3c67307626d.jpg'}, {'id': 20520, 'name': 'Apollo Technica', 'slug': 'apollo-technica-nec', 'games_count': 2, 'image_background': 'https://media.rawg.io/media/screenshots/b7e/b7ec4bf8f7777d51dbe5d6720011264b.jpg'}, {'id': 19465, 'name': 'Coleco', 'slug': 'coleco', 'games_count': 6, 'image_background': 'https://media.rawg.io/media/screenshots/613/613e9e31c18f53a871d305befcda4151.jpg'}]",,,,1.0,6.0,3.0,1.0,1.0,,,,,,,,,,,,,,,,,0.0,,
58017,3d-silicon-fish,3D Silicon Fish,3D Silicon Fish,<p>3D Silicon Fish is a 1984 computer game for the Commodore VIC-20. It was developed in the United Kingdom.</p>,,[],1984-01-01,False,2019-08-28T22:25:46,https://media.rawg.io/media/screenshots/3d9/3d9f7320b9a76f2cbbe5494044f77c3e.jpg,https://media.rawg.io/media/screenshots/d13/d1312e6b861fd3ed6554b1ccf648b0d8.jpg,,0.0,0,[],12,0,8,0,0,0,0,,,,,0,0,0,0,0,131,[],,0,0,0,,0,0f0f0f,0f0f0f,"[{'platform': {'id': 10, 'name': 'Commodore / Amiga', 'slug': 'commodore-amiga'}}]","[{'platform': {'id': 166, 'name': 'Commodore / Amiga', 'slug': 'commodore-amiga', 'image': None, 'year_end': None, 'year_start': None, 'games_count': 2083, 'image_background': 'https://media.rawg.io/media/games/cce/cce8bebe861f295003f5a9fe5b11233f.jpg'}, 'released_at': '1984-01-01', 'requirements': {}}]",[],"[{'id': 656, 'name': 'Atari', 'slug': 'atari', 'games_count': 137, 'image_background': 'https://media.rawg.io/media/games/0d2/0d2d6f345cd77639d65a235cb7dd0a21.jpg'}]",[],"[{'id': 31, 'name': 'Singleplayer', 'slug': 'singleplayer', 'language': 'eng', 'games_count': 238404, 'image_background': 'https://media.rawg.io/media/games/26d/26d4437715bee60138dab4a7c8c59c92.jpg'}]","[{'id': 20480, 'name': 'Thor Computer Software', 'slug': 'thor-computer-software', 'games_count': 2, 'image_background': 'https://media.rawg.io/media/screenshots/3d9/3d9f7320b9a76f2cbbe5494044f77c3e.jpg'}]",,,3D Silicon Fish is a 1984 computer game for the Commodore VIC-20. It was developed in the United Kingdom.,,6.0,3.0,2.0,1.0,,,,,,,,,,,,,,,,,0.0,,
56417,dallas-quest,Dallas Quest,Dallas Quest,"<p>The Dallas Quest is an adventure programmed by Steve Bjork, James Garon and others, and published by Datasoft for the Tandy Color Computer, Commodore 64 computer in 1984. It is based on the television series Dallas. There was also a version for the Apple IIe and Atari 8-bit home computers as well as the TRS-80 Color Computer.</p>",,[],1984-01-01,False,2019-08-28T22:00:30,https://media.rawg.io/media/screenshots/fe4/fe42f195cefb31314e9ac3ad98af69ee.jpg,https://media.rawg.io/media/screenshots/7e3/7e3856dc959646bbb3d5425d342df985.jpg,,0.0,0,[],12,0,8,0,6,0,0,,,,,0,0,0,0,0,177,[],,0,0,0,,0,0f0f0f,0f0f0f,"[{'platform': {'id': 5, 'name': 'Apple Macintosh', 'slug': 'mac'}}, {'platform': {'id': 9, 'name': 'Atari', 'slug': 'atari'}}, {'platform': {'id': 10, 'name': 'Commodore / Amiga', 'slug': 'commodore-amiga'}}]","[{'platform': {'id': 166, 'name': 'Commodore / Amiga', 'slug': 'commodore-amiga', 'image': None, 'year_end': None, 'year_start': None, 'games_count': 2083, 'image_background': 'https://media.rawg.io/media/games/cce/cce8bebe861f295003f5a9fe5b11233f.jpg'}, 'released_at': '1984-01-01', 'requirements': {}}, {'platform': {'id': 25, 'name': 'Atari 8-bit', 'slug': 'atari-8-bit', 'image': None, 'year_end': None, 'year_start': None, 'games_count': 308, 'image_background': 'https://media.rawg.io/media/screenshots/038/0385a47d3a43b218204268af5361a19e.jpg'}, 'released_at': '1984-01-01', 'requirements': {}}, {'platform': {'id': 41, 'name': 'Apple II', 'slug': 'apple-ii', 'image': None, 'year_end': None, 'year_start': None, 'games_count': 424, 'image_background': 'https://media.rawg.io/media/screenshots/3d2/3d2bb57b39e2efa39d1c385585b2ea8b.jpg'}, 'released_at': '1984-01-01', 'requirements': {}}]",[],"[{'id': 15600, 'name': 'Datasoft', 'slug': 'datasoft', 'games_count': 6, 'image_background': 'https://media.rawg.io/media/screenshots/2ca/2caee4c3c5124729d6abb81446763c47.jpg'}]","[{'id': 3, 'name': 'Adventure', 'slug': 'adventure', 'games_count': 146481, 'image_background': 'https://media.rawg.io/media/games/b6b/b6b20bfc4b34e312dbc8aac53c95a348.jpg'}]","[{'id': 31, 'name': 'Singleplayer', 'slug': 'singleplayer', 'language': 'eng', 'games_count': 238404, 'image_background': 'https://media.rawg.io/media/games/26d/26d4437715bee60138dab4a7c8c59c92.jpg'}]","[{'id': 12080, 'name': 'Datasoft', 'slug': 'datasoft', 'games_count': 12, 'image_background': 'https://media.rawg.io/media/screenshots/665/665977c11192ad3c09a1cda9aaa1272f.jpg'}]",,,"The Dallas Quest is an adventure programmed by Steve Bjork, James Garon and others, and published by Datasoft for the Tandy Color Computer, Commodore 64 computer in 1984. It is based on the television series Dallas. There was also a version for the Apple IIe and Atari 8-bit home computers as well as the TRS-80 Color Computer.",,7.0,2.0,2.0,1.0,,,,,,,,,,,,,,,,,0.0,,
56363,bosconian,Bosconian,Bosconian,"<p>Bosconian (ボスコニアン, Bosukonian) is a multi-directional scrolling shooter arcade game which was developed and released by Namco in Japan in 1981. In North America, it was manufactured and distributed by Midway Games.</p>
<p>Bosconian allows the player's ship to freely roam across open space which scrolls in all directions. The game also has a radar, which tracks the position of the player's ship, the formation attacks, and the space stations.</p>
<p>It uses Namco Galaga hardware, but with a video system like that used in Rally-X.</p>
<p>A sequel game, Blast Off, was released in 1989 in Japan only; it runs on Namco System 1 hardware and bears more resemblance to Namco's own Dragon Spirit than Bosconian. A related title, Final Blaster, was released in 1990 for the PC-Engine in Japan only, and featured gameplay very akin to Blast Off.</p>",,[],1984-07-14,False,2019-08-28T22:00:31,https://media.rawg.io/media/screenshots/acc/acc54b97f7e1a0f6cf4d5c9e0aa94b6d.jpg,https://media.rawg.io/media/screenshots/5bd/5bdb950fe63f48417080cff2ce2bf73b.jpg,,0.0,0,[],12,0,10,0,2,0,0,,,,,0,0,0,0,0,214,[],,0,0,0,,0,0f0f0f,0f0f0f,"[{'platform': {'id': 7, 'name': 'Nintendo', 'slug': 'nintendo'}}, {'platform': {'id': 10, 'name': 'Commodore / Amiga', 'slug': 'commodore-amiga'}}]","[{'platform': {'id': 166, 'name': 'Commodore / Amiga', 'slug': 'commodore-amiga', 'image': None, 'year_end': None, 'year_start': None, 'games_count': 2083, 'image_background': 'https://media.rawg.io/media/games/cce/cce8bebe861f295003f5a9fe5b11233f.jpg'}, 'released_at': '1984-07-14', 'requirements': {}}, {'platform': {'id': 11, 'name': 'Wii', 'slug': 'wii', 'image': None, 'year_end': None, 'year_start': None, 'games_count': 2209, 'image_background': 'https://media.rawg.io/media/games/9ca/9ca31615beee447f3ae1dc9b3b736dce.jpg'}, 'released_at': '1984-07-14', 'requirements': {}}]",[],"[{'id': 10055, 'name': 'NAMCO', 'slug': 'namco', 'games_count': 127, 'image_background': 'https://media.rawg.io/media/games/2ff/2ff5b06428e4b016f3b79cf299bd6596.jpg'}]",[],"[{'id': 31, 'name': 'Singleplayer', 'slug': 'singleplayer', 'language': 'eng', 'games_count': 238404, 'image_background': 'https://media.rawg.io/media/games/26d/26d4437715bee60138dab4a7c8c59c92.jpg'}, {'id': 7, 'name': 'Multiplayer', 'slug': 'multiplayer', 'language': 'eng', 'games_count': 40505, 'image_background': 'https://media.rawg.io/media/games/021/021c4e21a1824d2526f925eff6324653.jpg'}, {'id': 418, 'name': '2 players', 'slug': '2-players', 'language': 'eng', 'games_count': 1244, 'image_background': 'https://media.rawg.io/media/screenshots/f9a/f9ac59bb4af2ca2193ee9ffb979577cf.jpg'}]","[{'id': 10901, 'name': 'Namco', 'slug': 'namco', 'games_count': 215, 'image_background': 'https://media.rawg.io/media/games/fc5/fc503876ca1ca34e160e88671af86e88.jpg'}, {'id': 10879, 'name': 'Midway Games', 'slug': 'midway-games', 'games_count': 142, 'image_background': 'https://media.rawg.io/media/screenshots/3db/3dbec4b488796ef8e70a73389155a58f.jpg'}]",,,"Bosconian (ボスコニアン, Bosukonian) is a multi-directional scrolling shooter arcade game which was developed and released by Namco in Japan in 1981. In North America, it was manufactured and distributed by Midway Games.
Bosconian allows the player's ship to freely roam across open space which scrolls in all directions. The game also has a radar, which tracks the position of the player's ship, the formation attacks, and the space stations.
It uses Namco Galaga hardware, but with a video system like that used in Rally-X.
A sequel game, Blast Off, was released in 1989 in Japan only; it runs on Namco System 1 hardware and bears more resemblance to Namco's own Dragon Spirit than Bosconian. A related title, Final Blaster, was released in 1990 for the PC-Engine in Japan only, and featured gameplay very akin to Blast Off.",,7.0,1.0,3.0,1.0,,,,,,,,,,,,,,,,,0.0,,
55200,bounty-bob-strikes-back,Bounty Bob Strikes Back!,Bounty Bob Strikes Back!,"<p>Bounty Bob Strikes Back! is the sequel to Miner 2049er and was initially released in 1984 for the Atari 8-bit family. The game added a pseudo-3D look to the platforms and increased the level count from 10 to 25. It was ported to the Atari 5200, Commodore 64, Amstrad CPC and ZX Spectrum in 1985.</p>",,[],1984-01-01,False,2019-08-28T22:01:09,https://media.rawg.io/media/screenshots/41f/41fc947358059a0f33e3d015ec442bb4.jpg,https://media.rawg.io/media/screenshots/8bb/8bbfb0420853e31b73e6c5f169697e92.jpg,,0.0,0,"[{'id': 4, 'title': 'recommended', 'count': 1, 'percent': 100.0}]",12,0,10,0,2,0,0,,,,,0,0,0,0,1,241,[],,0,0,0,,1,0f0f0f,0f0f0f,"[{'platform': {'id': 9, 'name': 'Atari', 'slug': 'atari'}}, {'platform': {'id': 10, 'name': 'Commodore / Amiga', 'slug': 'commodore-amiga'}}]","[{'platform': {'id': 166, 'name': 'Commodore / Amiga', 'slug': 'commodore-amiga', 'image': None, 'year_end': None, 'year_start': None, 'games_count': 2083, 'image_background': 'https://media.rawg.io/media/games/cce/cce8bebe861f295003f5a9fe5b11233f.jpg'}, 'released_at': '1984-01-01', 'requirements': {}}, {'platform': {'id': 25, 'name': 'Atari 8-bit', 'slug': 'atari-8-bit', 'image': None, 'year_end': None, 'year_start': None, 'games_count': 308, 'image_background': 'https://media.rawg.io/media/screenshots/038/0385a47d3a43b218204268af5361a19e.jpg'}, 'released_at': '1984-01-01', 'requirements': {}}, {'platform': {'id': 31, 'name': 'Atari 5200', 'slug': 'atari-5200', 'image': None, 'year_end': None, 'year_start': None, 'games_count': 64, 'image_background': 'https://media.rawg.io/media/screenshots/678/6786598cba3939d48ed60cbd1a3723f4.jpg'}, 'released_at': '1984-01-01', 'requirements': {}}]",[],"[{'id': 25985, 'name': 'Big Five Software', 'slug': 'big-five-software', 'games_count': 3, 'image_background': 'https://media.rawg.io/media/screenshots/41f/41fc947358059a0f33e3d015ec442bb4.jpg'}]",[],"[{'id': 31, 'name': 'Singleplayer', 'slug': 'singleplayer', 'language': 'eng', 'games_count': 238404, 'image_background': 'https://media.rawg.io/media/games/26d/26d4437715bee60138dab4a7c8c59c92.jpg'}]","[{'id': 19475, 'name': 'Big Five Software', 'slug': 'big-five-software', 'games_count': 3, 'image_background': 'https://media.rawg.io/media/screenshots/be8/be8435b63b4256023f63c627ef6e25ad.jpg'}]",,,"Bounty Bob Strikes Back! is the sequel to Miner 2049er and was initially released in 1984 for the Atari 8-bit family. The game added a pseudo-3D look to the platforms and increased the level count from 10 to 25. It was ported to the Atari 5200, Commodore 64, Amstrad CPC and ZX Spectrum in 1985.",,6.0,2.0,2.0,2.0,,,,,,,,,,,,,,,,,0.0,,
56415,daley-thompsons-decathlon-1984,Daley Thompson's Decathlon (1984),Daley Thompson's Decathlon (1984),"<p>Daley Thompson's Decathlon is a computer game developed and released under licence by Ocean Software in 1984. It was released in the wake of Daley Thompson's popularity following his gold medals in the decathlon at the 1980 and 1984 Olympic Games. A sequel, Daley Thompson's Super-Test, was released in 1985.</p>",,[],1984-01-01,False,2019-08-28T22:00:30,https://media.rawg.io/media/screenshots/48f/48fa335ded09416407142bc60cea24be.jpg,https://media.rawg.io/media/screenshots/475/47552b8763d68b6a23f57fce36c5da25.jpg,,0.0,0,"[{'id': 4, 'title': 'recommended', 'count': 1, 'percent': 100.0}]",12,0,9,0,3,0,0,,,,,0,0,0,0,1,254,[],,0,0,0,,1,0f0f0f,0f0f0f,"[{'platform': {'id': 10, 'name': 'Commodore / Amiga', 'slug': 'commodore-amiga'}}]","[{'platform': {'id': 166, 'name': 'Commodore / Amiga', 'slug': 'commodore-amiga', 'image': None, 'year_end': None, 'year_start': None, 'games_count': 2083, 'image_background': 'https://media.rawg.io/media/games/cce/cce8bebe861f295003f5a9fe5b11233f.jpg'}, 'released_at': '1984-01-01', 'requirements': {}}]",[],"[{'id': 14487, 'name': 'Ocean Software', 'slug': 'ocean-software', 'games_count': 55, 'image_background': 'https://media.rawg.io/media/screenshots/7b7/7b7c5b47f8977e11526b1021b9f40d67.jpg'}]","[{'id': 15, 'name': 'Sports', 'slug': 'sports', 'games_count': 22123, 'image_background': 'https://media.rawg.io/media/games/5eb/5eb49eb2fa0738fdb5bacea557b1bc57.jpg'}]","[{'id': 31, 'name': 'Singleplayer', 'slug': 'singleplayer', 'language': 'eng', 'games_count': 238404, 'image_background': 'https://media.rawg.io/media/games/26d/26d4437715bee60138dab4a7c8c59c92.jpg'}, {'id': 7, 'name': 'Multiplayer', 'slug': 'multiplayer', 'language': 'eng', 'games_count': 40505, 'image_background': 'https://media.rawg.io/media/games/021/021c4e21a1824d2526f925eff6324653.jpg'}]","[{'id': 11474, 'name': 'Ocean Software', 'slug': 'ocean-software', 'games_count': 106, 'image_background': 'https://media.rawg.io/media/screenshots/11b/11b13a543a0ff469af2584b8831cc43b.jpg'}]",,,"Daley Thompson's Decathlon is a computer game developed and released under licence by Ocean Software in 1984. It was released in the wake of Daley Thompson's popularity following his gold medals in the decathlon at the 1980 and 1984 Olympic Games. A sequel, Daley Thompson's Super-Test, was released in 1985.",,6.0,2.0,2.0,2.0,,,,,,,,,,,,,,,,,0.0,,
55203,rescue-on-fractalus,Rescue on Fractalus!,Rescue on Fractalus!,"<p>Rescue On Fractalus! is a March 1984 first-person shooter computer game created by Lucasfilm Games (later LucasArts Entertainment). It was originally released for the Atari 8-bit family and the Atari 5200 games console. It was also ported to other popular platforms of the day, such as the Apple II, ZX Spectrum (by Dalali Software Ltd), Amstrad CPC, Tandy Color Computer 3 and Commodore 64. The game was one of the first two products from the fledgling Lucasfilm Computer Division Games Group led by Peter Langston. David Fox was the project leader and designer. Music was mainly composed by Charlie Kellner.</p>",,[],1984-03-01,False,2019-08-28T22:01:09,https://media.rawg.io/media/screenshots/40b/40be1cd47ab0549df2994bc694dc3531.jpg,https://media.rawg.io/media/screenshots/716/7169f1e4b3c72b19203716992751b2fc.jpg,,0.0,0,"[{'id': 5, 'title': 'exceptional', 'count': 1, 'percent': 100.0}]",12,0,14,0,5,0,0,,,,,0,0,0,0,1,186,[],,0,0,0,,1,0f0f0f,0f0f0f,"[{'platform': {'id': 5, 'name': 'Apple Macintosh', 'slug': 'mac'}}, {'platform': {'id': 9, 'name': 'Atari', 'slug': 'atari'}}, {'platform': {'id': 10, 'name': 'Commodore / Amiga', 'slug': 'commodore-amiga'}}]","[{'platform': {'id': 25, 'name': 'Atari 8-bit', 'slug': 'atari-8-bit', 'image': None, 'year_end': None, 'year_start': None, 'games_count': 308, 'image_background': 'https://media.rawg.io/media/screenshots/038/0385a47d3a43b218204268af5361a19e.jpg'}, 'released_at': '1984-03-01', 'requirements': {}}, {'platform': {'id': 50, 'name': 'Atari XEGS', 'slug': 'atari-xegs', 'image': None, 'year_end': None, 'year_start': None, 'games_count': 22, 'image_background': 'https://media.rawg.io/media/screenshots/769/7691726d70c23c029903df08858df001.jpg'}, 'released_at': '1984-03-01', 'requirements': {}}, {'platform': {'id': 31, 'name': 'Atari 5200', 'slug': 'atari-5200', 'image': None, 'year_end': None, 'year_start': None, 'games_count': 64, 'image_background': 'https://media.rawg.io/media/screenshots/678/6786598cba3939d48ed60cbd1a3723f4.jpg'}, 'released_at': '1984-03-01', 'requirements': {}}, {'platform': {'id': 41, 'name': 'Apple II', 'slug': 'apple-ii', 'image': None, 'year_end': None, 'year_start': None, 'games_count': 424, 'image_background': 'https://media.rawg.io/media/screenshots/3d2/3d2bb57b39e2efa39d1c385585b2ea8b.jpg'}, 'released_at': '1984-03-01', 'requirements': {}}, {'platform': {'id': 166, 'name': 'Commodore / Amiga', 'slug': 'commodore-amiga', 'image': None, 'year_end': None, 'year_start': None, 'games_count': 2083, 'image_background': 'https://media.rawg.io/media/games/cce/cce8bebe861f295003f5a9fe5b11233f.jpg'}, 'released_at': '1984-03-01', 'requirements': {}}]",[],"[{'id': 14443, 'name': 'LucasArts Entertainment', 'slug': 'lucasarts-entertainment', 'games_count': 89, 'image_background': 'https://media.rawg.io/media/screenshots/c7c/c7cec66d0ef731f891e413fc4c5dfa74.jpg'}, {'id': 13290, 'name': 'Lucasfilm', 'slug': 'lucasfilm', 'games_count': 43, 'image_background': 'https://media.rawg.io/media/screenshots/101/1015fe740ce5654eb97c9140f6da3c3e.jpg'}]","[{'id': 4, 'name': 'Action', 'slug': 'action', 'games_count': 186608, 'image_background': 'https://media.rawg.io/media/games/618/618c2031a07bbff6b4f611f10b6bcdbc.jpg'}]","[{'id': 31, 'name': 'Singleplayer', 'slug': 'singleplayer', 'language': 'eng', 'games_count': 238404, 'image_background': 'https://media.rawg.io/media/games/26d/26d4437715bee60138dab4a7c8c59c92.jpg'}]","[{'id': 10830, 'name': 'Activision Blizzard', 'slug': 'activision-blizzard', 'games_count': 691, 'image_background': 'https://media.rawg.io/media/games/445/44507fdd60a8ec02b1c3c64a293ca754.jpg'}, {'id': 1779, 'name': 'Atari', 'slug': 'atari', 'games_count': 507, 'image_background': 'https://media.rawg.io/media/games/d82/d82dbcf92ded452bf8c6fb1bbdd62e52.jpg'}, {'id': 11929, 'name': 'Epyx', 'slug': 'epyx', 'games_count': 44, 'image_background': 'https://media.rawg.io/media/screenshots/189/1890b76089fc24b04ca7ce2fc3299274.jpg'}]",,,"Rescue On Fractalus! is a March 1984 first-person shooter computer game created by Lucasfilm Games (later LucasArts Entertainment). It was originally released for the Atari 8-bit family and the Atari 5200 games console. It was also ported to other popular platforms of the day, such as the Apple II, ZX Spectrum (by Dalali Software Ltd), Amstrad CPC, Tandy Color Computer 3 and Commodore 64. The game was one of the first two products from the fledgling Lucasfilm Computer Division Games Group led by Peter Langston. David Fox was the project leader and designer. Music was mainly composed by Charlie Kellner.",,7.0,2.0,2.0,1.0,,,,,,,,,,,,,,,,,0.0,,
55097,questron,Questron,Questron,"<p>Questron is a fantasy role-playing video game series produced by Strategic Simulations, Inc.</p>",,[],1984-01-01,False,2019-08-28T22:01:13,https://media.rawg.io/media/screenshots/e71/e71c018e3fb9f85f3e51199386b96c11.jpg,https://media.rawg.io/media/screenshots/c78/c78f5a729e63eb8d21032be396ad103b.jpg,,0.0,0,[],12,0,9,0,5,0,0,,,,,0,0,0,0,0,209,[],,0,0,0,,0,0f0f0f,0f0f0f,"[{'platform': {'id': 5, 'name': 'Apple Macintosh', 'slug': 'mac'}}, {'platform': {'id': 9, 'name': 'Atari', 'slug': 'atari'}}, {'platform': {'id': 10, 'name': 'Commodore / Amiga', 'slug': 'commodore-amiga'}}]","[{'platform': {'id': 166, 'name': 'Commodore / Amiga', 'slug': 'commodore-amiga', 'image': None, 'year_end': None, 'year_start': None, 'games_count': 2083, 'image_background': 'https://media.rawg.io/media/games/cce/cce8bebe861f295003f5a9fe5b11233f.jpg'}, 'released_at': '1984-01-01', 'requirements': {}}, {'platform': {'id': 34, 'name': 'Atari ST', 'slug': 'atari-st', 'image': None, 'year_end': None, 'year_start': None, 'games_count': 836, 'image_background': 'https://media.rawg.io/media/games/637/637d7dc2f44d0f6ddd3ee2c0b1366962.jpg'}, 'released_at': '1984-01-01', 'requirements': {}}, {'platform': {'id': 41, 'name': 'Apple II', 'slug': 'apple-ii', 'image': None, 'year_end': None, 'year_start': None, 'games_count': 424, 'image_background': 'https://media.rawg.io/media/screenshots/3d2/3d2bb57b39e2efa39d1c385585b2ea8b.jpg'}, 'released_at': '1984-01-01', 'requirements': {}}, {'platform': {'id': 25, 'name': 'Atari 8-bit', 'slug': 'atari-8-bit', 'image': None, 'year_end': None, 'year_start': None, 'games_count': 308, 'image_background': 'https://media.rawg.io/media/screenshots/038/0385a47d3a43b218204268af5361a19e.jpg'}, 'released_at': '1984-01-01', 'requirements': {}}]",[],"[{'id': 13148, 'name': 'Strategic Simulations', 'slug': 'strategic-simulations', 'games_count': 85, 'image_background': 'https://media.rawg.io/media/screenshots/4ce/4ce8db24d00f54368491e29b090dfba6.jpg'}]","[{'id': 5, 'name': 'RPG', 'slug': 'role-playing-games-rpg', 'games_count': 59370, 'image_background': 'https://media.rawg.io/media/games/f6b/f6bed028b02369d4cab548f4f9337e81.jpg'}]","[{'id': 31, 'name': 'Singleplayer', 'slug': 'singleplayer', 'language': 'eng', 'games_count': 238404, 'image_background': 'https://media.rawg.io/media/games/26d/26d4437715bee60138dab4a7c8c59c92.jpg'}]","[{'id': 19851, 'name': 'Strategic Simulations', 'slug': 'strategic-simulations', 'games_count': 113, 'image_background': 'https://media.rawg.io/media/screenshots/55c/55cd1c62d524e51467185c94839b08c4.jpg'}]",,,"Questron is a fantasy role-playing video game series produced by Strategic Simulations, Inc.",,6.0,2.0,3.0,1.0,,,,,,,,,,,,,,,,,0.0,,
55102,revenge-of-the-mutant-camels,Revenge of the Mutant Camels,Revenge of the Mutant Camels,"<p>Revenge of the Mutant Camels is a surreal horizontally scrolling shooter computer game, designed and programmed by Jeff Minter and released on the Amiga, Atari ST, Commodore 64, and IBM PC. The Commodore 64 version of the game was commercially released; the versions for other platforms, which had significant gameplay and graphical enhancements and were released several years afterwards, were distributed as shareware.</p>",,[],1984-01-01,False,2023-02-08T10:51:40,https://media.rawg.io/media/screenshots/33b/33b09f89ee944a39b55b1896e49aa348.jpg,https://media.rawg.io/media/screenshots/e86/e866865777bb798966c8ad376383c134.jpg,,0.0,0,"[{'id': 1, 'title': 'skip', 'count': 1, 'percent': 100.0}]",12,0,7,0,1,0,0,,,,,0,0,0,0,1,177,[],,0,0,0,,1,0f0f0f,0f0f0f,"[{'platform': {'id': 1, 'name': 'PC', 'slug': 'pc'}}, {'platform': {'id': 9, 'name': 'Atari', 'slug': 'atari'}}, {'platform': {'id': 10, 'name': 'Commodore / Amiga', 'slug': 'commodore-amiga'}}]","[{'platform': {'id': 34, 'name': 'Atari ST', 'slug': 'atari-st', 'image': None, 'year_end': None, 'year_start': None, 'games_count': 836, 'image_background': 'https://media.rawg.io/media/games/637/637d7dc2f44d0f6ddd3ee2c0b1366962.jpg'}, 'released_at': '1984-01-01', 'requirements': {}}, {'platform': {'id': 4, 'name': 'PC', 'slug': 'pc', 'image': None, 'year_end': None, 'year_start': None, 'games_count': 547196, 'image_background': 'https://media.rawg.io/media/games/6fc/6fcf4cd3b17c288821388e6085bb0fc9.jpg'}, 'released_at': '1984-01-01', 'requirements': {}}, {'platform': {'id': 166, 'name': 'Commodore / Amiga', 'slug': 'commodore-amiga', 'image': None, 'year_end': None, 'year_start': None, 'games_count': 2083, 'image_background': 'https://media.rawg.io/media/games/cce/cce8bebe861f295003f5a9fe5b11233f.jpg'}, 'released_at': '1984-01-01', 'requirements': {}}]",[],"[{'id': 14259, 'name': 'Llamasoft', 'slug': 'llamasoft', 'games_count': 12, 'image_background': 'https://media.rawg.io/media/screenshots/573/573ff013e5cc31d064d3d1b5aa0f8bb2.jpg'}, {'id': 26993, 'name': 'Jeff Minter', 'slug': 'jeff-minter', 'games_count': 6, 'image_background': 'https://media.rawg.io/media/screenshots/f37/f3740d0e6bd103a200f1979cae6a1519.jpg'}]",[],"[{'id': 31, 'name': 'Singleplayer', 'slug': 'singleplayer', 'language': 'eng', 'games_count': 238404, 'image_background': 'https://media.rawg.io/media/games/26d/26d4437715bee60138dab4a7c8c59c92.jpg'}, {'id': 418, 'name': '2 players', 'slug': '2-players', 'language': 'eng', 'games_count': 1244, 'image_background': 'https://media.rawg.io/media/screenshots/f9a/f9ac59bb4af2ca2193ee9ffb979577cf.jpg'}]","[{'id': 20246, 'name': 'Llamasoft', 'slug': 'llamasoft', 'games_count': 12, 'image_background': 'https://media.rawg.io/media/screenshots/b80/b802500e88adbb10b6b2c604e9631da9.jpg'}, {'id': 20245, 'name': 'Jeff Minter', 'slug': 'jeff-minter', 'games_count': 4, 'image_background': 'https://media.rawg.io/media/screenshots/ee5/ee5c9991af76365b06021fc08d3270c9.jpg'}]",,,"Revenge of the Mutant Camels is a surreal horizontally scrolling shooter computer game, designed and programmed by Jeff Minter and released on the Amiga, Atari ST, Commodore 64, and IBM PC. The Commodore 64 version of the game was commercially released; the versions for other platforms, which had significant gameplay and graphical enhancements and were released several years afterwards, were distributed as shareware.",1.0,4.0,2.0,3.0,2.0,,,,,,,,,,,,,,,,,0.0,,
33680,cartel-and-cutthroat,Cartel$ and Cutthroat$,Cartel$ and Cutthroat$,"<p>Cartel$ and Cutthroat$ is an adventure game developed by SSI. It was originally released in 1984. SSI published the game. <br>You can play Cartel$ and Cutthroat$ on PC. </p>

<p></p>",,[],1984-01-01,False,2023-02-08T10:51:44,https://media.rawg.io/media/screenshots/18b/18b6f0bbbacf4bb6d897717dba0abc47_OIhTPt5.jpg,https://media.rawg.io/media/screenshots/ceb/cebcaa9cca0a6d1ec35158c21f3d73db.jpg,,0.0,0,[],11,0,3,0,0,0,0,,,,,0,0,0,0,0,63,[],,0,0,0,,0,0f0f0f,0f0f0f,"[{'platform': {'id': 1, 'name': 'PC', 'slug': 'pc'}}]","[{'platform': {'id': 4, 'name': 'PC', 'slug': 'pc', 'image': None, 'year_end': None, 'year_start': None, 'games_count': 547196, 'image_background': 'https://media.rawg.io/media/games/6fc/6fcf4cd3b17c288821388e6085bb0fc9.jpg'}, 'released_at': '1984-01-01', 'requirements': {}}]",[],"[{'id': 16336, 'name': 'SSI', 'slug': 'ssi', 'games_count': 10, 'image_background': 'https://media.rawg.io/media/screenshots/734/7341ae72c6814a37ac2a44f9776ba526.jpg'}]","[{'id': 3, 'name': 'Adventure', 'slug': 'adventure', 'games_count': 146481, 'image_background': 'https://media.rawg.io/media/games/b6b/b6b20bfc4b34e312dbc8aac53c95a348.jpg'}]",[],"[{'id': 12590, 'name': 'SSI', 'slug': 'ssi', 'games_count': 13, 'image_background': 'https://media.rawg.io/media/screenshots/34c/34c5845589def81a14b93feba2645518.jpg'}]",,,,1.0,6.0,2.0,1.0,1.0,,,,,,,,,,,,,,,,,0.0,,
56775,skool-daze,Skool Daze,Skool Daze,"<p>Skool Daze is a computer game released by Microsphere in 1984 for the ZX Spectrum and Commodore 64 computers. It was written by David and Helen Reidy, with graphics designed by Keith Warrington. The game was commercially and critically successful, and praised for its original concept. It has since been regarded as one of the pioneers of the sandbox game genre.</p>",,[],1984-01-01,False,2019-08-28T22:25:53,https://media.rawg.io/media/screenshots/5c2/5c2f445fbe919963688ddcceadd5f1c2.jpg,https://media.rawg.io/media/screenshots/0e3/0e31f8a33c917d59b027214b8a4c1efc.jpg,,0.0,0,"[{'id': 4, 'title': 'recommended', 'count': 1, 'percent': 100.0}]",11,0,8,0,3,0,0,,,,,0,0,0,0,1,184,[],,0,0,0,,1,0f0f0f,0f0f0f,"[{'platform': {'id': 4, 'name': 'iOS', 'slug': 'ios'}}, {'platform': {'id': 10, 'name': 'Commodore / Amiga', 'slug': 'commodore-amiga'}}]","[{'platform': {'id': 166, 'name': 'Commodore / Amiga', 'slug': 'commodore-amiga', 'image': None, 'year_end': None, 'year_start': None, 'games_count': 2083, 'image_background': 'https://media.rawg.io/media/games/cce/cce8bebe861f295003f5a9fe5b11233f.jpg'}, 'released_at': '1984-01-01', 'requirements': {}}, {'platform': {'id': 3, 'name': 'iOS', 'slug': 'ios', 'image': None, 'year_end': None, 'year_start': None, 'games_count': 77392, 'image_background': 'https://media.rawg.io/media/games/5fa/5fae5fec3c943179e09da67a4427d68f.jpg'}, 'released_at': '1984-01-01', 'requirements': {}}]",[],"[{'id': 27589, 'name': 'Helen Reidy', 'slug': 'helen-reidy', 'games_count': 1, 'image_background': 'https://media.rawg.io/media/screenshots/5c2/5c2f445fbe919963688ddcceadd5f1c2.jpg'}, {'id': 27590, 'name': 'David Reidy', 'slug': 'david-reidy', 'games_count': 1, 'image_background': 'https://media.rawg.io/media/screenshots/5c2/5c2f445fbe919963688ddcceadd5f1c2.jpg'}]",[],"[{'id': 31, 'name': 'Singleplayer', 'slug': 'singleplayer', 'language': 'eng', 'games_count': 238404, 'image_background': 'https://media.rawg.io/media/games/26d/26d4437715bee60138dab4a7c8c59c92.jpg'}]","[{'id': 20608, 'name': '1984', 'slug': 'publisher-94', 'games_count': 1, 'image_background': 'https://media.rawg.io/media/screenshots/5c2/5c2f445fbe919963688ddcceadd5f1c2.jpg'}, {'id': 20609, 'name': 'Microsphere', 'slug': 'microsphere', 'games_count': 1, 'image_background': 'https://media.rawg.io/media/screenshots/5c2/5c2f445fbe919963688ddcceadd5f1c2.jpg'}]",,,"Skool Daze is a computer game released by Microsphere in 1984 for the ZX Spectrum and Commodore 64 computers. It was written by David and Helen Reidy, with graphics designed by Keith Warrington. The game was commercially and critically successful, and praised for its original concept. It has since been regarded as one of the pioneers of the sandbox game genre.",,5.0,2.0,3.0,1.0,,,,,,,,,,,,,,,,,0.0,,
56543,high-noon-1984,High Noon (1984),High Noon (1984),"<ul><li class=""gallerycaption"">Screenshots</li>
<li class=""gallerybox"" style=""width: 185px"">
</li>
<li class=""gallerybox"" style=""width: 185px"">
</li>
<li class=""gallerybox"" style=""width: 185px"">
</li>
<li class=""gallerybox"" style=""width: 185px"">
</li>
</ul><p>High Noon is a Shoot 'em up game for the Commodore 64, created by Ocean Software in 1984.</p>
<p>The game has five levels. The player takes the role of the good (white) sheriff in the American Old West. He must defend his town against outlaws looking to abduct women from the local ""Saucy Sue's Saloon"" and rob the local bank, by shooting them. Shooting can be done in a horizontal, vertical or diagonal direction.</p>",,[],1984-01-01,False,2019-01-09T12:41:06,https://media.rawg.io/media/screenshots/2ba/2babddcb7675c1598b0ba4924b82713f.jpg,https://media.rawg.io/media/screenshots/70c/70c62301234f244ad62ffd0402924773.jpg,,0.0,0,[],11,0,6,0,0,0,0,,,,,0,0,0,0,0,13,[],,0,0,0,,0,0f0f0f,0f0f0f,"[{'platform': {'id': 10, 'name': 'Commodore / Amiga', 'slug': 'commodore-amiga'}}]","[{'platform': {'id': 166, 'name': 'Commodore / Amiga', 'slug': 'commodore-amiga', 'image': None, 'year_end': None, 'year_start': None, 'games_count': 2083, 'image_background': 'https://media.rawg.io/media/games/cce/cce8bebe861f295003f5a9fe5b11233f.jpg'}, 'released_at': '1984-01-01', 'requirements': {}}]",[],"[{'id': 14487, 'name': 'Ocean Software', 'slug': 'ocean-software', 'games_count': 55, 'image_background': 'https://media.rawg.io/media/screenshots/7b7/7b7c5b47f8977e11526b1021b9f40d67.jpg'}]",[],"[{'id': 3117, 'name': 'shoot', 'slug': 'shoot', 'language': 'eng', 'games_count': 9955, 'image_background': 'https://media.rawg.io/media/screenshots/471/47138dfaf3865699a2cf2561e15f659e.jpg'}, {'id': 4228, 'name': 'shooting', 'slug': 'shooting', 'language': 'eng', 'games_count': 1019, 'image_background': 'https://media.rawg.io/media/screenshots/aef/aef895ba69f4863a6e032480de614542.jpg'}]","[{'id': 11474, 'name': 'Ocean Software', 'slug': 'ocean-software', 'games_count': 106, 'image_background': 'https://media.rawg.io/media/screenshots/11b/11b13a543a0ff469af2584b8831cc43b.jpg'}]",,,"Screenshots
High Noon is a Shoot 'em up game for the Commodore 64, created by Ocean Software in 1984.
The game has five levels. The player takes the role of the good (white) sheriff in the American Old West. He must defend his town against outlaws looking to abduct women from the local ""Saucy Sue's Saloon"" and rob the local bank, by shooting them. Shooting can be done in a horizontal, vertical or diagonal direction.",,5.0,2.0,3.0,1.0,,,,,,,,,,,,,,,,,0.0,,
56644,mikie,Mikie,Mikie,"<p>Mikie is a 1984 arcade game produced by Konami. The object of the game is to guide a student named Mikie around the school, classroom, and locker room to collect hearts which make up a letter from his girlfriend Mandy while being chased by various members of the school staff, such as teachers, coaches and cafeteria chefs. To defend himself, the game character can either head-butt or throw basketballs at school members to briefly stun them, while he can push students over with his rear end to find hearts in their desks.</p>",,[],1984-01-01,False,2019-01-09T12:41:06,https://media.rawg.io/media/screenshots/0b3/0b3a67b597ca5d6f216666d8f81770d7.jpg,https://media.rawg.io/media/screenshots/b57/b57c166b99847102c7c1d6c3a7e66087.jpg,,0.0,0,[],11,0,12,0,0,0,0,,,,,0,0,0,0,0,293,[],,0,0,0,,0,0f0f0f,0f0f0f,"[{'platform': {'id': 10, 'name': 'Commodore / Amiga', 'slug': 'commodore-amiga'}}]","[{'platform': {'id': 166, 'name': 'Commodore / Amiga', 'slug': 'commodore-amiga', 'image': None, 'year_end': None, 'year_start': None, 'games_count': 2083, 'image_background': 'https://media.rawg.io/media/games/cce/cce8bebe861f295003f5a9fe5b11233f.jpg'}, 'released_at': '1984-01-01', 'requirements': {}}]",[],"[{'id': 1971, 'name': 'Konami Digital Entertainment', 'slug': 'konami-digital-entertainment', 'games_count': 467, 'image_background': 'https://media.rawg.io/media/games/d56/d56412cd670313ef306da64669c381d8.jpg'}, {'id': 27184, 'name': 'Imagine Software', 'slug': 'imagine-software', 'games_count': 4, 'image_background': 'https://media.rawg.io/media/screenshots/b0f/b0fae1bfdcf5f0400c06d67e8b960f75.jpg'}]",[],"[{'id': 418, 'name': '2 players', 'slug': '2-players', 'language': 'eng', 'games_count': 1244, 'image_background': 'https://media.rawg.io/media/screenshots/f9a/f9ac59bb4af2ca2193ee9ffb979577cf.jpg'}]","[{'id': 10691, 'name': 'Konami', 'slug': 'konami', 'games_count': 788, 'image_background': 'https://media.rawg.io/media/games/85e/85e4c8a78cf9b82b5ed19262fe00c00f.jpg'}, {'id': 19864, 'name': 'Imagine Software', 'slug': 'imagine-software', 'games_count': 16, 'image_background': 'https://media.rawg.io/media/screenshots/f7b/f7b58fc768c19977174c96a0acd2dbfb.jpg'}]",,,"Mikie is a 1984 arcade game produced by Konami. The object of the game is to guide a student named Mikie around the school, classroom, and locker room to collect hearts which make up a letter from his girlfriend Mandy while being chased by various members of the school staff, such as teachers, coaches and cafeteria chefs. To defend himself, the game character can either head-butt or throw basketballs at school members to briefly stun them, while he can push students over with his rear end to find hearts in their desks.",,6.0,2.0,2.0,1.0,,,,,,,,,,,,,,,,,0.0,,
56736,revs,Revs,Revs,<p>Revs is a 1984 Formula Three simulation written initially for the BBC Micro by Geoff Crammond and published by Acornsoft that is notable for its realistic simulation of the sport and as a precursor to its author's later work on Formula One Grand Prix and its sequels.</p>,,[],1984-01-01,False,2019-08-28T22:25:54,https://media.rawg.io/media/screenshots/86b/86b8bbc6eb096cc2444a55ee2463757f.jpg,https://media.rawg.io/media/screenshots/0b9/0b907c19f197360829d423e04cdd1049.jpg,,0.0,0,[],11,0,7,0,1,0,0,,,,,0,0,0,0,0,157,[],,0,0,0,,0,0f0f0f,0f0f0f,"[{'platform': {'id': 10, 'name': 'Commodore / Amiga', 'slug': 'commodore-amiga'}}]","[{'platform': {'id': 166, 'name': 'Commodore / Amiga', 'slug': 'commodore-amiga', 'image': None, 'year_end': None, 'year_start': None, 'games_count': 2083, 'image_background': 'https://media.rawg.io/media/games/cce/cce8bebe861f295003f5a9fe5b11233f.jpg'}, 'released_at': '1984-01-01', 'requirements': {}}]",[],"[{'id': 14874, 'name': 'Geoff Crammond', 'slug': 'geoff-crammond', 'games_count': 6, 'image_background': 'https://media.rawg.io/media/screenshots/5cb/5cb3ea73a40815e5fc1f98438b56dcbd.jpg'}]","[{'id': 1, 'name': 'Racing', 'slug': 'racing', 'games_count': 25359, 'image_background': 'https://media.rawg.io/media/screenshots/69b/69bb243ea9896ddfc2e051b58e81624d.jpg'}]","[{'id': 31, 'name': 'Singleplayer', 'slug': 'singleplayer', 'language': 'eng', 'games_count': 238404, 'image_background': 'https://media.rawg.io/media/games/26d/26d4437715bee60138dab4a7c8c59c92.jpg'}]","[{'id': 19408, 'name': 'Superior Software', 'slug': 'superior-software', 'games_count': 20, 'image_background': 'https://media.rawg.io/media/screenshots/c5f/c5f8bbb01493ed77a498f4fc25dc3234.jpg'}, {'id': 19518, 'name': 'Firebird', 'slug': 'firebird', 'games_count': 13, 'image_background': 'https://media.rawg.io/media/screenshots/a38/a38a2d68cc586603b9162f5e25b14245.jpg'}, {'id': 19902, 'name': 'Acornsoft', 'slug': 'acornsoft', 'games_count': 6, 'image_background': 'https://media.rawg.io/media/screenshots/0f7/0f70dada2fe45750162b0e67ce10836f.jpg'}]",,,Revs is a 1984 Formula Three simulation written initially for the BBC Micro by Geoff Crammond and published by Acornsoft that is notable for its realistic simulation of the sport and as a precursor to its author's later work on Formula One Grand Prix and its sequels.,,5.0,2.0,2.0,2.0,,,,,,,,,,,,,,,,,0.0,,
55644,space-taxi,Space Taxi,Space Taxi,"<p>Space Taxi is an action game for the Commodore 64 written by John Kutcher and published by Muse Software in 1984. It simulates a flying taxi controlled by thrusters.</p>
<p>The game features sampled speech, including ""Hey taxi!"", ""Pad one please"" (and similar samples for different pads), ""Thanks"" and ""Up please"". These are said in a variety of voice pitches, creating the feeling of different taxi customers.</p>",,[],1984-01-01,False,2019-08-28T22:00:55,https://media.rawg.io/media/screenshots/c85/c85091f96ba5110b6db83ff5b1a62b80.jpg,https://media.rawg.io/media/screenshots/71a/71af6205d1c27580f74921b3b57832b1.jpg,,0.0,0,"[{'id': 4, 'title': 'recommended', 'count': 1, 'percent': 100.0}]",11,0,7,0,3,0,0,,,,,0,0,0,0,1,140,[],,0,0,0,,1,0f0f0f,0f0f0f,"[{'platform': {'id': 10, 'name': 'Commodore / Amiga', 'slug': 'commodore-amiga'}}]","[{'platform': {'id': 166, 'name': 'Commodore / Amiga', 'slug': 'commodore-amiga', 'image': None, 'year_end': None, 'year_start': None, 'games_count': 2083, 'image_background': 'https://media.rawg.io/media/games/cce/cce8bebe861f295003f5a9fe5b11233f.jpg'}, 'released_at': '1984-01-01', 'requirements': {}}]",[],"[{'id': 27201, 'name': 'Muse Software', 'slug': 'muse-software', 'games_count': 3, 'image_background': 'https://media.rawg.io/media/screenshots/e6e/e6ef21c089743626b6840f4693cc6407.jpg'}]","[{'id': 4, 'name': 'Action', 'slug': 'action', 'games_count': 186608, 'image_background': 'https://media.rawg.io/media/games/618/618c2031a07bbff6b4f611f10b6bcdbc.jpg'}]","[{'id': 31, 'name': 'Singleplayer', 'slug': 'singleplayer', 'language': 'eng', 'games_count': 238404, 'image_background': 'https://media.rawg.io/media/games/26d/26d4437715bee60138dab4a7c8c59c92.jpg'}, {'id': 7, 'name': 'Multiplayer', 'slug': 'multiplayer', 'language': 'eng', 'games_count': 40505, 'image_background': 'https://media.rawg.io/media/games/021/021c4e21a1824d2526f925eff6324653.jpg'}]","[{'id': 19488, 'name': 'GameFAQs', 'slug': 'gamefaqs', 'games_count': 19, 'image_background': 'https://media.rawg.io/media/screenshots/99f/99ffb87e2b981aadb300329e31162eab.jpg'}, {'id': 20380, 'name': 'Muse Software', 'slug': 'muse-software', 'games_count': 3, 'image_background': 'https://media.rawg.io/media/screenshots/c85/c85091f96ba5110b6db83ff5b1a62b80.jpg'}]",,,"Space Taxi is an action game for the Commodore 64 written by John Kutcher and published by Muse Software in 1984. It simulates a flying taxi controlled by thrusters.
The game features sampled speech, including ""Hey taxi!"", ""Pad one please"" (and similar samples for different pads), ""Thanks"" and ""Up please"". These are said in a variety of voice pitches, creating the feeling of different taxi customers.",,6.0,2.0,1.0,2.0,,,,,,,,,,,,,,,,,0.0,,
56378,castle-nightmare,Castle Nightmare,Castle Nightmare,<p>Castle Nightmare is a computer game for the Commodore 64. The game was first released in 1984 by RSC Soft.</p>,,[],1984-01-01,False,2019-08-28T22:00:31,,,,0.0,0,[],11,0,0,0,0,0,0,,,,,0,0,0,0,0,0,[],,0,0,0,,0,0f0f0f,0f0f0f,"[{'platform': {'id': 10, 'name': 'Commodore / Amiga', 'slug': 'commodore-amiga'}}]","[{'platform': {'id': 166, 'name': 'Commodore / Amiga', 'slug': 'commodore-amiga', 'image': None, 'year_end': None, 'year_start': None, 'games_count': 2083, 'image_background': 'https://media.rawg.io/media/games/cce/cce8bebe861f295003f5a9fe5b11233f.jpg'}, 'released_at': '1984-01-01', 'requirements': {}}]",[],"[{'id': 27411, 'name': 'Rainer Schumann', 'slug': 'rainer-schumann', 'games_count': 1, 'image_background': ''}, {'id': 27412, 'name': 'CCS64', 'slug': 'ccs64', 'games_count': 1, 'image_background': ''}, {'id': 27413, 'name': 'Robert Redling', 'slug': 'robert-redling', 'games_count': 1, 'image_background': ''}]",[],"[{'id': 31, 'name': 'Singleplayer', 'slug': 'singleplayer', 'language': 'eng', 'games_count': 238404, 'image_background': 'https://media.rawg.io/media/games/26d/26d4437715bee60138dab4a7c8c59c92.jpg'}]","[{'id': 20506, 'name': 'RSC Soft', 'slug': 'rsc-soft', 'games_count': 1, 'image_background': ''}]",,,Castle Nightmare is a computer game for the Commodore 64. The game was first released in 1984 by RSC Soft.,,6.0,2.0,2.0,1.0,,,,,,,,,,,,,,,,,0.0,,
56414,cybertron-mission,Cybertron Mission,Cybertron Mission,"<p>Cybertron Mission is a two-dimensional shooter game, released by Micro Power (a.k.a. Program Power) in 1983 for the BBC Micro and Acorn Electron and later ported to the Commodore 64 in the same year. The game is heavily influenced by the 1982 Atari 8-bit computer game Shamus, which was itself inspired by the 1980 arcade game Berzerk.</p>",,[],1984-01-01,False,2019-08-28T22:00:30,https://media.rawg.io/media/screenshots/4ef/4ef82f58ffce41d5398b0ee628cab81d.jpg,https://media.rawg.io/media/screenshots/785/7852244f613d773a7d4d4dbc0a0233bf.jpg,,0.0,0,[],11,0,8,0,0,0,0,,,,,0,0,0,0,0,154,[],,0,0,0,,0,0f0f0f,0f0f0f,"[{'platform': {'id': 10, 'name': 'Commodore / Amiga', 'slug': 'commodore-amiga'}}]","[{'platform': {'id': 166, 'name': 'Commodore / Amiga', 'slug': 'commodore-amiga', 'image': None, 'year_end': None, 'year_start': None, 'games_count': 2083, 'image_background': 'https://media.rawg.io/media/games/cce/cce8bebe861f295003f5a9fe5b11233f.jpg'}, 'released_at': '1984-01-01', 'requirements': {}}]",[],"[{'id': 27425, 'name': 'Matthew Bates', 'slug': 'matthew-bates', 'games_count': 1, 'image_background': 'https://media.rawg.io/media/screenshots/4ef/4ef82f58ffce41d5398b0ee628cab81d.jpg'}]","[{'id': 2, 'name': 'Shooter', 'slug': 'shooter', 'games_count': 59560, 'image_background': 'https://media.rawg.io/media/games/d58/d588947d4286e7b5e0e12e1bea7d9844.jpg'}]","[{'id': 31, 'name': 'Singleplayer', 'slug': 'singleplayer', 'language': 'eng', 'games_count': 238404, 'image_background': 'https://media.rawg.io/media/games/26d/26d4437715bee60138dab4a7c8c59c92.jpg'}]","[{'id': 20518, 'name': 'Micro Power', 'slug': 'micro-power', 'games_count': 5, 'image_background': 'https://media.rawg.io/media/screenshots/a72/a72e06b71a90e01dfd1dcfbc867d4813.jpg'}]",,,"Cybertron Mission is a two-dimensional shooter game, released by Micro Power (a.k.a. Program Power) in 1983 for the BBC Micro and Acorn Electron and later ported to the Commodore 64 in the same year. The game is heavily influenced by the 1982 Atari 8-bit computer game Shamus, which was itself inspired by the 1980 arcade game Berzerk.",,6.0,2.0,2.0,1.0,,,,,,,,,,,,,,,,,0.0,,
54953,amazon,Amazon,Amazon,<p>Amazon is an interactive fiction graphic adventure game. The game was published by Telarium (formerly known as Trillium) in 1984 and written by Michael Crichton.</p>,,[],1984-01-01,False,2023-02-08T10:51:46,https://media.rawg.io/media/screenshots/3bf/3bf97dcb437228fbb1f405282840897b.jpg,https://media.rawg.io/media/screenshots/9c6/9c635bafe08ddbc7dd13e41e5179a764.jpg,,0.0,0,[],11,0,10,0,1,0,0,,,,,0,0,0,0,0,230,[],,0,0,0,,0,0f0f0f,0f0f0f,"[{'platform': {'id': 1, 'name': 'PC', 'slug': 'pc'}}, {'platform': {'id': 5, 'name': 'Apple Macintosh', 'slug': 'mac'}}, {'platform': {'id': 9, 'name': 'Atari', 'slug': 'atari'}}, {'platform': {'id': 10, 'name': 'Commodore / Amiga', 'slug': 'commodore-amiga'}}]","[{'platform': {'id': 34, 'name': 'Atari ST', 'slug': 'atari-st', 'image': None, 'year_end': None, 'year_start': None, 'games_count': 836, 'image_background': 'https://media.rawg.io/media/games/637/637d7dc2f44d0f6ddd3ee2c0b1366962.jpg'}, 'released_at': '1984-01-01', 'requirements': {}}, {'platform': {'id': 41, 'name': 'Apple II', 'slug': 'apple-ii', 'image': None, 'year_end': None, 'year_start': None, 'games_count': 424, 'image_background': 'https://media.rawg.io/media/screenshots/3d2/3d2bb57b39e2efa39d1c385585b2ea8b.jpg'}, 'released_at': '1984-01-01', 'requirements': {}}, {'platform': {'id': 55, 'name': 'Classic Macintosh', 'slug': 'macintosh', 'image': None, 'year_end': None, 'year_start': None, 'games_count': 675, 'image_background': 'https://media.rawg.io/media/games/38a/38af969459ad6e5de116ec8a4a84218c.jpg'}, 'released_at': '1984-01-01', 'requirements': {}}, {'platform': {'id': 166, 'name': 'Commodore / Amiga', 'slug': 'commodore-amiga', 'image': None, 'year_end': None, 'year_start': None, 'games_count': 2083, 'image_background': 'https://media.rawg.io/media/games/cce/cce8bebe861f295003f5a9fe5b11233f.jpg'}, 'released_at': '1984-01-01', 'requirements': {}}, {'platform': {'id': 4, 'name': 'PC', 'slug': 'pc', 'image': None, 'year_end': None, 'year_start': None, 'games_count': 547196, 'image_background': 'https://media.rawg.io/media/games/6fc/6fcf4cd3b17c288821388e6085bb0fc9.jpg'}, 'released_at': '1984-01-01', 'requirements': {}}]",[],"[{'id': 26921, 'name': 'Michael Crichton', 'slug': 'michael-crichton', 'games_count': 1, 'image_background': 'https://media.rawg.io/media/screenshots/3bf/3bf97dcb437228fbb1f405282840897b.jpg'}]",[],"[{'id': 31, 'name': 'Singleplayer', 'slug': 'singleplayer', 'language': 'eng', 'games_count': 238404, 'image_background': 'https://media.rawg.io/media/games/26d/26d4437715bee60138dab4a7c8c59c92.jpg'}]","[{'id': 20201, 'name': 'Telarium', 'slug': 'telarium', 'games_count': 4, 'image_background': 'https://media.rawg.io/media/screenshots/986/986d18df6d74b5dc0ae9dd413ebe3d52.jpg'}]",,,Amazon is an interactive fiction graphic adventure game. The game was published by Telarium (formerly known as Trillium) in 1984 and written by Michael Crichton.,1.0,6.0,2.0,1.0,1.0,,,,,,,,,,,,,,,,,0.0,,
55339,archon-ii-adept,Archon II: Adept,Archon II: Adept,"<p>Archon II: Adept is a 1984 action-strategy video game developed by Free Fall Associates' Jon Freeman, Paul Reiche III and Anne Westfall, and published by Electronic Arts for various platforms. Adept is a hybrid of a tactical board game and action. Although it doesn't have the chess motif of the original Archon: The Light and the Dark, good vs. evil, one on one combat, magic, and power points remain central concepts.</p>",,[],1984-01-01,False,2023-04-15T23:46:34,https://media.rawg.io/media/screenshots/7e6/7e60e4b9ed1ad9a23cf7cf2f8e1a3dca.jpg,https://media.rawg.io/media/screenshots/88d/88d3e3dfa21ae64c76558af44a47bef3.jpg,,0.0,0,"[{'id': 4, 'title': 'recommended', 'count': 1, 'percent': 100.0}]",11,0,12,0,3,0,0,,,,,0,0,0,0,1,343,[],,0,0,0,,1,0f0f0f,0f0f0f,"[{'platform': {'id': 5, 'name': 'Apple Macintosh', 'slug': 'mac'}}, {'platform': {'id': 9, 'name': 'Atari', 'slug': 'atari'}}, {'platform': {'id': 10, 'name': 'Commodore / Amiga', 'slug': 'commodore-amiga'}}]","[{'platform': {'id': 25, 'name': 'Atari 8-bit', 'slug': 'atari-8-bit', 'image': None, 'year_end': None, 'year_start': None, 'games_count': 308, 'image_background': 'https://media.rawg.io/media/screenshots/038/0385a47d3a43b218204268af5361a19e.jpg'}, 'released_at': '1984-01-01', 'requirements': {}}, {'platform': {'id': 41, 'name': 'Apple II', 'slug': 'apple-ii', 'image': None, 'year_end': None, 'year_start': None, 'games_count': 424, 'image_background': 'https://media.rawg.io/media/screenshots/3d2/3d2bb57b39e2efa39d1c385585b2ea8b.jpg'}, 'released_at': '1984-01-01', 'requirements': {}}, {'platform': {'id': 166, 'name': 'Commodore / Amiga', 'slug': 'commodore-amiga', 'image': None, 'year_end': None, 'year_start': None, 'games_count': 2083, 'image_background': 'https://media.rawg.io/media/games/cce/cce8bebe861f295003f5a9fe5b11233f.jpg'}, 'released_at': '1984-01-01', 'requirements': {}}]",[],"[{'id': 14814, 'name': 'Free Fall Associates', 'slug': 'free-fall-associates', 'games_count': 5, 'image_background': 'https://media.rawg.io/media/screenshots/1a2/1a275a8547972d7b02845d0edb48c7dd.jpg'}]","[{'id': 4, 'name': 'Action', 'slug': 'action', 'games_count': 186608, 'image_background': 'https://media.rawg.io/media/games/618/618c2031a07bbff6b4f611f10b6bcdbc.jpg'}]","[{'id': 31, 'name': 'Singleplayer', 'slug': 'singleplayer', 'language': 'eng', 'games_count': 238404, 'image_background': 'https://media.rawg.io/media/games/26d/26d4437715bee60138dab4a7c8c59c92.jpg'}, {'id': 7, 'name': 'Multiplayer', 'slug': 'multiplayer', 'language': 'eng', 'games_count': 40505, 'image_background': 'https://media.rawg.io/media/games/021/021c4e21a1824d2526f925eff6324653.jpg'}]","[{'id': 354, 'name': 'Electronic Arts', 'slug': 'electronic-arts', 'games_count': 1332, 'image_background': 'https://media.rawg.io/media/games/45b/45b57ed59de4b84effd8f6bc4b7bf515.jpg'}]",,,"Archon II: Adept is a 1984 action-strategy video game developed by Free Fall Associates' Jon Freeman, Paul Reiche III and Anne Westfall, and published by Electronic Arts for various platforms. Adept is a hybrid of a tactical board game and action. Although it doesn't have the chess motif of the original Archon: The Light and the Dark, good vs. evil, one on one combat, magic, and power points remain central concepts.",,8.0,1.0,1.0,1.0,,,,,,,,,,,,,,,,,0.0,,
56397,comic-bakery,Comic Bakery,Comic Bakery,"<p>Comic Bakery is a computer game for the MSX, made by Konami in 1984 and later ported to Commodore 64 by Imagine Software.</p>",,[],1984-01-01,False,2019-08-28T22:00:30,https://media.rawg.io/media/screenshots/977/977408c60bd4ba4970ef9b8aa380b21d.jpg,https://media.rawg.io/media/screenshots/0da/0dac389789e092796fcbd3872400ab61.jpg,,0.0,0,"[{'id': 5, 'title': 'exceptional', 'count': 1, 'percent': 100.0}]",11,0,8,0,0,0,0,,,,,0,0,0,0,1,209,[],,0,0,0,,1,0f0f0f,0f0f0f,"[{'platform': {'id': 10, 'name': 'Commodore / Amiga', 'slug': 'commodore-amiga'}}]","[{'platform': {'id': 166, 'name': 'Commodore / Amiga', 'slug': 'commodore-amiga', 'image': None, 'year_end': None, 'year_start': None, 'games_count': 2083, 'image_background': 'https://media.rawg.io/media/games/cce/cce8bebe861f295003f5a9fe5b11233f.jpg'}, 'released_at': '1984-01-01', 'requirements': {}}]",[],"[{'id': 1971, 'name': 'Konami Digital Entertainment', 'slug': 'konami-digital-entertainment', 'games_count': 467, 'image_background': 'https://media.rawg.io/media/games/d56/d56412cd670313ef306da64669c381d8.jpg'}]","[{'id': 4, 'name': 'Action', 'slug': 'action', 'games_count': 186608, 'image_background': 'https://media.rawg.io/media/games/618/618c2031a07bbff6b4f611f10b6bcdbc.jpg'}]","[{'id': 31, 'name': 'Singleplayer', 'slug': 'singleplayer', 'language': 'eng', 'games_count': 238404, 'image_background': 'https://media.rawg.io/media/games/26d/26d4437715bee60138dab4a7c8c59c92.jpg'}]","[{'id': 10691, 'name': 'Konami', 'slug': 'konami', 'games_count': 788, 'image_background': 'https://media.rawg.io/media/games/85e/85e4c8a78cf9b82b5ed19262fe00c00f.jpg'}, {'id': 19864, 'name': 'Imagine Software', 'slug': 'imagine-software', 'games_count': 16, 'image_background': 'https://media.rawg.io/media/screenshots/f7b/f7b58fc768c19977174c96a0acd2dbfb.jpg'}]",,,"Comic Bakery is a computer game for the MSX, made by Konami in 1984 and later ported to Commodore 64 by Imagine Software.",,6.0,2.0,2.0,1.0,,,,,,,,,,,,,,,,,0.0,,
56386,chipwits,ChipWits,ChipWits,"<p>ChipWits is a 1984 Robot simulation game for the Apple Macintosh, written by Doug Sharp and Mike Johnston, and published by BrainPower software. It was ported to the Apple II and Commodore 64</p>",,[],1984-01-01,False,2019-08-28T22:00:31,,,,0.0,0,[],11,0,0,0,2,0,0,,,,,0,0,0,0,0,0,[],,0,0,0,,0,0f0f0f,0f0f0f,"[{'platform': {'id': 10, 'name': 'Commodore / Amiga', 'slug': 'commodore-amiga'}}]","[{'platform': {'id': 166, 'name': 'Commodore / Amiga', 'slug': 'commodore-amiga', 'image': None, 'year_end': None, 'year_start': None, 'games_count': 2083, 'image_background': 'https://media.rawg.io/media/games/cce/cce8bebe861f295003f5a9fe5b11233f.jpg'}, 'released_at': '1984-01-01', 'requirements': {}}]",[],[],"[{'id': 14, 'name': 'Simulation', 'slug': 'simulation', 'games_count': 73491, 'image_background': 'https://media.rawg.io/media/games/48c/48cb04ca483be865e3a83119c94e6097.jpg'}]","[{'id': 31, 'name': 'Singleplayer', 'slug': 'singleplayer', 'language': 'eng', 'games_count': 238404, 'image_background': 'https://media.rawg.io/media/games/26d/26d4437715bee60138dab4a7c8c59c92.jpg'}]","[{'id': 20510, 'name': 'BrainPower', 'slug': 'brainpower', 'games_count': 1, 'image_background': ''}]",,,"ChipWits is a 1984 Robot simulation game for the Apple Macintosh, written by Doug Sharp and Mike Johnston, and published by BrainPower software. It was ported to the Apple II and Commodore 64",,6.0,2.0,2.0,1.0,,,,,,,,,,,,,,,,,0.0,,
56443,dragonworld,Dragonworld,Dragonworld,"<p>Dragonworld is an interactive fiction computer game with graphics. The game was published by Telarium (formerly known as Trillium), a subsidiary of Spinnaker Software, in the year 1984. The game was based on the novel written in 1979 by Byron Preiss and Michael Reaves; text for the game was written by J. Brynne Stephens.</p>",,[],1984-01-01,False,2023-02-08T10:51:43,https://media.rawg.io/media/screenshots/084/084b14d98eb57d1151f0f260fdaccefc.jpg,https://media.rawg.io/media/screenshots/df3/df355254f0cb926df7a17cad5c24a50d.jpg,,0.0,0,[],11,0,10,0,1,0,0,,,,,0,0,0,0,0,293,[],,0,0,0,,0,0f0f0f,0f0f0f,"[{'platform': {'id': 1, 'name': 'PC', 'slug': 'pc'}}, {'platform': {'id': 5, 'name': 'Apple Macintosh', 'slug': 'mac'}}, {'platform': {'id': 10, 'name': 'Commodore / Amiga', 'slug': 'commodore-amiga'}}]","[{'platform': {'id': 166, 'name': 'Commodore / Amiga', 'slug': 'commodore-amiga', 'image': None, 'year_end': None, 'year_start': None, 'games_count': 2083, 'image_background': 'https://media.rawg.io/media/games/cce/cce8bebe861f295003f5a9fe5b11233f.jpg'}, 'released_at': '1984-01-01', 'requirements': {}}, {'platform': {'id': 55, 'name': 'Classic Macintosh', 'slug': 'macintosh', 'image': None, 'year_end': None, 'year_start': None, 'games_count': 675, 'image_background': 'https://media.rawg.io/media/games/38a/38af969459ad6e5de116ec8a4a84218c.jpg'}, 'released_at': '1984-01-01', 'requirements': {}}, {'platform': {'id': 41, 'name': 'Apple II', 'slug': 'apple-ii', 'image': None, 'year_end': None, 'year_start': None, 'games_count': 424, 'image_background': 'https://media.rawg.io/media/screenshots/3d2/3d2bb57b39e2efa39d1c385585b2ea8b.jpg'}, 'released_at': '1984-01-01', 'requirements': {}}, {'platform': {'id': 4, 'name': 'PC', 'slug': 'pc', 'image': None, 'year_end': None, 'year_start': None, 'games_count': 547196, 'image_background': 'https://media.rawg.io/media/games/6fc/6fcf4cd3b17c288821388e6085bb0fc9.jpg'}, 'released_at': '1984-01-01', 'requirements': {}}]",[],"[{'id': 27436, 'name': 'Byron Preiss', 'slug': 'byron-preiss', 'games_count': 1, 'image_background': 'https://media.rawg.io/media/screenshots/084/084b14d98eb57d1151f0f260fdaccefc.jpg'}]",[],"[{'id': 2373, 'name': 'text', 'slug': 'text', 'language': 'eng', 'games_count': 2077, 'image_background': 'https://media.rawg.io/media/screenshots/526/5262c0b58328c29749becc93642cc5c1.jpg'}]","[{'id': 20201, 'name': 'Telarium', 'slug': 'telarium', 'games_count': 4, 'image_background': 'https://media.rawg.io/media/screenshots/986/986d18df6d74b5dc0ae9dd413ebe3d52.jpg'}]",,,"Dragonworld is an interactive fiction computer game with graphics. The game was published by Telarium (formerly known as Trillium), a subsidiary of Spinnaker Software, in the year 1984. The game was based on the novel written in 1979 by Byron Preiss and Michael Reaves; text for the game was written by J. Brynne Stephens.",1.0,5.0,2.0,2.0,1.0,,,,,,,,,,,,,,,,,0.0,,
56347,below-the-root-1984,Below the Root (1984),Below the Root (1984),"<p>Below the Root is an adventure game released in 1984 by Windham Classics, a division of Spinnaker Software. It is titled after Below the Root, the first of the Green Sky Trilogy of novels, written by Zilpha Keatley Snyder and published between 1975 and 1977. It is an early example of what later became known as the Metroidvania genre.</p>
<p>The player can assume the role of one of five characters with different abilities, a member of one of two races — the Kindar or the Erdling — and attempt to settle the existing differences between the two groups.</p>",,[],1984-01-01,False,2019-08-28T22:00:32,https://media.rawg.io/media/screenshots/d21/d21e300ad0ca4d33c3da4da2612d665e.jpg,https://media.rawg.io/media/screenshots/ade/ade2e4eb82af9bf5a20e2c7e760b8716.jpg,,0.0,0,[],11,0,9,0,0,0,0,,,,,0,0,0,0,0,277,[],,0,0,0,,0,0f0f0f,0f0f0f,"[{'platform': {'id': 5, 'name': 'Apple Macintosh', 'slug': 'mac'}}, {'platform': {'id': 10, 'name': 'Commodore / Amiga', 'slug': 'commodore-amiga'}}]","[{'platform': {'id': 166, 'name': 'Commodore / Amiga', 'slug': 'commodore-amiga', 'image': None, 'year_end': None, 'year_start': None, 'games_count': 2083, 'image_background': 'https://media.rawg.io/media/games/cce/cce8bebe861f295003f5a9fe5b11233f.jpg'}, 'released_at': '1984-01-01', 'requirements': {}}, {'platform': {'id': 41, 'name': 'Apple II', 'slug': 'apple-ii', 'image': None, 'year_end': None, 'year_start': None, 'games_count': 424, 'image_background': 'https://media.rawg.io/media/screenshots/3d2/3d2bb57b39e2efa39d1c385585b2ea8b.jpg'}, 'released_at': '1984-01-01', 'requirements': {}}]",[],"[{'id': 27395, 'name': 'Dale Disharoon', 'slug': 'dale-disharoon', 'games_count': 1, 'image_background': 'https://media.rawg.io/media/screenshots/d21/d21e300ad0ca4d33c3da4da2612d665e.jpg'}]","[{'id': 3, 'name': 'Adventure', 'slug': 'adventure', 'games_count': 146481, 'image_background': 'https://media.rawg.io/media/games/b6b/b6b20bfc4b34e312dbc8aac53c95a348.jpg'}]","[{'id': 31, 'name': 'Singleplayer', 'slug': 'singleplayer', 'language': 'eng', 'games_count': 238404, 'image_background': 'https://media.rawg.io/media/games/26d/26d4437715bee60138dab4a7c8c59c92.jpg'}]","[{'id': 20497, 'name': 'Windham Classics', 'slug': 'windham-classics', 'games_count': 1, 'image_background': 'https://media.rawg.io/media/screenshots/d21/d21e300ad0ca4d33c3da4da2612d665e.jpg'}]",,,"Below the Root is an adventure game released in 1984 by Windham Classics, a division of Spinnaker Software. It is titled after Below the Root, the first of the Green Sky Trilogy of novels, written by Zilpha Keatley Snyder and published between 1975 and 1977. It is an early example of what later became known as the Metroidvania genre.
The player can assume the role of one of five characters with different abilities, a member of one of two races — the Kindar or the Erdling — and attempt to settle the existing differences between the two groups.",,7.0,2.0,1.0,1.0,,,,,,,,,,,,,,,,,0.0,,
319123,champion-boxing,Champion Boxing,Champion Boxing,simplistic boxing game built for the SG-1000.,,[],1984-01-01,False,2023-02-08T10:51:44,https://media.rawg.io/media/screenshots/c1b/c1b55c382d52a8e947effb95438f3bd6.jpg,,,0.0,0,"[{'id': 1, 'title': 'skip', 'count': 1, 'percent': 100.0}]",11,0,1,0,2,0,0,,,,,0,0,0,0,1,36,[],,0,0,0,,1,0f0f0f,0f0f0f,"[{'platform': {'id': 1, 'name': 'PC', 'slug': 'pc'}}]","[{'platform': {'id': 4, 'name': 'PC', 'slug': 'pc', 'image': None, 'year_end': None, 'year_start': None, 'games_count': 547195, 'image_background': 'https://media.rawg.io/media/games/021/021c4e21a1824d2526f925eff6324653.jpg'}, 'released_at': None, 'requirements': {}}]",[],"[{'id': 425, 'name': 'SEGA', 'slug': 'sega', 'games_count': 578, 'image_background': 'https://media.rawg.io/media/screenshots/845/84595759d06a7c5ed2eab76f623454f7.jpeg'}]","[{'id': 6, 'name': 'Fighting', 'slug': 'fighting', 'games_count': 11763, 'image_background': 'https://media.rawg.io/media/games/35b/35b47c4d85cd6e08f3e2ca43ea5ce7bb.jpg'}]","[{'id': 1943, 'name': 'boxing', 'slug': 'boxing', 'language': 'eng', 'games_count': 434, 'image_background': 'https://media.rawg.io/media/screenshots/4d9/4d9f276862e82d2038d586e84bd7dc13.jpg'}]",[],,,simplistic boxing game built for the SG-1000.,1.0,7.0,2.0,,1.0,,,,,,,,,,,,,,,,,0.0,,
55206,zenji,Zenji,Zenji,"<p>Zenji is a puzzle game designed by Matthew Hubbard and published by Activision in 1984. It was released for the Atari 5200, Atari 8-bit family, ColecoVision, Commodore 64, MSX, and ZX Spectrum. Hubbard previously wrote Dolphin for the Atari 2600.</p>
<p>The player controls a rolling face throughout a maze. The goal is to turn the maze green by connecting each section while avoiding obstacles and completing the task before the timer ran out. As the levels progress there are more obstacles and less time.</p>",,[],1984-01-01,False,2019-08-17T02:05:41,https://media.rawg.io/media/screenshots/867/867b5b76f1c94401a293dbfde6f29664.jpg,https://media.rawg.io/media/screenshots/29d/29d4739bc30e38e2a1d23f669bf4e5c5.jpg,,0.0,0,[],11,0,12,0,2,0,0,,,,,0,0,0,0,0,261,[],,0,0,0,,0,0f0f0f,0f0f0f,"[{'platform': {'id': 9, 'name': 'Atari', 'slug': 'atari'}}, {'platform': {'id': 10, 'name': 'Commodore / Amiga', 'slug': 'commodore-amiga'}}]","[{'platform': {'id': 25, 'name': 'Atari 8-bit', 'slug': 'atari-8-bit', 'image': None, 'year_end': None, 'year_start': None, 'games_count': 308, 'image_background': 'https://media.rawg.io/media/screenshots/038/0385a47d3a43b218204268af5361a19e.jpg'}, 'released_at': '1984-01-01', 'requirements': {}}, {'platform': {'id': 31, 'name': 'Atari 5200', 'slug': 'atari-5200', 'image': None, 'year_end': None, 'year_start': None, 'games_count': 64, 'image_background': 'https://media.rawg.io/media/screenshots/678/6786598cba3939d48ed60cbd1a3723f4.jpg'}, 'released_at': '1984-01-01', 'requirements': {}}, {'platform': {'id': 166, 'name': 'Commodore / Amiga', 'slug': 'commodore-amiga', 'image': None, 'year_end': None, 'year_start': None, 'games_count': 2083, 'image_background': 'https://media.rawg.io/media/games/cce/cce8bebe861f295003f5a9fe5b11233f.jpg'}, 'released_at': '1984-01-01', 'requirements': {}}]",[],"[{'id': 11, 'name': 'Activision', 'slug': 'activision', 'games_count': 163, 'image_background': 'https://media.rawg.io/media/screenshots/d05/d0524e9b2e276dd9c8351881e897f7c9.jpg'}]","[{'id': 7, 'name': 'Puzzle', 'slug': 'puzzle', 'games_count': 97333, 'image_background': 'https://media.rawg.io/media/games/9f4/9f418898f5415668ca47b5f4ab1ecfeb.jpg'}]","[{'id': 646, 'name': 'maze', 'slug': 'maze', 'language': 'eng', 'games_count': 5522, 'image_background': 'https://media.rawg.io/media/screenshots/56e/56eb117a5df8203765eae49807104fe0.jpg'}, {'id': 1534, 'name': 'atari', 'slug': 'atari', 'language': 'eng', 'games_count': 1158, 'image_background': 'https://media.rawg.io/media/screenshots/d10/d10fdd0fc764ad4a5d70fffa6aee1175.jpg'}]","[{'id': 11620, 'name': 'Activision Value Publishing', 'slug': 'activision-value-publishing', 'games_count': 178, 'image_background': 'https://media.rawg.io/media/games/088/0885c48293746aad6df30735f30d0836.jpg'}]",,,"Zenji is a puzzle game designed by Matthew Hubbard and published by Activision in 1984. It was released for the Atari 5200, Atari 8-bit family, ColecoVision, Commodore 64, MSX, and ZX Spectrum. Hubbard previously wrote Dolphin for the Atari 2600.
The player controls a rolling face throughout a maze. The goal is to turn the maze green by connecting each section while avoiding obstacles and completing the task before the timer ran out. As the levels progress there are more obstacles and less time.",,6.0,2.0,2.0,1.0,,,,,,,,,,,,,,,,,0.0,,
53582,dropzone-1984,Dropzone (1984),Dropzone (1984),"<p>Dropzone is a shoot 'em up video game developed by Archer Maclean (under the name Arena Graphics) and published in 1984 by U.S. Gold. It was released for the Atari 8-bit family and Commodore 64, then later ported to the Nintendo Entertainment System, Game Boy, Game Gear and Game Boy Color. It was Maclean's first commercial game.</p>
<p>Dropzone is similar in style to the arcade game Defender and borrows many elements, including the same font style, alien depictions, and title screen depictions.</p>",,[],1984-01-01,False,2019-08-28T22:02:02,https://media.rawg.io/media/screenshots/76d/76d3b8b9896a239fe8bfeb8d80d24155.jpg,https://media.rawg.io/media/screenshots/a75/a7512a07b23726b28e7f3a7afd05807d.jpg,,0.0,0,"[{'id': 3, 'title': 'meh', 'count': 1, 'percent': 100.0}]",11,0,12,0,1,0,0,,,,,0,0,0,0,1,259,[],,0,0,0,,1,0f0f0f,0f0f0f,"[{'platform': {'id': 2, 'name': 'PlayStation', 'slug': 'playstation'}}, {'platform': {'id': 7, 'name': 'Nintendo', 'slug': 'nintendo'}}, {'platform': {'id': 9, 'name': 'Atari', 'slug': 'atari'}}, {'platform': {'id': 10, 'name': 'Commodore / Amiga', 'slug': 'commodore-amiga'}}, {'platform': {'id': 11, 'name': 'SEGA', 'slug': 'sega'}}]","[{'platform': {'id': 43, 'name': 'Game Boy Color', 'slug': 'game-boy-color', 'image': None, 'year_end': None, 'year_start': None, 'games_count': 427, 'image_background': 'https://media.rawg.io/media/games/28b/28b088364ecab7870dffc3b710104734.jpg'}, 'released_at': '1984-01-01', 'requirements': {}}, {'platform': {'id': 25, 'name': 'Atari 8-bit', 'slug': 'atari-8-bit', 'image': None, 'year_end': None, 'year_start': None, 'games_count': 308, 'image_background': 'https://media.rawg.io/media/screenshots/038/0385a47d3a43b218204268af5361a19e.jpg'}, 'released_at': '1984-01-01', 'requirements': {}}, {'platform': {'id': 77, 'name': 'Game Gear', 'slug': 'game-gear', 'image': None, 'year_end': None, 'year_start': None, 'games_count': 228, 'image_background': 'https://media.rawg.io/media/games/e48/e4852b9be5eb6859870288d91f74aab6.jpg'}, 'released_at': '1984-01-01', 'requirements': {}}, {'platform': {'id': 26, 'name': 'Game Boy', 'slug': 'game-boy', 'image': None, 'year_end': None, 'year_start': None, 'games_count': 617, 'image_background': 'https://media.rawg.io/media/games/057/0573c1c9e1f2414c1f4acabe86ee9fd9.jpg'}, 'released_at': '1984-01-01', 'requirements': {}}, {'platform': {'id': 24, 'name': 'Game Boy Advance', 'slug': 'game-boy-advance', 'image': None, 'year_end': None, 'year_start': None, 'games_count': 950, 'image_background': 'https://media.rawg.io/media/games/98c/98c87b286cd2a2ba942167df384a9bd3.jpg'}, 'released_at': '1984-01-01', 'requirements': {}}, {'platform': {'id': 27, 'name': 'PlayStation', 'slug': 'playstation1', 'image': None, 'year_end': None, 'year_start': None, 'games_count': 1679, 'image_background': 'https://media.rawg.io/media/games/96a/96a48ac7487d9db9179d83170afcb16a.jpg'}, 'released_at': '1984-01-01', 'requirements': {}}, {'platform': {'id': 49, 'name': 'NES', 'slug': 'nes', 'image': None, 'year_end': None, 'year_start': None, 'games_count': 1015, 'image_background': 'https://media.rawg.io/media/games/7c5/7c50dd0415eb0a57505c58d4e50e4d24.jpg'}, 'released_at': '1984-01-01', 'requirements': {}}, {'platform': {'id': 79, 'name': 'SNES', 'slug': 'snes', 'image': None, 'year_end': None, 'year_start': None, 'games_count': 982, 'image_background': 'https://media.rawg.io/media/games/087/08727beb32c364d30e8b2a1aa8595f8e.jpg'}, 'released_at': '1984-01-01', 'requirements': {}}, {'platform': {'id': 166, 'name': 'Commodore / Amiga', 'slug': 'commodore-amiga', 'image': None, 'year_end': None, 'year_start': None, 'games_count': 2083, 'image_background': 'https://media.rawg.io/media/games/cce/cce8bebe861f295003f5a9fe5b11233f.jpg'}, 'released_at': '1984-01-01', 'requirements': {}}]",[],"[{'id': 26496, 'name': 'Archer MacLean', 'slug': 'archer-maclean', 'games_count': 2, 'image_background': 'https://media.rawg.io/media/screenshots/066/066c23f34ff215b2b7a277d468ed64a9.jpg'}, {'id': 26495, 'name': 'Arena Graphics', 'slug': 'arena-graphics', 'games_count': 1, 'image_background': 'https://media.rawg.io/media/screenshots/76d/76d3b8b9896a239fe8bfeb8d80d24155.jpg'}]","[{'id': 4, 'name': 'Action', 'slug': 'action', 'games_count': 186608, 'image_background': 'https://media.rawg.io/media/games/618/618c2031a07bbff6b4f611f10b6bcdbc.jpg'}]","[{'id': 31, 'name': 'Singleplayer', 'slug': 'singleplayer', 'language': 'eng', 'games_count': 238404, 'image_background': 'https://media.rawg.io/media/games/26d/26d4437715bee60138dab4a7c8c59c92.jpg'}]","[{'id': 11527, 'name': 'U.S. Gold', 'slug': 'us-gold-2', 'games_count': 95, 'image_background': 'https://media.rawg.io/media/games/eaa/eaa94a1203b9b8fdf5b01575c9e91591.jpg'}, {'id': 10943, 'name': 'MINDSCAPE', 'slug': 'mindscape', 'games_count': 108, 'image_background': 'https://media.rawg.io/media/screenshots/0b1/0b12ddf58af6047922a20dd0d310ad18.jpg'}]",,,"Dropzone is a shoot 'em up video game developed by Archer Maclean (under the name Arena Graphics) and published in 1984 by U.S. Gold. It was released for the Atari 8-bit family and Commodore 64, then later ported to the Nintendo Entertainment System, Game Boy, Game Gear and Game Boy Color. It was Maclean's first commercial game.
Dropzone is similar in style to the arcade game Defender and borrows many elements, including the same font style, alien depictions, and title screen depictions.",,7.0,1.0,2.0,1.0,,,,,,,,,,,,,,,,,0.0,,
55553,mindshadow-1984,Mindshadow (1984),Mindshadow (1984),"<p>Mindshadow is a 1984 adventure game released on various platforms including Amiga, Amstrad CPC, Apple II, Atari 8-bit, Atari ST, Commodore 64, Macintosh, PC Booter, ZX Spectrum. The game was developed by Interplay Productions and published by Activision.</p>",,[],1984-01-01,False,2019-01-09T12:41:06,https://media.rawg.io/media/screenshots/df6/df61eed8c85ac9877d899172807197d4.jpg,https://media.rawg.io/media/screenshots/742/742f916b7d81419988b23e59a653d89a.jpg,,0.0,0,[],11,0,16,0,0,0,0,,,,,0,0,0,0,0,307,[],,0,0,0,,0,0f0f0f,0f0f0f,"[{'platform': {'id': 5, 'name': 'Apple Macintosh', 'slug': 'mac'}}, {'platform': {'id': 9, 'name': 'Atari', 'slug': 'atari'}}, {'platform': {'id': 10, 'name': 'Commodore / Amiga', 'slug': 'commodore-amiga'}}]","[{'platform': {'id': 25, 'name': 'Atari 8-bit', 'slug': 'atari-8-bit', 'image': None, 'year_end': None, 'year_start': None, 'games_count': 308, 'image_background': 'https://media.rawg.io/media/screenshots/038/0385a47d3a43b218204268af5361a19e.jpg'}, 'released_at': '1984-01-01', 'requirements': {}}, {'platform': {'id': 34, 'name': 'Atari ST', 'slug': 'atari-st', 'image': None, 'year_end': None, 'year_start': None, 'games_count': 836, 'image_background': 'https://media.rawg.io/media/games/637/637d7dc2f44d0f6ddd3ee2c0b1366962.jpg'}, 'released_at': '1984-01-01', 'requirements': {}}, {'platform': {'id': 55, 'name': 'Classic Macintosh', 'slug': 'macintosh', 'image': None, 'year_end': None, 'year_start': None, 'games_count': 675, 'image_background': 'https://media.rawg.io/media/games/38a/38af969459ad6e5de116ec8a4a84218c.jpg'}, 'released_at': '1984-01-01', 'requirements': {}}, {'platform': {'id': 41, 'name': 'Apple II', 'slug': 'apple-ii', 'image': None, 'year_end': None, 'year_start': None, 'games_count': 424, 'image_background': 'https://media.rawg.io/media/screenshots/3d2/3d2bb57b39e2efa39d1c385585b2ea8b.jpg'}, 'released_at': '1984-01-01', 'requirements': {}}, {'platform': {'id': 166, 'name': 'Commodore / Amiga', 'slug': 'commodore-amiga', 'image': None, 'year_end': None, 'year_start': None, 'games_count': 2083, 'image_background': 'https://media.rawg.io/media/games/cce/cce8bebe861f295003f5a9fe5b11233f.jpg'}, 'released_at': '1984-01-01', 'requirements': {}}]",[],"[{'id': 12539, 'name': 'Interplay Entertainment', 'slug': 'interplay-entertainment', 'games_count': 61, 'image_background': 'https://media.rawg.io/media/screenshots/5ad/5adb88d1c6b9fc4fde1f372c9b6e451b.jpg'}]","[{'id': 3, 'name': 'Adventure', 'slug': 'adventure', 'games_count': 146481, 'image_background': 'https://media.rawg.io/media/games/b6b/b6b20bfc4b34e312dbc8aac53c95a348.jpg'}]","[{'id': 1534, 'name': 'atari', 'slug': 'atari', 'language': 'eng', 'games_count': 1158, 'image_background': 'https://media.rawg.io/media/screenshots/d10/d10fdd0fc764ad4a5d70fffa6aee1175.jpg'}]","[{'id': 10830, 'name': 'Activision Blizzard', 'slug': 'activision-blizzard', 'games_count': 691, 'image_background': 'https://media.rawg.io/media/games/445/44507fdd60a8ec02b1c3c64a293ca754.jpg'}]",,,"Mindshadow is a 1984 adventure game released on various platforms including Amiga, Amstrad CPC, Apple II, Atari 8-bit, Atari ST, Commodore 64, Macintosh, PC Booter, ZX Spectrum. The game was developed by Interplay Productions and published by Activision.",,5.0,2.0,3.0,1.0,,,,,,,,,,,,,,,,,0.0,,
56513,ghouls,Ghouls,Ghouls,"<p>Ghouls is an 8-bit computer game written by David Hoskins and published in the UK by Micro Power. It was released on the Acorn Electron, BBC Micro, Commodore 64 and Amstrad CPC in 1984.</p>",,[],1984-01-01,False,2019-08-28T22:25:57,https://media.rawg.io/media/screenshots/a72/a72e06b71a90e01dfd1dcfbc867d4813.jpg,https://media.rawg.io/media/screenshots/440/440cdbe7ab56efdb2085d2f917cce313.jpg,,0.0,0,[],11,0,8,0,0,0,0,,,,,0,0,0,0,0,206,[],,0,0,0,,0,0f0f0f,0f0f0f,"[{'platform': {'id': 10, 'name': 'Commodore / Amiga', 'slug': 'commodore-amiga'}}]","[{'platform': {'id': 166, 'name': 'Commodore / Amiga', 'slug': 'commodore-amiga', 'image': None, 'year_end': None, 'year_start': None, 'games_count': 2083, 'image_background': 'https://media.rawg.io/media/games/cce/cce8bebe861f295003f5a9fe5b11233f.jpg'}, 'released_at': '1984-01-01', 'requirements': {}}]",[],"[{'id': 27460, 'name': 'David Hoskins', 'slug': 'david-hoskins-from-an-idea-by-henry-yorke', 'games_count': 1, 'image_background': 'https://media.rawg.io/media/screenshots/a72/a72e06b71a90e01dfd1dcfbc867d4813.jpg'}]",[],"[{'id': 31, 'name': 'Singleplayer', 'slug': 'singleplayer', 'language': 'eng', 'games_count': 238404, 'image_background': 'https://media.rawg.io/media/games/26d/26d4437715bee60138dab4a7c8c59c92.jpg'}]","[{'id': 20518, 'name': 'Micro Power', 'slug': 'micro-power', 'games_count': 5, 'image_background': 'https://media.rawg.io/media/screenshots/a72/a72e06b71a90e01dfd1dcfbc867d4813.jpg'}]",,,"Ghouls is an 8-bit computer game written by David Hoskins and published in the UK by Micro Power. It was released on the Acorn Electron, BBC Micro, Commodore 64 and Amstrad CPC in 1984.",1.0,5.0,2.0,2.0,1.0,,,,,,,,,,,,,,,,,0.0,,
56559,hyper-sports,Hyper Sports,Hyper Sports,"<p>Hyper Sports, known in Japan as Hyper Olympic '84 (ハイパーオリンピック'84) is an arcade game published in 1984 by Konami. It is the sequel to 1983's Track &amp; Field and features seven all-new Olympic events. Like its predecessor, Hyper Sports has two run buttons and one action button per player. The Japanese release of the game sported an official license for the 1984 Summer Olympics.</p>",,[],1984-01-01,False,2019-08-28T22:00:25,https://media.rawg.io/media/screenshots/a65/a6596e72e293821e2fcabaf1fa9871d2.jpg,https://media.rawg.io/media/screenshots/042/042f4c7a1c420560b2c757c05a9f8891.jpg,,0.0,0,"[{'id': 5, 'title': 'exceptional', 'count': 1, 'percent': 50.0}, {'id': 4, 'title': 'recommended', 'count': 1, 'percent': 50.0}]",11,0,18,0,0,0,0,,,,,0,0,0,0,2,219,[],,0,0,0,,2,0f0f0f,0f0f0f,"[{'platform': {'id': 7, 'name': 'Nintendo', 'slug': 'nintendo'}}, {'platform': {'id': 10, 'name': 'Commodore / Amiga', 'slug': 'commodore-amiga'}}]","[{'platform': {'id': 166, 'name': 'Commodore / Amiga', 'slug': 'commodore-amiga', 'image': None, 'year_end': None, 'year_start': None, 'games_count': 2083, 'image_background': 'https://media.rawg.io/media/games/cce/cce8bebe861f295003f5a9fe5b11233f.jpg'}, 'released_at': '1984-01-01', 'requirements': {}}, {'platform': {'id': 49, 'name': 'NES', 'slug': 'nes', 'image': None, 'year_end': None, 'year_start': None, 'games_count': 1015, 'image_background': 'https://media.rawg.io/media/games/7c5/7c50dd0415eb0a57505c58d4e50e4d24.jpg'}, 'released_at': '1984-01-01', 'requirements': {}}]",[],"[{'id': 1971, 'name': 'Konami Digital Entertainment', 'slug': 'konami-digital-entertainment', 'games_count': 467, 'image_background': 'https://media.rawg.io/media/games/d56/d56412cd670313ef306da64669c381d8.jpg'}]","[{'id': 15, 'name': 'Sports', 'slug': 'sports', 'games_count': 22123, 'image_background': 'https://media.rawg.io/media/games/5eb/5eb49eb2fa0738fdb5bacea557b1bc57.jpg'}]","[{'id': 31, 'name': 'Singleplayer', 'slug': 'singleplayer', 'language': 'eng', 'games_count': 238404, 'image_background': 'https://media.rawg.io/media/games/26d/26d4437715bee60138dab4a7c8c59c92.jpg'}, {'id': 7, 'name': 'Multiplayer', 'slug': 'multiplayer', 'language': 'eng', 'games_count': 40505, 'image_background': 'https://media.rawg.io/media/games/021/021c4e21a1824d2526f925eff6324653.jpg'}, {'id': 365, 'name': 'Two Players', 'slug': 'two-players', 'language': 'eng', 'games_count': 19, 'image_background': 'https://media.rawg.io/media/screenshots/a65/a6596e72e293821e2fcabaf1fa9871d2.jpg'}, {'id': 366, 'name': 'Four players total', 'slug': 'four-players-total', 'language': 'eng', 'games_count': 2, 'image_background': 'https://media.rawg.io/media/screenshots/302/302194255e6214987be60ccbd726ccc2.jpg'}]","[{'id': 10691, 'name': 'Konami', 'slug': 'konami', 'games_count': 788, 'image_background': 'https://media.rawg.io/media/games/85e/85e4c8a78cf9b82b5ed19262fe00c00f.jpg'}, {'id': 19433, 'name': 'Centuri', 'slug': 'centuri', 'games_count': 7, 'image_background': 'https://media.rawg.io/media/screenshots/302/302194255e6214987be60ccbd726ccc2.jpg'}]",,,"Hyper Sports, known in Japan as Hyper Olympic '84 (ハイパーオリンピック'84) is an arcade game published in 1984 by Konami. It is the sequel to 1983's Track & Field and features seven all-new Olympic events. Like its predecessor, Hyper Sports has two run buttons and one action button per player. The Japanese release of the game sported an official license for the 1984 Summer Olympics.",,5.0,3.0,2.0,1.0,,,,,,,,,,,,,,,,,0.0,,
56860,treasure-island-1984,Treasure Island (1984),Treasure Island (1984),"<p>Treasure Island is a 1984 computer game based on the book Treasure Island by Robert Louis Stevenson. In the game, the player takes on the role of Jim Hawkins (the protagonist of the book), and has to battle through hordes of pirates before a final showdown with Long John Silver. The game view did not scroll, but used a flip-screen style.</p>
<p>The programming was done by Greg Duddle, and the music was rendered by David Whittaker. The version for the Commodore 64 and MSX was released in 1984, and the Commodore Plus/4 version was from 1985.</p>",,[],1984-01-01,False,2019-08-28T22:00:16,https://media.rawg.io/media/screenshots/e87/e872e32ee2f679413d09403526fbbf12.jpg,https://media.rawg.io/media/screenshots/626/626de1732e1853f485802b84721b1694.jpg,,0.0,0,[],11,0,8,0,0,0,0,,,,,0,0,0,0,0,115,[],,0,0,0,,0,0f0f0f,0f0f0f,"[{'platform': {'id': 10, 'name': 'Commodore / Amiga', 'slug': 'commodore-amiga'}}]","[{'platform': {'id': 166, 'name': 'Commodore / Amiga', 'slug': 'commodore-amiga', 'image': None, 'year_end': None, 'year_start': None, 'games_count': 2083, 'image_background': 'https://media.rawg.io/media/games/cce/cce8bebe861f295003f5a9fe5b11233f.jpg'}, 'released_at': '1984-01-01', 'requirements': {}}]",[],[],[],"[{'id': 31, 'name': 'Singleplayer', 'slug': 'singleplayer', 'language': 'eng', 'games_count': 238404, 'image_background': 'https://media.rawg.io/media/games/26d/26d4437715bee60138dab4a7c8c59c92.jpg'}]","[{'id': 20629, 'name': 'Mr. Micro', 'slug': 'mr-micro', 'games_count': 1, 'image_background': 'https://media.rawg.io/media/screenshots/e87/e872e32ee2f679413d09403526fbbf12.jpg'}]",,,"Treasure Island is a 1984 computer game based on the book Treasure Island by Robert Louis Stevenson. In the game, the player takes on the role of Jim Hawkins (the protagonist of the book), and has to battle through hordes of pirates before a final showdown with Long John Silver. The game view did not scroll, but used a flip-screen style.
The programming was done by Greg Duddle, and the music was rendered by David Whittaker. The version for the Commodore 64 and MSX was released in 1984, and the Commodore Plus/4 version was from 1985.",,6.0,2.0,2.0,1.0,,,,,,,,,,,,,,,,,0.0,,
55574,overdrive-1984,Overdrive (1984),Overdrive (1984),<p>Overdrive is an arcade-style motor racing game which was written by Peter Johnson for the Acorn Electron and BBC Micro and released in 1984 by Superior Software.</p>,,[],1984-01-01,False,2019-08-28T22:00:58,https://media.rawg.io/media/screenshots/c77/c77c9d8abd9dc62448d9f5f26e6f087f.jpg,https://media.rawg.io/media/screenshots/792/7928effad0914fb599f51a88feffcfd1.jpg,,0.0,0,[],11,0,6,0,1,0,0,,,,,0,0,0,0,0,136,[],,0,0,0,,0,0f0f0f,0f0f0f,"[{'platform': {'id': 10, 'name': 'Commodore / Amiga', 'slug': 'commodore-amiga'}}]","[{'platform': {'id': 166, 'name': 'Commodore / Amiga', 'slug': 'commodore-amiga', 'image': None, 'year_end': None, 'year_start': None, 'games_count': 2083, 'image_background': 'https://media.rawg.io/media/games/cce/cce8bebe861f295003f5a9fe5b11233f.jpg'}, 'released_at': '1984-01-01', 'requirements': {}}]",[],"[{'id': 27092, 'name': 'Superior Software', 'slug': 'superior-software', 'games_count': 3, 'image_background': 'https://media.rawg.io/media/screenshots/90b/90bd23027daeeb725832dbcf41e85fa6.jpg'}]","[{'id': 1, 'name': 'Racing', 'slug': 'racing', 'games_count': 25359, 'image_background': 'https://media.rawg.io/media/screenshots/69b/69bb243ea9896ddfc2e051b58e81624d.jpg'}]","[{'id': 31, 'name': 'Singleplayer', 'slug': 'singleplayer', 'language': 'eng', 'games_count': 238404, 'image_background': 'https://media.rawg.io/media/games/26d/26d4437715bee60138dab4a7c8c59c92.jpg'}, {'id': 378, 'name': 'One player', 'slug': 'one-player-2', 'language': 'eng', 'games_count': 20, 'image_background': 'https://media.rawg.io/media/screenshots/fae/fae97e1c49e0a6d701e275166b1835f3.jpg'}]","[{'id': 19408, 'name': 'Superior Software', 'slug': 'superior-software', 'games_count': 20, 'image_background': 'https://media.rawg.io/media/screenshots/c5f/c5f8bbb01493ed77a498f4fc25dc3234.jpg'}]",,,Overdrive is an arcade-style motor racing game which was written by Peter Johnson for the Acorn Electron and BBC Micro and released in 1984 by Superior Software.,,5.0,2.0,3.0,1.0,,,,,,,,,,,,,,,,,0.0,,
56366,break-dance,Break Dance,Break Dance,"<p>Break Dance (also known as Breakdance) is a Commodore 64 rhythm game that relies on players making dancing moves that resemble the classic game Simon says. The game capitalized on early 1980s-era b-boying, which was a popular trend in American culture. The game was inspired by the films Flashdance and Beat Street.</p>",,[],1984-01-01,False,2019-08-28T22:00:31,,,,0.0,0,[],11,0,0,0,1,0,0,,,,,0,0,0,0,0,0,[],,0,0,0,,0,0f0f0f,0f0f0f,"[{'platform': {'id': 10, 'name': 'Commodore / Amiga', 'slug': 'commodore-amiga'}}]","[{'platform': {'id': 166, 'name': 'Commodore / Amiga', 'slug': 'commodore-amiga', 'image': None, 'year_end': None, 'year_start': None, 'games_count': 2083, 'image_background': 'https://media.rawg.io/media/games/cce/cce8bebe861f295003f5a9fe5b11233f.jpg'}, 'released_at': '1984-01-01', 'requirements': {}}]",[],"[{'id': 16020, 'name': 'Beck-Tech', 'slug': 'beck-tech', 'games_count': 2, 'image_background': 'https://media.rawg.io/media/screenshots/df3/df34a95fc10f8ffe3ee31ece16be45e9.jpg'}]","[{'id': 15, 'name': 'Sports', 'slug': 'sports', 'games_count': 22123, 'image_background': 'https://media.rawg.io/media/games/5eb/5eb49eb2fa0738fdb5bacea557b1bc57.jpg'}]","[{'id': 31, 'name': 'Singleplayer', 'slug': 'singleplayer', 'language': 'eng', 'games_count': 238404, 'image_background': 'https://media.rawg.io/media/games/26d/26d4437715bee60138dab4a7c8c59c92.jpg'}, {'id': 7, 'name': 'Multiplayer', 'slug': 'multiplayer', 'language': 'eng', 'games_count': 40505, 'image_background': 'https://media.rawg.io/media/games/021/021c4e21a1824d2526f925eff6324653.jpg'}]","[{'id': 11929, 'name': 'Epyx', 'slug': 'epyx', 'games_count': 44, 'image_background': 'https://media.rawg.io/media/screenshots/189/1890b76089fc24b04ca7ce2fc3299274.jpg'}]",,,"Break Dance (also known as Breakdance) is a Commodore 64 rhythm game that relies on players making dancing moves that resemble the classic game Simon says. The game capitalized on early 1980s-era b-boying, which was a popular trend in American culture. The game was inspired by the films Flashdance and Beat Street.",,6.0,2.0,2.0,1.0,,,,,,,,,,,,,,,,,0.0,,
56492,frak,Frak!,Frak!,"<p>Frak! is a 1980s computer game originally programmed in machine code by Nick Pelling for the BBC Micro and Acorn Electron and published by his own 'Aardvark' software label in 1984. The game was noted for its ""outstanding"" graphics, with its characters being compared in one review to early Disney cartoons.</p>
<p>The game was ported to the Commodore 64 the following year by 'The B Team' (Jason Perkins, Anthony Clarke and Mark Rodgers). The BBC and Electron versions were included on the Superior Software compilation Play It Again Sam 4 in 1987 and re-issued in budget form by 'Alternative Software' in 1989.</p>",,[],1984-01-01,False,2019-08-28T22:00:27,https://media.rawg.io/media/screenshots/db5/db5c2dd688968109e3d0882ac4db9cf2.jpg,https://media.rawg.io/media/screenshots/c6d/c6d0f7d563e1a4b1d32f55a21080692c.jpg,,0.0,0,[],11,0,8,0,1,0,0,,,,,0,0,0,0,0,166,[],,0,0,0,,0,0f0f0f,0f0f0f,"[{'platform': {'id': 10, 'name': 'Commodore / Amiga', 'slug': 'commodore-amiga'}}]","[{'platform': {'id': 166, 'name': 'Commodore / Amiga', 'slug': 'commodore-amiga', 'image': None, 'year_end': None, 'year_start': None, 'games_count': 2083, 'image_background': 'https://media.rawg.io/media/games/cce/cce8bebe861f295003f5a9fe5b11233f.jpg'}, 'released_at': '1984-01-01', 'requirements': {}}]",[],"[{'id': 15334, 'name': 'Aardvark Software', 'slug': 'aardvark-software', 'games_count': 4, 'image_background': 'https://media.rawg.io/media/screenshots/db5/db5c2dd688968109e3d0882ac4db9cf2.jpg'}, {'id': 27452, 'name': 'Nick Pelling', 'slug': 'nick-pelling', 'games_count': 3, 'image_background': 'https://media.rawg.io/media/screenshots/73d/73d8e2a411f6531cd0879d444b07a483.jpg'}]",[],"[{'id': 31, 'name': 'Singleplayer', 'slug': 'singleplayer', 'language': 'eng', 'games_count': 238404, 'image_background': 'https://media.rawg.io/media/games/26d/26d4437715bee60138dab4a7c8c59c92.jpg'}]","[{'id': 20539, 'name': 'Aardvark Software', 'slug': 'aardvark-software', 'games_count': 1, 'image_background': 'https://media.rawg.io/media/screenshots/db5/db5c2dd688968109e3d0882ac4db9cf2.jpg'}, {'id': 20540, 'name': 'State Soft', 'slug': 'state-soft', 'games_count': 1, 'image_background': 'https://media.rawg.io/media/screenshots/db5/db5c2dd688968109e3d0882ac4db9cf2.jpg'}]",,,"Frak! is a 1980s computer game originally programmed in machine code by Nick Pelling for the BBC Micro and Acorn Electron and published by his own 'Aardvark' software label in 1984. The game was noted for its ""outstanding"" graphics, with its characters being compared in one review to early Disney cartoons.
The game was ported to the Commodore 64 the following year by 'The B Team' (Jason Perkins, Anthony Clarke and Mark Rodgers). The BBC and Electron versions were included on the Superior Software compilation Play It Again Sam 4 in 1987 and re-issued in budget form by 'Alternative Software' in 1989.",,6.0,2.0,2.0,1.0,,,,,,,,,,,,,,,,,0.0,,
56593,kokotoni-wilf,Kokotoni Wilf,Kokotoni Wilf,"<p>Kokotoni Wilf is an arcade adventure game released by Elite Systems in 1984 for the Amstrad CPC, Commodore 64 and ZX Spectrum home computers. The game was inspired by Jet Set Willy.</p>",,[],1984-01-01,False,2019-08-28T22:00:24,https://media.rawg.io/media/screenshots/287/287699fbb7abdd54f93485ddbfb7c358.jpg,https://media.rawg.io/media/screenshots/038/0388212cc4be251ffa17b2caf1da573e.jpg,,0.0,0,"[{'id': 1, 'title': 'skip', 'count': 1, 'percent': 100.0}]",11,0,9,0,0,0,0,,,,,0,0,0,0,1,187,[],,0,0,0,,1,0f0f0f,0f0f0f,"[{'platform': {'id': 10, 'name': 'Commodore / Amiga', 'slug': 'commodore-amiga'}}]","[{'platform': {'id': 166, 'name': 'Commodore / Amiga', 'slug': 'commodore-amiga', 'image': None, 'year_end': None, 'year_start': None, 'games_count': 2083, 'image_background': 'https://media.rawg.io/media/games/cce/cce8bebe861f295003f5a9fe5b11233f.jpg'}, 'released_at': '1984-01-01', 'requirements': {}}]",[],[],[],"[{'id': 31, 'name': 'Singleplayer', 'slug': 'singleplayer', 'language': 'eng', 'games_count': 238404, 'image_background': 'https://media.rawg.io/media/games/26d/26d4437715bee60138dab4a7c8c59c92.jpg'}]","[{'id': 11855, 'name': 'Elite Systems', 'slug': 'elite-systems', 'games_count': 28, 'image_background': 'https://media.rawg.io/media/screenshots/310/310b7ee55711ca5b0b4e7cd11a6bf3d1_FhUKexc.jpg'}]",,,"Kokotoni Wilf is an arcade adventure game released by Elite Systems in 1984 for the Amstrad CPC, Commodore 64 and ZX Spectrum home computers. The game was inspired by Jet Set Willy.",,6.0,2.0,2.0,1.0,,,,,,,,,,,,,,,,,0.0,,
56301,anter-planter,Anter Planter,Anter Planter,"<p>Anter Planter (also Anter-Planter) is a 1984 action computer game designed by Marcus Charleville &amp; Richard Dagsköld, and published by Romik Software. The game was only released on the Commodore 64 using the Commodore's Tape Drive media peripheral.</p>",,[],1984-01-01,False,2019-08-28T22:00:33,,,,0.0,0,[],11,0,0,0,2,0,0,,,,,0,0,0,0,0,0,[],,0,0,0,,0,0f0f0f,0f0f0f,"[{'platform': {'id': 10, 'name': 'Commodore / Amiga', 'slug': 'commodore-amiga'}}]","[{'platform': {'id': 166, 'name': 'Commodore / Amiga', 'slug': 'commodore-amiga', 'image': None, 'year_end': None, 'year_start': None, 'games_count': 2083, 'image_background': 'https://media.rawg.io/media/games/cce/cce8bebe861f295003f5a9fe5b11233f.jpg'}, 'released_at': '1984-01-01', 'requirements': {}}]",[],"[{'id': 27357, 'name': 'Romik Software', 'slug': 'romik-software', 'games_count': 1, 'image_background': ''}]","[{'id': 4, 'name': 'Action', 'slug': 'action', 'games_count': 186608, 'image_background': 'https://media.rawg.io/media/games/618/618c2031a07bbff6b4f611f10b6bcdbc.jpg'}]","[{'id': 31, 'name': 'Singleplayer', 'slug': 'singleplayer', 'language': 'eng', 'games_count': 238404, 'image_background': 'https://media.rawg.io/media/games/26d/26d4437715bee60138dab4a7c8c59c92.jpg'}]","[{'id': 20478, 'name': 'Romik Software', 'slug': 'romik-software', 'games_count': 1, 'image_background': ''}]",,,"Anter Planter (also Anter-Planter) is a 1984 action computer game designed by Marcus Charleville & Richard Dagsköld, and published by Romik Software. The game was only released on the Commodore 64 using the Commodore's Tape Drive media peripheral.",,6.0,2.0,2.0,1.0,,,,,,,,,,,,,,,,,0.0,,
56360,booty,Booty,Booty,"<p>Booty is a platform game released in 1984 for the Amstrad CPC, Commodore 64, Commodore Plus/4, and ZX Spectrum. The game was one of Firebird's launch titles.</p>",,[],1984-01-01,False,2019-08-28T22:25:59,https://media.rawg.io/media/screenshots/a38/a38a2d68cc586603b9162f5e25b14245.jpg,https://media.rawg.io/media/screenshots/c3b/c3be58d87c69e4c7cc9f00cbd778da99.jpg,,0.0,0,[],11,0,8,0,1,0,0,,,,,0,0,0,0,0,293,[],,0,0,0,,0,0f0f0f,0f0f0f,"[{'platform': {'id': 10, 'name': 'Commodore / Amiga', 'slug': 'commodore-amiga'}}]","[{'platform': {'id': 166, 'name': 'Commodore / Amiga', 'slug': 'commodore-amiga', 'image': None, 'year_end': None, 'year_start': None, 'games_count': 2083, 'image_background': 'https://media.rawg.io/media/games/cce/cce8bebe861f295003f5a9fe5b11233f.jpg'}, 'released_at': '1984-01-01', 'requirements': {}}]",[],[],[],"[{'id': 31, 'name': 'Singleplayer', 'slug': 'singleplayer', 'language': 'eng', 'games_count': 238404, 'image_background': 'https://media.rawg.io/media/games/26d/26d4437715bee60138dab4a7c8c59c92.jpg'}]","[{'id': 20199, 'name': 'Telecomsoft', 'slug': 'telecomsoft', 'games_count': 28, 'image_background': 'https://media.rawg.io/media/screenshots/b56/b569505ea715521ab76621752fa0c6a4.jpg'}, {'id': 19518, 'name': 'Firebird', 'slug': 'firebird', 'games_count': 13, 'image_background': 'https://media.rawg.io/media/screenshots/a38/a38a2d68cc586603b9162f5e25b14245.jpg'}]",,,"Booty is a platform game released in 1984 for the Amstrad CPC, Commodore 64, Commodore Plus/4, and ZX Spectrum. The game was one of Firebird's launch titles.",,6.0,2.0,2.0,1.0,,,,,,,,,,,,,,,,,0.0,,
54805,the-black-onyx,The Black Onyx,The Black Onyx,"<p>The Black Onyx (ザ・ブラックオニキス, Za Burakku Onikisu) is a 1984 role-playing video game released in Japan, developed by Bullet-Proof Software, with development led by Henk Rogers. It was one of the first successful Japanese-language RPGs, having sold 150,000 copies, and helped familiarize the Japanese public with RPGs. It was originally released for the NEC PC-8801, and ported to several other platforms. The Famicom version featured completely redesigned gameplay, a new map, and was retitled Super Black Onyx (スーパーブラックオニキス). The Game Boy Color port was developed by Atelier Double and published by Taito. The Game Boy Color port added enhanced visuals and included an option to play through the game with the original game's visual style.</p>
<p>Because of memory limitations, another part of the game was released separately on some platforms as The Fire Crystal (ザ・ファイアクリスタル) (which added a magic system). Two other parts were announced, The Moonstone (ザ・ムーンストーン) (which allowed the party to explore the wilderness), and Arena (アリーナ) (which allowed the party to take part in Arena battles).</p>
<p>The SG-1000 version was one of the last official releases for that console, succeeded only by Portrait of Loretta. An English-language fan-translation was made available for the SG-1000 version by back-porting from the abandoned source files for a similar hobby conversion project for the ColecoVision system. A group called Team Pixelboy then later on used those same source files to complete their project and released an unofficial English-language ColecoVision game in 2013.</p>",,[],1984-01-01,False,2019-08-28T22:01:22,https://media.rawg.io/media/screenshots/ac8/ac8336b4ce617c68e2eb08d2b375298c.jpg,https://media.rawg.io/media/screenshots/1ee/1eeb08c44e0c5c63b952cefbbde5edcc.jpg,,0.0,0,"[{'id': 4, 'title': 'recommended', 'count': 1, 'percent': 100.0}]",11,0,8,0,3,0,0,,,,,0,0,0,0,1,198,[],,0,0,0,,1,0f0f0f,0f0f0f,"[{'platform': {'id': 7, 'name': 'Nintendo', 'slug': 'nintendo'}}]","[{'platform': {'id': 43, 'name': 'Game Boy Color', 'slug': 'game-boy-color', 'image': None, 'year_end': None, 'year_start': None, 'games_count': 427, 'image_background': 'https://media.rawg.io/media/games/28b/28b088364ecab7870dffc3b710104734.jpg'}, 'released_at': '1984-01-01', 'requirements': {}}, {'platform': {'id': 49, 'name': 'NES', 'slug': 'nes', 'image': None, 'year_end': None, 'year_start': None, 'games_count': 1015, 'image_background': 'https://media.rawg.io/media/games/7c5/7c50dd0415eb0a57505c58d4e50e4d24.jpg'}, 'released_at': '1984-01-01', 'requirements': {}}]",[],"[{'id': 26592, 'name': 'Bullet-Proof Software', 'slug': 'bullet-proof-software', 'games_count': 4, 'image_background': 'https://media.rawg.io/media/screenshots/ac8/ac8336b4ce617c68e2eb08d2b375298c.jpg'}, {'id': 26875, 'name': 'Henk Rogers', 'slug': 'henk-rogers', 'games_count': 1, 'image_background': 'https://media.rawg.io/media/screenshots/ac8/ac8336b4ce617c68e2eb08d2b375298c.jpg'}]","[{'id': 5, 'name': 'RPG', 'slug': 'role-playing-games-rpg', 'games_count': 59370, 'image_background': 'https://media.rawg.io/media/games/f6b/f6bed028b02369d4cab548f4f9337e81.jpg'}]","[{'id': 31, 'name': 'Singleplayer', 'slug': 'singleplayer', 'language': 'eng', 'games_count': 238404, 'image_background': 'https://media.rawg.io/media/games/26d/26d4437715bee60138dab4a7c8c59c92.jpg'}]","[{'id': 19509, 'name': 'Bullet-Proof Software', 'slug': 'bullet-proof-software', 'games_count': 7, 'image_background': 'https://media.rawg.io/media/screenshots/9e5/9e57c4e5b38e6ee6605906edd9d4b4b2.jpg'}, {'id': 20172, 'name': 'Blue Planet Software', 'slug': 'blue-planet-software', 'games_count': 3, 'image_background': 'https://media.rawg.io/media/screenshots/409/40930bf87e455f8bf6f1f7a37f31182e.jpg'}]",,,"The Black Onyx (ザ・ブラックオニキス, Za Burakku Onikisu) is a 1984 role-playing video game released in Japan, developed by Bullet-Proof Software, with development led by Henk Rogers. It was one of the first successful Japanese-language RPGs, having sold 150,000 copies, and helped familiarize the Japanese public with RPGs. It was originally released for the NEC PC-8801, and ported to several other platforms. The Famicom version featured completely redesigned gameplay, a new map, and was retitled Super Black Onyx (スーパーブラックオニキス). The Game Boy Color port was developed by Atelier Double and published by Taito. The Game Boy Color port added enhanced visuals and included an option to play through the game with the original game's visual style.
Because of memory limitations, another part of the game was released separately on some platforms as The Fire Crystal (ザ・ファイアクリスタル) (which added a magic system). Two other parts were announced, The Moonstone (ザ・ムーンストーン) (which allowed the party to explore the wilderness), and Arena (アリーナ) (which allowed the party to take part in Arena battles).
The SG-1000 version was one of the last official releases for that console, succeeded only by Portrait of Loretta. An English-language fan-translation was made available for the SG-1000 version by back-porting from the abandoned source files for a similar hobby conversion project for the ColecoVision system. A group called Team Pixelboy then later on used those same source files to complete their project and released an unofficial English-language ColecoVision game in 2013.",,5.0,2.0,3.0,1.0,,,,,,,,,,,,,,,,,0.0,,
56844,the-thompson-twins-adventure,The Thompson Twins Adventure,The Thompson Twins Adventure,"<p>The Thompson Twins Adventure is a 1984 graphic adventure game that was distributed by Computer and Video Games magazine as a promotional 7"" flexi disc ""freebie"" along with its October 1984 issue (Issue 36). The game is based on the Thompson Twins' single ""Doctor! Doctor!"", and features the Thompson Twins band members as the protagonists. The unusual storage format of the game showcases an experimental technique pioneered by the London-based Flexi Records label, and places the game alongside a small handful of other games distributed on grooved disks. This format never became established and The Thompson Twins Adventure is today valued more for its nostalgic and artifactual value than for its ludological aspects which have been uniformly panned by critics.</p>",,[],1984-10-01,False,2019-08-28T22:00:16,https://media.rawg.io/media/screenshots/fd5/fd57b63c215e9fe19397a89f48333a4e.jpg,https://media.rawg.io/media/screenshots/947/94733aaa83de5fae84463bfb6adad9bd.jpg,,0.0,0,[],11,0,6,0,2,0,0,,,,,0,0,0,0,0,130,[],,0,0,0,,0,0f0f0f,0f0f0f,"[{'platform': {'id': 10, 'name': 'Commodore / Amiga', 'slug': 'commodore-amiga'}}]","[{'platform': {'id': 166, 'name': 'Commodore / Amiga', 'slug': 'commodore-amiga', 'image': None, 'year_end': None, 'year_start': None, 'games_count': 2083, 'image_background': 'https://media.rawg.io/media/games/cce/cce8bebe861f295003f5a9fe5b11233f.jpg'}, 'released_at': '1984-10-01', 'requirements': {}}]",[],"[{'id': 27361, 'name': 'Quicksilva', 'slug': 'quicksilva', 'games_count': 4, 'image_background': 'https://media.rawg.io/media/screenshots/a66/a667bbfeb01e23bedc1e6a0eb9774770.jpg'}]","[{'id': 3, 'name': 'Adventure', 'slug': 'adventure', 'games_count': 146481, 'image_background': 'https://media.rawg.io/media/games/b6b/b6b20bfc4b34e312dbc8aac53c95a348.jpg'}]","[{'id': 31, 'name': 'Singleplayer', 'slug': 'singleplayer', 'language': 'eng', 'games_count': 238404, 'image_background': 'https://media.rawg.io/media/games/26d/26d4437715bee60138dab4a7c8c59c92.jpg'}]","[{'id': 20624, 'name': 'Computer and Video Games', 'slug': 'computer-and-video-games', 'games_count': 2, 'image_background': 'https://media.rawg.io/media/screenshots/fd5/fd57b63c215e9fe19397a89f48333a4e.jpg'}]",,,"The Thompson Twins Adventure is a 1984 graphic adventure game that was distributed by Computer and Video Games magazine as a promotional 7"" flexi disc ""freebie"" along with its October 1984 issue (Issue 36). The game is based on the Thompson Twins' single ""Doctor! Doctor!"", and features the Thompson Twins band members as the protagonists. The unusual storage format of the game showcases an experimental technique pioneered by the London-based Flexi Records label, and places the game alongside a small handful of other games distributed on grooved disks. This format never became established and The Thompson Twins Adventure is today valued more for its nostalgic and artifactual value than for its ludological aspects which have been uniformly panned by critics.",,5.0,2.0,3.0,1.0,,,,,,,,,,,,,,,,,0.0,,
55944,the-tower-of-druaga-1984,The Tower of Druaga (1984),The Tower of Druaga (1984),"<p>The Tower of Druaga (ドルアーガの塔, Doruāga no Tō) is a maze-based action role-playing arcade game released by Namco in 1984. It is the first game in the Babylonian Castle Saga series, inspired by Sumerian and Babylonian mythology, including the Epic of Gilgamesh and Tower of Babel.<br />
It was conceived as a &quot;fantasy Pac-Man&quot; with combat, puzzle-solving and subtle role-playing elements. The Tower of Druaga was a success in Japan, where it attracted millions of fans, with its mix of arcade action and role-playing elements. It laid the foundations for the action role-playing game genre, as it largely began the trend of combining arcade-style action mechanics with RPG elements. It inspired a number of action role-playing games, including Dragon Slayer, Courageous Perseus, Hydlide, and Ys, as well as The Legend of Zelda, in addition to Dragon Quest creator Koichi Nakamura.<br />
The Tower of Druaga runs on Namco Super Pac-Man hardware but with a video system like that used in Mappy, and is the first game from Namco to display its year in Roman numerals on the title screen. It was later ported to the MSX, Famicom and remade for the PC Engine platform by Game Studio. Its first appearance outside Japan was in the third compilation of the Namco Museum Volume series for the PlayStation and also appears on Namco Museum compilations for Nintendo DS, PSP, and Xbox 360.<br />
Originally the game and its sequels had no specific setting other than &quot;the tower&quot;. However, in recent years, the series has been retconned as being set in the fantasy kingdom of &quot;Babylim&quot;. A 2008 reboot anime series, beginning with The Tower of Druaga: The Aegis of Uruk, uses the game as its back story, though is set many decades later.</p>",,[],1984-07-20,False,2024-01-16T16:04:13,https://media.rawg.io/media/games/ec4/ec41bfc591bc8afcb9b50746e97d5db4.jpg,https://media.rawg.io/media/screenshots/1c2/1c22806b6325777946999eaea26d8f78.jpg,,0.0,0,"[{'id': 1, 'title': 'skip', 'count': 1, 'percent': 100.0}]",11,0,20,0,4,0,0,,,,,0,0,0,0,1,108,"['Doruāga no Tō', 'Druaga no Tou', 'ドルアーガの塔']",,0,0,2,,1,0f0f0f,0f0f0f,"[{'platform': {'id': 7, 'name': 'Nintendo', 'slug': 'nintendo'}}, {'platform': {'id': 9, 'name': 'Atari', 'slug': 'atari'}}]","[{'platform': {'id': 105, 'name': 'GameCube', 'slug': 'gamecube', 'image': None, 'year_end': None, 'year_start': None, 'games_count': 634, 'image_background': 'https://media.rawg.io/media/games/45f/45f6d31b0fcefe029e33d258a7beb6a2.jpg'}, 'released_at': '1984-07-20', 'requirements': {}}, {'platform': {'id': 49, 'name': 'NES', 'slug': 'nes', 'image': None, 'year_end': None, 'year_start': None, 'games_count': 1015, 'image_background': 'https://media.rawg.io/media/games/7c5/7c50dd0415eb0a57505c58d4e50e4d24.jpg'}, 'released_at': '1984-07-20', 'requirements': {}}, {'platform': {'id': 26, 'name': 'Game Boy', 'slug': 'game-boy', 'image': None, 'year_end': None, 'year_start': None, 'games_count': 617, 'image_background': 'https://media.rawg.io/media/games/057/0573c1c9e1f2414c1f4acabe86ee9fd9.jpg'}, 'released_at': '1984-07-20', 'requirements': {}}, {'platform': {'id': 25, 'name': 'Atari 8-bit', 'slug': 'atari-8-bit', 'image': None, 'year_end': None, 'year_start': None, 'games_count': 308, 'image_background': 'https://media.rawg.io/media/screenshots/038/0385a47d3a43b218204268af5361a19e.jpg'}, 'released_at': '1984-07-20', 'requirements': {}}]",[],"[{'id': 10055, 'name': 'NAMCO', 'slug': 'namco', 'games_count': 127, 'image_background': 'https://media.rawg.io/media/games/2ff/2ff5b06428e4b016f3b79cf299bd6596.jpg'}, {'id': 28389, 'name': 'GAME STUDIO', 'slug': 'game-studio-inc', 'games_count': 8, 'image_background': 'https://media.rawg.io/media/screenshots/a3d/a3d3f9671b737eb0999f20426d587ce1.jpg'}]","[{'id': 4, 'name': 'Action', 'slug': 'action', 'games_count': 186608, 'image_background': 'https://media.rawg.io/media/games/618/618c2031a07bbff6b4f611f10b6bcdbc.jpg'}, {'id': 5, 'name': 'RPG', 'slug': 'role-playing-games-rpg', 'games_count': 59370, 'image_background': 'https://media.rawg.io/media/games/f6b/f6bed028b02369d4cab548f4f9337e81.jpg'}]","[{'id': 31, 'name': 'Singleplayer', 'slug': 'singleplayer', 'language': 'eng', 'games_count': 238404, 'image_background': 'https://media.rawg.io/media/games/26d/26d4437715bee60138dab4a7c8c59c92.jpg'}, {'id': 418, 'name': '2 players', 'slug': '2-players', 'language': 'eng', 'games_count': 1244, 'image_background': 'https://media.rawg.io/media/screenshots/f9a/f9ac59bb4af2ca2193ee9ffb979577cf.jpg'}, {'id': 348, 'name': 'alternating turns', 'slug': 'alternating-turns', 'language': 'eng', 'games_count': 64, 'image_background': 'https://media.rawg.io/media/games/6f8/6f8fb1e98393f72b47f1f909d5b649d4.jpg'}]","[{'id': 10901, 'name': 'Namco', 'slug': 'namco', 'games_count': 215, 'image_background': 'https://media.rawg.io/media/games/fc5/fc503876ca1ca34e160e88671af86e88.jpg'}]",,,"The Tower of Druaga (ドルアーガの塔, Doruāga no Tō) is a maze-based action role-playing arcade game released by Namco in 1984. It is the first game in the Babylonian Castle Saga series, inspired by Sumerian and Babylonian mythology, including the Epic of Gilgamesh and Tower of Babel.
It was conceived as a ""fantasy Pac-Man"" with combat, puzzle-solving and subtle role-playing elements. The Tower of Druaga was a success in Japan, where it attracted millions of fans, with its mix of arcade action and role-playing elements. It laid the foundations for the action role-playing game genre, as it largely began the trend of combining arcade-style action mechanics with RPG elements. It inspired a number of action role-playing games, including Dragon Slayer, Courageous Perseus, Hydlide, and Ys, as well as The Legend of Zelda, in addition to Dragon Quest creator Koichi Nakamura.
The Tower of Druaga runs on Namco Super Pac-Man hardware but with a video system like that used in Mappy, and is the first game from Namco to display its year in Roman numerals on the title screen. It was later ported to the MSX, Famicom and remade for the PC Engine platform by Game Studio. Its first appearance outside Japan was in the third compilation of the Namco Museum Volume series for the PlayStation and also appears on Namco Museum compilations for Nintendo DS, PSP, and Xbox 360.
Originally the game and its sequels had no specific setting other than ""the tower"". However, in recent years, the series has been retconned as being set in the fantasy kingdom of ""Babylim"". A 2008 reboot anime series, beginning with The Tower of Druaga: The Aegis of Uruk, uses the game as its back story, though is set many decades later.",,5.0,2.0,3.0,1.0,,,,,,,,,,,1.0,Everyone,everyone,,,,0.0,,
56511,gertrudes-secrets,Gertrude's Secrets,Gertrude's Secrets,"<p>Gertrude's Secrets is a 1984 children's edutainment video game by The Learning Company.</p>
<p>The goal of the game is to solve puzzles and find secrets along with the game's title character, Gertrude the goose. It features a variety of puzzles involving basic recognition of shapes, colors and patterns. The puzzles are designed to develop basic skills of logic and reasoning. A companion game, Gertrude's Puzzles was released at the same time. Gertrude's Secrets was released for DOS, Commodore 64, and the Apple II.</p>",,[],1984-01-01,False,2023-02-08T10:51:42,https://media.rawg.io/media/screenshots/a34/a34e9057db17763056c5e6becca8adae.jpg,https://media.rawg.io/media/screenshots/700/700879a085cfae56d3e9c637a5b38356.jpg,,0.0,0,[],11,0,9,0,0,0,0,,,,,0,0,0,0,0,206,[],,0,0,0,,0,0f0f0f,0f0f0f,"[{'platform': {'id': 1, 'name': 'PC', 'slug': 'pc'}}, {'platform': {'id': 5, 'name': 'Apple Macintosh', 'slug': 'mac'}}, {'platform': {'id': 10, 'name': 'Commodore / Amiga', 'slug': 'commodore-amiga'}}]","[{'platform': {'id': 166, 'name': 'Commodore / Amiga', 'slug': 'commodore-amiga', 'image': None, 'year_end': None, 'year_start': None, 'games_count': 2083, 'image_background': 'https://media.rawg.io/media/games/cce/cce8bebe861f295003f5a9fe5b11233f.jpg'}, 'released_at': '1984-01-01', 'requirements': {}}, {'platform': {'id': 41, 'name': 'Apple II', 'slug': 'apple-ii', 'image': None, 'year_end': None, 'year_start': None, 'games_count': 424, 'image_background': 'https://media.rawg.io/media/screenshots/3d2/3d2bb57b39e2efa39d1c385585b2ea8b.jpg'}, 'released_at': '1984-01-01', 'requirements': {}}, {'platform': {'id': 4, 'name': 'PC', 'slug': 'pc', 'image': None, 'year_end': None, 'year_start': None, 'games_count': 547196, 'image_background': 'https://media.rawg.io/media/games/6fc/6fcf4cd3b17c288821388e6085bb0fc9.jpg'}, 'released_at': '1984-01-01', 'requirements': {}}]",[],"[{'id': 15533, 'name': 'The Learning Company', 'slug': 'the-learning-company', 'games_count': 11, 'image_background': 'https://media.rawg.io/media/screenshots/75c/75c22ac4b576f87a05c87fd388b062c8.jpg'}]",[],"[{'id': 31, 'name': 'Singleplayer', 'slug': 'singleplayer', 'language': 'eng', 'games_count': 238404, 'image_background': 'https://media.rawg.io/media/games/26d/26d4437715bee60138dab4a7c8c59c92.jpg'}]","[{'id': 10820, 'name': 'The Learning Company', 'slug': 'the-learning-company', 'games_count': 23, 'image_background': 'https://media.rawg.io/media/screenshots/881/881ce15d4e1cd5df139c554cae2f386e.jpg'}]",,,"Gertrude's Secrets is a 1984 children's edutainment video game by The Learning Company.
The goal of the game is to solve puzzles and find secrets along with the game's title character, Gertrude the goose. It features a variety of puzzles involving basic recognition of shapes, colors and patterns. The puzzles are designed to develop basic skills of logic and reasoning. A companion game, Gertrude's Puzzles was released at the same time. Gertrude's Secrets was released for DOS, Commodore 64, and the Apple II.",1.0,5.0,2.0,2.0,1.0,,,,,,,,,,,,,,,,,0.0,,
53511,sabre-wulf,Sabre Wulf,Sabre Wulf,"<p>Sabre Wulf is a video game for the Game Boy Advance starring Sabreman from the ZX Spectrum series of games. A combination of platforming and puzzle game elements, Sabre Wulf encourages the player to think before they progress as they use Sabreman&#39;s unique menagerie of animals to make their way to Sabre Wulf&#39;s many lairs.</p>",,[],1984-03-12,False,2022-02-11T17:30:16,https://media.rawg.io/media/screenshots/10e/10ee1b2f2fb4b593be3f08646c23bbb1.jpg,https://media.rawg.io/media/screenshots/52e/52eb5b8c0bc57591a033f51ab7ec4fae.jpg,https://archive.org/details/zx_Sabre_Wulf_1984_Ultimate_Play_The_Game,0.0,0,"[{'id': 3, 'title': 'meh', 'count': 2, 'percent': 66.67}, {'id': 5, 'title': 'exceptional', 'count': 1, 'percent': 33.33}]",11,0,9,0,1,0,0,,,,,0,0,0,0,3,298,[],,0,0,1,,3,0f0f0f,0f0f0f,"[{'platform': {'id': 7, 'name': 'Nintendo', 'slug': 'nintendo'}}, {'platform': {'id': 10, 'name': 'Commodore / Amiga', 'slug': 'commodore-amiga'}}]","[{'platform': {'id': 24, 'name': 'Game Boy Advance', 'slug': 'game-boy-advance', 'image': None, 'year_end': None, 'year_start': None, 'games_count': 950, 'image_background': 'https://media.rawg.io/media/games/98c/98c87b286cd2a2ba942167df384a9bd3.jpg'}, 'released_at': '1984-03-12', 'requirements': {}}, {'platform': {'id': 166, 'name': 'Commodore / Amiga', 'slug': 'commodore-amiga', 'image': None, 'year_end': None, 'year_start': None, 'games_count': 2083, 'image_background': 'https://media.rawg.io/media/games/cce/cce8bebe861f295003f5a9fe5b11233f.jpg'}, 'released_at': '1984-03-12', 'requirements': {}}]",[],"[{'id': 27399, 'name': 'Ultimate Play the Game', 'slug': 'ultimate-play-the-game', 'games_count': 8, 'image_background': 'https://media.rawg.io/media/screenshots/7a5/7a5a2fc9e2813ff30471f86d5378e1eb.jpg'}]","[{'id': 11, 'name': 'Arcade', 'slug': 'arcade', 'games_count': 22658, 'image_background': 'https://media.rawg.io/media/games/556/556157feed9ee1f55f2b12b2973e30a3.jpg'}]","[{'id': 31, 'name': 'Singleplayer', 'slug': 'singleplayer', 'language': 'eng', 'games_count': 238404, 'image_background': 'https://media.rawg.io/media/games/26d/26d4437715bee60138dab4a7c8c59c92.jpg'}, {'id': 37796, 'name': 'exclusive', 'slug': 'exclusive', 'language': 'eng', 'games_count': 4491, 'image_background': 'https://media.rawg.io/media/games/f24/f2493ea338fe7bd3c7d73750a85a0959.jpeg'}]","[{'id': 20498, 'name': 'Ultimate Play the Game', 'slug': 'ultimate-play-the-game', 'games_count': 10, 'image_background': 'https://media.rawg.io/media/screenshots/94c/94c89990622d31e83712bd454b7c563a.jpg'}]",,,"Sabre Wulf is a video game for the Game Boy Advance starring Sabreman from the ZX Spectrum series of games. A combination of platforming and puzzle game elements, Sabre Wulf encourages the player to think before they progress as they use Sabreman's unique menagerie of animals to make their way to Sabre Wulf's many lairs.",2.0,5.0,,2.0,1.0,,,,,,,1.0,,,,,,,,,,0.0,,
56336,battle-through-time,Battle Through Time,Battle Through Time,"<p>Battle Through Time is a computer game for the Commodore 64 computer, programmed by Ken Grant.</p>",,[],1984-01-01,False,2019-08-28T22:00:32,https://media.rawg.io/media/screenshots/046/0467fcf800220456771b3b03f8bb1066.jpg,https://media.rawg.io/media/screenshots/51c/51c047fe5a7f4753d8b0bfcb645a6ccd.jpg,,0.0,0,[],11,0,8,0,1,0,0,,,,,0,0,0,0,0,160,[],,0,0,0,,0,0f0f0f,0f0f0f,"[{'platform': {'id': 10, 'name': 'Commodore / Amiga', 'slug': 'commodore-amiga'}}]","[{'platform': {'id': 166, 'name': 'Commodore / Amiga', 'slug': 'commodore-amiga', 'image': None, 'year_end': None, 'year_start': None, 'games_count': 2083, 'image_background': 'https://media.rawg.io/media/games/cce/cce8bebe861f295003f5a9fe5b11233f.jpg'}, 'released_at': '1984-01-01', 'requirements': {}}]",[],"[{'id': 27387, 'name': 'Anirog Software', 'slug': 'anirog-software', 'games_count': 1, 'image_background': 'https://media.rawg.io/media/screenshots/046/0467fcf800220456771b3b03f8bb1066.jpg'}]","[{'id': 4, 'name': 'Action', 'slug': 'action', 'games_count': 186608, 'image_background': 'https://media.rawg.io/media/games/618/618c2031a07bbff6b4f611f10b6bcdbc.jpg'}]","[{'id': 31, 'name': 'Singleplayer', 'slug': 'singleplayer', 'language': 'eng', 'games_count': 238404, 'image_background': 'https://media.rawg.io/media/games/26d/26d4437715bee60138dab4a7c8c59c92.jpg'}]","[{'id': 20489, 'name': 'Anirog Software', 'slug': 'anirog-software', 'games_count': 2, 'image_background': 'https://media.rawg.io/media/screenshots/ab4/ab471056bdc2efc3f6396e6f62e267d7.jpg'}]",,,"Battle Through Time is a computer game for the Commodore 64 computer, programmed by Ken Grant.",,6.0,2.0,2.0,1.0,,,,,,,,,,,,,,,,,0.0,,
56471,falcon-patrol-ii,Falcon Patrol II,Falcon Patrol II,"<p>Falcon Patrol II is a computer game for the Commodore 64, written by Steve Lee and published by Virgin Games in 1984.</p>",,[],1984-01-01,False,2019-08-28T22:00:28,https://media.rawg.io/media/screenshots/272/272a15d2af8eddc488949b7da45d82a2.jpg,https://media.rawg.io/media/screenshots/7c5/7c5e1e9e4a12a8779aa1f1c688ad7efb.jpg,,0.0,0,[],10,0,8,0,1,0,0,,,,,0,0,0,0,0,233,[],,0,0,0,,0,0f0f0f,0f0f0f,"[{'platform': {'id': 10, 'name': 'Commodore / Amiga', 'slug': 'commodore-amiga'}}]","[{'platform': {'id': 166, 'name': 'Commodore / Amiga', 'slug': 'commodore-amiga', 'image': None, 'year_end': None, 'year_start': None, 'games_count': 2083, 'image_background': 'https://media.rawg.io/media/games/cce/cce8bebe861f295003f5a9fe5b11233f.jpg'}, 'released_at': '1984-01-01', 'requirements': {}}]",[],[],[],"[{'id': 31, 'name': 'Singleplayer', 'slug': 'singleplayer', 'language': 'eng', 'games_count': 238404, 'image_background': 'https://media.rawg.io/media/games/26d/26d4437715bee60138dab4a7c8c59c92.jpg'}]","[{'id': 19533, 'name': 'Virgin Interactive', 'slug': 'virgin-interactive', 'games_count': 108, 'image_background': 'https://media.rawg.io/media/games/f68/f68622c57a11c672b896f06dfb106c4b.jpg'}, {'id': 11608, 'name': 'Virgin Games', 'slug': 'virgin-games', 'games_count': 46, 'image_background': 'https://media.rawg.io/media/screenshots/e4c/e4c561a19fca9715165c36d36e5250ff.jpg'}]",,,"Falcon Patrol II is a computer game for the Commodore 64, written by Steve Lee and published by Virgin Games in 1984.",,5.0,2.0,2.0,1.0,,,,,,,,,,,,,,,,,0.0,,
58041,hareraiser,Hareraiser,Hareraiser,"<p>Hareraiser is a computer game, originally released in 1984 in the UK for most home computer platforms. It was released in two parts; Prelude and Finale. A prize worth £30,000 was on offer if the game could be solved. The game was released on Acorn Electron, Amstrad CPC, BBC Micro Model B, Commodore 64, Commodore VIC-20 EX, Dragon 32, MSX, Oric Atmos 48k and Sinclair ZX Spectrum in 1984 at £8.95 for each part.</p>",,[],1984-01-01,False,2019-08-28T22:25:46,,,,0.0,0,[],10,0,0,0,0,0,0,,,,,0,0,0,0,0,0,[],,0,0,0,,0,0f0f0f,0f0f0f,"[{'platform': {'id': 10, 'name': 'Commodore / Amiga', 'slug': 'commodore-amiga'}}]","[{'platform': {'id': 166, 'name': 'Commodore / Amiga', 'slug': 'commodore-amiga', 'image': None, 'year_end': None, 'year_start': None, 'games_count': 2083, 'image_background': 'https://media.rawg.io/media/games/cce/cce8bebe861f295003f5a9fe5b11233f.jpg'}, 'released_at': '1984-01-01', 'requirements': {}}]",[],[],"[{'id': 3, 'name': 'Adventure', 'slug': 'adventure', 'games_count': 146481, 'image_background': 'https://media.rawg.io/media/games/b6b/b6b20bfc4b34e312dbc8aac53c95a348.jpg'}]","[{'id': 31, 'name': 'Singleplayer', 'slug': 'singleplayer', 'language': 'eng', 'games_count': 238404, 'image_background': 'https://media.rawg.io/media/games/26d/26d4437715bee60138dab4a7c8c59c92.jpg'}]","[{'id': 20849, 'name': 'Haresoft', 'slug': 'haresoft', 'games_count': 2, 'image_background': 'https://media.rawg.io/media/screenshots/020/0203891f2ab553302a8c1a3fb423a7b9.jpg'}]",,,"Hareraiser is a computer game, originally released in 1984 in the UK for most home computer platforms. It was released in two parts; Prelude and Finale. A prize worth £30,000 was on offer if the game could be solved. The game was released on Acorn Electron, Amstrad CPC, BBC Micro Model B, Commodore 64, Commodore VIC-20 EX, Dragon 32, MSX, Oric Atmos 48k and Sinclair ZX Spectrum in 1984 at £8.95 for each part.",,5.0,2.0,2.0,1.0,,,,,,,,,,,,,,,,,0.0,,
56332,bc-ii-grogs-revenge,B.C. II: Grog's Revenge,B.C. II: Grog's Revenge,"<p>B.C. II: Grog's Revenge is a 1984 video game by Sierra On-Line for the Commodore 64, ColecoVision, and MSX. It is the sequel to B.C.'s Quest For Tires and is based on B.C., the newspaper comic strip by Johnny Hart.</p>",,[],1984-01-01,False,2019-08-28T22:00:32,https://media.rawg.io/media/screenshots/066/066295effb1f833649d731227a4481d8.jpg,https://media.rawg.io/media/screenshots/39c/39c3b5ad9b455e8d2ad6e2af08f6a2e5.jpg,,0.0,0,[],10,0,8,0,2,0,0,,,,,0,0,0,0,0,140,[],,0,0,0,,0,0f0f0f,0f0f0f,"[{'platform': {'id': 10, 'name': 'Commodore / Amiga', 'slug': 'commodore-amiga'}}]","[{'platform': {'id': 166, 'name': 'Commodore / Amiga', 'slug': 'commodore-amiga', 'image': None, 'year_end': None, 'year_start': None, 'games_count': 2083, 'image_background': 'https://media.rawg.io/media/games/cce/cce8bebe861f295003f5a9fe5b11233f.jpg'}, 'released_at': '1984-01-01', 'requirements': {}}]",[],"[{'id': 27383, 'name': 'Sydney Development', 'slug': 'sydney-development', 'games_count': 3, 'image_background': 'https://media.rawg.io/media/screenshots/33d/33dd26c542fa1990e23853e42c6b9648.jpg'}]","[{'id': 4, 'name': 'Action', 'slug': 'action', 'games_count': 186608, 'image_background': 'https://media.rawg.io/media/games/618/618c2031a07bbff6b4f611f10b6bcdbc.jpg'}]","[{'id': 31, 'name': 'Singleplayer', 'slug': 'singleplayer', 'language': 'eng', 'games_count': 238404, 'image_background': 'https://media.rawg.io/media/games/26d/26d4437715bee60138dab4a7c8c59c92.jpg'}]","[{'id': 11434, 'name': 'Sierra On-Line', 'slug': 'sierra-on-line', 'games_count': 256, 'image_background': 'https://media.rawg.io/media/games/bc8/bc84784c2630f46ed2e675d0b4a59d62.jpg'}, {'id': 10887, 'name': 'Sierra Entertainment', 'slug': 'sierra-entertainment', 'games_count': 112, 'image_background': 'https://media.rawg.io/media/screenshots/058/058a71868ab884d1022023f21f2c6a47.jpg'}]",,,"B.C. II: Grog's Revenge is a 1984 video game by Sierra On-Line for the Commodore 64, ColecoVision, and MSX. It is the sequel to B.C.'s Quest For Tires and is based on B.C., the newspaper comic strip by Johnny Hart.",,6.0,2.0,1.0,1.0,,,,,,,,,,,,,,,,,0.0,,
56330,bc-bill,B.C. Bill,B.C. Bill,"<p>B.C. Bill is a computer game created by Marc Dawson (AKA Marc Wilding) and published by Imagine Software in 1984. It was released for the Commodore 64, ZX Spectrum, TRS-80 Color Computer, Dragon 32, and BBC Micro.</p>
<p>The game features its hero, caveman B.C. Bill, setting out to build a family. He is armed with a club, with which he can hit and either stun or kill a variety of roaming creatures. These creatures include: cavewomen, who can be dragged back to the cave as ""wives""; food with legs, which can be roasted on the fire and dragged back to the cave to feed the growing family; and dinosaurs, predators who will eat potential wives and food, and kill Bill on contact. Bill can also die from burning on the fire if he has no food, a broken heart if too many wives leave the cave, and starving to death if he is unable to feed his family.</p>",,[],1984-01-01,False,2019-08-28T22:25:59,https://media.rawg.io/media/screenshots/996/996631df808ce3c6c64092bed3d788f6.jpg,https://media.rawg.io/media/screenshots/2e6/2e62a75616cffa96b5a14e6252000c00.jpg,,0.0,0,[],10,0,9,0,1,0,0,,,,,0,0,0,0,0,178,[],,0,0,0,,0,0f0f0f,0f0f0f,"[{'platform': {'id': 10, 'name': 'Commodore / Amiga', 'slug': 'commodore-amiga'}}]","[{'platform': {'id': 166, 'name': 'Commodore / Amiga', 'slug': 'commodore-amiga', 'image': None, 'year_end': None, 'year_start': None, 'games_count': 2083, 'image_background': 'https://media.rawg.io/media/games/cce/cce8bebe861f295003f5a9fe5b11233f.jpg'}, 'released_at': '1984-01-01', 'requirements': {}}]",[],[],"[{'id': 4, 'name': 'Action', 'slug': 'action', 'games_count': 186608, 'image_background': 'https://media.rawg.io/media/games/618/618c2031a07bbff6b4f611f10b6bcdbc.jpg'}]","[{'id': 31, 'name': 'Singleplayer', 'slug': 'singleplayer', 'language': 'eng', 'games_count': 238404, 'image_background': 'https://media.rawg.io/media/games/26d/26d4437715bee60138dab4a7c8c59c92.jpg'}]","[{'id': 19864, 'name': 'Imagine Software', 'slug': 'imagine-software', 'games_count': 16, 'image_background': 'https://media.rawg.io/media/screenshots/f7b/f7b58fc768c19977174c96a0acd2dbfb.jpg'}]",,,"B.C. Bill is a computer game created by Marc Dawson (AKA Marc Wilding) and published by Imagine Software in 1984. It was released for the Commodore 64, ZX Spectrum, TRS-80 Color Computer, Dragon 32, and BBC Micro.
The game features its hero, caveman B.C. Bill, setting out to build a family. He is armed with a club, with which he can hit and either stun or kill a variety of roaming creatures. These creatures include: cavewomen, who can be dragged back to the cave as ""wives""; food with legs, which can be roasted on the fire and dragged back to the cave to feed the growing family; and dinosaurs, predators who will eat potential wives and food, and kill Bill on contact. Bill can also die from burning on the fire if he has no food, a broken heart if too many wives leave the cave, and starving to death if he is unable to feed his family.",,6.0,2.0,1.0,1.0,,,,,,,,,,,,,,,,,0.0,,
56801,the-staff-of-karnath,The Staff of Karnath,The Staff of Karnath,"<p>The Staff of Karnath is an action-adventure video game developed and published by Ultimate Play the Game for the Commodore 64 originally in 1984 and in the United States in 1985. The game is the first instalment of the Pendragon series and is the first to feature the aristocrat adventurer Sir Arthur Pendragon. In the game, Sir Pendragon is tasked with searching a castle for the ancient Staff of Karnath, which he must destroy prior to midnight, before it wipes out the human race.</p>
<p>The game was created and designed by brothers Dave and Bob Thomas and was the first game to be released by Ultimate without founders Tim and Chris Stamper's direct involvement. The Staff of Karnath's setting and visuals were heavily inspired from the 1962 film Jack the Giant Killer. The game was met with mixed reviews upon release. Critics were divided over its graphics and presentation, and criticised the sound. It was followed by a sequel, Entombed, which was released in 1985.</p>",,[],1984-01-01,False,2019-08-28T22:00:17,https://media.rawg.io/media/screenshots/a32/a3256afc389f422f7c5dd4923539db74.jpg,https://media.rawg.io/media/screenshots/c10/c10b2ffa2c6f480aa862f0ad687697b9.jpg,,0.0,0,[],10,0,7,0,1,0,0,,,,,0,0,0,0,0,267,[],,0,0,0,,0,0f0f0f,0f0f0f,"[{'platform': {'id': 10, 'name': 'Commodore / Amiga', 'slug': 'commodore-amiga'}}]","[{'platform': {'id': 166, 'name': 'Commodore / Amiga', 'slug': 'commodore-amiga', 'image': None, 'year_end': None, 'year_start': None, 'games_count': 2083, 'image_background': 'https://media.rawg.io/media/games/cce/cce8bebe861f295003f5a9fe5b11233f.jpg'}, 'released_at': '1984-01-01', 'requirements': {}}]",[],"[{'id': 27399, 'name': 'Ultimate Play the Game', 'slug': 'ultimate-play-the-game', 'games_count': 8, 'image_background': 'https://media.rawg.io/media/screenshots/7a5/7a5a2fc9e2813ff30471f86d5378e1eb.jpg'}]",[],"[{'id': 31, 'name': 'Singleplayer', 'slug': 'singleplayer', 'language': 'eng', 'games_count': 238404, 'image_background': 'https://media.rawg.io/media/games/26d/26d4437715bee60138dab4a7c8c59c92.jpg'}]","[{'id': 19346, 'name': 'Rare', 'slug': 'rare', 'games_count': 13, 'image_background': 'https://media.rawg.io/media/games/f62/f62d090119e5ff05c59036480123fd83.jpg'}, {'id': 20498, 'name': 'Ultimate Play the Game', 'slug': 'ultimate-play-the-game', 'games_count': 10, 'image_background': 'https://media.rawg.io/media/screenshots/94c/94c89990622d31e83712bd454b7c563a.jpg'}]",,,"The Staff of Karnath is an action-adventure video game developed and published by Ultimate Play the Game for the Commodore 64 originally in 1984 and in the United States in 1985. The game is the first instalment of the Pendragon series and is the first to feature the aristocrat adventurer Sir Arthur Pendragon. In the game, Sir Pendragon is tasked with searching a castle for the ancient Staff of Karnath, which he must destroy prior to midnight, before it wipes out the human race.
The game was created and designed by brothers Dave and Bob Thomas and was the first game to be released by Ultimate without founders Tim and Chris Stamper's direct involvement. The Staff of Karnath's setting and visuals were heavily inspired from the 1962 film Jack the Giant Killer. The game was met with mixed reviews upon release. Critics were divided over its graphics and presentation, and criticised the sound. It was followed by a sequel, Entombed, which was released in 1985.",,5.0,2.0,2.0,1.0,,,,,,,,,,,,,,,,,0.0,,
56792,spirit-of-the-stones,Spirit of the Stones,Spirit of the Stones,<p>Spirit of the Stones is an action video game that runs on the Commodore 64 and takes place on the Isle of Wight. It is based on a book by John Howard Worsley. The one and only audio file used in the entire game is Modest Mussorgsky's Night on Bald Mountain composed by Chris Cox.</p>,,[],1984-01-01,False,2019-08-28T22:00:18,https://media.rawg.io/media/screenshots/323/323c67feb952bd193ae603476c509260.jpg,https://media.rawg.io/media/screenshots/533/533c4fcf312f2b02391b76929b1bc0e1.jpg,,0.0,0,[],10,0,8,0,4,0,0,,,,,0,0,0,0,0,189,[],,0,0,0,,0,0f0f0f,0f0f0f,"[{'platform': {'id': 10, 'name': 'Commodore / Amiga', 'slug': 'commodore-amiga'}}]","[{'platform': {'id': 166, 'name': 'Commodore / Amiga', 'slug': 'commodore-amiga', 'image': None, 'year_end': None, 'year_start': None, 'games_count': 2083, 'image_background': 'https://media.rawg.io/media/games/cce/cce8bebe861f295003f5a9fe5b11233f.jpg'}, 'released_at': '1984-01-01', 'requirements': {}}]",[],[],"[{'id': 4, 'name': 'Action', 'slug': 'action', 'games_count': 186608, 'image_background': 'https://media.rawg.io/media/games/618/618c2031a07bbff6b4f611f10b6bcdbc.jpg'}]","[{'id': 31, 'name': 'Singleplayer', 'slug': 'singleplayer', 'language': 'eng', 'games_count': 238404, 'image_background': 'https://media.rawg.io/media/games/26d/26d4437715bee60138dab4a7c8c59c92.jpg'}]",[],,,Spirit of the Stones is an action video game that runs on the Commodore 64 and takes place on the Isle of Wight. It is based on a book by John Howard Worsley. The one and only audio file used in the entire game is Modest Mussorgsky's Night on Bald Mountain composed by Chris Cox.,,5.0,2.0,2.0,1.0,,,,,,,,,,,,,,,,,0.0,,
56811,stock-car,Stock Car,Stock Car,"<p>Stock Car is an 8-bit computer game written by A. W. Halse and published in the UK by Micro Power.  The game was released in 1984 for the BBC Micro, Acorn Electron and Commodore 64 computers. Although the cassette inlay gives the release date as 1984, some sources state the release date as 1983 and the game is also known as Stock Car Racer. </p>",,[],1984-01-01,False,2019-08-28T22:00:17,,,,0.0,0,[],10,0,0,0,0,0,0,,,,,0,0,0,0,0,0,[],,0,0,0,,0,0f0f0f,0f0f0f,"[{'platform': {'id': 10, 'name': 'Commodore / Amiga', 'slug': 'commodore-amiga'}}]","[{'platform': {'id': 166, 'name': 'Commodore / Amiga', 'slug': 'commodore-amiga', 'image': None, 'year_end': None, 'year_start': None, 'games_count': 2083, 'image_background': 'https://media.rawg.io/media/games/cce/cce8bebe861f295003f5a9fe5b11233f.jpg'}, 'released_at': '1984-01-01', 'requirements': {}}]",[],"[{'id': 27604, 'name': 'A. W. Halse', 'slug': 'a-w-halse', 'games_count': 1, 'image_background': ''}]","[{'id': 1, 'name': 'Racing', 'slug': 'racing', 'games_count': 25359, 'image_background': 'https://media.rawg.io/media/screenshots/69b/69bb243ea9896ddfc2e051b58e81624d.jpg'}]","[{'id': 31, 'name': 'Singleplayer', 'slug': 'singleplayer', 'language': 'eng', 'games_count': 238404, 'image_background': 'https://media.rawg.io/media/games/26d/26d4437715bee60138dab4a7c8c59c92.jpg'}, {'id': 351, 'name': 'Two-player', 'slug': 'two-player', 'language': 'eng', 'games_count': 272, 'image_background': 'https://media.rawg.io/media/screenshots/1c1/1c1c7ba1dc364dc71e522acd045aa428.jpg'}]","[{'id': 20518, 'name': 'Micro Power', 'slug': 'micro-power', 'games_count': 5, 'image_background': 'https://media.rawg.io/media/screenshots/a72/a72e06b71a90e01dfd1dcfbc867d4813.jpg'}]",,,"Stock Car is an 8-bit computer game written by A. W. Halse and published in the UK by Micro Power.  The game was released in 1984 for the BBC Micro, Acorn Electron and Commodore 64 computers. Although the cassette inlay gives the release date as 1984, some sources state the release date as 1983 and the game is also known as Stock Car Racer.",,5.0,2.0,2.0,1.0,,,,,,,,,,,,,,,,,0.0,,
56542,hercules,Hercules,Hercules,<p>Hercules is a platforming video game first published for the Commodore 64 by Interdisc in 1984. It was later reissued by Alpha Omega/The Power House (part of CRL Group) and ported to a number of other home computers.</p>,,[],1984-01-01,False,2019-01-09T12:41:06,https://media.rawg.io/media/screenshots/40f/40f44e849beb361ca7393bffc0d0af19.jpg,https://media.rawg.io/media/screenshots/93c/93c909e20e044519d7c701c7dcaf898e.jpg,,0.0,0,[],10,0,4,0,5,0,0,,,,,0,0,0,0,0,48,[],,0,0,0,,0,0f0f0f,0f0f0f,"[{'platform': {'id': 10, 'name': 'Commodore / Amiga', 'slug': 'commodore-amiga'}}]","[{'platform': {'id': 166, 'name': 'Commodore / Amiga', 'slug': 'commodore-amiga', 'image': None, 'year_end': None, 'year_start': None, 'games_count': 2083, 'image_background': 'https://media.rawg.io/media/games/cce/cce8bebe861f295003f5a9fe5b11233f.jpg'}, 'released_at': '1984-01-01', 'requirements': {}}]",[],"[{'id': 27474, 'name': 'Steve Bak', 'slug': 'steve-bak', 'games_count': 1, 'image_background': 'https://media.rawg.io/media/screenshots/40f/40f44e849beb361ca7393bffc0d0af19.jpg'}]",[],"[{'id': 2960, 'name': 'alpha', 'slug': 'alpha', 'language': 'eng', 'games_count': 811, 'image_background': 'https://media.rawg.io/media/screenshots/bb8/bb8b7a21060ca414b008e38243f434d7_NYp2cRi.jpg'}]","[{'id': 20551, 'name': 'Alpha Omega', 'slug': 'alpha-omega', 'games_count': 1, 'image_background': 'https://media.rawg.io/media/screenshots/40f/40f44e849beb361ca7393bffc0d0af19.jpg'}, {'id': 20552, 'name': 'The Power House', 'slug': 'the-power-house', 'games_count': 1, 'image_background': 'https://media.rawg.io/media/screenshots/40f/40f44e849beb361ca7393bffc0d0af19.jpg'}, {'id': 20553, 'name': 'Interdisc', 'slug': 'interdisc', 'games_count': 1, 'image_background': 'https://media.rawg.io/media/screenshots/40f/40f44e849beb361ca7393bffc0d0af19.jpg'}]",,,Hercules is a platforming video game first published for the Commodore 64 by Interdisc in 1984. It was later reissued by Alpha Omega/The Power House (part of CRL Group) and ported to a number of other home computers.,,5.0,2.0,2.0,1.0,,,,,,,,,,,,,,,,,0.0,,
56658,mr-wimpy,Mr. Wimpy,Mr. Wimpy,"<p>Mr. Wimpy is a platforming video game released by Ocean Software in 1984. The game was intended to be a promotional tie with Wimpy restaurants as their logos, company mascots, and theme tunes were reproduced. The game was released on the Oric 1, ZX Spectrum, BBC Micro and Commodore 64. The gameplay is similar to the video game BurgerTime.</p>",,[],1984-01-01,False,2019-01-09T12:41:06,,,,0.0,0,[],10,0,0,0,0,0,0,,,,,0,0,0,0,0,0,[],,0,0,0,,0,0f0f0f,0f0f0f,"[{'platform': {'id': 10, 'name': 'Commodore / Amiga', 'slug': 'commodore-amiga'}}]","[{'platform': {'id': 166, 'name': 'Commodore / Amiga', 'slug': 'commodore-amiga', 'image': None, 'year_end': None, 'year_start': None, 'games_count': 2083, 'image_background': 'https://media.rawg.io/media/games/cce/cce8bebe861f295003f5a9fe5b11233f.jpg'}, 'released_at': '1984-01-01', 'requirements': {}}]",[],"[{'id': 27533, 'name': 'David Selwood', 'slug': 'david-selwood-c64-version', 'games_count': 1, 'image_background': ''}, {'id': 27534, 'name': 'John Woods', 'slug': 'john-woods', 'games_count': 1, 'image_background': ''}, {'id': 27535, 'name': 'Paul Owens', 'slug': 'paul-owens-spectrum-version', 'games_count': 1, 'image_background': ''}]",[],"[{'id': 1013, 'name': 'ocean', 'slug': 'ocean', 'language': 'eng', 'games_count': 854, 'image_background': 'https://media.rawg.io/media/screenshots/259/259f15294d3d15a5a28f6a2ea69aa8c9.jpg'}]","[{'id': 11474, 'name': 'Ocean Software', 'slug': 'ocean-software', 'games_count': 106, 'image_background': 'https://media.rawg.io/media/screenshots/11b/11b13a543a0ff469af2584b8831cc43b.jpg'}]",,,"Mr. Wimpy is a platforming video game released by Ocean Software in 1984. The game was intended to be a promotional tie with Wimpy restaurants as their logos, company mascots, and theme tunes were reproduced. The game was released on the Oric 1, ZX Spectrum, BBC Micro and Commodore 64. The gameplay is similar to the video game BurgerTime.",,5.0,2.0,2.0,1.0,,,,,,,,,,,,,,,,,0.0,,
56465,eureka,Eureka!,Eureka!,"<p>Eureka! is a video game for the Commodore 64 and ZX Spectrum computers, written by Ian Livingstone, developed by Novotrade for Andromeda Software and published by Domark in 1984.</p>",,[],1984-01-01,False,2019-08-28T22:00:28,https://media.rawg.io/media/screenshots/730/730e0ee5938a5f63ae0839b645994b80.jpg,https://media.rawg.io/media/screenshots/a3b/a3bcdbb9edcb2723a70b43af3fb52a27.jpg,,0.0,0,[],10,0,8,0,1,0,0,,,,,0,0,0,0,0,114,[],,0,0,0,,0,0f0f0f,0f0f0f,"[{'platform': {'id': 10, 'name': 'Commodore / Amiga', 'slug': 'commodore-amiga'}}]","[{'platform': {'id': 166, 'name': 'Commodore / Amiga', 'slug': 'commodore-amiga', 'image': None, 'year_end': None, 'year_start': None, 'games_count': 2083, 'image_background': 'https://media.rawg.io/media/games/cce/cce8bebe861f295003f5a9fe5b11233f.jpg'}, 'released_at': '1984-01-01', 'requirements': {}}]",[],"[{'id': 15471, 'name': 'Novotrade', 'slug': 'novotrade', 'games_count': 14, 'image_background': 'https://media.rawg.io/media/screenshots/0d9/0d94ab911e7712f5cd3fd7a2585336c2.jpg'}, {'id': 27445, 'name': 'Andromeda Software', 'slug': 'andromeda-software', 'games_count': 2, 'image_background': 'https://media.rawg.io/media/screenshots/807/8073770a3f5a4c34eae6c62ce4ea3d21.jpg'}, {'id': 27446, 'name': 'Ian Livingstone', 'slug': 'ian-livingstone', 'games_count': 1, 'image_background': 'https://media.rawg.io/media/screenshots/730/730e0ee5938a5f63ae0839b645994b80.jpg'}]",[],"[{'id': 31, 'name': 'Singleplayer', 'slug': 'singleplayer', 'language': 'eng', 'games_count': 238404, 'image_background': 'https://media.rawg.io/media/games/26d/26d4437715bee60138dab4a7c8c59c92.jpg'}]","[{'id': 11758, 'name': 'Domark', 'slug': 'domark', 'games_count': 43, 'image_background': 'https://media.rawg.io/media/screenshots/a86/a861b4dbb312cce0e8c58e4b6e6ce142.jpg'}, {'id': 11634, 'name': 'Domark Software', 'slug': 'domark-software', 'games_count': 24, 'image_background': 'https://media.rawg.io/media/screenshots/487/487233348553e94226efd834cc3d0a94.jpg'}]",,,"Eureka! is a video game for the Commodore 64 and ZX Spectrum computers, written by Ian Livingstone, developed by Novotrade for Andromeda Software and published by Domark in 1984.",,5.0,2.0,2.0,1.0,,,,,,,,,,,,,,,,,0.0,,
56416,daredevil-dennis,Daredevil Dennis,Daredevil Dennis,"<p>Daredevil Dennis (spelled on screen Dare Devil Denis) is a computer games published by Visions Software in 1984 for the Acorn Electron and BBC Micro. Daredevil Dennis: The Sequel was published by Visions Software for the Commodore 64, but was still simply called Daredevil Dennis on the cover.</p>",,[],1984-01-01,False,2019-08-28T22:25:58,,,,0.0,0,[],10,0,0,0,1,0,0,,,,,0,0,0,0,0,0,[],,0,0,0,,0,0f0f0f,0f0f0f,"[{'platform': {'id': 10, 'name': 'Commodore / Amiga', 'slug': 'commodore-amiga'}}]","[{'platform': {'id': 166, 'name': 'Commodore / Amiga', 'slug': 'commodore-amiga', 'image': None, 'year_end': None, 'year_start': None, 'games_count': 2083, 'image_background': 'https://media.rawg.io/media/games/cce/cce8bebe861f295003f5a9fe5b11233f.jpg'}, 'released_at': '1984-01-01', 'requirements': {}}]",[],[],[],"[{'id': 31, 'name': 'Singleplayer', 'slug': 'singleplayer', 'language': 'eng', 'games_count': 238404, 'image_background': 'https://media.rawg.io/media/games/26d/26d4437715bee60138dab4a7c8c59c92.jpg'}]","[{'id': 20519, 'name': 'Visions', 'slug': 'visions', 'games_count': 1, 'image_background': ''}]",,,"Daredevil Dennis (spelled on screen Dare Devil Denis) is a computer games published by Visions Software in 1984 for the Acorn Electron and BBC Micro. Daredevil Dennis: The Sequel was published by Visions Software for the Commodore 64, but was still simply called Daredevil Dennis on the cover.",,6.0,2.0,1.0,1.0,,,,,,,,,,,,,,,,,0.0,,
56446,ducks-ahoy,Ducks Ahoy!,Ducks Ahoy!,"<p>Ducks Ahoy! is an arcade-style game for the Atari 8-bit family of computers and the Commodore 64. In it, the player maneuvers a boat around a flooded city to pick up ducks and ferry them to safety before they drown. The player must also avoid a hippopotamus, who randomly appears to try to destroy the player's boat. It was released in 1984 by CBS Software.</p>",,[],1984-01-01,False,2019-08-28T22:00:29,https://media.rawg.io/media/screenshots/8c5/8c588530ff8642ea0456b47341b863c7.jpg,https://media.rawg.io/media/screenshots/091/09101d057c65d80a37d33e16f82ce917.jpg,,0.0,0,[],10,0,8,0,0,0,0,,,,,0,0,0,0,0,61,[],,0,0,0,,0,0f0f0f,0f0f0f,"[{'platform': {'id': 9, 'name': 'Atari', 'slug': 'atari'}}, {'platform': {'id': 10, 'name': 'Commodore / Amiga', 'slug': 'commodore-amiga'}}]","[{'platform': {'id': 166, 'name': 'Commodore / Amiga', 'slug': 'commodore-amiga', 'image': None, 'year_end': None, 'year_start': None, 'games_count': 2083, 'image_background': 'https://media.rawg.io/media/games/cce/cce8bebe861f295003f5a9fe5b11233f.jpg'}, 'released_at': '1984-01-01', 'requirements': {}}, {'platform': {'id': 25, 'name': 'Atari 8-bit', 'slug': 'atari-8-bit', 'image': None, 'year_end': None, 'year_start': None, 'games_count': 308, 'image_background': 'https://media.rawg.io/media/screenshots/038/0385a47d3a43b218204268af5361a19e.jpg'}, 'released_at': '1984-01-01', 'requirements': {}}]",[],"[{'id': 27437, 'name': 'Joyce Hakansson Associates', 'slug': 'joyce-hakansson-associates', 'games_count': 1, 'image_background': 'https://media.rawg.io/media/screenshots/8c5/8c588530ff8642ea0456b47341b863c7.jpg'}]","[{'id': 4, 'name': 'Action', 'slug': 'action', 'games_count': 186608, 'image_background': 'https://media.rawg.io/media/games/618/618c2031a07bbff6b4f611f10b6bcdbc.jpg'}]","[{'id': 31, 'name': 'Singleplayer', 'slug': 'singleplayer', 'language': 'eng', 'games_count': 238404, 'image_background': 'https://media.rawg.io/media/games/26d/26d4437715bee60138dab4a7c8c59c92.jpg'}]","[{'id': 19488, 'name': 'GameFAQs', 'slug': 'gamefaqs', 'games_count': 19, 'image_background': 'https://media.rawg.io/media/screenshots/99f/99ffb87e2b981aadb300329e31162eab.jpg'}, {'id': 20267, 'name': 'CBS Software', 'slug': 'cbs-software', 'games_count': 2, 'image_background': 'https://media.rawg.io/media/screenshots/f7b/f7b95c8ccde13effdd21b0bc0fba4a02.jpg'}]",,,"Ducks Ahoy! is an arcade-style game for the Atari 8-bit family of computers and the Commodore 64. In it, the player maneuvers a boat around a flooded city to pick up ducks and ferry them to safety before they drown. The player must also avoid a hippopotamus, who randomly appears to try to destroy the player's boat. It was released in 1984 by CBS Software.",,5.0,2.0,2.0,1.0,,,,,,,,,,,,,,,,,0.0,,
56612,loco-1984,Loco (1984),Loco (1984),"<p>Loco is a 1984 computer game developed by Antony Crowther and released by Alligata for the Commodore 64. Loco is a clone of the 1982 Sega arcade game Super Locomotive. Ports for the ZX Spectrum and Atari 8-bit family were released in 1986. The ZX Spectrum port was developed by Richard Stevenson, David Wright and Nigel Speight.. The music for the game is a C64 remake of Jean Michel Jarre's Equinoxe 5 by Ben Daglish.</p>
<p>Crowther's subsequent work Suicide Express is considered an unofficial sequel.</p>",,[],1984-01-01,False,2019-01-09T12:41:06,https://media.rawg.io/media/screenshots/717/7174dc8dfc8346678d4d70c0bdcfc875.jpg,https://media.rawg.io/media/screenshots/3f1/3f125b4f067eccad0cee1e88416de197.jpg,,0.0,0,[],10,0,4,0,5,0,0,,,,,0,0,0,0,0,135,[],,0,0,0,,0,0f0f0f,0f0f0f,"[{'platform': {'id': 9, 'name': 'Atari', 'slug': 'atari'}}, {'platform': {'id': 10, 'name': 'Commodore / Amiga', 'slug': 'commodore-amiga'}}]","[{'platform': {'id': 166, 'name': 'Commodore / Amiga', 'slug': 'commodore-amiga', 'image': None, 'year_end': None, 'year_start': None, 'games_count': 2083, 'image_background': 'https://media.rawg.io/media/games/cce/cce8bebe861f295003f5a9fe5b11233f.jpg'}, 'released_at': '1984-01-01', 'requirements': {}}, {'platform': {'id': 25, 'name': 'Atari 8-bit', 'slug': 'atari-8-bit', 'image': None, 'year_end': None, 'year_start': None, 'games_count': 308, 'image_background': 'https://media.rawg.io/media/screenshots/038/0385a47d3a43b218204268af5361a19e.jpg'}, 'released_at': '1984-01-01', 'requirements': {}}]",[],"[{'id': 27402, 'name': 'Antony Crowther', 'slug': 'antony-crowther', 'games_count': 5, 'image_background': 'https://media.rawg.io/media/screenshots/717/7174dc8dfc8346678d4d70c0bdcfc875.jpg'}]",[],"[{'id': 271, 'name': 'Remake', 'slug': 'remake', 'language': 'eng', 'games_count': 1724, 'image_background': 'https://media.rawg.io/media/screenshots/d07/d07a7e2f7be2428c51ad26326c84e21d.jpg'}, {'id': 136, 'name': 'Music', 'slug': 'music', 'language': 'eng', 'games_count': 26142, 'image_background': 'https://media.rawg.io/media/screenshots/db5/db5ab0d41a2a57274902d32ea8e6f1ec.jpg'}, {'id': 1709, 'name': 'work', 'slug': 'work', 'language': 'eng', 'games_count': 9271, 'image_background': 'https://media.rawg.io/media/games/bfb/bfb28df4f345165327555507c955a62a.jpg'}, {'id': 3992, 'name': 'clone', 'slug': 'clone', 'language': 'eng', 'games_count': 1008, 'image_background': 'https://media.rawg.io/media/screenshots/990/9906c5c53cc94be308a69f0b585711d6.jpg'}, {'id': 1534, 'name': 'atari', 'slug': 'atari', 'language': 'eng', 'games_count': 1158, 'image_background': 'https://media.rawg.io/media/screenshots/d10/d10fdd0fc764ad4a5d70fffa6aee1175.jpg'}]","[{'id': 20243, 'name': 'Alligata', 'slug': 'alligata', 'games_count': 4, 'image_background': 'https://media.rawg.io/media/screenshots/d54/d54f284b514b2a65ec8240942f9596fd.jpg'}]",,,"Loco is a 1984 computer game developed by Antony Crowther and released by Alligata for the Commodore 64. Loco is a clone of the 1982 Sega arcade game Super Locomotive. Ports for the ZX Spectrum and Atari 8-bit family were released in 1986. The ZX Spectrum port was developed by Richard Stevenson, David Wright and Nigel Speight.. The music for the game is a C64 remake of Jean Michel Jarre's Equinoxe 5 by Ben Daglish.
Crowther's subsequent work Suicide Express is considered an unofficial sequel.",,5.0,2.0,2.0,1.0,,,,,,,,,,,,,,,,,0.0,,
55634,skyfox,Skyfox,Skyfox,"<p>Skyfox is a 1984 3D action game developed by Ray Tobey for the Apple II and published by Electronic Arts. Ariolasoft published the game in Europe. It was ported to the ZX Spectrum, Amstrad CPC, Commodore 64 and Macintosh in 1985, to the Amiga and Atari ST in 1986, and to the PC-88 in 1988.</p>
<p>The 1987 sequel, Skyfox II: The Cygnus Conflict, was developed for the Commodore 64 by Dynamix without Tobey's involvement.</p>",,[],1984-01-01,False,2019-08-28T22:26:02,https://media.rawg.io/media/screenshots/b9c/b9c3c9fe0c0d76efb8f06a65f06858d7.jpg,https://media.rawg.io/media/screenshots/d17/d17e4d4ac02240eaf25a9ba4418b6c19.jpg,,0.0,0,[],10,0,14,0,1,0,0,,,,,0,0,0,0,0,287,[],,0,0,0,,0,0f0f0f,0f0f0f,"[{'platform': {'id': 5, 'name': 'Apple Macintosh', 'slug': 'mac'}}, {'platform': {'id': 9, 'name': 'Atari', 'slug': 'atari'}}, {'platform': {'id': 10, 'name': 'Commodore / Amiga', 'slug': 'commodore-amiga'}}]","[{'platform': {'id': 166, 'name': 'Commodore / Amiga', 'slug': 'commodore-amiga', 'image': None, 'year_end': None, 'year_start': None, 'games_count': 2083, 'image_background': 'https://media.rawg.io/media/games/cce/cce8bebe861f295003f5a9fe5b11233f.jpg'}, 'released_at': '1984-01-01', 'requirements': {}}, {'platform': {'id': 34, 'name': 'Atari ST', 'slug': 'atari-st', 'image': None, 'year_end': None, 'year_start': None, 'games_count': 836, 'image_background': 'https://media.rawg.io/media/games/637/637d7dc2f44d0f6ddd3ee2c0b1366962.jpg'}, 'released_at': '1984-01-01', 'requirements': {}}, {'platform': {'id': 55, 'name': 'Classic Macintosh', 'slug': 'macintosh', 'image': None, 'year_end': None, 'year_start': None, 'games_count': 675, 'image_background': 'https://media.rawg.io/media/games/38a/38af969459ad6e5de116ec8a4a84218c.jpg'}, 'released_at': '1984-01-01', 'requirements': {}}, {'platform': {'id': 41, 'name': 'Apple II', 'slug': 'apple-ii', 'image': None, 'year_end': None, 'year_start': None, 'games_count': 424, 'image_background': 'https://media.rawg.io/media/screenshots/3d2/3d2bb57b39e2efa39d1c385585b2ea8b.jpg'}, 'released_at': '1984-01-01', 'requirements': {}}]",[],"[{'id': 27197, 'name': 'Ray Tobey', 'slug': 'ray-tobey', 'games_count': 1, 'image_background': 'https://media.rawg.io/media/screenshots/b9c/b9c3c9fe0c0d76efb8f06a65f06858d7.jpg'}]","[{'id': 4, 'name': 'Action', 'slug': 'action', 'games_count': 186608, 'image_background': 'https://media.rawg.io/media/games/618/618c2031a07bbff6b4f611f10b6bcdbc.jpg'}]","[{'id': 31, 'name': 'Singleplayer', 'slug': 'singleplayer', 'language': 'eng', 'games_count': 238404, 'image_background': 'https://media.rawg.io/media/games/26d/26d4437715bee60138dab4a7c8c59c92.jpg'}]","[{'id': 354, 'name': 'Electronic Arts', 'slug': 'electronic-arts', 'games_count': 1332, 'image_background': 'https://media.rawg.io/media/games/45b/45b57ed59de4b84effd8f6bc4b7bf515.jpg'}, {'id': 19708, 'name': 'Ariolasoft', 'slug': 'ariolasoft', 'games_count': 19, 'image_background': 'https://media.rawg.io/media/screenshots/f4b/f4b8e0b7e42013d1051cca8ce9c55df9.jpg'}]",,,"Skyfox is a 1984 3D action game developed by Ray Tobey for the Apple II and published by Electronic Arts. Ariolasoft published the game in Europe. It was ported to the ZX Spectrum, Amstrad CPC, Commodore 64 and Macintosh in 1985, to the Amiga and Atari ST in 1986, and to the PC-88 in 1988.
The 1987 sequel, Skyfox II: The Cygnus Conflict, was developed for the Commodore 64 by Dynamix without Tobey's involvement.",,6.0,2.0,1.0,1.0,,,,,,,,,,,,,,,,,0.0,,
56393,colossus-chess-1984,Colossus Chess (1984),Colossus Chess (1984),"<p>Colossus Chess is a series of chess-playing computer programs developed by Martin Bryant, commercially available for various home computers in the 1980s.</p>
<p>Bryant started Colossus Chess in 1983, using his White Knight Mk 11 program, winner of the 1983 European Microcomputer Chess Championship, as a basis. It was developed on an Apple II, but was first commercially released for Commodore 64 as Colossus Chess 2.0 (CDS Micro Systems, 1984). A number of releases for 8-bit microcomputers followed. Version 3.0 was released in 1984 for the Atari 8-bit family of computers (published by English Software), followed by 4.0 in 1985 which was released on most formats of the day (published by CDS). Per other games of the time, the Acorn Electron implementation required that part of the screen memory be used as working space, causing the lower half of the screen to contain 'garbled' patterns.</p>
<p>Colossus Chess featured time-controlled play with game clocks, an opening book with 3,000 positions, and problem-solving mode that could solve normal mates, selfmates and helpmates. Pondering on opponent's time and a three-dimensional chessboard were introduced in Colossus Chess 4.0. All releases were written in the assembly language of the appropriate CPU; the ZX Spectrum version could examine an average of 170 positions per second.</p>
<p>Uncommon for microcomputer chess programs of the era, Colossus had a full implementation of the rules of chess, including underpromotion, the fifty-move rule, draw by repetition, and draw by insufficient material. Colossus was also able to execute all the basic checkmates, including the difficult bishop and knight checkmate.</p>",,[],1984-01-01,False,2019-08-28T22:00:30,,,,0.0,0,[],10,0,0,0,0,0,0,,,,,0,0,0,0,0,0,[],,0,0,0,,0,0f0f0f,0f0f0f,"[{'platform': {'id': 10, 'name': 'Commodore / Amiga', 'slug': 'commodore-amiga'}}]","[{'platform': {'id': 166, 'name': 'Commodore / Amiga', 'slug': 'commodore-amiga', 'image': None, 'year_end': None, 'year_start': None, 'games_count': 2083, 'image_background': 'https://media.rawg.io/media/games/cce/cce8bebe861f295003f5a9fe5b11233f.jpg'}, 'released_at': '1984-01-01', 'requirements': {}}]",[],"[{'id': 27420, 'name': 'Martin Bryant', 'slug': 'martin-bryant', 'games_count': 1, 'image_background': ''}]",[],"[{'id': 31, 'name': 'Singleplayer', 'slug': 'singleplayer', 'language': 'eng', 'games_count': 238404, 'image_background': 'https://media.rawg.io/media/games/26d/26d4437715bee60138dab4a7c8c59c92.jpg'}]","[{'id': 20512, 'name': 'English Software', 'slug': 'english-software', 'games_count': 2, 'image_background': 'https://media.rawg.io/media/screenshots/f9c/f9ca9d236f117a834d21ebb7ff25bbd3.jpg'}, {'id': 20511, 'name': 'CDS Software', 'slug': 'cds-software', 'games_count': 1, 'image_background': ''}, {'id': 20513, 'name': 'CDS Micro Systems', 'slug': 'cds-micro-systems', 'games_count': 1, 'image_background': ''}]",,,"Colossus Chess is a series of chess-playing computer programs developed by Martin Bryant, commercially available for various home computers in the 1980s.
Bryant started Colossus Chess in 1983, using his White Knight Mk 11 program, winner of the 1983 European Microcomputer Chess Championship, as a basis. It was developed on an Apple II, but was first commercially released for Commodore 64 as Colossus Chess 2.0 (CDS Micro Systems, 1984). A number of releases for 8-bit microcomputers followed. Version 3.0 was released in 1984 for the Atari 8-bit family of computers (published by English Software), followed by 4.0 in 1985 which was released on most formats of the day (published by CDS). Per other games of the time, the Acorn Electron implementation required that part of the screen memory be used as working space, causing the lower half of the screen to contain 'garbled' patterns.
Colossus Chess featured time-controlled play with game clocks, an opening book with 3,000 positions, and problem-solving mode that could solve normal mates, selfmates and helpmates. Pondering on opponent's time and a three-dimensional chessboard were introduced in Colossus Chess 4.0. All releases were written in the assembly language of the appropriate CPU; the ZX Spectrum version could examine an average of 170 positions per second.
Uncommon for microcomputer chess programs of the era, Colossus had a full implementation of the rules of chess, including underpromotion, the fifty-move rule, draw by repetition, and draw by insufficient material. Colossus was also able to execute all the basic checkmates, including the difficult bishop and knight checkmate.",,5.0,2.0,2.0,1.0,,,,,,,,,,,,,,,,,0.0,,
56879,wanted-monty-mole,Wanted: Monty Mole,Wanted: Monty Mole,<p>Wanted: Monty Mole is a platform video game that was published in 1984 by Gremlin Graphics. Versions were released for the ZX Spectrum and Commodore 64 home computers.</p>,,[],1984-01-01,False,2019-08-28T22:00:15,https://media.rawg.io/media/screenshots/25f/25fd598700c0bb32cac766511396f296.jpg,https://media.rawg.io/media/screenshots/0ff/0ff7ed4c4678502505c12a07fbb5ef14.jpg,,0.0,0,"[{'id': 1, 'title': 'skip', 'count': 1, 'percent': 100.0}]",10,0,8,0,0,0,0,,,,,0,0,0,0,1,162,[],,0,0,0,,1,0f0f0f,0f0f0f,"[{'platform': {'id': 10, 'name': 'Commodore / Amiga', 'slug': 'commodore-amiga'}}]","[{'platform': {'id': 166, 'name': 'Commodore / Amiga', 'slug': 'commodore-amiga', 'image': None, 'year_end': None, 'year_start': None, 'games_count': 2083, 'image_background': 'https://media.rawg.io/media/games/cce/cce8bebe861f295003f5a9fe5b11233f.jpg'}, 'released_at': '1984-01-01', 'requirements': {}}]",[],"[{'id': 27402, 'name': 'Antony Crowther', 'slug': 'antony-crowther', 'games_count': 5, 'image_background': 'https://media.rawg.io/media/screenshots/717/7174dc8dfc8346678d4d70c0bdcfc875.jpg'}, {'id': 27376, 'name': 'Peter Harrap', 'slug': 'peter-harrap', 'games_count': 3, 'image_background': 'https://media.rawg.io/media/screenshots/25f/25fd598700c0bb32cac766511396f296.jpg'}]","[{'id': 83, 'name': 'Platformer', 'slug': 'platformer', 'games_count': 100869, 'image_background': 'https://media.rawg.io/media/games/f8c/f8c6a262ead4c16b47e1219310210eb3.jpg'}]","[{'id': 31, 'name': 'Singleplayer', 'slug': 'singleplayer', 'language': 'eng', 'games_count': 238404, 'image_background': 'https://media.rawg.io/media/games/26d/26d4437715bee60138dab4a7c8c59c92.jpg'}]","[{'id': 11477, 'name': 'Gremlin Interactive', 'slug': 'gremlin-interactive', 'games_count': 58, 'image_background': 'https://media.rawg.io/media/games/885/8858877b10b705b4fcd9c0fc7946f4c7.jpg'}, {'id': 11956, 'name': 'Gremlin Graphics', 'slug': 'gremlin-graphics', 'games_count': 38, 'image_background': 'https://media.rawg.io/media/screenshots/05f/05fc758450ac0061ba8146ea557add01.jpg'}]",,,Wanted: Monty Mole is a platform video game that was published in 1984 by Gremlin Graphics. Versions were released for the ZX Spectrum and Commodore 64 home computers.,,5.0,2.0,2.0,1.0,,,,,,,,,,,,,,,,,0.0,,
56455,emerald-isle,Emerald Isle,Emerald Isle,<p>Emerald Isle is a text adventure game by Level 9 Computing released in 1984.</p>,,[],1984-01-01,False,2019-08-28T22:25:58,https://media.rawg.io/media/screenshots/8e7/8e7d3203ca9b028821458a786cdc464c.jpg,https://media.rawg.io/media/screenshots/680/680c4eac57039a33632d99773b4146f4.jpg,,0.0,0,[],10,0,8,0,0,0,0,,,,,0,0,0,0,0,188,[],,0,0,0,,0,0f0f0f,0f0f0f,"[{'platform': {'id': 9, 'name': 'Atari', 'slug': 'atari'}}, {'platform': {'id': 10, 'name': 'Commodore / Amiga', 'slug': 'commodore-amiga'}}]","[{'platform': {'id': 166, 'name': 'Commodore / Amiga', 'slug': 'commodore-amiga', 'image': None, 'year_end': None, 'year_start': None, 'games_count': 2083, 'image_background': 'https://media.rawg.io/media/games/cce/cce8bebe861f295003f5a9fe5b11233f.jpg'}, 'released_at': '1984-01-01', 'requirements': {}}, {'platform': {'id': 25, 'name': 'Atari 8-bit', 'slug': 'atari-8-bit', 'image': None, 'year_end': None, 'year_start': None, 'games_count': 308, 'image_background': 'https://media.rawg.io/media/screenshots/038/0385a47d3a43b218204268af5361a19e.jpg'}, 'released_at': '1984-01-01', 'requirements': {}}]",[],"[{'id': 26917, 'name': 'Level 9 Computing', 'slug': 'level-9-computing', 'games_count': 14, 'image_background': 'https://media.rawg.io/media/screenshots/e13/e138543a6b16ec409eb856656de24e67.jpg'}]",[],"[{'id': 31, 'name': 'Singleplayer', 'slug': 'singleplayer', 'language': 'eng', 'games_count': 238404, 'image_background': 'https://media.rawg.io/media/games/26d/26d4437715bee60138dab4a7c8c59c92.jpg'}]","[{'id': 20345, 'name': 'Level 9 Computing', 'slug': 'level-9-computing', 'games_count': 3, 'image_background': 'https://media.rawg.io/media/screenshots/ec8/ec826b6ff428fd493386a5f27dac89b8.jpg'}]",,,Emerald Isle is a text adventure game by Level 9 Computing released in 1984.,,5.0,2.0,2.0,1.0,,,,,,,,,,,,,,,,,0.0,,
55127,starquake,Starquake,Starquake,"<p>Starquake is an arcade adventure, platform and maze game written by Stephen Crow and published by Bubble Bus Software in 1985. It was released for Commodore 64, MSX, ZX Spectrum, Amstrad CPC, Atari 8-bit family, Tatung Einstein (all 1985), the BBC Micro (1987) and IBM Compatible and Atari ST (both 1988).</p>",,[],1984-01-01,False,2023-02-08T10:51:38,https://media.rawg.io/media/screenshots/d78/d7885e68b2f189032776e6599b4284f3.jpg,https://media.rawg.io/media/screenshots/c93/c93d42522d432e55667a84bf472eb656.jpg,,0.0,0,[],10,0,16,0,1,0,0,,,,,0,0,0,0,0,306,[],,0,0,0,,0,0f0f0f,0f0f0f,"[{'platform': {'id': 1, 'name': 'PC', 'slug': 'pc'}}, {'platform': {'id': 4, 'name': 'iOS', 'slug': 'ios'}}, {'platform': {'id': 9, 'name': 'Atari', 'slug': 'atari'}}, {'platform': {'id': 10, 'name': 'Commodore / Amiga', 'slug': 'commodore-amiga'}}]","[{'platform': {'id': 3, 'name': 'iOS', 'slug': 'ios', 'image': None, 'year_end': None, 'year_start': None, 'games_count': 77392, 'image_background': 'https://media.rawg.io/media/games/5fa/5fae5fec3c943179e09da67a4427d68f.jpg'}, 'released_at': '1984-01-01', 'requirements': {}}, {'platform': {'id': 25, 'name': 'Atari 8-bit', 'slug': 'atari-8-bit', 'image': None, 'year_end': None, 'year_start': None, 'games_count': 308, 'image_background': 'https://media.rawg.io/media/screenshots/038/0385a47d3a43b218204268af5361a19e.jpg'}, 'released_at': '1984-01-01', 'requirements': {}}, {'platform': {'id': 34, 'name': 'Atari ST', 'slug': 'atari-st', 'image': None, 'year_end': None, 'year_start': None, 'games_count': 836, 'image_background': 'https://media.rawg.io/media/games/637/637d7dc2f44d0f6ddd3ee2c0b1366962.jpg'}, 'released_at': '1984-01-01', 'requirements': {}}, {'platform': {'id': 166, 'name': 'Commodore / Amiga', 'slug': 'commodore-amiga', 'image': None, 'year_end': None, 'year_start': None, 'games_count': 2083, 'image_background': 'https://media.rawg.io/media/games/cce/cce8bebe861f295003f5a9fe5b11233f.jpg'}, 'released_at': '1984-01-01', 'requirements': {}}, {'platform': {'id': 4, 'name': 'PC', 'slug': 'pc', 'image': None, 'year_end': None, 'year_start': None, 'games_count': 547196, 'image_background': 'https://media.rawg.io/media/games/6fc/6fcf4cd3b17c288821388e6085bb0fc9.jpg'}, 'released_at': '1984-01-01', 'requirements': {}}]",[],"[{'id': 27000, 'name': 'Bubble Bus Software', 'slug': 'bubble-bus-software', 'games_count': 2, 'image_background': 'https://media.rawg.io/media/screenshots/3f6/3f6453478f46bad05060463802700a16.jpg'}]",[],"[{'id': 31, 'name': 'Singleplayer', 'slug': 'singleplayer', 'language': 'eng', 'games_count': 238404, 'image_background': 'https://media.rawg.io/media/games/26d/26d4437715bee60138dab4a7c8c59c92.jpg'}]","[{'id': 20252, 'name': 'Bubble Bus Software', 'slug': 'bubble-bus-software', 'games_count': 1, 'image_background': 'https://media.rawg.io/media/screenshots/d78/d7885e68b2f189032776e6599b4284f3.jpg'}]",,,"Starquake is an arcade adventure, platform and maze game written by Stephen Crow and published by Bubble Bus Software in 1985. It was released for Commodore 64, MSX, ZX Spectrum, Amstrad CPC, Atari 8-bit family, Tatung Einstein (all 1985), the BBC Micro (1987) and IBM Compatible and Atari ST (both 1988).",1.0,5.0,2.0,1.0,1.0,,,,,,,,,,,,,,,,,0.0,,
56858,trashman,Trashman,Trashman,"<p>Trashman is a computer game developed by Malcolm Evans for the ZX Spectrum and released by New Generation Software in 1984. The Commodore 64 conversion was distributed by Quicksilva.</p>
<p>Later the same year, it was followed by Travel with Trashman. The third game in the series, Trashman Through Time, was never completed, however Trashman Goes Moonlighting was made for the Amstrad CPC although it may only have been distributed in Italy.</p>",,[],1984-01-01,False,2019-08-28T22:00:16,https://media.rawg.io/media/screenshots/9b3/9b3b73ff0e0ff7281a7aa951ab982a73.jpg,https://media.rawg.io/media/screenshots/049/049d449954385f0385ef186c58bf34d8.jpg,,0.0,0,[],10,0,7,0,1,0,0,,,,,0,0,0,0,0,83,[],,0,0,0,,0,0f0f0f,0f0f0f,"[{'platform': {'id': 10, 'name': 'Commodore / Amiga', 'slug': 'commodore-amiga'}}]","[{'platform': {'id': 166, 'name': 'Commodore / Amiga', 'slug': 'commodore-amiga', 'image': None, 'year_end': None, 'year_start': None, 'games_count': 2083, 'image_background': 'https://media.rawg.io/media/games/cce/cce8bebe861f295003f5a9fe5b11233f.jpg'}, 'released_at': '1984-01-01', 'requirements': {}}]",[],"[{'id': 27635, 'name': 'Malcolm Evans', 'slug': 'malcolm-evans', 'games_count': 1, 'image_background': 'https://media.rawg.io/media/screenshots/9b3/9b3b73ff0e0ff7281a7aa951ab982a73.jpg'}]","[{'id': 4, 'name': 'Action', 'slug': 'action', 'games_count': 186608, 'image_background': 'https://media.rawg.io/media/games/618/618c2031a07bbff6b4f611f10b6bcdbc.jpg'}]","[{'id': 31, 'name': 'Singleplayer', 'slug': 'singleplayer', 'language': 'eng', 'games_count': 238404, 'image_background': 'https://media.rawg.io/media/games/26d/26d4437715bee60138dab4a7c8c59c92.jpg'}, {'id': 7, 'name': 'Multiplayer', 'slug': 'multiplayer', 'language': 'eng', 'games_count': 40505, 'image_background': 'https://media.rawg.io/media/games/021/021c4e21a1824d2526f925eff6324653.jpg'}, {'id': 418, 'name': '2 players', 'slug': '2-players', 'language': 'eng', 'games_count': 1244, 'image_background': 'https://media.rawg.io/media/screenshots/f9a/f9ac59bb4af2ca2193ee9ffb979577cf.jpg'}]","[{'id': 20358, 'name': 'Quicksilva', 'slug': 'quicksilva', 'games_count': 8, 'image_background': 'https://media.rawg.io/media/screenshots/259/2594266d718720ba25f9351c3f22c16a.jpg'}, {'id': 12372, 'name': 'New Generation Software', 'slug': 'new-generation-software', 'games_count': 2, 'image_background': 'https://media.rawg.io/media/screenshots/9b3/9b3b73ff0e0ff7281a7aa951ab982a73.jpg'}]",,,"Trashman is a computer game developed by Malcolm Evans for the ZX Spectrum and released by New Generation Software in 1984. The Commodore 64 conversion was distributed by Quicksilva.
Later the same year, it was followed by Travel with Trashman. The third game in the series, Trashman Through Time, was never completed, however Trashman Goes Moonlighting was made for the Amstrad CPC although it may only have been distributed in Italy.",,5.0,2.0,2.0,1.0,,,,,,,,,,,,,,,,,0.0,,
56734,rendezvous-with-rama,Rendezvous with Rama,Rendezvous with Rama,"<p>Rendezvous with Rama is an interactive fiction computer game with graphics published by Telarium (formerly known as Trillium), a subsidiary of Spinnaker Software, in the year 1984. It was developed in cooperation with Arthur C. Clarke and based upon his science fiction novel Rendezvous with Rama.</p>",,[],1984-01-01,False,2023-02-08T10:51:40,https://media.rawg.io/media/screenshots/5c4/5c465a012f675b55b08c297b83518f0f.jpg,https://media.rawg.io/media/screenshots/b48/b48056a95db8797c601b2466df1c48b6.jpg,,0.0,0,[],10,0,8,0,1,0,0,,,,,0,0,0,0,0,147,[],,0,0,0,,0,0f0f0f,0f0f0f,"[{'platform': {'id': 1, 'name': 'PC', 'slug': 'pc'}}, {'platform': {'id': 5, 'name': 'Apple Macintosh', 'slug': 'mac'}}, {'platform': {'id': 10, 'name': 'Commodore / Amiga', 'slug': 'commodore-amiga'}}]","[{'platform': {'id': 166, 'name': 'Commodore / Amiga', 'slug': 'commodore-amiga', 'image': None, 'year_end': None, 'year_start': None, 'games_count': 2083, 'image_background': 'https://media.rawg.io/media/games/cce/cce8bebe861f295003f5a9fe5b11233f.jpg'}, 'released_at': '1984-01-01', 'requirements': {}}, {'platform': {'id': 41, 'name': 'Apple II', 'slug': 'apple-ii', 'image': None, 'year_end': None, 'year_start': None, 'games_count': 424, 'image_background': 'https://media.rawg.io/media/screenshots/3d2/3d2bb57b39e2efa39d1c385585b2ea8b.jpg'}, 'released_at': '1984-01-01', 'requirements': {}}, {'platform': {'id': 4, 'name': 'PC', 'slug': 'pc', 'image': None, 'year_end': None, 'year_start': None, 'games_count': 547196, 'image_background': 'https://media.rawg.io/media/games/6fc/6fcf4cd3b17c288821388e6085bb0fc9.jpg'}, 'released_at': '1984-01-01', 'requirements': {}}]",[],"[{'id': 27551, 'name': 'Telarium', 'slug': 'telarium', 'games_count': 2, 'image_background': 'https://media.rawg.io/media/screenshots/5c4/5c465a012f675b55b08c297b83518f0f.jpg'}]",[],"[{'id': 31, 'name': 'Singleplayer', 'slug': 'singleplayer', 'language': 'eng', 'games_count': 238404, 'image_background': 'https://media.rawg.io/media/games/26d/26d4437715bee60138dab4a7c8c59c92.jpg'}]","[{'id': 20201, 'name': 'Telarium', 'slug': 'telarium', 'games_count': 4, 'image_background': 'https://media.rawg.io/media/screenshots/986/986d18df6d74b5dc0ae9dd413ebe3d52.jpg'}]",,,"Rendezvous with Rama is an interactive fiction computer game with graphics published by Telarium (formerly known as Trillium), a subsidiary of Spinnaker Software, in the year 1984. It was developed in cooperation with Arthur C. Clarke and based upon his science fiction novel Rendezvous with Rama.",1.0,4.0,2.0,2.0,1.0,,,,,,,,,,,,,,,,,0.0,,
56541,pyjamarama,Pyjamarama,Pyjamarama,"<p>Pyjamarama is a computer game for the ZX Spectrum, Amstrad CPC and the Commodore 64. It features Wally Week as the central character and is the second (after Automania) of a series of games featuring Wally and/or members of his family. It was published by Mikro-Gen (through Amsoft for the Amstrad version). Starting in July 1986, Your Sinclair magazine published a monthly comic strip based on the character.</p>
<p>There are two different versions of the game. The original plays Popcorn, the second release plays an original tune, which has much in common with the 'An Tull' song by Clannad.</p>
<p>Four other Wally Week games were released: Automania, Everyone's A Wally, Herbert's Dummy Run and Three Weeks in Paradise.</p>",,[],1984-01-01,False,2019-08-28T22:25:57,https://media.rawg.io/media/screenshots/4fe/4fea1efd27ee7e5e21ca23a97e6f99be.jpg,https://media.rawg.io/media/screenshots/738/7384d8b7be1ab556176af7ad967ffb20.jpg,,0.0,0,"[{'id': 1, 'title': 'skip', 'count': 1, 'percent': 100.0}]",10,0,9,0,0,0,0,,,,,0,0,0,0,1,302,[],,0,0,0,,1,0f0f0f,0f0f0f,"[{'platform': {'id': 4, 'name': 'iOS', 'slug': 'ios'}}, {'platform': {'id': 10, 'name': 'Commodore / Amiga', 'slug': 'commodore-amiga'}}]","[{'platform': {'id': 166, 'name': 'Commodore / Amiga', 'slug': 'commodore-amiga', 'image': None, 'year_end': None, 'year_start': None, 'games_count': 2083, 'image_background': 'https://media.rawg.io/media/games/cce/cce8bebe861f295003f5a9fe5b11233f.jpg'}, 'released_at': '1984-01-01', 'requirements': {}}, {'platform': {'id': 3, 'name': 'iOS', 'slug': 'ios', 'image': None, 'year_end': None, 'year_start': None, 'games_count': 77392, 'image_background': 'https://media.rawg.io/media/games/5fa/5fae5fec3c943179e09da67a4427d68f.jpg'}, 'released_at': '1984-01-01', 'requirements': {}}]",[],"[{'id': 27443, 'name': 'Chris Hinsley', 'slug': 'chris-hinsley', 'games_count': 3, 'image_background': 'https://media.rawg.io/media/screenshots/4fe/4fea1efd27ee7e5e21ca23a97e6f99be.jpg'}]",[],"[{'id': 31, 'name': 'Singleplayer', 'slug': 'singleplayer', 'language': 'eng', 'games_count': 238404, 'image_background': 'https://media.rawg.io/media/games/26d/26d4437715bee60138dab4a7c8c59c92.jpg'}]","[{'id': 20531, 'name': 'Mikro-Gen', 'slug': 'mikro-gen', 'games_count': 4, 'image_background': 'https://media.rawg.io/media/screenshots/db1/db11b7db407be451065a2ed82b2f43b7.jpg'}]",,,"Pyjamarama is a computer game for the ZX Spectrum, Amstrad CPC and the Commodore 64. It features Wally Week as the central character and is the second (after Automania) of a series of games featuring Wally and/or members of his family. It was published by Mikro-Gen (through Amsoft for the Amstrad version). Starting in July 1986, Your Sinclair magazine published a monthly comic strip based on the character.
There are two different versions of the game. The original plays Popcorn, the second release plays an original tune, which has much in common with the 'An Tull' song by Clannad.
Four other Wally Week games were released: Automania, Everyone's A Wally, Herbert's Dummy Run and Three Weeks in Paradise.",,5.0,2.0,2.0,1.0,,,,,,,,,,,,,,,,,0.0,,
55505,kaiser,Kaiser,Kaiser,<p>Kaiser is a West German simulation strategy video game developed and published by Ariolasoft. In 2003 Kaiser II author Carsten Strotmann released the source code under the GPL as Free Software.</p>,,[],1984-01-01,False,2019-08-28T22:01:00,https://media.rawg.io/media/screenshots/826/8265070bbf2232c58d1fab480fee7ad6.jpg,https://media.rawg.io/media/screenshots/dff/dff55303f8d2231075444eabe6ceedf9.jpg,,0.0,0,[],10,0,9,0,0,0,0,,,,,0,0,0,0,0,204,[],,0,0,0,,0,0f0f0f,0f0f0f,"[{'platform': {'id': 9, 'name': 'Atari', 'slug': 'atari'}}, {'platform': {'id': 10, 'name': 'Commodore / Amiga', 'slug': 'commodore-amiga'}}]","[{'platform': {'id': 166, 'name': 'Commodore / Amiga', 'slug': 'commodore-amiga', 'image': None, 'year_end': None, 'year_start': None, 'games_count': 2083, 'image_background': 'https://media.rawg.io/media/games/cce/cce8bebe861f295003f5a9fe5b11233f.jpg'}, 'released_at': '1984-01-01', 'requirements': {}}, {'platform': {'id': 25, 'name': 'Atari 8-bit', 'slug': 'atari-8-bit', 'image': None, 'year_end': None, 'year_start': None, 'games_count': 308, 'image_background': 'https://media.rawg.io/media/screenshots/038/0385a47d3a43b218204268af5361a19e.jpg'}, 'released_at': '1984-01-01', 'requirements': {}}]",[],"[{'id': 27144, 'name': 'Ariolasoft', 'slug': 'ariolasoft', 'games_count': 2, 'image_background': 'https://media.rawg.io/media/screenshots/147/147b60635f5ea42a183e2ee2961e0195.jpg'}]","[{'id': 10, 'name': 'Strategy', 'slug': 'strategy', 'games_count': 59661, 'image_background': 'https://media.rawg.io/media/games/08b/08b2eee52a9876a48b955e5149affe5b.jpg'}, {'id': 14, 'name': 'Simulation', 'slug': 'simulation', 'games_count': 73491, 'image_background': 'https://media.rawg.io/media/games/48c/48cb04ca483be865e3a83119c94e6097.jpg'}]","[{'id': 31, 'name': 'Singleplayer', 'slug': 'singleplayer', 'language': 'eng', 'games_count': 238404, 'image_background': 'https://media.rawg.io/media/games/26d/26d4437715bee60138dab4a7c8c59c92.jpg'}]","[{'id': 19708, 'name': 'Ariolasoft', 'slug': 'ariolasoft', 'games_count': 19, 'image_background': 'https://media.rawg.io/media/screenshots/f4b/f4b8e0b7e42013d1051cca8ce9c55df9.jpg'}]",,,Kaiser is a West German simulation strategy video game developed and published by Ariolasoft. In 2003 Kaiser II author Carsten Strotmann released the source code under the GPL as Free Software.,,5.0,2.0,2.0,1.0,,,,,,,,,,,,,,,,,0.0,,
56468,the-evil-dead,The Evil Dead,The Evil Dead,"<p>The Evil Dead is a survival horror adventure game produced by Palace Software for the Commodore 64 and ZX Spectrum. It is based on the 1981 horror film of the same name.</p>
<p>Although the C64 version received a full commercial release, the ZX Spectrum version was never released on its own and eventually appeared on the ""B""-side of Cauldron.</p>
<p>The Evil Dead was the first (and for some time, only) officially licensed video game based on the series. Starting with 2000's Evil Dead: Hail to the King, several other Evil Dead games have since been released, albeit from other publishers and with no direct connection to Palace's 1984 game.</p>",,[],1984-01-01,False,2019-08-28T22:00:28,https://media.rawg.io/media/screenshots/b7c/b7cf1f2711a23741d9aed1cb39d60198.jpg,https://media.rawg.io/media/screenshots/472/4722e95a2f4112b836b1db0c1b5307b8.jpg,,0.0,0,[],10,0,6,0,2,0,0,,,,,0,0,0,0,0,122,[],,0,0,0,,0,0f0f0f,0f0f0f,"[{'platform': {'id': 10, 'name': 'Commodore / Amiga', 'slug': 'commodore-amiga'}}]","[{'platform': {'id': 166, 'name': 'Commodore / Amiga', 'slug': 'commodore-amiga', 'image': None, 'year_end': None, 'year_start': None, 'games_count': 2083, 'image_background': 'https://media.rawg.io/media/games/cce/cce8bebe861f295003f5a9fe5b11233f.jpg'}, 'released_at': '1984-01-01', 'requirements': {}}]",[],"[{'id': 15731, 'name': 'Palace Software', 'slug': 'palace-software', 'games_count': 8, 'image_background': 'https://media.rawg.io/media/screenshots/d93/d9304513c6c0ac3620f8c735feaa845a.jpg'}, {'id': 27448, 'name': 'Palace Virgin Gold', 'slug': 'palace-virgin-gold', 'games_count': 1, 'image_background': 'https://media.rawg.io/media/screenshots/b7c/b7cf1f2711a23741d9aed1cb39d60198.jpg'}]","[{'id': 3, 'name': 'Adventure', 'slug': 'adventure', 'games_count': 146481, 'image_background': 'https://media.rawg.io/media/games/b6b/b6b20bfc4b34e312dbc8aac53c95a348.jpg'}]","[{'id': 31, 'name': 'Singleplayer', 'slug': 'singleplayer', 'language': 'eng', 'games_count': 238404, 'image_background': 'https://media.rawg.io/media/games/26d/26d4437715bee60138dab4a7c8c59c92.jpg'}]","[{'id': 20213, 'name': 'Palace Software', 'slug': 'palace-software', 'games_count': 9, 'image_background': 'https://media.rawg.io/media/screenshots/983/98323867538edab00522e30f89329f23.jpg'}]",,,"The Evil Dead is a survival horror adventure game produced by Palace Software for the Commodore 64 and ZX Spectrum. It is based on the 1981 horror film of the same name.
Although the C64 version received a full commercial release, the ZX Spectrum version was never released on its own and eventually appeared on the ""B""-side of Cauldron.
The Evil Dead was the first (and for some time, only) officially licensed video game based on the series. Starting with 2000's Evil Dead: Hail to the King, several other Evil Dead games have since been released, albeit from other publishers and with no direct connection to Palace's 1984 game.",1.0,5.0,1.0,2.0,1.0,,,,,,,,,,,,,,,,,0.0,,
56900,zig-zag-2,Zig Zag,Zig Zag,<p>Zig Zag is a maze video game written by Ed Hickman and published by DK'Tronics in 1984. It was released for the ZX Spectrum and the Commodore 64.</p>,,[],1984-01-01,False,2019-08-28T22:25:52,https://media.rawg.io/media/screenshots/3fb/3fb32870bf8daa2e66f4a872ff192833.jpg,https://media.rawg.io/media/screenshots/8fe/8fe89eeb4549d5c9a3432f97aba10d93.jpg,,0.0,0,"[{'id': 1, 'title': 'skip', 'count': 1, 'percent': 100.0}]",10,0,7,0,0,0,0,,,,,0,0,0,0,1,67,[],,0,0,0,,1,0f0f0f,0f0f0f,"[{'platform': {'id': 10, 'name': 'Commodore / Amiga', 'slug': 'commodore-amiga'}}]","[{'platform': {'id': 166, 'name': 'Commodore / Amiga', 'slug': 'commodore-amiga', 'image': None, 'year_end': None, 'year_start': None, 'games_count': 2083, 'image_background': 'https://media.rawg.io/media/games/cce/cce8bebe861f295003f5a9fe5b11233f.jpg'}, 'released_at': '1984-01-01', 'requirements': {}}]",[],"[{'id': 27347, 'name': ""DK'Tronics"", 'slug': 'dktronics', 'games_count': 3, 'image_background': 'https://media.rawg.io/media/screenshots/3fb/3fb32870bf8daa2e66f4a872ff192833.jpg'}]",[],"[{'id': 31, 'name': 'Singleplayer', 'slug': 'singleplayer', 'language': 'eng', 'games_count': 238404, 'image_background': 'https://media.rawg.io/media/games/26d/26d4437715bee60138dab4a7c8c59c92.jpg'}]","[{'id': 20471, 'name': ""DK'Tronics"", 'slug': 'dktronics', 'games_count': 3, 'image_background': 'https://media.rawg.io/media/screenshots/3fb/3fb32870bf8daa2e66f4a872ff192833.jpg'}]",,,Zig Zag is a maze video game written by Ed Hickman and published by DK'Tronics in 1984. It was released for the ZX Spectrum and the Commodore 64.,,5.0,2.0,2.0,1.0,,,,,,,,,,,,,,,,,0.0,,
56661,music-construction-set,Music Construction Set,Music Construction Set,"<p>Will Harvey's Music Construction Set (MCS) is a music composition notation program designed by Will Harvey for the Apple II and published by Electronic Arts in 1984. Harvey wrote the original Apple II version in assembly language when he was 15 and in high school. MCS was conceived as a tool to add music to his first and only published software, an abstract shooter called Lancaster for the Apple II.</p>
<p>Music Construction Set was ported to the Atari 8-bit family, Commodore 64, IBM PC (as a booter), and the Atari ST. A redesigned version for the Amiga and Macintosh was released in 1986 as Deluxe Music Construction Set.</p>",,[],1984-01-01,False,2019-01-09T12:41:06,,,,0.0,0,[],10,0,0,0,2,0,0,,,,,0,0,0,0,0,0,[],,0,0,0,,0,0f0f0f,0f0f0f,"[{'platform': {'id': 10, 'name': 'Commodore / Amiga', 'slug': 'commodore-amiga'}}]","[{'platform': {'id': 166, 'name': 'Commodore / Amiga', 'slug': 'commodore-amiga', 'image': None, 'year_end': None, 'year_start': None, 'games_count': 2083, 'image_background': 'https://media.rawg.io/media/games/cce/cce8bebe861f295003f5a9fe5b11233f.jpg'}, 'released_at': '1984-01-01', 'requirements': {}}]",[],"[{'id': 27537, 'name': 'Will Harvey', 'slug': 'will-harvey', 'games_count': 2, 'image_background': 'https://media.rawg.io/media/screenshots/c21/c217f7f9e0e3dad10ac8f3394ce5317b.jpg'}]",[],"[{'id': 136, 'name': 'Music', 'slug': 'music', 'language': 'eng', 'games_count': 26142, 'image_background': 'https://media.rawg.io/media/screenshots/db5/db5ab0d41a2a57274902d32ea8e6f1ec.jpg'}, {'id': 84, 'name': 'Abstract', 'slug': 'abstract', 'language': 'eng', 'games_count': 7081, 'image_background': 'https://media.rawg.io/media/screenshots/bf1/bf17f3355be57f92313ec8ce3fc56f11.jpeg'}, {'id': 712, 'name': 'school', 'slug': 'school', 'language': 'eng', 'games_count': 4577, 'image_background': 'https://media.rawg.io/media/games/044/044b2ee023930ca138deda151f40c18c.jpg'}, {'id': 1534, 'name': 'atari', 'slug': 'atari', 'language': 'eng', 'games_count': 1158, 'image_background': 'https://media.rawg.io/media/screenshots/d10/d10fdd0fc764ad4a5d70fffa6aee1175.jpg'}]","[{'id': 354, 'name': 'Electronic Arts', 'slug': 'electronic-arts', 'games_count': 1332, 'image_background': 'https://media.rawg.io/media/games/45b/45b57ed59de4b84effd8f6bc4b7bf515.jpg'}]",,,"Will Harvey's Music Construction Set (MCS) is a music composition notation program designed by Will Harvey for the Apple II and published by Electronic Arts in 1984. Harvey wrote the original Apple II version in assembly language when he was 15 and in high school. MCS was conceived as a tool to add music to his first and only published software, an abstract shooter called Lancaster for the Apple II.
Music Construction Set was ported to the Atari 8-bit family, Commodore 64, IBM PC (as a booter), and the Atari ST. A redesigned version for the Amiga and Macintosh was released in 1986 as Deluxe Music Construction Set.",,5.0,2.0,2.0,1.0,,,,,,,,,,,,,,,,,0.0,,
56334,baltic-1985-corridor-to-berlin,Baltic 1985: Corridor to Berlin,Baltic 1985: Corridor to Berlin,"<p>Baltic 1985: Corridor To Berlin is a computer wargame published in 1984 by Strategic Simulations. Developed by Roger Keating, it was the third in the ""When Superpowers Collide"" series.</p>",,[],1984-01-01,False,2019-08-28T22:00:32,https://media.rawg.io/media/screenshots/566/566c6c706a02ac444f68c6edb580f5c0.jpg,https://media.rawg.io/media/screenshots/594/594e051469ca30a64c853b80adc396c5.jpg,,0.0,0,[],10,0,7,0,0,0,0,,,,,0,0,0,0,0,139,[],,0,0,0,,0,0f0f0f,0f0f0f,"[{'platform': {'id': 5, 'name': 'Apple Macintosh', 'slug': 'mac'}}, {'platform': {'id': 10, 'name': 'Commodore / Amiga', 'slug': 'commodore-amiga'}}]","[{'platform': {'id': 166, 'name': 'Commodore / Amiga', 'slug': 'commodore-amiga', 'image': None, 'year_end': None, 'year_start': None, 'games_count': 2083, 'image_background': 'https://media.rawg.io/media/games/cce/cce8bebe861f295003f5a9fe5b11233f.jpg'}, 'released_at': '1984-01-01', 'requirements': {}}, {'platform': {'id': 41, 'name': 'Apple II', 'slug': 'apple-ii', 'image': None, 'year_end': None, 'year_start': None, 'games_count': 424, 'image_background': 'https://media.rawg.io/media/screenshots/3d2/3d2bb57b39e2efa39d1c385585b2ea8b.jpg'}, 'released_at': '1984-01-01', 'requirements': {}}]",[],"[{'id': 27384, 'name': 'Roger Keating', 'slug': 'roger-keating', 'games_count': 4, 'image_background': 'https://media.rawg.io/media/screenshots/566/566c6c706a02ac444f68c6edb580f5c0.jpg'}]",[],"[{'id': 31, 'name': 'Singleplayer', 'slug': 'singleplayer', 'language': 'eng', 'games_count': 238404, 'image_background': 'https://media.rawg.io/media/games/26d/26d4437715bee60138dab4a7c8c59c92.jpg'}, {'id': 7, 'name': 'Multiplayer', 'slug': 'multiplayer', 'language': 'eng', 'games_count': 40505, 'image_background': 'https://media.rawg.io/media/games/021/021c4e21a1824d2526f925eff6324653.jpg'}]","[{'id': 19851, 'name': 'Strategic Simulations', 'slug': 'strategic-simulations', 'games_count': 113, 'image_background': 'https://media.rawg.io/media/screenshots/55c/55cd1c62d524e51467185c94839b08c4.jpg'}]",,,"Baltic 1985: Corridor To Berlin is a computer wargame published in 1984 by Strategic Simulations. Developed by Roger Keating, it was the third in the ""When Superpowers Collide"" series.",,6.0,2.0,1.0,1.0,,,,,,,,,,,,,,,,,0.0,,
54010,raid-on-bungeling-bay,Raid on Bungeling Bay,Raid on Bungeling Bay,"<p>Raid on Bungeling Bay was the first video game designed by Will Wright. It was published by Brøderbund for the Commodore 64 in 1984 and ported to MSX (1985) and the NES (1987). The Commodore 64 version was published in the UK by Ariolasoft, and the NES version in Japan was from Hudson Soft. The game would inspire Wright to develop SimCity.</p>",,[],1984-01-01,False,2019-08-28T22:01:48,https://media.rawg.io/media/screenshots/123/12305b80b60462ccc5163e50785e8871.jpg,https://media.rawg.io/media/screenshots/4cf/4cfe992a118454c491d77a88fc67c331.jpg,,0.0,0,"[{'id': 4, 'title': 'recommended', 'count': 1, 'percent': 100.0}]",10,0,9,0,1,0,0,,,,,0,0,0,0,1,161,[],,0,0,0,,1,0f0f0f,0f0f0f,"[{'platform': {'id': 7, 'name': 'Nintendo', 'slug': 'nintendo'}}, {'platform': {'id': 10, 'name': 'Commodore / Amiga', 'slug': 'commodore-amiga'}}]","[{'platform': {'id': 49, 'name': 'NES', 'slug': 'nes', 'image': None, 'year_end': None, 'year_start': None, 'games_count': 1015, 'image_background': 'https://media.rawg.io/media/games/7c5/7c50dd0415eb0a57505c58d4e50e4d24.jpg'}, 'released_at': '1984-01-01', 'requirements': {}}, {'platform': {'id': 166, 'name': 'Commodore / Amiga', 'slug': 'commodore-amiga', 'image': None, 'year_end': None, 'year_start': None, 'games_count': 2083, 'image_background': 'https://media.rawg.io/media/games/cce/cce8bebe861f295003f5a9fe5b11233f.jpg'}, 'released_at': '1984-01-01', 'requirements': {}}]",[],"[{'id': 14652, 'name': 'Hudson Soft', 'slug': 'hudson-soft', 'games_count': 114, 'image_background': 'https://media.rawg.io/media/screenshots/e87/e87bd8b2b7cff248c4d1af8264d25d09.jpg'}, {'id': 26647, 'name': 'ZAP', 'slug': 'zap-corporation-msx', 'games_count': 2, 'image_background': 'https://media.rawg.io/media/screenshots/123/12305b80b60462ccc5163e50785e8871.jpg'}, {'id': 26646, 'name': 'Will Wright', 'slug': 'will-wright', 'games_count': 1, 'image_background': 'https://media.rawg.io/media/screenshots/123/12305b80b60462ccc5163e50785e8871.jpg'}]",[],"[{'id': 31, 'name': 'Singleplayer', 'slug': 'singleplayer', 'language': 'eng', 'games_count': 238404, 'image_background': 'https://media.rawg.io/media/games/26d/26d4437715bee60138dab4a7c8c59c92.jpg'}, {'id': 7, 'name': 'Multiplayer', 'slug': 'multiplayer', 'language': 'eng', 'games_count': 40505, 'image_background': 'https://media.rawg.io/media/games/021/021c4e21a1824d2526f925eff6324653.jpg'}]","[{'id': 19491, 'name': 'Brøderbund', 'slug': 'broderbund', 'games_count': 32, 'image_background': 'https://media.rawg.io/media/games/054/0540c8fc8eed3fc13d3990f419c61c6f.jpg'}, {'id': 19708, 'name': 'Ariolasoft', 'slug': 'ariolasoft', 'games_count': 19, 'image_background': 'https://media.rawg.io/media/screenshots/f4b/f4b8e0b7e42013d1051cca8ce9c55df9.jpg'}]",,,"Raid on Bungeling Bay was the first video game designed by Will Wright. It was published by Brøderbund for the Commodore 64 in 1984 and ported to MSX (1985) and the NES (1987). The Commodore 64 version was published in the UK by Ariolasoft, and the NES version in Japan was from Hudson Soft. The game would inspire Wright to develop SimCity.",,4.0,2.0,2.0,2.0,,,,,,,,,,,,,,,,,0.0,,
56833,system-15000,System 15000,System 15000,"<p>System 15000 is a 1984 video game by A.V.S. It was originally conceived, designed, and programmed by Lee Kristofferson (born John Wagstaff) in assembly language for the Commodore 64. Versions were later ported to the ZX Spectrum and BBC Micro, both written in BASIC. This was the first game to simulate computer hacking.</p>
<p>A sequel was planned by Lee Kristofferson but never released.</p>",,[],1984-01-01,False,2019-08-28T22:25:53,,,,0.0,0,[],10,0,0,0,1,0,0,,,,,0,0,0,0,0,0,[],,0,0,0,,0,0f0f0f,0f0f0f,"[{'platform': {'id': 10, 'name': 'Commodore / Amiga', 'slug': 'commodore-amiga'}}]","[{'platform': {'id': 166, 'name': 'Commodore / Amiga', 'slug': 'commodore-amiga', 'image': None, 'year_end': None, 'year_start': None, 'games_count': 2083, 'image_background': 'https://media.rawg.io/media/games/cce/cce8bebe861f295003f5a9fe5b11233f.jpg'}, 'released_at': '1984-01-01', 'requirements': {}}]",[],"[{'id': 27614, 'name': 'A.V.S.', 'slug': 'avs', 'games_count': 1, 'image_background': ''}]","[{'id': 10, 'name': 'Strategy', 'slug': 'strategy', 'games_count': 59661, 'image_background': 'https://media.rawg.io/media/games/08b/08b2eee52a9876a48b955e5149affe5b.jpg'}, {'id': 7, 'name': 'Puzzle', 'slug': 'puzzle', 'games_count': 97333, 'image_background': 'https://media.rawg.io/media/games/9f4/9f418898f5415668ca47b5f4ab1ecfeb.jpg'}]","[{'id': 31, 'name': 'Singleplayer', 'slug': 'singleplayer', 'language': 'eng', 'games_count': 238404, 'image_background': 'https://media.rawg.io/media/games/26d/26d4437715bee60138dab4a7c8c59c92.jpg'}]","[{'id': 20622, 'name': 'Craig Communications', 'slug': 'craig-communications', 'games_count': 1, 'image_background': ''}]",,,"System 15000 is a 1984 video game by A.V.S. It was originally conceived, designed, and programmed by Lee Kristofferson (born John Wagstaff) in assembly language for the Commodore 64. Versions were later ported to the ZX Spectrum and BBC Micro, both written in BASIC. This was the first game to simulate computer hacking.
A sequel was planned by Lee Kristofferson but never released.",,5.0,2.0,2.0,1.0,,,,,,,,,,,,,,,,,0.0,,
56568,injured-engine,Injured Engine,Injured Engine,<p>Injured Engine is a 1984 puzzle game released for the Commodore 64 by Imagic. The player must diagnose problems in a simulated automobile engine; the game aims to teach how engines work and how engine parts related to each other. It was created by an auto mechanic and a graphic artist. Imagic demonstrated it at the 1984 Consumer Electronics Show. Imagic designed it as part of an educational series that includes Microsurgeon.</p>,,[],1984-01-01,False,2019-08-28T22:00:25,https://media.rawg.io/media/screenshots/3a3/3a3e0d2648f81dfbfb33e8f23feddec7.jpg,https://media.rawg.io/media/screenshots/1d6/1d6aafdbd20ecadbb4af798c3032770c.jpg,,0.0,0,[],10,0,8,0,1,0,0,,,,,0,0,0,0,0,205,[],,0,0,0,,0,0f0f0f,0f0f0f,"[{'platform': {'id': 5, 'name': 'Apple Macintosh', 'slug': 'mac'}}, {'platform': {'id': 10, 'name': 'Commodore / Amiga', 'slug': 'commodore-amiga'}}]","[{'platform': {'id': 166, 'name': 'Commodore / Amiga', 'slug': 'commodore-amiga', 'image': None, 'year_end': None, 'year_start': None, 'games_count': 2083, 'image_background': 'https://media.rawg.io/media/games/cce/cce8bebe861f295003f5a9fe5b11233f.jpg'}, 'released_at': '1984-01-01', 'requirements': {}}, {'platform': {'id': 41, 'name': 'Apple II', 'slug': 'apple-ii', 'image': None, 'year_end': None, 'year_start': None, 'games_count': 424, 'image_background': 'https://media.rawg.io/media/screenshots/3d2/3d2bb57b39e2efa39d1c385585b2ea8b.jpg'}, 'released_at': '1984-01-01', 'requirements': {}}]",[],"[{'id': 27484, 'name': 'Chip Curry', 'slug': 'chip-curry', 'games_count': 1, 'image_background': 'https://media.rawg.io/media/screenshots/3a3/3a3e0d2648f81dfbfb33e8f23feddec7.jpg'}, {'id': 27485, 'name': 'Karen Elliott', 'slug': 'karen-elliott', 'games_count': 1, 'image_background': 'https://media.rawg.io/media/screenshots/3a3/3a3e0d2648f81dfbfb33e8f23feddec7.jpg'}, {'id': 27486, 'name': 'Dave Johnson', 'slug': 'dave-johnson', 'games_count': 1, 'image_background': 'https://media.rawg.io/media/screenshots/3a3/3a3e0d2648f81dfbfb33e8f23feddec7.jpg'}]","[{'id': 14, 'name': 'Simulation', 'slug': 'simulation', 'games_count': 73491, 'image_background': 'https://media.rawg.io/media/games/48c/48cb04ca483be865e3a83119c94e6097.jpg'}, {'id': 7, 'name': 'Puzzle', 'slug': 'puzzle', 'games_count': 97333, 'image_background': 'https://media.rawg.io/media/games/9f4/9f418898f5415668ca47b5f4ab1ecfeb.jpg'}]","[{'id': 31, 'name': 'Singleplayer', 'slug': 'singleplayer', 'language': 'eng', 'games_count': 238404, 'image_background': 'https://media.rawg.io/media/games/26d/26d4437715bee60138dab4a7c8c59c92.jpg'}, {'id': 7, 'name': 'Multiplayer', 'slug': 'multiplayer', 'language': 'eng', 'games_count': 40505, 'image_background': 'https://media.rawg.io/media/games/021/021c4e21a1824d2526f925eff6324653.jpg'}, {'id': 418, 'name': '2 players', 'slug': '2-players', 'language': 'eng', 'games_count': 1244, 'image_background': 'https://media.rawg.io/media/screenshots/f9a/f9ac59bb4af2ca2193ee9ffb979577cf.jpg'}]","[{'id': 19448, 'name': 'Imagic', 'slug': 'imagic', 'games_count': 11, 'image_background': 'https://media.rawg.io/media/screenshots/eda/edac741dcb6f107d04940f5813e84b66.jpg'}]",,,Injured Engine is a 1984 puzzle game released for the Commodore 64 by Imagic. The player must diagnose problems in a simulated automobile engine; the game aims to teach how engines work and how engine parts related to each other. It was created by an auto mechanic and a graphic artist. Imagic demonstrated it at the 1984 Consumer Electronics Show. Imagic designed it as part of an educational series that includes Microsurgeon.,,5.0,2.0,2.0,1.0,,,,,,,,,,,,,,,,,0.0,,
56441,dream-house,Dream House,Dream House,"<p>Dream House is a Commodore 64 game created by Joyce Hakansson Associates, released in 1984 by CBS Electronics. It allows the player to design and test the house of his or her dreams.</p>",,[],1984-01-01,False,2019-08-28T22:00:29,,,,0.0,0,[],10,0,0,0,3,0,0,,,,,0,0,0,0,0,0,[],,0,0,0,,0,0f0f0f,0f0f0f,"[{'platform': {'id': 10, 'name': 'Commodore / Amiga', 'slug': 'commodore-amiga'}}]","[{'platform': {'id': 166, 'name': 'Commodore / Amiga', 'slug': 'commodore-amiga', 'image': None, 'year_end': None, 'year_start': None, 'games_count': 2083, 'image_background': 'https://media.rawg.io/media/games/cce/cce8bebe861f295003f5a9fe5b11233f.jpg'}, 'released_at': '1984-01-01', 'requirements': {}}]",[],[],[],"[{'id': 31, 'name': 'Singleplayer', 'slug': 'singleplayer', 'language': 'eng', 'games_count': 238404, 'image_background': 'https://media.rawg.io/media/games/26d/26d4437715bee60138dab4a7c8c59c92.jpg'}]","[{'id': 19462, 'name': 'CBS Electronics', 'slug': 'cbs-electronics', 'games_count': 8, 'image_background': 'https://media.rawg.io/media/screenshots/271/271596942ed202540078bf05ca4d4a6c.jpg'}, {'id': 19487, 'name': 'CBS', 'slug': 'cbs', 'games_count': 3, 'image_background': 'https://media.rawg.io/media/screenshots/38d/38dfce54058a500f6c0bed89b87faeba.jpg'}]",,,"Dream House is a Commodore 64 game created by Joyce Hakansson Associates, released in 1984 by CBS Electronics. It allows the player to design and test the house of his or her dreams.",,5.0,2.0,2.0,1.0,,,,,,,,,,,,,,,,,0.0,,
25866,gaplus,GAPLUS,GAPLUS,"<p>
      The ultimate space battle is about to begin as you face off against the 
      Gaplus forces! Fly around in eight directions and fire missiles to 
      destroy enemies. Defeat all the enemies to advance to the next parsec. 
      If you come into contact with an enemy or enemy missile, you'll lose a 
      fighter. Once you lose all of your fighters, the game is over. Obtain 
      Blaster Head power-ups by destroying the enemies that carry them. 
      Collect parts for your fighter by destroying the enemies that carry 
      them. Complete a full set to earn an extra fighter. During Challenging 
      Stages, enemies will spin and bounce when hit. Keep juggling enemies 
      within the bounds of the screen to earn bonus points.
    </p><p>This classic game is part of the Virtual Console service, which brings you great games created for consoles such as NES™, Super NES™ and Game Boy™ Advance. See more Virtual Console games for Wii.</p>",,[],1984-04-01,False,2019-01-09T12:41:06,https://media.rawg.io/media/screenshots/7c1/7c197a665a04250183a978f0e1538465.jpg,https://media.rawg.io/media/screenshots/d89/d8961f92a1d0d4bf0d36aefb9d807a1f.jpg,,0.0,0,[],10,0,13,0,0,0,0,,,,,0,0,0,0,0,185,[],,0,0,0,,0,0f0f0f,0f0f0f,"[{'platform': {'id': 2, 'name': 'PlayStation', 'slug': 'playstation'}}, {'platform': {'id': 7, 'name': 'Nintendo', 'slug': 'nintendo'}}, {'platform': {'id': 10, 'name': 'Commodore / Amiga', 'slug': 'commodore-amiga'}}]","[{'platform': {'id': 11, 'name': 'Wii', 'slug': 'wii', 'image': None, 'year_end': None, 'year_start': None, 'games_count': 2209, 'image_background': 'https://media.rawg.io/media/games/9ca/9ca31615beee447f3ae1dc9b3b736dce.jpg'}, 'released_at': '2009-03-25', 'requirements': {}}, {'platform': {'id': 166, 'name': 'Commodore / Amiga', 'slug': 'commodore-amiga', 'image': None, 'year_end': None, 'year_start': None, 'games_count': 2083, 'image_background': 'https://media.rawg.io/media/games/cce/cce8bebe861f295003f5a9fe5b11233f.jpg'}, 'released_at': '2009-03-25', 'requirements': {}}, {'platform': {'id': 27, 'name': 'PlayStation', 'slug': 'playstation1', 'image': None, 'year_end': None, 'year_start': None, 'games_count': 1679, 'image_background': 'https://media.rawg.io/media/games/96a/96a48ac7487d9db9179d83170afcb16a.jpg'}, 'released_at': None, 'requirements': {}}]","[{'id': 30335, 'url': '', 'store': {'id': 6, 'name': 'Nintendo Store', 'slug': 'nintendo', 'domain': 'nintendo.com', 'games_count': 9128, 'image_background': 'https://media.rawg.io/media/games/fc1/fc1307a2774506b5bd65d7e8424664a7.jpg'}}]","[{'id': 10055, 'name': 'NAMCO', 'slug': 'namco', 'games_count': 127, 'image_background': 'https://media.rawg.io/media/games/2ff/2ff5b06428e4b016f3b79cf299bd6596.jpg'}, {'id': 27457, 'name': 'Digital Design', 'slug': 'digital-design', 'games_count': 1, 'image_background': 'https://media.rawg.io/media/screenshots/7c1/7c197a665a04250183a978f0e1538465.jpg'}]",[],"[{'id': 418, 'name': '2 players', 'slug': '2-players', 'language': 'eng', 'games_count': 1244, 'image_background': 'https://media.rawg.io/media/screenshots/f9a/f9ac59bb4af2ca2193ee9ffb979577cf.jpg'}, {'id': 348, 'name': 'alternating turns', 'slug': 'alternating-turns', 'language': 'eng', 'games_count': 64, 'image_background': 'https://media.rawg.io/media/games/6f8/6f8fb1e98393f72b47f1f909d5b649d4.jpg'}]","[{'id': 10901, 'name': 'Namco', 'slug': 'namco', 'games_count': 215, 'image_background': 'https://media.rawg.io/media/games/fc5/fc503876ca1ca34e160e88671af86e88.jpg'}, {'id': 4799, 'name': 'Mastertronic', 'slug': 'mastertronic', 'games_count': 72, 'image_background': 'https://media.rawg.io/media/screenshots/bb4/bb424afaf45c23f5893753ab1c1eca27.jpg'}, {'id': 19419, 'name': 'Bally Midway', 'slug': 'bally-midway', 'games_count': 14, 'image_background': 'https://media.rawg.io/media/screenshots/a9d/a9d6ecfce2839af25e2e74ff8821094d.jpg'}, {'id': 10895, 'name': 'NBGI', 'slug': 'nbgi', 'games_count': 13, 'image_background': 'https://media.rawg.io/media/screenshots/e5d/e5daf6ebb28b80ae3d6cd7337aa592be.jpg'}]",,,"The ultimate space battle is about to begin as you face off against the
Gaplus forces! Fly around in eight directions and fire missiles to
destroy enemies. Defeat all the enemies to advance to the next parsec.
If you come into contact with an enemy or enemy missile, you'll lose a
fighter. Once you lose all of your fighters, the game is over. Obtain
Blaster Head power-ups by destroying the enemies that carry them.
Collect parts for your fighter by destroying the enemies that carry
them. Complete a full set to earn an extra fighter. During Challenging
Stages, enemies will spin and bounce when hit. Keep juggling enemies
within the bounds of the screen to earn bonus points.
This classic game is part of the Virtual Console service, which brings you great games created for consoles such as NES™, Super NES™ and Game Boy™ Advance. See more Virtual Console games for Wii.",,5.0,2.0,2.0,1.0,,,,,,,,,,,,,,,,,0.0,,
56897,xyphus,Xyphus,Xyphus,"<p>Xyphus is a role-playing video game first released in 1984. The game was designed by Skip Waller and Dave Albert, with a Macintosh version by Bob Hardy, for Penguin Software. It was the first RPG on Macintosh. It featured upgraded graphics and a mouse friendly user-interface; an improvement over the Apple II and Commodore 64 releases. Xyphus is pronounced, Eks-see-foose, and is the Greek word for sword.</p>",,[],1984-01-01,False,2019-08-28T22:25:52,https://media.rawg.io/media/screenshots/aa3/aa3cabcaeeaa49955d69308fd6cfccfb.jpg,https://media.rawg.io/media/screenshots/c5e/c5e617fa4e64a70861ef34357c4de621.jpg,,0.0,0,[],10,0,8,0,1,0,0,,,,,0,0,0,0,0,192,[],,0,0,0,,0,0f0f0f,0f0f0f,"[{'platform': {'id': 5, 'name': 'Apple Macintosh', 'slug': 'mac'}}, {'platform': {'id': 10, 'name': 'Commodore / Amiga', 'slug': 'commodore-amiga'}}]","[{'platform': {'id': 166, 'name': 'Commodore / Amiga', 'slug': 'commodore-amiga', 'image': None, 'year_end': None, 'year_start': None, 'games_count': 2083, 'image_background': 'https://media.rawg.io/media/games/cce/cce8bebe861f295003f5a9fe5b11233f.jpg'}, 'released_at': '1984-01-01', 'requirements': {}}, {'platform': {'id': 41, 'name': 'Apple II', 'slug': 'apple-ii', 'image': None, 'year_end': None, 'year_start': None, 'games_count': 424, 'image_background': 'https://media.rawg.io/media/screenshots/3d2/3d2bb57b39e2efa39d1c385585b2ea8b.jpg'}, 'released_at': '1984-01-01', 'requirements': {}}, {'platform': {'id': 55, 'name': 'Classic Macintosh', 'slug': 'macintosh', 'image': None, 'year_end': None, 'year_start': None, 'games_count': 675, 'image_background': 'https://media.rawg.io/media/games/38a/38af969459ad6e5de116ec8a4a84218c.jpg'}, 'released_at': '1984-01-01', 'requirements': {}}]",[],"[{'id': 27076, 'name': 'Penguin Software', 'slug': 'penguin-software', 'games_count': 3, 'image_background': 'https://media.rawg.io/media/screenshots/aa3/aa3cabcaeeaa49955d69308fd6cfccfb.jpg'}]","[{'id': 5, 'name': 'RPG', 'slug': 'role-playing-games-rpg', 'games_count': 59370, 'image_background': 'https://media.rawg.io/media/games/f6b/f6bed028b02369d4cab548f4f9337e81.jpg'}]","[{'id': 31, 'name': 'Singleplayer', 'slug': 'singleplayer', 'language': 'eng', 'games_count': 238404, 'image_background': 'https://media.rawg.io/media/games/26d/26d4437715bee60138dab4a7c8c59c92.jpg'}]","[{'id': 20612, 'name': 'Penguin Software', 'slug': 'penguin-software', 'games_count': 4, 'image_background': 'https://media.rawg.io/media/screenshots/aa3/aa3cabcaeeaa49955d69308fd6cfccfb.jpg'}]",,,"Xyphus is a role-playing video game first released in 1984. The game was designed by Skip Waller and Dave Albert, with a Macintosh version by Bob Hardy, for Penguin Software. It was the first RPG on Macintosh. It featured upgraded graphics and a mouse friendly user-interface; an improvement over the Apple II and Commodore 64 releases. Xyphus is pronounced, Eks-see-foose, and is the Greek word for sword.",,5.0,2.0,2.0,1.0,,,,,,,,,,,,,,,,,0.0,,
55120,space-pilot,Space Pilot,Space Pilot,"<p>Space Pilot (Space-Pilot on the title screen) is a 2D scrolling shooter game for the Commodore 64 published by Kingsoft GmbH in 1984. Space Pilot is a direct clone of Time Pilot, a 1982 arcade game by Konami.</p>
<p>A sequel, Space-Pilot II, was released in 1985 and is a clone of Konami's Time Pilot sequel, Time Pilot '84. The sequel abandons the historical setting and instead uses a top-down view of a futuristic science fiction scenario.</p>",,[],1984-01-01,False,2019-01-09T12:41:06,https://media.rawg.io/media/screenshots/bb8/bb8879b4816e582686bbbbd5ff79c785.jpg,https://media.rawg.io/media/screenshots/50d/50d7f268279002e3c4a13773a4783b26.jpg,,0.0,0,[],10,0,8,0,1,0,0,,,,,0,0,0,0,0,133,[],,0,0,0,,0,0f0f0f,0f0f0f,"[{'platform': {'id': 9, 'name': 'Atari', 'slug': 'atari'}}, {'platform': {'id': 10, 'name': 'Commodore / Amiga', 'slug': 'commodore-amiga'}}]","[{'platform': {'id': 166, 'name': 'Commodore / Amiga', 'slug': 'commodore-amiga', 'image': None, 'year_end': None, 'year_start': None, 'games_count': 2083, 'image_background': 'https://media.rawg.io/media/games/cce/cce8bebe861f295003f5a9fe5b11233f.jpg'}, 'released_at': '1984-01-01', 'requirements': {}}, {'platform': {'id': 34, 'name': 'Atari ST', 'slug': 'atari-st', 'image': None, 'year_end': None, 'year_start': None, 'games_count': 836, 'image_background': 'https://media.rawg.io/media/games/637/637d7dc2f44d0f6ddd3ee2c0b1366962.jpg'}, 'released_at': '1984-01-01', 'requirements': {}}]",[],[],[],"[{'id': 25, 'name': 'Space', 'slug': 'space', 'language': 'eng', 'games_count': 43594, 'image_background': 'https://media.rawg.io/media/games/ebd/ebdbb7eb52bd58b0e7fa4538d9757b60.jpg'}, {'id': 87, 'name': 'Science', 'slug': 'science', 'language': 'eng', 'games_count': 1880, 'image_background': 'https://media.rawg.io/media/games/4a1/4a1ee7cf3792722dcd11638e542405c3.jpg'}, {'id': 3992, 'name': 'clone', 'slug': 'clone', 'language': 'eng', 'games_count': 1008, 'image_background': 'https://media.rawg.io/media/screenshots/990/9906c5c53cc94be308a69f0b585711d6.jpg'}]","[{'id': 12997, 'name': 'Kingsoft', 'slug': 'kingsoft', 'games_count': 4, 'image_background': 'https://media.rawg.io/media/screenshots/07d/07db8c1c145c686b966a43eabd86bc32.jpg'}]",,,"Space Pilot (Space-Pilot on the title screen) is a 2D scrolling shooter game for the Commodore 64 published by Kingsoft GmbH in 1984. Space Pilot is a direct clone of Time Pilot, a 1982 arcade game by Konami.
A sequel, Space-Pilot II, was released in 1985 and is a clone of Konami's Time Pilot sequel, Time Pilot '84. The sequel abandons the historical setting and instead uses a top-down view of a futuristic science fiction scenario.",,5.0,2.0,2.0,1.0,,,,,,,,,,,,,,,,,0.0,,
56540,hes-games,Hes Games,Hes Games,"<p>Hes Games is a 1984 sports game released for the Commodore 64 by HESware.</p>
<p>It was originally developed by 3-2-1 Software for the C64 . It was later upgraded by Michael Crick and released in the UK by Americana as Go For The Gold (#1 hit September 1986) and in the US by COSMI CORP under the label Celery Software. The US title, World Games, was changed to Gold Medal Games to avoid confusion with an Epyx product also called World Games.</p>",,[],1984-01-01,False,2019-08-28T22:00:26,,,,0.0,0,[],10,0,0,0,0,0,0,,,,,0,0,0,0,0,0,[],,0,0,0,,0,0f0f0f,0f0f0f,"[{'platform': {'id': 10, 'name': 'Commodore / Amiga', 'slug': 'commodore-amiga'}}]","[{'platform': {'id': 166, 'name': 'Commodore / Amiga', 'slug': 'commodore-amiga', 'image': None, 'year_end': None, 'year_start': None, 'games_count': 2083, 'image_background': 'https://media.rawg.io/media/games/cce/cce8bebe861f295003f5a9fe5b11233f.jpg'}, 'released_at': '1984-01-01', 'requirements': {}}]",[],"[{'id': 27473, 'name': '321 Software', 'slug': '321-software', 'games_count': 1, 'image_background': ''}]","[{'id': 15, 'name': 'Sports', 'slug': 'sports', 'games_count': 22123, 'image_background': 'https://media.rawg.io/media/games/5eb/5eb49eb2fa0738fdb5bacea557b1bc57.jpg'}]","[{'id': 31, 'name': 'Singleplayer', 'slug': 'singleplayer', 'language': 'eng', 'games_count': 238404, 'image_background': 'https://media.rawg.io/media/games/26d/26d4437715bee60138dab4a7c8c59c92.jpg'}]","[{'id': 20547, 'name': 'HESware', 'slug': 'hesware', 'games_count': 3, 'image_background': 'https://media.rawg.io/media/screenshots/b9a/b9ade0aead5283ecb79fdac4a15e4857.jpg'}]",,,"Hes Games is a 1984 sports game released for the Commodore 64 by HESware.
It was originally developed by 3-2-1 Software for the C64 . It was later upgraded by Michael Crick and released in the UK by Americana as Go For The Gold (#1 hit September 1986) and in the US by COSMI CORP under the label Celery Software. The US title, World Games, was changed to Gold Medal Games to avoid confusion with an Epyx product also called World Games.",,5.0,2.0,2.0,1.0,,,,,,,,,,,,,,,,,0.0,,
56587,kentilla,Kentilla,Kentilla,"<p>Kentilla is a text adventure game written by Derek Brewster and published by Micromega. It was later rereleased as a budget title by Mastertronic.<br />
Game music composer Rob Hubbard created the score for the Commodore 64 version, while the ZX Spectrum and Amstrad CPC versions were mute.</p>",,[],1984-12-01,False,2019-08-28T22:25:56,https://media.rawg.io/media/screenshots/f00/f00fffc4fad5ea4e4d851f6118781a8c.jpg,https://media.rawg.io/media/screenshots/c79/c79cc6bdb3a82b16e47aa77941d19eb4.jpg,,0.0,0,[],10,0,8,0,1,0,0,,,,,0,0,0,0,0,239,[],,0,0,0,,0,0f0f0f,0f0f0f,"[{'platform': {'id': 10, 'name': 'Commodore / Amiga', 'slug': 'commodore-amiga'}}]","[{'platform': {'id': 166, 'name': 'Commodore / Amiga', 'slug': 'commodore-amiga', 'image': None, 'year_end': None, 'year_start': None, 'games_count': 2083, 'image_background': 'https://media.rawg.io/media/games/cce/cce8bebe861f295003f5a9fe5b11233f.jpg'}, 'released_at': '1984-12-01', 'requirements': {}}]",[],"[{'id': 27503, 'name': 'Derek Brewster', 'slug': 'derek-brewster', 'games_count': 1, 'image_background': 'https://media.rawg.io/media/screenshots/f00/f00fffc4fad5ea4e4d851f6118781a8c.jpg'}]","[{'id': 3, 'name': 'Adventure', 'slug': 'adventure', 'games_count': 146481, 'image_background': 'https://media.rawg.io/media/games/b6b/b6b20bfc4b34e312dbc8aac53c95a348.jpg'}]","[{'id': 31, 'name': 'Singleplayer', 'slug': 'singleplayer', 'language': 'eng', 'games_count': 238404, 'image_background': 'https://media.rawg.io/media/games/26d/26d4437715bee60138dab4a7c8c59c92.jpg'}]","[{'id': 20565, 'name': 'Micromega', 'slug': 'micromega', 'games_count': 1, 'image_background': 'https://media.rawg.io/media/screenshots/f00/f00fffc4fad5ea4e4d851f6118781a8c.jpg'}]",,,"Kentilla is a text adventure game written by Derek Brewster and published by Micromega. It was later rereleased as a budget title by Mastertronic.
Game music composer Rob Hubbard created the score for the Commodore 64 version, while the ZX Spectrum and Amstrad CPC versions were mute.",,5.0,2.0,2.0,1.0,,,,,,,,,,,,,,,,,0.0,,
56625,mancopter,Mancopter,Mancopter,"<p>Mancopter is a computer game published by Datasoft for Commodore 64 in 1984. It was programmed by Scott Spanburg, and the music was composed by John A. Fitzpatrick. The player controls a person piloting a helicopter-like flying device over an ocean, and competing with other computer-controlled pilots.</p>",,[],1984-01-01,False,2019-08-28T22:00:23,https://media.rawg.io/media/screenshots/e4b/e4bd9fadfe6bcf004dd3a2bdf7bdd8a8.jpg,https://media.rawg.io/media/screenshots/81e/81e2df170a947a1b5d36ba7ee7b90758.jpg,,0.0,0,[],10,0,8,0,1,0,0,,,,,0,0,0,0,0,193,[],,0,0,0,,0,0f0f0f,0f0f0f,"[{'platform': {'id': 10, 'name': 'Commodore / Amiga', 'slug': 'commodore-amiga'}}]","[{'platform': {'id': 166, 'name': 'Commodore / Amiga', 'slug': 'commodore-amiga', 'image': None, 'year_end': None, 'year_start': None, 'games_count': 2083, 'image_background': 'https://media.rawg.io/media/games/cce/cce8bebe861f295003f5a9fe5b11233f.jpg'}, 'released_at': '1984-01-01', 'requirements': {}}]",[],"[{'id': 15600, 'name': 'Datasoft', 'slug': 'datasoft', 'games_count': 6, 'image_background': 'https://media.rawg.io/media/screenshots/2ca/2caee4c3c5124729d6abb81446763c47.jpg'}]","[{'id': 1, 'name': 'Racing', 'slug': 'racing', 'games_count': 25359, 'image_background': 'https://media.rawg.io/media/screenshots/69b/69bb243ea9896ddfc2e051b58e81624d.jpg'}]","[{'id': 31, 'name': 'Singleplayer', 'slug': 'singleplayer', 'language': 'eng', 'games_count': 238404, 'image_background': 'https://media.rawg.io/media/games/26d/26d4437715bee60138dab4a7c8c59c92.jpg'}]","[{'id': 12080, 'name': 'Datasoft', 'slug': 'datasoft', 'games_count': 12, 'image_background': 'https://media.rawg.io/media/screenshots/665/665977c11192ad3c09a1cda9aaa1272f.jpg'}]",,,"Mancopter is a computer game published by Datasoft for Commodore 64 in 1984. It was programmed by Scott Spanburg, and the music was composed by John A. Fitzpatrick. The player controls a person piloting a helicopter-like flying device over an ocean, and competing with other computer-controlled pilots.",,5.0,2.0,2.0,1.0,,,,,,,,,,,,,,,,,0.0,,
56656,mr-mephisto,Mr. Mephisto,Mr. Mephisto,<p>Mr. Mephisto is a video game developed and published for the Commodore 64 by Euro-Byte. It was written by Dave Lucas with graphics by Graham Hunt. A port to the BBC Micro followed.</p>,,[],1984-01-01,False,2019-08-28T22:25:55,,,,0.0,0,[],10,0,0,0,0,0,0,,,,,0,0,0,0,0,0,[],,0,0,0,,0,0f0f0f,0f0f0f,"[{'platform': {'id': 10, 'name': 'Commodore / Amiga', 'slug': 'commodore-amiga'}}]","[{'platform': {'id': 166, 'name': 'Commodore / Amiga', 'slug': 'commodore-amiga', 'image': None, 'year_end': None, 'year_start': None, 'games_count': 2083, 'image_background': 'https://media.rawg.io/media/games/cce/cce8bebe861f295003f5a9fe5b11233f.jpg'}, 'released_at': '1984-01-01', 'requirements': {}}]",[],"[{'id': 27532, 'name': 'Euro-Byte', 'slug': 'euro-byte', 'games_count': 1, 'image_background': ''}]","[{'id': 4, 'name': 'Action', 'slug': 'action', 'games_count': 186608, 'image_background': 'https://media.rawg.io/media/games/618/618c2031a07bbff6b4f611f10b6bcdbc.jpg'}]","[{'id': 31, 'name': 'Singleplayer', 'slug': 'singleplayer', 'language': 'eng', 'games_count': 238404, 'image_background': 'https://media.rawg.io/media/games/26d/26d4437715bee60138dab4a7c8c59c92.jpg'}]","[{'id': 20583, 'name': 'Euro-Byte', 'slug': 'euro-byte', 'games_count': 1, 'image_background': ''}]",,,Mr. Mephisto is a video game developed and published for the Commodore 64 by Euro-Byte. It was written by Dave Lucas with graphics by Graham Hunt. A port to the BBC Micro followed.,,5.0,2.0,2.0,1.0,,,,,,,,,,,,,,,,,0.0,,
56679,on-court-tennis,On-Court Tennis,On-Court Tennis,<p>On-Court Tennis is a computer game developed by Activision's Gamestar division and published in 1984 for the Commodore 64.</p>,,[],1984-01-01,False,2019-08-28T22:00:21,https://media.rawg.io/media/screenshots/0a6/0a6cd47dbff12f770791edd5ce6b096e.jpg,https://media.rawg.io/media/screenshots/167/167112d99ccc230f49fb48a780c64a70.jpg,,0.0,0,[],10,0,8,0,0,0,0,,,,,0,0,0,0,0,87,[],,0,0,0,,0,0f0f0f,0f0f0f,"[{'platform': {'id': 10, 'name': 'Commodore / Amiga', 'slug': 'commodore-amiga'}}]","[{'platform': {'id': 166, 'name': 'Commodore / Amiga', 'slug': 'commodore-amiga', 'image': None, 'year_end': None, 'year_start': None, 'games_count': 2083, 'image_background': 'https://media.rawg.io/media/games/cce/cce8bebe861f295003f5a9fe5b11233f.jpg'}, 'released_at': '1984-01-01', 'requirements': {}}]",[],[],"[{'id': 15, 'name': 'Sports', 'slug': 'sports', 'games_count': 22123, 'image_background': 'https://media.rawg.io/media/games/5eb/5eb49eb2fa0738fdb5bacea557b1bc57.jpg'}]","[{'id': 31, 'name': 'Singleplayer', 'slug': 'singleplayer', 'language': 'eng', 'games_count': 238404, 'image_background': 'https://media.rawg.io/media/games/26d/26d4437715bee60138dab4a7c8c59c92.jpg'}]","[{'id': 10830, 'name': 'Activision Blizzard', 'slug': 'activision-blizzard', 'games_count': 691, 'image_background': 'https://media.rawg.io/media/games/445/44507fdd60a8ec02b1c3c64a293ca754.jpg'}]",,,On-Court Tennis is a computer game developed by Activision's Gamestar division and published in 1984 for the Commodore 64.,,4.0,3.0,2.0,1.0,,,,,,,,,,,,,,,,,0.0,,
56722,rally-speedway,Rally Speedway,Rally Speedway,<p>Rally Speedway (known also as John Anderson's Rally Speedway) is a top-down racing game developed by John Anderson for the Atari 8-bit family and released by Adventure International in 1983. It was ported to the Commodore 64 and published by Commodore in 1985. Rally Speedway is similar in concept to Auto Racing for the Intellivision. The game includes an editor allowing players to create and save their own race tracks.</p>,,[],1984-01-01,False,2019-08-28T22:00:19,,,,0.0,0,[],9,0,0,0,0,0,0,,,,,0,0,0,0,0,0,[],,0,0,0,,0,0f0f0f,0f0f0f,"[{'platform': {'id': 10, 'name': 'Commodore / Amiga', 'slug': 'commodore-amiga'}}]","[{'platform': {'id': 166, 'name': 'Commodore / Amiga', 'slug': 'commodore-amiga', 'image': None, 'year_end': None, 'year_start': None, 'games_count': 2083, 'image_background': 'https://media.rawg.io/media/games/cce/cce8bebe861f295003f5a9fe5b11233f.jpg'}, 'released_at': '1984-01-01', 'requirements': {}}]",[],"[{'id': 27561, 'name': 'John Anderson', 'slug': 'john-anderson', 'games_count': 1, 'image_background': ''}]","[{'id': 1, 'name': 'Racing', 'slug': 'racing', 'games_count': 25359, 'image_background': 'https://media.rawg.io/media/screenshots/69b/69bb243ea9896ddfc2e051b58e81624d.jpg'}]","[{'id': 31, 'name': 'Singleplayer', 'slug': 'singleplayer', 'language': 'eng', 'games_count': 238404, 'image_background': 'https://media.rawg.io/media/games/26d/26d4437715bee60138dab4a7c8c59c92.jpg'}, {'id': 418, 'name': '2 players', 'slug': '2-players', 'language': 'eng', 'games_count': 1244, 'image_background': 'https://media.rawg.io/media/screenshots/f9a/f9ac59bb4af2ca2193ee9ffb979577cf.jpg'}]","[{'id': 20263, 'name': 'Commodore', 'slug': 'commodore', 'games_count': 11, 'image_background': 'https://media.rawg.io/media/screenshots/990/9906c5c53cc94be308a69f0b585711d6.jpg'}, {'id': 20473, 'name': 'Adventure International', 'slug': 'adventure-international', 'games_count': 10, 'image_background': 'https://media.rawg.io/media/screenshots/429/429ae9b323769efb0eb0fee4f2e60125.jpg'}]",,,Rally Speedway (known also as John Anderson's Rally Speedway) is a top-down racing game developed by John Anderson for the Atari 8-bit family and released by Adventure International in 1983. It was ported to the Commodore 64 and published by Commodore in 1985. Rally Speedway is similar in concept to Auto Racing for the Intellivision. The game includes an editor allowing players to create and save their own race tracks.,,4.0,2.0,2.0,1.0,,,,,,,,,,,,,,,,,0.0,,
56689,pedro,Pedro,Pedro,"<p>Pedro is a computer game developed by Frank Johnson, Aidan Rajswing, Bryce Ducharm, Andrew Impson, Brian Carpenter and Steve Cain for the ZX Spectrum and released by Imagine Software in 1984. The game is an early example of the use of oblique projection graphics to give the impression of three dimensions.</p>",,[],1984-01-01,False,2019-08-28T22:00:21,https://media.rawg.io/media/screenshots/f7b/f7b58fc768c19977174c96a0acd2dbfb.jpg,https://media.rawg.io/media/screenshots/2f7/2f79f03eeb60d80489b7f217d8f6d59d.jpg,,0.0,0,[],9,0,8,0,0,0,0,,,,,0,0,0,0,0,115,[],,0,0,0,,0,0f0f0f,0f0f0f,"[{'platform': {'id': 10, 'name': 'Commodore / Amiga', 'slug': 'commodore-amiga'}}]","[{'platform': {'id': 166, 'name': 'Commodore / Amiga', 'slug': 'commodore-amiga', 'image': None, 'year_end': None, 'year_start': None, 'games_count': 2083, 'image_background': 'https://media.rawg.io/media/games/cce/cce8bebe861f295003f5a9fe5b11233f.jpg'}, 'released_at': '1984-01-01', 'requirements': {}}]",[],"[{'id': 27549, 'name': 'Creative Technology Group', 'slug': 'creative-technology-group-ltd-frank-johnson', 'games_count': 1, 'image_background': 'https://media.rawg.io/media/screenshots/f7b/f7b58fc768c19977174c96a0acd2dbfb.jpg'}, {'id': 27550, 'name': 'Steve Cain', 'slug': 'steve-cain', 'games_count': 1, 'image_background': 'https://media.rawg.io/media/screenshots/f7b/f7b58fc768c19977174c96a0acd2dbfb.jpg'}]","[{'id': 4, 'name': 'Action', 'slug': 'action', 'games_count': 186608, 'image_background': 'https://media.rawg.io/media/games/618/618c2031a07bbff6b4f611f10b6bcdbc.jpg'}]","[{'id': 31, 'name': 'Singleplayer', 'slug': 'singleplayer', 'language': 'eng', 'games_count': 238404, 'image_background': 'https://media.rawg.io/media/games/26d/26d4437715bee60138dab4a7c8c59c92.jpg'}]","[{'id': 19864, 'name': 'Imagine Software', 'slug': 'imagine-software', 'games_count': 16, 'image_background': 'https://media.rawg.io/media/screenshots/f7b/f7b58fc768c19977174c96a0acd2dbfb.jpg'}]",,,"Pedro is a computer game developed by Frank Johnson, Aidan Rajswing, Bryce Ducharm, Andrew Impson, Brian Carpenter and Steve Cain for the ZX Spectrum and released by Imagine Software in 1984. The game is an early example of the use of oblique projection graphics to give the impression of three dimensions.",,4.0,2.0,2.0,1.0,,,,,,,,,,,,,,,,,0.0,,
311651,girls-garden,Girl's Garden,Girl's Garden,"In order to prevent her boyfriend Minto from going to another little girl named Cocco, Papri must collect ten different flowers and return them to her boyfriend's house. Flowers must be caught in full bloom so that the number of flowers in her possession will increase; catching flowers too early will consider the flowers to be wasted and flowers caught too late will be wilted. Wilted flowers will ruin the bouquet, causing the player to lose half of the flowers. By completing each round, the player receives one honey.

Bears have a taste for honey and cause the player to lose one of two hearts if one of them attacks the player. However, the honey can be dropped in order to render the bear temporarily harmless to the player. Bees giving her bonus items occasionally like apples and berries, clocks or extra hearts, as well as skulls, that make the player to lose the heart.

After completing every two rounds, the player competes in a bonus round where she has to jump as many bears as possible to get a good bonus score. Successfully clearing twenty bears results in an additional bonus for performing the bonus stage perfectly.",,[],1984-12-01,False,2019-04-24T17:04:22,https://media.rawg.io/media/screenshots/c37/c37c753de270e87ba269c406286f4e9d.jpg,https://media.rawg.io/media/screenshots/d91/d910e057d1bd0cceec25042fbb76f5a1.jpg,,0.0,0,[],9,0,2,0,4,0,0,,,,,0,0,0,0,0,36,[],,0,0,0,,0,0f0f0f,0f0f0f,[],[],[],"[{'id': 425, 'name': 'SEGA', 'slug': 'sega', 'games_count': 578, 'image_background': 'https://media.rawg.io/media/screenshots/845/84595759d06a7c5ed2eab76f623454f7.jpeg'}]","[{'id': 3, 'name': 'Adventure', 'slug': 'adventure', 'games_count': 146480, 'image_background': 'https://media.rawg.io/media/games/562/562553814dd54e001a541e4ee83a591c.jpg'}]","[{'id': 1743, 'name': 'collect', 'slug': 'collect', 'language': 'eng', 'games_count': 8079, 'image_background': 'https://media.rawg.io/media/games/163/163004f22c5bd859a962b9187c967284.jpg'}, {'id': 2865, 'name': 'girl', 'slug': 'girl', 'language': 'eng', 'games_count': 2069, 'image_background': 'https://media.rawg.io/media/games/23a/23acbd56da0c30bca0227967a5720c96.jpg'}, {'id': 2933, 'name': 'flowers', 'slug': 'flowers', 'language': 'eng', 'games_count': 1053, 'image_background': 'https://media.rawg.io/media/screenshots/972/9728dab527fc76f573bb360f1cd437af.jpg'}, {'id': 4639, 'name': 'bees', 'slug': 'bees', 'language': 'eng', 'games_count': 397, 'image_background': 'https://media.rawg.io/media/screenshots/72b/72b4ac2a0b38a109cdba7585930d19a7.jpg'}]",[],,,"In order to prevent her boyfriend Minto from going to another little girl named Cocco, Papri must collect ten different flowers and return them to her boyfriend's house. Flowers must be caught in full bloom so that the number of flowers in her possession will increase; catching flowers too early will consider the flowers to be wasted and flowers caught too late will be wilted. Wilted flowers will ruin the bouquet, causing the player to lose half of the flowers. By completing each round, the player receives one honey.
Bears have a taste for honey and cause the player to lose one of two hearts if one of them attacks the player. However, the honey can be dropped in order to render the bear temporarily harmless to the player. Bees giving her bonus items occasionally like apples and berries, clocks or extra hearts, as well as skulls, that make the player to lose the heart.
After completing every two rounds, the player competes in a bonus round where she has to jump as many bears as possible to get a good bonus score. Successfully clearing twenty bears results in an additional bonus for performing the bonus stage perfectly.",,5.0,2.0,1.0,1.0,,,,,,,,,,,,,,,,,0.0,,
56729,realm-of-impossibility,Realm of Impossibility,Realm of Impossibility,"<p>Realm of Impossibility is a computer game created by Mike Edwards for the Atari 8-bit family and published by Electronic Arts in 1984. It was ported to the Apple II, and Commodore 64, then later to the ZX Spectrum in 1985 and published by Ariolasoft UK Ltd. The game was originally released in 1983 as Zombies for the Atari 8-bit computers and published by BRAM, Inc., a company formed by Edwards and his friend. It was the second Atari game from the company, the first being Attack at EP-CYG-4.</p>",,[],1984-01-01,False,2019-08-28T22:25:54,,,,0.0,0,[],9,0,0,0,1,0,0,,,,,0,0,0,0,0,0,[],,0,0,0,,0,0f0f0f,0f0f0f,"[{'platform': {'id': 10, 'name': 'Commodore / Amiga', 'slug': 'commodore-amiga'}}]","[{'platform': {'id': 166, 'name': 'Commodore / Amiga', 'slug': 'commodore-amiga', 'image': None, 'year_end': None, 'year_start': None, 'games_count': 2083, 'image_background': 'https://media.rawg.io/media/games/cce/cce8bebe861f295003f5a9fe5b11233f.jpg'}, 'released_at': '1984-01-01', 'requirements': {}}]",[],"[{'id': 27567, 'name': 'BRAM', 'slug': 'bram', 'games_count': 1, 'image_background': ''}]","[{'id': 4, 'name': 'Action', 'slug': 'action', 'games_count': 186608, 'image_background': 'https://media.rawg.io/media/games/618/618c2031a07bbff6b4f611f10b6bcdbc.jpg'}]","[{'id': 31, 'name': 'Singleplayer', 'slug': 'singleplayer', 'language': 'eng', 'games_count': 238404, 'image_background': 'https://media.rawg.io/media/games/26d/26d4437715bee60138dab4a7c8c59c92.jpg'}, {'id': 418, 'name': '2 players', 'slug': '2-players', 'language': 'eng', 'games_count': 1244, 'image_background': 'https://media.rawg.io/media/screenshots/f9a/f9ac59bb4af2ca2193ee9ffb979577cf.jpg'}]","[{'id': 354, 'name': 'Electronic Arts', 'slug': 'electronic-arts', 'games_count': 1332, 'image_background': 'https://media.rawg.io/media/games/45b/45b57ed59de4b84effd8f6bc4b7bf515.jpg'}, {'id': 20600, 'name': 'BRAM', 'slug': 'bram', 'games_count': 1, 'image_background': ''}, {'id': 20601, 'name': 'Ariolasoft UK', 'slug': 'ariolasoft-uk-ltd', 'games_count': 1, 'image_background': ''}]",,,"Realm of Impossibility is a computer game created by Mike Edwards for the Atari 8-bit family and published by Electronic Arts in 1984. It was ported to the Apple II, and Commodore 64, then later to the ZX Spectrum in 1985 and published by Ariolasoft UK Ltd. The game was originally released in 1983 as Zombies for the Atari 8-bit computers and published by BRAM, Inc., a company formed by Edwards and his friend. It was the second Atari game from the company, the first being Attack at EP-CYG-4.",,4.0,2.0,2.0,1.0,,,,,,,,,,,,,,,,,0.0,,
56528,gust-buster,Gust Buster,Gust Buster,<p>Gust Buster is a video game written by Ed Salvo for the ColecoVision console and published by Sunrise Software in 1983. A Commodore 64 port was released in 1984. Salvo previously wrote a number of Atari 2600 games for Apollo.</p>,,[],1984-01-01,False,2019-08-28T22:25:57,,,,0.0,0,[],9,0,0,0,1,0,0,,,,,0,0,0,0,0,0,[],,0,0,0,,0,0f0f0f,0f0f0f,"[{'platform': {'id': 10, 'name': 'Commodore / Amiga', 'slug': 'commodore-amiga'}}]","[{'platform': {'id': 166, 'name': 'Commodore / Amiga', 'slug': 'commodore-amiga', 'image': None, 'year_end': None, 'year_start': None, 'games_count': 2083, 'image_background': 'https://media.rawg.io/media/games/cce/cce8bebe861f295003f5a9fe5b11233f.jpg'}, 'released_at': '1984-01-01', 'requirements': {}}]",[],"[{'id': 27466, 'name': 'Sunrise Software', 'slug': 'sunrise-software', 'games_count': 1, 'image_background': ''}]","[{'id': 4, 'name': 'Action', 'slug': 'action', 'games_count': 186608, 'image_background': 'https://media.rawg.io/media/games/618/618c2031a07bbff6b4f611f10b6bcdbc.jpg'}]","[{'id': 31, 'name': 'Singleplayer', 'slug': 'singleplayer', 'language': 'eng', 'games_count': 238404, 'image_background': 'https://media.rawg.io/media/games/26d/26d4437715bee60138dab4a7c8c59c92.jpg'}]","[{'id': 20548, 'name': 'Sunrise Software', 'slug': 'sunrise-software', 'games_count': 1, 'image_background': ''}]",,,Gust Buster is a video game written by Ed Salvo for the ColecoVision console and published by Sunrise Software in 1983. A Commodore 64 port was released in 1984. Salvo previously wrote a number of Atari 2600 games for Apollo.,,4.0,2.0,2.0,1.0,,,,,,,,,,,,,,,,,0.0,,
56720,quo-vadis,Quo Vadis,Quo Vadis,<p>Quo Vadis is a 1984 action-adventure game released for the Commodore 64 by The Edge.</p>,,[],1984-01-01,False,2019-08-28T22:00:20,https://media.rawg.io/media/screenshots/836/836bd25984c6fdda8cffcecec110ca3c.jpg,https://media.rawg.io/media/screenshots/66a/66a06c42a82d9c038da21c2e85f65c15.jpg,,0.0,0,[],9,0,8,0,1,0,0,,,,,0,0,0,0,0,136,[],,0,0,0,,0,0f0f0f,0f0f0f,"[{'platform': {'id': 10, 'name': 'Commodore / Amiga', 'slug': 'commodore-amiga'}}]","[{'platform': {'id': 166, 'name': 'Commodore / Amiga', 'slug': 'commodore-amiga', 'image': None, 'year_end': None, 'year_start': None, 'games_count': 2083, 'image_background': 'https://media.rawg.io/media/games/cce/cce8bebe861f295003f5a9fe5b11233f.jpg'}, 'released_at': '1984-01-01', 'requirements': {}}]",[],"[{'id': 26955, 'name': 'The Edge', 'slug': 'the-edge', 'games_count': 4, 'image_background': 'https://media.rawg.io/media/screenshots/736/736dd73b92c832181029e7c6768ca254.jpg'}]",[],"[{'id': 31, 'name': 'Singleplayer', 'slug': 'singleplayer', 'language': 'eng', 'games_count': 238404, 'image_background': 'https://media.rawg.io/media/games/26d/26d4437715bee60138dab4a7c8c59c92.jpg'}]","[{'id': 20228, 'name': 'Edge Games', 'slug': 'edge-games', 'games_count': 9, 'image_background': 'https://media.rawg.io/media/screenshots/54f/54f9e984187bb6676249fd71e73d3794.jpg'}, {'id': 19741, 'name': 'The Edge', 'slug': 'the-edge', 'games_count': 5, 'image_background': 'https://media.rawg.io/media/screenshots/560/5607659d4c099ea9e47bc4ea558029bc.jpg'}]",,,Quo Vadis is a 1984 action-adventure game released for the Commodore 64 by The Edge.,,4.0,2.0,2.0,1.0,,,,,,,,,,,,,,,,,0.0,,
336795,the-death-trap,The Death Trap,The Death Trap,"<p>The game&#39;s plot is set during the 1980s. In the game, the Cold War has become tense, and many countries have begun to prepare for a global-scale war, working on new weapons. One of such countries is the mysterious &quot;B country&quot; in Eastern Africa, which in an attempt to create biological weapons kidnaps the famous scientist Dr. Gitanes. An agent named Benson is sent to B country in order to rescue the doctor and avert the new threat to world peace.</p>",,[],1984-10-01,False,2019-07-02T11:34:24,https://media.rawg.io/media/screenshots/2b5/2b54c1b87c7ec3b867bf9bb4a923ab22.jpg,,,0.0,0,[],9,0,1,0,2,0,0,,,,,0,0,0,0,0,27,[],,0,0,0,,0,0f0f0f,0f0f0f,[],[],[],"[{'id': 14687, 'name': 'Square', 'slug': 'square', 'games_count': 58, 'image_background': 'https://media.rawg.io/media/games/826/82626e2d7ee7d96656fb9838c2ef7302.jpg'}]","[{'id': 3, 'name': 'Adventure', 'slug': 'adventure', 'games_count': 146480, 'image_background': 'https://media.rawg.io/media/games/562/562553814dd54e001a541e4ee83a591c.jpg'}]","[{'id': 70, 'name': 'War', 'slug': 'war', 'language': 'eng', 'games_count': 9755, 'image_background': 'https://media.rawg.io/media/games/736/73619bd336c894d6941d926bfd563946.jpg'}]",[],,,"The game's plot is set during the 1980s. In the game, the Cold War has become tense, and many countries have begun to prepare for a global-scale war, working on new weapons. One of such countries is the mysterious ""B country"" in Eastern Africa, which in an attempt to create biological weapons kidnaps the famous scientist Dr. Gitanes. An agent named Benson is sent to B country in order to rescue the doctor and avert the new threat to world peace.",,5.0,1.0,2.0,1.0,,,,,,,,,,,,,,,,,0.0,,
56708,potty-pigeon,Potty Pigeon,Potty Pigeon,"<p>Percy The Potty Pigeon (also known simply as Potty Pigeon) is computer game written by Shaun Hollingworth for the ZX Spectrum and published by Gremlin Graphics in 1984. The Commodore 64 version was programmed by Antony Crowther. The goal is to fly around and collect sticks to build a nest. The player can defecate on cars and make them crash.</p>
<p>This game marks the beginning of Ben Daglish as a composer. Although all he did was write the notes for the death tune, this is still the game that got him into composing game music for the Commodore 64.</p>",,[],1984-01-01,False,2019-08-28T22:00:20,https://media.rawg.io/media/screenshots/778/77855a8bb1d7980d092a72fce7cb58df.jpg,https://media.rawg.io/media/screenshots/159/159e0a4287776f0c122040158addaf9c.jpg,,0.0,0,"[{'id': 5, 'title': 'exceptional', 'count': 1, 'percent': 100.0}]",9,0,8,0,2,0,0,,,,,0,0,0,0,1,95,[],,0,0,0,,1,0f0f0f,0f0f0f,"[{'platform': {'id': 10, 'name': 'Commodore / Amiga', 'slug': 'commodore-amiga'}}]","[{'platform': {'id': 166, 'name': 'Commodore / Amiga', 'slug': 'commodore-amiga', 'image': None, 'year_end': None, 'year_start': None, 'games_count': 2083, 'image_background': 'https://media.rawg.io/media/games/cce/cce8bebe861f295003f5a9fe5b11233f.jpg'}, 'released_at': '1984-01-01', 'requirements': {}}]",[],"[{'id': 12126, 'name': 'Gremlin Interactive', 'slug': 'gremlin-interactive', 'games_count': 62, 'image_background': 'https://media.rawg.io/media/screenshots/8f7/8f7c2c06c592b6a3128d22c0e452fe88.jpg'}, {'id': 14786, 'name': 'Gremlin Graphics', 'slug': 'gremlin-graphics', 'games_count': 42, 'image_background': 'https://media.rawg.io/media/games/8e3/8e3e1b2953d178d200b2c74be6de9b25.jpg'}]","[{'id': 4, 'name': 'Action', 'slug': 'action', 'games_count': 186608, 'image_background': 'https://media.rawg.io/media/games/618/618c2031a07bbff6b4f611f10b6bcdbc.jpg'}]","[{'id': 31, 'name': 'Singleplayer', 'slug': 'singleplayer', 'language': 'eng', 'games_count': 238404, 'image_background': 'https://media.rawg.io/media/games/26d/26d4437715bee60138dab4a7c8c59c92.jpg'}]","[{'id': 11477, 'name': 'Gremlin Interactive', 'slug': 'gremlin-interactive', 'games_count': 58, 'image_background': 'https://media.rawg.io/media/games/885/8858877b10b705b4fcd9c0fc7946f4c7.jpg'}, {'id': 11956, 'name': 'Gremlin Graphics', 'slug': 'gremlin-graphics', 'games_count': 38, 'image_background': 'https://media.rawg.io/media/screenshots/05f/05fc758450ac0061ba8146ea557add01.jpg'}]",,,"Percy The Potty Pigeon (also known simply as Potty Pigeon) is computer game written by Shaun Hollingworth for the ZX Spectrum and published by Gremlin Graphics in 1984. The Commodore 64 version was programmed by Antony Crowther. The goal is to fly around and collect sticks to build a nest. The player can defecate on cars and make them crash.
This game marks the beginning of Ben Daglish as a composer. Although all he did was write the notes for the death tune, this is still the game that got him into composing game music for the Commodore 64.",,4.0,2.0,2.0,1.0,,,,,,,,,,,,,,,,,0.0,,
56687,park-patrol,Park Patrol,Park Patrol,<p>Park Patrol is a computer game released in 1984 for the Commodore 64 computer. It was later also released for the Amstrad CPC and ZX Spectrum. It was designed by Tony Ngo and published by Activision.</p>,,[],1984-01-01,False,2019-08-28T22:00:21,https://media.rawg.io/media/screenshots/e67/e6726814dcefdd5f4ac0679772805c97.jpg,https://media.rawg.io/media/screenshots/9d2/9d27d1e7eb65e9f58cb706081e4a11ec.jpg,,0.0,0,[],9,0,9,0,2,0,0,,,,,0,0,0,0,0,258,[],,0,0,0,,0,0f0f0f,0f0f0f,"[{'platform': {'id': 10, 'name': 'Commodore / Amiga', 'slug': 'commodore-amiga'}}]","[{'platform': {'id': 166, 'name': 'Commodore / Amiga', 'slug': 'commodore-amiga', 'image': None, 'year_end': None, 'year_start': None, 'games_count': 2083, 'image_background': 'https://media.rawg.io/media/games/cce/cce8bebe861f295003f5a9fe5b11233f.jpg'}, 'released_at': '1984-01-01', 'requirements': {}}]",[],"[{'id': 11, 'name': 'Activision', 'slug': 'activision', 'games_count': 163, 'image_background': 'https://media.rawg.io/media/screenshots/d05/d0524e9b2e276dd9c8351881e897f7c9.jpg'}]","[{'id': 4, 'name': 'Action', 'slug': 'action', 'games_count': 186608, 'image_background': 'https://media.rawg.io/media/games/618/618c2031a07bbff6b4f611f10b6bcdbc.jpg'}]","[{'id': 31, 'name': 'Singleplayer', 'slug': 'singleplayer', 'language': 'eng', 'games_count': 238404, 'image_background': 'https://media.rawg.io/media/games/26d/26d4437715bee60138dab4a7c8c59c92.jpg'}]","[{'id': 20199, 'name': 'Telecomsoft', 'slug': 'telecomsoft', 'games_count': 28, 'image_background': 'https://media.rawg.io/media/screenshots/b56/b569505ea715521ab76621752fa0c6a4.jpg'}, {'id': 11716, 'name': 'Firebird Software', 'slug': 'firebird-software', 'games_count': 14, 'image_background': 'https://media.rawg.io/media/screenshots/2f2/2f20cd854e22846e566547dacf2d147e.jpg'}]",,,Park Patrol is a computer game released in 1984 for the Commodore 64 computer. It was later also released for the Amstrad CPC and ZX Spectrum. It was designed by Tony Ngo and published by Activision.,,4.0,2.0,2.0,1.0,,,,,,,,,,,,,,,,,0.0,,
56659,mr-robot-and-his-robot-factory,Mr. Robot and His Robot Factory,Mr. Robot and His Robot Factory,"<p>Mr. Robot and His Robot Factory is a platform game created for the Atari 8-bit family by Ron Rosen and published in 1984 by Datamost. It was ported to the Apple II and Commodore 64. The music for the Atari 8-bit version was composed by Gary Gilbertson using Philip Price's Advanced Music Processor. Robert McNally performed the Apple II translation.</p>
<p>The gameplay is similar to that of Miner 2049er. The player controls a humanoid robot that must traverse all of the platforms in a factory filled with ladders, conveyor belts, and other gadgetry.</p>
<p>The game includes a built-in level editor.</p>",,[],1984-01-01,False,2019-08-28T22:00:22,https://media.rawg.io/media/screenshots/7b9/7b939db1507696e56c324662818fba89.jpg,https://media.rawg.io/media/screenshots/b20/b20149521945b1e246f44b25adc49335.jpg,,0.0,0,[],9,0,7,0,3,0,0,,,,,0,0,0,0,0,282,[],,0,0,0,,0,0f0f0f,0f0f0f,"[{'platform': {'id': 5, 'name': 'Apple Macintosh', 'slug': 'mac'}}, {'platform': {'id': 9, 'name': 'Atari', 'slug': 'atari'}}, {'platform': {'id': 10, 'name': 'Commodore / Amiga', 'slug': 'commodore-amiga'}}]","[{'platform': {'id': 166, 'name': 'Commodore / Amiga', 'slug': 'commodore-amiga', 'image': None, 'year_end': None, 'year_start': None, 'games_count': 2083, 'image_background': 'https://media.rawg.io/media/games/cce/cce8bebe861f295003f5a9fe5b11233f.jpg'}, 'released_at': '1984-01-01', 'requirements': {}}, {'platform': {'id': 41, 'name': 'Apple II', 'slug': 'apple-ii', 'image': None, 'year_end': None, 'year_start': None, 'games_count': 424, 'image_background': 'https://media.rawg.io/media/screenshots/3d2/3d2bb57b39e2efa39d1c385585b2ea8b.jpg'}, 'released_at': '1984-01-01', 'requirements': {}}, {'platform': {'id': 25, 'name': 'Atari 8-bit', 'slug': 'atari-8-bit', 'image': None, 'year_end': None, 'year_start': None, 'games_count': 308, 'image_background': 'https://media.rawg.io/media/screenshots/038/0385a47d3a43b218204268af5361a19e.jpg'}, 'released_at': '1984-01-01', 'requirements': {}}]",[],[],[],"[{'id': 31, 'name': 'Singleplayer', 'slug': 'singleplayer', 'language': 'eng', 'games_count': 238404, 'image_background': 'https://media.rawg.io/media/games/26d/26d4437715bee60138dab4a7c8c59c92.jpg'}]","[{'id': 20488, 'name': 'Datamost', 'slug': 'datamost', 'games_count': 4, 'image_background': 'https://media.rawg.io/media/screenshots/006/006b69f10a85b7cd2bbb9a302d010ce8.jpg'}]",,,"Mr. Robot and His Robot Factory is a platform game created for the Atari 8-bit family by Ron Rosen and published in 1984 by Datamost. It was ported to the Apple II and Commodore 64. The music for the Atari 8-bit version was composed by Gary Gilbertson using Philip Price's Advanced Music Processor. Robert McNally performed the Apple II translation.
The gameplay is similar to that of Miner 2049er. The player controls a humanoid robot that must traverse all of the platforms in a factory filled with ladders, conveyor belts, and other gadgetry.
The game includes a built-in level editor.",,5.0,2.0,1.0,1.0,,,,,,,,,,,,,,,,,0.0,,
56603,lazy-jones,Lazy Jones,Lazy Jones,"<p>Lazy Jones is a computer game for the Commodore 64, ZX Spectrum, MSX and Tatung Einstein. It was written by David Whittaker and released by Terminal Software in 1984. The Spectrum version was ported by Simon Cobb.</p>
<p>Lazy Jones is essentially a collection of fifteen smaller sub-games. The game takes place inside a hotel with three floors, connected by an elevator. The character is a lazy hotel employee who does not much care for his work, but prefers to sneak into the rooms to play video games instead.</p>
<p>The main screen in Lazy Jones is the hotel interior. There, the character can use the elevator to travel freely between the three floors, but he must watch out for enemies: the current hotel manager on the top floor, the ghost of the previous manager on the bottom floor, and a haunted cleaning cart on the middle floor. The enemies only walk around and do not pursue the character, but contact with them is fatal.</p>
<p>Each floor has six rooms, three on each side of the elevator. Each room can be entered once. Inside most rooms is a video game, which the character immediately begins playing. As well as the video games, there is the hotel bar, a bed, a cleaning closet and a toilet. The bar works like a video game, but the bed, the cleaning closet and the toilet are useless decorations (intentionally added, because David had run out of ideas for new games).</p>
<p>When all rooms have been visited, the game starts over again, but increasingly faster, each time.</p>
<p>One of the tracks of Lazy Jones's soundtrack, ""Star Dust"", was sampled by German electro project Zombie Nation for their 1999 hit single ""Kernkraft 400"".</p>",,[],1984-01-01,False,2019-08-28T22:00:24,https://media.rawg.io/media/screenshots/5a4/5a41b19240d0bf2a32fa39772eeff2c7.jpg,https://media.rawg.io/media/screenshots/99a/99aa30fbd6492fd39615eeec3022c15b.jpg,,0.0,0,[],9,0,8,0,1,0,0,,,,,0,0,0,0,0,175,[],,0,0,0,,0,0f0f0f,0f0f0f,"[{'platform': {'id': 10, 'name': 'Commodore / Amiga', 'slug': 'commodore-amiga'}}]","[{'platform': {'id': 166, 'name': 'Commodore / Amiga', 'slug': 'commodore-amiga', 'image': None, 'year_end': None, 'year_start': None, 'games_count': 2083, 'image_background': 'https://media.rawg.io/media/games/cce/cce8bebe861f295003f5a9fe5b11233f.jpg'}, 'released_at': '1984-01-01', 'requirements': {}}]",[],"[{'id': 26977, 'name': 'David Whittaker', 'slug': 'david-whittaker', 'games_count': 4, 'image_background': 'https://media.rawg.io/media/screenshots/5e7/5e78493d95b572639f066410498d90c2.jpg'}]",[],"[{'id': 31, 'name': 'Singleplayer', 'slug': 'singleplayer', 'language': 'eng', 'games_count': 238404, 'image_background': 'https://media.rawg.io/media/games/26d/26d4437715bee60138dab4a7c8c59c92.jpg'}]","[{'id': 20568, 'name': 'Terminal Software', 'slug': 'terminal-software', 'games_count': 2, 'image_background': 'https://media.rawg.io/media/screenshots/5a4/5a41b19240d0bf2a32fa39772eeff2c7.jpg'}]",,,"Lazy Jones is a computer game for the Commodore 64, ZX Spectrum, MSX and Tatung Einstein. It was written by David Whittaker and released by Terminal Software in 1984. The Spectrum version was ported by Simon Cobb.
Lazy Jones is essentially a collection of fifteen smaller sub-games. The game takes place inside a hotel with three floors, connected by an elevator. The character is a lazy hotel employee who does not much care for his work, but prefers to sneak into the rooms to play video games instead.
The main screen in Lazy Jones is the hotel interior. There, the character can use the elevator to travel freely between the three floors, but he must watch out for enemies: the current hotel manager on the top floor, the ghost of the previous manager on the bottom floor, and a haunted cleaning cart on the middle floor. The enemies only walk around and do not pursue the character, but contact with them is fatal.
Each floor has six rooms, three on each side of the elevator. Each room can be entered once. Inside most rooms is a video game, which the character immediately begins playing. As well as the video games, there is the hotel bar, a bed, a cleaning closet and a toilet. The bar works like a video game, but the bed, the cleaning closet and the toilet are useless decorations (intentionally added, because David had run out of ideas for new games).
When all rooms have been visited, the game starts over again, but increasingly faster, each time.
One of the tracks of Lazy Jones's soundtrack, ""Star Dust"", was sampled by German electro project Zombie Nation for their 1999 hit single ""Kernkraft 400"".",,5.0,2.0,1.0,1.0,,,,,,,,,,,,,,,,,0.0,,
56752,saucer-attack,Saucer Attack,Saucer Attack,"<p>Saucer Attack is a computer game for the Commodore 64, created by James D. Sachs and utilizing version elements from the scrolling shooter genre.</p>",,[],1984-01-01,False,2019-08-28T22:00:19,,,,0.0,0,[],9,0,0,0,0,0,0,,,,,0,0,0,0,0,0,[],,0,0,0,,0,0f0f0f,0f0f0f,"[{'platform': {'id': 10, 'name': 'Commodore / Amiga', 'slug': 'commodore-amiga'}}]","[{'platform': {'id': 166, 'name': 'Commodore / Amiga', 'slug': 'commodore-amiga', 'image': None, 'year_end': None, 'year_start': None, 'games_count': 2083, 'image_background': 'https://media.rawg.io/media/games/cce/cce8bebe861f295003f5a9fe5b11233f.jpg'}, 'released_at': '1984-01-01', 'requirements': {}}]",[],[],[],"[{'id': 31, 'name': 'Singleplayer', 'slug': 'singleplayer', 'language': 'eng', 'games_count': 238404, 'image_background': 'https://media.rawg.io/media/games/26d/26d4437715bee60138dab4a7c8c59c92.jpg'}]","[{'id': 20604, 'name': 'Lotus Soft', 'slug': 'lotus-soft', 'games_count': 1, 'image_background': ''}]",,,"Saucer Attack is a computer game for the Commodore 64, created by James D. Sachs and utilizing version elements from the scrolling shooter genre.",,4.0,2.0,2.0,1.0,,,,,,,,,,,,,,,,,0.0,,
56459,erik-the-viking,Erik the Viking,Erik the Viking,"<p>The Saga of Erik the Viking (popularly known as Erik the Viking) is a text-based adventure game by the Austin brothers of Level 9 Computing, published by Mosaic Publishing in 1984. The game runs on Amstrad CPC, BBC model B, Commodore 64 and Sinclair ZX Spectrum. It is a typical text-based adventure of the mid-1980s.</p>
<p>The game is loosely based on the 1983 award-winning children's novel of the same name by Terry Jones. A number of characters and items in the computer game are drawn from the novel, although the plot is completely different. Jones also directed a 1989 movie Erik the Viking, which was also completely different from the novel, featuring a third plot that was different from that of the videogame.</p>",,[],1984-01-01,False,2019-08-28T22:25:58,,,,0.0,0,[],9,0,0,0,1,0,0,,,,,0,0,0,0,0,0,[],,0,0,0,,0,0f0f0f,0f0f0f,"[{'platform': {'id': 10, 'name': 'Commodore / Amiga', 'slug': 'commodore-amiga'}}]","[{'platform': {'id': 166, 'name': 'Commodore / Amiga', 'slug': 'commodore-amiga', 'image': None, 'year_end': None, 'year_start': None, 'games_count': 2083, 'image_background': 'https://media.rawg.io/media/games/cce/cce8bebe861f295003f5a9fe5b11233f.jpg'}, 'released_at': '1984-01-01', 'requirements': {}}]",[],"[{'id': 26917, 'name': 'Level 9 Computing', 'slug': 'level-9-computing', 'games_count': 14, 'image_background': 'https://media.rawg.io/media/screenshots/e13/e138543a6b16ec409eb856656de24e67.jpg'}]","[{'id': 3, 'name': 'Adventure', 'slug': 'adventure', 'games_count': 146481, 'image_background': 'https://media.rawg.io/media/games/b6b/b6b20bfc4b34e312dbc8aac53c95a348.jpg'}]","[{'id': 31, 'name': 'Singleplayer', 'slug': 'singleplayer', 'language': 'eng', 'games_count': 238404, 'image_background': 'https://media.rawg.io/media/games/26d/26d4437715bee60138dab4a7c8c59c92.jpg'}]","[{'id': 20530, 'name': 'Mosaic Publishing', 'slug': 'mosaic-publishing', 'games_count': 1, 'image_background': ''}]",,,"The Saga of Erik the Viking (popularly known as Erik the Viking) is a text-based adventure game by the Austin brothers of Level 9 Computing, published by Mosaic Publishing in 1984. The game runs on Amstrad CPC, BBC model B, Commodore 64 and Sinclair ZX Spectrum. It is a typical text-based adventure of the mid-1980s.
The game is loosely based on the 1983 award-winning children's novel of the same name by Terry Jones. A number of characters and items in the computer game are drawn from the novel, although the plot is completely different. Jones also directed a 1989 movie Erik the Viking, which was also completely different from the novel, featuring a third plot that was different from that of the videogame.",,4.0,2.0,2.0,1.0,,,,,,,,,,,,,,,,,0.0,,
541268,knight-lore,Knight Lore,Knight Lore,"<p>Knight Lore is an action-adventure game. It came out on 01-11-1984. </p>

<p>Chris Stamper and Tim Stamper produced the game. It was directed by Chris Stamper and Tim Stamper. <br></p>",,[],1984-11-01,False,2021-01-11T01:08:42,https://media.rawg.io/media/screenshots/ed7/ed721ba64ac91bd133b7e4e50b86301e.jpg,,,0.0,0,[],8,0,1,0,3,0,0,,,,,0,0,0,0,0,38,[],,0,0,0,,0,0f0f0f,0f0f0f,[],[],[],[],"[{'id': 4, 'name': 'Action', 'slug': 'action', 'games_count': 186608, 'image_background': 'https://media.rawg.io/media/games/618/618c2031a07bbff6b4f611f10b6bcdbc.jpg'}, {'id': 3, 'name': 'Adventure', 'slug': 'adventure', 'games_count': 146479, 'image_background': 'https://media.rawg.io/media/games/cee/cee577e2097a59b77193fe2bce94667d.jpg'}]",[],[],,,,,5.0,,2.0,1.0,,,,,,,,,,,,,,,,,0.0,,
54025,rollerball,Rollerball,Rollerball,"<p>Rollerball (ローラーボール, Rōrābōru) is a video game produced by HAL Laboratory, Inc. in 1988 for the Nintendo Entertainment System four years after its initial release on the MSX. It is designed to be played by one to four players, in turn. It is an emulation of a pinball machine.</p>
<p>The pinball machine rendered in Rollerball is composed of four screens, which, by proportion, would be about as long as two standard pinball tables if it were a real table. The graphics on two of the four screens are based on various aspects of the New York City skyline. The topmost screen (hereafter called the bonus screen) merely shows some clouds and a blimp. The second screen (the main screen) shows the top of the Empire State Building, while the third screen (intermediate) shows the lower skyline and the Statue of Liberty. The lowest (final) screen shows only a blue backdrop, representing the Ocean.</p>",,[],1984-01-01,False,2019-08-28T22:01:47,https://media.rawg.io/media/screenshots/63c/63cde9918c99c1bbfe17d3f39a3bbc05.jpg,,,0.0,0,"[{'id': 3, 'title': 'meh', 'count': 1, 'percent': 100.0}]",8,0,1,0,3,0,0,,,,,0,0,0,0,1,15,[],,0,0,0,,1,0f0f0f,0f0f0f,"[{'platform': {'id': 7, 'name': 'Nintendo', 'slug': 'nintendo'}}]","[{'platform': {'id': 49, 'name': 'NES', 'slug': 'nes', 'image': None, 'year_end': None, 'year_start': None, 'games_count': 1015, 'image_background': 'https://media.rawg.io/media/games/7c5/7c50dd0415eb0a57505c58d4e50e4d24.jpg'}, 'released_at': '1984-01-01', 'requirements': {}}]",[],"[{'id': 14505, 'name': 'HAL Laboratory', 'slug': 'hal-laboratory', 'games_count': 61, 'image_background': 'https://media.rawg.io/media/screenshots/f19/f19840339a403fd40d43a633f4e96428.jpg'}]",[],"[{'id': 31, 'name': 'Singleplayer', 'slug': 'singleplayer', 'language': 'eng', 'games_count': 238404, 'image_background': 'https://media.rawg.io/media/games/26d/26d4437715bee60138dab4a7c8c59c92.jpg'}]","[{'id': 10907, 'name': 'HAL Laboratory', 'slug': 'hal-laboratory', 'games_count': 19, 'image_background': 'https://media.rawg.io/media/screenshots/21d/21d490b2c3dfdbcac4cacb3da043b549.jpg'}]",,,"Rollerball (ローラーボール, Rōrābōru) is a video game produced by HAL Laboratory, Inc. in 1988 for the Nintendo Entertainment System four years after its initial release on the MSX. It is designed to be played by one to four players, in turn. It is an emulation of a pinball machine.
The pinball machine rendered in Rollerball is composed of four screens, which, by proportion, would be about as long as two standard pinball tables if it were a real table. The graphics on two of the four screens are based on various aspects of the New York City skyline. The topmost screen (hereafter called the bonus screen) merely shows some clouds and a blimp. The second screen (the main screen) shows the top of the Empire State Building, while the third screen (intermediate) shows the lower skyline and the Statue of Liberty. The lowest (final) screen shows only a blue backdrop, representing the Ocean.",,4.0,2.0,1.0,1.0,,,,,,,,,,,,,,,,,0.0,,
56771,sheep-in-space,Sheep in Space,Sheep in Space,"<p>Sheep in Space is a surrealist computer game released for the Commodore 64 computer in the 1980s by Jeff Minter's Llamasoft. It is a horizontally scrolling shooter in the style of Defender. The title screen appropriately features an arrangement of Bach's ""Sheep May Safely Graze"" by pianist James Lisney.</p>",,[],1984-01-01,False,2019-08-28T22:25:54,https://media.rawg.io/media/screenshots/540/54057c929ecb5ba75b71839aaa588b2a.jpg,https://media.rawg.io/media/screenshots/87a/87a4a332eb84a242c8303df1a689e249.jpg,,0.0,0,[],8,0,6,0,1,0,0,,,,,0,0,0,0,0,96,[],,0,0,0,,0,0f0f0f,0f0f0f,"[{'platform': {'id': 10, 'name': 'Commodore / Amiga', 'slug': 'commodore-amiga'}}]","[{'platform': {'id': 166, 'name': 'Commodore / Amiga', 'slug': 'commodore-amiga', 'image': None, 'year_end': None, 'year_start': None, 'games_count': 2083, 'image_background': 'https://media.rawg.io/media/games/cce/cce8bebe861f295003f5a9fe5b11233f.jpg'}, 'released_at': '1984-01-01', 'requirements': {}}]",[],"[{'id': 14259, 'name': 'Llamasoft', 'slug': 'llamasoft', 'games_count': 12, 'image_background': 'https://media.rawg.io/media/screenshots/573/573ff013e5cc31d064d3d1b5aa0f8bb2.jpg'}, {'id': 26993, 'name': 'Jeff Minter', 'slug': 'jeff-minter', 'games_count': 6, 'image_background': 'https://media.rawg.io/media/screenshots/f37/f3740d0e6bd103a200f1979cae6a1519.jpg'}]",[],"[{'id': 31, 'name': 'Singleplayer', 'slug': 'singleplayer', 'language': 'eng', 'games_count': 238404, 'image_background': 'https://media.rawg.io/media/games/26d/26d4437715bee60138dab4a7c8c59c92.jpg'}]","[{'id': 20246, 'name': 'Llamasoft', 'slug': 'llamasoft', 'games_count': 12, 'image_background': 'https://media.rawg.io/media/screenshots/b80/b802500e88adbb10b6b2c604e9631da9.jpg'}]",,,"Sheep in Space is a surrealist computer game released for the Commodore 64 computer in the 1980s by Jeff Minter's Llamasoft. It is a horizontally scrolling shooter in the style of Defender. The title screen appropriately features an arrangement of Bach's ""Sheep May Safely Graze"" by pianist James Lisney.",,4.0,2.0,1.0,1.0,,,,,,,,,,,,,,,,,0.0,,
341601,battlecars,Battlecars,Battlecars,"<p>On the racetrack, players navigate through a narrow circuit, competing primarily against rough terrain and a clock.</p>",,[],1984-01-01,False,2019-07-17T14:33:06,,,,0.0,0,[],8,0,0,0,2,0,0,,,,,0,0,0,0,0,0,[],,0,0,0,,0,0f0f0f,0f0f0f,[],[],[],[],"[{'id': 4, 'name': 'Action', 'slug': 'action', 'games_count': 186608, 'image_background': 'https://media.rawg.io/media/games/618/618c2031a07bbff6b4f611f10b6bcdbc.jpg'}, {'id': 1, 'name': 'Racing', 'slug': 'racing', 'games_count': 25359, 'image_background': 'https://media.rawg.io/media/screenshots/69b/69bb243ea9896ddfc2e051b58e81624d.jpg'}]",[],"[{'id': 8567, 'name': 'Summit Entertainment', 'slug': 'summit-entertainment-llc', 'games_count': 2, 'image_background': 'https://media.rawg.io/media/screenshots/e74/e74c6ac800e97c70e0d49a9916f3d93f.jpg'}, {'id': 15256, 'name': 'Games Workshop', 'slug': 'games-workshop', 'games_count': 2, 'image_background': 'https://media.rawg.io/media/screenshots/8d4/8d462ced378a21f0e301504c9dc4a8ac.jpeg'}]",,,"On the racetrack, players navigate through a narrow circuit, competing primarily against rough terrain and a clock.",,6.0,1.0,,1.0,,,,,,,,,,,,,,,,,0.0,,
56669,new-york-city,New York City,New York City,"<p>N.Y.C. The Big Apple (also known as New York City) is an action game written by Russ Segal for the Atari 8-bit family and published by Synapse Software in 1984. Segal previously wrote Picnic Paranoia for Synapse.New York City was ported to the Commodore 64 by Greg Nelson.</p>
<p>As part of a ""Double Play"" promotion, New York City was sold as part of a two game combo, with Electrician on the other side of the disk.</p>",,[],1984-01-01,False,2019-01-09T12:41:06,https://media.rawg.io/media/screenshots/b18/b186e649f5a435ce54730e7109abe2b2.jpg,https://media.rawg.io/media/screenshots/12a/12a056a3c24dee7f3169ff8cc939617a.jpg,,0.0,0,[],8,0,8,0,1,0,0,,,,,0,0,0,0,0,155,[],,0,0,0,,0,0f0f0f,0f0f0f,"[{'platform': {'id': 9, 'name': 'Atari', 'slug': 'atari'}}, {'platform': {'id': 10, 'name': 'Commodore / Amiga', 'slug': 'commodore-amiga'}}]","[{'platform': {'id': 25, 'name': 'Atari 8-bit', 'slug': 'atari-8-bit', 'image': None, 'year_end': None, 'year_start': None, 'games_count': 308, 'image_background': 'https://media.rawg.io/media/screenshots/038/0385a47d3a43b218204268af5361a19e.jpg'}, 'released_at': '1984-01-01', 'requirements': {}}, {'platform': {'id': 166, 'name': 'Commodore / Amiga', 'slug': 'commodore-amiga', 'image': None, 'year_end': None, 'year_start': None, 'games_count': 2083, 'image_background': 'https://media.rawg.io/media/games/cce/cce8bebe861f295003f5a9fe5b11233f.jpg'}, 'released_at': '1984-01-01', 'requirements': {}}]",[],"[{'id': 27063, 'name': 'Synapse Software', 'slug': 'synapse-software', 'games_count': 7, 'image_background': 'https://media.rawg.io/media/screenshots/7b5/7b5d23f65718fc508970819cccc7867c.jpg'}]","[{'id': 4, 'name': 'Action', 'slug': 'action', 'games_count': 186608, 'image_background': 'https://media.rawg.io/media/games/618/618c2031a07bbff6b4f611f10b6bcdbc.jpg'}]","[{'id': 2030, 'name': 'city', 'slug': 'city', 'language': 'eng', 'games_count': 9264, 'image_background': 'https://media.rawg.io/media/screenshots/c80/c80f6c86de421615f4e84a07e5dde573.jpg'}]","[{'id': 20192, 'name': 'Synapse Software', 'slug': 'synapse-software', 'games_count': 11, 'image_background': 'https://media.rawg.io/media/screenshots/7b5/7b5d23f65718fc508970819cccc7867c.jpg'}]",,,"N.Y.C. The Big Apple (also known as New York City) is an action game written by Russ Segal for the Atari 8-bit family and published by Synapse Software in 1984. Segal previously wrote Picnic Paranoia for Synapse.New York City was ported to the Commodore 64 by Greg Nelson.
As part of a ""Double Play"" promotion, New York City was sold as part of a two game combo, with Electrician on the other side of the disk.",,4.0,2.0,1.0,1.0,,,,,,,,,,,,,,,,,0.0,,
55322,adventure-construction-set,Adventure Construction Set,Adventure Construction Set,"<p>Adventure Construction Set (ACS) is a program written by Stuart Smith that is used to construct tile-based graphical adventure games. ACS was originally published by Electronic Arts (EA) in 1984 on the Commodore 64, and was later ported to the Apple II, Amiga and MS-DOS platforms. It was one of EA&#39;s biggest hits of 1985, earning an SPA &quot;Gold Disk&quot; award.<br />
ACS provided a graphical editor for the construction of maps, placement of creatures and items, and a simple menu-based scripting to control game logic. A constructed game was stored on its own disk which could be copied and shared with friends, but for some ports (such as Amiga) the ACS software was still needed to play user-constructed games.<br />
Included with the system was a complete predesigned game called Rivers of Light, which was based on The Epic of Gilgamesh. It featured art by Smith and Connie Goldman and music by Dave Warhol (Goldman and Warhol also provided art and music respectively for Racing Destruction Set). The Amiga version of ACS featured art by Greg Johnson and Avril Harrison, and an additional pre-made adventure called &quot;Galactic Agent&quot; by Ken St Andre which was exclusive to that platform.<br />
Titles influenced by ACS include The Elder Scrolls Construction Set. Project lead Todd Howard had stated, &quot;When we started Morrowind, I was really excited about making a tool like &#39;Stuart Smith&#39;s Adventure Construction Set for the Apple 2&#39;. I even used part of the name.&quot;</p>",,[],1984-06-30,False,2023-02-08T10:51:46,https://media.rawg.io/media/screenshots/f61/f61b2256f5315d4ef624e36a17876503.jpg,https://media.rawg.io/media/screenshots/e7a/e7abf81cf16832a8fd45206d5b1608d1.jpg,,0.0,0,"[{'id': 4, 'title': 'recommended', 'count': 1, 'percent': 100.0}]",6,0,8,0,0,0,0,,,,,0,0,0,0,1,248,[],,0,0,0,,1,0f0f0f,0f0f0f,"[{'platform': {'id': 1, 'name': 'PC', 'slug': 'pc'}}, {'platform': {'id': 5, 'name': 'Apple Macintosh', 'slug': 'mac'}}, {'platform': {'id': 10, 'name': 'Commodore / Amiga', 'slug': 'commodore-amiga'}}]","[{'platform': {'id': 166, 'name': 'Commodore / Amiga', 'slug': 'commodore-amiga', 'image': None, 'year_end': None, 'year_start': None, 'games_count': 2083, 'image_background': 'https://media.rawg.io/media/games/cce/cce8bebe861f295003f5a9fe5b11233f.jpg'}, 'released_at': '1984-06-30', 'requirements': {}}, {'platform': {'id': 41, 'name': 'Apple II', 'slug': 'apple-ii', 'image': None, 'year_end': None, 'year_start': None, 'games_count': 424, 'image_background': 'https://media.rawg.io/media/screenshots/3d2/3d2bb57b39e2efa39d1c385585b2ea8b.jpg'}, 'released_at': '1984-06-30', 'requirements': {}}, {'platform': {'id': 4, 'name': 'PC', 'slug': 'pc', 'image': None, 'year_end': None, 'year_start': None, 'games_count': 547196, 'image_background': 'https://media.rawg.io/media/games/6fc/6fcf4cd3b17c288821388e6085bb0fc9.jpg'}, 'released_at': '1984-06-30', 'requirements': {}}]",[],"[{'id': 27072, 'name': 'Stuart Smith', 'slug': 'stuart-smith', 'games_count': 1, 'image_background': 'https://media.rawg.io/media/screenshots/f61/f61b2256f5315d4ef624e36a17876503.jpg'}, {'id': 27073, 'name': 'Glen Tenney', 'slug': 'glen-tenney', 'games_count': 1, 'image_background': 'https://media.rawg.io/media/screenshots/f61/f61b2256f5315d4ef624e36a17876503.jpg'}, {'id': 27074, 'name': 'Fantasia Systems', 'slug': 'fantasia-systems-inc', 'games_count': 1, 'image_background': 'https://media.rawg.io/media/screenshots/f61/f61b2256f5315d4ef624e36a17876503.jpg'}]","[{'id': 3, 'name': 'Adventure', 'slug': 'adventure', 'games_count': 146481, 'image_background': 'https://media.rawg.io/media/games/b6b/b6b20bfc4b34e312dbc8aac53c95a348.jpg'}]","[{'id': 31, 'name': 'Singleplayer', 'slug': 'singleplayer', 'language': 'eng', 'games_count': 238404, 'image_background': 'https://media.rawg.io/media/games/26d/26d4437715bee60138dab4a7c8c59c92.jpg'}, {'id': 7, 'name': 'Multiplayer', 'slug': 'multiplayer', 'language': 'eng', 'games_count': 40505, 'image_background': 'https://media.rawg.io/media/games/021/021c4e21a1824d2526f925eff6324653.jpg'}]","[{'id': 354, 'name': 'Electronic Arts', 'slug': 'electronic-arts', 'games_count': 1332, 'image_background': 'https://media.rawg.io/media/games/45b/45b57ed59de4b84effd8f6bc4b7bf515.jpg'}]",,,"Adventure Construction Set (ACS) is a program written by Stuart Smith that is used to construct tile-based graphical adventure games. ACS was originally published by Electronic Arts (EA) in 1984 on the Commodore 64, and was later ported to the Apple II, Amiga and MS-DOS platforms. It was one of EA's biggest hits of 1985, earning an SPA ""Gold Disk"" award.
ACS provided a graphical editor for the construction of maps, placement of creatures and items, and a simple menu-based scripting to control game logic. A constructed game was stored on its own disk which could be copied and shared with friends, but for some ports (such as Amiga) the ACS software was still needed to play user-constructed games.
Included with the system was a complete predesigned game called Rivers of Light, which was based on The Epic of Gilgamesh. It featured art by Smith and Connie Goldman and music by Dave Warhol (Goldman and Warhol also provided art and music respectively for Racing Destruction Set). The Amiga version of ACS featured art by Greg Johnson and Avril Harrison, and an additional pre-made adventure called ""Galactic Agent"" by Ken St Andre which was exclusive to that platform.
Titles influenced by ACS include The Elder Scrolls Construction Set. Project lead Todd Howard had stated, ""When we started Morrowind, I was really excited about making a tool like 'Stuart Smith's Adventure Construction Set for the Apple 2'. I even used part of the name.""",,5.0,,,1.0,,,,,,,,,,,,,,,,,0.0,,
736288,eiyuu-densetsu-saga,Eiyuu Densetsu Saga,Eiyuu Densetsu Saga,"<p>Fearing the wrath of the dragon, the king sends a young girl to the Northern Valley as a sacrifice in hopes to appease it. The Northern Valley is unknown to most, but there is one brave man who is willing to step up and save the girl called Linda. However it is said that only a legendary weapon can slay the creature...</p>",,[],1984-08-01,False,2023-02-08T10:51:43,https://media.rawg.io/media/screenshots/984/9844a43e419ee3fd09ce83751a14566e.jpg,https://media.rawg.io/media/screenshots/484/48469d08c4a2f7b5c95494bc5aaa38fc.jpg,,0.0,0,[],5,0,4,0,0,0,0,,,,,0,0,0,0,0,158,[],,0,0,0,,0,0f0f0f,0f0f0f,"[{'platform': {'id': 1, 'name': 'PC', 'slug': 'pc'}}]","[{'platform': {'id': 4, 'name': 'PC', 'slug': 'pc', 'image': None, 'year_end': None, 'year_start': None, 'games_count': 547194, 'image_background': 'https://media.rawg.io/media/games/4be/4be6a6ad0364751a96229c56bf69be59.jpg'}, 'released_at': '1984-08-01', 'requirements': {}}]",[],[],"[{'id': 40, 'name': 'Casual', 'slug': 'casual', 'games_count': 61303, 'image_background': 'https://media.rawg.io/media/games/e44/e445335e611b4ccf03af71fffcbd30a4.jpg'}]",[],[],,,"Fearing the wrath of the dragon, the king sends a young girl to the Northern Valley as a sacrifice in hopes to appease it. The Northern Valley is unknown to most, but there is one brave man who is willing to step up and save the girl called Linda. However it is said that only a legendary weapon can slay the creature...",,2.0,,2.0,1.0,,,,,,,,,,,,,,,,,0.0,,
566465,mario-golf-1984,Mario Golf (1984),Mario Golf (1984),"<p>Mario Golf (1984) is a sports game developed by Nintendo and Hudson Soft. It came out on 01-01-1984. <br>You can play Mario Golf (1984) on NES and Game Boy. </p>

<p></p>",,[],1984-01-01,False,2021-03-03T13:15:08,https://media.rawg.io/media/screenshots/ac4/ac49435a48845b86abb9e18b7d3fca58.jpg,https://media.rawg.io/media/screenshots/d3e/d3e3f1b788875f7465ae4d59a7a54ad8.jpg,,0.0,0,[],5,0,8,0,0,0,0,,,,,0,0,0,0,0,230,[],,0,0,7,,0,0f0f0f,0f0f0f,"[{'platform': {'id': 7, 'name': 'Nintendo', 'slug': 'nintendo'}}]","[{'platform': {'id': 49, 'name': 'NES', 'slug': 'nes', 'image': None, 'year_end': None, 'year_start': None, 'games_count': 1015, 'image_background': 'https://media.rawg.io/media/games/7c5/7c50dd0415eb0a57505c58d4e50e4d24.jpg'}, 'released_at': '1984-01-01', 'requirements': {}}, {'platform': {'id': 26, 'name': 'Game Boy', 'slug': 'game-boy', 'image': None, 'year_end': None, 'year_start': None, 'games_count': 617, 'image_background': 'https://media.rawg.io/media/games/057/0573c1c9e1f2414c1f4acabe86ee9fd9.jpg'}, 'released_at': '1984-01-01', 'requirements': {}}]",[],"[{'id': 16257, 'name': 'Nintendo', 'slug': 'nintendo', 'games_count': 426, 'image_background': 'https://media.rawg.io/media/games/d9c/d9c8b7edc78391619566adfeb52b5a9a.jpg'}, {'id': 14652, 'name': 'Hudson Soft', 'slug': 'hudson-soft', 'games_count': 114, 'image_background': 'https://media.rawg.io/media/screenshots/e87/e87bd8b2b7cff248c4d1af8264d25d09.jpg'}]","[{'id': 15, 'name': 'Sports', 'slug': 'sports', 'games_count': 22123, 'image_background': 'https://media.rawg.io/media/games/5eb/5eb49eb2fa0738fdb5bacea557b1bc57.jpg'}]",[],[],,,,,3.0,,,2.0,,,,,,,,,,,,,,,,,0.0,,
751996,one-on-one-1984,One-on-One (1984),One-on-One (1984),"<p>Control either Julius Erving or Larry Bird in front of a single basket, in a game of one on one. The user can select to play either to a certain score or for a certain amount of time. When on offense, the player can rotate to keep away from his rival, take a shot from a distance or move in to the basket for special up-close slam-dunks. When on defense, you can try to take your rival&#39;s ball or jump up to block a shot. Particularly good set-ups get a slow-motion replay. You can even smash the glass on the backboard, which will send an irate janitor onto the court to clean up the mess.</p>",,[],1984-10-01,False,2023-02-08T10:51:41,https://media.rawg.io/media/screenshots/9da/9da4bb5d2e06ad7f8e3c41122260d8f2.jpg,https://media.rawg.io/media/screenshots/d03/d03c9bd4be81b5b5856fee5dc67ad37f.jpg,https://archive.org/details/msdos_One-on-One_1984,0.0,0,[],5,0,2,0,0,0,0,,,,,0,0,0,0,0,28,['One-on-One'],,0,0,0,,0,0f0f0f,0f0f0f,"[{'platform': {'id': 1, 'name': 'PC', 'slug': 'pc'}}]","[{'platform': {'id': 4, 'name': 'PC', 'slug': 'pc', 'image': None, 'year_end': None, 'year_start': None, 'games_count': 547194, 'image_background': 'https://media.rawg.io/media/games/4be/4be6a6ad0364751a96229c56bf69be59.jpg'}, 'released_at': '1984-10-01', 'requirements': {}}]",[],"[{'id': 109, 'name': 'Electronic Arts', 'slug': 'electronic-arts', 'games_count': 318, 'image_background': 'https://media.rawg.io/media/games/979/979155841412068e7adf8c83dee94a4a.jpg'}]","[{'id': 15, 'name': 'Sports', 'slug': 'sports', 'games_count': 22123, 'image_background': 'https://media.rawg.io/media/games/5eb/5eb49eb2fa0738fdb5bacea557b1bc57.jpg'}]",[],"[{'id': 354, 'name': 'Electronic Arts', 'slug': 'electronic-arts', 'games_count': 1332, 'image_background': 'https://media.rawg.io/media/games/45b/45b57ed59de4b84effd8f6bc4b7bf515.jpg'}]",,,"Control either Julius Erving or Larry Bird in front of a single basket, in a game of one on one. The user can select to play either to a certain score or for a certain amount of time. When on offense, the player can rotate to keep away from his rival, take a shot from a distance or move in to the basket for special up-close slam-dunks. When on defense, you can try to take your rival's ball or jump up to block a shot. Particularly good set-ups get a slow-motion replay. You can even smash the glass on the backboard, which will send an irate janitor onto the court to clean up the mess.",,3.0,,1.0,1.0,,,,,,,,,,,,,,,,,0.0,,
989780,gyrodine,Gyrodine,Gyrodine,"<p>Gyrodine (ジャイロダイン, Jairodain) is a top-down, vertically scrolling shooter developed by Crux and released in arcades by Taito in 1984. Ports to the Nintendo Entertainment System / Famicom and MSX followed. The player flies a helicopter that can shoot air and ground targets.</p>",,[],1984-03-13,False,2024-10-01T15:45:51,https://media.rawg.io/media/screenshots/b1b/b1bfffc99d2e06a5f86c5d154b99dbad.jpg,https://media.rawg.io/media/screenshots/2ea/2eac185ee16895e8253afda308137e79.jpg,https://nintendo.fandom.com/wiki/Gyrodine,0.0,0,"[{'id': 4, 'title': 'recommended', 'count': 1, 'percent': 100.0}]",2,0,3,0,0,0,0,,,,,0,0,0,0,1,49,[],,0,0,0,,1,0f0f0f,0f0f0f,"[{'platform': {'id': 7, 'name': 'Nintendo', 'slug': 'nintendo'}}]","[{'platform': {'id': 49, 'name': 'NES', 'slug': 'nes', 'image': None, 'year_end': None, 'year_start': None, 'games_count': 1015, 'image_background': 'https://media.rawg.io/media/games/7c5/7c50dd0415eb0a57505c58d4e50e4d24.jpg'}, 'released_at': '1984-03-13', 'requirements': {}}]",[],"[{'id': 6586, 'name': 'Taito', 'slug': 'taito', 'games_count': 158, 'image_background': 'https://media.rawg.io/media/screenshots/89d/89d33b5f76431cbbc5c8a8f89c98825d.jpeg'}]","[{'id': 2, 'name': 'Shooter', 'slug': 'shooter', 'games_count': 59560, 'image_background': 'https://media.rawg.io/media/games/d58/d588947d4286e7b5e0e12e1bea7d9844.jpg'}, {'id': 83, 'name': 'Platformer', 'slug': 'platformer', 'games_count': 100868, 'image_background': 'https://media.rawg.io/media/games/4cb/4cb855e8ef1578415a928e53c9f51867.png'}]","[{'id': 38477, 'name': 'platformers', 'slug': 'platformers', 'language': 'eng', 'games_count': 14, 'image_background': 'https://media.rawg.io/media/screenshots/49a/49a1c32c1c2e122dac0da33df5e9ae2d.jpg'}]",[],,,"Gyrodine (ジャイロダイン, Jairodain) is a top-down, vertically scrolling shooter developed by Crux and released in arcades by Taito in 1984. Ports to the Nintendo Entertainment System / Famicom and MSX followed. The player flies a helicopter that can shoot air and ground targets.",,1.0,,,1.0,,,,,,,,,,,,,,,,,0.0,,
461767,bank-panic,Bank Panic,Bank Panic,"<p>Set against the background of America&#39;s pioneer era, you as the HERO, are a quick draw artist - whose job it is to protect the customers who are depositing money at the bank.</p>",,[],1984-11-01,False,2025-02-10T12:27:54,https://media.rawg.io/media/games/41d/41dae298f0bd2724f1bcc09e117af002.jpg,,,0.0,0,[],1,0,1,0,0,0,0,,,,,0,0,0,0,0,21,[],,0,0,0,,0,0f0f0f,0f0f0f,"[{'platform': {'id': 11, 'name': 'SEGA', 'slug': 'sega'}}]","[{'platform': {'id': 74, 'name': 'SEGA Master System', 'slug': 'sega-master-system', 'image': None, 'year_end': None, 'year_start': None, 'games_count': 234, 'image_background': 'https://media.rawg.io/media/screenshots/a7f/a7f3cb62af2ee95d92065da88583338b.jpg'}, 'released_at': '1984-11-01', 'requirements': {}}]",[],"[{'id': 27592, 'name': 'Sanritsu Denki', 'slug': 'sanritsu-denki', 'games_count': 5, 'image_background': 'https://media.rawg.io/media/screenshots/c71/c71effd8895f887a6574c334f27217ce.jpg'}]","[{'id': 4, 'name': 'Action', 'slug': 'action', 'games_count': 186608, 'image_background': 'https://media.rawg.io/media/games/618/618c2031a07bbff6b4f611f10b6bcdbc.jpg'}, {'id': 2, 'name': 'Shooter', 'slug': 'shooter', 'games_count': 59560, 'image_background': 'https://media.rawg.io/media/games/d58/d588947d4286e7b5e0e12e1bea7d9844.jpg'}]",[],"[{'id': 19419, 'name': 'Bally Midway', 'slug': 'bally-midway', 'games_count': 14, 'image_background': 'https://media.rawg.io/media/screenshots/a9d/a9d6ecfce2839af25e2e74ff8821094d.jpg'}]",,,"Set against the background of America's pioneer era, you as the HERO, are a quick draw artist - whose job it is to protect the customers who are depositing money at the bank.",,1.0,,,,,,,,,,,,,,2.0,Everyone 10+,everyone-10-plus,,,,0.0,,
1000844,beast-1984,Beast (1984),Beast (1984),<p>The object is to survive through a number of levels while crushing &quot;beasts&quot; with movable blocks.</p>,,[],1984-01-01,False,2025-04-06T17:13:25,,,,0.0,0,[],0,0,0,0,0,0,0,,,,,0,0,0,0,0,0,[],,0,0,0,,0,0f0f0f,0f0f0f,"[{'platform': {'id': 1, 'name': 'PC', 'slug': 'pc'}}]","[{'platform': {'id': 4, 'name': 'PC', 'slug': 'pc', 'image': None, 'year_end': None, 'year_start': None, 'games_count': 547194, 'image_background': 'https://media.rawg.io/media/games/4be/4be6a6ad0364751a96229c56bf69be59.jpg'}, 'released_at': '1984-01-01', 'requirements': {}}]",[],[],"[{'id': 4, 'name': 'Action', 'slug': 'action', 'games_count': 186608, 'image_background': 'https://media.rawg.io/media/games/618/618c2031a07bbff6b4f611f10b6bcdbc.jpg'}]",[],[],,,"The object is to survive through a number of levels while crushing ""beasts"" with movable blocks.",,,,,,,,,,,,,,,,,,,,,,0.0,,
